,Unnamed: 0.2,Unnamed: 0.1,Unnamed: 0,Gamma0_1,Gamma0_2,Gamma0_3,Gamma0_4,Gamma0_5,Gamma0_6,Gamma0_7,Gamma0_8,Gamma0_9,Gamma0_10,Gamma1,Gamma2,Gamma3,Gamma4,Gamma5,Gamma6,Gamma7,Gamma8,Gamma9,Gamma10,eta0,eta,count,success,e1,e2,e3,e4,e5,e6,e7,e8,e9,e10,max_iter,min_iter,N,Jmax,alpha,gleak,ex,lk,rate,minGg,maxGg,minGo,maxGo,tol,optim,exfix,exval,profile,seed,Gamma,runtime,ueta,cohlength,ucohlength
0,0,0,0,0.367392478180207,0.367392478180207,0.367392478180207,0.367392478180207,0.367392478180207,0.367392478180207,0.367392478180207,0.367392478180207,0.367392478180207,0.367392478180207,1.0000366773240583,0.0156713226822314,0.2602841685938948,0.0236456821530028,0.7915950553955787,0.0870090562120868,0.5945791204059945,0.1179721827998953,0.05842705404031,0.8980805872634628,-0.0005158314499886,-0.0006150848802982,1405.0,0.0,0.5118216247002567,0.9504636963259352,0.1441596127196337,0.948649447137244,0.3118314520104854,0.4233264489725756,0.8277025938204418,0.4091991363691613,0.5495936876730595,0.0275591132430683,100000,30,10,0.1,3.0,0.1,0,9,0.001,1e-06,0.001,1e-07,1.0,1e-08,adamax,0,0.0,disordered,1,0.3624524256105315,0 days 05:32:02.756286,0.0005158591026439,1.7395112505090733,1.620507865323086
1,1,1,1,0.1692220351641035,0.1692220351641035,0.1692220351641035,0.1692220351641035,0.1692220351641035,0.1692220351641035,0.1692220351641035,0.1692220351641035,0.1692220351641035,0.1692220351641035,0.3061827762664575,0.0001053555989738,0.2366055484100188,0.5918399517158807,0.278549412713862,9.360039551572506e-06,0.1691560091377391,0.1154793945118517,0.0738200324203705,3.7087980955621446e-05,-0.0009503510814773,-0.0011507656881743,8296.0,1.0,0.7535131086748066,0.5381433132192782,0.3297317164990921,0.7884287034284043,0.303194829291645,0.4534978894806515,0.1340416972471647,0.4031129864471292,0.2034552406761496,0.2623133404418495,100000,30,10,0.1,3.0,0.1,0,9,0.001,1e-06,0.001,1e-07,1.0,1e-08,adamax,0,0.0,disordered,1,0.1694835189674897,0 days 05:32:02.756286,0.0009503515454509,1.8469722330558846,1.8098565093914853
2,2,2,2,0.367392478180207,0.367392478180207,0.367392478180207,0.367392478180207,0.367392478180207,0.367392478180207,0.367392478180207,0.367392478180207,0.367392478180207,0.367392478180207,0.5612490407279557,0.132792657032516,0.6792784357159666,0.1002800787480816,0.1557891335177248,0.2068538333638214,0.2460369403905641,0.1561359479035881,0.3088534703708805,1.0001705588803034,-0.00056582724565,-0.0006518738897838,616.0,0.0,0.7503646726300526,0.2804087579860399,0.485190974431635,0.9807371998012386,0.9616571936637868,0.7247899407735336,0.5412268555474342,0.2768912040453708,0.1606520087751268,0.9699254132161326,100000,30,10,0.1,3.0,0.1,0,9,0.001,1e-06,0.001,1e-07,1.0,1e-08,adamax,0,0.0,disordered,1,0.361588587045025,0 days 05:32:02.756286,0.0005658819330872,1.4415699685219172,1.5366567677359022
3,3,3,3,0.367392478180207,0.367392478180207,0.367392478180207,0.367392478180207,0.367392478180207,0.367392478180207,0.367392478180207,0.367392478180207,0.367392478180207,0.367392478180207,0.0418466292622145,0.5403519031930201,0.014599374324925,0.0001678844407547,1.7621674645753443e-05,0.7602126062904182,0.7985393274306208,0.097772571284173,0.0038473074841415,0.7383938761650571,-0.0005369239520134,-0.0006600506669305,7369.0,1.0,0.5160685855478787,0.1158656124707703,0.6234897555375004,0.776683114342298,0.6130033010530405,0.9172977047909028,0.0395928766642028,0.5285892632600216,0.4593358828854037,0.0623495791498756,100000,30,10,0.1,3.0,0.1,0,9,0.001,1e-06,0.001,1e-07,1.0,1e-08,adamax,0,0.0,disordered,1,0.3715829041349274,0 days 05:32:02.756286,0.0005369493369805,2.07904397384133,1.5766976455520432
4,4,4,4,0.0754667263084388,0.0754667263084388,0.0754667263084388,0.0754667263084388,0.0754667263084388,0.0754667263084388,0.0754667263084388,0.0754667263084388,0.0754667263084388,0.0754667263084388,0.0732251479030861,1.109686770233366e-06,3.251468539438802e-06,0.6581056903074068,0.1256150960930317,0.1363429896404763,0.2127534557992272,1.4765867122808637e-07,0.2996526223315563,9.99984765445246e-08,-0.0006412302492172,-0.0008744501669513,26817.0,0.0,0.641328169139375,0.8526328384806567,0.592941018104284,0.2600974477372232,0.8398815210314088,0.5094958815215094,0.510888884466533,0.7530302077021779,0.1479220357849565,0.819626719119277,100000,30,10,0.1,3.0,0.1,0,9,0.001,1e-06,0.001,1e-07,1.0,1e-08,adamax,0,0.0,disordered,1,0.0747572075880815,0 days 05:32:02.756286,0.000641236269517,2.2223919137949184,2.333923810005721
5,5,5,5,0.3557150206821381,0.3557150206821381,0.3557150206821381,0.3557150206821381,0.3557150206821381,0.3557150206821381,0.3557150206821381,0.3557150206821381,0.3557150206821381,0.3557150206821381,0.2556351843902295,9.99591374183241e-08,3.971813330241597e-07,2.3686305368004173e-07,0.5625590631882958,0.9855308839033878,2.4981162334317583e-06,0.0099735603401578,1.8164762937704025e-06,0.7294146976173642,-0.0005408915270313,-0.0007947618263872,9483.0,0.0,0.6832869060032571,0.787096941554801,0.1916162590201352,0.80236416113453,0.1913239260572002,0.0815526173635127,0.8552269742870702,0.8612834961776684,0.8765370964165805,0.4719097193587902,100000,30,10,0.1,3.0,0.1,0,9,0.001,1e-06,0.001,1e-07,1.0,1e-08,adamax,0,0.0,disordered,1,0.3614635989952228,0 days 05:32:02.756286,0.0005409356347602,3.1023871100307883,1.6842849182118416
6,6,6,6,0.2747120789270809,0.2747120789270809,0.2747120789270809,0.2747120789270809,0.2747120789270809,0.2747120789270809,0.2747120789270809,0.2747120789270809,0.2747120789270809,0.2747120789270809,0.0935173672517351,0.8169139406854882,0.2230951214024334,1.858823475496253e-05,0.7117615662141206,0.0509467523960036,0.1258316457300401,0.4797281377987027,4.862072290027692e-05,0.1537256953224649,-0.0007437480958795,-0.0008470073327671,8621.0,1.0,0.2740483886137183,0.0070918286031662,0.6457208955749478,0.719909383508693,0.8355692165002742,0.2818778273645421,0.2152181671629736,0.6393313800665879,0.8050548331450097,0.9636708728449708,100000,30,10,0.1,3.0,0.1,0,9,0.001,1e-06,0.001,1e-07,1.0,1e-08,adamax,0,0.0,disordered,1,0.2715702879170966,0 days 05:32:02.756286,0.0007437856866607,1.7276812004231537,1.618183983454665
7,7,7,7,0.1638433645577982,0.1638433645577982,0.1638433645577982,0.1638433645577982,0.1638433645577982,0.1638433645577982,0.1638433645577982,0.1638433645577982,0.1638433645577982,0.1638433645577982,0.7297560593604685,0.000315951328589,0.8319910759998238,0.1270128671015583,1.2310603724523072e-05,0.3278273132018193,3.728051442157578e-05,0.2751933780403908,8.802773980269205e-06,5.223894023495261e-06,-0.0007541568385935,-0.0011186146216581,8990.0,1.0,0.1505248304211774,0.4822123881993365,0.8947158621961735,0.4227169069454373,0.5895020620840481,0.0244906774933632,0.6734598871529389,0.9190886196338224,0.8268253295567211,0.8855202667099468,100000,30,10,0.1,3.0,0.1,0,9,0.001,1e-06,0.001,1e-07,1.0,1e-08,adamax,0,0.0,disordered,1,0.1651069932729508,0 days 05:32:02.756286,0.0007541636851274,1.9852258384431845,1.8103625770748195
8,8,8,8,0.2659804395593755,0.2659804395593755,0.2659804395593755,0.2659804395593755,0.2659804395593755,0.2659804395593755,0.2659804395593755,0.2659804395593755,0.2659804395593755,0.2659804395593755,0.097813386804277,0.5490717276701792,0.0878849676584465,0.5985919861042565,9.996101218543725e-08,2.549967212728923e-07,9.563369557749282e-07,0.8741888087162012,0.1224938429266286,1.5166548329718013e-05,-0.0004969276328262,-0.0008222258660178,9225.0,0.0,0.6603553805205233,0.2455522672431775,0.7685169988962544,0.2116747426075105,0.8312748346644612,0.0627179225707682,0.8254878133935558,0.1645072664741013,0.3751469964966418,0.3167381665569643,100000,30,10,0.1,3.0,0.1,0,9,0.001,1e-06,0.001,1e-07,1.0,1e-08,adamax,0,0.0,disordered,1,0.2648871708388781,0 days 05:32:02.756286,0.0004969286717734,1.9783527604731423,1.7576470134672944
9,9,9,9,0.2054117348353062,0.2054117348353062,0.2054117348353062,0.2054117348353062,0.2054117348353062,0.2054117348353062,0.2054117348353062,0.2054117348353062,0.2054117348353062,0.2054117348353062,0.6610022183897442,0.21329335092377,7.434865852920686e-06,0.2123787430948052,0.0001281840812214,0.0545007441963983,0.6642507751481969,0.1001637815772636,0.2034473793888052,2.2164889215296604e-05,-0.0007851792353216,-0.0009087436700973,7916.0,1.0,0.6913370352777413,0.1785718781743719,0.3962561622169864,0.0058245951079809,0.2624947127501015,0.4211888142289552,0.1059212367073244,0.6331599460365578,0.3804242698865323,0.7252939380762389,100000,30,10,0.1,3.0,0.1,0,9,0.001,1e-06,0.001,1e-07,1.0,1e-08,adamax,0,0.0,disordered,1,0.2043471134640756,0 days 05:32:02.756286,0.0007851840025528,2.101383222026899,1.8266430311687984
10,10,10,10,0.4913407286296357,0.4913407286296357,0.4913407286296357,0.4913407286296357,0.4913407286296357,0.4913407286296357,0.4913407286296357,0.4913407286296357,0.4913407286296357,0.4913407286296357,0.1429076490357666,0.4883495928800795,0.1413528252177051,0.1343087036735651,0.2443463479448428,0.3261746581728221,0.1372466515386076,0.4440614715165399,1.0000112835689647,0.4825510964588688,-0.0004336179401361,-0.0004893456086601,939.0,0.0,0.6538660110683944,0.4312267487774062,0.8673205056421992,0.632135117500167,0.8102743521062991,0.341794723940113,0.5436692896684556,0.1962968851147534,0.996141190118628,0.2432154643063271,100000,30,10,0.1,3.0,0.1,0,9,0.001,1e-06,0.001,1e-07,1.0,1e-08,adamax,0,0.0,disordered,1,0.489885409866375,0 days 05:32:02.756286,0.0004336192360905,1.6649208086613574,1.5467224142086722
11,11,11,11,0.2337423870891812,0.2337423870891812,0.2337423870891812,0.2337423870891812,0.2337423870891812,0.2337423870891812,0.2337423870891812,0.2337423870891812,0.2337423870891812,0.2337423870891812,0.21673995598744,5.737598646563582e-05,0.7972148107509462,0.0020635958284043,0.2640661583148593,0.5141219275288471,0.086244583777785,5.403261261960488e-05,0.2537269503021296,1.861301598359414e-05,-0.0007979068358108,-0.0009034656961959,8071.0,1.0,0.2568674672271027,0.0731900723909659,0.2578031189967366,0.7631285325440532,0.6978935706830813,0.1286732123171694,0.3762385014280942,0.4209213946174629,0.6649842463619607,0.4559289630437488,100000,30,10,0.1,3.0,0.1,0,9,0.001,1e-06,0.001,1e-07,1.0,1e-08,adamax,0,0.0,disordered,1,0.2374727904536215,0 days 05:32:02.756286,0.000797973519601,1.7724635364883052,1.6598447595005266
12,12,12,12,0.0977192128371799,0.0977192128371799,0.0977192128371799,0.0977192128371799,0.0977192128371799,0.0977192128371799,0.0977192128371799,0.0977192128371799,0.0977192128371799,0.0977192128371799,0.5344819967835048,6.701507619849422e-06,0.554443762935482,7.349771205597381e-06,1.1348881071293905e-05,0.0821193004684339,0.1047525532245849,7.949536563827007e-05,2.1653423679013884e-05,6.69964165267289e-06,-0.0015363050560158,-0.0019566906539208,9225.0,1.0,0.5865183268255314,0.8396846036089424,0.7264736103123705,0.3650072635085589,0.4483963093444842,0.3676995696900066,0.1097346640066967,0.2032415440873966,0.2838064889441311,0.3141338956023022,100000,30,10,0.1,3.0,0.1,0,9,0.001,1e-06,0.001,1e-07,1.0,1e-08,adamax,0,0.0,disordered,1,0.0987211465440073,0 days 05:32:02.756286,0.0015363441111057,2.214880916544424,1.9187523621538858
13,13,13,13,0.1638433645577982,0.1638433645577982,0.1638433645577982,0.1638433645577982,0.1638433645577982,0.1638433645577982,0.1638433645577982,0.1638433645577982,0.1638433645577982,0.1638433645577982,0.1526570034439754,0.4705885860004949,0.2828527427449323,7.284460151665537e-06,7.552980747465391e-06,2.6246811747336737e-05,0.2433945613600309,0.03446688280507,0.3734450607717687,1.1864189839128596e-05,-0.0010478169674847,-0.0012267469445212,8513.0,1.0,0.3130478588199377,0.576699716252952,0.9716899756197548,0.774664134923732,0.7911339481728052,0.75926850053958,0.5969877305237564,0.9176922571709129,0.689630155447081,0.500356430736871,100000,30,10,0.1,3.0,0.1,0,9,0.001,1e-06,0.001,1e-07,1.0,1e-08,adamax,0,0.0,disordered,1,0.1648382032808469,0 days 05:32:02.756286,0.001047827833941,1.987577289103312,1.6534590027989409
14,14,14,14,0.2493409369951876,0.2493409369951876,0.2493409369951876,0.2493409369951876,0.2493409369951876,0.2493409369951876,0.2493409369951876,0.2493409369951876,0.2493409369951876,0.2493409369951876,0.3546745480369195,0.4792557231458849,0.0202913644263266,0.0307438477457593,0.6764331329870974,3.4565016392733583e-06,0.0299005012914808,4.5862814516640605e-06,0.4464476525512478,0.2608509327456926,-0.0006690617775897,-0.0008716493851467,8899.0,1.0,0.0770838085005387,0.4884492270855238,0.2128309953403343,0.1326962975467872,0.506064922529373,0.785085292596959,0.2950064428055194,0.7687717599091665,0.5256295231622541,0.1490480233707125,100000,30,10,0.1,3.0,0.1,0,9,0.001,1e-06,0.001,1e-07,1.0,1e-08,adamax,0,0.0,disordered,1,0.2516634910902666,0 days 05:32:02.756286,0.0006690754591662,1.7582657823467391,1.5986368402487101
15,15,15,15,0.3557150206821381,0.3557150206821381,0.3557150206821381,0.3557150206821381,0.3557150206821381,0.3557150206821381,0.3557150206821381,0.3557150206821381,0.3557150206821381,0.3557150206821381,0.4710254136984895,0.1972803595511292,0.8360226640845315,7.078358952767644e-07,0.808924831179396,0.3262619712960284,0.4058101185281719,6.086134307234745e-06,0.1767832909040832,0.7792180626658367,-0.0005197031455941,-0.0005685558288448,100000.0,0.0,0.9649677439797356,0.4016362238885175,0.2952342556626958,0.8469983706337296,0.1244603325154798,0.7335904610737034,0.1878247425654683,0.3924917760125824,0.2318998784621384,0.8412279926923869,100000,30,10,0.1,3.0,0.1,0,9,0.001,1e-06,0.001,1e-07,1.0,1e-08,adamax,0,0.0,disordered,1,0.3590773248361979,0 days 05:32:02.756286,0.000519715881535,1.7228615636553117,1.6960856297629665
16,16,16,16,0.293044697697214,0.293044697697214,0.293044697697214,0.293044697697214,0.293044697697214,0.293044697697214,0.293044697697214,0.293044697697214,0.293044697697214,0.293044697697214,0.6031248653902819,0.603594834836179,1.7910079627674988e-05,2.693080952885782e-05,0.3108231767935297,4.462402976122107e-05,0.7490043525562493,5.070879241059688e-06,0.2999745577348436,4.386723215140544e-06,-0.0004965755133816,-0.0007482350003034,8799.0,1.0,0.3900745519398617,0.9746928128822892,0.6252614844151068,0.6936228347029152,0.5215251221324175,0.3089681990755911,0.3955564210524287,0.9409341876619016,0.2012032007246644,0.9882189012202124,100000,30,10,0.1,3.0,0.1,0,9,0.001,1e-06,0.001,1e-07,1.0,1e-08,adamax,0,0.0,disordered,1,0.292610541685339,0 days 05:32:02.756286,0.000496575559387,1.8034320855604362,1.6043225428174208
17,17,17,17,0.4047756965997316,0.4047756965997316,0.4047756965997316,0.4047756965997316,0.4047756965997316,0.4047756965997316,0.4047756965997316,0.4047756965997316,0.4047756965997316,0.4047756965997316,0.0498572081635913,0.1815928011615237,0.2032365317266598,0.0892376416976982,0.3867538518805209,0.020876056361078,0.186690836252157,0.023262391109647,1.000024357196177,0.3826631636049286,-0.0005023893977252,-0.0006408050298577,1305.0,0.0,0.7583058620038184,0.3597869264926102,0.6415135895056033,0.3809815392930875,0.38149293263992,0.5038029501945296,0.016722821635377,0.4935715599433962,0.971598413446888,0.2854652287855784,100000,30,10,0.1,3.0,0.1,0,9,0.001,1e-06,0.001,1e-07,1.0,1e-08,adamax,0,0.0,disordered,1,0.4008160858400709,0 days 05:32:02.756286,0.0005024062002605,1.9268856995299666,1.5649125906729247
18,18,18,18,0.4757236139187883,0.4757236139187883,0.4757236139187883,0.4757236139187883,0.4757236139187883,0.4757236139187883,0.4757236139187883,0.4757236139187883,0.4757236139187883,0.4757236139187883,0.2733517162916971,0.2193207091585127,0.2663008790249094,1.000264228250467,0.4207651590159175,0.7783210099620432,0.2551072834602367,0.7814839594716096,0.1920929495968966,0.2463496327261764,-0.0004186663830984,-0.0004564752981078,493.0,0.0,0.7482179590766121,0.442788890070495,0.2092810426177854,0.9050025708181296,0.0168272846802129,0.3035089265995107,0.9990258823239376,0.2621467961899895,0.849044521859272,0.6056831486557043,100000,30,10,0.1,3.0,0.1,0,9,0.001,1e-06,0.001,1e-07,1.0,1e-08,adamax,0,0.0,disordered,1,0.4787874842773966,0 days 05:32:02.756286,0.0004186720704953,1.6898586398487703,1.6716047773748484
19,19,19,19,0.2414157116103016,0.2414157116103016,0.2414157116103016,0.2414157116103016,0.2414157116103016,0.2414157116103016,0.2414157116103016,0.2414157116103016,0.2414157116103016,0.2414157116103016,0.242659363947972,5.146441556887596e-05,0.2513518965048523,0.4256689057147621,0.7579437146113733,0.0001407013160167,1.6993317967690465e-05,0.2018706613210288,0.1535902719850708,1.2906347633052102e-05,-0.000764654936147,-0.0009493632588209,8372.0,1.0,0.8060357075271236,0.6303177554434782,0.3626968570578484,0.7607887845834825,0.0264845489039723,0.4468129517344519,0.371854569870106,0.4770740056373495,0.1276206864960696,0.2225068659462724,100000,30,10,0.1,3.0,0.1,0,9,0.001,1e-06,0.001,1e-07,1.0,1e-08,adamax,0,0.0,disordered,1,0.2428061468391493,0 days 05:32:02.756286,0.0007646637554334,1.8393651228422003,1.717025975022369
20,20,20,20,0.2837303616516209,0.2837303616516209,0.2837303616516209,0.2837303616516209,0.2837303616516209,0.2837303616516209,0.2837303616516209,0.2837303616516209,0.2837303616516209,0.2837303616516209,0.1208043743750501,0.4985930113620049,0.0499676333179699,0.0656689700417725,0.423605474835793,0.0172240293472703,0.0448790424672404,0.4163252685937002,0.0282080551373469,1.0000568040698747,-0.0006497413087816,-0.0007861414173814,1985.0,0.0,0.5620515900997094,0.3877691156559539,0.7916562055903406,0.6051365892775145,0.8612666847869941,0.7323608373256045,0.601823447758565,0.2876156021959957,0.7827604679261685,0.2512675781710818,100000,30,10,0.1,3.0,0.1,0,9,0.001,1e-06,0.001,1e-07,1.0,1e-08,adamax,0,0.0,disordered,1,0.2823227335829493,0 days 05:32:02.756286,0.0006497458712431,2.0985325566309316,1.5549521132278166
21,21,21,21,0.31260072430687,0.31260072430687,0.31260072430687,0.31260072430687,0.31260072430687,0.31260072430687,0.31260072430687,0.31260072430687,0.31260072430687,0.31260072430687,1.0010537085385114,0.5430658094213822,0.1423070433652829,0.2074755758568717,0.0868163517296006,0.0828314573775841,0.6144455234355918,0.5688056709976158,0.0656735246831932,0.1122547731089849,-0.0006392756001614,-0.0007292298379449,718.0,0.0,0.0752111118144044,0.9628645784432278,0.5400112050964692,0.7738942975498113,0.5292228076303601,0.6115797303718215,0.0338922505165062,0.1867936793538085,0.6746893954347775,0.5705645979524983,100000,30,10,0.1,3.0,0.1,0,9,0.001,1e-06,0.001,1e-07,1.0,1e-08,adamax,0,0.0,disordered,1,0.3149611672045497,0 days 05:32:02.756286,0.0006392886172703,1.9477351290588705,1.576076385348376
22,22,22,22,0.31260072430687,0.31260072430687,0.31260072430687,0.31260072430687,0.31260072430687,0.31260072430687,0.31260072430687,0.31260072430687,0.31260072430687,0.31260072430687,0.590230074279056,0.9798435105673812,0.5747431445732881,6.985596441065221e-05,0.4859827775556619,0.5142040097806645,0.2931540000376294,1.284904572116449e-05,1.862836511203149e-05,9.385560869872e-06,-0.0006510689253313,-0.000874907079593,8668.0,1.0,0.1585550339867126,0.9520292687261848,0.1543536325474043,0.5103032497386853,0.1440028750192576,0.7173717261062347,0.2763130140951527,0.1341339751217832,0.0459871806705156,0.1748355378976236,100000,30,10,0.1,3.0,0.1,0,9,0.001,1e-06,0.001,1e-07,1.0,1e-08,adamax,0,0.0,disordered,1,0.3096132624954369,0 days 05:32:02.756286,0.0006510910878886,1.5998857997900513,1.5821399301144243
23,23,23,23,0.4180637241455752,0.4180637241455752,0.4180637241455752,0.4180637241455752,0.4180637241455752,0.4180637241455752,0.4180637241455752,0.4180637241455752,0.4180637241455752,0.4180637241455752,0.5624110899120723,0.1844976706323356,0.5286183973157311,0.2103371704931693,0.1671031931259043,0.1620976952356369,0.1737922600292895,0.1612787560355356,0.5023282576248932,1.0010080461726725,-0.00050262322911,-0.0006468970015749,423.0,0.0,0.1917987167235664,0.5369720795717926,0.4510388861713912,0.9572943672535372,0.9541513368666424,0.7965461104684304,0.6715876339807033,0.8450230915683464,0.9387518284798846,0.0226177288870027,100000,30,10,0.1,3.0,0.1,0,9,0.001,1e-06,0.001,1e-07,1.0,1e-08,adamax,0,0.0,disordered,1,0.4143235495473667,0 days 05:32:02.756286,0.0005026382919182,1.4589370529269436,1.4172926370881387
24,24,24,24,0.293044697697214,0.293044697697214,0.293044697697214,0.293044697697214,0.293044697697214,0.293044697697214,0.293044697697214,0.293044697697214,0.293044697697214,0.293044697697214,0.3655962532156168,3.579815546226459e-06,0.2450862894830167,0.700703155801125,1.8230337526311374e-07,9.999926235668973e-08,1.409190188150977e-07,0.5660955504921187,0.3751317378952468,1.5300397155292089e-07,-0.0006910275986949,-0.0008646309004755,98891.0,0.0,0.1181052271508587,0.3602638846836431,0.0935868530425997,0.5995244730532772,0.2603642223481086,0.2643397291323255,0.2883279886478656,0.09771565758439,0.7409444532381589,0.6506724295996501,100000,30,10,0.1,3.0,0.1,0,9,0.001,1e-06,0.001,1e-07,1.0,1e-08,adamax,0,0.0,disordered,1,0.2952069674280415,0 days 05:32:02.756286,0.0006910424767884,1.9570940484678558,1.5883458196321856
25,25,25,25,0.2121550171362449,0.2121550171362449,0.2121550171362449,0.2121550171362449,0.2121550171362449,0.2121550171362449,0.2121550171362449,0.2121550171362449,0.2121550171362449,0.2121550171362449,0.2870627141687416,0.6074600943182336,1.020451579043454e-06,0.7533219174151943,4.300688706031764e-07,0.3140578921261563,0.0845302421503812,0.0142646952961505,0.2013708268555204,0.0323960703690091,-0.0008727204891565,-0.0009608774380911,100000.0,0.0,0.6065080906412624,0.0340455822777754,0.4294641446388775,0.6852035898998426,0.1563466499035863,0.3856578446575508,0.0198341454699368,0.081857997077242,0.2164535799990539,0.4146501611412486,100000,30,10,0.1,3.0,0.1,0,9,0.001,1e-06,0.001,1e-07,1.0,1e-08,adamax,0,0.0,disordered,1,0.2104672411071521,0 days 05:32:02.756286,0.0008727376914296,1.903694643935526,1.7519378305583038
26,26,26,26,0.5241298302206053,0.5241298302206053,0.5241298302206053,0.5241298302206053,0.5241298302206053,0.5241298302206053,0.5241298302206053,0.5241298302206053,0.5241298302206053,0.5241298302206053,0.3453350620203594,0.6697483864691827,0.3196510413356661,0.4472850892009103,1.0010144124449638,0.2722320065799507,0.6778478702035792,0.5668879081716716,0.3239331627464392,0.4180487895589272,-0.0004137523127057,-0.0004358240227775,296.0,0.0,0.4632400362873798,0.884521531618113,0.3166584421740133,0.0214638762771913,0.8262233467711652,0.0618469353735727,0.0929919926622283,0.963181716739735,0.7533654181283584,0.337854202779255,100000,30,10,0.1,3.0,0.1,0,9,0.001,1e-06,0.001,1e-07,1.0,1e-08,adamax,0,0.0,disordered,1,0.5215149987820417,0 days 05:32:02.756286,0.0004137571776409,1.5929247615424094,1.6157066090661425
27,27,27,27,0.4180637241455752,0.4180637241455752,0.4180637241455752,0.4180637241455752,0.4180637241455752,0.4180637241455752,0.4180637241455752,0.4180637241455752,0.4180637241455752,0.4180637241455752,0.5623852438392113,0.0183761756434942,0.0080972360271787,1.000006318009288,0.0210632466189479,0.9242475998317348,0.3994427035006063,0.737984318402665,0.0342446965989978,0.0198857692572864,-0.0005084135994028,-0.0005709651459728,2184.0,0.0,0.1321788416191956,0.3867305731718615,0.3391948927801735,0.8744412014424732,0.41875301731404,0.082045006015622,0.9268052023585862,0.6223133637152601,0.1167098567810022,0.1131741600464223,100000,30,10,0.1,3.0,0.1,0,9,0.001,1e-06,0.001,1e-07,1.0,1e-08,adamax,0,0.0,disordered,1,0.4124283406372728,0 days 05:32:02.756286,0.0005084521278759,1.6867241710179495,1.5742253998808438
28,28,28,28,0.1586356533508588,0.1586356533508588,0.1586356533508588,0.1586356533508588,0.1586356533508588,0.1586356533508588,0.1586356533508588,0.1586356533508588,0.1586356533508588,0.1586356533508588,0.0524509940595223,0.6821920716163453,0.0702098353959679,0.059954473205959,1.0005201667723662,0.0243517066480496,0.0521450352294044,0.2405604798120888,0.0401871815776892,0.0280885516313958,-0.0007947286378437,-0.0010353171557647,934.0,0.0,0.4659332411642642,0.0920889656891161,0.6317521922027585,0.6163837910949103,0.0320813486181537,0.8074227810412945,0.7867947609394985,0.9153082686153085,0.6703066467384771,0.6928622323352233,100000,30,10,0.1,3.0,0.1,0,9,0.001,1e-06,0.001,1e-07,1.0,1e-08,adamax,0,0.0,disordered,1,0.158812190621883,0 days 05:32:02.756286,0.0007947288412666,2.3483631049574587,1.953598422709642
29,29,29,29,0.4317879727332017,0.4317879727332017,0.4317879727332017,0.4317879727332017,0.4317879727332017,0.4317879727332017,0.4317879727332017,0.4317879727332017,0.4317879727332017,0.4317879727332017,0.124107942436419,0.1071484740602675,1.0003967121281083,0.3360410771899622,0.1772037784842964,0.2180026980127512,0.5449881979522586,0.8606745377590433,0.1316964104448685,0.1058255920572899,-0.0004862885193873,-0.0005351899800467,774.0,0.0,0.1637416544531679,0.0238888139788117,0.0655631524184199,0.9644613401603572,0.6457213655596336,0.9469066664934074,0.3493843588720956,0.755221576661414,0.0653989653616667,0.1662051655929711,100000,30,10,0.1,3.0,0.1,0,9,0.001,1e-06,0.001,1e-07,1.0,1e-08,adamax,0,0.0,disordered,1,0.4318615551314043,0 days 05:32:02.756286,0.0004862885453433,1.6064574072461775,1.5370393284864834
30,30,30,30,0.4047756965997316,0.4047756965997316,0.4047756965997316,0.4047756965997316,0.4047756965997316,0.4047756965997316,0.4047756965997316,0.4047756965997316,0.4047756965997316,0.4047756965997316,0.4340739551357468,0.1537065552872427,0.1331404783809156,0.1310723014263421,0.1482997373328051,0.1918882392837446,0.4711082608887886,0.291875435139902,0.382912795687278,1.000495658579376,-0.0005021952483661,-0.0005801075025932,540.0,0.0,0.27713333487199,0.5503182517007417,0.55740888009091,0.4989864523070149,0.4244635846320775,0.5757051603390986,0.9666623953878384,0.4580795604861192,0.8374714217984048,0.0558719650318711,100000,30,10,0.1,3.0,0.1,0,9,0.001,1e-06,0.001,1e-07,1.0,1e-08,adamax,0,0.0,disordered,1,0.4027480671680969,0 days 05:32:02.756286,0.0005022000019262,1.4972014650195107,1.4761367378567658
31,31,31,31,0.31260072430687,0.31260072430687,0.31260072430687,0.31260072430687,0.31260072430687,0.31260072430687,0.31260072430687,0.31260072430687,0.31260072430687,0.31260072430687,0.4275277885091784,2.52494173469697e-05,0.1320748785209643,0.2421131721324496,0.0903214885476277,0.7703704903088726,2.409780994157016e-05,0.678551825582289,0.06315006519497,3.997368819211293e-05,-0.0006749459061792,-0.0007775053948432,8059.0,1.0,0.3855872572300576,0.5604964436423991,0.6203205556549372,0.2500183399320113,0.3992910134865952,0.94700616873569,0.648850754011949,0.5849662484122946,0.0652987105198409,0.0521762576431477,100000,30,10,0.1,3.0,0.1,0,9,0.001,1e-06,0.001,1e-07,1.0,1e-08,adamax,0,0.0,disordered,1,0.3103385984561005,0 days 05:32:02.756286,0.0006749609796347,1.7233748703002203,1.501555942296724
32,32,32,32,0.4317879727332017,0.4317879727332017,0.4317879727332017,0.4317879727332017,0.4317879727332017,0.4317879727332017,0.4317879727332017,0.4317879727332017,0.4317879727332017,0.4317879727332017,0.1596956117732589,0.5180900091943389,1.0005248905339883,0.6064856661890511,0.2006551597484565,0.2206618853115663,0.903159973305786,0.1606892280825276,0.1625070309228941,0.1643698971049511,-0.0005003152301775,-0.0006127850244181,433.0,0.0,0.2113984478320646,0.137822775848633,0.9837499292732876,0.0027471476026641,0.3658435291805171,0.0584224496238016,0.6400105583176766,0.0465332020748591,0.0684096355417223,0.0799425056081188,100000,30,10,0.1,3.0,0.1,0,9,0.001,1e-06,0.001,1e-07,1.0,1e-08,adamax,0,0.0,disordered,1,0.4310371690354942,0 days 05:32:02.756286,0.000500315767754,1.709986485514608,1.6206699831394205
33,33,33,33,0.2191196687578146,0.2191196687578146,0.2191196687578146,0.2191196687578146,0.2191196687578146,0.2191196687578146,0.2191196687578146,0.2191196687578146,0.2191196687578146,0.2191196687578146,0.4599260017678367,0.231751864656416,0.0897305762756529,0.5074181501804681,0.6366719373994872,3.722361894120695e-06,6.307230257787713e-06,0.455462993841405,4.376664790592687e-06,2.7699263981256453e-06,-0.0005961443496869,-0.0009666918197466,9029.0,1.0,0.2717851313028795,0.5763580679966506,0.8054486176308537,0.2671915845012608,0.2831710565694664,0.824482143951937,0.7459483801763226,0.1268147483573346,0.8063489347063569,0.8312511086352812,100000,30,10,0.1,3.0,0.1,0,9,0.001,1e-06,0.001,1e-07,1.0,1e-08,adamax,0,0.0,disordered,1,0.2207844253641643,0 days 05:32:02.756286,0.0005961472806328,2.4846090718221046,1.8450172591516638
34,34,34,34,0.1805148879221106,0.1805148879221106,0.1805148879221106,0.1805148879221106,0.1805148879221106,0.1805148879221106,0.1805148879221106,0.1805148879221106,0.1805148879221106,0.1805148879221106,0.2328410233416728,0.692630384717969,2.392327247243084e-05,0.1961720280682815,0.1624804215793873,1.82815169830946e-05,2.3565514717168453e-05,2.6041788015584555e-05,0.508236695174543,0.211064921203615,-0.0008524384474195,-0.0010564351292449,8369.0,1.0,0.1778257835671058,0.6269479985725536,0.1967436218212379,0.2434927120280825,0.494005755328642,0.5222200279508085,0.4790335153981873,0.5411410533042087,0.2131646764254524,0.7785803681279121,100000,30,10,0.1,3.0,0.1,0,9,0.001,1e-06,0.001,1e-07,1.0,1e-08,adamax,0,0.0,disordered,1,0.1802459640326606,0 days 05:32:02.756286,0.0008524391290622,1.6485383613764917,1.7331506527912601
35,35,35,35,0.2575263326771198,0.2575263326771198,0.2575263326771198,0.2575263326771198,0.2575263326771198,0.2575263326771198,0.2575263326771198,0.2575263326771198,0.2575263326771198,0.2575263326771198,0.3794462804102336,1.000039145623485,0.0026848053250641,0.0039917193168213,0.0124630855737529,0.0024692449181748,0.011315887815506,0.1353916485948701,0.2110365626800516,0.6476587252714638,-0.0007528714026454,-0.0009921269257495,2162.0,0.0,0.2778484120286083,0.9126832897191104,0.5151553035895896,0.3036840529445848,0.1743839025083001,0.4852039624160302,0.3762973001513523,0.6230937907219327,0.4984595826229498,0.0369596980006967,100000,30,10,0.1,3.0,0.1,0,9,0.001,1e-06,0.001,1e-07,1.0,1e-08,adamax,0,0.0,disordered,1,0.2555725161651398,0 days 05:32:02.756286,0.0007528860219573,2.3253485648106555,1.5129317500402313
36,36,36,36,0.1306870229743345,0.1306870229743345,0.1306870229743345,0.1306870229743345,0.1306870229743345,0.1306870229743345,0.1306870229743345,0.1306870229743345,0.1306870229743345,0.1306870229743345,7.353502602392244e-06,0.2354991227708517,5.5660441323917885e-06,0.1805214118254678,0.0398842124942604,0.3350025407034657,0.4257770248920186,1.2665463868053032e-05,3.1089987036192444e-05,0.1996383500950127,-0.00091119942988,-0.0011721080458898,8302.0,1.0,0.8330947688085336,0.0516739391193959,0.8275951638592104,0.8127496434167762,0.9239831252875618,0.6644010411515328,0.1606236341053505,0.4419294114540377,0.4394326601704705,0.6323329864819148,100000,30,10,0.1,3.0,0.1,0,9,0.001,1e-06,0.001,1e-07,1.0,1e-08,adamax,0,0.0,disordered,1,0.1306802860755488,0 days 05:32:02.756286,0.0009111994272928,2.1286355589556907,1.9371661106371185
37,37,37,37,0.3557150206821381,0.3557150206821381,0.3557150206821381,0.3557150206821381,0.3557150206821381,0.3557150206821381,0.3557150206821381,0.3557150206821381,0.3557150206821381,0.3557150206821381,0.158892069434618,0.5250775315325199,0.1321561497317862,0.076629168037622,5.846144269753811e-05,2.0896274761320105e-05,0.833255558193446,0.5431035254869333,0.0307169625632759,0.00010874793354,-0.0005919645929117,-0.0007661836063739,7933.0,1.0,0.3811375324040436,0.6756780879691183,0.2039073800978377,0.3533507781465587,0.5433134112873544,0.427651051214449,0.1225256507690002,0.9658281207625043,0.6912954021364714,0.8330350777910258,100000,30,10,0.1,3.0,0.1,0,9,0.001,1e-06,0.001,1e-07,1.0,1e-08,adamax,0,0.0,disordered,1,0.3532982482312763,0 days 05:32:02.756286,0.0005919756057948,1.9581474625404323,1.605052767637012
38,38,38,38,0.3026648059395688,0.3026648059395688,0.3026648059395688,0.3026648059395688,0.3026648059395688,0.3026648059395688,0.3026648059395688,0.3026648059395688,0.3026648059395688,0.3026648059395688,1.000677652953253,0.1227952662978567,0.0937719529915111,0.5799729630108057,0.5656291271534034,0.0847072159116695,0.0936021971327753,0.3259555811641326,0.2176963647110336,0.1169389348213729,-0.0006778419776715,-0.0007954866465878,595.0,0.0,0.3574607462891465,0.9448959101690874,0.8124471005528425,0.979506245587886,0.1973942523898054,0.4771694766007426,0.3858489940723694,0.613894995603037,0.2502197336679601,0.1004722897506863,100000,30,10,0.1,3.0,0.1,0,9,0.001,1e-06,0.001,1e-07,1.0,1e-08,adamax,0,0.0,disordered,1,0.3025461196497772,0 days 05:32:02.756286,0.0006778420291115,1.5246629010456092,1.5193940739764638
39,39,39,39,0.31260072430687,0.31260072430687,0.31260072430687,0.31260072430687,0.31260072430687,0.31260072430687,0.31260072430687,0.31260072430687,0.31260072430687,0.31260072430687,0.1537693950402611,0.0945606344834069,0.1964465642022884,1.0002222443889512,0.0931149771383675,0.1320388366165333,0.6781176042045386,0.1914528789403541,0.0909635508271927,0.0648893587780919,-0.0006610047156126,-0.0007780931948118,877.0,0.0,0.4766165868289146,0.6394719365196334,0.3840154184913098,0.9874393427162872,0.4059887721488981,0.299815542437813,0.8138978250995115,0.466689803032796,0.2732167826992071,0.2864910244716064,100000,30,10,0.1,3.0,0.1,0,9,0.001,1e-06,0.001,1e-07,1.0,1e-08,adamax,0,0.0,disordered,1,0.3109624242963952,0 days 05:32:02.756286,0.000661011960517,1.648940548176131,1.6088365148717072
40,40,40,40,0.1805148879221106,0.1805148879221106,0.1805148879221106,0.1805148879221106,0.1805148879221106,0.1805148879221106,0.1805148879221106,0.1805148879221106,0.1805148879221106,0.1805148879221106,2.494198547369586e-05,0.496617965558398,8.385903378524222e-06,0.3375497296729957,0.2077924095169228,0.4634748263930356,1.3591499146310689e-05,0.1564503082816109,1.2024811521444156e-05,4.949679330261942e-05,-0.0009275772968846,-0.0010860296995373,8753.0,1.0,0.9471557892442384,0.961736748159922,0.6462368962429871,0.2787679766747637,0.7113690437189849,0.2167694819361088,0.3220846874139359,0.5417363597027655,0.4011441611645456,0.3510238626345868,100000,30,10,0.1,3.0,0.1,0,9,0.001,1e-06,0.001,1e-07,1.0,1e-08,adamax,0,0.0,disordered,1,0.1802091944569422,0 days 05:32:02.756286,0.0009275778903557,1.8429113971681417,1.7551888086370255
41,41,41,41,0.5074705239490462,0.5074705239490462,0.5074705239490462,0.5074705239490462,0.5074705239490462,0.5074705239490462,0.5074705239490462,0.5074705239490462,0.5074705239490462,0.5074705239490462,0.9027524512545356,0.3078465091282021,0.6952343393142477,0.2780238883052737,0.2563352259457885,0.6278808853104918,0.525012661669565,0.2612670679569711,0.359961817365869,1.0013885349030205,-0.0004301140894639,-0.000474224693805,321.0,0.0,0.974134429486488,0.170206174479749,0.6137785589494178,0.0385413894838495,0.0917147371339044,0.2099960050117245,0.9916861960144648,0.7264246392278,0.8680380956291989,0.0494837846367165,100000,30,10,0.1,3.0,0.1,0,9,0.001,1e-06,0.001,1e-07,1.0,1e-08,adamax,0,0.0,disordered,1,0.500102644479296,0 days 05:32:02.756286,0.0004301529101232,1.493255829735526,1.535175137889027
42,42,42,42,0.1805148879221106,0.1805148879221106,0.1805148879221106,0.1805148879221106,0.1805148879221106,0.1805148879221106,0.1805148879221106,0.1805148879221106,0.1805148879221106,0.1805148879221106,0.3165228424957403,6.987017020586559e-06,4.601540815345676e-06,0.5572236813839645,0.1689803463702895,3.991784002496607e-06,0.0537921153770953,3.980100557918894e-05,9.192374430188204e-06,0.7114915982146659,-0.0009140332749185,-0.0011437049620293,8735.0,1.0,0.6814384526526729,0.4399364794360058,0.4164199485553493,0.7082547942479717,0.3083189505355805,0.5134678232710247,0.2607247218237164,0.3914040705924085,0.5333261752047522,0.1578810028262631,100000,30,10,0.1,3.0,0.1,0,9,0.001,1e-06,0.001,1e-07,1.0,1e-08,adamax,0,0.0,disordered,1,0.1822931340947553,0 days 05:32:02.756286,0.0009140543981838,2.1783227143422628,1.784767534230139
43,43,43,43,0.3026648059395688,0.3026648059395688,0.3026648059395688,0.3026648059395688,0.3026648059395688,0.3026648059395688,0.3026648059395688,0.3026648059395688,0.3026648059395688,0.3026648059395688,0.3849128487590535,7.45716584616551e-05,0.2153969173273208,0.2634362009516855,0.0059117303654843,0.0372344999894115,0.9141303120590872,0.1003429356264868,0.0002375397599829,0.2863530963661125,-0.0006805068968807,-0.000830304213047,8189.0,1.0,0.2761871219052035,0.4204059052215403,0.4727479785281554,0.8000039680110183,0.6429501138675994,0.5624900665221173,0.8698673937003966,0.1973488647767637,0.1040830351780349,0.3937252133677354,100000,30,10,0.1,3.0,0.1,0,9,0.001,1e-06,0.001,1e-07,1.0,1e-08,adamax,0,0.0,disordered,1,0.3055828468838077,0 days 05:32:02.756286,0.0006805324410551,1.6306865762661065,1.5072884904505819
44,44,44,44,0.3444087275973818,0.3444087275973818,0.3444087275973818,0.3444087275973818,0.3444087275973818,0.3444087275973818,0.3444087275973818,0.3444087275973818,0.3444087275973818,0.3444087275973818,0.7784755765253528,0.0851433374083051,0.1012619733356412,0.6420271188941918,0.0983153293211268,0.1509241204234024,0.5224210556268338,0.1335618346092506,0.1702100585675497,1.000524469554176,-0.0005618514980891,-0.0006523959711359,644.0,0.0,0.1371899555572782,0.5559810381008665,0.5736433320658848,0.1315935497496901,0.7160539946963933,0.5565394834256112,0.4231819942696411,0.917481773299308,0.8559122943833432,0.2209691637648669,100000,30,10,0.1,3.0,0.1,0,9,0.001,1e-06,0.001,1e-07,1.0,1e-08,adamax,0,0.0,disordered,1,0.3482171520392543,0 days 05:32:02.756286,0.0005618742255731,1.8209972434893686,1.547039408410598
45,45,45,45,0.4757236139187883,0.4757236139187883,0.4757236139187883,0.4757236139187883,0.4757236139187883,0.4757236139187883,0.4757236139187883,0.4757236139187883,0.4757236139187883,0.4757236139187883,1.0005237680215977,0.3111034623193583,0.7437428800185368,0.3302078185753843,0.2818698719222033,0.2442597993336114,0.2364534262762321,0.8345007717699129,0.5380361557723271,0.2244516175011038,-0.000451449324255,-0.0005100661917553,339.0,0.0,0.166583176525819,0.9155364039147176,0.1572518885137706,0.7572063264186215,0.3125170158121136,0.3611853466325139,0.5537246459677773,0.9259641674233372,0.0020568430646198,0.1622873344023199,100000,30,10,0.1,3.0,0.1,0,9,0.001,1e-06,0.001,1e-07,1.0,1e-08,adamax,0,0.0,disordered,1,0.4773835318168851,0 days 05:32:02.756286,0.0004514515749334,1.5711597797269685,1.5455999903020436
46,46,46,46,0.2493409369951876,0.2493409369951876,0.2493409369951876,0.2493409369951876,0.2493409369951876,0.2493409369951876,0.2493409369951876,0.2493409369951876,0.2493409369951876,0.2493409369951876,0.4903764568848766,4.092007682072344e-05,0.4337463153156816,0.6033645499290742,0.6873436722302089,4.622214888267958e-05,0.2592998145337326,7.952117575021614e-05,0.0109953726538893,2.047611307694776e-05,-0.0007324079459189,-0.0009538979798266,8176.0,1.0,0.7202117786599489,0.3944665294244958,0.2878104198967977,0.9628956581275414,0.2640284233242796,0.7141669578683888,0.964225669092555,0.7627660562464376,0.7094140359205118,0.7232067127676901,100000,30,10,0.1,3.0,0.1,0,9,0.001,1e-06,0.001,1e-07,1.0,1e-08,adamax,0,0.0,disordered,1,0.2478774981812317,0 days 05:32:02.756286,0.0007324148047511,1.8660683215416667,1.7359256709876718
47,47,47,47,0.3228628202536728,0.3228628202536728,0.3228628202536728,0.3228628202536728,0.3228628202536728,0.3228628202536728,0.3228628202536728,0.3228628202536728,0.3228628202536728,0.3228628202536728,4.124549341408218e-07,7.387786263626592e-06,0.0589132272236798,1.4108980665265166e-06,0.0866608059453371,1.834722343074052e-06,0.1931978979694369,0.9765585029415648,0.0030444764381305,0.0040453808929024,-0.0006427849691307,-0.0008985035978933,11303.0,1.0,0.8052261068309458,0.2712136489199229,0.6266867251784247,0.802885894043567,0.8882296412968325,0.9058341532080582,0.903896393587496,0.0976337994648727,0.3764060873778814,0.4563920834904191,100000,30,10,0.1,3.0,0.1,0,9,0.001,1e-06,0.001,1e-07,1.0,1e-08,adamax,0,0.0,disordered,1,0.3228654924297261,0 days 05:32:02.756286,0.0006427849688307,2.8714064888852278,1.5392966413221927
48,48,48,48,0.3444087275973818,0.3444087275973818,0.3444087275973818,0.3444087275973818,0.3444087275973818,0.3444087275973818,0.3444087275973818,0.3444087275973818,0.3444087275973818,0.3444087275973818,0.6907730854748156,0.2412660088770734,0.0907263307836536,0.1508232360226152,0.1287916329118835,1.0006763092240227,0.3282709248216334,0.1229009160219276,0.1511561508425712,0.1577593573146938,-0.0006165478258785,-0.0007665563703444,584.0,0.0,0.8916854039669163,0.4192536193798634,0.2649121033591305,0.0198587731592583,0.2887542777621654,0.7807241847334279,0.0201709380598515,0.1649939279484876,0.3109684208465644,0.5320110718845206,100000,30,10,0.1,3.0,0.1,0,9,0.001,1e-06,0.001,1e-07,1.0,1e-08,adamax,0,0.0,disordered,1,0.3458570478358312,0 days 05:32:02.756286,0.0006165526844477,1.7828527931700882,1.6390669525426544
49,49,49,49,0.1805148879221106,0.1805148879221106,0.1805148879221106,0.1805148879221106,0.1805148879221106,0.1805148879221106,0.1805148879221106,0.1805148879221106,0.1805148879221106,0.1805148879221106,0.6915557327512587,0.3938499375235505,0.5307369026381301,0.2474677932870249,0.1069400824606525,8.491945798866734e-06,2.34695411286354e-06,0.4076950199505271,1.288249368934646e-06,0.2674538509140052,-0.000609292060501,-0.0009523178753997,9154.0,1.0,0.3630433181948137,0.8826396945897659,0.2074776288518643,0.5616344004190236,0.7778175051376995,0.9296082290939864,0.8734802733413756,0.1355210037406805,0.7918000796455894,0.6753462694980112,100000,30,10,0.1,3.0,0.1,0,9,0.001,1e-06,0.001,1e-07,1.0,1e-08,adamax,0,0.0,disordered,1,0.1827146929323758,0 days 05:32:02.756286,0.0006092993263404,2.2084186262232524,1.8234543090893898
50,50,50,50,0.367392478180207,0.367392478180207,0.367392478180207,0.367392478180207,0.367392478180207,0.367392478180207,0.367392478180207,0.367392478180207,0.367392478180207,0.367392478180207,0.3874573761435657,0.1324974704617705,0.17508629454863,1.000180302365945,0.2517468178369031,0.0986749622900377,0.076415779747976,0.7848193279639479,0.148070967228702,0.3211976439067187,-0.0005796902204119,-0.0006452154385396,728.0,0.0,0.4216035573870036,0.0255670989624631,0.1679814709579863,0.7494608262320578,0.0840047677767746,0.3126499249880641,0.2552124382766044,0.7461008968986407,0.3590598291763175,0.0871882409887518,100000,30,10,0.1,3.0,0.1,0,9,0.001,1e-06,0.001,1e-07,1.0,1e-08,adamax,0,0.0,disordered,1,0.3647125184753405,0 days 05:32:02.756286,0.0005797030784853,1.6620606577354058,1.593138185468657
51,51,51,51,0.1747772774464679,0.1747772774464679,0.1747772774464679,0.1747772774464679,0.1747772774464679,0.1747772774464679,0.1747772774464679,0.1747772774464679,0.1747772774464679,0.1747772774464679,0.0797511383821649,0.7527925752949169,9.999919306674521e-08,0.0536619653583458,1.4250556245341948e-07,0.2001701307717492,0.1972707179918227,0.4083063316102598,1.2669969750245689e-06,2.763580758323702e-07,-0.0009391420014793,-0.0011314925067791,39147.0,0.0,0.3704421018161166,0.3268298767186818,0.7170213673193974,0.3201222201986879,0.6936156490920399,0.538594453433759,0.8877328287244716,0.7333651729435877,0.4079187425363865,0.4849095181984443,100000,30,10,0.1,3.0,0.1,0,9,0.001,1e-06,0.001,1e-07,1.0,1e-08,adamax,0,0.0,disordered,1,0.1730814382940526,0 days 05:32:02.756286,0.0009391643741922,1.866430306843483,1.724423097447879
52,52,52,52,0.1805148879221106,0.1805148879221106,0.1805148879221106,0.1805148879221106,0.1805148879221106,0.1805148879221106,0.1805148879221106,0.1805148879221106,0.1805148879221106,0.1805148879221106,0.0011068206734561,0.8883339857304694,0.4172460328249096,0.124556876860354,0.0849049997476898,0.0838225690793124,4.275399207114675e-06,7.413458773148476e-06,0.0801920435127221,2.8979525734491624e-06,-0.0010299725784778,-0.001509561786523,9017.0,1.0,0.4713857598653367,0.871702397518525,0.1380361717125459,0.4242300124285143,0.5349120574812903,0.436222832238696,0.5980284679987804,0.4988430954198491,0.4136957426619674,0.6868129726159958,100000,30,10,0.1,3.0,0.1,0,9,0.001,1e-06,0.001,1e-07,1.0,1e-08,adamax,0,0.0,disordered,1,0.1788255664800732,0 days 05:32:02.756286,0.0010300037398458,2.262501140129896,1.7531038873525158
53,53,53,53,0.4180637241455752,0.4180637241455752,0.4180637241455752,0.4180637241455752,0.4180637241455752,0.4180637241455752,0.4180637241455752,0.4180637241455752,0.4180637241455752,0.4180637241455752,0.3871673360480111,0.1994759205325716,0.4245263005089398,0.3513968542777553,0.7391482735372948,0.1688582637461397,0.1823185296452547,0.1707240045325215,1.0015454915498438,0.1689289032788836,-0.0004296324638988,-0.0005026021047827,400.0,0.0,0.329322465708467,0.6069010136690235,0.7285583473338744,0.1306466357938829,0.326452101504932,0.9447045555986052,0.9660212875626244,0.9923887631356604,0.0425258338882709,0.8265087689118491,100000,30,10,0.1,3.0,0.1,0,9,0.001,1e-06,0.001,1e-07,1.0,1e-08,adamax,0,0.0,disordered,1,0.4215054272759302,0 days 05:32:02.756286,0.0004296398555657,1.6120617415723348,1.5671514556203971
54,54,54,54,0.1638433645577982,0.1638433645577982,0.1638433645577982,0.1638433645577982,0.1638433645577982,0.1638433645577982,0.1638433645577982,0.1638433645577982,0.1638433645577982,0.1638433645577982,0.0683791426618788,1.6250643828127585e-06,1.608230189595669e-07,1.8631793650736746e-07,3.948671698421848e-07,5.033822402683431e-07,5.661368088161804e-07,0.557550683094319,0.0001079595285846,0.2073425044031191,-0.0010897584390929,-0.001501164959154,9081.0,1.0,0.9352758069942098,0.901944440055244,0.7149413034806142,0.6756193428878896,0.7196066164883864,0.5748858181470116,0.7884200798433164,0.5019296038006482,0.2259374998912283,0.0943490249781668,100000,30,10,0.1,3.0,0.1,0,9,0.001,1e-06,0.001,1e-07,1.0,1e-08,adamax,0,0.0,disordered,1,0.1626764970588332,0 days 05:32:02.756286,0.0010897748479192,2.0835610621519103,1.5903096826442482
55,55,55,55,0.1747772774464679,0.1747772774464679,0.1747772774464679,0.1747772774464679,0.1747772774464679,0.1747772774464679,0.1747772774464679,0.1747772774464679,0.1747772774464679,0.1747772774464679,0.3913960922657813,1.466712313580805e-07,0.6444371351597598,0.0887299455216609,0.5301048635206781,0.218074347190243,0.2866874744823054,0.0157162111133565,0.0524919519650649,0.0990343699863021,-0.0008740868431779,-0.0010222321423564,100000.0,0.0,0.9082557233023724,0.7548789814030864,0.177241935760343,0.8224582773234224,0.3003467529241774,0.6356549721085979,0.3561528577486986,0.2141630863306429,0.1756087637828115,0.0709503107444076,100000,30,10,0.1,3.0,0.1,0,9,0.001,1e-06,0.001,1e-07,1.0,1e-08,adamax,0,0.0,disordered,1,0.1764094007763954,0 days 05:32:02.756286,0.0008741068147438,1.7038290700239596,1.7648560325520666
56,56,56,56,0.2659804395593755,0.2659804395593755,0.2659804395593755,0.2659804395593755,0.2659804395593755,0.2659804395593755,0.2659804395593755,0.2659804395593755,0.2659804395593755,0.2659804395593755,0.0018001188872725,2.3582791304042937e-06,0.4019690623859652,0.7480885457419681,9.999521463780825e-08,0.0897408059708209,1.4421183086481088e-07,0.0673964088167896,0.01614861871081,0.4822188974051494,-0.0007262535372673,-0.0010901481676632,25547.0,0.0,0.0744385563946585,0.0690902107325821,0.0899187666373716,0.8340292890000545,0.5178083255163458,0.1285840147994693,0.5249946488828098,0.5426298015540887,0.4965920349441739,0.2064863646169302,100000,30,10,0.1,3.0,0.1,0,9,0.001,1e-06,0.001,1e-07,1.0,1e-08,adamax,0,0.0,disordered,1,0.2634493555242555,0 days 05:32:02.756286,0.0007262756617228,2.089573914627332,1.5666476068934574
57,57,57,57,0.3026648059395688,0.3026648059395688,0.3026648059395688,0.3026648059395688,0.3026648059395688,0.3026648059395688,0.3026648059395688,0.3026648059395688,0.3026648059395688,0.3026648059395688,0.0007746240445113,0.9045179723063154,8.255006026141232e-05,0.254918376032947,0.4523776613126561,0.6795798219845123,5.857321841338456e-05,0.0339904845625532,0.0703460464326033,0.7511107505632352,-0.0005823787092977,-0.0006756753687955,8054.0,1.0,0.4343978872245304,0.8708564535693805,0.3837354777850742,0.5039852429121634,0.9302423990750158,0.2328013979444163,0.7255076868062386,0.4838413345039069,0.7873679132996416,0.3596735148257848,100000,30,10,0.1,3.0,0.1,0,9,0.001,1e-06,0.001,1e-07,1.0,1e-08,adamax,0,0.0,disordered,1,0.3072168937616324,0 days 05:32:02.756286,0.0005824114795049,1.7728451613041714,1.6708409493733323
58,58,58,58,0.2837303616516209,0.2837303616516209,0.2837303616516209,0.2837303616516209,0.2837303616516209,0.2837303616516209,0.2837303616516209,0.2837303616516209,0.2837303616516209,0.2837303616516209,0.1605679505683679,0.7192579231582151,0.07693890908315,0.0567196688162671,0.2016807379321785,0.0584509883589091,0.1195787341978958,0.0706921086153117,0.1475664256090375,1.0000170689704475,-0.000666515984582,-0.0008737865612433,741.0,0.0,0.5423586148739377,0.3682859436514883,0.8661492404529617,0.9148178896585872,0.6318212838540919,0.9810202364628208,0.7320556819078485,0.8304239319682308,0.8947206498619251,0.2719057617661202,100000,30,10,0.1,3.0,0.1,0,9,0.001,1e-06,0.001,1e-07,1.0,1e-08,adamax,0,0.0,disordered,1,0.2852332028278697,0 days 05:32:02.756286,0.0006665219372836,1.9904518219380078,1.5188613885806759
59,59,59,59,0.2747120789270809,0.2747120789270809,0.2747120789270809,0.2747120789270809,0.2747120789270809,0.2747120789270809,0.2747120789270809,0.2747120789270809,0.2747120789270809,0.2747120789270809,0.9320628798619174,0.128637370823251,6.678052943944754e-06,0.4886748610835417,0.5989228431843214,0.1453235588371076,0.5112423781813213,0.2260907160054047,1.4921050112779362e-07,1.551364954079137e-07,-0.0006842457039108,-0.0008029809861821,100000.0,0.0,0.986677930317109,0.3904140233428148,0.4972125438158516,0.1803237316629968,0.8214787850033072,0.3368976266911904,0.6893444454848344,0.2183555948683124,0.3513630605551295,0.3842444862829067,100000,30,10,0.1,3.0,0.1,0,9,0.001,1e-06,0.001,1e-07,1.0,1e-08,adamax,0,0.0,disordered,1,0.27552971553529,0 days 05:32:02.756286,0.0006842477814717,1.7490543159859702,1.6967801921264465
60,60,60,60,0.367392478180207,0.367392478180207,0.367392478180207,0.367392478180207,0.367392478180207,0.367392478180207,0.367392478180207,0.367392478180207,0.367392478180207,0.367392478180207,0.0714705859383407,1.000081357206523,0.1931055661019346,0.966200807718316,0.1267427197113402,0.0849558146520992,0.102364104481613,0.3615163391602694,0.5143781545010854,0.0900764152512001,-0.0005702790398578,-0.0006396990809572,1055.0,0.0,0.2366239939357128,0.0350634420691885,0.7702089160972269,0.9503546630566791,0.226247857556275,0.1626513649707077,0.3476041753555777,0.0827660016297126,0.6497328757632396,0.3685525191996099,100000,30,10,0.1,3.0,0.1,0,9,0.001,1e-06,0.001,1e-07,1.0,1e-08,adamax,0,0.0,disordered,1,0.3658094306013836,0 days 05:32:02.756286,0.0005702834967171,1.7124461714170882,1.569973482716477
61,61,61,61,0.2414157116103016,0.2414157116103016,0.2414157116103016,0.2414157116103016,0.2414157116103016,0.2414157116103016,0.2414157116103016,0.2414157116103016,0.2414157116103016,0.2414157116103016,0.8030331825042618,3.8425622452393874e-05,0.0200939827539706,8.56947357597543e-06,0.4642309752688378,6.01687030274893e-05,0.4824937875558526,0.1646594119584288,1.1552496533235085e-05,0.640581630042632,-0.0007957203159029,-0.0008793901130417,10628.0,1.0,0.5624785542668137,0.9058499863649656,0.8615793288939493,0.9216768590469784,0.9350577167713908,0.5898193600864983,0.5023002858629506,0.0376151656370696,0.1024413113800782,0.5239233948745965,100000,30,10,0.1,3.0,0.1,0,9,0.001,1e-06,0.001,1e-07,1.0,1e-08,adamax,0,0.0,disordered,1,0.2412331490673156,0 days 05:32:02.756286,0.00079572044351,1.4059539745506366,1.4640206562202664
62,62,62,62,0.31260072430687,0.31260072430687,0.31260072430687,0.31260072430687,0.31260072430687,0.31260072430687,0.31260072430687,0.31260072430687,0.31260072430687,0.31260072430687,0.3817222245892214,0.42349518984483,0.1474263621699176,0.204926425056359,1.0002607784457085,0.1292250139028856,0.085124629897994,0.193071798771388,0.3218125101544867,0.1109974524653246,-0.0006747191543934,-0.0007838965226353,694.0,0.0,0.8560083046111611,0.4326345607117319,0.0037293622863878,0.2123031061951699,0.7599704182197689,0.1584179885297779,0.1995763351554023,0.2855360642034483,0.6092833765614685,0.8364055547707432,100000,30,10,0.1,3.0,0.1,0,9,0.001,1e-06,0.001,1e-07,1.0,1e-08,adamax,0,0.0,disordered,1,0.3111762871608415,0 days 05:32:02.756286,0.0006747253041631,1.6283835738772898,1.6578218597234526
63,63,63,63,0.2414157116103016,0.2414157116103016,0.2414157116103016,0.2414157116103016,0.2414157116103016,0.2414157116103016,0.2414157116103016,0.2414157116103016,0.2414157116103016,0.2414157116103016,0.82927887701328,0.0505495279750792,3.810655435888829e-06,1.0363741290764431e-05,0.0549658609859362,0.4693113806251558,0.5409936465452051,2.654566699950312e-06,6.412389562051729e-06,2.68249225939888e-06,-0.0007064108775392,-0.0010258057916068,8912.0,1.0,0.2188948374279186,0.5994678737814576,0.5299406131466844,0.4448642064761482,0.5804205236557797,0.8141185235724825,0.2174880566784605,0.4972341508794262,0.0979205611461283,0.5132375550687044,100000,30,10,0.1,3.0,0.1,0,9,0.001,1e-06,0.001,1e-07,1.0,1e-08,adamax,0,0.0,disordered,1,0.2436967878522051,0 days 05:32:02.756286,0.0007064269263954,2.025241660216759,1.5920906061062736
64,64,64,64,0.2191196687578146,0.2191196687578146,0.2191196687578146,0.2191196687578146,0.2191196687578146,0.2191196687578146,0.2191196687578146,0.2191196687578146,0.2191196687578146,0.2191196687578146,5.455418484410694e-05,0.7481653286900034,0.1258613294287549,0.112667615610272,0.3234959730017945,0.0001552646320558,0.3221084136540569,0.3143764252555663,0.1262140947119839,3.709229090768966e-05,-0.0008524770260292,-0.0009464096935112,8099.0,1.0,0.7910078573202679,0.998558890651704,0.4756930540857839,0.2966034006997566,0.5795035819171939,0.3717520548106484,0.1170023891195599,0.5244985720304953,0.7991356910058783,0.8911272873731255,100000,30,10,0.1,3.0,0.1,0,9,0.001,1e-06,0.001,1e-07,1.0,1e-08,adamax,0,0.0,disordered,1,0.2178285885047343,0 days 05:32:02.756286,0.0008524871320051,1.7468379091777864,1.6832291450212533
65,65,65,65,0.31260072430687,0.31260072430687,0.31260072430687,0.31260072430687,0.31260072430687,0.31260072430687,0.31260072430687,0.31260072430687,0.31260072430687,0.31260072430687,1.000574013451783,0.1105708203781683,0.1035363929792265,0.1092528563059854,0.5097366827982651,0.0776121646927237,0.5522533109330184,0.076660014384126,0.2825594748783607,0.7057305680699493,-0.0005620569020139,-0.0006734464524676,615.0,0.0,0.9781111877004136,0.367724622858563,0.2516651775815243,0.1108207735463092,0.4362319172994092,0.8070271602470545,0.2346447876245176,0.8495664980662655,0.7117370178186778,0.2009428205260435,100000,30,10,0.1,3.0,0.1,0,9,0.001,1e-06,0.001,1e-07,1.0,1e-08,adamax,0,0.0,disordered,1,0.3079029394051047,0 days 05:32:02.756286,0.0005620871277512,1.686760352628786,1.6265719029307733
66,66,66,66,0.4459627626819087,0.4459627626819087,0.4459627626819087,0.4459627626819087,0.4459627626819087,0.4459627626819087,0.4459627626819087,0.4459627626819087,0.4459627626819087,0.4459627626819087,0.2511683314315294,0.2364547665517199,0.1149519442604138,0.8675430255667056,0.1231039568170656,0.3388083171441602,0.3463076468677269,0.1564086102039641,1.0005463608090552,0.3029834310110554,-0.0004565283651239,-0.0005123612583454,601.0,0.0,0.6317515391392956,0.8196921827935082,0.9328703661209736,0.1622147636965876,0.8220151936558258,0.775849087831725,0.243721640641587,0.2945814106681431,0.9570840322522522,0.3620160579603561,100000,30,10,0.1,3.0,0.1,0,9,0.001,1e-06,0.001,1e-07,1.0,1e-08,adamax,0,0.0,disordered,1,0.4436641643149744,0 days 05:32:02.756286,0.0004565323817624,1.7515254726592533,1.6237796654296923
67,67,67,67,0.1747772774464679,0.1747772774464679,0.1747772774464679,0.1747772774464679,0.1747772774464679,0.1747772774464679,0.1747772774464679,0.1747772774464679,0.1747772774464679,0.1747772774464679,0.5505808891069537,0.3826187697230075,0.5604233639926859,1.300992049477014e-05,0.0946442384449519,1.4357262131102531e-05,0.0832204016479982,4.833454825162731e-05,0.2701509654256618,0.2991798306492619,-0.0009382832709704,-0.0011483577832771,8444.0,1.0,0.2889761052504432,0.7200111192047169,0.1329060104599528,0.4831693166218948,0.3581331262376146,0.5439863429623552,0.6032501438505057,0.6401074539004775,0.4323990581888032,0.8869324087540136,100000,30,10,0.1,3.0,0.1,0,9,0.001,1e-06,0.001,1e-07,1.0,1e-08,adamax,0,0.0,disordered,1,0.1735937515301936,0 days 05:32:02.756286,0.0009382947866,1.8940126594173208,1.783103789123027
68,68,68,68,0.293044697697214,0.293044697697214,0.293044697697214,0.293044697697214,0.293044697697214,0.293044697697214,0.293044697697214,0.293044697697214,0.293044697697214,0.293044697697214,0.0622940211231317,0.7662030516323898,1.3077929027041832e-05,0.0982066662004849,4.76458583149368e-06,0.465217457189469,0.2414841348363123,0.2214168428185139,8.943074683305672e-05,0.9853177497926588,-0.0006632066277469,-0.0007250612323424,8853.0,1.0,0.8356760923639591,0.9333577853920362,0.4459056416232484,0.7300859144743024,0.4306957867862729,0.2787827545306491,0.6518864471172541,0.9459871575106308,0.8043078809051966,0.2852017743720174,100000,30,10,0.1,3.0,0.1,0,9,0.001,1e-06,0.001,1e-07,1.0,1e-08,adamax,0,0.0,disordered,1,0.2936937442627139,0 days 05:32:02.756286,0.0006632076250469,1.942361888732896,1.5970374530288904
69,69,69,69,0.333461801578636,0.333461801578636,0.333461801578636,0.333461801578636,0.333461801578636,0.333461801578636,0.333461801578636,0.333461801578636,0.333461801578636,0.333461801578636,1.0001223591802668,0.1109948966963925,0.1281039384552666,0.0833077050392449,0.6754895588467756,0.085903311618635,0.4913266430239544,0.0977728752676991,0.1517590446330431,0.9413572364465064,-0.0005370882351072,-0.0006631192454023,602.0,0.0,0.2281057563615371,0.771645461188267,0.70512847943679,0.8636017462548002,0.1463616109588943,0.8616792361529133,0.4326254526587491,0.2733454783925543,0.3432446624926287,0.993503904012744,100000,30,10,0.1,3.0,0.1,0,9,0.001,1e-06,0.001,1e-07,1.0,1e-08,adamax,0,0.0,disordered,1,0.3284488423590956,0 days 05:32:02.756286,0.0005371174996689,1.83051874563145,1.6499313603137846
70,70,70,70,0.4606028844202396,0.4606028844202396,0.4606028844202396,0.4606028844202396,0.4606028844202396,0.4606028844202396,0.4606028844202396,0.4606028844202396,0.4606028844202396,0.4606028844202396,1.0012736227184458,0.3223390717940735,0.2162968519241818,0.9005336560898803,0.2124003152855423,0.2098306806491453,0.4576757873088095,0.9197773124824994,0.2081144416221038,0.2133413741982292,-0.0004722760180944,-0.0005509248697404,344.0,0.0,0.956032125019662,0.0837460354801209,0.3151884677170894,0.7195790246564682,0.0353251316082889,0.0359236544371629,0.0448902934218323,0.8684448332578513,0.333732439660985,0.3187398327715118,100000,30,10,0.1,3.0,0.1,0,9,0.001,1e-06,0.001,1e-07,1.0,1e-08,adamax,0,0.0,disordered,1,0.467842582850589,0 days 05:32:02.756286,0.0004723281030472,1.5987228519509613,1.5936927491409014
71,71,71,71,0.3557150206821381,0.3557150206821381,0.3557150206821381,0.3557150206821381,0.3557150206821381,0.3557150206821381,0.3557150206821381,0.3557150206821381,0.3557150206821381,0.3557150206821381,4.965929831555911e-06,3.489897718733975e-05,0.1145070387548416,0.3712267575800133,1.653994556197366e-05,0.1139761259867837,0.1047511460654244,0.8108154658314362,0.3337599552186713,1.3024577046884254e-05,-0.0005987312167568,-0.0007532176534271,9132.0,1.0,0.7933438210501507,0.3185662914766022,0.7384308555952237,0.3693407284032201,0.2975193133791652,0.3872265142953374,0.1680372426068077,0.0750111463073801,0.8712014465037485,0.8683831797645515,100000,30,10,0.1,3.0,0.1,0,9,0.001,1e-06,0.001,1e-07,1.0,1e-08,adamax,0,0.0,disordered,1,0.3533817772552837,0 days 05:32:02.756286,0.0005987420176742,1.8621661682321005,1.5866706061445466
72,72,72,72,0.3444087275973818,0.3444087275973818,0.3444087275973818,0.3444087275973818,0.3444087275973818,0.3444087275973818,0.3444087275973818,0.3444087275973818,0.3444087275973818,0.3444087275973818,2.8074268477685043e-05,0.7226405608312568,0.0360578755380521,0.3435761247729117,3.261178160520236e-07,9.999556517305185e-08,0.6382570867802254,0.6917024104252377,1.2903561398586698e-07,1.368363903634335e-07,-0.0005879471395448,-0.0008101041153443,29646.0,0.0,0.4608213428635008,0.6883762257244914,0.862649616262373,0.3907233758976288,0.7118103284257594,0.7547914201079906,0.0780746100305868,0.1381620728272963,0.7503299824856386,0.7056489373809989,100000,30,10,0.1,3.0,0.1,0,9,0.001,1e-06,0.001,1e-07,1.0,1e-08,adamax,0,0.0,disordered,1,0.3403860958868235,0 days 05:32:02.756286,0.0005879751319377,2.789187235998579,1.663732194158793
73,73,73,73,0.1805148879221106,0.1805148879221106,0.1805148879221106,0.1805148879221106,0.1805148879221106,0.1805148879221106,0.1805148879221106,0.1805148879221106,0.1805148879221106,0.1805148879221106,1.0010452908676146,0.1984409855204031,0.6333391476629386,0.0694872447927054,0.0519192480996219,0.1842806160370494,0.0268798440219423,0.2462905054116841,0.0286678115310982,0.0343154849066781,-0.0008337506154265,-0.0011606380052468,836.0,0.0,0.1852674819801918,0.8267319229556759,0.8009011709823957,0.332743528625158,0.3402819990903042,0.1105719933342548,0.4454831559739022,0.1097612600786275,0.5434071419217806,0.6245833168710772,100000,30,10,0.1,3.0,0.1,0,9,0.001,1e-06,0.001,1e-07,1.0,1e-08,adamax,0,0.0,disordered,1,0.1818685350346573,0 days 05:32:02.756286,0.0008337599562427,2.034660057367301,1.6699192497137818
74,74,74,74,0.0370798762916816,0.0370798762916816,0.0370798762916816,0.0370798762916816,0.0370798762916816,0.0370798762916816,0.0370798762916816,0.0370798762916816,0.0370798762916816,0.0370798762916816,3.6668280184387296e-06,0.2521050926601417,4.748586883345316e-06,0.1156280323099627,0.5713820777209471,0.1667144868545774,1.3457861080410916e-06,0.4640736735487245,2.229731637275969e-06,0.0004107318036689,-0.0007163993297449,-0.0009585479879501,8464.0,1.0,0.5819411427086918,0.0716485438516428,0.6216704469983908,0.7522149311552978,0.1418532078034277,0.5950767958664359,0.8190554752387017,0.1936194413797031,0.9134149207965668,0.971914081414014,100000,30,10,0.1,3.0,0.1,0,9,0.001,1e-06,0.001,1e-07,1.0,1e-08,adamax,0,0.0,disordered,1,0.0368266093943848,0 days 05:32:02.756286,0.0007164058652595,2.370432196839578,2.508195326322708
75,75,75,75,0.1076624177045491,0.1076624177045491,0.1076624177045491,0.1076624177045491,0.1076624177045491,0.1076624177045491,0.1076624177045491,0.1076624177045491,0.1076624177045491,0.1076624177045491,0.2238774851117695,0.0559932696030648,0.5942548009065748,0.4052841767972121,0.1650026433707993,1.0001568427492606,0.0094118480002231,0.056785368552369,0.0100401044009557,0.2392239722408085,-0.0005442650615655,-0.0007687123690034,1075.0,0.0,0.7116445561732289,0.8720357680246629,0.2717827135360652,0.6649683870363727,0.9261442544579104,0.0447290207458562,0.8208245363224256,0.2369231670586005,0.8011131119296838,0.6424195402459892,100000,30,10,0.1,3.0,0.1,0,9,0.001,1e-06,0.001,1e-07,1.0,1e-08,adamax,0,0.0,disordered,1,0.1075332992041409,0 days 05:32:02.756286,0.0005442652611608,2.05581279922186,2.1603810942562913
76,76,76,76,0.4913407286296357,0.4913407286296357,0.4913407286296357,0.4913407286296357,0.4913407286296357,0.4913407286296357,0.4913407286296357,0.4913407286296357,0.4913407286296357,0.4913407286296357,0.4241868075358289,0.1872830575313605,0.1510953388399722,1.0003630601297469,0.2908555113191516,0.9768358349478622,0.2215211259152212,0.1314598436718207,0.9423198317621178,0.1329981362951154,-0.0003873258572501,-0.0004611753926398,574.0,0.0,0.8015446039715485,0.4009949802868912,0.4502160475125643,0.9242973251731486,0.0712337006125366,0.1562007268025876,0.9728324105112393,0.9132513066775164,0.1468680542722815,0.9734592170118912,100000,30,10,0.1,3.0,0.1,0,9,0.001,1e-06,0.001,1e-07,1.0,1e-08,adamax,0,0.0,disordered,1,0.4972237896556875,0 days 05:32:02.756286,0.0003873410676729,1.727039422455405,1.64522690115627
77,77,77,77,0.3794532847236935,0.3794532847236935,0.3794532847236935,0.3794532847236935,0.3794532847236935,0.3794532847236935,0.3794532847236935,0.3794532847236935,0.3794532847236935,0.3794532847236935,1.0001186676915794,0.1387500919864654,0.7358227797181156,0.4792435009025325,0.1341953563388005,0.6950992484787325,0.2989225134788485,0.1307552695847064,0.3689886582337848,0.1314302733837125,-0.0005310192640485,-0.0006124899723194,460.0,0.0,0.2654554315187777,0.892106866269302,0.9047752275802584,0.02374579364467,0.0097116349681444,0.3269948613028287,0.9311784773555224,0.7913436883497563,0.386850978460129,0.8580108138212066,100000,30,10,0.1,3.0,0.1,0,9,0.001,1e-06,0.001,1e-07,1.0,1e-08,adamax,0,0.0,disordered,1,0.3832108522314948,0 days 05:32:02.756286,0.000531038583499,1.6444468226530202,1.6007489952333656
78,78,78,78,0.4317879727332017,0.4317879727332017,0.4317879727332017,0.4317879727332017,0.4317879727332017,0.4317879727332017,0.4317879727332017,0.4317879727332017,0.4317879727332017,0.4317879727332017,0.176708864784251,0.174859974509106,0.7488996718340817,0.38805990244769,0.2586659867600351,0.2388675001441392,0.2747720405129994,1.0005363224179762,0.1604248323600932,0.2135067122798535,-0.0005049118858979,-0.0005629320863713,445.0,0.0,0.3075618302920075,0.3474174026041087,0.1904783218387498,0.9595511044269076,0.8036306332035066,0.4624248054107556,0.2642765705883787,0.9659796005287032,0.3968199655598801,0.2107055644668479,100000,30,10,0.1,3.0,0.1,0,9,0.001,1e-06,0.001,1e-07,1.0,1e-08,adamax,0,0.0,disordered,1,0.4255129834551603,0 days 05:32:02.756286,0.0005049579176265,1.6023934677515281,1.5566990827882903
79,79,79,79,0.2575263326771198,0.2575263326771198,0.2575263326771198,0.2575263326771198,0.2575263326771198,0.2575263326771198,0.2575263326771198,0.2575263326771198,0.2575263326771198,0.2575263326771198,0.5742386255181848,0.0659796169898695,0.0858295869214902,0.9670500468151688,0.2725698461101318,0.125131527815971,1.000279254529368,0.0521848565002572,0.0647723802210897,0.0515733982896222,-0.0005348373663593,-0.0006880466745263,711.0,0.0,0.4246563813836979,0.7191217102511182,0.770684798983071,0.1089855521364941,0.945930767553762,0.6745707526164916,0.0624957620655682,0.8374364376590171,0.9719037368942256,0.8377476422704673,100000,30,10,0.1,3.0,0.1,0,9,0.001,1e-06,0.001,1e-07,1.0,1e-08,adamax,0,0.0,disordered,1,0.2584522676882382,0 days 05:32:02.756286,0.0005348385825146,1.991279530566834,1.8542123562583068
80,80,80,80,0.4180637241455752,0.4180637241455752,0.4180637241455752,0.4180637241455752,0.4180637241455752,0.4180637241455752,0.4180637241455752,0.4180637241455752,0.4180637241455752,0.4180637241455752,0.8160982889289258,0.177300132116241,0.223467296258548,0.2690275856897856,0.2800942944323887,1.000633069129398,0.2091099942082627,0.1607409204259994,0.7034491640045184,0.1517739840013764,-0.0004926734401638,-0.0005331698157011,475.0,0.0,0.0097848792944588,0.4730889081790549,0.5891737739594198,0.8879986937026283,0.5027604854148191,0.0773238153824005,0.933525505036036,0.951735797816364,0.4861622150139764,0.0534427364833297,100000,30,10,0.1,3.0,0.1,0,9,0.001,1e-06,0.001,1e-07,1.0,1e-08,adamax,0,0.0,disordered,1,0.4160558578954816,0 days 05:32:02.756286,0.0004926776248914,1.6169724272988377,1.5348599594974526
81,81,81,81,0.4047756965997316,0.4047756965997316,0.4047756965997316,0.4047756965997316,0.4047756965997316,0.4047756965997316,0.4047756965997316,0.4047756965997316,0.4047756965997316,0.4047756965997316,9.611046696573896e-05,0.0001155854669911,0.6683725516802999,0.8103853214652545,0.1690403482746907,0.0517281318199746,0.2554761633186001,0.8707938964953861,0.0005150009594839,0.5478841761706159,-0.0005215567691612,-0.0005887695356556,7231.0,1.0,0.8388906791646739,0.7416726764410203,0.9712340798009208,0.0073136945373993,0.4354944495200968,0.2838023986323703,0.1077050956833312,0.7351346026730965,0.3412149163770641,0.0389691391211579,100000,30,10,0.1,3.0,0.1,0,9,0.001,1e-06,0.001,1e-07,1.0,1e-08,adamax,0,0.0,disordered,1,0.4076777733091598,0 days 05:32:02.756286,0.0005215681355383,1.6222443056972842,1.5831088378495968
82,82,82,82,0.2659804395593755,0.2659804395593755,0.2659804395593755,0.2659804395593755,0.2659804395593755,0.2659804395593755,0.2659804395593755,0.2659804395593755,0.2659804395593755,0.2659804395593755,1.0003348200012838,0.3743880468824537,0.0508927431954152,0.4457225378101367,0.0404604746953915,0.4159570401816281,0.0323531364399578,0.1060826810949521,0.724430853048057,0.0357593469283196,-0.0005402594753279,-0.0007102857526772,959.0,0.0,0.1336268057264049,0.8060002972277002,0.60587101798938,0.2150506251736147,0.6960422280017734,0.1304047937127705,0.6731877575019788,0.6550402554226945,0.0055257315325957,0.5115154737487803,100000,30,10,0.1,3.0,0.1,0,9,0.001,1e-06,0.001,1e-07,1.0,1e-08,adamax,0,0.0,disordered,1,0.2639049586771254,0 days 05:32:02.756286,0.0005402633192459,2.072588672715343,1.6996311494149328
83,83,83,83,0.2263129568399526,0.2263129568399526,0.2263129568399526,0.2263129568399526,0.2263129568399526,0.2263129568399526,0.2263129568399526,0.2263129568399526,0.2263129568399526,0.2263129568399526,7.566031848647658e-06,0.0578435638733576,0.0521290669286726,0.0204223951607635,9.587776611588651e-06,0.3062840681705263,0.4680082760360901,0.1804385126445705,0.0187770318812363,0.0001819449792326,-0.0008647744198169,-0.0011157265654536,8286.0,1.0,0.7263154319326705,0.7585337396231457,0.7057083392270682,0.8850456138709182,0.7562078404723139,0.9219899000274794,0.414807003582114,0.0341609866651546,0.1810034150072165,0.2877822813860587,100000,30,10,0.1,3.0,0.1,0,9,0.001,1e-06,0.001,1e-07,1.0,1e-08,adamax,0,0.0,disordered,1,0.223256438661835,0 days 05:32:02.756286,0.0008648329403311,1.851172537319082,1.5021277239328552
84,84,84,84,0.2337423870891812,0.2337423870891812,0.2337423870891812,0.2337423870891812,0.2337423870891812,0.2337423870891812,0.2337423870891812,0.2337423870891812,0.2337423870891812,0.2337423870891812,7.23125956926062e-05,0.2833810399989676,0.3966996993413355,2.1617571281097528e-05,0.2986081526002867,0.3594583635857295,5.771224807572926e-06,0.0344902308251005,0.4606449220016744,1.161653542383756e-05,-0.0007677491669532,-0.0009100198778068,8613.0,1.0,0.0417916138033247,0.1081595418560484,0.5187791211329045,0.2524893831318888,0.2855351348958012,0.7414695266286413,0.854679634313597,0.8620398082340321,0.3706215974025555,0.709630073307115,100000,30,10,0.1,3.0,0.1,0,9,0.001,1e-06,0.001,1e-07,1.0,1e-08,adamax,0,0.0,disordered,1,0.2327747635790024,0 days 05:32:02.756286,0.0007677528557086,1.6771481206926093,1.5211586620385453
85,85,85,85,0.2575263326771198,0.2575263326771198,0.2575263326771198,0.2575263326771198,0.2575263326771198,0.2575263326771198,0.2575263326771198,0.2575263326771198,0.2575263326771198,0.2575263326771198,1.0004738277724847,0.1729856266069269,0.1387374438221203,0.7045543843273712,0.0680055505463585,0.0909667359343411,0.0636687388738781,0.2510566229419122,0.0595266488531878,0.6713973330307329,-0.0006905656221286,-0.0008425366531505,656.0,0.0,0.8523046329128582,0.1509575400611467,0.2005536674721244,0.6479602930950665,0.2655503599204205,0.1926771538050761,0.367520227322573,0.0159832471722322,0.4383192764607815,0.0472699422103378,100000,30,10,0.1,3.0,0.1,0,9,0.001,1e-06,0.001,1e-07,1.0,1e-08,adamax,0,0.0,disordered,1,0.2544015589024802,0 days 05:32:02.756286,0.0006905914123892,1.7543064984002135,1.6580612446534173
86,86,86,86,0.31260072430687,0.31260072430687,0.31260072430687,0.31260072430687,0.31260072430687,0.31260072430687,0.31260072430687,0.31260072430687,0.31260072430687,0.31260072430687,0.0845324962695244,0.0715871838418622,0.0426985321708866,0.2261042865920443,0.1678909448721739,0.15683363915479,0.6828409284522913,0.0719516633674579,0.0489173038810869,1.0000390928985523,-0.0006051804991708,-0.0006993144543589,1218.0,0.0,0.2447102483994975,0.2175422008613383,0.3294452338784563,0.1253899564827365,0.4711964164244566,0.6878566433246712,0.338928923504192,0.9271932187857496,0.8597668788883609,0.3060151354329368,100000,30,10,0.1,3.0,0.1,0,9,0.001,1e-06,0.001,1e-07,1.0,1e-08,adamax,0,0.0,disordered,1,0.3164313088810396,0 days 05:32:02.756286,0.0006052085827634,1.7062617050480116,1.5204200139009691
87,87,87,87,0.333461801578636,0.333461801578636,0.333461801578636,0.333461801578636,0.333461801578636,0.333461801578636,0.333461801578636,0.333461801578636,0.333461801578636,0.333461801578636,0.5789185241757256,0.919543879795475,4.908135504334706e-05,0.2904104546105943,0.1015319997152356,0.9953237778145394,0.1479131541307684,0.2446201631274866,0.0001489138502846,4.163708708055303e-05,-0.0006374532481899,-0.0008111397732989,8514.0,1.0,0.038900403522143,0.7681917007692237,0.2400123129050898,0.3321610405787516,0.5793352263468351,0.998879676887163,0.2996775666119918,0.4685230029239946,0.6274508828630837,0.6833723791568794,100000,30,10,0.1,3.0,0.1,0,9,0.001,1e-06,0.001,1e-07,1.0,1e-08,adamax,0,0.0,disordered,1,0.3338969967381382,0 days 05:32:02.756286,0.0006374537446143,1.6835524157232966,1.5708412451337013
88,88,88,88,0.3444087275973818,0.3444087275973818,0.3444087275973818,0.3444087275973818,0.3444087275973818,0.3444087275973818,0.3444087275973818,0.3444087275973818,0.3444087275973818,0.3444087275973818,0.8053751543086625,0.0005142378777335,0.0005402900180238,0.618001703983854,0.115108896901576,1.0000158770214973,0.2431484582929713,0.0006675321931942,0.0007601197966764,0.0005901316048797,-0.0006184857801235,-0.0008626771551683,5081.0,0.0,0.2121661834498004,0.595321747502258,0.5441064429064965,0.6585798628076089,0.114996975033249,0.126294515936877,0.9755274904159574,0.8213015645453736,0.8275573150954998,0.9341044081009072,100000,30,10,0.1,3.0,0.1,0,9,0.001,1e-06,0.001,1e-07,1.0,1e-08,adamax,0,0.0,disordered,1,0.3432277105523282,0 days 05:32:02.756286,0.0006184887790564,1.7060851146839304,1.5862007046114972
89,89,89,89,0.2747120789270809,0.2747120789270809,0.2747120789270809,0.2747120789270809,0.2747120789270809,0.2747120789270809,0.2747120789270809,0.2747120789270809,0.2747120789270809,0.2747120789270809,0.2421258395305287,0.5192377010000744,0.1455643532265373,1.0808329270961686e-05,1.6523663773664557e-05,4.355678420810469e-05,0.4960542620902142,0.3017452171374951,0.5205030854952126,5.447794650175477e-05,-0.0006696274250438,-0.0007831738155375,8032.0,1.0,0.9606477600179142,0.3934875320999323,0.7540671762368577,0.6416200925555191,0.5598502694613712,0.6793483833215337,0.3194334511245228,0.8621787179353753,0.4070223282075782,0.1481786877104517,100000,30,10,0.1,3.0,0.1,0,9,0.001,1e-06,0.001,1e-07,1.0,1e-08,adamax,0,0.0,disordered,1,0.2784046485912057,0 days 05:32:02.756286,0.0006696651850566,1.826550723299873,1.6456804132996548
90,90,90,90,0.4047756965997316,0.4047756965997316,0.4047756965997316,0.4047756965997316,0.4047756965997316,0.4047756965997316,0.4047756965997316,0.4047756965997316,0.4047756965997316,0.4047756965997316,1.000255427783229,0.1758158414062262,0.5381099383228979,0.7378662558318103,0.3714475548675184,0.7535835488194308,0.1949497956973813,0.3527675686775767,0.1584412984095184,0.1840668522458117,-0.0004989001869069,-0.0005603297349868,433.0,0.0,0.01098085101386,0.6391893320658769,0.2316316889649254,0.9560655599081944,0.195004457412108,0.3161794080516598,0.9841316837334272,0.5198546202904285,0.9220245989560004,0.781437673828669,100000,30,10,0.1,3.0,0.1,0,9,0.001,1e-06,0.001,1e-07,1.0,1e-08,adamax,0,0.0,disordered,1,0.3990453814855945,0 days 05:32:02.756286,0.0004989327952637,1.6536067873678695,1.6192273087583724
91,91,91,91,0.4047756965997316,0.4047756965997316,0.4047756965997316,0.4047756965997316,0.4047756965997316,0.4047756965997316,0.4047756965997316,0.4047756965997316,0.4047756965997316,0.4047756965997316,0.1060684914730825,0.2451791767829735,0.0788702654402547,1.0000386724830774,0.0575211121908873,0.0370936848008427,0.0363732789369251,0.0759016132204917,0.6943839985353512,0.7198017962746782,-0.0005147268395592,-0.0006252640827787,1682.0,0.0,0.1189656934694649,0.2159834369804282,0.3871775574072005,0.8809562507227594,0.3339882823452316,0.463082038554324,0.4807654820193242,0.3247552471025198,0.7864852844832143,0.0548267275661812,100000,30,10,0.1,3.0,0.1,0,9,0.001,1e-06,0.001,1e-07,1.0,1e-08,adamax,0,0.0,disordered,1,0.4077378178374277,0 days 05:32:02.756286,0.0005147378690775,1.6381793279509693,1.5009299432797236
92,92,92,92,0.3026648059395688,0.3026648059395688,0.3026648059395688,0.3026648059395688,0.3026648059395688,0.3026648059395688,0.3026648059395688,0.3026648059395688,0.3026648059395688,0.3026648059395688,0.8045929398846102,0.4290915065965403,0.0174191676477252,0.1086420071331332,1.2290518743745952e-05,0.1158024604062965,1.1009047637999876e-05,0.9535293104136968,3.175693905896371e-05,5.167809166261203e-05,-0.000685291458096,-0.0008943203086954,8072.0,1.0,0.2259101612470958,0.8250852070925885,0.6163417034041984,0.51182482978383,0.3695079637628718,0.1301395767928599,0.4567843092033645,0.9870944758123702,0.5950884747622851,0.5765793507415918,100000,30,10,0.1,3.0,0.1,0,9,0.001,1e-06,0.001,1e-07,1.0,1e-08,adamax,0,0.0,disordered,1,0.2995493528517584,0 days 05:32:02.756286,0.0006853199994497,2.11301588702163,1.517136640427251
93,93,93,93,0.3444087275973818,0.3444087275973818,0.3444087275973818,0.3444087275973818,0.3444087275973818,0.3444087275973818,0.3444087275973818,0.3444087275973818,0.3444087275973818,0.3444087275973818,2.952765260229701e-05,0.0643788086412871,2.268804473170135e-05,0.445832821683736,4.709496155161821e-06,2.6607597265391435e-06,5.172359095423585e-06,0.345359304579619,0.3210080719501607,0.9694852692845418,-0.0005590060525089,-0.0007535425506039,8324.0,1.0,0.9901185849563507,0.8854033802553948,0.9991993182784584,0.9536333395616264,0.6674968517385982,0.3053121936604561,0.6281431780271564,0.3482098358137734,0.810769530791913,0.1373004610757547,100000,30,10,0.1,3.0,0.1,0,9,0.001,1e-06,0.001,1e-07,1.0,1e-08,adamax,0,0.0,disordered,1,0.3444906684604454,0 days 05:32:02.756286,0.0005590060716,1.7508928315795047,1.5137338840726284
94,94,94,94,0.333461801578636,0.333461801578636,0.333461801578636,0.333461801578636,0.333461801578636,0.333461801578636,0.333461801578636,0.333461801578636,0.333461801578636,0.333461801578636,0.0211916857489301,0.6147084915837705,5.2762903317390805e-05,0.3815452353966596,0.2649357515078361,0.3513814738398638,0.6751166491586494,0.2182293374686802,0.0777434784124355,5.1326722281008464e-05,-0.000629881209862,-0.0007174065591955,7978.0,1.0,0.4625463334785304,0.8407760221468864,0.4545120864552048,0.6010178494198809,0.098282937984683,0.2851049834564449,0.954485228687717,0.6569395453324917,0.3649391687249511,0.5168811759658247,100000,30,10,0.1,3.0,0.1,0,9,0.001,1e-06,0.001,1e-07,1.0,1e-08,adamax,0,0.0,disordered,1,0.3304405915427298,0 days 05:32:02.756286,0.000629902303294,1.6975884983989757,1.6129065526146158
95,95,95,95,0.2054117348353062,0.2054117348353062,0.2054117348353062,0.2054117348353062,0.2054117348353062,0.2054117348353062,0.2054117348353062,0.2054117348353062,0.2054117348353062,0.2054117348353062,0.0644124257473401,2.5918798269132885e-05,0.7482219838772572,0.0008896485657433,0.3033731537970481,0.2199216849549953,1.027691779226849e-05,0.2729764633886527,0.0990019289290218,1.0164160467240823e-05,-0.0009161625687277,-0.0010718499899064,8628.0,1.0,0.7748685781334842,0.7874703499468639,0.8279679389790622,0.2896426787975475,0.2383059387980907,0.6385084824992602,0.5272006473755549,0.5648867514980614,0.2146149182040537,0.3186241281654006,100000,30,10,0.1,3.0,0.1,0,9,0.001,1e-06,0.001,1e-07,1.0,1e-08,adamax,0,0.0,disordered,1,0.2052425340808892,0 days 05:32:02.756286,0.0009161627389244,1.776985647738323,1.690559910521053
96,96,96,96,0.4606028844202396,0.4606028844202396,0.4606028844202396,0.4606028844202396,0.4606028844202396,0.4606028844202396,0.4606028844202396,0.4606028844202396,0.4606028844202396,0.4606028844202396,0.1263106521079331,0.2529174394025123,0.1357294956459998,0.9438460376710912,0.6204740310442471,0.4831692526931944,0.1569009665490211,1.0001237121962647,0.1334740934003476,0.148641859285048,-0.0004437024114583,-0.0005022142580456,566.0,0.0,0.7520531805662839,0.3583232572055379,0.7574855506164321,0.0466446628262281,0.9508661797045698,0.208073038688888,0.4782076330508558,0.9208852532322118,0.2534796826385556,0.22738427258263,100000,30,10,0.1,3.0,0.1,0,9,0.001,1e-06,0.001,1e-07,1.0,1e-08,adamax,0,0.0,disordered,1,0.4548959492213131,0 days 05:32:02.756286,0.0004437258910584,1.71440842716154,1.6569507036295625
97,97,97,97,0.367392478180207,0.367392478180207,0.367392478180207,0.367392478180207,0.367392478180207,0.367392478180207,0.367392478180207,0.367392478180207,0.367392478180207,0.367392478180207,9.186964283816806e-05,0.6041482209568979,4.437093436915573e-05,0.5319455131671477,0.242775684589267,0.2151473099332673,0.1412426059452023,0.937885401452956,8.201690265520904e-05,0.2893045473996057,-0.0005683520203287,-0.0006444948155138,7925.0,1.0,0.9856407059323568,0.9044301672206756,0.5322461972191177,0.0610219450589694,0.6046687082088471,0.2515781875767063,0.2140104759049822,0.9321430366726656,0.6194232422172982,0.4440395249769181,100000,30,10,0.1,3.0,0.1,0,9,0.001,1e-06,0.001,1e-07,1.0,1e-08,adamax,0,0.0,disordered,1,0.3621015852740005,0 days 05:32:02.756286,0.0005683987956555,1.7690838257022525,1.622324249805108
98,98,98,98,0.3026648059395688,0.3026648059395688,0.3026648059395688,0.3026648059395688,0.3026648059395688,0.3026648059395688,0.3026648059395688,0.3026648059395688,0.3026648059395688,0.3026648059395688,0.5525201698422652,0.1382223761271464,1.0000264844557385,0.0298501600555822,0.3910814913341198,0.0532126611770792,0.2519047209306634,0.033446046806659,0.3924156976158979,0.4916053307865516,-0.0006390958252836,-0.0007196846954641,1524.0,0.0,0.0626588585856636,0.3716213986030104,0.863983149761172,0.302676282624697,0.3227942730688419,0.6068560668114126,0.2521406786205266,0.5569347628095851,0.7686825338221793,0.2866737766544271,100000,30,10,0.1,3.0,0.1,0,9,0.001,1e-06,0.001,1e-07,1.0,1e-08,adamax,0,0.0,disordered,1,0.3073003846397498,0 days 05:32:02.756286,0.0006391469649309,1.718464848441468,1.55600000447534
99,99,99,99,0.1925613572129196,0.1925613572129196,0.1925613572129196,0.1925613572129196,0.1925613572129196,0.1925613572129196,0.1925613572129196,0.1925613572129196,0.1925613572129196,0.1925613572129196,9.302097825780588e-06,1.8730700199681783e-05,0.1756943200114489,0.0181122478787358,0.1280388601833842,0.6552257529456704,9.559459375216344e-06,0.9362357446019453,7.442254906916425e-06,0.0615080930514505,-0.000518239451259,-0.0007744663746337,8649.0,1.0,0.4727508707947953,0.5762673366342947,0.363331391445274,0.2236183745546042,0.1144018670174983,0.5654837920917276,0.937429217870874,0.0187662025074489,0.8656634618701456,0.9624731102430444,100000,30,10,0.1,3.0,0.1,0,9,0.001,1e-06,0.001,1e-07,1.0,1e-08,adamax,0,0.0,disordered,1,0.1901034762592089,0 days 05:32:02.756286,0.0005182504488299,1.950123467244627,1.8316007392290015
100,100,100,100,0.1148471547840287,0.1148471547840287,0.1148471547840287,0.1148471547840287,0.1148471547840287,0.1148471547840287,0.1148471547840287,0.1148471547840287,0.1148471547840287,0.1148471547840287,0.4537151805427211,0.4377097987245016,8.039243207040282e-07,5.29204017165921e-07,0.0027235456007809,0.0700949973579552,3.105856659613989e-07,3.384999144193785e-07,6.466817027607883e-07,0.5027479141327557,-0.0009232573523004,-0.0014908346488829,9438.0,1.0,0.5423265014841474,0.967883458447882,0.7047824365175038,0.5452252080293496,0.4636750178949943,0.4663990069336898,0.6819967270741285,0.2345053687759503,0.7154011245036019,0.490989737027474,100000,30,10,0.1,3.0,0.1,0,9,0.001,1e-06,0.001,1e-07,1.0,1e-08,adamax,0,0.0,disordered,1,0.1137509115082471,0 days 05:32:02.756286,0.0009232689368915,2.8741832202462967,1.892691317462166
101,101,101,101,0.3228628202536728,0.3228628202536728,0.3228628202536728,0.3228628202536728,0.3228628202536728,0.3228628202536728,0.3228628202536728,0.3228628202536728,0.3228628202536728,0.3228628202536728,0.0304606991193124,1.0000584399345418,0.1199856163997178,0.0435547027304452,0.0758904894132757,0.7106162433552496,0.0670026708614246,0.0429964406331993,0.6300495213599993,0.113756816670567,-0.0006261288345161,-0.0007067366785972,1095.0,0.0,0.6746622185381884,0.9408617504122404,0.2334536817920307,0.4032255184610195,0.2751601289752232,0.0526764147171315,0.6220897071828432,0.628520015007522,0.9994108501412068,0.6010269037381571,100000,30,10,0.1,3.0,0.1,0,9,0.001,1e-06,0.001,1e-07,1.0,1e-08,adamax,0,0.0,disordered,1,0.3233743687439254,0 days 05:32:02.756286,0.00062612947212,1.973957637751774,1.5801346069338011
102,102,102,102,0.4047756965997316,0.4047756965997316,0.4047756965997316,0.4047756965997316,0.4047756965997316,0.4047756965997316,0.4047756965997316,0.4047756965997316,0.4047756965997316,0.4047756965997316,0.2651546677181401,1.0006213137072415,0.508267019215722,0.1108031527795403,0.8414482449767626,0.2151119932262134,0.1232406468521161,0.9382017284040828,0.1127083795424808,0.143115810649531,-0.0005200752090777,-0.0005769400910102,599.0,0.0,0.3961064626087849,0.9011587193387256,0.0153843211944366,0.3027069692435673,0.7519290472142671,0.1614870135216741,0.3612359751794584,0.8490636365580233,0.3446746493451292,0.242960708934384,100000,30,10,0.1,3.0,0.1,0,9,0.001,1e-06,0.001,1e-07,1.0,1e-08,adamax,0,0.0,disordered,1,0.4071119577830892,0 days 05:32:02.756286,0.0005200823075868,1.6687290085828976,1.6075616437619344
103,103,103,103,0.2837303616516209,0.2837303616516209,0.2837303616516209,0.2837303616516209,0.2837303616516209,0.2837303616516209,0.2837303616516209,0.2837303616516209,0.2837303616516209,0.2837303616516209,0.0001524016059324,0.8530692352015862,0.7292229728880505,0.0001893224797114,0.1260119645724446,0.1309773397945547,0.003654132139406,0.6791655932222274,5.695095043142187e-05,0.5224128886111211,-0.0006586230728988,-0.0007246186901089,7520.0,1.0,0.8905882682808496,0.0774172052746193,0.856691807280719,0.3153846173974736,0.2077847171545707,0.4878787630597822,0.4834181147525649,0.9646969872568616,0.7525046995401022,0.4601224335495554,100000,30,10,0.1,3.0,0.1,0,9,0.001,1e-06,0.001,1e-07,1.0,1e-08,adamax,0,0.0,disordered,1,0.2802554557841783,0 days 05:32:02.756286,0.0006586541901093,1.713218782777567,1.6429641408309954
104,104,104,104,0.2659804395593755,0.2659804395593755,0.2659804395593755,0.2659804395593755,0.2659804395593755,0.2659804395593755,0.2659804395593755,0.2659804395593755,0.2659804395593755,0.2659804395593755,0.2053585373193942,1.0003236188113434,0.0950088563544622,0.4944985467837138,0.0640006624749088,0.0939213404047087,0.4103043965538137,0.300276568036777,0.0581812196331371,0.0618553460685677,-0.0006792724891419,-0.0008351969862783,755.0,0.0,0.559448179377736,0.3183682671306512,0.9827215923343974,0.3859388031179065,0.8856894269797009,0.6560771856866561,0.9161440724365804,0.3545676606804618,0.4166964266045845,0.3693269630957549,100000,30,10,0.1,3.0,0.1,0,9,0.001,1e-06,0.001,1e-07,1.0,1e-08,adamax,0,0.0,disordered,1,0.2670078590720247,0 days 05:32:02.756286,0.0006792750634717,1.757196917316309,1.6425956831664408
105,105,105,105,0.2191196687578146,0.2191196687578146,0.2191196687578146,0.2191196687578146,0.2191196687578146,0.2191196687578146,0.2191196687578146,0.2191196687578146,0.2191196687578146,0.2191196687578146,0.1551456255854059,0.3859548150707514,9.999832162074097e-08,0.1161054208585846,1.1360055569577029e-07,0.2540094473779986,0.3985466744252269,0.072472335130461,1.1206806552013308e-06,0.7356438486547893,-0.0008223528243245,-0.0009507193412001,59853.0,0.0,0.8270428182013859,0.9531227652913028,0.8245693322036489,0.4514212725251594,0.8290967274280593,0.7301863689728796,0.5191332376501886,0.1834950095969402,0.2378709334464719,0.7037642552418423,100000,30,10,0.1,3.0,0.1,0,9,0.001,1e-06,0.001,1e-07,1.0,1e-08,adamax,0,0.0,disordered,1,0.2169619554721684,0 days 05:32:02.756286,0.0008223752539013,1.9197045422138228,1.674604202591307
106,106,106,106,0.1535934676510895,0.1535934676510895,0.1535934676510895,0.1535934676510895,0.1535934676510895,0.1535934676510895,0.1535934676510895,0.1535934676510895,0.1535934676510895,0.1535934676510895,0.6248649231880045,0.1538423647192833,0.1613500190311266,4.047510487346858e-07,0.2541015663935341,0.3074453130167063,1.322264114775034e-07,9.999914306999497e-08,1.3145855947940524e-07,0.0677813216759527,-0.0012194224902527,-0.0016046341165295,26812.0,0.0,0.1987394069753326,0.5603459846190683,0.8041887075195945,0.6538980773741612,0.6097557171857994,0.2577333633717787,0.119935968613166,0.0339098497467681,0.0463400935683828,0.2317624605308721,100000,30,10,0.1,3.0,0.1,0,9,0.001,1e-06,0.001,1e-07,1.0,1e-08,adamax,0,0.0,disordered,1,0.1525692915934873,0 days 05:32:02.756286,0.0012194417312196,1.5848357810682274,1.4802750852310116
107,107,107,107,0.2337423870891812,0.2337423870891812,0.2337423870891812,0.2337423870891812,0.2337423870891812,0.2337423870891812,0.2337423870891812,0.2337423870891812,0.2337423870891812,0.2337423870891812,0.2608648477131285,2.455989454361402e-05,3.2484938843196416e-06,1.8670146776797828e-05,0.2756278938499343,0.1897588178992588,0.1232556630883279,0.670345471208004,0.0890150638329809,0.411737908320935,-0.0006906146649997,-0.0007647531058203,8047.0,1.0,0.5576826791052716,0.4236802611593196,0.2040989308365327,0.3026871386777993,0.4612512907545262,0.798942229904156,0.6559291488966292,0.0409055308440315,0.4815189960665327,0.1859971408619078,100000,30,10,0.1,3.0,0.1,0,9,0.001,1e-06,0.001,1e-07,1.0,1e-08,adamax,0,0.0,disordered,1,0.2346133644906678,0 days 05:32:02.756286,0.000690616557703,1.8994358200081225,1.6194645131196554
108,108,108,108,0.2747120789270809,0.2747120789270809,0.2747120789270809,0.2747120789270809,0.2747120789270809,0.2747120789270809,0.2747120789270809,0.2747120789270809,0.2747120789270809,0.2747120789270809,2.448753697376716e-05,6.477504078374436e-06,0.2497546121116449,1.36453373443092e-05,7.682465048593855e-05,0.1715440068239076,0.5022924821560188,0.3836056774445442,0.3536523335784951,3.72030515812164e-05,-0.0007177093125266,-0.0008163983797975,8610.0,1.0,0.8548328677142727,0.8849042337673497,0.5546647111131409,0.7364080424825971,0.686781002516244,0.8168348678564569,0.2788157443291197,0.2292883141352593,0.7463090556139563,0.9590819260938424,100000,30,10,0.1,3.0,0.1,0,9,0.001,1e-06,0.001,1e-07,1.0,1e-08,adamax,0,0.0,disordered,1,0.2753106173005729,0 days 05:32:02.756286,0.0007177108550258,2.515862033503066,1.7060458048078695
109,109,109,109,0.3228628202536728,0.3228628202536728,0.3228628202536728,0.3228628202536728,0.3228628202536728,0.3228628202536728,0.3228628202536728,0.3228628202536728,0.3228628202536728,0.3228628202536728,0.7043927567980552,5.161889467006765e-05,8.524987173055369e-05,0.1555301265338526,0.5387539718125378,0.4701830448791195,0.0001206941495634,0.1787052206040088,0.6639574523161981,4.312729932427053e-05,-0.0006308316363337,-0.0007132083302078,7842.0,1.0,0.2298178228373562,0.5677739835398896,0.5442195125318621,0.3735582233951082,0.7502377867354061,0.1317663476758382,0.3717770738280922,0.4310672285924066,0.9529997793113488,0.6843037903798886,100000,30,10,0.1,3.0,0.1,0,9,0.001,1e-06,0.001,1e-07,1.0,1e-08,adamax,0,0.0,disordered,1,0.3263523968637195,0 days 05:32:02.756286,0.0006308604755865,1.6741509575142879,1.585544349647159
110,110,110,110,0.293044697697214,0.293044697697214,0.293044697697214,0.293044697697214,0.293044697697214,0.293044697697214,0.293044697697214,0.293044697697214,0.293044697697214,0.293044697697214,0.2222313135697267,0.8371007893808863,0.4280291705821109,1.461736311913927e-07,0.3705607118175744,0.5072178069125128,9.999451111261673e-08,2.170520794360229e-07,0.0295429751059015,1.7372817259749012e-06,-0.0006941360155598,-0.0009364535814309,19596.0,0.0,0.7109588786233508,0.9997911436030892,0.2267787050296258,0.6035266324041912,0.1076616957623852,0.1624966741586189,0.6961278409738247,0.8259834276770187,0.6357975895967353,0.5797828945619068,100000,30,10,0.1,3.0,0.1,0,9,0.001,1e-06,0.001,1e-07,1.0,1e-08,adamax,0,0.0,disordered,1,0.2885913595649367,0 days 05:32:02.756286,0.0006941942959634,2.570087780918698,1.6541110742651246
111,111,111,111,0.091605984754437,0.091605984754437,0.091605984754437,0.091605984754437,0.091605984754437,0.091605984754437,0.091605984754437,0.091605984754437,0.091605984754437,0.091605984754437,0.0356218175854987,5.0907585028084295e-06,0.0165329835103842,4.880418787649771e-06,0.082226918016317,0.1059775379103732,0.7312279999101173,3.1188205125166304e-06,0.6174377357073125,9.29693305566902e-05,-0.0005644472035954,-0.0007560801005248,8096.0,1.0,0.790630726295852,0.9562374211517236,0.9255221732521834,0.8087770068293173,0.4321179044971832,0.7663340080029579,0.2338323123187341,0.904048678156823,0.2797343041595618,0.9803847111856008,100000,30,10,0.1,3.0,0.1,0,9,0.001,1e-06,0.001,1e-07,1.0,1e-08,adamax,0,0.0,disordered,1,0.0902142457529967,0 days 05:32:02.756286,0.0005644653802081,2.921404664653523,2.2934937681844887
112,112,112,112,0.3919100249433399,0.3919100249433399,0.3919100249433399,0.3919100249433399,0.3919100249433399,0.3919100249433399,0.3919100249433399,0.3919100249433399,0.3919100249433399,0.3919100249433399,0.0001487299658017,0.0734001894753691,8.813762696548678e-05,0.3500454320577188,0.0004943242441514,0.6827253962485984,0.2167341043415452,0.5296537165602948,0.6188280783096491,0.0001425016327718,-0.0005373123032068,-0.0006011168059589,7454.0,1.0,0.3016832549624413,0.2640832767535498,0.3363274420383708,0.4851418951388808,0.2002006434705995,0.2637231920312685,0.8842365683840808,0.9313198157180764,0.1553798826124388,0.4413512264260195,100000,30,10,0.1,3.0,0.1,0,9,0.001,1e-06,0.001,1e-07,1.0,1e-08,adamax,0,0.0,disordered,1,0.3963237773772984,0 days 05:32:02.756286,0.0005373410681047,1.7951429699025143,1.5337986931763008
113,113,113,113,0.0601948197382726,0.0601948197382726,0.0601948197382726,0.0601948197382726,0.0601948197382726,0.0601948197382726,0.0601948197382726,0.0601948197382726,0.0601948197382726,0.0601948197382726,1.0010257050197284,0.0509808659716266,0.0112417052528624,0.6254423202372997,0.0041554689723747,0.0033924732006086,0.3057729994927485,0.0040119632809341,0.0191955898678279,0.0478174937895742,-0.0007187418469141,-0.0010531588331788,1303.0,0.0,0.4198464085418141,0.8282891159533825,0.6604139492479763,0.4080416756397663,0.788695792970943,0.6051509888335281,0.2093610962463399,0.7926281560532956,0.4656375164822883,0.8869505002259676,100000,30,10,0.1,3.0,0.1,0,9,0.001,1e-06,0.001,1e-07,1.0,1e-08,adamax,0,0.0,disordered,1,0.0601892073996026,0 days 05:32:02.756286,0.0007187418434723,2.6821021007127954,2.4202049092662974
114,114,114,114,0.2659804395593755,0.2659804395593755,0.2659804395593755,0.2659804395593755,0.2659804395593755,0.2659804395593755,0.2659804395593755,0.2659804395593755,0.2659804395593755,0.2659804395593755,0.0855707406339262,0.646840922909978,0.3155368445183072,2.055262668148273e-05,3.766775519114614e-05,0.1027735817372081,0.0595234526563187,0.7407377471101063,0.1717559134388736,0.5218003998211813,-0.0006473097439532,-0.0007509663090975,7841.0,1.0,0.6652286902850271,0.1511461071182099,0.7566756965413822,0.5812057528556136,0.5415794581404321,0.4197375547591516,0.66289024476234,0.063289788225274,0.5038335624770842,0.935506718815235,100000,30,10,0.1,3.0,0.1,0,9,0.001,1e-06,0.001,1e-07,1.0,1e-08,adamax,0,0.0,disordered,1,0.268218088024642,0 days 05:32:02.756286,0.0006473220264205,2.1296057683986107,1.6849612511979064
115,115,115,115,0.31260072430687,0.31260072430687,0.31260072430687,0.31260072430687,0.31260072430687,0.31260072430687,0.31260072430687,0.31260072430687,0.31260072430687,0.31260072430687,0.1230665036186023,0.4072466335020309,0.0002525765194937,7.877519609080397e-05,3.9649825152202194e-05,0.3062146648712751,0.0002551105718568,0.4549891532335675,0.6531432111803859,4.647223257094893e-05,-0.0006476383082883,-0.0007909059914238,8103.0,1.0,0.2048671372175592,0.137013393890617,0.4105203445189851,0.5195104419443821,0.3765258345746637,0.4839410295657812,0.6746681273088498,0.7927785685533543,0.0515914868847581,0.3817122140834397,100000,30,10,0.1,3.0,0.1,0,9,0.001,1e-06,0.001,1e-07,1.0,1e-08,adamax,0,0.0,disordered,1,0.3147409231714966,0 days 05:32:02.756286,0.0006476506735259,1.9327499320694115,1.481083101006551
116,116,116,116,0.333461801578636,0.333461801578636,0.333461801578636,0.333461801578636,0.333461801578636,0.333461801578636,0.333461801578636,0.333461801578636,0.333461801578636,0.333461801578636,0.136013645231519,1.0002807709024688,0.5637228896128411,0.1384923078725952,0.1031392775354533,0.1887963031341471,0.1875875555072728,0.4411088156346664,0.4384601297143726,0.0933039548630065,-0.0006132933655941,-0.0006924871583087,748.0,0.0,0.6192309160099487,0.0209156604668269,0.949196085805464,0.6408209766622542,0.4850036743611498,0.4483143018991906,0.1472576819398338,0.0662550030853231,0.6809667073821352,0.923986139489024,100000,30,10,0.1,3.0,0.1,0,9,0.001,1e-06,0.001,1e-07,1.0,1e-08,adamax,0,0.0,disordered,1,0.3341719259554091,0 days 05:32:02.756286,0.0006132945490048,1.640604352433798,1.599821353576411
117,117,117,117,0.3228628202536728,0.3228628202536728,0.3228628202536728,0.3228628202536728,0.3228628202536728,0.3228628202536728,0.3228628202536728,0.3228628202536728,0.3228628202536728,0.3228628202536728,1.0001428374789123,0.2058147616073622,0.6082477105669852,0.1115986692014804,0.1022298429578454,0.1954053010524926,0.1542910430859703,0.0930820916816759,0.2327308616212575,0.943278962053052,-0.0006269532549988,-0.0007745543094543,601.0,0.0,0.79236850187799,0.021454334921551,0.0389684819440877,0.5126584980908546,0.5732641256148879,0.6063464038688403,0.8760248254439775,0.897865788127695,0.9892944308928155,0.3336362814836187,100000,30,10,0.1,3.0,0.1,0,9,0.001,1e-06,0.001,1e-07,1.0,1e-08,adamax,0,0.0,disordered,1,0.3231864889681501,0 days 05:32:02.756286,0.0006269534609291,1.4332311483576958,1.5096574197058796
118,118,118,118,0.2659804395593755,0.2659804395593755,0.2659804395593755,0.2659804395593755,0.2659804395593755,0.2659804395593755,0.2659804395593755,0.2659804395593755,0.2659804395593755,0.2659804395593755,0.7016944388113127,0.3223184934664555,0.0977272183848801,1.0005804421059017,0.3036864292517122,0.2951862040817353,0.2378184078031089,0.1884309067863485,0.1061646340541487,0.0724994598290586,-0.0006597305421044,-0.000766481122301,699.0,0.0,0.4685438744054826,0.993629312938368,0.7003627951620519,0.0574349150226748,0.9095515927383748,0.6166727366896131,0.1937122517675252,0.3477290547245186,0.5776592921086124,0.6527664441151828,100000,30,10,0.1,3.0,0.1,0,9,0.001,1e-06,0.001,1e-07,1.0,1e-08,adamax,0,0.0,disordered,1,0.2671252916946954,0 days 05:32:02.756286,0.0006597338929636,1.7548469502741775,1.7358162329096571
119,119,119,119,0.3919100249433399,0.3919100249433399,0.3919100249433399,0.3919100249433399,0.3919100249433399,0.3919100249433399,0.3919100249433399,0.3919100249433399,0.3919100249433399,0.3919100249433399,0.3757351556269522,0.2494294263625901,2.07921351054301e-05,0.862567913137652,9.999791850321568e-08,0.7248021619098087,0.8899963416897791,1.0994545387241433e-07,0.2558868406417899,0.0788529791661034,-0.0005287417800405,-0.0006356083049383,44533.0,0.0,0.410728475381375,0.7443590959461956,0.5328265257248977,0.9747578061892131,0.8534960630493873,0.1500965432951359,0.1030876914121305,0.8535295930326651,0.6077306724577283,0.9762235664604278,100000,30,10,0.1,3.0,0.1,0,9,0.001,1e-06,0.001,1e-07,1.0,1e-08,adamax,0,0.0,disordered,1,0.3857667150495407,0 days 05:32:02.756286,0.0005287908194859,2.242346102672762,1.635652208147744
120,120,120,120,0.3919100249433399,0.3919100249433399,0.3919100249433399,0.3919100249433399,0.3919100249433399,0.3919100249433399,0.3919100249433399,0.3919100249433399,0.3919100249433399,0.3919100249433399,0.2696816408715671,0.1479864724497048,0.969024138979127,0.14708257894415,0.6731365926164816,0.0838431531639848,0.1091189046421307,0.1134770829827497,0.3224363487761608,1.0003253041207023,-0.0004971276470887,-0.0006112104738847,677.0,0.0,0.435834779462619,0.1792983733266665,0.0369883463752735,0.7685847217103081,0.0835179293669268,0.6439031526829808,0.5635435668373796,0.739568320401929,0.943891263002008,0.2365214903841666,100000,30,10,0.1,3.0,0.1,0,9,0.001,1e-06,0.001,1e-07,1.0,1e-08,adamax,0,0.0,disordered,1,0.3954825340963212,0 days 05:32:02.756286,0.0004971410858361,1.7721431568355137,1.5849344129574794
121,121,121,121,0.4317879727332017,0.4317879727332017,0.4317879727332017,0.4317879727332017,0.4317879727332017,0.4317879727332017,0.4317879727332017,0.4317879727332017,0.4317879727332017,0.4317879727332017,0.0003160653202772,0.7583078116198774,0.1760779349615577,0.0001637210749321,0.8473937134101202,0.3224945989942822,0.4390148626718133,0.4458976443349453,0.0001433857191502,0.9685163788311336,-0.0004898731852705,-0.0005226915683427,7396.0,1.0,0.4826040926959499,0.7515620687294599,0.2023581685917818,0.0920116234928242,0.1380229866068717,0.9316879857781158,0.7894252030152007,0.2004108507488413,0.0158897298359887,0.6378190116729733,100000,30,10,0.1,3.0,0.1,0,9,0.001,1e-06,0.001,1e-07,1.0,1e-08,adamax,0,0.0,disordered,1,0.4338569191294538,0 days 05:32:02.756286,0.0004898778775631,1.5778884346565252,1.579062760685705
122,122,122,122,0.2121550171362449,0.2121550171362449,0.2121550171362449,0.2121550171362449,0.2121550171362449,0.2121550171362449,0.2121550171362449,0.2121550171362449,0.2121550171362449,0.2121550171362449,3.970489427529211e-06,1.4332345662780522e-06,4.987294474718728e-06,0.2674263419622372,0.7474398729946226,0.1272328575571563,0.3058490461555983,6.057996793268104e-06,2.980619925343745e-05,7.65050770071858e-05,-0.0008532628847195,-0.0011685768619918,8894.0,1.0,0.3219068800907684,0.227954613732546,0.1995556372938079,0.4722253635804095,0.3422514539903797,0.9402172918894702,0.5658874773949365,0.9001261446978802,0.9246386652645656,0.9001324900548501,100000,30,10,0.1,3.0,0.1,0,9,0.001,1e-06,0.001,1e-07,1.0,1e-08,adamax,0,0.0,disordered,1,0.2088505752815214,0 days 05:32:02.756286,0.0008533270930508,1.7883714331619525,1.6537698901143514
123,123,123,123,0.367392478180207,0.367392478180207,0.367392478180207,0.367392478180207,0.367392478180207,0.367392478180207,0.367392478180207,0.367392478180207,0.367392478180207,0.367392478180207,0.1170835725157611,3.746566595344857e-05,3.428881615284578e-05,0.9013645393975334,0.7393854393523533,0.5791054687938234,0.195874542357934,0.0001457094164429,0.1117168911689688,0.1929455453753622,-0.000545214784029,-0.000691507554278,8210.0,1.0,0.4983454905287332,0.5832895646919062,0.5342589017236986,0.0202634807373287,0.9464100576900564,0.1510903531028005,0.5534559105858134,0.682647856788838,0.7863061131620858,0.5422231796108453,100000,30,10,0.1,3.0,0.1,0,9,0.001,1e-06,0.001,1e-07,1.0,1e-08,adamax,0,0.0,disordered,1,0.3631088365485601,0 days 05:32:02.756286,0.0005452417144378,2.1357258551109397,1.7187904574959567
124,124,124,124,0.31260072430687,0.31260072430687,0.31260072430687,0.31260072430687,0.31260072430687,0.31260072430687,0.31260072430687,0.31260072430687,0.31260072430687,0.31260072430687,0.4084165534989574,3.035740890037788e-05,5.681935963095432e-05,0.0733851638848219,0.0001569753097785,1.0000154119528548,0.7436630311336303,1.451953423713925e-05,6.353355139835398e-05,4.275930070585084e-05,-0.0006330280348866,-0.000814243894192,7150.0,0.0,0.6391108790301397,0.8271093594992666,0.6435283568596154,0.6668418155384968,0.8540520560504438,0.0734116669155326,0.518521050809158,0.0265520237612418,0.1513861713431294,0.0285064142169597,100000,30,10,0.1,3.0,0.1,0,9,0.001,1e-06,0.001,1e-07,1.0,1e-08,adamax,0,0.0,disordered,1,0.3170634054860035,0 days 05:32:02.756286,0.0006330758562223,1.826975891554595,1.5483440616810535
125,125,125,125,0.367392478180207,0.367392478180207,0.367392478180207,0.367392478180207,0.367392478180207,0.367392478180207,0.367392478180207,0.367392478180207,0.367392478180207,0.367392478180207,0.2655592231943377,0.2609733622331211,0.2340437803768221,0.132154595898759,0.1392939036083713,0.2199596048061749,0.3070050592295429,0.1340688061260126,0.3306498002143709,1.0007069451292283,-0.0005516666060188,-0.0006544437258611,563.0,0.0,0.8662414965178878,0.329738218002739,0.5211312073463263,0.7872579379890905,0.688896824749785,0.9263145604956078,0.4898036887229915,0.7024378150343941,0.8677546688910042,0.1071970230385482,100000,30,10,0.1,3.0,0.1,0,9,0.001,1e-06,0.001,1e-07,1.0,1e-08,adamax,0,0.0,disordered,1,0.3649465254146955,0 days 05:32:02.756286,0.0005516754553254,1.7173053715278448,1.5457364509576108
126,126,126,126,0.4047756965997316,0.4047756965997316,0.4047756965997316,0.4047756965997316,0.4047756965997316,0.4047756965997316,0.4047756965997316,0.4047756965997316,0.4047756965997316,0.4047756965997316,0.136830842656318,0.5493265213057203,0.0015997521578598,0.340157952561628,0.6869366723129755,0.0001326367407849,0.4572383899716739,0.9599437482120228,3.405334408359308e-05,0.7476897957868751,-0.000501136266572,-0.0005336377353159,7106.0,1.0,0.4698551588747217,0.0879942584045,0.5569643621342539,0.3133533464336471,0.8404982731519823,0.4683808695028418,0.16289530068774,0.8733791351470347,0.4258654966885558,0.0197112421874458,100000,30,10,0.1,3.0,0.1,0,9,0.001,1e-06,0.001,1e-07,1.0,1e-08,adamax,0,0.0,disordered,1,0.4102033048242441,0 days 05:32:02.756286,0.0005011691201195,1.7750192070695938,1.575656711442177
127,127,127,127,0.0564290847126253,0.0564290847126253,0.0564290847126253,0.0564290847126253,0.0564290847126253,0.0564290847126253,0.0564290847126253,0.0564290847126253,0.0564290847126253,0.0564290847126253,2.99546945569764e-07,0.1538196932309654,0.1479275769429473,1.1180308627065458e-06,0.2299413768243176,0.0578803178205773,1.264835836181463e-07,9.999711751571477e-08,1.940751808821847e-07,4.529398533960176e-07,-0.002025844464102,-0.0023583347803932,17063.0,0.0,0.2686888585870096,0.3830994218100014,0.0262443207348223,0.1401115351915322,0.2965088687873769,0.3375832951584115,0.4375794644216485,0.2976178144068799,0.3206682412694038,0.4620787748246554,100000,30,10,0.1,3.0,0.1,0,9,0.001,1e-06,0.001,1e-07,1.0,1e-08,adamax,0,0.0,disordered,1,0.0571593525900072,0 days 05:32:02.756286,0.0020259026415486,2.5738716500424763,2.637899456783299
128,128,128,128,0.2659804395593755,0.2659804395593755,0.2659804395593755,0.2659804395593755,0.2659804395593755,0.2659804395593755,0.2659804395593755,0.2659804395593755,0.2659804395593755,0.2659804395593755,0.8382297252837395,2.432243351061561e-05,0.8434387015509099,0.287300782746972,2.6249442428022145e-05,0.1385267214102881,0.1330028557083812,0.3716310335690428,0.1505058486618139,1.956944041346538e-05,-0.0007751955833123,-0.000944710699963,8287.0,1.0,0.3519327463102876,0.7497859477666411,0.781070814915798,0.0176659638470567,0.1620922119128206,0.1018191438928746,0.3528687006585745,0.3562605533678569,0.7492930954460025,0.729520125674327,100000,30,10,0.1,3.0,0.1,0,9,0.001,1e-06,0.001,1e-07,1.0,1e-08,adamax,0,0.0,disordered,1,0.2657000153374444,0 days 05:32:02.756286,0.0007751961497563,1.6425033425435145,1.5992657584210586
129,129,129,129,0.4180637241455752,0.4180637241455752,0.4180637241455752,0.4180637241455752,0.4180637241455752,0.4180637241455752,0.4180637241455752,0.4180637241455752,0.4180637241455752,0.4180637241455752,0.2417457758956502,0.0001940813395439,0.1002103676620092,0.4850278920650078,0.2936200662195786,0.1598743527600651,0.0001668688413408,0.822571281088884,0.5970968075678266,7.080164668988116e-05,-0.0005169844167511,-0.0006170128702311,7767.0,1.0,0.8824147325613924,0.6829980203089694,0.5955341403008954,0.9943332014900896,0.641966715068702,0.3894717582066502,0.3047671450549398,0.0357513358910965,0.9441383821019348,0.7526396033854349,100000,30,10,0.1,3.0,0.1,0,9,0.001,1e-06,0.001,1e-07,1.0,1e-08,adamax,0,0.0,disordered,1,0.4160262860331723,0 days 05:32:02.756286,0.0005169898522264,1.638680759479348,1.5857215890767118
130,130,130,130,0.2263129568399526,0.2263129568399526,0.2263129568399526,0.2263129568399526,0.2263129568399526,0.2263129568399526,0.2263129568399526,0.2263129568399526,0.2263129568399526,0.2263129568399526,0.8487119098677025,9.004961141010836e-06,3.6317948122740175e-05,0.4546643949154763,9.17515864770464e-06,0.6753810206720351,5.117500797748679e-05,0.2450943428043108,0.140840130280789,3.713097969348023e-05,-0.0008317683027904,-0.0010099632618329,8010.0,1.0,0.3770744740385141,0.8750264088387725,0.762923530257859,0.4651733664606914,0.9557833448132416,0.8923995250960749,0.4460462226478133,0.427009935517979,0.1516958500288139,0.1024071282176544,100000,30,10,0.1,3.0,0.1,0,9,0.001,1e-06,0.001,1e-07,1.0,1e-08,adamax,0,0.0,disordered,1,0.2298452468921483,0 days 05:32:02.756286,0.0008318396533971,1.9082954400831242,1.5365494087667226
131,131,131,131,0.2121550171362449,0.2121550171362449,0.2121550171362449,0.2121550171362449,0.2121550171362449,0.2121550171362449,0.2121550171362449,0.2121550171362449,0.2121550171362449,0.2121550171362449,0.1888731765345299,2.4117223794093693e-05,0.3928606664300786,0.6836483591048166,3.1581076494242305e-06,9.215510276130272e-06,1.367022409374057e-05,0.1760112971429485,0.2063534612149235,5.666393676880236e-05,-0.0009039396309265,-0.0011747453633585,8761.0,1.0,0.3572105858326114,0.2145963222654221,0.0686048753592449,0.7354797423575674,0.9611756267230732,0.6873883811420436,0.9074324780725448,0.8703669412946711,0.6460543691700241,0.5226129115246972,100000,30,10,0.1,3.0,0.1,0,9,0.001,1e-06,0.001,1e-07,1.0,1e-08,adamax,0,0.0,disordered,1,0.210354867063976,0 days 05:32:02.756286,0.0009039634881025,1.7376516949106255,1.5403274783771304
132,132,132,132,0.2337423870891812,0.2337423870891812,0.2337423870891812,0.2337423870891812,0.2337423870891812,0.2337423870891812,0.2337423870891812,0.2337423870891812,0.2337423870891812,0.2337423870891812,5.630485350243233e-06,0.0125358933558204,9.70308825865093e-06,0.1985704236095157,0.3085784763653873,3.383347601318076e-05,4.312925053616822e-05,0.1524887085045053,0.5828088276177096,0.0385223235352774,-0.0008206434391601,-0.000974131097094,8459.0,1.0,0.3579013924678206,0.4949761755722949,0.3212519515014987,0.1720666773180067,0.4953270051382947,0.6611575082946666,0.5853151200539239,0.7378227930383214,0.3359702633489273,9.60405599956804e-05,100000,30,10,0.1,3.0,0.1,0,9,0.001,1e-06,0.001,1e-07,1.0,1e-08,adamax,0,0.0,disordered,1,0.2329427581487613,0 days 05:32:02.756286,0.0008206468090019,1.9581459234598129,1.5189573040777435
133,133,133,133,0.2493409369951876,0.2493409369951876,0.2493409369951876,0.2493409369951876,0.2493409369951876,0.2493409369951876,0.2493409369951876,0.2493409369951876,0.2493409369951876,0.2493409369951876,1.8079927574337768e-06,0.3070057717201168,4.676644836898793e-07,5.68071329265658e-07,0.3237766130615865,0.3009148968208536,0.0451112549034828,0.7731496063439387,0.2408817013120715,2.516442220846072e-06,-0.000650066015159,-0.0007396585193006,100000.0,0.0,0.212659523709593,0.2896953747711416,0.553104867010391,0.389451515347593,0.6576718802427545,0.2239429185820662,0.4680172846291024,0.0022461445398733,0.6863003978230826,0.865358765091174,100000,30,10,0.1,3.0,0.1,0,9,0.001,1e-06,0.001,1e-07,1.0,1e-08,adamax,0,0.0,disordered,1,0.2478881648736465,0 days 05:32:02.756286,0.0006500711015061,1.8875400448953201,1.7224002235809888
134,134,134,134,0.3026648059395688,0.3026648059395688,0.3026648059395688,0.3026648059395688,0.3026648059395688,0.3026648059395688,0.3026648059395688,0.3026648059395688,0.3026648059395688,0.3026648059395688,0.0169014664059832,0.0631821312989659,0.709175272759366,3.040309353805417e-05,0.7882490910058484,0.0986983322294128,0.0001186565473095,0.4487986952109109,0.3470873801371819,2.5571062371360067e-05,-0.0006242838100856,-0.0007862186500919,8073.0,1.0,0.8586576209689326,0.8746833990846345,0.1961319899414358,0.981421288630042,0.551370055537916,0.1855797904828828,0.0910540624549163,0.0709756771489656,0.6369673359898222,0.6285879455462029,100000,30,10,0.1,3.0,0.1,0,9,0.001,1e-06,0.001,1e-07,1.0,1e-08,adamax,0,0.0,disordered,1,0.3023235644087648,0 days 05:32:02.756286,0.000624284208098,1.8006876870200066,1.671965899081604
135,135,135,135,0.4047756965997316,0.4047756965997316,0.4047756965997316,0.4047756965997316,0.4047756965997316,0.4047756965997316,0.4047756965997316,0.4047756965997316,0.4047756965997316,0.4047756965997316,0.2377508711854532,0.1065034756843891,0.1428194132138425,0.6702527763161276,0.1071558184619534,0.7243674937440536,0.1217649401749885,0.5027530001368942,0.1963864029257225,1.0002302169673585,-0.0004576778643852,-0.0005211409304028,583.0,0.0,0.7867578153046024,0.6586148779360064,0.5194036064022658,0.1628216458053162,0.7344738470457473,0.0040607791752594,0.6603056326225697,0.1653106406351319,0.158812500494112,0.9060919823220174,100000,30,10,0.1,3.0,0.1,0,9,0.001,1e-06,0.001,1e-07,1.0,1e-08,adamax,0,0.0,disordered,1,0.4075179041203048,0 days 05:32:02.756286,0.000457682596175,1.8451966962117328,1.6879609530546758
136,136,136,136,0.5074705239490462,0.5074705239490462,0.5074705239490462,0.5074705239490462,0.5074705239490462,0.5074705239490462,0.5074705239490462,0.5074705239490462,0.5074705239490462,0.5074705239490462,0.2333976249501331,0.3196573779400606,0.3091315382592224,0.2192042064109737,0.2132666846281273,0.2208635771740477,0.2011290393981245,0.5001407504853291,1.0001959961112146,0.5425172059259289,-0.0004270953569189,-0.0005110381087621,415.0,0.0,0.9272687987305654,0.7202854143764663,0.2286132749517861,0.4693763724185115,0.3461982610739972,0.1176045480895723,0.2368161436599996,0.05796887217318,0.9722989391173464,0.2362951831663555,100000,30,10,0.1,3.0,0.1,0,9,0.001,1e-06,0.001,1e-07,1.0,1e-08,adamax,0,0.0,disordered,1,0.5119772653722695,0 days 05:32:02.756286,0.0004271100152035,1.548487778540281,1.529577017646465
137,137,137,137,0.2837303616516209,0.2837303616516209,0.2837303616516209,0.2837303616516209,0.2837303616516209,0.2837303616516209,0.2837303616516209,0.2837303616516209,0.2837303616516209,0.2837303616516209,0.0075005419840806,0.4161309171681902,0.1385383768972496,2.157873900878975e-07,0.555946763421946,0.4564548135466851,0.5716446132885152,3.3442122918618864e-06,2.813268149362059e-07,0.3072341691185749,-0.0006897046488744,-0.0008159977948393,100000.0,0.0,0.3871303033300499,0.2466130384795043,0.6512560958980139,0.5625293241165457,0.7656657950986049,0.0114169824866066,0.204675351213916,0.5987377284896298,0.576566930148022,0.8244385564254193,100000,30,10,0.1,3.0,0.1,0,9,0.001,1e-06,0.001,1e-07,1.0,1e-08,adamax,0,0.0,disordered,1,0.2878890397783798,0 days 05:32:02.756286,0.0006897570291362,2.058747582453869,1.704068645481029
138,138,138,138,0.2837303616516209,0.2837303616516209,0.2837303616516209,0.2837303616516209,0.2837303616516209,0.2837303616516209,0.2837303616516209,0.2837303616516209,0.2837303616516209,0.2837303616516209,0.4627081054659764,0.0881762711533479,1.2730543654276116e-05,0.0001008638651038,5.363167529827373e-06,0.958333590471907,0.0794834635287428,5.509052435960045e-05,0.2812614299081767,0.0486946316131406,-0.0007216403237504,-0.0008945945658781,8180.0,1.0,0.080546864575358,0.3711524930990902,0.4037561394020001,0.5130269217785087,0.3514292192289528,0.734669791447239,0.1043126694432297,0.0606265487732715,0.3134969656943688,0.08936835835602,100000,30,10,0.1,3.0,0.1,0,9,0.001,1e-06,0.001,1e-07,1.0,1e-08,adamax,0,0.0,disordered,1,0.2814186023503798,0 days 05:32:02.756286,0.0007216589877844,1.8151168039148096,1.5338043647184976
139,139,139,139,0.2837303616516209,0.2837303616516209,0.2837303616516209,0.2837303616516209,0.2837303616516209,0.2837303616516209,0.2837303616516209,0.2837303616516209,0.2837303616516209,0.2837303616516209,0.3114831467016484,3.799015972906742e-06,0.2675891132667854,3.427865251403623e-05,3.2324500927449004e-06,0.2268311068594004,0.9617666340017452,4.1080856779814775e-06,0.1471409581438826,0.6321590004355268,-0.0005958420678555,-0.000756745811692,10293.0,1.0,0.3924113107452132,0.5784304362761635,0.0841896335863821,0.4597958892749636,0.5553176384279525,0.5645392862095029,0.0302027113843083,0.7732342916221171,0.7219944120767331,0.2970111784747991,100000,30,10,0.1,3.0,0.1,0,9,0.001,1e-06,0.001,1e-07,1.0,1e-08,adamax,0,0.0,disordered,1,0.279547378083939,0 days 05:32:02.756286,0.0005958717561458,2.4522666353388045,1.727935156227826
140,140,140,140,0.2747120789270809,0.2747120789270809,0.2747120789270809,0.2747120789270809,0.2747120789270809,0.2747120789270809,0.2747120789270809,0.2747120789270809,0.2747120789270809,0.2747120789270809,0.1826082197823633,0.4438604372578815,3.576661938819551e-05,0.3927166359581993,0.0397580069545493,0.5057756693846688,0.1467898108666433,0.7268801114751611,0.0096024258106569,4.4700195410642687e-05,-0.0006419798834478,-0.0007632080213429,7694.0,1.0,0.4713454304536444,0.7391818794487419,0.8340747307980766,0.2477164179479444,0.7708320963728408,0.4241983695702475,0.9531604880370382,0.8783654950164146,0.3579915231080731,0.3598325142224708,100000,30,10,0.1,3.0,0.1,0,9,0.001,1e-06,0.001,1e-07,1.0,1e-08,adamax,0,0.0,disordered,1,0.2789382783815454,0 days 05:32:02.756286,0.0006420217779346,1.9387278144142,1.6691993937234963
141,141,141,141,0.2493409369951876,0.2493409369951876,0.2493409369951876,0.2493409369951876,0.2493409369951876,0.2493409369951876,0.2493409369951876,0.2493409369951876,0.2493409369951876,0.2493409369951876,2.5318315943342937e-05,0.9852095902482916,0.6589978053852694,1.2127933537770617e-05,0.1068371206066751,7.907444566566261e-06,0.6384135026142801,7.330719455681048e-06,0.2295831139251183,5.285794052557327e-05,-0.00066565689387,-0.0008731789840137,8246.0,1.0,0.4858358613989018,0.9606447966726998,0.1439805411979351,0.5489012665123931,0.6477107544433567,0.7200550744245918,0.0671148507380147,0.5993153176299014,0.4504410344368798,0.3394168925365474,100000,30,10,0.1,3.0,0.1,0,9,0.001,1e-06,0.001,1e-07,1.0,1e-08,adamax,0,0.0,disordered,1,0.2464130971709806,0 days 05:32:02.756286,0.0006656794645416,2.2868838516079353,1.7279971034091055
142,142,142,142,0.293044697697214,0.293044697697214,0.293044697697214,0.293044697697214,0.293044697697214,0.293044697697214,0.293044697697214,0.293044697697214,0.293044697697214,0.293044697697214,0.4623820768583263,1.0000083035472225,0.0176097193347144,0.7057859462868961,0.68831952285367,0.0520152696135061,0.0078864361123821,0.0543243032027711,0.0084663623817575,0.5826131193308302,-0.0006276938652362,-0.0007937005892917,1853.0,0.0,0.970535745395725,0.1060291218306453,0.708691782471572,0.20436046231027,0.9481022894736189,0.5003145590931377,0.4533875913258531,0.2485016800118726,0.5337793923358432,0.8643289560409935,100000,30,10,0.1,3.0,0.1,0,9,0.001,1e-06,0.001,1e-07,1.0,1e-08,adamax,0,0.0,disordered,1,0.2941205721822983,0 days 05:32:02.756286,0.0006276967264613,1.9298182033787084,1.7255003536431341
143,143,143,143,0.367392478180207,0.367392478180207,0.367392478180207,0.367392478180207,0.367392478180207,0.367392478180207,0.367392478180207,0.367392478180207,0.367392478180207,0.367392478180207,0.1769071581414513,1.0003347374723868,0.0005467983733745,0.744129002011085,0.2221342755330368,0.9473025963479752,0.0418654801976709,0.7647209485365718,0.1277081641584818,0.0007323696608213,-0.0004763492616175,-0.000573116801678,4751.0,0.0,0.0720732812115272,0.6582265017536821,0.1465543869611854,0.2250704739888461,0.8538524976332683,0.0722715630299145,0.7316708832017987,0.0578531237565792,0.5095432760207479,0.6235079875011236,100000,30,10,0.1,3.0,0.1,0,9,0.001,1e-06,0.001,1e-07,1.0,1e-08,adamax,0,0.0,disordered,1,0.3665894569486176,0 days 05:32:02.756286,0.0004763499063228,1.781545935351118,1.6778961967355281
144,144,144,144,0.4459627626819087,0.4459627626819087,0.4459627626819087,0.4459627626819087,0.4459627626819087,0.4459627626819087,0.4459627626819087,0.4459627626819087,0.4459627626819087,0.4459627626819087,0.6148953356428368,0.752595498276369,0.2021152935355015,0.1894878937000948,0.1634785126809344,0.8118793952663711,0.1479101924966833,0.1565032980493245,0.4340577324373255,1.0008608238191858,-0.0004671809590545,-0.0005343402491762,504.0,0.0,0.1469985366622423,0.8021095935456756,0.2210107799811463,0.475682485797211,0.2402812112931351,0.7635859224107355,0.2511413197970664,0.262182598526722,0.012176776794017,0.8998375981764654,100000,30,10,0.1,3.0,0.1,0,9,0.001,1e-06,0.001,1e-07,1.0,1e-08,adamax,0,0.0,disordered,1,0.4491742772529571,0 days 05:32:02.756286,0.0004671905337542,1.5490583821147113,1.5637726469507411
145,145,145,145,0.3557150206821381,0.3557150206821381,0.3557150206821381,0.3557150206821381,0.3557150206821381,0.3557150206821381,0.3557150206821381,0.3557150206821381,0.3557150206821381,0.3557150206821381,0.1288960156846016,0.5854114933656117,0.0668804847054076,0.1073407070478739,0.0804145885006111,0.1431995812294451,1.0002507278053514,0.23206143419173,0.080826015426649,0.0759727337895447,-0.0005971333499718,-0.0007765708077251,730.0,0.0,0.0335969627568926,0.3145864476464628,0.6470071622065572,0.3320857338144194,0.5972060998913077,0.3645648731152949,0.8799511230920498,0.1589792162923121,0.0184104311826945,0.0997000036646228,100000,30,10,0.1,3.0,0.1,0,9,0.001,1e-06,0.001,1e-07,1.0,1e-08,adamax,0,0.0,disordered,1,0.3507266565198818,0 days 05:32:02.756286,0.0005971821278824,1.684088976666465,1.526230087031126
146,146,146,146,0.3444087275973818,0.3444087275973818,0.3444087275973818,0.3444087275973818,0.3444087275973818,0.3444087275973818,0.3444087275973818,0.3444087275973818,0.3444087275973818,0.3444087275973818,0.010337743399668,0.2309026862132523,0.2626747321666115,7.075051384237903e-05,0.5878623513666555,0.401069844774968,0.1726661502778458,7.858678294835549e-05,0.4045528703918897,0.8019936592309577,-0.0005692416546022,-0.0006408349111679,7991.0,1.0,0.5239920370250133,0.592268699619776,0.8339028183744194,0.9546479818986864,0.401304424874914,0.8236951744580298,0.4051697468493412,0.3706570239468989,0.1326942880592098,0.8686533835131917,100000,30,10,0.1,3.0,0.1,0,9,0.001,1e-06,0.001,1e-07,1.0,1e-08,adamax,0,0.0,disordered,1,0.3402820491403693,0 days 05:32:02.756286,0.0005692688266998,1.5650737260096605,1.590734152782448
147,147,147,147,0.3026648059395688,0.3026648059395688,0.3026648059395688,0.3026648059395688,0.3026648059395688,0.3026648059395688,0.3026648059395688,0.3026648059395688,0.3026648059395688,0.3026648059395688,0.5295260742973363,0.0556479815926313,0.0336639427955517,0.828562760573619,0.3554822798945898,0.2948610100105122,3.93457851299398e-06,0.0446198197064029,3.8920264602804696e-06,0.6642254100429525,-0.0005399415322506,-0.0007928213247228,8890.0,1.0,0.3361072638152569,0.6466911011130169,0.5171654789011755,0.9968375249315816,0.2556339822243743,0.5514986455993405,0.7896322571214801,0.1910809996479252,0.8231738011496573,0.5581697323222211,100000,30,10,0.1,3.0,0.1,0,9,0.001,1e-06,0.001,1e-07,1.0,1e-08,adamax,0,0.0,disordered,1,0.3032316765306571,0 days 05:32:02.756286,0.0005399419437652,1.8985184883002735,1.6934552593696575
148,148,148,148,0.4047756965997316,0.4047756965997316,0.4047756965997316,0.4047756965997316,0.4047756965997316,0.4047756965997316,0.4047756965997316,0.4047756965997316,0.4047756965997316,0.4047756965997316,0.8035198784391276,0.965244338733677,0.0001221923637932,0.4646362067415444,8.837883976357331e-05,0.823652549267877,0.2277624064867511,0.7224728181757653,0.136704589705754,7.048351802220431e-05,-0.000531970388519,-0.0005974590990905,7923.0,1.0,0.103519069386064,0.9680567674181526,0.4118515661605675,0.475406182769067,0.7844622831603345,0.9646372922171242,0.2455385262562845,0.1361654883223276,0.7447308953008215,0.6770375078933076,100000,30,10,0.1,3.0,0.1,0,9,0.001,1e-06,0.001,1e-07,1.0,1e-08,adamax,0,0.0,disordered,1,0.4010635678227252,0 days 05:32:02.756286,0.0005319892559091,1.7311443868340588,1.56316439130552
149,149,149,149,0.2414157116103016,0.2414157116103016,0.2414157116103016,0.2414157116103016,0.2414157116103016,0.2414157116103016,0.2414157116103016,0.2414157116103016,0.2414157116103016,0.2414157116103016,0.1042209574840089,0.4000797828667569,9.97943182878865e-06,8.05267128369469e-06,0.0434052551738704,1.7331318097803964e-05,1.1135821396789872e-05,0.3494115373547612,0.6465881392128243,2.584812435474093e-05,-0.000685110156149,-0.0009047440553533,7993.0,1.0,0.4465205431987034,0.6476068992896135,0.9441499806395016,0.8419109783899698,0.5682197133325374,0.9086267688539756,0.9129114718218536,0.7711556229430179,0.1185609555698687,0.5617089206843101,100000,30,10,0.1,3.0,0.1,0,9,0.001,1e-06,0.001,1e-07,1.0,1e-08,adamax,0,0.0,disordered,1,0.2400452436569549,0 days 05:32:02.756286,0.0006851149594933,2.3278002693736095,1.5540185571071639
150,150,150,150,0.2263129568399526,0.2263129568399526,0.2263129568399526,0.2263129568399526,0.2263129568399526,0.2263129568399526,0.2263129568399526,0.2263129568399526,0.2263129568399526,0.2263129568399526,0.2175564770836311,0.4503215766419226,0.1310469100108413,1.1489646187342677e-05,0.8567571862383889,0.0530000323693424,9.343691508522322e-06,0.0050005901823289,4.91240582164145e-05,0.157679479132326,-0.0009035850775759,-0.0013208719968791,8991.0,1.0,0.6072668886067614,0.87933478726849,0.5162298994322575,0.6125897757826202,0.7151638936978153,0.0838712936818407,0.056342943723363,0.0303978264254882,0.1068354634281478,0.2554841462687353,100000,30,10,0.1,3.0,0.1,0,9,0.001,1e-06,0.001,1e-07,1.0,1e-08,adamax,0,0.0,disordered,1,0.2255331151502863,0 days 05:32:02.756286,0.0009035889427959,1.6015763204694102,1.5610612732162459
151,151,151,151,0.3794532847236935,0.3794532847236935,0.3794532847236935,0.3794532847236935,0.3794532847236935,0.3794532847236935,0.3794532847236935,0.3794532847236935,0.3794532847236935,0.3794532847236935,1.0003200571709836,0.1057334243898697,0.1367735045879697,0.1098441887865075,0.4774985611818408,0.2144655691870397,0.2932426745114807,0.6876544765657898,0.4158357464003845,0.1245914155152343,-0.0005361392172881,-0.0006065162132402,562.0,0.0,0.0483867910215433,0.5964463432981612,0.5722891842830293,0.4552914594104414,0.0089493536422102,0.519182761157155,0.1263686231862464,0.0051056795481539,0.7962273903844265,0.9106530114529016,100000,30,10,0.1,3.0,0.1,0,9,0.001,1e-06,0.001,1e-07,1.0,1e-08,adamax,0,0.0,disordered,1,0.3828393421041623,0 days 05:32:02.756286,0.0005361550851497,1.7436968430308748,1.5872234515047166
152,152,152,152,0.3557150206821381,0.3557150206821381,0.3557150206821381,0.3557150206821381,0.3557150206821381,0.3557150206821381,0.3557150206821381,0.3557150206821381,0.3557150206821381,0.3557150206821381,1.0004149503656563,0.1109864556878097,0.5824504441923355,0.1071630937007764,0.1220035903003168,0.1360038071684654,0.5706475839839518,0.1324031252004199,0.7075350167527193,0.3946700411693221,-0.0005189124529339,-0.0005835893165265,525.0,0.0,0.0723200974103522,0.658998149581024,0.0532868940139118,0.5821887559626637,0.6239116307216966,0.5867520196653536,0.9903001071880349,0.6136513534513286,0.1661334633397303,0.9328109107570048,100000,30,10,0.1,3.0,0.1,0,9,0.001,1e-06,0.001,1e-07,1.0,1e-08,adamax,0,0.0,disordered,1,0.3584015908460821,0 days 05:32:02.756286,0.0005189210150887,1.7879493331550602,1.57248323259185
153,153,153,153,0.367392478180207,0.367392478180207,0.367392478180207,0.367392478180207,0.367392478180207,0.367392478180207,0.367392478180207,0.367392478180207,0.367392478180207,0.367392478180207,0.3941374990614348,0.0003993615810242,0.0002103788175868,0.7505578548741265,0.5040780459057972,0.0454850468948763,0.1128069569406665,0.1691477187082073,0.4447350506683199,0.6974297000251687,-0.0005649144787167,-0.000647000726141,6590.0,1.0,0.29901133171327,0.5394260265834436,0.4325121818691179,0.8067388614302226,0.0840030486225367,0.3676129766955708,0.4427155432827598,0.5974138281036413,0.9079079158391044,0.3014981368667159,100000,30,10,0.1,3.0,0.1,0,9,0.001,1e-06,0.001,1e-07,1.0,1e-08,adamax,0,0.0,disordered,1,0.3659621134971631,0 days 05:32:02.756286,0.0005649186699848,1.775033689090283,1.568514697601015
154,154,154,154,0.1487115462808952,0.1487115462808952,0.1487115462808952,0.1487115462808952,0.1487115462808952,0.1487115462808952,0.1487115462808952,0.1487115462808952,0.1487115462808952,0.1487115462808952,0.7982863584189648,4.194385390577559e-07,0.3661268989981718,0.0978946980711204,0.2160682688446007,9.999738874670308e-08,1.899945100925331e-07,0.1243220585167756,0.285540001129097,0.0469858355309895,-0.0010558002299576,-0.0012017758592092,44169.0,0.0,0.3455366874625925,0.6720061274811792,0.2089574176435983,0.5098825266275231,0.3197210689074721,0.6237500993301396,0.5805693899218535,0.6859106949974794,0.4296962777480695,0.2336463865548357,100000,30,10,0.1,3.0,0.1,0,9,0.001,1e-06,0.001,1e-07,1.0,1e-08,adamax,0,0.0,disordered,1,0.1497818765862273,0 days 05:32:02.756286,0.0010558136352315,2.485542488293119,1.83678293405689
155,155,155,155,0.2575263326771198,0.2575263326771198,0.2575263326771198,0.2575263326771198,0.2575263326771198,0.2575263326771198,0.2575263326771198,0.2575263326771198,0.2575263326771198,0.2575263326771198,0.703164052922736,0.4924909610306184,2.0358094581313817e-05,0.312431012180058,3.056743502104079e-05,0.013796529014595,0.7283372146885135,0.0001485839086559,0.0931797198831394,0.4379846003712183,-0.0007502726663388,-0.0008521495378708,7267.0,1.0,0.0146175265289446,0.6015984339091843,0.2248147000656325,0.0048262758819638,0.3750287433963313,0.2741317771676971,0.6827360577876453,0.2977948399612876,0.3676598657762004,0.7239127119229027,100000,30,10,0.1,3.0,0.1,0,9,0.001,1e-06,0.001,1e-07,1.0,1e-08,adamax,0,0.0,disordered,1,0.2553983275071317,0 days 05:32:02.756286,0.0007502888696632,2.0696986877671613,1.6368245364428466
156,156,156,156,0.3919100249433399,0.3919100249433399,0.3919100249433399,0.3919100249433399,0.3919100249433399,0.3919100249433399,0.3919100249433399,0.3919100249433399,0.3919100249433399,0.3919100249433399,0.0326869450075063,0.4393652367096965,0.1686558757704178,0.4263575980697961,0.0047496656234702,0.0052910100950044,0.5178401273508634,0.0537056079775581,1.000068246676335,0.0137113804884303,-0.0004950272863179,-0.0006221056619117,2676.0,0.0,0.6741544028160474,0.1607312564006348,0.5868115455253371,0.9328341831477888,0.9093519296579587,0.8493826043383815,0.2820135684768482,0.9595891417266345,0.1996494980015776,0.4018801330862289,100000,30,10,0.1,3.0,0.1,0,9,0.001,1e-06,0.001,1e-07,1.0,1e-08,adamax,0,0.0,disordered,1,0.3926058953924869,0 days 05:32:02.756286,0.0004950276829074,2.0311625620453637,1.5702392942834464
157,157,157,157,0.333461801578636,0.333461801578636,0.333461801578636,0.333461801578636,0.333461801578636,0.333461801578636,0.333461801578636,0.333461801578636,0.333461801578636,0.333461801578636,0.8108626036691783,0.1468443568429717,0.1275027202104798,0.1150588572639667,1.000392350960965,0.365599082063367,0.6230267160964912,0.1301298433956183,0.1306071553701699,0.1203319787418745,-0.0005157380261714,-0.0006301598418503,502.0,0.0,0.1141341583754927,0.5656113337886529,0.7226522394674271,0.6876340767555652,0.007187578936125,0.98246869559216,0.310009802920434,0.7413852582866136,0.9266026353270806,0.7801669171634159,100000,30,10,0.1,3.0,0.1,0,9,0.001,1e-06,0.001,1e-07,1.0,1e-08,adamax,0,0.0,disordered,1,0.3349225368628984,0 days 05:32:02.756286,0.0005157405125424,1.799138714026703,1.7212411290562077
158,158,158,158,0.2414157116103016,0.2414157116103016,0.2414157116103016,0.2414157116103016,0.2414157116103016,0.2414157116103016,0.2414157116103016,0.2414157116103016,0.2414157116103016,0.2414157116103016,1.4369187076259195e-05,2.0021407032504327e-05,0.3406536340109107,0.2676082137214934,0.3231433640447055,1.480250192570743e-05,1.5300900857097103e-05,1.5732424905216936e-05,0.5539699024858825,0.3328183669588246,-0.0007268593733142,-0.0008886989821884,8354.0,1.0,0.5232404430410416,0.5386586716387549,0.1437732186149335,0.3820729563996142,0.8225019757503876,0.6811834984210781,0.6635233381008597,0.6814304294317084,0.34954178502582,0.9802030403849948,100000,30,10,0.1,3.0,0.1,0,9,0.001,1e-06,0.001,1e-07,1.0,1e-08,adamax,0,0.0,disordered,1,0.2414910399651278,0 days 05:32:02.756286,0.00072685937645,2.2338621513132697,1.6457262568843452
159,159,159,159,0.4606028844202396,0.4606028844202396,0.4606028844202396,0.4606028844202396,0.4606028844202396,0.4606028844202396,0.4606028844202396,0.4606028844202396,0.4606028844202396,0.4606028844202396,0.140185889666507,0.5104653011558232,0.239049383638482,0.8780601182687872,0.3737362143588148,0.5999524159032816,0.1635706149039189,0.0845164804591657,1.0001289108082256,0.1684411948166982,-0.0004620962330803,-0.0004897817636641,884.0,0.0,0.3362982768544122,0.1871303691083415,0.668718141104379,0.1691920119746617,0.9752731285769424,0.575521730097716,0.1201417383412377,0.0236185122231495,0.6012062097735446,0.0421495147407849,100000,30,10,0.1,3.0,0.1,0,9,0.001,1e-06,0.001,1e-07,1.0,1e-08,adamax,0,0.0,disordered,1,0.4540610329419502,0 days 05:32:02.756286,0.000462133555099,1.5743271475968401,1.5726535718753762
160,160,160,160,0.3794532847236935,0.3794532847236935,0.3794532847236935,0.3794532847236935,0.3794532847236935,0.3794532847236935,0.3794532847236935,0.3794532847236935,0.3794532847236935,0.3794532847236935,0.7960213674476798,1.5231632298068937e-05,0.3986793272799894,5.288078258764751e-07,0.0071844032257834,2.014864540402925e-07,3.204433298797201e-07,4.619818357056306e-07,0.9779155422097324,7.210146768141441e-06,-0.0004788777269138,-0.0008121734893174,9781.0,1.0,0.0524429278030924,0.4124428301893003,0.4482890215201537,0.8289626115560034,0.1293951612755517,0.8683324006829127,0.4050021225416482,0.852980275804317,0.1513459287390148,0.0480696667768623,100000,30,10,0.1,3.0,0.1,0,9,0.001,1e-06,0.001,1e-07,1.0,1e-08,adamax,0,0.0,disordered,1,0.3791188397688498,0 days 05:32:02.756286,0.0004788777938855,2.1387928126594087,1.5918224847205764
161,161,161,161,0.293044697697214,0.293044697697214,0.293044697697214,0.293044697697214,0.293044697697214,0.293044697697214,0.293044697697214,0.293044697697214,0.293044697697214,0.293044697697214,0.0003265410983957,0.1062111265486132,0.5201328077450992,7.71312649306729e-05,0.7077258321478856,0.4761776557104689,0.0241476549999884,2.887349623907133e-05,0.1081676708825648,0.1303043955254689,-0.0007060191094444,-0.0009294424813438,8677.0,1.0,0.4358259875344775,0.2156529926634499,0.4782527400504889,0.8201964792407497,0.8854287803570929,0.0868148262342157,0.2570898639873892,0.3048608686626178,0.1743675687195556,0.4670284280399481,100000,30,10,0.1,3.0,0.1,0,9,0.001,1e-06,0.001,1e-07,1.0,1e-08,adamax,0,0.0,disordered,1,0.2915448007262118,0 days 05:32:02.756286,0.000706026481078,1.9053767124125818,1.6073803573470937
162,162,162,162,0.1692220351641035,0.1692220351641035,0.1692220351641035,0.1692220351641035,0.1692220351641035,0.1692220351641035,0.1692220351641035,0.1692220351641035,0.1692220351641035,0.1692220351641035,0.0383352666557758,0.012523906882577,0.0364346394442412,1.000006393789239,0.0434152423264725,0.4560279111872407,0.0148866160564234,0.3701103548727796,0.0180264349519624,0.0104074804471163,-0.0005559147430329,-0.0008696194185041,1239.0,0.0,0.0535861127015699,0.197278859615948,0.065128392987102,0.4569324761981242,0.9399879068391092,0.1531331495662983,0.8871418143478639,0.3157644446371223,0.7471306209072098,0.8426267670549912,100000,30,10,0.1,3.0,0.1,0,9,0.001,1e-06,0.001,1e-07,1.0,1e-08,adamax,0,0.0,disordered,1,0.1696000150880906,0 days 05:32:02.756286,0.0005559151045348,1.9965381821821035,1.8016345115633585
163,163,163,163,0.2054117348353062,0.2054117348353062,0.2054117348353062,0.2054117348353062,0.2054117348353062,0.2054117348353062,0.2054117348353062,0.2054117348353062,0.2054117348353062,0.2054117348353062,0.2173482647548099,9.133401757742497e-05,0.2561027776297624,0.0912955269413693,0.3537108659803321,0.2139657771515336,0.0001682849392974,0.1930846217810191,0.2845942915010706,0.2127572851818767,-0.0008856230832677,-0.0009346665665027,8143.0,1.0,0.6050421877711433,0.7192556857432617,0.6321210957287544,0.930584437182522,0.77873739577466,0.4202621431901127,0.2909495185500346,0.1568346606596754,0.5121337977031166,0.2291368689240009,100000,30,10,0.1,3.0,0.1,0,9,0.001,1e-06,0.001,1e-07,1.0,1e-08,adamax,0,0.0,disordered,1,0.2053253821953329,0 days 05:32:02.756286,0.0008856231221725,1.5993897643820623,1.5757197982648863
164,164,164,164,0.2337423870891812,0.2337423870891812,0.2337423870891812,0.2337423870891812,0.2337423870891812,0.2337423870891812,0.2337423870891812,0.2337423870891812,0.2337423870891812,0.2337423870891812,1.0002049018400676,0.269868731838721,0.0722799600200496,0.094481331893344,0.434214075668634,0.0276327364747945,0.1178733446902126,0.0455098165323008,0.0372869558385394,0.6956685984728463,-0.0007956550444442,-0.0009532172041201,943.0,0.0,0.2348572092197005,0.8820484141316075,0.6997460033703966,0.5394646261123279,0.8431326722381455,0.5253805104147993,0.3944293509038648,0.6855071109125144,0.6087880351081263,0.2085078479663953,100000,30,10,0.1,3.0,0.1,0,9,0.001,1e-06,0.001,1e-07,1.0,1e-08,adamax,0,0.0,disordered,1,0.2347610776901149,0 days 05:32:02.756286,0.0007956596378444,1.873644630937382,1.5609894199220775
165,165,165,165,0.333461801578636,0.333461801578636,0.333461801578636,0.333461801578636,0.333461801578636,0.333461801578636,0.333461801578636,0.333461801578636,0.333461801578636,0.333461801578636,0.2955671826912505,0.2887196290719059,1.000064518604333,0.0612025352584466,0.8771142938317396,0.0606636960701175,0.4828299094216233,0.1115585693252926,0.6106738127065724,0.15040629560658,-0.0004796878567688,-0.0005734333303567,762.0,0.0,0.3185811314592214,0.5609879301131608,0.2186413794508285,0.9168829225602444,0.0443029206182613,0.8763618463029645,0.9799138945563578,0.6152402498943469,0.2118946172780164,0.8097544677218037,100000,30,10,0.1,3.0,0.1,0,9,0.001,1e-06,0.001,1e-07,1.0,1e-08,adamax,0,0.0,disordered,1,0.3324695570971762,0 days 05:32:02.756286,0.0004796885153857,1.8112281452154897,1.6855919836223094
166,166,166,166,0.4913407286296357,0.4913407286296357,0.4913407286296357,0.4913407286296357,0.4913407286296357,0.4913407286296357,0.4913407286296357,0.4913407286296357,0.4913407286296357,0.4913407286296357,0.2819907797368687,0.3400464102496702,0.2583762302450935,0.2923428701553639,1.0014151920735543,0.3997787559038062,0.8128720282708861,0.2178686412079499,0.2530045892623465,0.5891755668478325,-0.0004407611544283,-0.000477237050912,381.0,0.0,0.4413341943052026,0.7124486303836971,0.3226652389525126,0.2214514698981701,0.9542381762038586,0.0757471606529122,0.0580890142398927,0.7827809055843171,0.7755035132004612,0.311476070621168,100000,30,10,0.1,3.0,0.1,0,9,0.001,1e-06,0.001,1e-07,1.0,1e-08,adamax,0,0.0,disordered,1,0.4863749889354357,0 days 05:32:02.756286,0.0004407796799678,1.6305667503119727,1.622045391945873
167,167,167,167,0.3794532847236935,0.3794532847236935,0.3794532847236935,0.3794532847236935,0.3794532847236935,0.3794532847236935,0.3794532847236935,0.3794532847236935,0.3794532847236935,0.3794532847236935,0.6672005208366928,0.0002487071074365,8.084106773305023e-05,0.0001588533255766,0.2447973862806438,0.7928688242490347,0.5167929410113292,0.5445319782956051,0.0815379120205062,0.0001246895138828,-0.0005414116721656,-0.0006440969101547,7785.0,1.0,0.3740591998252107,0.6879268482728742,0.5997951354240146,0.6484783877139965,0.4353325034398152,0.9802432834230916,0.1479879525046613,0.6317385122222028,0.2061123790086017,0.3348588103989253,100000,30,10,0.1,3.0,0.1,0,9,0.001,1e-06,0.001,1e-07,1.0,1e-08,adamax,0,0.0,disordered,1,0.3773028000587486,0 days 05:32:02.756286,0.0005414186646569,1.6296824885177312,1.5953295774118108
168,168,168,168,0.1186173716452477,0.1186173716452477,0.1186173716452477,0.1186173716452477,0.1186173716452477,0.1186173716452477,0.1186173716452477,0.1186173716452477,0.1186173716452477,0.1186173716452477,0.6454401330204963,0.4425124446413742,2.7897125998841417e-06,0.0721804322711428,2.115225580372152e-06,6.408715953231284e-05,0.0625700967986242,0.194568232682368,1.859477014982963e-05,2.027308566432652e-06,-0.0012852826965856,-0.0018947997525961,9131.0,1.0,0.2975240377828509,0.8251332946474925,0.5799405734400951,0.3307931135673814,0.5355832957790975,0.4612390833904831,0.5441377875523028,0.2375414068801772,0.3740625086331685,0.4584177799823629,100000,30,10,0.1,3.0,0.1,0,9,0.001,1e-06,0.001,1e-07,1.0,1e-08,adamax,0,0.0,disordered,1,0.1197819104814583,0 days 05:32:02.756286,0.0012853117723281,2.3199477213296773,1.8060362991203232
169,169,169,169,0.3919100249433399,0.3919100249433399,0.3919100249433399,0.3919100249433399,0.3919100249433399,0.3919100249433399,0.3919100249433399,0.3919100249433399,0.3919100249433399,0.3919100249433399,0.0961784333585637,0.5049859280297022,0.4499808665605065,0.194540029320792,1.000302266712019,0.3233202271472308,0.1117103912813041,0.6215042263400221,0.2127524234964885,0.1177826278297212,-0.0005198573770546,-0.0005593750926496,948.0,0.0,0.0831945352188586,0.0143439525158265,0.5936357353255101,0.2070699824562814,0.8021815598294975,0.0250590579178283,0.2232035242133819,0.629867870135683,0.1319975124791029,0.4207087845975831,100000,30,10,0.1,3.0,0.1,0,9,0.001,1e-06,0.001,1e-07,1.0,1e-08,adamax,0,0.0,disordered,1,0.3925410715141574,0 days 05:32:02.756286,0.0005198577776676,1.6652022070032586,1.620407900135039
170,170,170,170,0.4606028844202396,0.4606028844202396,0.4606028844202396,0.4606028844202396,0.4606028844202396,0.4606028844202396,0.4606028844202396,0.4606028844202396,0.4606028844202396,0.4606028844202396,0.2100826994071405,0.2038593968457704,0.3629544257918498,1.0005163951910452,0.2056036160234733,0.6258573464237492,0.5203539856447603,0.7244321309207519,0.2160286601987895,0.2174807904913103,-0.00043548793483,-0.0004866634790446,362.0,0.0,0.2982748638429793,0.2685307756252719,0.2349098781636482,0.9759423060107242,0.3196653215726728,0.1178753135315892,0.9152367962235946,0.1583504969113206,0.7366984727215286,0.6588236811461464,100000,30,10,0.1,3.0,0.1,0,9,0.001,1e-06,0.001,1e-07,1.0,1e-08,adamax,0,0.0,disordered,1,0.4598049634194324,0 days 05:32:02.756286,0.0004354881535543,1.6877891673498202,1.6471424067310385
171,171,171,171,0.3794532847236935,0.3794532847236935,0.3794532847236935,0.3794532847236935,0.3794532847236935,0.3794532847236935,0.3794532847236935,0.3794532847236935,0.3794532847236935,0.3794532847236935,0.0001209675481726,0.7093174048813675,0.1754762832876231,0.5047052363413838,0.0273206175063039,7.849636660229584e-05,0.2676264584490928,0.7833223662571156,0.5113223623591664,0.0002534127273421,-0.0005359465062607,-0.0006114196429414,7907.0,1.0,0.7176553027169862,0.7733546933724372,0.1803030141992587,0.0373033824959746,0.430733016562524,0.4448800669236115,0.2366174382110738,0.8100134516481061,0.1090222125241248,0.4975099164328231,100000,30,10,0.1,3.0,0.1,0,9,0.001,1e-06,0.001,1e-07,1.0,1e-08,adamax,0,0.0,disordered,1,0.382946567791859,0 days 05:32:02.756286,0.0005359642845424,1.810056105767972,1.595676294085763
172,172,172,172,0.3026648059395688,0.3026648059395688,0.3026648059395688,0.3026648059395688,0.3026648059395688,0.3026648059395688,0.3026648059395688,0.3026648059395688,0.3026648059395688,0.3026648059395688,2.2325946553386243e-05,0.6562973967505448,0.8358792219911287,0.1193828678403936,4.738235347061282e-06,0.0245995099893132,3.1118252292028105e-05,9.42993192572892e-06,0.347663237223498,0.7104563904156757,-0.0006367063109405,-0.0008727333709722,8331.0,1.0,0.5284651505940233,0.0093609338845411,0.8109055433193368,0.3581794790344946,0.4580439539978584,0.1608263990130709,0.3991063375864195,0.4525286946393249,0.6023069119094718,0.035474026553562,100000,30,10,0.1,3.0,0.1,0,9,0.001,1e-06,0.001,1e-07,1.0,1e-08,adamax,0,0.0,disordered,1,0.3070968565442278,0 days 05:32:02.756286,0.000636754034566,2.6398396440809933,1.5769727347967721
173,173,173,173,0.2575263326771198,0.2575263326771198,0.2575263326771198,0.2575263326771198,0.2575263326771198,0.2575263326771198,0.2575263326771198,0.2575263326771198,0.2575263326771198,0.2575263326771198,2.570275240146437e-05,0.2542133060553919,0.5884832792825262,3.1558692652510664e-06,0.293943580190997,1.8382740912427115e-05,0.7224107178472308,1.148115542167275e-07,8.386061179807293e-07,9.999253588317078e-08,-0.0006091935086699,-0.0008651059536644,21048.0,0.0,0.4274371712514283,0.4890100407897844,0.952522855058305,0.5957157030603453,0.6857109384559829,0.4401872814632463,0.4937840073436988,0.9825465245862512,0.4150828601514071,0.9937436869423648,100000,30,10,0.1,3.0,0.1,0,9,0.001,1e-06,0.001,1e-07,1.0,1e-08,adamax,0,0.0,disordered,1,0.2577824199032904,0 days 05:32:02.756286,0.0006091935506971,1.8351558724782846,1.652439797430966
174,174,174,174,0.333461801578636,0.333461801578636,0.333461801578636,0.333461801578636,0.333461801578636,0.333461801578636,0.333461801578636,0.333461801578636,0.333461801578636,0.333461801578636,1.000231625800508,0.0032127050881524,0.0643394546392447,0.0088170295500206,0.0080229682757538,0.4496743393857134,0.6808889985258355,0.0459258016193915,0.7121721276812438,0.1222386342748407,-0.0005592821072428,-0.0006449684320239,2307.0,0.0,0.6094596160979363,0.9163674550166016,0.5768442817305188,0.8217032618458111,0.8222158042742835,0.3857264901761283,0.3292363001418678,0.9395865128303924,0.3293178926786093,0.783446533920661,100000,30,10,0.1,3.0,0.1,0,9,0.001,1e-06,0.001,1e-07,1.0,1e-08,adamax,0,0.0,disordered,1,0.3371573107121844,0 days 05:32:02.756286,0.0005593014586217,2.472538217997779,1.6337077615388074
175,175,175,175,0.2837303616516209,0.2837303616516209,0.2837303616516209,0.2837303616516209,0.2837303616516209,0.2837303616516209,0.2837303616516209,0.2837303616516209,0.2837303616516209,0.2837303616516209,0.5185873471974402,0.0912071182660991,0.1066901151945607,3.932579712694917e-07,0.2544699475743143,0.8284517964056621,0.0903688626921466,0.029563414083355,0.0060711372241989,0.3543104226540855,-0.0007243114698735,-0.0009250842505132,100000.0,0.0,0.1774196680395805,0.4891163999656509,0.3778665678222679,0.2759589605081787,0.2380782979215288,0.96516904812237,0.6688371881424954,0.4650183949765281,0.5728452462119683,0.8455036735849303,100000,30,10,0.1,3.0,0.1,0,9,0.001,1e-06,0.001,1e-07,1.0,1e-08,adamax,0,0.0,disordered,1,0.2879960176530211,0 days 05:32:02.756286,0.0007243783979536,1.674088220530099,1.5662883004955677
176,176,176,176,0.2493409369951876,0.2493409369951876,0.2493409369951876,0.2493409369951876,0.2493409369951876,0.2493409369951876,0.2493409369951876,0.2493409369951876,0.2493409369951876,0.2493409369951876,0.8975050611695622,6.092295889439535e-06,0.3130868078567218,0.7817028412041923,1.05228998232817e-06,0.5514093201161362,1.0473509416010956e-05,0.0346419595121889,3.866022709085082e-06,0.0685193371409249,-0.0008119404434588,-0.001089441043152,17818.0,1.0,0.6768301855369802,0.128394532188094,0.2108679393843456,0.8913321666978421,0.5576828798014435,0.5904742904835077,0.1629920281794145,0.1370148768163365,0.2166959455232863,0.3254470036324582,100000,30,10,0.1,3.0,0.1,0,9,0.001,1e-06,0.001,1e-07,1.0,1e-08,adamax,0,0.0,disordered,1,0.252706102087654,0 days 05:32:02.756286,0.0008120011903765,1.705381409905496,1.619027215414354
177,177,177,177,0.4047756965997316,0.4047756965997316,0.4047756965997316,0.4047756965997316,0.4047756965997316,0.4047756965997316,0.4047756965997316,0.4047756965997316,0.4047756965997316,0.4047756965997316,0.0097065900786614,0.0001741953849464,0.2157146017567638,0.083874299855999,0.0002284983869727,0.771964202490569,0.9783969638438096,0.0001480591347731,0.1296262051294468,0.8926396788446429,-0.0004781534258115,-0.000564336647424,7515.0,1.0,0.5589067116449552,0.3724356813618187,0.6775240946536062,0.4312975026180609,0.5143280187607449,0.9518875125215324,0.0422314303022974,0.6368393993461833,0.73620322449266,0.1801180898408009,100000,30,10,0.1,3.0,0.1,0,9,0.001,1e-06,0.001,1e-07,1.0,1e-08,adamax,0,0.0,disordered,1,0.4077894427003922,0 days 05:32:02.756286,0.0004781622579643,2.0918921903966443,1.62634082336452
178,178,178,178,0.2121550171362449,0.2121550171362449,0.2121550171362449,0.2121550171362449,0.2121550171362449,0.2121550171362449,0.2121550171362449,0.2121550171362449,0.2121550171362449,0.2121550171362449,9.999842023958213e-08,1.2767118988109357e-07,0.1167132825741197,0.7279720509178061,2.4867363976515124e-06,0.107164883081876,0.0716015731913239,0.100927689438473,0.8941215021064994,7.258520624027779e-07,-0.0005618742827967,-0.0007396858538366,69052.0,0.0,0.8605060156171978,0.1228417003009307,0.8087761926475169,0.1927105408106034,0.4263224339622773,0.3955381334147549,0.5723300230934486,0.6346187417687575,0.0404595103490741,0.814818387646713,100000,30,10,0.1,3.0,0.1,0,9,0.001,1e-06,0.001,1e-07,1.0,1e-08,adamax,0,0.0,disordered,1,0.2126860289794635,0 days 05:32:02.756286,0.0005618745552837,2.0863863360178705,1.8113781760085792
179,179,179,179,0.4913407286296357,0.4913407286296357,0.4913407286296357,0.4913407286296357,0.4913407286296357,0.4913407286296357,0.4913407286296357,0.4913407286296357,0.4913407286296357,0.4913407286296357,0.1409578655209586,0.931769251606942,0.2376280747791982,0.4019312939991122,0.4833838739235884,0.1835018943077633,0.155279406553187,0.155119518962424,0.7070234777735861,1.000225425562709,-0.0004365476303063,-0.0005091123691359,592.0,0.0,0.5264111815609723,0.91849143804291,0.1689751393360372,0.4443163223170702,0.9554762399933886,0.6346789436606832,0.5071377741957223,0.470279083869187,0.9150857305175504,0.0077227771562485,100000,30,10,0.1,3.0,0.1,0,9,0.001,1e-06,0.001,1e-07,1.0,1e-08,adamax,0,0.0,disordered,1,0.4898028821995409,0 days 05:32:02.756286,0.0004365494953355,1.5286534874056439,1.5315599211278
180,180,180,180,0.3444087275973818,0.3444087275973818,0.3444087275973818,0.3444087275973818,0.3444087275973818,0.3444087275973818,0.3444087275973818,0.3444087275973818,0.3444087275973818,0.3444087275973818,0.31775903850476,0.6217279356806373,9.45264748563624e-06,0.0168039623311281,3.230800378801734e-05,0.8265782629658577,0.4825296096613853,0.020324286300883,0.4840824426688616,0.3990063391063517,-0.0005598326673289,-0.000646568302789,8101.0,1.0,0.9905345325286374,0.4708746949087971,0.8217513147384797,0.4833469202236423,0.8269340621207426,0.0984383469262281,0.4256807315757339,0.770104221625241,0.996373483546578,0.5131814983831814,100000,30,10,0.1,3.0,0.1,0,9,0.001,1e-06,0.001,1e-07,1.0,1e-08,adamax,0,0.0,disordered,1,0.3488621329843673,0 days 05:32:02.756286,0.0005598627348411,2.082685225672495,1.6717913934710775
181,181,181,181,0.3444087275973818,0.3444087275973818,0.3444087275973818,0.3444087275973818,0.3444087275973818,0.3444087275973818,0.3444087275973818,0.3444087275973818,0.3444087275973818,0.3444087275973818,1.00000244443192,0.2096143109190984,0.4526343783616202,0.1920019713782181,0.2047175931877709,0.205290655743218,0.7120267421481008,0.3480713191347563,0.1497783201452185,0.2204389202095593,-0.0005920080869139,-0.0006569138244908,506.0,0.0,0.0743252973503707,0.7475382834694912,0.6482748545633997,0.1496609131895748,0.2096219217272472,0.5019083405080652,0.1662058939666842,0.9165163716026364,0.9907703113194848,0.7523977700633425,100000,30,10,0.1,3.0,0.1,0,9,0.001,1e-06,0.001,1e-07,1.0,1e-08,adamax,0,0.0,disordered,1,0.3454231123877871,0 days 05:32:02.756286,0.000592009772867,1.5538950243671656,1.5439567738869948
182,182,182,182,0.3557150206821381,0.3557150206821381,0.3557150206821381,0.3557150206821381,0.3557150206821381,0.3557150206821381,0.3557150206821381,0.3557150206821381,0.3557150206821381,0.3557150206821381,0.0001847625820141,0.0140341134692481,0.3819800107448782,4.127909130469319e-05,0.0002909504688983,1.000628225665643,0.0133025684642389,0.2018611831653999,0.8032514341106545,0.0008151428674821,-0.0005770432849424,-0.0006495192749366,4654.0,0.0,0.8439922733623291,0.3312196221219013,0.1066804343937446,0.7290186157281227,0.7939751161719123,0.6947801346813404,0.177051440159458,0.0266906115312945,0.5545568602357631,0.1499206963694241,100000,30,10,0.1,3.0,0.1,0,9,0.001,1e-06,0.001,1e-07,1.0,1e-08,adamax,0,0.0,disordered,1,0.3544641710829173,0 days 05:32:02.756286,0.0005770457456319,2.639521515538692,1.582770578426134
183,183,183,183,0.31260072430687,0.31260072430687,0.31260072430687,0.31260072430687,0.31260072430687,0.31260072430687,0.31260072430687,0.31260072430687,0.31260072430687,0.31260072430687,0.112637784767318,0.0259966964920868,0.1464063284684139,1.000156690718337,0.296782425972053,0.0649076274918275,0.6808494610202094,0.0153994289807497,0.2157266929016322,0.0188587237662829,-0.0006206628974761,-0.0007228247261655,1906.0,0.0,0.294693182079087,0.4764056245886261,0.2509043791169674,0.932818986572725,0.3214092379050743,0.5609602809118995,0.9729887653335408,0.6708927172949258,0.3857643810724636,0.7530443630890749,100000,30,10,0.1,3.0,0.1,0,9,0.001,1e-06,0.001,1e-07,1.0,1e-08,adamax,0,0.0,disordered,1,0.3156251402350737,0 days 05:32:02.756286,0.0006206817662449,1.785819147799587,1.6201539509441967
184,184,184,184,0.2747120789270809,0.2747120789270809,0.2747120789270809,0.2747120789270809,0.2747120789270809,0.2747120789270809,0.2747120789270809,0.2747120789270809,0.2747120789270809,0.2747120789270809,0.1179030203619757,6.592255675231777e-05,0.9616756679422046,0.0223292189173773,1.5500584467401117e-05,1.7215475502329023e-05,2.4161297457069966e-05,0.0418042405173634,0.5443650976464426,0.3486693581882413,-0.000721009312164,-0.0009374185373185,8431.0,1.0,0.193543124298731,0.103977241662804,0.038779099627476,0.6678087656439216,0.657988078578443,0.670959148799725,0.6733965454081345,0.5827774663664507,0.9417557313138412,0.4598379478447295,100000,30,10,0.1,3.0,0.1,0,9,0.001,1e-06,0.001,1e-07,1.0,1e-08,adamax,0,0.0,disordered,1,0.2738034261957874,0 days 05:32:02.756286,0.0007210120768925,1.5357161128414778,1.474727012898222
185,185,185,185,0.2659804395593755,0.2659804395593755,0.2659804395593755,0.2659804395593755,0.2659804395593755,0.2659804395593755,0.2659804395593755,0.2659804395593755,0.2659804395593755,0.2659804395593755,0.1643080122157737,0.1856170323502916,0.1519120605080909,0.271400599973307,3.960880667709177e-05,3.4096834223462065e-05,0.2105843088312027,0.3446908904825744,4.844527929698928e-05,0.933137306107398,-0.0007283151938954,-0.0008421880408552,8177.0,1.0,0.1233252313945793,0.2499942574141122,0.4083691459001147,0.6123203267135688,0.3577362877443939,0.4357099077651283,0.2935833985092709,0.7277334408157906,0.845134155030783,0.338783613064323,100000,30,10,0.1,3.0,0.1,0,9,0.001,1e-06,0.001,1e-07,1.0,1e-08,adamax,0,0.0,disordered,1,0.263192301265255,0 days 05:32:02.756286,0.0007283420623348,1.7344955527557748,1.5044338692507386
186,186,186,186,0.2659804395593755,0.2659804395593755,0.2659804395593755,0.2659804395593755,0.2659804395593755,0.2659804395593755,0.2659804395593755,0.2659804395593755,0.2659804395593755,0.2659804395593755,3.845699033546643e-05,0.7724725792615263,0.5848206292694336,0.2820486835769372,0.4946868060455093,9.053969817074042e-07,1.2331763999536754e-06,1.0047079076887418e-06,0.5413348703864547,0.1387805356730861,-0.000554847463552,-0.0007744745004644,8943.0,1.0,0.8003503170635864,0.1970847602580898,0.9749271752625236,0.356152860257068,0.6614055922360822,0.6022105897609114,0.0821534229842885,0.5858340924685699,0.0466246723891885,0.4855800778680106,100000,30,10,0.1,3.0,0.1,0,9,0.001,1e-06,0.001,1e-07,1.0,1e-08,adamax,0,0.0,disordered,1,0.26848845108948,0 days 05:32:02.756286,0.0005548551068118,1.8837903041152848,1.6934022772625346
187,187,187,187,0.367392478180207,0.367392478180207,0.367392478180207,0.367392478180207,0.367392478180207,0.367392478180207,0.367392478180207,0.367392478180207,0.367392478180207,0.367392478180207,0.1427379828899753,1.000011665984487,0.2762513271053574,0.7599920433909776,0.0816461015929908,0.1259619640761159,0.0826196796173873,0.256820722761203,0.1517512320197043,0.9049188435328824,-0.0005361825486365,-0.0006218027289511,672.0,0.0,0.5371882984053611,0.951997611074012,0.182133745387985,0.0485946351976115,0.6269918487949945,0.3099575823858593,0.5502766895860995,0.2555058305220564,0.690354676478183,0.1258208526893879,100000,30,10,0.1,3.0,0.1,0,9,0.001,1e-06,0.001,1e-07,1.0,1e-08,adamax,0,0.0,disordered,1,0.3721181384332277,0 days 05:32:02.756286,0.000536211993863,1.8194527928935793,1.5832826281202552
188,188,188,188,0.1535934676510895,0.1535934676510895,0.1535934676510895,0.1535934676510895,0.1535934676510895,0.1535934676510895,0.1535934676510895,0.1535934676510895,0.1535934676510895,0.1535934676510895,0.4400229796057176,0.0723629332730407,0.0050683246154497,0.4825048222671317,0.38722630454299,9.999789864496734e-08,0.8120843030595584,0.0502261570604045,3.1701733666117585e-07,2.4318362597269304e-07,-0.0006105613378111,-0.0008583697926114,30673.0,0.0,0.5118869253857486,0.7715420836198362,0.892247253863254,0.3278519753616105,0.5487013173130514,0.9531344850851424,0.1384454988354615,0.830214191649277,0.7327395107432352,0.9660335288182658,100000,30,10,0.1,3.0,0.1,0,9,0.001,1e-06,0.001,1e-07,1.0,1e-08,adamax,0,0.0,disordered,1,0.1516523369619374,0 days 05:32:02.756286,0.0006105672675252,2.5771551158708417,2.050845282086839
189,189,189,189,0.1586356533508588,0.1586356533508588,0.1586356533508588,0.1586356533508588,0.1586356533508588,0.1586356533508588,0.1586356533508588,0.1586356533508588,0.1586356533508588,0.1586356533508588,0.4500495474436778,0.0194428035320964,3.091110501482382e-06,0.0006352755443639,0.4734051797393474,8.69559735849587e-06,0.0175702970940583,0.0434235193150079,0.2997380355295551,0.2198239947454743,-0.0009370633307185,-0.001164380227195,8142.0,1.0,0.4885474892180693,0.4552687916562221,0.5453349965360131,0.3611917337246968,0.0583130261082898,0.5685933037770732,0.3898531222958959,0.5053216831123871,0.6995514146566701,0.3938181735900791,100000,30,10,0.1,3.0,0.1,0,9,0.001,1e-06,0.001,1e-07,1.0,1e-08,adamax,0,0.0,disordered,1,0.1568716620831928,0 days 05:32:02.756286,0.0009370830961058,2.7676251468302033,2.02262573067373
190,190,190,190,0.3557150206821381,0.3557150206821381,0.3557150206821381,0.3557150206821381,0.3557150206821381,0.3557150206821381,0.3557150206821381,0.3557150206821381,0.3557150206821381,0.3557150206821381,1.0003644096060167,0.2202729077843561,0.3919944932795388,0.6167426423369476,0.1207810922318651,0.1917341019066094,0.157433005415067,0.983957920540162,0.1276317230899782,0.1357453608705446,-0.0004896764606108,-0.0005890047149268,474.0,0.0,0.1621186463421164,0.8307599058240421,0.9442078856421376,0.2347843226477063,0.6108236996679951,0.3773559526274866,0.7018834718502762,0.0546730326301002,0.9194034540657708,0.854608348268091,100000,30,10,0.1,3.0,0.1,0,9,0.001,1e-06,0.001,1e-07,1.0,1e-08,adamax,0,0.0,disordered,1,0.359775764225719,0 days 05:32:02.756286,0.0004896923287847,1.824064940799558,1.6608341329983156
191,191,191,191,0.31260072430687,0.31260072430687,0.31260072430687,0.31260072430687,0.31260072430687,0.31260072430687,0.31260072430687,0.31260072430687,0.31260072430687,0.31260072430687,0.5410571047862555,0.496728219884619,0.0001485400339553,0.7346546476718185,0.2127413601348564,0.0888180189760406,9.156500979095062e-05,5.296962490136916e-05,0.3778859244117679,0.5936972343860251,-0.0006503981890477,-0.0007697165025609,8166.0,1.0,0.1387081230046472,0.6410568369788642,0.3306023906468737,0.2100287729330664,0.8474872128226818,0.7529992406443696,0.5771772316266393,0.6204337554211788,0.8697201396394431,0.3413880117550416,100000,30,10,0.1,3.0,0.1,0,9,0.001,1e-06,0.001,1e-07,1.0,1e-08,adamax,0,0.0,disordered,1,0.3083104161835758,0 days 05:32:02.756286,0.000650443532651,1.5898595655366738,1.5190394969472116
192,192,192,192,0.1349772330233941,0.1349772330233941,0.1349772330233941,0.1349772330233941,0.1349772330233941,0.1349772330233941,0.1349772330233941,0.1349772330233941,0.1349772330233941,0.1349772330233941,1.3802730026426338e-05,5.198232390027874e-06,0.1922267993659565,8.530958730553778e-06,0.6270819099598439,1.0222038146558318e-05,0.1121010824327877,5.060963965895661e-06,0.236854038888522,2.212616260815073e-05,-0.0010111572857332,-0.0012302274332696,8723.0,1.0,0.4930006569675881,0.2293783972850448,0.4531024331903944,0.1709223691586158,0.3456081147054866,0.6432019355210938,0.2766867791863913,0.6528621810348465,0.7971262366886388,0.6295824775477612,100000,30,10,0.1,3.0,0.1,0,9,0.001,1e-06,0.001,1e-07,1.0,1e-08,adamax,0,0.0,disordered,1,0.1331738051002065,0 days 05:32:02.756286,0.0010111960004934,2.135441107488761,1.9312933022239835
193,193,193,193,0.2659804395593755,0.2659804395593755,0.2659804395593755,0.2659804395593755,0.2659804395593755,0.2659804395593755,0.2659804395593755,0.2659804395593755,0.2659804395593755,0.2659804395593755,0.0147017636510718,0.0398735410309156,0.7491913364671559,0.3483885525905225,0.2610739035677847,0.8054605198929139,0.0358587956948898,0.0758173347995733,0.0460186849016767,0.1226601214586182,-0.0006808500919845,-0.0008332103003591,4639.0,1.0,0.46928653969985,0.390735095512803,0.0723702891932622,0.7662354457714627,0.9554555810072084,0.241228705435484,0.6963187340726933,0.60276645076222,0.8127417971322611,0.6830013088815216,100000,30,10,0.1,3.0,0.1,0,9,0.001,1e-06,0.001,1e-07,1.0,1e-08,adamax,0,0.0,disordered,1,0.2665200525565525,0 days 05:32:02.756286,0.0006808509233515,1.852494232472291,1.7222549752648317
194,194,194,194,0.0858751948484516,0.0858751948484516,0.0858751948484516,0.0858751948484516,0.0858751948484516,0.0858751948484516,0.0858751948484516,0.0858751948484516,0.0858751948484516,0.0858751948484516,2.682522158984528e-05,7.96073342800306e-05,0.2955819084957041,0.5130266884523734,3.3215193179205643e-06,0.2086378838193749,7.826816972809776e-06,0.1104786693443451,0.8137609760984548,5.714783588466314e-06,-0.0005354398395701,-0.0007555159270415,8395.0,1.0,0.1960750665428106,0.1349177742162709,0.3368118541359427,0.1861283494682134,0.6023762430226838,0.0878655252270514,0.6752825814993385,0.7853399182255231,0.0413469873262518,0.8872135498661534,100000,30,10,0.1,3.0,0.1,0,9,0.001,1e-06,0.001,1e-07,1.0,1e-08,adamax,0,0.0,disordered,1,0.0845666936326857,0 days 05:32:02.756286,0.0005354622360423,1.960401163800975,1.9248000723853067
195,195,195,195,0.4606028844202396,0.4606028844202396,0.4606028844202396,0.4606028844202396,0.4606028844202396,0.4606028844202396,0.4606028844202396,0.4606028844202396,0.4606028844202396,0.4606028844202396,0.4300287131478416,0.7328272749160711,0.1741905513008746,0.3915593515094274,0.1726905865581947,0.3442111664487143,0.3846379603038131,0.2875493387583184,0.380046068501527,1.000937269382308,-0.0004445611757031,-0.000492625550491,424.0,0.0,0.8203067955127752,0.0426734613804549,0.5476119930948808,0.0276987578582994,0.476849323850059,0.0810706566252456,0.5758752183135014,0.0770917045106102,0.0891812636734423,0.9707655112111976,100000,30,10,0.1,3.0,0.1,0,9,0.001,1e-06,0.001,1e-07,1.0,1e-08,adamax,0,0.0,disordered,1,0.4549868355897901,0 days 05:32:02.756286,0.0004445837286529,1.6839674510745795,1.6236514447512316
196,196,196,196,0.2493409369951876,0.2493409369951876,0.2493409369951876,0.2493409369951876,0.2493409369951876,0.2493409369951876,0.2493409369951876,0.2493409369951876,0.2493409369951876,0.2493409369951876,5.872961296524989e-07,1.203705745915728e-05,6.183130863260887e-06,0.6130869930829681,6.199486907002417e-06,0.6439662676054426,2.0679575492660594e-06,2.5033322843764926e-06,0.00909207347675,0.5773722678373269,-0.0008015271715031,-0.0010412126063298,10910.0,1.0,0.8086431747728513,0.6726456573027725,0.7873534174037112,0.2138068606342079,0.1035298872262434,0.3220818050220797,0.7609848968381185,0.7554276132962582,0.7175991955140247,0.4169878110167524,100000,30,10,0.1,3.0,0.1,0,9,0.001,1e-06,0.001,1e-07,1.0,1e-08,adamax,0,0.0,disordered,1,0.246398796232955,0 days 05:32:02.756286,0.0008015692689245,3.664222351005436,1.6595744893639157
197,197,197,197,0.3919100249433399,0.3919100249433399,0.3919100249433399,0.3919100249433399,0.3919100249433399,0.3919100249433399,0.3919100249433399,0.3919100249433399,0.3919100249433399,0.3919100249433399,0.333549164124809,0.0795108089115207,0.2175666073644265,0.2313450346069404,0.5762019164004304,0.1108403092982935,1.000134149363741,0.2696027868301668,0.0443762238643144,0.0515058318393861,-0.0005483304833415,-0.0006744019942583,1251.0,0.0,0.5086903174204658,0.7400016015709628,0.5875236478790725,0.2213090706827494,0.4701230161149549,0.9348430298883496,0.961070735677403,0.0774580871146507,0.1196809759074851,0.0580147337772677,100000,30,10,0.1,3.0,0.1,0,9,0.001,1e-06,0.001,1e-07,1.0,1e-08,adamax,0,0.0,disordered,1,0.393081687648088,0 days 05:32:02.756286,0.0005483323004155,1.6076150775493794,1.520293554457424
198,198,198,198,0.4180637241455752,0.4180637241455752,0.4180637241455752,0.4180637241455752,0.4180637241455752,0.4180637241455752,0.4180637241455752,0.4180637241455752,0.4180637241455752,0.4180637241455752,0.3864116631617586,0.4194395184544479,0.2136076842758535,0.1787272496449418,0.7149979532070541,0.3261743583510386,0.3038607826162411,0.2086549111354034,0.278610190156781,1.0003097240669945,-0.0004853705274354,-0.0005329554549038,461.0,0.0,0.5053224970285753,0.8981542338510546,0.5149285866757037,0.3326697194301049,0.8811087944470062,0.2414535217964392,0.5495248734337503,0.8854725114915851,0.8715760559548247,0.1321769159494964,100000,30,10,0.1,3.0,0.1,0,9,0.001,1e-06,0.001,1e-07,1.0,1e-08,adamax,0,0.0,disordered,1,0.4244891048895051,0 days 05:32:02.756286,0.0004854128997863,1.5732955617520203,1.5710062973663825
199,199,199,199,0.2337423870891812,0.2337423870891812,0.2337423870891812,0.2337423870891812,0.2337423870891812,0.2337423870891812,0.2337423870891812,0.2337423870891812,0.2337423870891812,0.2337423870891812,8.173609076640847e-05,0.6087316809802722,2.879991880639284e-05,0.4423166210099536,3.9844779764215135e-06,1.434765445656118e-05,0.1032572900978423,6.247734424193517e-06,0.4029569475549069,0.3966408801391697,-0.0008065182907278,-0.0009321243894496,8285.0,1.0,0.3050751526083735,0.4077745572349009,0.7725284557686096,0.686684721711338,0.5367303424045855,0.3768587937652314,0.2869107062612098,0.5824724774589648,0.8038178801135077,0.3512810604683982,100000,30,10,0.1,3.0,0.1,0,9,0.001,1e-06,0.001,1e-07,1.0,1e-08,adamax,0,0.0,disordered,1,0.2322109332031953,0 days 05:32:02.756286,0.0008065291543322,2.07224040328002,1.5350062565523142
200,200,200,200,0.367392478180207,0.367392478180207,0.367392478180207,0.367392478180207,0.367392478180207,0.367392478180207,0.367392478180207,0.367392478180207,0.367392478180207,0.367392478180207,0.1521254385696039,0.1443528726659996,0.1287333043828169,0.1737709198262662,0.3154828637660116,0.4153094361952431,0.2750836988700906,0.1444549298192546,0.2778864593152437,1.0004239675872395,-0.0005623192003051,-0.000645254258858,553.0,0.0,0.2841725811036992,0.0098014693381194,0.110380666903483,0.1312510297306344,0.4322052618946842,0.7758345101290121,0.4043857509029754,0.1460427398879018,0.1679213699100826,0.952884908736082,100000,30,10,0.1,3.0,0.1,0,9,0.001,1e-06,0.001,1e-07,1.0,1e-08,adamax,0,0.0,disordered,1,0.3676348438629943,0 days 05:32:02.756286,0.0005623194462037,1.5784614678883595,1.532201122613647
201,201,201,201,0.2493409369951876,0.2493409369951876,0.2493409369951876,0.2493409369951876,0.2493409369951876,0.2493409369951876,0.2493409369951876,0.2493409369951876,0.2493409369951876,0.2493409369951876,0.2617091374656676,0.8212125514239468,4.075267759635021e-05,0.3356009155907237,0.2716953724346012,8.86501209308461e-05,5.750907431360127e-05,0.1213727654536209,0.5480162089568982,1.725619085052211e-05,-0.0007949879907343,-0.0009345480196602,8401.0,1.0,0.6201842307810612,0.2964785426638304,0.8444660694775874,0.9474444975391232,0.5467043710128199,0.4530432787594874,0.3865609462752719,0.3750887220633633,0.8641334593779851,0.7121169088606202,100000,30,10,0.1,3.0,0.1,0,9,0.001,1e-06,0.001,1e-07,1.0,1e-08,adamax,0,0.0,disordered,1,0.2502454716122272,0 days 05:32:02.756286,0.0007949920388709,1.6035503489396583,1.595941261520809
202,202,202,202,0.2837303616516209,0.2837303616516209,0.2837303616516209,0.2837303616516209,0.2837303616516209,0.2837303616516209,0.2837303616516209,0.2837303616516209,0.2837303616516209,0.2837303616516209,1.00062627981948,0.326313274905297,0.4948726766732532,0.1014978846929037,0.0727148329332683,0.0831984236326611,0.0645039036082448,0.6067851360737233,0.0868068024740633,0.4624043822150128,-0.0007159741122797,-0.0008115593094325,710.0,0.0,0.9116187399049344,0.0330861618683887,0.1317100749102014,0.5247398946099376,0.586993413190181,0.4302177437931249,0.5175722149699251,0.901339437787484,0.5628716867420183,0.2620706984769563,100000,30,10,0.1,3.0,0.1,0,9,0.001,1e-06,0.001,1e-07,1.0,1e-08,adamax,0,0.0,disordered,1,0.283271502242486,0 days 05:32:02.756286,0.000715974692406,1.5980056852853994,1.5746916635408044
203,203,203,203,0.2191196687578146,0.2191196687578146,0.2191196687578146,0.2191196687578146,0.2191196687578146,0.2191196687578146,0.2191196687578146,0.2191196687578146,0.2191196687578146,0.2191196687578146,0.0952014615682428,0.4114843909179463,0.027185322012191,0.1023787368334344,1.3114012140671913e-05,0.7851188536393408,1.519358690500545e-06,0.0091365731728373,1.8980809041338889e-06,0.3887571747532265,-0.0007385666007897,-0.0011274113478215,9156.0,1.0,0.4998416118676445,0.2976851522117538,0.6305004038324661,0.5873705253573342,0.7080282063122164,0.9740300030341958,0.4986415638058594,0.0375864993647589,0.4949250184604326,0.5079226609557341,100000,30,10,0.1,3.0,0.1,0,9,0.001,1e-06,0.001,1e-07,1.0,1e-08,adamax,0,0.0,disordered,1,0.2215727110332579,0 days 05:32:02.756286,0.000738587709181,1.8989497905593824,1.6406001230754814
204,204,204,204,0.4180637241455752,0.4180637241455752,0.4180637241455752,0.4180637241455752,0.4180637241455752,0.4180637241455752,0.4180637241455752,0.4180637241455752,0.4180637241455752,0.4180637241455752,1.0000030146839405,0.0152418788885383,0.3536580151281468,0.0388046285918451,0.8981207953020246,0.2049683340986701,0.8807357294911378,0.5027614606887895,0.2633297914143068,0.1113040364593819,-0.0004426262786313,-0.000502284741457,1650.0,0.0,0.7907435523960199,0.9276889739859024,0.1612277039736088,0.8859141379692881,0.1726543840939524,0.5902395946811771,0.0046682064387766,0.8449914787022698,0.412171198620191,0.2167115328242185,100000,30,10,0.1,3.0,0.1,0,9,0.001,1e-06,0.001,1e-07,1.0,1e-08,adamax,0,0.0,disordered,1,0.4233497129726555,0 days 05:32:02.756286,0.000442646133143,1.8631700001485427,1.6894456127938209
205,205,205,205,0.3557150206821381,0.3557150206821381,0.3557150206821381,0.3557150206821381,0.3557150206821381,0.3557150206821381,0.3557150206821381,0.3557150206821381,0.3557150206821381,0.3557150206821381,1.0006425076494392,0.4312746564843947,0.1260862445291936,0.1179252978203055,0.1227830071658839,0.0950904699967372,0.7813577385098476,0.4018708705664298,0.1649128689218524,0.4312449705885433,-0.0005735368628305,-0.0006417273137877,605.0,0.0,0.9461633176947816,0.0858252645518551,0.3519555683948094,0.4662096657402347,0.2641610423199229,0.3577243023289156,0.8439450561857775,0.1966853652975934,0.5568244398237743,0.2123840167638335,100000,30,10,0.1,3.0,0.1,0,9,0.001,1e-06,0.001,1e-07,1.0,1e-08,adamax,0,0.0,disordered,1,0.3569385347167979,0 days 05:32:02.756286,0.0005735393616539,1.684712584770298,1.586408441056269
206,206,206,206,0.3228628202536728,0.3228628202536728,0.3228628202536728,0.3228628202536728,0.3228628202536728,0.3228628202536728,0.3228628202536728,0.3228628202536728,0.3228628202536728,0.3228628202536728,0.1047404368222726,0.1180616863925686,0.1600966254027016,0.0656983018476114,0.4453222164862743,0.1660850167790146,0.7023528301535976,2.908034940942743e-07,0.317552049466499,0.778788492719464,-0.0005510490413066,-0.0006357841455011,100000.0,0.0,0.6193251512817038,0.2504078897401338,0.3153846107667606,0.5267904055998419,0.2517950567936714,0.7296339402648715,0.2245900242579696,0.8373230498189689,0.7008026550476931,0.1292264353061747,100000,30,10,0.1,3.0,0.1,0,9,0.001,1e-06,0.001,1e-07,1.0,1e-08,adamax,0,0.0,disordered,1,0.3253385658031841,0 days 05:32:02.756286,0.0005510573716913,1.8717965793190954,1.6280904432635521
207,207,207,207,0.2121550171362449,0.2121550171362449,0.2121550171362449,0.2121550171362449,0.2121550171362449,0.2121550171362449,0.2121550171362449,0.2121550171362449,0.2121550171362449,0.2121550171362449,0.5907467828623075,0.1750260914416117,9.13269618020002e-07,0.4462545881911097,0.1719371842601279,1.6368171623036133e-07,0.2759585001803025,0.1859606888451176,5.933591198474835e-06,0.5708200482930511,-0.0008788939154478,-0.000958886407662,100000.0,0.0,0.5201552343639971,0.0661997105179632,0.1721544722467036,0.312892160296816,0.7078524496291896,0.6182809299151276,0.532032312442629,0.1823636503495314,0.297466122530351,0.6865605756254168,100000,30,10,0.1,3.0,0.1,0,9,0.001,1e-06,0.001,1e-07,1.0,1e-08,adamax,0,0.0,disordered,1,0.2129727290138189,0 days 05:32:02.756286,0.0008788976715839,1.5385041993144701,1.63587603095153
208,208,208,208,0.4180637241455752,0.4180637241455752,0.4180637241455752,0.4180637241455752,0.4180637241455752,0.4180637241455752,0.4180637241455752,0.4180637241455752,0.4180637241455752,0.4180637241455752,0.0733128515455633,0.3007285323884319,0.058654791182824,0.3807186958279117,1.0000556857836254,0.1039248493578786,0.6829466479122538,0.4570876403665267,0.1075134066397687,0.4736239623199806,-0.0004875611563495,-0.0005185324058853,1701.0,0.0,0.490586013515179,0.3226402252012018,0.0690082719759968,0.0460383384738465,0.9243948450781102,0.4160384084032459,0.892642849940053,0.2427364202596078,0.5902893458566169,0.2554925136067161,100000,30,10,0.1,3.0,0.1,0,9,0.001,1e-06,0.001,1e-07,1.0,1e-08,adamax,0,0.0,disordered,1,0.4148509158070602,0 days 05:32:02.756286,0.0004875716839414,1.6956794144083969,1.6078893075861715
209,209,209,209,0.2659804395593755,0.2659804395593755,0.2659804395593755,0.2659804395593755,0.2659804395593755,0.2659804395593755,0.2659804395593755,0.2659804395593755,0.2659804395593755,0.2659804395593755,0.4897919419996436,0.3831659504794463,0.332518189282439,0.366010258053942,0.1161157922402103,0.2201843350365615,6.938226850543029e-05,0.4915178821391716,0.2046399388869814,3.2684242313213325e-05,-0.0007464805749101,-0.0008296856313064,8055.0,1.0,0.8824369211174049,0.2237432147542696,0.5457548232681747,0.966408500467066,0.7300655008831317,0.55451469704545,0.3642251993788008,0.5299935154653812,0.003964601886879,0.1307005979703461,100000,30,10,0.1,3.0,0.1,0,9,0.001,1e-06,0.001,1e-07,1.0,1e-08,adamax,0,0.0,disordered,1,0.2643504278951112,0 days 05:32:02.756286,0.0007464910666108,1.5182343556567752,1.5635816690116167
210,210,210,210,0.3444087275973818,0.3444087275973818,0.3444087275973818,0.3444087275973818,0.3444087275973818,0.3444087275973818,0.3444087275973818,0.3444087275973818,0.3444087275973818,0.3444087275973818,0.0256410572940024,0.0501961758635665,0.0392157486168427,0.5920896759329453,0.1310466219449562,0.2518808578234833,1.0000313465888513,0.3027957883324681,0.0655057293346112,0.0383856552707392,-0.0005798709314702,-0.0007129574779558,1343.0,0.0,0.2790991030065441,0.0468384390791053,0.2382331369006272,0.4210956189228788,0.8581652380491207,0.919041328596542,0.0206468547942875,0.4598981761889207,0.6834911275073907,0.752343177655418,100000,30,10,0.1,3.0,0.1,0,9,0.001,1e-06,0.001,1e-07,1.0,1e-08,adamax,0,0.0,disordered,1,0.3475379982851647,0 days 05:32:02.756286,0.0005798888233697,1.780004023220017,1.6261276018068582
211,211,211,211,0.2263129568399526,0.2263129568399526,0.2263129568399526,0.2263129568399526,0.2263129568399526,0.2263129568399526,0.2263129568399526,0.2263129568399526,0.2263129568399526,0.2263129568399526,2.701156015761729e-05,0.1024008290830764,0.0826254634978273,2.62223901689263e-06,1.582126124371991e-06,2.1840762590038705e-06,0.9449356244621092,5.393026040750337e-06,4.472373243264371e-06,4.477244940132703e-06,-0.0008888684758333,-0.0014125277707399,9029.0,1.0,0.1593110042926907,0.0072366000934332,0.2493808475659444,0.3142001016251147,0.1871628674307952,0.2204804283056316,0.6620003487166186,0.2217289002022189,0.1888468319739497,0.2708439558761873,100000,30,10,0.1,3.0,0.1,0,9,0.001,1e-06,0.001,1e-07,1.0,1e-08,adamax,0,0.0,disordered,1,0.2229278754711032,0 days 05:32:02.756286,0.0008889410315575,2.3221039141167705,1.5910441200750252
212,212,212,212,0.1692220351641035,0.1692220351641035,0.1692220351641035,0.1692220351641035,0.1692220351641035,0.1692220351641035,0.1692220351641035,0.1692220351641035,0.1692220351641035,0.1692220351641035,0.3022370870531569,0.000261806460932,0.7531125389901198,9.60870497929369e-06,4.035537845445396e-06,0.0366299141242423,5.0556006924029335e-06,0.3098522242834406,0.1284223688208693,8.260904228814926e-06,-0.0010257221835937,-0.0012793243189391,8983.0,1.0,0.455397885465194,0.1981833967994051,0.4956181222794322,0.936968986660444,0.8217622708517057,0.7513602717091733,0.9424908823824212,0.9216691367522626,0.5530379528488172,0.6917257743704043,100000,30,10,0.1,3.0,0.1,0,9,0.001,1e-06,0.001,1e-07,1.0,1e-08,adamax,0,0.0,disordered,1,0.1715524027295698,0 days 05:32:02.756286,0.0010257802218619,1.9427228935091778,1.5785963849407076
213,213,213,213,0.1805148879221106,0.1805148879221106,0.1805148879221106,0.1805148879221106,0.1805148879221106,0.1805148879221106,0.1805148879221106,0.1805148879221106,0.1805148879221106,0.1805148879221106,0.2701353829491011,0.1889295189197481,0.5606507991769026,0.2363894621418108,0.0390622553720647,0.1464135511822277,0.0368189394755877,6.8661482200704725e-06,1.391896642474835e-06,0.3606496827754304,-0.0008646899367662,-0.001016852205256,11548.0,1.0,0.3526787263580574,0.5383261755672814,0.920654969928161,0.5076198694558568,0.4212669136615909,0.6581423117426194,0.4650690107189882,0.0950751511429794,0.3789402569079488,0.1358529711872043,100000,30,10,0.1,3.0,0.1,0,9,0.001,1e-06,0.001,1e-07,1.0,1e-08,adamax,0,0.0,disordered,1,0.1813069289010088,0 days 05:32:02.756286,0.000864693173384,1.8432054717389175,1.6459041909150578
214,214,214,214,0.1988827856988807,0.1988827856988807,0.1988827856988807,0.1988827856988807,0.1988827856988807,0.1988827856988807,0.1988827856988807,0.1988827856988807,0.1988827856988807,0.1988827856988807,0.2015221402263065,0.1040473722802082,0.5275097954975374,0.0522163557821989,0.0054123226610521,0.270260523887744,0.2784246152614553,0.2820847856835123,0.0394005098110208,0.2008120480964808,-0.0008980872045049,-0.0009528124175829,6514.0,1.0,0.914623681246587,0.7408822942823422,0.4393104955811658,0.0707768976316932,0.1130279864224709,0.2624156021116005,0.5242856925683992,0.1061762451345866,0.3628835152626581,0.1810869435269304,100000,30,10,0.1,3.0,0.1,0,9,0.001,1e-06,0.001,1e-07,1.0,1e-08,adamax,0,0.0,disordered,1,0.2008007257561904,0 days 05:32:02.756286,0.0008981139594491,1.5681241471988965,1.6393179860090572
215,215,215,215,0.4606028844202396,0.4606028844202396,0.4606028844202396,0.4606028844202396,0.4606028844202396,0.4606028844202396,0.4606028844202396,0.4606028844202396,0.4606028844202396,0.4606028844202396,0.2045755818935609,0.1965169003197193,0.315317725927382,1.0002642040184684,0.190485565549852,0.8268941026228276,0.2094376210538915,0.2239919638263407,0.2304588218653503,0.9907108923669,-0.0004581594333014,-0.0005048865540566,390.0,0.0,0.1040694882091142,0.1207156030198123,0.1205773080414402,0.8314340131623814,0.1801038565742732,0.1114461759198258,0.8308278558558296,0.961011026603638,0.7342278090035012,0.0729623876622924,100000,30,10,0.1,3.0,0.1,0,9,0.001,1e-06,0.001,1e-07,1.0,1e-08,adamax,0,0.0,disordered,1,0.4653348965163744,0 days 05:32:02.756286,0.0004581792060074,1.537006148826137,1.533723460351338
216,216,216,216,0.333461801578636,0.333461801578636,0.333461801578636,0.333461801578636,0.333461801578636,0.333461801578636,0.333461801578636,0.333461801578636,0.333461801578636,0.333461801578636,0.0003309638851279,0.0002215553781156,0.2399533980114556,0.2973574324365173,0.6154099101437371,0.5515145406286885,0.3028943360362823,0.0467466186782324,0.1013759790246895,0.5681957035114044,-0.0006112802755647,-0.0006798950656789,6742.0,1.0,0.135227585489973,0.1455237945638252,0.097818328651009,0.4805453164795235,0.0559177808052885,0.7949178194024896,0.4107411089264134,0.1952745361576933,0.0930262237184345,0.5691464282847171,100000,30,10,0.1,3.0,0.1,0,9,0.001,1e-06,0.001,1e-07,1.0,1e-08,adamax,0,0.0,disordered,1,0.3282669510882499,0 days 05:32:02.756286,0.0006113378117821,1.6846617392413668,1.6192077757332972
217,217,217,217,0.1747772774464679,0.1747772774464679,0.1747772774464679,0.1747772774464679,0.1747772774464679,0.1747772774464679,0.1747772774464679,0.1747772774464679,0.1747772774464679,0.1747772774464679,1.0691241161869271e-06,1.712240662469827e-06,0.4454118528507926,5.822672213581391e-06,0.4412419818493935,0.0590477237400394,0.5946587322818134,2.6588773050621644e-06,0.1960552848308375,2.6196646525073966e-06,-0.0006452341321714,-0.000946964635828,8806.0,1.0,0.7780822486374359,0.5827575179313235,0.2376203456844096,0.8029028204045157,0.5144587734644316,0.5852728529588221,0.90773163704272,0.6753026600541806,0.1166591329730092,0.6944758160683953,100000,30,10,0.1,3.0,0.1,0,9,0.001,1e-06,0.001,1e-07,1.0,1e-08,adamax,0,0.0,disordered,1,0.1765275544371268,0 days 05:32:02.756286,0.0006452369094443,2.3067212347375006,1.8477870007308899
218,218,218,218,0.5413360302965373,0.5413360302965373,0.5413360302965373,0.5413360302965373,0.5413360302965373,0.5413360302965373,0.5413360302965373,0.5413360302965373,0.5413360302965373,0.5413360302965373,0.7191023030609157,0.317321427795905,0.2956875550085462,0.3343235366985424,0.3193560785661942,0.5483719389185947,1.0012327176576858,0.441599185724966,0.3136332855931176,0.3534217623336189,-0.0004130875894864,-0.0004752301165904,276.0,0.0,0.2903939653665163,0.7900091434874791,0.5623982115664938,0.5406843913905252,0.1413538655857303,0.0271220945245717,0.9748166908535594,0.0303579646415819,0.0518069464734765,0.4585185987142001,100000,30,10,0.1,3.0,0.1,0,9,0.001,1e-06,0.001,1e-07,1.0,1e-08,adamax,0,0.0,disordered,1,0.5365385197464848,0 days 05:32:02.756286,0.0004131027015397,1.596853468119304,1.5938358452944168
219,219,219,219,0.2414157116103016,0.2414157116103016,0.2414157116103016,0.2414157116103016,0.2414157116103016,0.2414157116103016,0.2414157116103016,0.2414157116103016,0.2414157116103016,0.2414157116103016,5.459060512908868e-06,0.35327175344473,0.093648620933047,0.1394477059550156,0.0220080078034305,0.0446369846253677,1.0314722303558776e-07,0.220512241355299,0.6822645893459253,6.317950372466424e-06,-0.0007328819779213,-0.0009179294123858,100000.0,0.0,0.9373870480730612,0.541439845201694,0.992234973213659,0.7159409359468822,0.8206692556312501,0.8193095900901667,0.943006272690257,0.9689264863063872,0.3276494541319806,0.7083458703669923,100000,30,10,0.1,3.0,0.1,0,9,0.001,1e-06,0.001,1e-07,1.0,1e-08,adamax,0,0.0,disordered,1,0.2392867494628233,0 days 05:32:02.756286,0.0007328978752408,2.4477129354856086,1.6046409342610894
220,220,220,220,0.2493409369951876,0.2493409369951876,0.2493409369951876,0.2493409369951876,0.2493409369951876,0.2493409369951876,0.2493409369951876,0.2493409369951876,0.2493409369951876,0.2493409369951876,0.1290943188772267,0.8517542773679602,0.0084121199195927,0.261453374919928,0.9442785020810568,0.100431225309537,0.4991678396156525,5.407985958489504e-06,5.933517257711173e-06,3.813285440726868e-06,-0.0005178010659658,-0.0007848360257232,8806.0,1.0,0.5084046609907297,0.9787623649000357,0.5912992803747523,0.4000301605128264,0.0337555554224702,0.7289475620574137,0.0126671734556811,0.6485375145549263,0.2649876404506113,0.6755883122773291,100000,30,10,0.1,3.0,0.1,0,9,0.001,1e-06,0.001,1e-07,1.0,1e-08,adamax,0,0.0,disordered,1,0.2517087953847227,0 days 05:32:02.756286,0.0005178050368227,2.0148084454419997,1.7569536749088641
221,221,221,221,0.293044697697214,0.293044697697214,0.293044697697214,0.293044697697214,0.293044697697214,0.293044697697214,0.293044697697214,0.293044697697214,0.293044697697214,0.293044697697214,0.7652227418612999,0.3150221812729982,0.1588594043719416,0.0001192752357286,0.7535870699683785,3.4168818242438664e-05,3.621179581427719e-05,0.3752345835803813,0.4558106425903012,2.832040554869861e-05,-0.00066937111847,-0.0008166730928308,8225.0,1.0,0.9918198827907344,0.3484962578197382,0.5571793767128005,0.5563311598316637,0.1628741883429298,0.7379079615026909,0.7030663930457914,0.7713941988124761,0.2208141426746092,0.0677345045417457,100000,30,10,0.1,3.0,0.1,0,9,0.001,1e-06,0.001,1e-07,1.0,1e-08,adamax,0,0.0,disordered,1,0.2926825618761549,0 days 05:32:02.756286,0.0006693715336825,2.0823027318767715,1.6121158378968203
222,222,222,222,0.0083916564428301,0.0083916564428301,0.0083916564428301,0.0083916564428301,0.0083916564428301,0.0083916564428301,0.0083916564428301,0.0083916564428301,0.0083916564428301,0.0083916564428301,1.046983574399312e-07,9.99652055652418e-08,2.996732961496811e-07,0.190970389514812,2.0873024277361995e-06,6.215360380392504e-07,2.0548681890999849e-07,1.0544095199216233e-07,0.1711993402829964,3.316898497014215e-07,-0.0016826216785631,-0.0024209623212153,8976.0,0.0,0.3937263229318543,0.1172362072779105,0.2767631958326918,0.0169696425388787,0.4022489219427492,0.360677478882739,0.3262305583495524,0.3855598183281474,0.0402466755464366,0.4349757485946594,100000,30,10,0.1,3.0,0.1,0,9,0.001,1e-06,0.001,1e-07,1.0,1e-08,adamax,0,0.0,disordered,1,0.0083480459649893,0 days 05:32:02.756286,0.0016826245445687,3.9268253127293704,3.6556111416789188
223,223,223,223,0.1747772774464679,0.1747772774464679,0.1747772774464679,0.1747772774464679,0.1747772774464679,0.1747772774464679,0.1747772774464679,0.1747772774464679,0.1747772774464679,0.1747772774464679,0.1141757738986372,0.2056320485631035,0.1913901612062392,0.1378556979339018,0.3970013771500257,7.3804869077485e-07,0.3312207231167697,0.0447334706656526,0.357458364238825,1.1192992524431928e-07,-0.0008003827171328,-0.000899588292598,100000.0,0.0,0.6537146155742647,0.3242104328068582,0.566660944618112,0.8021387118032729,0.5251025981088469,0.9268620006938288,0.7707486331253395,0.5573566425490262,0.083710156867153,0.4687061008091225,100000,30,10,0.1,3.0,0.1,0,9,0.001,1e-06,0.001,1e-07,1.0,1e-08,adamax,0,0.0,disordered,1,0.1767986613325811,0 days 05:32:02.756286,0.0008004012956243,1.7729240601314114,1.688982527510134
224,224,224,224,0.4180637241455752,0.4180637241455752,0.4180637241455752,0.4180637241455752,0.4180637241455752,0.4180637241455752,0.4180637241455752,0.4180637241455752,0.4180637241455752,0.4180637241455752,0.7619693733297107,1.0014075616278073,0.4145623966776214,0.1610274901678804,0.7271955676525458,0.2621256420816516,0.1574542315419386,0.1723629562310124,0.1540626553702157,0.9325533944889278,-0.0005154410963318,-0.0006204180346191,442.0,0.0,0.0344612358466409,0.9556562375208256,0.0461552314059547,0.2080422743690986,0.182888538163592,0.8612550547128319,0.9076713176225232,0.7260500788554521,0.8534359499340505,0.2604361863396208,100000,30,10,0.1,3.0,0.1,0,9,0.001,1e-06,0.001,1e-07,1.0,1e-08,adamax,0,0.0,disordered,1,0.4117321323372802,0 days 05:32:02.756286,0.0005154911786769,1.4748073065518423,1.5097170148838142
225,225,225,225,0.3557150206821381,0.3557150206821381,0.3557150206821381,0.3557150206821381,0.3557150206821381,0.3557150206821381,0.3557150206821381,0.3557150206821381,0.3557150206821381,0.3557150206821381,1.0002783197010232,0.1689646963120097,0.8156704211668184,0.0405634191825631,0.1078699548150669,0.0595336022583698,0.4421465287638197,0.4879226805190464,0.0635863549948688,0.8615899562810927,-0.0005601058624053,-0.0006211159508346,1038.0,0.0,0.8953795199981,0.1011413368929425,0.3093937870356646,0.8592206377761276,0.6908871214304099,0.9334503857974236,0.8486891703034303,0.2110979491736087,0.4184623937005955,0.9889100188894656,100000,30,10,0.1,3.0,0.1,0,9,0.001,1e-06,0.001,1e-07,1.0,1e-08,adamax,0,0.0,disordered,1,0.3596089358854926,0 days 05:32:02.756286,0.0005601284423291,1.6004796010582294,1.6210215822075837
226,226,226,226,0.2263129568399526,0.2263129568399526,0.2263129568399526,0.2263129568399526,0.2263129568399526,0.2263129568399526,0.2263129568399526,0.2263129568399526,0.2263129568399526,0.2263129568399526,0.2144284261273323,7.191020826933013e-05,0.975850101790182,0.5234807259761282,2.638995089273906e-05,0.426704074455447,0.3572100015817195,0.0070588113944638,0.1685063404261348,2.5778454775744088e-05,-0.0005857869743116,-0.0006928962526331,7935.0,1.0,0.7029882633961682,0.7939055624479926,0.0828351181710876,0.9537513978759496,0.5504452183949765,0.1535995306316145,0.5736723197413477,0.9153875006878254,0.5444825998444183,0.993121278246118,100000,30,10,0.1,3.0,0.1,0,9,0.001,1e-06,0.001,1e-07,1.0,1e-08,adamax,0,0.0,disordered,1,0.2291627836132654,0 days 05:32:02.756286,0.000585796526326,1.9120109967851653,1.824940856619439
227,227,227,227,0.3794532847236935,0.3794532847236935,0.3794532847236935,0.3794532847236935,0.3794532847236935,0.3794532847236935,0.3794532847236935,0.3794532847236935,0.3794532847236935,0.3794532847236935,0.0551072012133245,0.2932301507045146,0.0557028468944213,0.6630124604536523,0.1838378094651389,0.1055309621801601,0.2296292887511253,0.4830592831048976,0.1647010146211318,1.000034583095462,-0.0005480073035994,-0.0006107287683391,853.0,0.0,0.9275317473818308,0.4971718245075625,0.9670829696362684,0.7673314384722845,0.2547568216334356,0.098490210601175,0.0272324688657978,0.5214504280051905,0.7549609517339175,0.1307618672497297,100000,30,10,0.1,3.0,0.1,0,9,0.001,1e-06,0.001,1e-07,1.0,1e-08,adamax,0,0.0,disordered,1,0.3745532835912281,0 days 05:32:02.756286,0.0005480428431632,1.6100764591506684,1.5305814501158002
228,228,228,228,0.2747120789270809,0.2747120789270809,0.2747120789270809,0.2747120789270809,0.2747120789270809,0.2747120789270809,0.2747120789270809,0.2747120789270809,0.2747120789270809,0.2747120789270809,1.0000435911400545,0.3383517780900482,0.080280009342158,0.5831424968124802,0.4709483569455451,0.2591151454499235,0.0785045037984605,0.0675751725310161,0.0642236120803123,0.5370372678115551,-0.0006775202731578,-0.0008108396783702,681.0,0.0,0.2019192370687201,0.9738257135088684,0.8070049822452176,0.3232655752736976,0.942666287822342,0.4773792660807354,0.2539339041208778,0.3450083298787604,0.2721710178793161,0.695103192343459,100000,30,10,0.1,3.0,0.1,0,9,0.001,1e-06,0.001,1e-07,1.0,1e-08,adamax,0,0.0,disordered,1,0.2771534485717321,0 days 05:32:02.756286,0.000677537292817,1.5763235016443875,1.6025455404934454
229,229,229,229,0.3794532847236935,0.3794532847236935,0.3794532847236935,0.3794532847236935,0.3794532847236935,0.3794532847236935,0.3794532847236935,0.3794532847236935,0.3794532847236935,0.3794532847236935,0.391673549902657,0.0359654678175218,0.049193664181329,0.0579785346772547,0.072798634615965,0.1078300708169954,0.0933196479993134,0.1252096882823422,1.0000048614592416,0.3552522595950731,-0.0005538599666855,-0.0007093519584227,1269.0,0.0,0.3738620607514251,0.5778116469885942,0.6203660689295584,0.504510367883843,0.4526898545703495,0.3522765421765111,0.2336160401454557,0.0943539969195973,0.6992249408750559,0.0159136325147031,100000,30,10,0.1,3.0,0.1,0,9,0.001,1e-06,0.001,1e-07,1.0,1e-08,adamax,0,0.0,disordered,1,0.3772929021194751,0 days 05:32:02.756286,0.0005538670328494,1.5470262560134909,1.485331955262362
230,230,230,230,0.2263129568399526,0.2263129568399526,0.2263129568399526,0.2263129568399526,0.2263129568399526,0.2263129568399526,0.2263129568399526,0.2263129568399526,0.2263129568399526,0.2263129568399526,0.0001190311718714,0.0088843079073059,0.0002885305297613,0.073736759931085,0.8310676951728594,0.0499658180017371,0.0789454875120679,0.0276021461402599,0.3479656670233397,0.1020601108931987,-0.0007847621915099,-0.0009396036319374,7533.0,1.0,0.733419644458273,0.7540298348866528,0.8060443633742611,0.6416431025412082,0.9523553741693856,0.3824415633651347,0.4588303912340334,0.2890005676901521,0.0102491746072319,0.4378307091080925,100000,30,10,0.1,3.0,0.1,0,9,0.001,1e-06,0.001,1e-07,1.0,1e-08,adamax,0,0.0,disordered,1,0.2291776810946457,0 days 05:32:02.756286,0.0007847980900374,1.7964615421330612,1.5921438095697642
231,231,231,231,0.1042404007021555,0.1042404007021555,0.1042404007021555,0.1042404007021555,0.1042404007021555,0.1042404007021555,0.1042404007021555,0.1042404007021555,0.1042404007021555,0.1042404007021555,9.07944179068314e-06,0.3686841356935879,0.229959962029914,1.2857330817466922e-05,0.2508532645879653,4.992419402017488e-06,1.707938005750069e-05,1.3673862101101011e-05,0.181362436087502,0.0922307719859685,-0.0014078624024303,-0.0015672031409277,8612.0,1.0,0.4989893551030308,0.4638998004232579,0.0363402251181919,0.1599930653138644,0.2731509409073254,0.4093936651384934,0.2053063242044668,0.3641622980777784,0.2873065360873149,0.1083947633854334,100000,30,10,0.1,3.0,0.1,0,9,0.001,1e-06,0.001,1e-07,1.0,1e-08,adamax,0,0.0,disordered,1,0.103760670066533,0 days 05:32:02.756286,0.0014078697129781,2.3618326590777414,2.194452800958933
232,232,232,232,0.1988827856988807,0.1988827856988807,0.1988827856988807,0.1988827856988807,0.1988827856988807,0.1988827856988807,0.1988827856988807,0.1988827856988807,0.1988827856988807,0.1988827856988807,0.0090255993720242,0.1524772826491832,0.5580780822715897,6.677720698489778e-05,0.1955419098805085,0.521138346267973,4.716620791325312e-06,0.0251577720256641,4.366451032286479e-06,0.7026370980277371,-0.0007487811579128,-0.0009722701632433,8909.0,1.0,0.8762896426779009,0.6078379019517387,0.9833838722013164,0.6033553992658931,0.6151744480332769,0.3638928687688877,0.8050107012280634,0.46257811294563,0.8233457583558952,0.467187880323444,100000,30,10,0.1,3.0,0.1,0,9,0.001,1e-06,0.001,1e-07,1.0,1e-08,adamax,0,0.0,disordered,1,0.2020890289761654,0 days 05:32:02.756286,0.0007488175742624,2.1758855642543646,1.7547351633692219
233,233,233,233,0.0779441575040493,0.0779441575040493,0.0779441575040493,0.0779441575040493,0.0779441575040493,0.0779441575040493,0.0779441575040493,0.0779441575040493,0.0779441575040493,0.0779441575040493,9.292185468904617e-06,0.2882517119570255,1.962059539894589e-07,1.679063494677061e-07,0.0072525627398558,1.0987926476351049e-07,1.718153444460033e-07,0.0469470671059785,3.274521947278307e-07,2.0187199900710562e-07,-0.0014691653118579,-0.0023532220824043,10544.0,1.0,0.7391654216140363,0.6624902070156852,0.3966253711726136,0.0910683153333375,0.2326909156195593,0.4405565030924935,0.474846501111212,0.2149263998002676,0.2611191001577414,0.32406667033864,100000,30,10,0.1,3.0,0.1,0,9,0.001,1e-06,0.001,1e-07,1.0,1e-08,adamax,0,0.0,disordered,1,0.0769638703352495,0 days 05:32:02.756286,0.0014691798428405,2.9582001771011837,2.2826846194872563
234,234,234,234,0.31260072430687,0.31260072430687,0.31260072430687,0.31260072430687,0.31260072430687,0.31260072430687,0.31260072430687,0.31260072430687,0.31260072430687,0.31260072430687,0.1008137594829132,0.3599828337256397,0.2250502323851875,0.2178707207767453,0.0943240905047509,0.3815941368526975,0.1204326759935416,0.1258412594744805,0.1991841492622501,1.0005514327354328,-0.0006090284655276,-0.0007212051990393,699.0,0.0,0.5476708885325725,0.0894110589885438,0.4069143497006983,0.6819223085236259,0.8363983479429605,0.5160144767242176,0.949979402173526,0.7355018799350038,0.7899085260994683,0.1351363732864036,100000,30,10,0.1,3.0,0.1,0,9,0.001,1e-06,0.001,1e-07,1.0,1e-08,adamax,0,0.0,disordered,1,0.3154634108723706,0 days 05:32:02.756286,0.0006090448408524,1.7597626182853774,1.5163815343082063
235,235,235,235,0.3444087275973818,0.3444087275973818,0.3444087275973818,0.3444087275973818,0.3444087275973818,0.3444087275973818,0.3444087275973818,0.3444087275973818,0.3444087275973818,0.3444087275973818,0.129739390970075,0.765599276695644,0.1920102819093332,0.2737088408660761,1.0003335450736823,0.2348312893573989,0.2397008910345403,0.1210659330438491,0.1938171102190298,0.1140390244596285,-0.0005790632469425,-0.0006616829157111,896.0,0.0,0.5054466145492318,0.0355158673137723,0.6686059503680927,0.3251334369395169,0.8798028165753388,0.1307903418945708,0.0744285519985907,0.3954721885583812,0.1582355029892318,0.5499431101406985,100000,30,10,0.1,3.0,0.1,0,9,0.001,1e-06,0.001,1e-07,1.0,1e-08,adamax,0,0.0,disordered,1,0.3443396649689055,0 days 05:32:02.756286,0.000579063307158,1.7678357352656735,1.642277945349595
236,236,236,236,0.3557150206821381,0.3557150206821381,0.3557150206821381,0.3557150206821381,0.3557150206821381,0.3557150206821381,0.3557150206821381,0.3557150206821381,0.3557150206821381,0.3557150206821381,0.2993188958823794,0.2691693431887373,0.0254614537811006,0.0136484815783084,0.2274929642453565,1.0000240223006809,0.0143824630149525,0.2956281660294604,0.3552765054072801,0.033562539632676,-0.0005922811580837,-0.0006938191219669,2389.0,0.0,0.4335836390226216,0.0233206750933897,0.2434279857651122,0.1529470534494994,0.178557698236764,0.9864765064167909,0.5802669901481098,0.7786487208669559,0.385326367591873,0.1808871699442573,100000,30,10,0.1,3.0,0.1,0,9,0.001,1e-06,0.001,1e-07,1.0,1e-08,adamax,0,0.0,disordered,1,0.3558272515105199,0 days 05:32:02.756286,0.0005922811900944,1.6722420168268053,1.5525160038870405
237,237,237,237,0.3557150206821381,0.3557150206821381,0.3557150206821381,0.3557150206821381,0.3557150206821381,0.3557150206821381,0.3557150206821381,0.3557150206821381,0.3557150206821381,0.3557150206821381,0.4414440225176231,0.2676644879662292,0.1192865116052472,0.6181453522927072,0.1063549784807502,0.1289938917690358,0.1343621139565515,1.0001372870810956,0.2525873255177165,0.5436960338688912,-0.0004828235063912,-0.0005628420655726,562.0,0.0,0.3356644626741416,0.6958219443032294,0.412754854929284,0.0101844634306326,0.5555004877988412,0.5116245431637026,0.681389258535672,0.0279195512608697,0.8886576664772401,0.4617757620554003,100000,30,10,0.1,3.0,0.1,0,9,0.001,1e-06,0.001,1e-07,1.0,1e-08,adamax,0,0.0,disordered,1,0.3543760601997728,0 days 05:32:02.756286,0.0004828252186431,1.8426203225744118,1.6647610726901556
238,238,238,238,0.4047756965997316,0.4047756965997316,0.4047756965997316,0.4047756965997316,0.4047756965997316,0.4047756965997316,0.4047756965997316,0.4047756965997316,0.4047756965997316,0.4047756965997316,0.1336796433927604,0.1688684525791488,1.000125602890321,0.1234485138798251,0.1594803336126659,0.7726425111406379,0.4314433123368143,0.1961053803704145,0.1258789967267203,0.9236448761312606,-0.0005136088889149,-0.000554811167591,521.0,0.0,0.3609768275175162,0.289008128569262,0.8497778919538789,0.2650221997416373,0.3000606751089203,0.890549619917677,0.4697969398622841,0.0481888327873848,0.1217279892452802,0.7537796875070989,100000,30,10,0.1,3.0,0.1,0,9,0.001,1e-06,0.001,1e-07,1.0,1e-08,adamax,0,0.0,disordered,1,0.410473632919572,0 days 05:32:02.756286,0.000513648812695,1.6560033758652315,1.592365590620236
239,239,239,239,0.2659804395593755,0.2659804395593755,0.2659804395593755,0.2659804395593755,0.2659804395593755,0.2659804395593755,0.2659804395593755,0.2659804395593755,0.2659804395593755,0.2659804395593755,0.0299723562552326,0.0288815140174352,1.0001197301902256,0.0580087111464748,0.3358830865330688,0.045643522221566,0.0620589718175344,0.0409211929218619,0.0478783211572001,0.833209948092307,-0.0006905093928578,-0.0009297302264512,1157.0,0.0,0.3256504687772292,0.3045053044763848,0.2952510340528028,0.9727208800550315,0.485780485319188,0.8958793515846852,0.794521456410357,0.7877334579722135,0.7770429063710832,0.3059606779942405,100000,30,10,0.1,3.0,0.1,0,9,0.001,1e-06,0.001,1e-07,1.0,1e-08,adamax,0,0.0,disordered,1,0.2688078051004717,0 days 05:32:02.756286,0.0006905328633583,1.8542997537363068,1.5456484875938847
240,240,240,240,0.3444087275973818,0.3444087275973818,0.3444087275973818,0.3444087275973818,0.3444087275973818,0.3444087275973818,0.3444087275973818,0.3444087275973818,0.3444087275973818,0.3444087275973818,0.4461534516086608,0.2435293926191069,0.1276235809029374,0.2395232604779058,0.1034962056233619,0.0584609899698338,0.8101273068895675,0.0553048016162597,0.0709701431327787,1.0000360184230663,-0.0006079139440148,-0.0007102688964302,913.0,0.0,0.8244392034908372,0.4911312071591382,0.1743065041068486,0.2526191617436665,0.529351337168041,0.4815206204777555,0.9867843901463148,0.6194609079728355,0.6215859920169071,0.0524927380880116,100000,30,10,0.1,3.0,0.1,0,9,0.001,1e-06,0.001,1e-07,1.0,1e-08,adamax,0,0.0,disordered,1,0.3391580607152847,0 days 05:32:02.756286,0.0006079701185298,1.6779972319483976,1.5174359210463577
241,241,241,241,0.4180637241455752,0.4180637241455752,0.4180637241455752,0.4180637241455752,0.4180637241455752,0.4180637241455752,0.4180637241455752,0.4180637241455752,0.4180637241455752,0.4180637241455752,0.3321568199565183,0.1886053082234152,0.4703554607308403,0.2951480340129292,1.000240498395508,0.1431347120138212,0.1581432547457678,0.5720337677455193,0.4679361506484687,0.5282484485079796,-0.0004511921451208,-0.0004945841337609,543.0,0.0,0.067573032072897,0.3021883093028757,0.4478209969175157,0.929205516160431,0.0519727166174219,0.7232004354680686,0.6213470831831388,0.244135003144323,0.9173282488688378,0.3808779113966473,100000,30,10,0.1,3.0,0.1,0,9,0.001,1e-06,0.001,1e-07,1.0,1e-08,adamax,0,0.0,disordered,1,0.4244855338640622,0 days 05:32:02.756286,0.0004512228696827,1.6401098935569203,1.6189183243611147
242,242,242,242,0.3444087275973818,0.3444087275973818,0.3444087275973818,0.3444087275973818,0.3444087275973818,0.3444087275973818,0.3444087275973818,0.3444087275973818,0.3444087275973818,0.3444087275973818,0.0735306029123271,0.4134846054839668,0.2041954562870621,0.0945309684074656,0.5273413284603569,0.1825787856982111,0.4520999698369338,0.1406486137777003,0.1069729471825329,1.000179647430437,-0.0005917414967241,-0.000657246805835,725.0,0.0,0.8361096974910278,0.2736123712221463,0.5667415851187126,0.7774686433301689,0.8636305027325928,0.3578680612554048,0.2112459440382831,0.6543765105242911,0.6403701140307498,0.0471057754816398,100000,30,10,0.1,3.0,0.1,0,9,0.001,1e-06,0.001,1e-07,1.0,1e-08,adamax,0,0.0,disordered,1,0.3405362330471169,0 days 05:32:02.756286,0.00059176937996,1.810795569401926,1.5660587551367657
243,243,243,243,0.4180637241455752,0.4180637241455752,0.4180637241455752,0.4180637241455752,0.4180637241455752,0.4180637241455752,0.4180637241455752,0.4180637241455752,0.4180637241455752,0.4180637241455752,0.8005707489476002,0.01342168126733,0.2810905608707565,0.1644562641438465,0.0093522844624142,0.3053260094303527,0.0370281844409514,0.1758305962748844,1.0003318736514628,0.0348703607901181,-0.0004875125727103,-0.0006086142488149,1686.0,0.0,0.6018484804530835,0.9423163520551128,0.2464685248707037,0.6272551856554093,0.916652850718212,0.3850284656869082,0.8188878601767233,0.8964059679926287,0.0484300356515227,0.293115301790483,100000,30,10,0.1,3.0,0.1,0,9,0.001,1e-06,0.001,1e-07,1.0,1e-08,adamax,0,0.0,disordered,1,0.4220973801122635,0 days 05:32:02.756286,0.0004875294650034,2.3984704822729537,1.5927601619472689
244,244,244,244,0.4459627626819087,0.4459627626819087,0.4459627626819087,0.4459627626819087,0.4459627626819087,0.4459627626819087,0.4459627626819087,0.4459627626819087,0.4459627626819087,0.4459627626819087,0.9251191785132594,0.342728412748603,0.302829596971314,0.3146236447338543,0.2060633418713826,0.6634549277341203,0.3652632311321816,0.1946836046773433,0.2853595225124047,1.0010864540709608,-0.0004809032119341,-0.0005424091934251,393.0,0.0,0.243636751309774,0.9086741710215764,0.6004880466794573,0.1234831925914161,0.3815905620546198,0.2719774145582413,0.9945869699981436,0.8802131913296977,0.850867248391095,0.1092569845101124,100000,30,10,0.1,3.0,0.1,0,9,0.001,1e-06,0.001,1e-07,1.0,1e-08,adamax,0,0.0,disordered,1,0.4393253577872271,0 days 05:32:02.756286,0.0004809476823431,1.5154815907845847,1.4951689374202974
245,245,245,245,0.333461801578636,0.333461801578636,0.333461801578636,0.333461801578636,0.333461801578636,0.333461801578636,0.333461801578636,0.333461801578636,0.333461801578636,0.333461801578636,0.1238234732728071,0.0002001727002556,0.5876260639552094,0.2632555337669558,0.3341538692410234,0.0010669808924879,0.3096404597177467,0.0010187580385915,0.5826728241619817,0.6293241763888083,-0.0005728341661767,-0.0006428654322223,7665.0,1.0,0.3814798876274029,0.4411322871244214,0.3227557146861554,0.8861147408234264,0.4552874539031986,0.7646152929540657,0.5824745232374682,0.4026152886684402,0.0886153008960615,0.856369101229503,100000,30,10,0.1,3.0,0.1,0,9,0.001,1e-06,0.001,1e-07,1.0,1e-08,adamax,0,0.0,disordered,1,0.3339379520000724,0 days 05:32:02.756286,0.0005728344009952,1.6457709351452243,1.5977114547800668
246,246,246,246,0.31260072430687,0.31260072430687,0.31260072430687,0.31260072430687,0.31260072430687,0.31260072430687,0.31260072430687,0.31260072430687,0.31260072430687,0.31260072430687,0.0763294430861066,0.1332935144631608,0.0805500842438235,0.3827927572796797,0.2253797107441956,1.0001618700577957,0.1156480767248701,0.0816281300114306,0.1109044812246242,0.1648186526219523,-0.0006657954267826,-0.0008549329540122,618.0,0.0,0.4806791422147897,0.072793224590257,0.4777851937174479,0.0450081269015736,0.3183553635281133,0.8976339234749199,0.3439072133477977,0.3324293914690569,0.3039366007088133,0.569887898873839,100000,30,10,0.1,3.0,0.1,0,9,0.001,1e-06,0.001,1e-07,1.0,1e-08,adamax,0,0.0,disordered,1,0.3082146368750984,0 days 05:32:02.756286,0.0006658473338382,1.9592045735967947,1.652574191534563
247,247,247,247,0.2414157116103016,0.2414157116103016,0.2414157116103016,0.2414157116103016,0.2414157116103016,0.2414157116103016,0.2414157116103016,0.2414157116103016,0.2414157116103016,0.2414157116103016,0.2116532409097752,1.0000007343550832,1.897572780379957e-05,1.2902563433455036e-05,6.562184072342092e-05,0.5332683960174068,0.0756894294483608,0.1731012578140264,0.008943511308037,0.6981550003533659,-0.0007498195850958,-0.0008708089896652,6117.0,0.0,0.4989958913690794,0.381346565586563,0.8521272269871337,0.4682495285459923,0.8375165347341721,0.403600109263188,0.3514017666271822,0.1762511945620999,0.067595211883687,0.5717102458078651,100000,30,10,0.1,3.0,0.1,0,9,0.001,1e-06,0.001,1e-07,1.0,1e-08,adamax,0,0.0,disordered,1,0.2414708834162277,0 days 05:32:02.756286,0.0007498195871558,1.6918288493585947,1.639156062472934
248,248,248,248,0.2191196687578146,0.2191196687578146,0.2191196687578146,0.2191196687578146,0.2191196687578146,0.2191196687578146,0.2191196687578146,0.2191196687578146,0.2191196687578146,0.2191196687578146,9.323822152064518e-07,0.2365251096934087,0.2688612586205157,8.89702026855289e-07,0.0769208497160377,0.7402653880365482,0.1378197482021855,0.3846022072925855,1.4278173036081157e-07,1.5885662826923514e-07,-0.0007923725675596,-0.0009185387898711,100000.0,0.0,0.3563021378792804,0.1461079581166916,0.526654999002543,0.7178119387512039,0.6297846379505861,0.0191522600550047,0.3702712376468413,0.6717660864900934,0.3959241965180239,0.439459132931866,100000,30,10,0.1,3.0,0.1,0,9,0.001,1e-06,0.001,1e-07,1.0,1e-08,adamax,0,0.0,disordered,1,0.2189726366595127,0 days 05:32:02.756286,0.0007923726821698,1.8616202314945804,1.740274540231922
249,249,249,249,0.4317879727332017,0.4317879727332017,0.4317879727332017,0.4317879727332017,0.4317879727332017,0.4317879727332017,0.4317879727332017,0.4317879727332017,0.4317879727332017,0.4317879727332017,0.9339017269052352,0.0136224990306345,0.900874631546675,0.016852148834679,1.00005514579566,0.0724591512496806,0.4299743642445949,0.6938245532321748,0.0317367976333397,0.553310099864586,-0.0004828766001775,-0.0005119098305673,2553.0,0.0,0.7891218488770692,0.1544573202441299,0.1708834652946238,0.767500006808759,0.9200554942008304,0.1642597836479339,0.0582671407789139,0.8168400483419096,0.5670668071585856,0.2440312619042394,100000,30,10,0.1,3.0,0.1,0,9,0.001,1e-06,0.001,1e-07,1.0,1e-08,adamax,0,0.0,disordered,1,0.437525124102638,0 days 05:32:02.756286,0.0004829094083138,1.657607402682149,1.6220300864320176
250,250,250,250,0.3794532847236935,0.3794532847236935,0.3794532847236935,0.3794532847236935,0.3794532847236935,0.3794532847236935,0.3794532847236935,0.3794532847236935,0.3794532847236935,0.3794532847236935,0.8511526073862892,0.2305648412228033,1.0000119965402985,0.1317454632976316,0.1246062903802015,0.1317842518344461,0.6226550842686571,0.3758937406925363,0.125437253279422,0.6412955483069258,-0.0005382804674418,-0.0005952456129366,601.0,0.0,0.0468076571671319,0.5504058783497054,0.1531049502246909,0.9002778045222289,0.9053052331162712,0.7355949843695778,0.9835124135202812,0.3054619161676705,0.1184242592651162,0.6432048685397752,100000,30,10,0.1,3.0,0.1,0,9,0.001,1e-06,0.001,1e-07,1.0,1e-08,adamax,0,0.0,disordered,1,0.3853038642333959,0 days 05:32:02.756286,0.0005383322397916,1.4957040466069804,1.5090454887048854
251,251,251,251,0.5591070776755287,0.5591070776755287,0.5591070776755287,0.5591070776755287,0.5591070776755287,0.5591070776755287,0.5591070776755287,0.5591070776755287,0.5591070776755287,0.5591070776755287,0.3450134178711811,0.6150678201967678,0.3226354366040211,0.2883606530469507,0.246270550338264,0.5729667088516157,0.7043154072525346,0.2319185934089676,0.7066366651592643,1.000039945983549,-0.0003817590576187,-0.0004067849570139,643.0,0.0,0.244330172172993,0.6954679303535842,0.0732515818752885,0.3424183216010423,0.6576331766972209,0.9369311549104504,0.0856212060585552,0.4517917240877723,0.946169956946712,0.0537779125707414,100000,30,10,0.1,3.0,0.1,0,9,0.001,1e-06,0.001,1e-07,1.0,1e-08,adamax,0,0.0,disordered,1,0.5631239345651582,0 days 05:32:02.756286,0.0003817670666865,1.5551427040585366,1.5487010812549409
252,252,252,252,0.293044697697214,0.293044697697214,0.293044697697214,0.293044697697214,0.293044697697214,0.293044697697214,0.293044697697214,0.293044697697214,0.293044697697214,0.293044697697214,0.5384075827690737,6.651432248508611e-05,0.1858741841204626,0.4299740183908028,0.2443633902848224,8.510190574701905e-05,0.3560827139602622,0.5872787212654433,0.1544985619374888,4.9040495689927904e-05,-0.000662950696064,-0.0007461092795483,7987.0,1.0,0.4554402937625047,0.7478081669006321,0.4797578563888679,0.8525627461655038,0.4030474540111718,0.3060520678005715,0.0254430929056723,0.4923116383124941,0.9802118305683788,0.9135696880935296,100000,30,10,0.1,3.0,0.1,0,9,0.001,1e-06,0.001,1e-07,1.0,1e-08,adamax,0,0.0,disordered,1,0.2941347719365589,0 days 05:32:02.756286,0.0006629540937538,1.618501806184741,1.6015940515700002
253,253,253,253,0.333461801578636,0.333461801578636,0.333461801578636,0.333461801578636,0.333461801578636,0.333461801578636,0.333461801578636,0.333461801578636,0.333461801578636,0.333461801578636,0.0948003843963344,0.0767410064486169,0.4242361404481451,1.0003526492638266,0.0696468027002779,0.0794183642692661,0.7298773060333533,0.0743753902410173,0.1207285429963927,0.2853070064479243,-0.0006194045810586,-0.0007298404090355,732.0,0.0,0.000768234941632,0.0318791968457493,0.0585939623681758,0.8591093843821155,0.3642848511656624,0.276111667831922,0.742800342020206,0.3379896140391083,0.3829920339198718,0.697626958912838,100000,30,10,0.1,3.0,0.1,0,9,0.001,1e-06,0.001,1e-07,1.0,1e-08,adamax,0,0.0,disordered,1,0.335966155169663,0 days 05:32:02.756286,0.0006194181712835,1.5851967883120155,1.5858953897918309
254,254,254,254,0.4180637241455752,0.4180637241455752,0.4180637241455752,0.4180637241455752,0.4180637241455752,0.4180637241455752,0.4180637241455752,0.4180637241455752,0.4180637241455752,0.4180637241455752,1.0005779239658772,0.1661155048739052,0.170562729059937,0.5854634132972784,0.5022293098722717,0.2096059325811168,0.1639098179031598,0.6786005041186002,0.1777792938163151,0.861253701870741,-0.0004525760973117,-0.0005237640018952,408.0,0.0,0.8927029522571527,0.1775640656990037,0.2034948796600576,0.1990368814863647,0.9443271932156678,0.5595442169967103,0.8206666614734891,0.1894438738068623,0.8637899145128142,0.2983505751178661,100000,30,10,0.1,3.0,0.1,0,9,0.001,1e-06,0.001,1e-07,1.0,1e-08,adamax,0,0.0,disordered,1,0.414469483952793,0 days 05:32:02.756286,0.0004525846399421,1.6200936409255358,1.6102236536897283
255,255,255,255,0.2837303616516209,0.2837303616516209,0.2837303616516209,0.2837303616516209,0.2837303616516209,0.2837303616516209,0.2837303616516209,0.2837303616516209,0.2837303616516209,0.2837303616516209,0.1017996343744006,0.308103819347311,0.1640190162156105,0.2062789136930387,1.000004360841775,0.1228876131734291,0.0947189216250043,0.0729324276359214,0.0612453671432108,0.8036640585599267,-0.0006245060571667,-0.0007580471200622,791.0,0.0,0.620094130280667,0.2165517394329432,0.5128352867250683,0.7534004633828354,0.1765318319782453,0.964140085186656,0.8489472669069664,0.7034117411247928,0.7537395768310681,0.284153934820696,100000,30,10,0.1,3.0,0.1,0,9,0.001,1e-06,0.001,1e-07,1.0,1e-08,adamax,0,0.0,disordered,1,0.2844533488077707,0 days 05:32:02.756286,0.0006245068218262,1.721448018524744,1.6240053271656376
256,256,256,256,0.4180637241455752,0.4180637241455752,0.4180637241455752,0.4180637241455752,0.4180637241455752,0.4180637241455752,0.4180637241455752,0.4180637241455752,0.4180637241455752,0.4180637241455752,0.7433855965351048,0.0006745890002311,0.0432162763956226,0.0008977758420769,1.0002559156585575,0.0021698255199195,0.6314836255674173,0.4476791886168514,0.0015303164323801,0.9645552498747196,-0.0005001884929316,-0.000560455592469,4401.0,0.0,0.0926599923456954,0.3253723149622051,0.1325561314591513,0.3344508118899171,0.7673368828674216,0.171345108192211,0.0741423907856182,0.8077350598370507,0.9325290066271064,0.4103447885466904,100000,30,10,0.1,3.0,0.1,0,9,0.001,1e-06,0.001,1e-07,1.0,1e-08,adamax,0,0.0,disordered,1,0.4191439946790062,0 days 05:32:02.756286,0.0005001896594351,1.5987671040854294,1.5535430395757446
257,257,257,257,0.2837303616516209,0.2837303616516209,0.2837303616516209,0.2837303616516209,0.2837303616516209,0.2837303616516209,0.2837303616516209,0.2837303616516209,0.2837303616516209,0.2837303616516209,0.5077876988732837,1.0003753069575412,0.298808486980374,0.6649979501255052,0.0656182805729677,0.0835484533296648,0.0325526612999289,0.1108994046830222,0.0430889496395651,0.6478488088019301,-0.0006711962165477,-0.000834609659283,1213.0,0.0,0.2152282906670802,0.8851003106243219,0.0569248119607362,0.3469704817392123,0.8052679974095998,0.7313561010156443,0.7619255532478207,0.4808196668333941,0.7038498972102746,0.3041274037383474,100000,30,10,0.1,3.0,0.1,0,9,0.001,1e-06,0.001,1e-07,1.0,1e-08,adamax,0,0.0,disordered,1,0.282381301518735,0 days 05:32:02.756286,0.0006712008112535,1.781880573456215,1.5995770471959103
258,258,258,258,0.3557150206821381,0.3557150206821381,0.3557150206821381,0.3557150206821381,0.3557150206821381,0.3557150206821381,0.3557150206821381,0.3557150206821381,0.3557150206821381,0.3557150206821381,0.0906229436386029,0.0916378224443511,0.1255751744765465,0.0954991760599677,0.0987083806400945,0.5296099097645413,0.0907674896912418,1.0000969515854143,0.2955125156395956,0.0934023310850609,-0.0005302042006833,-0.0006356417926701,697.0,0.0,0.8654412239970198,0.7879370414502169,0.9421300208264416,0.7655567952170195,0.7283477491541813,0.1894850892328052,0.5692679561641704,0.0757737949846564,0.9170775304514804,0.7980433262342324,100000,30,10,0.1,3.0,0.1,0,9,0.001,1e-06,0.001,1e-07,1.0,1e-08,adamax,0,0.0,disordered,1,0.3605256912471009,0 days 05:32:02.756286,0.0005302349214185,1.9905391443538392,1.656873931611059
259,259,259,259,0.4047756965997316,0.4047756965997316,0.4047756965997316,0.4047756965997316,0.4047756965997316,0.4047756965997316,0.4047756965997316,0.4047756965997316,0.4047756965997316,0.4047756965997316,0.4858047107932564,0.1544572945576854,0.2053569183671595,0.3830412327508873,0.5462350421725839,0.2114113109464549,0.2832565778388696,1.0001388372819466,0.1154332950943136,0.153539956700027,-0.0005176777839208,-0.0005766779250176,556.0,0.0,0.5347384480514644,0.8328512474128952,0.8688294765361098,0.3576412026843396,0.6729904847785244,0.1316870185948778,0.0494690471332501,0.7734713847258656,0.2179444903296191,0.4051685070348134,100000,30,10,0.1,3.0,0.1,0,9,0.001,1e-06,0.001,1e-07,1.0,1e-08,adamax,0,0.0,disordered,1,0.4047093405972268,0 days 05:32:02.756286,0.0005176778007513,1.5822986722804235,1.5952922919741988
260,260,260,260,0.2659804395593755,0.2659804395593755,0.2659804395593755,0.2659804395593755,0.2659804395593755,0.2659804395593755,0.2659804395593755,0.2659804395593755,0.2659804395593755,0.2659804395593755,0.908670314307514,0.020248432518184,0.2939610608632503,3.818592555750996e-05,0.8177675000769224,1.3363327188262158e-05,0.0098789588105386,9.144764645385998e-06,0.4601848920975138,9.393358613037267e-06,-0.0007311119690009,-0.0008746026928225,8650.0,1.0,0.4895244512820976,0.944529780676274,0.7779945093375673,0.548788980306916,0.8087660989410643,0.249111627952104,0.0858929229390899,0.254972155699174,0.5957210477611887,0.3361802632506178,100000,30,10,0.1,3.0,0.1,0,9,0.001,1e-06,0.001,1e-07,1.0,1e-08,adamax,0,0.0,disordered,1,0.2700429266400903,0 days 05:32:02.756286,0.0007311706597802,1.6326023490671782,1.5476515637032633
261,261,261,261,0.1394082826282576,0.1394082826282576,0.1394082826282576,0.1394082826282576,0.1394082826282576,0.1394082826282576,0.1394082826282576,0.1394082826282576,0.1394082826282576,0.1394082826282576,0.6913806172751099,6.011302699212404e-05,0.0960623088039937,0.077842223645797,0.4281742900264837,0.0417163378328098,0.0034936953553978,0.2383126755874846,1.1650087533771008e-05,0.0758728916837746,-0.0011260985684135,-0.0012652344996211,8208.0,1.0,0.9883799878715483,0.5522747263302411,0.5682927062040893,0.7419191567654806,0.5150272388966293,0.173762931102551,0.2014018916290892,0.4537291805351077,0.2529303537024083,0.2071190140352143,100000,30,10,0.1,3.0,0.1,0,9,0.001,1e-06,0.001,1e-07,1.0,1e-08,adamax,0,0.0,disordered,1,0.1402659919899749,0 days 05:32:02.756286,0.0011261070392704,1.7676454476291208,1.8035495160778092
262,262,262,262,0.2191196687578146,0.2191196687578146,0.2191196687578146,0.2191196687578146,0.2191196687578146,0.2191196687578146,0.2191196687578146,0.2191196687578146,0.2191196687578146,0.2191196687578146,0.9128897356186716,2.943997738200796e-05,0.901624008509096,0.0015376333226668,0.2045853822873124,3.657601673127512e-05,0.3033529071769202,0.0558500637453147,0.0004346968202399,0.1700926577116652,-0.0008571144291824,-0.0010046507535916,8094.0,1.0,0.3677948718250868,0.8022049364481282,0.8649307511344473,0.263361393734891,0.1976445899594007,0.0359647497220525,0.0092730827320837,0.3667459082696913,0.193624417425568,0.5036283345830826,100000,30,10,0.1,3.0,0.1,0,9,0.001,1e-06,0.001,1e-07,1.0,1e-08,adamax,0,0.0,disordered,1,0.2200647498672739,0 days 05:32:02.756286,0.0008571194927599,1.9292205155452105,1.6022711459753873
263,263,263,263,0.2747120789270809,0.2747120789270809,0.2747120789270809,0.2747120789270809,0.2747120789270809,0.2747120789270809,0.2747120789270809,0.2747120789270809,0.2747120789270809,0.2747120789270809,1.0000216427152335,0.0440435798651375,0.3977041131250176,0.0816888374400263,0.2598415245367446,0.7699755450742277,0.0437205611692932,0.0621489558983036,0.4405180705151096,0.0197367002880048,-0.0006296516311005,-0.0007245044598583,1151.0,0.0,0.1314198051986721,0.6267589787464479,0.5573134997452802,0.913913495233418,0.8106934315245854,0.1216145605187998,0.5469880187365489,0.3670105904446643,0.041128447497859,0.5501240844177487,100000,30,10,0.1,3.0,0.1,0,9,0.001,1e-06,0.001,1e-07,1.0,1e-08,adamax,0,0.0,disordered,1,0.2772221786811765,0 days 05:32:02.756286,0.0006296649658507,1.82971207479374,1.5797772274310267
264,264,264,264,0.4317879727332017,0.4317879727332017,0.4317879727332017,0.4317879727332017,0.4317879727332017,0.4317879727332017,0.4317879727332017,0.4317879727332017,0.4317879727332017,0.4317879727332017,1.0010644378168896,0.2221564385385279,0.2148842683053385,0.2257135330361724,0.2207793624216948,0.2902063371322315,0.2720865395011264,0.4350896004818768,0.533382321444834,0.7471478759737429,-0.0004722248400873,-0.0005179936578445,372.0,0.0,0.9756807101632458,0.1452335134155775,0.0049731952874135,0.1983570391565602,0.4297408315359265,0.2642354381906198,0.6932936735933287,0.2672623689173509,0.8626971619102233,0.1282659346033251,100000,30,10,0.1,3.0,0.1,0,9,0.001,1e-06,0.001,1e-07,1.0,1e-08,adamax,0,0.0,disordered,1,0.4279156429121884,0 days 05:32:02.756286,0.0004722381290812,1.5262564398553713,1.5333960963801088
265,265,265,265,0.3444087275973818,0.3444087275973818,0.3444087275973818,0.3444087275973818,0.3444087275973818,0.3444087275973818,0.3444087275973818,0.3444087275973818,0.3444087275973818,0.3444087275973818,1.0001671080841514,0.5760552109247535,0.7190463548833561,0.8056965466399133,0.1931151797885925,0.3008895955320969,0.3890477218657802,0.0763132184591689,0.1776833861723634,0.1478866081740255,-0.0005593375093326,-0.0006317508687982,915.0,0.0,0.1554012837198247,0.969377300428406,0.0732914500203085,0.7549998240434538,0.0837677614254499,0.158740130602586,0.6247094369153915,0.8248364219899545,0.61683593577394,0.9963130923697778,100000,30,10,0.1,3.0,0.1,0,9,0.001,1e-06,0.001,1e-07,1.0,1e-08,adamax,0,0.0,disordered,1,0.3459316787754264,0 days 05:32:02.756286,0.0005593407378933,1.6119103104472068,1.6472895580266669
266,266,266,266,0.2837303616516209,0.2837303616516209,0.2837303616516209,0.2837303616516209,0.2837303616516209,0.2837303616516209,0.2837303616516209,0.2837303616516209,0.2837303616516209,0.2837303616516209,0.9634161536976888,0.5752355698349948,5.507117658465702e-07,0.0047520402842493,0.4798452557764063,0.1088236550340612,0.1123741873916713,9.999892206470705e-08,0.0430599168422513,0.9251803531624266,-0.00067532549832,-0.0008759876096914,83246.0,0.0,0.9862650632997776,0.1496825260515591,0.4663641044360879,0.4693755395883446,0.1866419388638073,0.658724005284566,0.8699229564331522,0.739314693065344,0.7889120561966407,0.2608953373879905,100000,30,10,0.1,3.0,0.1,0,9,0.001,1e-06,0.001,1e-07,1.0,1e-08,adamax,0,0.0,disordered,1,0.2837869647478629,0 days 05:32:02.756286,0.000675325523516,1.8062370524388034,1.5863469048016199
267,267,267,267,0.3026648059395688,0.3026648059395688,0.3026648059395688,0.3026648059395688,0.3026648059395688,0.3026648059395688,0.3026648059395688,0.3026648059395688,0.3026648059395688,0.3026648059395688,0.1831225114640244,0.8133571419523089,0.0591920962952237,0.4802159877953446,0.0845329502025603,0.0946649574759449,0.2792274640251317,0.075453343341034,1.0000012650737864,0.0996922727534981,-0.0005316534765592,-0.0006212105143657,861.0,0.0,0.5658976998449771,0.1771920208128851,0.7632416685987634,0.9303556820469552,0.4980075984843168,0.5180013816179263,0.7386344412351523,0.8936842151923095,0.0920337176574582,0.7535529918836987,100000,30,10,0.1,3.0,0.1,0,9,0.001,1e-06,0.001,1e-07,1.0,1e-08,adamax,0,0.0,disordered,1,0.3066806984080157,0 days 05:32:02.756286,0.0005316720701067,1.707441252840326,1.6034156285795078
268,268,268,268,0.1265331759388941,0.1265331759388941,0.1265331759388941,0.1265331759388941,0.1265331759388941,0.1265331759388941,0.1265331759388941,0.1265331759388941,0.1265331759388941,0.1265331759388941,1.000078152815996,0.178710804328361,0.1816124460970719,0.0988784783612609,0.0148824519356717,0.0152366683211817,0.1609675124517585,0.0258945306060773,0.0296917272089696,0.0458305027844155,-0.0013654727839876,-0.0017932267089083,1258.0,0.0,0.8954766724913747,0.2084573312018964,0.2950824311468091,0.4705927554564316,0.5950447400288534,0.4579302653735336,0.5732551458625734,0.3881864994297214,0.421754827938559,0.3106504491655834,100000,30,10,0.1,3.0,0.1,0,9,0.001,1e-06,0.001,1e-07,1.0,1e-08,adamax,0,0.0,disordered,1,0.1275088583820816,0 days 05:32:02.756286,0.0013654991107857,2.052268050709505,1.8317161925216776
269,269,269,269,0.3026648059395688,0.3026648059395688,0.3026648059395688,0.3026648059395688,0.3026648059395688,0.3026648059395688,0.3026648059395688,0.3026648059395688,0.3026648059395688,0.3026648059395688,0.7261815724216129,3.4263843846606057e-06,1.0383875006465247e-05,0.6626984274629794,0.3951675185114774,0.4916753098747121,1.8157917842069472e-06,2.0618813087777724e-06,0.4672076887779632,0.1039015620471082,-0.0006488771557635,-0.0007556279896786,9779.0,1.0,0.6538618646577183,0.9378398401958934,0.9857411687514108,0.3822793335511966,0.0447837545754448,0.6344540443711366,0.9535155505474926,0.9528442754090228,0.6866387119651769,0.374571382510796,100000,30,10,0.1,3.0,0.1,0,9,0.001,1e-06,0.001,1e-07,1.0,1e-08,adamax,0,0.0,disordered,1,0.305753529987445,0 days 05:32:02.756286,0.0006489017007644,2.86289423118638,1.6007499094487307
270,270,270,270,0.2121550171362449,0.2121550171362449,0.2121550171362449,0.2121550171362449,0.2121550171362449,0.2121550171362449,0.2121550171362449,0.2121550171362449,0.2121550171362449,0.2121550171362449,0.5242072181438329,0.3498130953060905,2.089863108538252e-05,1.356656807312807e-05,1.418234916422103e-05,0.2599976923940089,0.7558673972923283,7.656896456476632e-06,1.1000987496666318e-05,8.813247990602165e-06,-0.000826430833451,-0.0011602724230344,8890.0,1.0,0.0832200958643163,0.4619080306863552,0.6550143139959383,0.7226245092723456,0.6616841453875995,0.7867142639609922,0.1126774006320914,0.517710147750081,0.4516629498610115,0.5011458474264819,100000,30,10,0.1,3.0,0.1,0,9,0.001,1e-06,0.001,1e-07,1.0,1e-08,adamax,0,0.0,disordered,1,0.2151847242686546,0 days 05:32:02.756286,0.0008264843676661,2.4234228463406726,1.6185854731494544
271,271,271,271,0.1864408533970484,0.1864408533970484,0.1864408533970484,0.1864408533970484,0.1864408533970484,0.1864408533970484,0.1864408533970484,0.1864408533970484,0.1864408533970484,0.1864408533970484,1.4153910999910949e-06,0.5924109828644682,0.0996748251018633,0.4629975053434845,0.1643373311335046,0.0911392330674326,1.588587384754699e-07,1.0766270282131396e-07,1.5471157114208982e-07,0.5180260473349341,-0.0009311033349213,-0.001141022635971,100000.0,0.0,0.4659594818300158,0.604678520127203,0.1066072353397643,0.0106474547550092,0.4366853920221658,0.5885711331191602,0.4241803299861904,0.514728566376785,0.4008883582920273,0.8127546735256219,100000,30,10,0.1,3.0,0.1,0,9,0.001,1e-06,0.001,1e-07,1.0,1e-08,adamax,0,0.0,disordered,1,0.189248830060672,0 days 05:32:02.756286,0.0009311607774629,1.8385318678869274,1.8191269208257648
272,272,272,272,0.3557150206821381,0.3557150206821381,0.3557150206821381,0.3557150206821381,0.3557150206821381,0.3557150206821381,0.3557150206821381,0.3557150206821381,0.3557150206821381,0.3557150206821381,0.2860972239378014,0.7225849501298878,1.929091844411274e-06,0.4862000451428898,0.1377717735938299,0.8920672330541108,0.1547472514806153,0.0954899398926537,0.5473835790149502,4.081226957436644e-07,-0.0005406377980608,-0.0006089710939607,100000.0,0.0,0.8101603872738865,0.151060378924085,0.6237938163812798,0.5232326869776311,0.0560213795149061,0.0880739856496465,0.8140995207742553,0.7159176301300607,0.1578200566934275,0.5868011269753782,100000,30,10,0.1,3.0,0.1,0,9,0.001,1e-06,0.001,1e-07,1.0,1e-08,adamax,0,0.0,disordered,1,0.3603210509356299,0 days 05:32:02.756286,0.0005406666278928,1.8390661618783464,1.656263016329906
273,273,273,273,0.2659804395593755,0.2659804395593755,0.2659804395593755,0.2659804395593755,0.2659804395593755,0.2659804395593755,0.2659804395593755,0.2659804395593755,0.2659804395593755,0.2659804395593755,0.4857494175923788,0.0965813828485356,1.0460132057321802e-05,0.0002357690937218,0.014778117520474,0.9433102077943072,0.0059137613827779,4.346624150618966e-05,0.1395887147753413,0.1931580328386939,-0.000753616518079,-0.0009749297395628,8796.0,1.0,0.8935856838618846,0.5232036772996999,0.601254124412449,0.6769815814116454,0.5294803439752425,0.8793058389897858,0.2552990482349658,0.2256741123218106,0.1008685885186569,0.4444062800865939,100000,30,10,0.1,3.0,0.1,0,9,0.001,1e-06,0.001,1e-07,1.0,1e-08,adamax,0,0.0,disordered,1,0.2650683262382859,0 days 05:32:02.756286,0.0007536196933869,1.778062043152667,1.6019327704215287
274,274,274,274,0.2191196687578146,0.2191196687578146,0.2191196687578146,0.2191196687578146,0.2191196687578146,0.2191196687578146,0.2191196687578146,0.2191196687578146,0.2191196687578146,0.2191196687578146,0.3521397459798763,4.8703916451341584e-05,0.19224729675422,1.823841084067611e-05,0.0710884543175504,0.3064567310116723,0.48244435426491,0.0002550510382484,0.0973107703240844,0.4349111729186585,-0.0008359209088456,-0.0009599319800487,7804.0,1.0,0.3266186604958152,0.4998105982025818,0.1746521771424269,0.4806145190096268,0.4961025453543837,0.3056658187410817,0.8043076207169698,0.5053229983693688,0.5946087624129153,0.952240590006979,100000,30,10,0.1,3.0,0.1,0,9,0.001,1e-06,0.001,1e-07,1.0,1e-08,adamax,0,0.0,disordered,1,0.2173499330038747,0 days 05:32:02.756286,0.0008359365496478,2.0924900215430413,1.7156384210089153
275,275,275,275,0.0546355035221487,0.0546355035221487,0.0546355035221487,0.0546355035221487,0.0546355035221487,0.0546355035221487,0.0546355035221487,0.0546355035221487,0.0546355035221487,0.0546355035221487,1.0014928886150083,0.0071061172982189,0.687509698680354,0.0031562909995775,0.0555466422309093,0.1189104681379148,0.00547430068983,0.2110849011729989,0.0111893892454995,0.0046916844712847,-0.0007310057549447,-0.0010717847696283,1292.0,0.0,0.8769549097354983,0.6449731068224848,0.0053036025347792,0.6442923242156278,0.3049230873607423,0.24701432822798,0.6052588097979229,0.1761206429723647,0.7359420750755481,0.7763506180697476,100000,30,10,0.1,3.0,0.1,0,9,0.001,1e-06,0.001,1e-07,1.0,1e-08,adamax,0,0.0,disordered,1,0.0554043451387643,0 days 05:32:02.756286,0.0007310179651533,3.036123591758435,2.443620398316173
276,276,276,276,0.5241298302206053,0.5241298302206053,0.5241298302206053,0.5241298302206053,0.5241298302206053,0.5241298302206053,0.5241298302206053,0.5241298302206053,0.5241298302206053,0.5241298302206053,0.2446904601397176,0.9608402239857384,0.2638977469010233,1.000069756333901,0.2163350821434026,0.2233547642795784,0.2272187380843977,0.9377760219696012,0.4906066316627996,0.8290177235122818,-0.0003646887950087,-0.0004177075907032,384.0,0.0,0.1378328494587537,0.151966353624163,0.925285077913802,0.0305454210323403,0.7981187024493254,0.7469151591312451,0.7032878921611835,0.0338023897631204,0.9418283836724008,0.20546840028302,100000,30,10,0.1,3.0,0.1,0,9,0.001,1e-06,0.001,1e-07,1.0,1e-08,adamax,0,0.0,disordered,1,0.5312969110441927,0 days 05:32:02.756286,0.0003647077759683,1.6909449886812702,1.599926380757093
277,277,277,277,0.3026648059395688,0.3026648059395688,0.3026648059395688,0.3026648059395688,0.3026648059395688,0.3026648059395688,0.3026648059395688,0.3026648059395688,0.3026648059395688,0.3026648059395688,0.5226946483130455,0.194725473210368,0.0865488785328702,4.789404213440706e-06,4.36470034456934e-06,9.739680516328252e-06,0.1115259023786124,0.1860640679309279,0.7707506492438497,1.8538101969523216e-05,-0.0006774267691058,-0.0008512642407326,8242.0,1.0,0.8728077965440963,0.5007396312109774,0.3256459273497325,0.1748341691579661,0.0114767132297118,0.2342906526973365,0.1162598230412464,0.0066563200512604,0.6648013979836157,0.9771697778493912,100000,30,10,0.1,3.0,0.1,0,9,0.001,1e-06,0.001,1e-07,1.0,1e-08,adamax,0,0.0,disordered,1,0.3068241856923812,0 days 05:32:02.756286,0.0006774795688975,1.9445624594242932,1.5497788596866204
278,278,278,278,0.333461801578636,0.333461801578636,0.333461801578636,0.333461801578636,0.333461801578636,0.333461801578636,0.333461801578636,0.333461801578636,0.333461801578636,0.333461801578636,0.6709147292268359,6.016767953843704e-05,0.6827851688739168,0.7481220260183475,4.597474053812641e-05,5.186477347664838e-05,0.3690995303349889,0.297340912210392,0.0867890880441095,0.6231995275148445,-0.0006127479950899,-0.0007089143359782,8043.0,1.0,0.5144152528968474,0.8204181545276492,0.9703876172775256,0.0807466354298075,0.4254319205126254,0.4217884105482588,0.2487687638254676,0.7175643490057031,0.5537527821643865,0.1679244739437104,100000,30,10,0.1,3.0,0.1,0,9,0.001,1e-06,0.001,1e-07,1.0,1e-08,adamax,0,0.0,disordered,1,0.334687353760642,0 days 05:32:02.756286,0.0006127515809071,1.733901677986317,1.5798108128655346
279,279,279,279,0.31260072430687,0.31260072430687,0.31260072430687,0.31260072430687,0.31260072430687,0.31260072430687,0.31260072430687,0.31260072430687,0.31260072430687,0.31260072430687,1.0014506885553285,0.2781338801269525,0.5492518176675671,0.5256612009608406,0.1058034859408271,0.6170195056698924,0.2750182818581944,0.14448160483411,0.1259557420590864,0.0980156817748518,-0.0006540947307045,-0.0007700878556144,557.0,0.0,0.9457826986198424,0.1192835651627532,0.0496830502617905,0.7558344124568469,0.4273698252746744,0.6525989397308843,0.0293280277415377,0.0800179552122662,0.2844917022951683,0.3277155772772908,100000,30,10,0.1,3.0,0.1,0,9,0.001,1e-06,0.001,1e-07,1.0,1e-08,adamax,0,0.0,disordered,1,0.3135618890978908,0 days 05:32:02.756286,0.0006540969632598,1.6038949165551055,1.6483416090254324
280,280,280,280,0.367392478180207,0.367392478180207,0.367392478180207,0.367392478180207,0.367392478180207,0.367392478180207,0.367392478180207,0.367392478180207,0.367392478180207,0.367392478180207,0.1640300577698426,0.0986882650078303,0.2958515919136908,1.0005569990646952,0.5300828825425767,0.1091803317159699,0.5300804408163117,0.3343920438063052,0.1022109832459377,0.091356704438791,-0.0005599027190014,-0.0006723159551702,712.0,0.0,0.5278125088659839,0.318136568470538,0.2315795162140604,0.9511782787436884,0.1326977726338979,0.5025277899584487,0.223667964909474,0.8118586684336861,0.6191173950887304,0.6204957812457725,100000,30,10,0.1,3.0,0.1,0,9,0.001,1e-06,0.001,1e-07,1.0,1e-08,adamax,0,0.0,disordered,1,0.3712183886055915,0 days 05:32:02.756286,0.000559927109523,1.7739112904484846,1.6706351502153367
281,281,281,281,0.2575263326771198,0.2575263326771198,0.2575263326771198,0.2575263326771198,0.2575263326771198,0.2575263326771198,0.2575263326771198,0.2575263326771198,0.2575263326771198,0.2575263326771198,0.0012693909659378,0.1376043677819858,0.88294465142016,0.1850921183472274,0.1921110191886538,0.5918936474016578,0.354959309590121,6.276684124148755e-05,0.0660387078928608,1.944757487969713e-05,-0.0006913150002788,-0.000825392525331,8013.0,1.0,0.435440675338833,0.4582904144594563,0.9921851717130896,0.4248277365856714,0.6574672079546182,0.0881713784179982,0.5245834158918792,0.755821557180018,0.4688493074920858,0.7273168622303527,100000,30,10,0.1,3.0,0.1,0,9,0.001,1e-06,0.001,1e-07,1.0,1e-08,adamax,0,0.0,disordered,1,0.2570672122949963,0 days 05:32:02.756286,0.0006913155837474,1.9007963367473242,1.707916719293235
282,282,282,282,0.3228628202536728,0.3228628202536728,0.3228628202536728,0.3228628202536728,0.3228628202536728,0.3228628202536728,0.3228628202536728,0.3228628202536728,0.3228628202536728,0.3228628202536728,0.6680804676413546,0.0968208558936963,0.6878658335223878,0.0151496209727425,0.1066710561678278,0.9920453051856556,0.0001065712547965,0.2767514278956401,0.36611310155962,0.000238949143971,-0.0006337955384136,-0.0006950446481295,7610.0,1.0,0.6642606717342343,0.1098898573146673,0.4771317496998679,0.0312014157005438,0.0909429114613579,0.6732269794882545,0.2198682291590735,0.0506398991912545,0.4683997258247909,0.6982124711913849,100000,30,10,0.1,3.0,0.1,0,9,0.001,1e-06,0.001,1e-07,1.0,1e-08,adamax,0,0.0,disordered,1,0.3185161614163589,0 days 05:32:02.756286,0.0006338402870406,1.6505589354174224,1.695517071635944
283,283,283,283,0.2575263326771198,0.2575263326771198,0.2575263326771198,0.2575263326771198,0.2575263326771198,0.2575263326771198,0.2575263326771198,0.2575263326771198,0.2575263326771198,0.2575263326771198,0.2224712031162186,1.0649025953989393e-05,0.0476544754201294,8.377679383761518e-06,5.922894397251579e-06,0.5246022358411371,2.390864445086757e-05,0.4917388103000064,0.2670686254981969,3.5489405186698645e-05,-0.0007803627926158,-0.0009002011838022,8133.0,1.0,0.2801904171648375,0.1906005552455659,0.230797647145204,0.0230889340700155,0.0417394724866417,0.4624317947354035,0.2153979852087361,0.4279799409301008,0.9132574465254402,0.8042383326726235,100000,30,10,0.1,3.0,0.1,0,9,0.001,1e-06,0.001,1e-07,1.0,1e-08,adamax,0,0.0,disordered,1,0.2544082719537457,0 days 05:32:02.756286,0.0007804059661353,1.8543852733610813,1.5755399078616947
284,284,284,284,0.3794532847236935,0.3794532847236935,0.3794532847236935,0.3794532847236935,0.3794532847236935,0.3794532847236935,0.3794532847236935,0.3794532847236935,0.3794532847236935,0.3794532847236935,0.1028411853871278,0.1798182021343705,0.2257909905281236,0.1662528486994321,0.4049234050987871,0.8011563605710492,0.2111095951442906,0.1172069159295178,0.1127841429270819,1.0000008429932148,-0.0005330916684611,-0.0006091607879766,619.0,0.0,0.8267273504991763,0.929023616452101,0.6669769559759705,0.4377045405814164,0.073335824822771,0.7217063751878922,0.111179044306536,0.3033866478777075,0.2806086191107868,0.937853584622824,100000,30,10,0.1,3.0,0.1,0,9,0.001,1e-06,0.001,1e-07,1.0,1e-08,adamax,0,0.0,disordered,1,0.383779953693403,0 days 05:32:02.756286,0.0005331170655936,1.6039415166524604,1.6195251209499701
285,285,285,285,0.2414157116103016,0.2414157116103016,0.2414157116103016,0.2414157116103016,0.2414157116103016,0.2414157116103016,0.2414157116103016,0.2414157116103016,0.2414157116103016,0.2414157116103016,0.924557804130698,0.1552340504357572,0.0429244888802448,0.0354955154021162,0.4393077679552125,0.6887225582018484,1.858125366897309e-07,0.0778674688044437,0.0062708488109461,0.3347290941714577,-0.0008124490051229,-0.0009857701157708,100000.0,0.0,0.8666195092203972,0.2545932023334656,0.3747550301281869,0.4773484970573644,0.0477178302504632,0.0192305137919545,0.5690988942672214,0.500237146077834,0.6294636587888246,0.8784156622342133,100000,30,10,0.1,3.0,0.1,0,9,0.001,1e-06,0.001,1e-07,1.0,1e-08,adamax,0,0.0,disordered,1,0.2381625103873083,0 days 05:32:02.756286,0.000812499654811,2.4111213524639727,1.735095504434621
286,286,286,286,0.3557150206821381,0.3557150206821381,0.3557150206821381,0.3557150206821381,0.3557150206821381,0.3557150206821381,0.3557150206821381,0.3557150206821381,0.3557150206821381,0.3557150206821381,1.000557338119615,0.150024599634408,0.7212300973723667,0.4792191674744179,0.5674599756540898,0.1270783897774207,0.7460621429318954,0.1266612263315885,0.1390649533445476,0.133519755708398,-0.0005507007517908,-0.0006419784255236,461.0,0.0,0.1383305444213748,0.8959807609454241,0.2096072329667661,0.92267898419396,0.1586010092630354,0.3994831424772106,0.7364412446434414,0.2002039593139714,0.1171722651598887,0.2687335756630974,100000,30,10,0.1,3.0,0.1,0,9,0.001,1e-06,0.001,1e-07,1.0,1e-08,adamax,0,0.0,disordered,1,0.3555873363461592,0 days 05:32:02.756286,0.0005507007856407,1.5961534426016473,1.6051963966760916
287,287,287,287,0.4317879727332017,0.4317879727332017,0.4317879727332017,0.4317879727332017,0.4317879727332017,0.4317879727332017,0.4317879727332017,0.4317879727332017,0.4317879727332017,0.4317879727332017,1.0000040761516669,0.1390081542663327,0.650871822098057,0.1590566189855162,0.3788145653187261,0.6913162535008593,0.4505178084304506,0.5165871894875658,0.222660495461906,0.5421333107506837,-0.0004725346607209,-0.0004906695005474,576.0,0.0,0.3364332254505885,0.8859235799567501,0.250740658592031,0.6818726384248391,0.8348612693863806,0.0133505957865881,0.273762834221375,0.902726656459502,0.5817087775335785,0.1693126927876244,100000,30,10,0.1,3.0,0.1,0,9,0.001,1e-06,0.001,1e-07,1.0,1e-08,adamax,0,0.0,disordered,1,0.4386631286554698,0 days 05:32:02.756286,0.00047257860308,1.6785188892798122,1.606141255061121
288,288,288,288,0.4757236139187883,0.4757236139187883,0.4757236139187883,0.4757236139187883,0.4757236139187883,0.4757236139187883,0.4757236139187883,0.4757236139187883,0.4757236139187883,0.4757236139187883,0.2262355258587239,0.3872620355014208,0.2265102997096705,0.201568851322173,0.6896554398428631,0.2023203876619125,1.000829245617458,0.2664400459562643,0.8481759226945759,0.2422324743402301,-0.0003779422883657,-0.0004276895781121,379.0,0.0,0.4931705350093037,0.4002097735936605,0.8354219932517978,0.7926098323818732,0.3241779405369809,0.9830646964827148,0.0477884867818838,0.9096517536701376,0.097267032824367,0.5542749186044887,100000,30,10,0.1,3.0,0.1,0,9,0.001,1e-06,0.001,1e-07,1.0,1e-08,adamax,0,0.0,disordered,1,0.4699203636538082,0 days 05:32:02.756286,0.0003779537258664,1.7338709576021756,1.6473649614992232
289,289,289,289,0.2659804395593755,0.2659804395593755,0.2659804395593755,0.2659804395593755,0.2659804395593755,0.2659804395593755,0.2659804395593755,0.2659804395593755,0.2659804395593755,0.2659804395593755,0.2098106095111391,0.5992507102858713,0.0054898498188783,0.250948800833025,0.4937774265643432,0.0345805281929214,0.0001326843088131,0.7682799884583267,0.1055757875316044,0.0002875954531737,-0.0007201756770718,-0.0008065915348983,7763.0,1.0,0.4189021314134399,0.8234209293184693,0.4805061611921127,0.281411924913489,0.7128149525361499,0.3820168994194098,0.4251771273663627,0.8162498580807743,0.3562051574027112,0.530048822740228,100000,30,10,0.1,3.0,0.1,0,9,0.001,1e-06,0.001,1e-07,1.0,1e-08,adamax,0,0.0,disordered,1,0.2699172964688129,0 days 05:32:02.756286,0.0007202270823259,1.744681182041421,1.6602236296961068
290,290,290,290,0.31260072430687,0.31260072430687,0.31260072430687,0.31260072430687,0.31260072430687,0.31260072430687,0.31260072430687,0.31260072430687,0.31260072430687,0.31260072430687,5.308914755213918e-05,0.0467491803819031,0.3054115895732115,3.7716618696260615e-05,0.565645151469057,0.0683449188905277,0.0001321498316949,0.7811399038708008,0.4744855871152743,0.0005819082273983,-0.0005719889540879,-0.000713161341258,7540.0,1.0,0.8087430632572472,0.8267099729670038,0.6836381477745519,0.7098273205737634,0.0951861809945375,0.5452303824885759,0.5979696256481425,0.1411044150060496,0.8883386774979529,0.6756783223405803,100000,30,10,0.1,3.0,0.1,0,9,0.001,1e-06,0.001,1e-07,1.0,1e-08,adamax,0,0.0,disordered,1,0.3125380580108209,0 days 05:32:02.756286,0.0005719889542641,2.5427052450875873,1.7376597158189069
291,291,291,291,0.2054117348353062,0.2054117348353062,0.2054117348353062,0.2054117348353062,0.2054117348353062,0.2054117348353062,0.2054117348353062,0.2054117348353062,0.2054117348353062,0.2054117348353062,0.0590623426883321,7.270320562759421e-05,2.671577423222707e-05,0.2386090793362449,0.4505226212823633,0.3940632569814625,6.712526610735611e-05,0.2296649600039088,0.2114258039894236,2.1077222523931107e-05,-0.0008552082495063,-0.0009848686228582,8064.0,1.0,0.1031471938061922,0.1217301673848533,0.1035658471359807,0.1448197919192561,0.58974415378652,0.097546201456495,0.4087798228349987,0.2886613044402275,0.6535582981725113,0.7123341566952256,100000,30,10,0.1,3.0,0.1,0,9,0.001,1e-06,0.001,1e-07,1.0,1e-08,adamax,0,0.0,disordered,1,0.208304716068638,0 days 05:32:02.756286,0.0008552595511877,1.6318497485221883,1.7075006081858144
292,292,292,292,0.2121550171362449,0.2121550171362449,0.2121550171362449,0.2121550171362449,0.2121550171362449,0.2121550171362449,0.2121550171362449,0.2121550171362449,0.2121550171362449,0.2121550171362449,1.0024130791047408e-05,4.663250055512692e-06,7.199837132774752e-06,0.1695001908513218,0.3693679375079161,0.0263580778770552,0.3356041200782887,0.3658784583669878,5.993520018119138e-05,0.0074611993078089,-0.0008760904205541,-0.0010210199675634,8555.0,1.0,0.6383601099847973,0.5954088370670796,0.5562000611310318,0.7675962287549989,0.5012767621670378,0.2140956364946002,0.1094107571203395,0.6000482200302583,0.80501981911651,0.7176535781625706,100000,30,10,0.1,3.0,0.1,0,9,0.001,1e-06,0.001,1e-07,1.0,1e-08,adamax,0,0.0,disordered,1,0.2102128778954103,0 days 05:32:02.756286,0.0008761119637524,1.8893228696829611,1.7315153882116912
293,293,293,293,0.3444087275973818,0.3444087275973818,0.3444087275973818,0.3444087275973818,0.3444087275973818,0.3444087275973818,0.3444087275973818,0.3444087275973818,0.3444087275973818,0.3444087275973818,0.1074669679568993,0.0914955084803297,0.7979544563877591,0.19088574145414,1.000531642460493,0.0947463869433959,0.106494181618112,0.3701548375023658,0.1067399577169633,0.7252111878012656,-0.0005136722151103,-0.0005982263911571,610.0,0.0,0.7077978198928584,0.777185446924128,0.0806533994303507,0.8507454167128043,0.031269612594601,0.559562244754216,0.4154770741987346,0.1317667119318895,0.5731232422677263,0.1149883664856494,100000,30,10,0.1,3.0,0.1,0,9,0.001,1e-06,0.001,1e-07,1.0,1e-08,adamax,0,0.0,disordered,1,0.3403778766143167,0 days 05:32:02.756286,0.0005136892200957,1.8752339163624054,1.7098260108950845
294,294,294,294,0.3919100249433399,0.3919100249433399,0.3919100249433399,0.3919100249433399,0.3919100249433399,0.3919100249433399,0.3919100249433399,0.3919100249433399,0.3919100249433399,0.3919100249433399,1.0006019434701936,0.2675410499589365,0.1479100477341528,0.382967721383784,0.150154389619443,0.1789262434719381,0.1918543648208618,0.3216654764602303,0.5298050407938762,0.7140403461673933,-0.0005141177518401,-0.0005817494676604,449.0,0.0,0.0505762404166152,0.7108632822931158,0.8915345125263209,0.4405463740297752,0.8064621134539653,0.9539262940959512,0.7305731267543529,0.421680384049949,0.9434034429065684,0.2472636957095301,100000,30,10,0.1,3.0,0.1,0,9,0.001,1e-06,0.001,1e-07,1.0,1e-08,adamax,0,0.0,disordered,1,0.3881033120929338,0 days 05:32:02.756286,0.0005141344805237,1.656213038224032,1.502947909951874
295,295,295,295,0.1988827856988807,0.1988827856988807,0.1988827856988807,0.1988827856988807,0.1988827856988807,0.1988827856988807,0.1988827856988807,0.1988827856988807,0.1988827856988807,0.1988827856988807,0.9204168256783752,2.204078943618057e-06,0.7396989556705363,0.0406175790710815,1.442690620300623e-07,0.0734675613182635,0.0098423411661458,1.5029101330639598e-07,0.1902122211369919,8.108973887174339e-07,-0.000931096553624,-0.0012003679920785,21755.0,1.0,0.2385588070509432,0.6698863231474224,0.8252363919080409,0.2609545946839984,0.3136782132049029,0.0277853878946894,0.0948733749029787,0.3297294529593854,0.0947572752330966,0.0222784833335085,100000,30,10,0.1,3.0,0.1,0,9,0.001,1e-06,0.001,1e-07,1.0,1e-08,adamax,0,0.0,disordered,1,0.2001508268990603,0 days 05:32:02.756286,0.0009311080840401,2.269789015369703,1.5883350347563867
296,296,296,296,0.1988827856988807,0.1988827856988807,0.1988827856988807,0.1988827856988807,0.1988827856988807,0.1988827856988807,0.1988827856988807,0.1988827856988807,0.1988827856988807,0.1988827856988807,2.632051870835549e-05,0.9029631341562436,0.2423332300404957,0.0822948094188473,0.2879541101252451,1.6064379639072373e-05,0.3985040382360234,0.1765647430070318,3.747658914675893e-05,1.5771760511882923e-05,-0.0008030070484742,-0.001067092177858,8536.0,1.0,0.7705703551273733,0.8833589428933932,0.1365328338943136,0.3429746635592937,0.0158781896217724,0.4205723412559977,0.1194476200617402,0.5680865217585311,0.6773855463639422,0.7161586602233061,100000,30,10,0.1,3.0,0.1,0,9,0.001,1e-06,0.001,1e-07,1.0,1e-08,adamax,0,0.0,disordered,1,0.2013929699956668,0 days 05:32:02.756286,0.0008030369576798,1.9488013089889105,1.7238631058399385
297,297,297,297,0.4317879727332017,0.4317879727332017,0.4317879727332017,0.4317879727332017,0.4317879727332017,0.4317879727332017,0.4317879727332017,0.4317879727332017,0.4317879727332017,0.4317879727332017,1.0005186420476926,0.182563044817145,0.2146519775724353,0.5887270610205784,0.7886063498329029,0.1842267019886063,0.1932493066372065,0.6475032449719886,0.4766872233262916,0.1926586059766857,-0.0004783057890404,-0.0005316023824976,381.0,0.0,0.1043067762860063,0.7991971980520339,0.838332325562638,0.2711926659637083,0.9735475529701468,0.3375149250565232,0.2575527416724514,0.1583268933402386,0.9622367725472548,0.9845068936899845,100000,30,10,0.1,3.0,0.1,0,9,0.001,1e-06,0.001,1e-07,1.0,1e-08,adamax,0,0.0,disordered,1,0.4364609170852029,0 days 05:32:02.756286,0.0004783271205016,1.5974058785950263,1.596293080982578
298,298,298,298,0.4047756965997316,0.4047756965997316,0.4047756965997316,0.4047756965997316,0.4047756965997316,0.4047756965997316,0.4047756965997316,0.4047756965997316,0.4047756965997316,0.4047756965997316,0.248315092546532,0.2966771344270632,0.9242566761545185,6.983376025194398e-07,3.8126356225168813e-07,0.7296717800957523,0.2457525486450536,9.2598208326001e-07,0.9545496315171068,0.1093406573219008,-0.0005137449893034,-0.0005651378564185,100000.0,0.0,0.7833617607353065,0.3001591142917283,0.1863168957933664,0.8160956278075892,0.8195866498882468,0.6917068724736452,0.0141286385790188,0.0897702749266857,0.5713045891257171,0.0394953411916256,100000,30,10,0.1,3.0,0.1,0,9,0.001,1e-06,0.001,1e-07,1.0,1e-08,adamax,0,0.0,disordered,1,0.4082044246966066,0 days 05:32:02.756286,0.0005137596839025,1.6518370939075033,1.554701367035166
299,299,299,299,0.4459627626819087,0.4459627626819087,0.4459627626819087,0.4459627626819087,0.4459627626819087,0.4459627626819087,0.4459627626819087,0.4459627626819087,0.4459627626819087,0.4459627626819087,0.3206366648195175,0.0484199560542508,0.0366806377120378,1.000027703238386,0.1167816794169934,0.3601790143136988,0.9375099892645598,0.5381521903699207,0.1582565786513204,0.064113957261777,-0.0004759670171449,-0.0005371331949807,1576.0,0.0,0.8179250197915076,0.9777640393148442,0.9775786952206656,0.829646147129515,0.0386275721174035,0.1134416250312995,0.9788995294148176,0.542143749584765,0.1121834598919309,0.0047986962695082,100000,30,10,0.1,3.0,0.1,0,9,0.001,1e-06,0.001,1e-07,1.0,1e-08,adamax,0,0.0,disordered,1,0.4512649461350278,0 days 05:32:02.756286,0.0004759952441935,1.546767024203473,1.577346686930268
300,300,300,300,0.3919100249433399,0.3919100249433399,0.3919100249433399,0.3919100249433399,0.3919100249433399,0.3919100249433399,0.3919100249433399,0.3919100249433399,0.3919100249433399,0.3919100249433399,1.0019867888347218,0.2796162465823681,0.544619995430235,0.187632121434663,0.1470951769084506,0.5736777891507477,0.1472575100365391,0.6267016756330706,0.4411735630497539,0.1536425077154888,-0.0004972523379472,-0.0005826676145074,426.0,0.0,0.115267005663062,0.8785974091814128,0.2993388859024937,0.7459291170862314,0.937366336734396,0.35489974256256,0.9313564413874184,0.8822250626891953,0.1216177817136735,0.1278319281672717,100000,30,10,0.1,3.0,0.1,0,9,0.001,1e-06,0.001,1e-07,1.0,1e-08,adamax,0,0.0,disordered,1,0.3963259545484577,0 days 05:32:02.756286,0.0004972723901026,1.6700898635566472,1.5585415743048265
301,301,301,301,0.1864408533970484,0.1864408533970484,0.1864408533970484,0.1864408533970484,0.1864408533970484,0.1864408533970484,0.1864408533970484,0.1864408533970484,0.1864408533970484,0.1864408533970484,0.0750702286547124,1.236493737507435e-05,2.833430770986861e-05,0.28365513360131,1.756532491349381e-05,0.5562699710203656,0.114562474052582,0.1234645727658677,0.3901361422360772,2.3047942467336705e-05,-0.0008650688832917,-0.0010044241666921,7739.0,1.0,0.9012288743775664,0.8379621667181256,0.8244225168815499,0.6668554539279069,0.9580380097249876,0.4217887832576917,0.8187208922359559,0.7743750860479226,0.4362492184849196,0.2919197500309933,100000,30,10,0.1,3.0,0.1,0,9,0.001,1e-06,0.001,1e-07,1.0,1e-08,adamax,0,0.0,disordered,1,0.1861886669292548,0 days 05:32:02.756286,0.0008650691349215,2.3274382715072672,1.7466025590659697
302,302,302,302,0.31260072430687,0.31260072430687,0.31260072430687,0.31260072430687,0.31260072430687,0.31260072430687,0.31260072430687,0.31260072430687,0.31260072430687,0.31260072430687,1.0011247815227868,0.3886896643586284,0.0856726070953936,0.0745532819635996,0.5396025097803528,0.0780217361586808,0.69469361522968,0.2721328199689606,0.3472314224761132,0.1080247794044767,-0.0005590011182094,-0.0006441499888658,622.0,0.0,0.1148970826679349,0.9529001346514946,0.8191868690166361,0.7431019824611016,0.2514756636614588,0.820109396472933,0.1962333892589896,0.6352925218784667,0.162132723682877,0.4527068756174857,100000,30,10,0.1,3.0,0.1,0,9,0.001,1e-06,0.001,1e-07,1.0,1e-08,adamax,0,0.0,disordered,1,0.3083216438212808,0 days 05:32:02.756286,0.0005590259643646,1.8220105272461038,1.601989243110802
303,303,303,303,0.4459627626819087,0.4459627626819087,0.4459627626819087,0.4459627626819087,0.4459627626819087,0.4459627626819087,0.4459627626819087,0.4459627626819087,0.4459627626819087,0.4459627626819087,0.2073957471309778,0.2199593401787899,0.1856045337999846,0.198565059911698,0.173555615581689,0.7693441445028849,0.2978437360752279,0.2077731159505437,0.4349096683054039,1.0008101046138944,-0.0004622944334952,-0.0005260279964738,447.0,0.0,0.6110690318720912,0.7191537798294915,0.917432036335271,0.9578338934687016,0.7605457635265853,0.0449673550017765,0.3870494664839662,0.7263565217141167,0.8682551861790878,0.0223754131071074,100000,30,10,0.1,3.0,0.1,0,9,0.001,1e-06,0.001,1e-07,1.0,1e-08,adamax,0,0.0,disordered,1,0.4498619248163498,0 days 05:32:02.756286,0.0004623080697765,1.6204056195614711,1.5212669240765635
304,304,304,304,0.31260072430687,0.31260072430687,0.31260072430687,0.31260072430687,0.31260072430687,0.31260072430687,0.31260072430687,0.31260072430687,0.31260072430687,0.31260072430687,1.0001375709605114,0.080371395382494,0.0733785111013122,0.3164939637197422,0.5822068174927577,0.7379323549743741,0.1204200509040353,0.0772721271790758,0.1040154289124594,0.3137463105738065,-0.0006471236144446,-0.000784808159084,663.0,0.0,0.3994927855175592,0.9352865305331108,0.9276172420620962,0.8841450737133036,0.1531324043775236,0.3220172421923563,0.9279693195160548,0.9198577998286604,0.963700685907931,0.6999404812707226,100000,30,10,0.1,3.0,0.1,0,9,0.001,1e-06,0.001,1e-07,1.0,1e-08,adamax,0,0.0,disordered,1,0.3091561991632839,0 days 05:32:02.756286,0.0006471517728089,2.13393443826949,1.6631513442207702
305,305,305,305,0.1747772774464679,0.1747772774464679,0.1747772774464679,0.1747772774464679,0.1747772774464679,0.1747772774464679,0.1747772774464679,0.1747772774464679,0.1747772774464679,0.1747772774464679,3.679240572314481e-06,0.1171289016597826,4.173476329723974e-06,0.6767357804859734,0.1779291199817896,0.3829882565504767,0.2498045947110595,1.3371349276037217e-05,9.66074619534624e-06,7.849044869637684e-06,-0.0009356198938894,-0.0012807750024818,8753.0,1.0,0.7101077891395438,0.252237697223585,0.7103146712793887,0.2631889416072038,0.8420325931618102,0.6049027256782059,0.2835056803091478,0.1485516451166109,0.1243693386886878,0.1530930556237263,100000,30,10,0.1,3.0,0.1,0,9,0.001,1e-06,0.001,1e-07,1.0,1e-08,adamax,0,0.0,disordered,1,0.1723631302671597,0 days 05:32:02.756286,0.0009356760772682,1.7806808557755631,1.7167658743990595
306,306,306,306,0.2575263326771198,0.2575263326771198,0.2575263326771198,0.2575263326771198,0.2575263326771198,0.2575263326771198,0.2575263326771198,0.2575263326771198,0.2575263326771198,0.2575263326771198,0.6222144228002245,0.165141322481777,0.2140229185619237,1.00001111490339,0.1194616148260511,0.0220017881759303,0.2314168781908382,0.0236606624811958,0.0221164957086459,0.532847687376541,-0.0006591319165935,-0.0008909825922522,1092.0,0.0,0.9161457305298456,0.3687576859935133,0.5669595468352621,0.1470186596387777,0.8967113091031558,0.992002109452133,0.5147490275156694,0.9499885600368956,0.9701136625145927,0.6756551687211889,100000,30,10,0.1,3.0,0.1,0,9,0.001,1e-06,0.001,1e-07,1.0,1e-08,adamax,0,0.0,disordered,1,0.2546858723544573,0 days 05:32:02.756286,0.0006591518408652,2.0087069178614976,1.754191009604579
307,307,307,307,0.3557150206821381,0.3557150206821381,0.3557150206821381,0.3557150206821381,0.3557150206821381,0.3557150206821381,0.3557150206821381,0.3557150206821381,0.3557150206821381,0.3557150206821381,0.8265467593339353,0.2558656515353252,1.0000327865249694,0.0389432010492122,0.3281487547296532,0.5894561891514492,0.3500024369097773,0.10481799811096,0.5971910842554977,0.0589223271874724,-0.0005192683584744,-0.0005669392939671,1266.0,0.0,0.1429325326134809,0.6601249582783056,0.1824297694255304,0.8952110001764462,0.8916417348000365,0.1805464910078101,0.3537231622494197,0.6835251509075145,0.2400849932650752,0.8426929876747188,100000,30,10,0.1,3.0,0.1,0,9,0.001,1e-06,0.001,1e-07,1.0,1e-08,adamax,0,0.0,disordered,1,0.3607521907416983,0 days 05:32:02.756286,0.0005192975666811,1.766060989226166,1.6158234390565276
308,308,308,308,0.2837303616516209,0.2837303616516209,0.2837303616516209,0.2837303616516209,0.2837303616516209,0.2837303616516209,0.2837303616516209,0.2837303616516209,0.2837303616516209,0.2837303616516209,0.2273702390608263,5.339444325534724e-07,0.2879511200937285,7.558185316335008e-07,3.643285643340954e-07,0.5271441803353255,0.0895128682122771,1.05166855628352e-06,0.1479550043729015,0.934223867380451,-0.0006872412761339,-0.0008702739524232,29630.0,1.0,0.5074519866192873,0.6471583160880261,0.455021552701576,0.8081875903544601,0.7914361578902037,0.8042378766844865,0.3651652718958724,0.3576804118279693,0.2426460584093469,0.8995208590171605,100000,30,10,0.1,3.0,0.1,0,9,0.001,1e-06,0.001,1e-07,1.0,1e-08,adamax,0,0.0,disordered,1,0.2854756977876266,0 days 05:32:02.756286,0.0006872501209969,1.8130823286818298,1.5537892526999548
309,309,309,309,0.367392478180207,0.367392478180207,0.367392478180207,0.367392478180207,0.367392478180207,0.367392478180207,0.367392478180207,0.367392478180207,0.367392478180207,0.367392478180207,0.4907001665527187,0.0014589259673872,0.639394378667271,0.3504654549531657,0.4218926175320597,0.3117254771620423,0.4794212147984448,0.0003865165300745,0.5584969286055088,0.3602347070874421,-0.0005491970240033,-0.0005705513334832,8202.0,1.0,0.1174960720252522,0.3553229724357469,0.0340966532694543,0.6558326165671662,0.959704573815436,0.535738467449102,0.0348565498696192,0.3526742600511262,0.6617173734036776,0.1614675232629825,100000,30,10,0.1,3.0,0.1,0,9,0.001,1e-06,0.001,1e-07,1.0,1e-08,adamax,0,0.0,disordered,1,0.3644082506648006,0 days 05:32:02.756286,0.000549210071406,1.6525755071486943,1.5362806779571263
310,310,310,310,0.293044697697214,0.293044697697214,0.293044697697214,0.293044697697214,0.293044697697214,0.293044697697214,0.293044697697214,0.293044697697214,0.293044697697214,0.293044697697214,0.2710060877423516,0.0140462095686314,0.4089978400430167,1.0000335712255664,0.0145627478476184,0.2214003903553504,0.4652409748660678,0.0582352513316532,0.155314375231172,0.2391575214862316,-0.0006815455007466,-0.0007775652567145,1614.0,0.0,0.5197121735457872,0.3376557883933568,0.0449962796988543,0.7832399072954109,0.2899752495294391,0.1812937250664439,0.6574280714254463,0.4400644591684004,0.3245048187798456,0.1028207830295079,100000,30,10,0.1,3.0,0.1,0,9,0.001,1e-06,0.001,1e-07,1.0,1e-08,adamax,0,0.0,disordered,1,0.2933244123511964,0 days 05:32:02.756286,0.0006815457771871,1.7872922738415176,1.6478266676944937
311,311,311,311,0.3228628202536728,0.3228628202536728,0.3228628202536728,0.3228628202536728,0.3228628202536728,0.3228628202536728,0.3228628202536728,0.3228628202536728,0.3228628202536728,0.3228628202536728,0.6810343467176514,0.0827491887606191,0.097191069798708,0.0870519412131721,0.231378816851789,0.1394185111088485,0.0852099739876603,0.588666338264238,0.161197511323595,1.0005828570994784,-0.0005281618215081,-0.0006738312484472,590.0,0.0,0.9876947376557084,0.5933871710951234,0.443296832092249,0.5868687191075178,0.453314804225376,0.7892678009461863,0.866126467625619,0.302125317801908,0.9306283022390598,0.2952319883410219,100000,30,10,0.1,3.0,0.1,0,9,0.001,1e-06,0.001,1e-07,1.0,1e-08,adamax,0,0.0,disordered,1,0.3243401025986085,0 days 05:32:02.756286,0.0005281643994799,1.7850880795807522,1.604136942188717
312,312,312,312,0.3444087275973818,0.3444087275973818,0.3444087275973818,0.3444087275973818,0.3444087275973818,0.3444087275973818,0.3444087275973818,0.3444087275973818,0.3444087275973818,0.3444087275973818,0.2100267915425906,0.2339967216898269,0.0643278055993669,0.5349716367496378,5.00599790671915e-07,0.9826333796946494,0.2215014752764844,0.2739221814673417,3.597870188538088e-07,1.5993264145834557e-07,-0.0005839374386104,-0.0007692521997358,100000.0,0.0,0.6361245354362794,0.9431710141917132,0.6975722156267917,0.0537800377932241,0.6217509280759834,0.8560950824105203,0.0525816180445954,0.2007623652999489,0.4101034939445396,0.3895477103995718,100000,30,10,0.1,3.0,0.1,0,9,0.001,1e-06,0.001,1e-07,1.0,1e-08,adamax,0,0.0,disordered,1,0.3417366342042732,0 days 05:32:02.756286,0.000583949823328,1.8368605123767368,1.6429421476521475
313,313,313,313,0.1864408533970484,0.1864408533970484,0.1864408533970484,0.1864408533970484,0.1864408533970484,0.1864408533970484,0.1864408533970484,0.1864408533970484,0.1864408533970484,0.1864408533970484,1.0007239875286469,0.3434949384123405,0.6790435223527486,0.0496716093681192,0.474649953012975,0.0286329390124862,0.0847418643279333,0.0775273681783158,0.0424813424228497,0.0299236447850837,-0.0008771603080796,-0.0012734387338785,857.0,0.0,0.980737881660108,0.0858394690487681,0.1769934947805196,0.6332099416373053,0.1122251248701656,0.6176041322847631,0.631009444277022,0.5521792449310217,0.4219330543777089,0.4688673168649789,100000,30,10,0.1,3.0,0.1,0,9,0.001,1e-06,0.001,1e-07,1.0,1e-08,adamax,0,0.0,disordered,1,0.1860869673864976,0 days 05:32:02.756286,0.0008771612548504,2.079503651509807,1.7819309138053983
314,314,314,314,0.1076624177045491,0.1076624177045491,0.1076624177045491,0.1076624177045491,0.1076624177045491,0.1076624177045491,0.1076624177045491,0.1076624177045491,0.1076624177045491,0.1076624177045491,1.310425458789177e-06,0.0561802162767296,3.174895774248597e-06,2.4668223357116704e-06,0.4444697067580928,0.0518488038566594,6.090084717749405e-06,2.2951300680890296e-06,1.0679531562207195e-05,0.3683484947771885,-0.001350871847186,-0.0017347202920409,8865.0,1.0,0.3703050703474619,0.3874850378822095,0.3479789844396158,0.3059189782878799,0.1724539557475153,0.5622395210157518,0.6064673032975222,0.5450361405853635,0.5080541627904619,0.8109065812067465,100000,30,10,0.1,3.0,0.1,0,9,0.001,1e-06,0.001,1e-07,1.0,1e-08,adamax,0,0.0,disordered,1,0.1067180472111433,0 days 05:32:02.756286,0.0013508931678686,3.2189187337806744,2.0812726328670714
315,315,315,315,0.2054117348353062,0.2054117348353062,0.2054117348353062,0.2054117348353062,0.2054117348353062,0.2054117348353062,0.2054117348353062,0.2054117348353062,0.2054117348353062,0.2054117348353062,1.0000060728523232,0.3647022677741245,0.5563269375602515,0.0137752892338757,0.0698530785291794,0.0634299145960622,0.0140480333849788,0.0501765189654432,0.0194109657662016,0.5019305783752698,-0.0007621913655537,-0.0010657342561355,1175.0,0.0,0.912984780874328,0.0623940902494647,0.4053585835436714,0.4702342654072243,0.0989895256344383,0.3329422678595225,0.4177399825672238,0.0405421071775401,0.432598683845726,0.1019778423785265,100000,30,10,0.1,3.0,0.1,0,9,0.001,1e-06,0.001,1e-07,1.0,1e-08,adamax,0,0.0,disordered,1,0.2061945101849285,0 days 05:32:02.756286,0.0007621933645656,2.2731163426021816,1.7317297654958708
316,316,316,316,0.2837303616516209,0.2837303616516209,0.2837303616516209,0.2837303616516209,0.2837303616516209,0.2837303616516209,0.2837303616516209,0.2837303616516209,0.2837303616516209,0.2837303616516209,0.2143029050103732,0.1100481054086002,0.0001150957151775,0.3917906538026648,0.265839412748782,0.4716643888916985,0.0234406800175383,0.6912121358177019,0.2254016379235169,3.790942392734115e-05,-0.0006367325178032,-0.000722686964899,7791.0,1.0,0.405697268029329,0.1989959852407393,0.1017426369298778,0.0641453256310438,0.5146914993733146,0.0029436462960327,0.3972314453993447,0.0603402546880796,0.6885300860953525,0.6492587923306573,100000,30,10,0.1,3.0,0.1,0,9,0.001,1e-06,0.001,1e-07,1.0,1e-08,adamax,0,0.0,disordered,1,0.2819151966970667,0 days 05:32:02.756286,0.0006367400560291,1.768753400377713,1.7059126946415608
317,317,317,317,0.2747120789270809,0.2747120789270809,0.2747120789270809,0.2747120789270809,0.2747120789270809,0.2747120789270809,0.2747120789270809,0.2747120789270809,0.2747120789270809,0.2747120789270809,0.0425482161692773,0.502541097299825,0.1286238389803027,0.7879939209565189,7.261468145240112e-05,0.1987259377979033,0.2302996504501545,0.3772816709435368,0.4739164811263238,6.978578409144682e-05,-0.0005994187970805,-0.0006771629431499,7786.0,1.0,0.1534919754584059,0.3637796473777184,0.7238740754382852,0.1280319556986398,0.8128231648965567,0.661485263191831,0.9413380476842622,0.6018492981573823,0.0445902509263321,0.409124444921672,100000,30,10,0.1,3.0,0.1,0,9,0.001,1e-06,0.001,1e-07,1.0,1e-08,adamax,0,0.0,disordered,1,0.2767199519524451,0 days 05:32:02.756286,0.000599425053395,1.72014182146983,1.594473455333228
318,318,318,318,0.2263129568399526,0.2263129568399526,0.2263129568399526,0.2263129568399526,0.2263129568399526,0.2263129568399526,0.2263129568399526,0.2263129568399526,0.2263129568399526,0.2263129568399526,9.99967885131159e-08,1.6260523109105973e-07,6.213570669502728e-06,0.252379370655828,2.2089831406688701e-07,0.2914048581688562,0.1384748722270265,0.5348799623347504,0.1217877540646488,0.3469783588094723,-0.0006438546243401,-0.0007635156179271,22866.0,0.0,0.6886117898087819,0.4691657950373045,0.3717486040287852,0.2505924859984356,0.6898879593102651,0.1555881240222396,0.7635421211835335,0.280977482261397,0.577472027191234,0.9217754151351226,100000,30,10,0.1,3.0,0.1,0,9,0.001,1e-06,0.001,1e-07,1.0,1e-08,adamax,0,0.0,disordered,1,0.2289410591860474,0 days 05:32:02.756286,0.0006438702127172,2.7548572103781135,1.816520918159661
319,319,319,319,0.1805148879221106,0.1805148879221106,0.1805148879221106,0.1805148879221106,0.1805148879221106,0.1805148879221106,0.1805148879221106,0.1805148879221106,0.1805148879221106,0.1805148879221106,7.990360116389588e-05,0.5786905216093814,0.6387430655358302,0.1730004003351768,0.1130125276399008,0.5740922490330528,5.331099871736666e-06,3.88217057271202e-05,0.1323167395080441,3.828901009459016e-06,-0.0007591053946687,-0.0010487424022684,8715.0,1.0,0.5931649067290381,0.8689594774816964,0.0893756936925884,0.5103121192969601,0.6543576980211803,0.162342821302332,0.6961494560836059,0.6592202247176523,0.4589126607363889,0.7942115492192897,100000,30,10,0.1,3.0,0.1,0,9,0.001,1e-06,0.001,1e-07,1.0,1e-08,adamax,0,0.0,disordered,1,0.1794559415652008,0 days 05:32:02.756286,0.0007591106576116,2.243700896399125,1.9852104618917905
320,320,320,320,0.333461801578636,0.333461801578636,0.333461801578636,0.333461801578636,0.333461801578636,0.333461801578636,0.333461801578636,0.333461801578636,0.333461801578636,0.333461801578636,1.0008542091763095,0.5248159684956215,0.7414592325191484,0.534004670106751,0.3186923708298716,0.7286442383628442,0.0921037779509172,0.1226654846652526,0.1196856620264649,0.1042046818055574,-0.0005859188254007,-0.0006951614841033,628.0,0.0,0.003199537400046,0.928440515213488,0.0909687337918507,0.7702590598396649,0.1562516212076992,0.0117843303477425,0.5972891241600773,0.5491985308302156,0.7439735337545018,0.8615405609098814,100000,30,10,0.1,3.0,0.1,0,9,0.001,1e-06,0.001,1e-07,1.0,1e-08,adamax,0,0.0,disordered,1,0.3282346936696951,0 days 05:32:02.756286,0.0005859687147189,1.663733735640774,1.6498719495025467
321,321,321,321,0.2493409369951876,0.2493409369951876,0.2493409369951876,0.2493409369951876,0.2493409369951876,0.2493409369951876,0.2493409369951876,0.2493409369951876,0.2493409369951876,0.2493409369951876,0.2476393048851338,0.0052876719138341,2.8272661274754075e-06,0.2408969320302989,0.0554106767137112,9.999128530370157e-08,4.72325439088238e-06,2.3145910844262258e-07,0.7175048799885689,7.218957931548121e-06,-0.0006504211151247,-0.0009249270380233,11335.0,0.0,0.466055318132979,0.5253179180471028,0.5880511155909521,0.3335472471302999,0.801002658949726,0.7628449507003233,0.1587745769035796,0.6905607541838444,0.214488915647371,0.2841481238480106,100000,30,10,0.1,3.0,0.1,0,9,0.001,1e-06,0.001,1e-07,1.0,1e-08,adamax,0,0.0,disordered,1,0.2516882677736881,0 days 05:32:02.756286,0.0006504336863551,2.3665617324125914,1.6503172047403805
322,322,322,322,0.3026648059395688,0.3026648059395688,0.3026648059395688,0.3026648059395688,0.3026648059395688,0.3026648059395688,0.3026648059395688,0.3026648059395688,0.3026648059395688,0.3026648059395688,0.0141284064283374,0.0314069750205752,0.0460901161022178,0.3170775925774532,1.0000361636231443,0.0519960954623236,0.0579071654711102,0.1266826582975072,0.4503028077097143,0.1216111758125433,-0.0006567152567782,-0.0007538537953347,1517.0,0.0,0.5742770187319882,0.4401600788869554,0.5778950390465654,0.236398247019809,0.7584946624080231,0.111493950200568,0.0077208357189407,0.2060136306400274,0.5028011774622677,0.8506888888481461,100000,30,10,0.1,3.0,0.1,0,9,0.001,1e-06,0.001,1e-07,1.0,1e-08,adamax,0,0.0,disordered,1,0.3067324396483655,0 days 05:32:02.756286,0.0006567586838113,1.6863830222829153,1.657874192652033
323,323,323,323,0.4317879727332017,0.4317879727332017,0.4317879727332017,0.4317879727332017,0.4317879727332017,0.4317879727332017,0.4317879727332017,0.4317879727332017,0.4317879727332017,0.4317879727332017,0.1137415038935937,0.8723677238846863,0.5464881631044438,0.445556065932464,0.1860310630430745,0.1293019956217738,0.1250059654723359,0.1082610258170433,1.0000970516755872,0.307546435625487,-0.0005054041905405,-0.0005966338299803,616.0,0.0,0.3398424630844097,0.087495067664021,0.986555766192252,0.6824529508865177,0.2830754285024608,0.2278360249827873,0.15003468148599,0.1115562661543454,0.7189710713814235,0.1157080665018861,100000,30,10,0.1,3.0,0.1,0,9,0.001,1e-06,0.001,1e-07,1.0,1e-08,adamax,0,0.0,disordered,1,0.4262709038319643,0 days 05:32:02.756286,0.0005054403106964,1.5823880918124638,1.52223303455928
324,324,324,324,0.4180637241455752,0.4180637241455752,0.4180637241455752,0.4180637241455752,0.4180637241455752,0.4180637241455752,0.4180637241455752,0.4180637241455752,0.4180637241455752,0.4180637241455752,0.0154835618191189,0.0346631591658403,0.046487595582486,0.3802606003908279,0.0647005071873256,1.000101810200493,0.2191686986381598,0.7534670340444088,0.2285939378391635,0.0414767636753662,-0.000510808136695,-0.0005787489368565,1600.0,0.0,0.6796046309791528,0.4021280479214877,0.6274781731105906,0.3678044345162742,0.1170373989192457,0.000376779543783,0.8341296812024206,0.8267187926265982,0.1301655596521703,0.2752386539913387,100000,30,10,0.1,3.0,0.1,0,9,0.001,1e-06,0.001,1e-07,1.0,1e-08,adamax,0,0.0,disordered,1,0.4214366137329886,0 days 05:32:02.756286,0.0005108224010714,1.8208029421587832,1.584688499523027
325,325,325,325,0.3919100249433399,0.3919100249433399,0.3919100249433399,0.3919100249433399,0.3919100249433399,0.3919100249433399,0.3919100249433399,0.3919100249433399,0.3919100249433399,0.3919100249433399,0.1352286381415897,1.0000864126640436,0.0429900407626113,0.576992825012033,0.1537372068365218,0.6470400704697682,0.3237572035121472,0.0831423478067389,0.7439090174227093,0.0626309330307109,-0.0005011028295716,-0.000541151638286,1111.0,0.0,0.4554080665337299,0.9368295464244326,0.3671016505099553,0.5580898519135339,0.0081104213914865,0.059323985739747,0.7380031155235911,0.5128959699620482,0.0656368162927402,0.7228404773351511,100000,30,10,0.1,3.0,0.1,0,9,0.001,1e-06,0.001,1e-07,1.0,1e-08,adamax,0,0.0,disordered,1,0.3938915141186019,0 days 05:32:02.756286,0.0005011073270922,1.7154588882881463,1.6138363016334296
326,326,326,326,0.3444087275973818,0.3444087275973818,0.3444087275973818,0.3444087275973818,0.3444087275973818,0.3444087275973818,0.3444087275973818,0.3444087275973818,0.3444087275973818,0.3444087275973818,1.001290537823466,0.2380278839324682,0.1313028039825803,0.1984251243620479,0.7969904734975106,0.2663626220090022,0.1582082864644003,0.589006600952335,0.2056434759270069,0.133157432384705,-0.000577706658603,-0.0006388002940879,521.0,0.0,0.2031364422457312,0.9018707614095632,0.9880407081382132,0.9495948935198784,0.1822195100280351,0.5922797865020526,0.8776231876952161,0.6254736900968225,0.0675890759560324,0.2609365052536748,100000,30,10,0.1,3.0,0.1,0,9,0.001,1e-06,0.001,1e-07,1.0,1e-08,adamax,0,0.0,disordered,1,0.3476659346543897,0 days 05:32:02.756286,0.0005777256110746,1.639121290445678,1.5386143471539908
327,327,327,327,0.1988827856988807,0.1988827856988807,0.1988827856988807,0.1988827856988807,0.1988827856988807,0.1988827856988807,0.1988827856988807,0.1988827856988807,0.1988827856988807,0.1988827856988807,0.5130759471545867,1.902107473883552e-05,0.233693664446375,0.475533287960532,1.0999347447747711e-05,0.623483503987078,1.3289597756932642e-05,5.567503244918214e-06,1.0335923223242924e-05,2.4637014363221084e-06,-0.0009628513107997,-0.0012730978170809,9098.0,1.0,0.6708651192175487,0.3798904811545951,0.1634515878754359,0.5655292443318688,0.85335672271599,0.6804172173888218,0.2640058517854265,0.1926680205666354,0.1105012592568686,0.2748170304402223,100000,30,10,0.1,3.0,0.1,0,9,0.001,1e-06,0.001,1e-07,1.0,1e-08,adamax,0,0.0,disordered,1,0.1978806036163934,0 days 05:32:02.756286,0.0009628599902167,1.8059305254822537,1.605676516362053
328,328,328,328,0.3919100249433399,0.3919100249433399,0.3919100249433399,0.3919100249433399,0.3919100249433399,0.3919100249433399,0.3919100249433399,0.3919100249433399,0.3919100249433399,0.3919100249433399,0.5493841193662978,0.0001702528416078,0.7102179789145017,0.1379864574189991,0.1180063955016174,0.6979531570819707,0.0403050585469488,0.4901485322634053,0.6244964568096325,0.0002145409088217,-0.0005145371443287,-0.0005721990037274,7266.0,1.0,0.5913625496602415,0.91081656207632,0.2686666960800681,0.7470281040025918,0.9496229651228262,0.366193797425507,0.7740885276701231,0.9923599348274472,0.2437272388690028,0.5477974900858349,100000,30,10,0.1,3.0,0.1,0,9,0.001,1e-06,0.001,1e-07,1.0,1e-08,adamax,0,0.0,disordered,1,0.3862037075334963,0 days 05:32:02.756286,0.0005145754136659,1.9497968125252676,1.626596292304973
329,329,329,329,0.2414157116103016,0.2414157116103016,0.2414157116103016,0.2414157116103016,0.2414157116103016,0.2414157116103016,0.2414157116103016,0.2414157116103016,0.2414157116103016,0.2414157116103016,1.0003701108326062,0.193377182149737,0.590358989487417,0.2560045768443901,0.2518704123264282,0.092427312990235,0.0800478855704336,0.2510631207446332,0.1965418910965545,0.0596111182293231,-0.0007901890702739,-0.0008716940314473,954.0,0.0,0.8752149682278184,0.1381448700139681,0.0758133040206286,0.6383266683789438,0.5939891525517612,0.906578298165276,0.6582655442898885,0.9069714689574804,0.5221224745190275,0.6262047940451518,100000,30,10,0.1,3.0,0.1,0,9,0.001,1e-06,0.001,1e-07,1.0,1e-08,adamax,0,0.0,disordered,1,0.2387314565478283,0 days 05:32:02.756286,0.0007902215645658,1.6783783325209305,1.686614146119584
330,330,330,330,0.2575263326771198,0.2575263326771198,0.2575263326771198,0.2575263326771198,0.2575263326771198,0.2575263326771198,0.2575263326771198,0.2575263326771198,0.2575263326771198,0.2575263326771198,0.7318776707683438,2.189582575988943e-05,1.2456255744625497e-05,0.6295423360051956,0.6685828751014847,3.478441116207564e-06,5.521958884862919e-06,1.0058613429807758e-05,0.5868218820758002,1.981041769827441e-05,-0.0006935503183727,-0.0008544888227362,8594.0,1.0,0.8232969732668901,0.41251262654796,0.4059475931685383,0.6991843329844618,0.0604267320994861,0.4620132350119723,0.1492970839202239,0.4656815048165154,0.0134670191414556,0.0510183970435795,100000,30,10,0.1,3.0,0.1,0,9,0.001,1e-06,0.001,1e-07,1.0,1e-08,adamax,0,0.0,disordered,1,0.2610358374027568,0 days 05:32:02.756286,0.0006935862662626,2.2255106446926542,1.6797788544151577
331,331,331,331,0.4606028844202396,0.4606028844202396,0.4606028844202396,0.4606028844202396,0.4606028844202396,0.4606028844202396,0.4606028844202396,0.4606028844202396,0.4606028844202396,0.4606028844202396,0.1173006273239814,0.3707027242650945,0.1402349924259823,0.1355733430456997,0.267438632437126,0.1795979171017121,1.0000555821507502,0.6952118693116882,0.4676891095323883,0.1139137117602738,-0.0004126235272001,-0.0004722240426525,718.0,0.0,0.536388393982969,0.3053922393281979,0.7055390682618229,0.5592864882279562,0.4859573174525038,0.8583701433323171,0.0493544167889244,0.9358299068925108,0.0845266536600494,0.0482046549366537,100000,30,10,0.1,3.0,0.1,0,9,0.001,1e-06,0.001,1e-07,1.0,1e-08,adamax,0,0.0,disordered,1,0.4557412345267511,0 days 05:32:02.756286,0.0004126356809164,1.6956252812942507,1.5924589441256143
332,332,332,332,0.2575263326771198,0.2575263326771198,0.2575263326771198,0.2575263326771198,0.2575263326771198,0.2575263326771198,0.2575263326771198,0.2575263326771198,0.2575263326771198,0.2575263326771198,0.8703925318657963,0.6709744591078829,1.846557620623535e-07,1.832431278150767e-07,0.124887522935387,1.290487617685169e-07,0.6793444468519771,0.2528785021811146,0.0408614021494618,0.4297941188466832,-0.0007392414986231,-0.000849560088362,100000.0,0.0,0.9617674286956964,0.1621724884477942,0.4620096227027535,0.3644529130106786,0.2686226111982106,0.5124319655104431,0.8812699945491104,0.42431576173784,0.6297212890351969,0.955393581696408,100000,30,10,0.1,3.0,0.1,0,9,0.001,1e-06,0.001,1e-07,1.0,1e-08,adamax,0,0.0,disordered,1,0.2616874249811766,0 days 05:32:02.756286,0.0007393047633203,1.8385512765432401,1.6612578770356403
333,333,333,333,0.333461801578636,0.333461801578636,0.333461801578636,0.333461801578636,0.333461801578636,0.333461801578636,0.333461801578636,0.333461801578636,0.333461801578636,0.333461801578636,1.4796378383023148e-05,2.254753697498387e-05,0.2498865776421874,0.2191608450016329,0.6849336980108821,2.2037657409170506e-07,4.029410622262064e-07,2.0766954907731174e-06,0.8378415877300825,4.540653042320942e-05,-0.0005362653338587,-0.0007112814281165,9812.0,1.0,0.4497042469890406,0.3253482505283921,0.4834897400149365,0.7968491988537617,0.688499924628667,0.962975038762871,0.3381166078949847,0.9361866226501284,0.3806661149355925,0.0147097345575248,100000,30,10,0.1,3.0,0.1,0,9,0.001,1e-06,0.001,1e-07,1.0,1e-08,adamax,0,0.0,disordered,1,0.3375491297690414,0 days 05:32:02.756286,0.0005362851822952,1.8227000299027674,1.5374832860221475
334,334,334,334,0.1265331759388941,0.1265331759388941,0.1265331759388941,0.1265331759388941,0.1265331759388941,0.1265331759388941,0.1265331759388941,0.1265331759388941,0.1265331759388941,0.1265331759388941,0.4444737146167746,2.5245107531873706e-07,0.4632774736798999,0.1642511279232553,9.999750869918965e-08,0.2226684169927957,1.723293042521258e-07,0.5024066707074657,0.2152763533840088,3.6184876326354566e-06,-0.0007349319923925,-0.0009337074838131,28512.0,0.0,0.6443951805948647,0.938062625049344,0.2385204668525549,0.8990764351902748,0.840875708159621,0.3190561714951616,0.7838023570358867,0.3253127770916976,0.626623777840479,0.4999209781917535,100000,30,10,0.1,3.0,0.1,0,9,0.001,1e-06,0.001,1e-07,1.0,1e-08,adamax,0,0.0,disordered,1,0.1271613841037211,0 days 05:32:02.756286,0.0007349347226161,2.205849139987879,1.9550817272486627
335,335,335,335,0.4317879727332017,0.4317879727332017,0.4317879727332017,0.4317879727332017,0.4317879727332017,0.4317879727332017,0.4317879727332017,0.4317879727332017,0.4317879727332017,0.4317879727332017,0.279830169408559,0.1905697922023282,0.168523739971218,0.5046011176510622,0.9398035339042392,0.1657528117265928,0.19895071064744,1.0005712386399852,0.1652513623529116,0.1711581341666886,-0.0004919044757442,-0.0005768328929983,419.0,0.0,0.2070485590793764,0.4298706776741199,0.4008442530521944,0.0793860875522738,0.8789597959373368,0.2957190579773816,0.3222527406874543,0.9537524218897822,0.3975478202448212,0.3956564716829931,100000,30,10,0.1,3.0,0.1,0,9,0.001,1e-06,0.001,1e-07,1.0,1e-08,adamax,0,0.0,disordered,1,0.4379437144965302,0 days 05:32:02.756286,0.0004919477523506,1.7325766127443911,1.6008430888290994
336,336,336,336,0.4047756965997316,0.4047756965997316,0.4047756965997316,0.4047756965997316,0.4047756965997316,0.4047756965997316,0.4047756965997316,0.4047756965997316,0.4047756965997316,0.4047756965997316,0.1321535050023692,0.4541254497552447,0.6437298220086971,0.1463765800637773,0.1224030426359034,0.1144445703840314,0.1794547939977477,1.0004176241238885,0.1846999817184094,0.5989204823029911,-0.0005223018573661,-0.0005965201024854,638.0,0.0,0.8413761009090188,0.3454709765613912,0.9530615138690972,0.4760561414970066,0.3783757029324619,0.3186624913919835,0.3102674809617397,0.9748663157172384,0.4875944898956392,0.0671753223090636,100000,30,10,0.1,3.0,0.1,0,9,0.001,1e-06,0.001,1e-07,1.0,1e-08,adamax,0,0.0,disordered,1,0.4078242269895096,0 days 05:32:02.756286,0.0005223140196143,1.598876809178789,1.541172459552172
337,337,337,337,0.4317879727332017,0.4317879727332017,0.4317879727332017,0.4317879727332017,0.4317879727332017,0.4317879727332017,0.4317879727332017,0.4317879727332017,0.4317879727332017,0.4317879727332017,1.001151208664771,0.2012637171212269,0.194098120653283,0.5559217388189303,0.6016501924084906,0.6490397310178692,0.2001788453312492,0.1901168330838181,0.2022593074198141,0.949663252978812,-0.0004844456116273,-0.0005502797090215,377.0,0.0,0.0778844286610215,0.7790505099511216,0.8987728495583549,0.9598272398828156,0.0721938513714257,0.2522187367307998,0.8293373270005031,0.823164068875351,0.8241548544641216,0.1721168926794182,100000,30,10,0.1,3.0,0.1,0,9,0.001,1e-06,0.001,1e-07,1.0,1e-08,adamax,0,0.0,disordered,1,0.4331313072270207,0 days 05:32:02.756286,0.0004844471864919,1.6600740590582277,1.5538555299679693
338,338,338,338,0.1864408533970484,0.1864408533970484,0.1864408533970484,0.1864408533970484,0.1864408533970484,0.1864408533970484,0.1864408533970484,0.1864408533970484,0.1864408533970484,0.1864408533970484,0.0361735219624047,0.0501729385054846,0.4155989521584589,0.2034501669492846,0.0593575495731197,0.4526137417389739,0.0826535313597828,1.0000463089447695,0.0639725329228153,0.349803804708999,-0.0005218341808049,-0.0006445341304383,861.0,0.0,0.7631539558192966,0.7399952386736539,0.9041605805372264,0.4458217289327378,0.6489780362632892,0.2013475648270648,0.7443756164173957,0.0167396116284476,0.8573268392282832,0.6734087743835281,100000,30,10,0.1,3.0,0.1,0,9,0.001,1e-06,0.001,1e-07,1.0,1e-08,adamax,0,0.0,disordered,1,0.1850857603605771,0 days 05:32:02.756286,0.0005218377544572,2.104058704403347,1.976028189012308
339,339,339,339,0.2837303616516209,0.2837303616516209,0.2837303616516209,0.2837303616516209,0.2837303616516209,0.2837303616516209,0.2837303616516209,0.2837303616516209,0.2837303616516209,0.2837303616516209,3.533000872402104e-07,6.021089839120583e-07,0.3308351358594419,0.3290782273151845,5.362608193514137e-07,0.0947377668958431,0.5767049994484882,5.626020441952233e-07,0.2779986052567585,0.6722168581165713,-0.0006833041153002,-0.0007563826215934,100000.0,0.0,0.3139616014133347,0.1998689778605668,0.471898848207234,0.7414945241972167,0.9277437549735172,0.963848396707712,0.5405515801005358,0.2976589969561701,0.1245227184671975,0.72797693986176,100000,30,10,0.1,3.0,0.1,0,9,0.001,1e-06,0.001,1e-07,1.0,1e-08,adamax,0,0.0,disordered,1,0.2879309799662555,0 days 05:32:02.756286,0.0006833568957771,1.4953660940515974,1.4795975557724483
340,340,340,340,0.2837303616516209,0.2837303616516209,0.2837303616516209,0.2837303616516209,0.2837303616516209,0.2837303616516209,0.2837303616516209,0.2837303616516209,0.2837303616516209,0.2837303616516209,3.196381140969042e-05,0.1361531099601264,0.0341237129902685,0.1095426240502067,0.9136855216271604,0.2345035280368755,1.5162241411498766e-05,0.0982374621293056,0.1944347784256954,1.0516495734163528e-05,-0.0007160500741857,-0.0009323926028787,8266.0,1.0,0.5957422688107399,0.2192458298268514,0.5352710382292845,0.3931430894054757,0.7941214516773568,0.0841189025502868,0.1914200849215601,0.1801497461003895,0.4802422845777224,0.3288859583636561,100000,30,10,0.1,3.0,0.1,0,9,0.001,1e-06,0.001,1e-07,1.0,1e-08,adamax,0,0.0,disordered,1,0.284270635796415,0 days 05:32:02.756286,0.0007160511070897,1.9551201335250585,1.6470162372900345
341,341,341,341,0.1306870229743345,0.1306870229743345,0.1306870229743345,0.1306870229743345,0.1306870229743345,0.1306870229743345,0.1306870229743345,0.1306870229743345,0.1306870229743345,0.1306870229743345,0.8388829664916928,2.154721637126363e-06,0.1465688253511804,0.0178110200223274,1.844372080237272e-06,0.3280801727999834,0.1728829425601131,6.335945244391728e-06,2.155960333994841e-06,0.1968814452886434,-0.0010772730552084,-0.0013435114333306,8891.0,1.0,0.5925849107716346,0.4858081534111649,0.341949798637866,0.685005136474023,0.5729194668151868,0.125136999131761,0.3767293310563495,0.6051134651189777,0.6221831305477327,0.4595955942335518,100000,30,10,0.1,3.0,0.1,0,9,0.001,1e-06,0.001,1e-07,1.0,1e-08,adamax,0,0.0,disordered,1,0.1294054482943211,0 days 05:32:02.756286,0.0010772884254481,2.871343156574518,2.1074698911110166
342,342,342,342,0.4606028844202396,0.4606028844202396,0.4606028844202396,0.4606028844202396,0.4606028844202396,0.4606028844202396,0.4606028844202396,0.4606028844202396,0.4606028844202396,0.4606028844202396,0.9931797441612435,0.2304973594036386,0.2338205452200104,0.2116722247298405,0.7551166763335214,0.4149271944850691,0.2040565100702453,1.001002086998425,0.1992783260408649,0.2137452776008249,-0.0004766620900132,-0.0005393254808697,370.0,0.0,0.1865238175866085,0.8296427029360385,0.5272770425417767,0.6399471536026177,0.8653670293579092,0.0459198818955655,0.1203484935363097,0.7305334372171325,0.1022538031015628,0.0052975996247555,100000,30,10,0.1,3.0,0.1,0,9,0.001,1e-06,0.001,1e-07,1.0,1e-08,adamax,0,0.0,disordered,1,0.4556338333912164,0 days 05:32:02.756286,0.0004766864983793,1.5366476989060558,1.5433041400036578
343,343,343,343,0.4606028844202396,0.4606028844202396,0.4606028844202396,0.4606028844202396,0.4606028844202396,0.4606028844202396,0.4606028844202396,0.4606028844202396,0.4606028844202396,0.4606028844202396,0.1942622708462606,0.964390431156111,0.1935694005532815,0.3520340771421455,0.4018096433459997,0.2431736505924544,1.0011792682273015,0.2580941474797765,0.1944338843714259,0.9197054093931136,-0.0004285616960294,-0.0004741601138763,377.0,0.0,0.9776680483870748,0.0467950489014082,0.8606952505477922,0.9805012086622972,0.390219118228752,0.6208502393227161,0.1135888671832358,0.9967570285640566,0.8946976850395578,0.2920623406908523,100000,30,10,0.1,3.0,0.1,0,9,0.001,1e-06,0.001,1e-07,1.0,1e-08,adamax,0,0.0,disordered,1,0.4659620062247781,0 days 05:32:02.756286,0.0004285812769437,1.7927272392944407,1.6313145796195072
344,344,344,344,0.2837303616516209,0.2837303616516209,0.2837303616516209,0.2837303616516209,0.2837303616516209,0.2837303616516209,0.2837303616516209,0.2837303616516209,0.2837303616516209,0.2837303616516209,0.5174574222442789,0.9890916683104252,8.610688426869666e-06,0.6763772785601997,0.0409809236926076,0.0666542082052367,0.8028632963247432,6.467321348981266e-05,0.0072671069203323,7.048506200979355e-05,-0.0006187289636051,-0.0009143019849363,8391.0,1.0,0.074361974239148,0.7758735334793581,0.9995157093143716,0.1475928570374415,0.8940571106055746,0.8619071253771695,0.2111454491560384,0.183197555349947,0.2008423733888371,0.280720978231278,100000,30,10,0.1,3.0,0.1,0,9,0.001,1e-06,0.001,1e-07,1.0,1e-08,adamax,0,0.0,disordered,1,0.2797007818953669,0 days 05:32:02.756286,0.0006187639995945,1.8384005864760649,1.635828174671519
345,345,345,345,0.3794532847236935,0.3794532847236935,0.3794532847236935,0.3794532847236935,0.3794532847236935,0.3794532847236935,0.3794532847236935,0.3794532847236935,0.3794532847236935,0.3794532847236935,0.0216303631796097,1.3692540281463752e-06,0.1094353462804954,0.243387172370583,0.6116614047635983,6.82012249192492e-07,0.9930955000392776,0.2585668170425779,0.6294693198209694,4.1622517948640803e-07,-0.000475478206355,-0.0005427708819513,100000.0,0.0,0.4207873327317154,0.2076104016602467,0.320871791851617,0.5734472061777176,0.5969854144693492,0.9993144961112466,0.1525514997679254,0.8968171322269103,0.2423065908823569,0.2065151825309021,100000,30,10,0.1,3.0,0.1,0,9,0.001,1e-06,0.001,1e-07,1.0,1e-08,adamax,0,0.0,disordered,1,0.3775707321256623,0 days 05:32:02.756286,0.0004754809665435,1.718318498398157,1.593944612240335
346,346,346,346,0.1535934676510895,0.1535934676510895,0.1535934676510895,0.1535934676510895,0.1535934676510895,0.1535934676510895,0.1535934676510895,0.1535934676510895,0.1535934676510895,0.1535934676510895,0.2737863477480808,0.1009327035652981,0.0173482490869803,5.396481979502066e-07,9.999902127179596e-08,0.4422681472458447,0.0701450112113927,0.0089801614989161,1.1005026301909582e-06,1.3197888431691168e-07,-0.0011366649490331,-0.0014373367606069,29196.0,0.0,0.8860119661176991,0.572004962279185,0.6969367373958665,0.897523977584852,0.7649799658359385,0.754446323966763,0.3374111219513116,0.3178896984180053,0.501173647461315,0.3879353284662319,100000,30,10,0.1,3.0,0.1,0,9,0.001,1e-06,0.001,1e-07,1.0,1e-08,adamax,0,0.0,disordered,1,0.1530185267663064,0 days 05:32:02.756286,0.0011366696433264,2.0309193314906286,1.7539870010687206
347,347,347,347,0.2054117348353062,0.2054117348353062,0.2054117348353062,0.2054117348353062,0.2054117348353062,0.2054117348353062,0.2054117348353062,0.2054117348353062,0.2054117348353062,0.2054117348353062,1.0000889735247416,0.1385385399961789,0.0267049677239932,0.1535225659539038,0.2018688905658681,0.092533730184493,0.0486797647640641,0.2221991326668925,0.3344440540352025,0.0271927622286614,-0.0009361664931159,-0.0010734858494723,1213.0,0.0,0.1913509870179872,0.7306430733101946,0.7741768460150538,0.9139358213333044,0.6522178256772622,0.5133894875953481,0.3589098389931033,0.4025354437248277,0.8227530542123174,0.7333263922965245,100000,30,10,0.1,3.0,0.1,0,9,0.001,1e-06,0.001,1e-07,1.0,1e-08,adamax,0,0.0,disordered,1,0.2086662216716773,0 days 05:32:02.756286,0.0009362519959794,1.6882438102876507,1.5425966327443101
348,348,348,348,0.3444087275973818,0.3444087275973818,0.3444087275973818,0.3444087275973818,0.3444087275973818,0.3444087275973818,0.3444087275973818,0.3444087275973818,0.3444087275973818,0.3444087275973818,0.604916028901293,0.4957876916505279,0.0953481217275976,0.0931991380149405,0.3960138695250003,0.0926340654724334,0.0999378990402784,0.133269274678964,0.2868993588503175,1.0007692805812385,-0.0005535972922959,-0.0007185098253265,568.0,0.0,0.1026974214041941,0.5927944703073608,0.8936856558871041,0.8444982045234292,0.3789456371105481,0.8240578907869724,0.8439965035767805,0.6197296454527124,0.8768345329653551,0.145914166227964,100000,30,10,0.1,3.0,0.1,0,9,0.001,1e-06,0.001,1e-07,1.0,1e-08,adamax,0,0.0,disordered,1,0.349710769262958,0 days 05:32:02.756286,0.0005536376420909,1.9258352588291807,1.5046664551299962
349,349,349,349,0.367392478180207,0.367392478180207,0.367392478180207,0.367392478180207,0.367392478180207,0.367392478180207,0.367392478180207,0.367392478180207,0.367392478180207,0.367392478180207,0.5229583265916996,0.0199368776924125,0.0503535672285626,0.021335395688308,0.0481765994453562,0.031826431347663,0.4621032114332966,0.1856076638179864,1.0000073533046057,0.3015733007032792,-0.0004750119204643,-0.0006006669995038,1294.0,0.0,0.937057406305842,0.8475292389473765,0.4040773731846082,0.7993302906265415,0.5030733224482142,0.7910662104807297,0.3254727221014234,0.6560611741909652,0.0698488979961843,0.9809386685044856,100000,30,10,0.1,3.0,0.1,0,9,0.001,1e-06,0.001,1e-07,1.0,1e-08,adamax,0,0.0,disordered,1,0.3680556903567666,0 days 05:32:02.756286,0.0004750124898706,2.0380815270677552,1.6692316755020122
350,350,350,350,0.31260072430687,0.31260072430687,0.31260072430687,0.31260072430687,0.31260072430687,0.31260072430687,0.31260072430687,0.31260072430687,0.31260072430687,0.31260072430687,1.0002783070971517,0.0037763987383874,0.0087691126787563,0.0669482164313397,0.0064613509342246,0.8347947301363479,0.1060147484391821,0.058204520552716,0.619209741031712,0.0123369325912138,-0.0006655063249055,-0.0007556617373157,2268.0,0.0,0.7142121376511152,0.9059759680177346,0.6580057516563411,0.6802513935552122,0.9007728856788634,0.9960818740771136,0.3720075897920343,0.2961473984048516,0.7517433952079304,0.4817295863675557,100000,30,10,0.1,3.0,0.1,0,9,0.001,1e-06,0.001,1e-07,1.0,1e-08,adamax,0,0.0,disordered,1,0.3082166832598798,0 days 05:32:02.756286,0.0006655583499135,1.919315870507506,1.5683437066327586
351,351,351,351,0.333461801578636,0.333461801578636,0.333461801578636,0.333461801578636,0.333461801578636,0.333461801578636,0.333461801578636,0.333461801578636,0.333461801578636,0.333461801578636,0.0956599877384248,0.7842767287775948,6.591388737276968e-05,0.1640693042945201,0.9776931001154404,0.000770835815812,0.0391795323691993,0.7638660896973213,0.036265032985098,0.0002889117370233,-0.0006222283717165,-0.0007335446343528,7963.0,1.0,0.9995033981185528,0.5622808155658906,0.1084108624556785,0.0439609394451656,0.7501179875099128,0.3459297602737141,0.2769296085274552,0.6757370994097468,0.2413182925249379,0.3740589488102697,100000,30,10,0.1,3.0,0.1,0,9,0.001,1e-06,0.001,1e-07,1.0,1e-08,adamax,0,0.0,disordered,1,0.3325756420206649,0 days 05:32:02.756286,0.0006222300025011,1.662176653630775,1.6385948855890011
352,352,352,352,0.4757236139187883,0.4757236139187883,0.4757236139187883,0.4757236139187883,0.4757236139187883,0.4757236139187883,0.4757236139187883,0.4757236139187883,0.4757236139187883,0.4757236139187883,0.7378344283382882,0.0927409113389629,0.1268443139286233,0.0454390331879134,0.5692035163632658,0.0204763170714052,0.6484120962158085,0.0404926625748109,1.000030787337186,0.5020521080660992,-0.0004278586823989,-0.0005047347893806,1692.0,0.0,0.3790666167503335,0.7797839081968443,0.7197501425464129,0.9206783129372238,0.2792377484538071,0.9961073472526646,0.5419978118075405,0.3625027264274765,0.9411183117264872,0.1771592667526775,100000,30,10,0.1,3.0,0.1,0,9,0.001,1e-06,0.001,1e-07,1.0,1e-08,adamax,0,0.0,disordered,1,0.4711916158189547,0 days 05:32:02.756286,0.0004278715673902,1.8126028972519779,1.575829162921823
353,353,353,353,0.293044697697214,0.293044697697214,0.293044697697214,0.293044697697214,0.293044697697214,0.293044697697214,0.293044697697214,0.293044697697214,0.293044697697214,0.293044697697214,1.000614769031151,0.3838982984243687,0.4634091805325288,0.1103495623135179,0.4419724041745084,0.1243492232426623,0.1462206355254282,0.1742476654428139,0.0674647542857533,0.7026218691277438,-0.0006576365086469,-0.0007322481764853,690.0,0.0,0.9609075496764068,0.0219261810379189,0.1596152369082298,0.5410236219284826,0.2705640758574288,0.7291979815205126,0.5922223677925774,0.2503032281323029,0.4506949118350623,0.0152389491249703,100000,30,10,0.1,3.0,0.1,0,9,0.001,1e-06,0.001,1e-07,1.0,1e-08,adamax,0,0.0,disordered,1,0.29147533160295,0 days 05:32:02.756286,0.0006576423515768,1.6297856718818668,1.584003602205718
354,354,354,354,0.2659804395593755,0.2659804395593755,0.2659804395593755,0.2659804395593755,0.2659804395593755,0.2659804395593755,0.2659804395593755,0.2659804395593755,0.2659804395593755,0.2659804395593755,1.0007313539970333,0.3539828683371261,0.3808134845337694,0.6747279323466199,0.0574090386435795,0.0783191548894225,0.0729974696561086,0.0848972528719902,0.4808982374183742,0.0629996528485414,-0.0007374687838597,-0.0008677780463724,707.0,0.0,0.9058641925026176,0.0510771506490037,0.3187746718901159,0.906493446160361,0.5180160353870897,0.5450349779852018,0.6495278850206792,0.6994459645029049,0.3226159556358089,0.1183689880690106,100000,30,10,0.1,3.0,0.1,0,9,0.001,1e-06,0.001,1e-07,1.0,1e-08,adamax,0,0.0,disordered,1,0.2646357340365585,0 days 05:32:02.756286,0.0007374743738871,1.4698985373226527,1.6335741444495648
355,355,355,355,0.3794532847236935,0.3794532847236935,0.3794532847236935,0.3794532847236935,0.3794532847236935,0.3794532847236935,0.3794532847236935,0.3794532847236935,0.3794532847236935,0.3794532847236935,0.1254072102816637,0.1539360653632602,0.1685209417726897,0.4545768006988003,0.3479817448527673,0.1896162754433055,0.1461836919615335,1.0005933524586412,0.1625581170197207,0.1311337611530511,-0.0005708314311356,-0.0006667945671442,481.0,0.0,0.6198104917329416,0.4700939253623446,0.6111552889066911,0.9565489554251436,0.5696480438757227,0.196540756699003,0.3369938093317558,0.8787703268969127,0.2609786532194774,0.3049960631597719,100000,30,10,0.1,3.0,0.1,0,9,0.001,1e-06,0.001,1e-07,1.0,1e-08,adamax,0,0.0,disordered,1,0.3762248644171626,0 days 05:32:02.756286,0.0005708493449256,1.5967664781557356,1.5487583430176635
356,356,356,356,0.3444087275973818,0.3444087275973818,0.3444087275973818,0.3444087275973818,0.3444087275973818,0.3444087275973818,0.3444087275973818,0.3444087275973818,0.3444087275973818,0.3444087275973818,2.8223750293789526e-06,1.4034487356962453e-05,0.0473935516969773,5.910286439698899e-06,0.5939631345384645,0.87513307261552,2.9024391358392987e-05,0.7757352599436605,3.996897847598041e-05,3.200753297668868e-05,-0.0005676932581458,-0.0006923566428724,7976.0,1.0,0.9431770493886504,0.4790783587164211,0.6846595481514158,0.9334668524075788,0.857403718029288,0.0220751659859762,0.5011079534758528,0.6839860461745928,0.1379182317639302,0.1785523870129954,100000,30,10,0.1,3.0,0.1,0,9,0.001,1e-06,0.001,1e-07,1.0,1e-08,adamax,0,0.0,disordered,1,0.3497614824818669,0 days 05:32:02.756286,0.0005677405487829,2.129287398763808,1.6073285500112326
357,357,357,357,0.4317879727332017,0.4317879727332017,0.4317879727332017,0.4317879727332017,0.4317879727332017,0.4317879727332017,0.4317879727332017,0.4317879727332017,0.4317879727332017,0.4317879727332017,0.0939185035977505,0.0887972139334671,1.0000911341291046,0.3533449633087114,0.6188258853416037,0.8303284631810469,0.0775769180860038,0.5236350124015389,0.076989646444016,0.1058562681434255,-0.0004519058712094,-0.0005939797083944,748.0,0.0,0.775264430584093,0.7381296277212435,0.9826254178463568,0.05672478857114,0.0504916323493598,0.9890957275595484,0.7048947848948418,0.0976379162663055,0.6622569556116973,0.6466549941964531,100000,30,10,0.1,3.0,0.1,0,9,0.001,1e-06,0.001,1e-07,1.0,1e-08,adamax,0,0.0,disordered,1,0.4360619061415102,0 days 05:32:02.756286,0.000451918909863,1.943905451203237,1.7019152592241562
358,358,358,358,0.3794532847236935,0.3794532847236935,0.3794532847236935,0.3794532847236935,0.3794532847236935,0.3794532847236935,0.3794532847236935,0.3794532847236935,0.3794532847236935,0.3794532847236935,0.155690188738718,0.1345384467126308,0.1531952225364395,0.1768854428899086,0.1358222133651823,0.4079255417541171,1.0007394509185183,0.1151875970627578,0.1955210638335015,0.2209705484260875,-0.0005646697272593,-0.0006788198393288,527.0,0.0,0.6861270467187739,0.8295881718115148,0.7305496771064881,0.5520795230350595,0.3759810318474074,0.198179100436036,0.984206169145878,0.447232072539738,0.271266944019332,0.6508702694567878,100000,30,10,0.1,3.0,0.1,0,9,0.001,1e-06,0.001,1e-07,1.0,1e-08,adamax,0,0.0,disordered,1,0.3763625161740184,0 days 05:32:02.756286,0.0005646855674204,1.6784647478977768,1.6100689240292403
359,359,359,359,0.1988827856988807,0.1988827856988807,0.1988827856988807,0.1988827856988807,0.1988827856988807,0.1988827856988807,0.1988827856988807,0.1988827856988807,0.1988827856988807,0.1988827856988807,1.5858219718354353e-05,1.604850480711053e-05,0.4207005615531484,0.1096286589583121,0.4091495245978009,3.5330156996772735e-05,0.0372019649060812,0.503188272023489,5.014331580315913e-05,0.1768366921959528,-0.0009303935169672,-0.0010032962234493,8022.0,1.0,0.6749796966982027,0.5947421721631754,0.8777561350711153,0.6071992001119455,0.3818902417841148,0.0931114700580979,0.1206871372677993,0.4937852451071219,0.2610920573458406,0.143675143319628,100000,30,10,0.1,3.0,0.1,0,9,0.001,1e-06,0.001,1e-07,1.0,1e-08,adamax,0,0.0,disordered,1,0.1993607969556364,0 days 05:32:02.756286,0.0009303951563262,1.6186491992060406,1.6481771527514888
360,360,360,360,0.1692220351641035,0.1692220351641035,0.1692220351641035,0.1692220351641035,0.1692220351641035,0.1692220351641035,0.1692220351641035,0.1692220351641035,0.1692220351641035,0.1692220351641035,0.0001695601556116,0.2425049944239951,0.0020102799212408,0.1152052253419683,0.9727311433466078,0.0046328255738532,0.609227410208475,3.4404232029458104e-05,0.1107996018113731,0.1853715137464347,-0.0006463464376055,-0.0007925618596805,7199.0,1.0,0.830912931619557,0.4542667875837952,0.7284966939519985,0.8513856976782915,0.0540585049383388,0.9562660513346144,0.5540801259455461,0.3298529147487226,0.4860086620167514,0.2233575742389943,100000,30,10,0.1,3.0,0.1,0,9,0.001,1e-06,0.001,1e-07,1.0,1e-08,adamax,0,0.0,disordered,1,0.1691793328688003,0 days 05:32:02.756286,0.0006463464796554,1.97540257606072,1.857847569700649
361,361,361,361,0.3557150206821381,0.3557150206821381,0.3557150206821381,0.3557150206821381,0.3557150206821381,0.3557150206821381,0.3557150206821381,0.3557150206821381,0.3557150206821381,0.3557150206821381,0.4132434098297874,0.2246376678174589,0.2991671408405765,0.146780461842064,0.7833302594968805,0.0001043990215303,0.3094021532143544,0.0947052472022486,0.8631505371517989,0.2234378773662144,-0.0005119727549726,-0.0005683242879177,7536.0,1.0,0.3322550188258053,0.6095934759945512,0.1934417874985552,0.4503599800352695,0.2834719266138154,0.7794971887695216,0.2400318748230032,0.7294470601598501,0.0132393839244975,0.4385159072666922,100000,30,10,0.1,3.0,0.1,0,9,0.001,1e-06,0.001,1e-07,1.0,1e-08,adamax,0,0.0,disordered,1,0.3612272793948508,0 days 05:32:02.756286,0.0005120065179956,1.7893021323273743,1.6214563841556147
362,362,362,362,0.2263129568399526,0.2263129568399526,0.2263129568399526,0.2263129568399526,0.2263129568399526,0.2263129568399526,0.2263129568399526,0.2263129568399526,0.2263129568399526,0.2263129568399526,5.961056998179047e-05,2.4464288013851312e-05,0.6582218475381516,1.1590344511996495e-05,0.0352827685899874,4.750610546089135e-05,0.7091274553479777,1.992122631801868e-05,0.0148942903103784,4.543657007338536e-05,-0.0008292229645327,-0.0011014949360981,8679.0,1.0,0.4734987759415516,0.406168946043238,0.5189027103983602,0.8452300910015517,0.5229457637404864,0.8171458538819233,0.7296668340702964,0.1960980413704525,0.2983363770931467,0.1577054943448939,100000,30,10,0.1,3.0,0.1,0,9,0.001,1e-06,0.001,1e-07,1.0,1e-08,adamax,0,0.0,disordered,1,0.228491270708013,0 days 05:32:02.756286,0.0008292495210896,1.7612078718291058,1.5726692713029393
363,363,363,363,0.1306870229743345,0.1306870229743345,0.1306870229743345,0.1306870229743345,0.1306870229743345,0.1306870229743345,0.1306870229743345,0.1306870229743345,0.1306870229743345,0.1306870229743345,9.29688274677256e-06,0.7607065535206385,0.4472226541702346,6.994523304468848e-06,0.038366114235427,9.716791362601208e-06,1.1906749084760405e-05,4.649799566807757e-06,0.1230168773009819,0.2686365026135006,-0.0011460812358061,-0.0015228646031219,8727.0,1.0,0.7788070150730986,0.0963064736583216,0.8564363688241255,0.5549408503937954,0.430836957458087,0.5628663925544286,0.5377616424280137,0.6195796401529267,0.5425353416111438,0.306024249914103,100000,30,10,0.1,3.0,0.1,0,9,0.001,1e-06,0.001,1e-07,1.0,1e-08,adamax,0,0.0,disordered,1,0.1289425321670651,0 days 05:32:02.756286,0.0011461407967521,2.3955726975942007,1.7589342317407246
364,364,364,364,0.4317879727332017,0.4317879727332017,0.4317879727332017,0.4317879727332017,0.4317879727332017,0.4317879727332017,0.4317879727332017,0.4317879727332017,0.4317879727332017,0.4317879727332017,0.1227873521650025,0.5921926630642182,0.0389872796190091,0.7266723760111268,0.0681631589658697,0.2795514388309379,0.0705191853212829,1.0000668946513294,0.2888126356025486,0.0554415320908866,-0.0004613037498349,-0.0005990676438105,1093.0,0.0,0.8986153874068937,0.616815155645467,0.9954409266140332,0.1305664684177212,0.9413896798372886,0.6257868077855991,0.6789169189102235,0.9412139376410446,0.0624637916473289,0.1890294281358702,100000,30,10,0.1,3.0,0.1,0,9,0.001,1e-06,0.001,1e-07,1.0,1e-08,adamax,0,0.0,disordered,1,0.4263008882080015,0 days 05:32:02.756286,0.0004613280213392,1.8837573825774445,1.6393099119649837
365,365,365,365,0.3444087275973818,0.3444087275973818,0.3444087275973818,0.3444087275973818,0.3444087275973818,0.3444087275973818,0.3444087275973818,0.3444087275973818,0.3444087275973818,0.3444087275973818,4.507673758730678e-05,0.3527813734944465,0.0008911398522144,0.6155897422370603,2.877899844569689e-05,3.527999578568377e-05,0.840925424905257,0.4146385419294762,0.3997586572835095,0.0001304957686812,-0.0005876749140715,-0.0006354936539782,7562.0,1.0,0.5706729312589813,0.2978662262765116,0.0164398885199489,0.2912488115415481,0.6906224920438333,0.6824747546512389,0.0243473179975725,0.3233772157689207,0.8570896250639003,0.6527474104669012,100000,30,10,0.1,3.0,0.1,0,9,0.001,1e-06,0.001,1e-07,1.0,1e-08,adamax,0,0.0,disordered,1,0.3432906648305447,0 days 05:32:02.756286,0.0005876771109702,2.206710397782403,1.6361806402151924
366,366,366,366,0.3794532847236935,0.3794532847236935,0.3794532847236935,0.3794532847236935,0.3794532847236935,0.3794532847236935,0.3794532847236935,0.3794532847236935,0.3794532847236935,0.3794532847236935,0.0525036140292833,0.9465145180328932,0.1661177449731856,0.6880757276760681,0.08552524581282,0.0645387693866318,0.1431002219239427,0.4662581440497115,0.1673844281222786,1.000021549732182,-0.000551531233278,-0.0006201612091187,1045.0,0.0,0.6191804671224441,0.97377324147106,0.3286767579782848,0.0832384027838331,0.6200275861014232,0.6401335363741893,0.5480909294992627,0.9544015939487656,0.6804865521266139,0.0678019738405787,100000,30,10,0.1,3.0,0.1,0,9,0.001,1e-06,0.001,1e-07,1.0,1e-08,adamax,0,0.0,disordered,1,0.3743914540301911,0 days 05:32:02.756286,0.000551570304542,1.6773123301899573,1.5302317478147647
367,367,367,367,0.1864408533970484,0.1864408533970484,0.1864408533970484,0.1864408533970484,0.1864408533970484,0.1864408533970484,0.1864408533970484,0.1864408533970484,0.1864408533970484,0.1864408533970484,6.654999530762744e-06,2.344467900609093e-05,0.226242365979238,1.189593330049011e-05,0.5233992827552963,0.1883151110603922,4.8332144384523066e-05,0.0283290501757903,0.3337998729271968,0.2345926451738817,-0.0008207394208821,-0.0009548649978586,8133.0,1.0,0.6476396622361511,0.0664872246066922,0.5704321719943116,0.5026659264789222,0.0028872992005247,0.1965175663336678,0.4185439502633219,0.3193685561421232,0.1329217208895931,0.6168338315513925,100000,30,10,0.1,3.0,0.1,0,9,0.001,1e-06,0.001,1e-07,1.0,1e-08,adamax,0,0.0,disordered,1,0.1883620219902537,0 days 05:32:02.756286,0.0008207564095349,2.2704646164011737,1.8676203427781488
368,368,368,368,0.4047756965997316,0.4047756965997316,0.4047756965997316,0.4047756965997316,0.4047756965997316,0.4047756965997316,0.4047756965997316,0.4047756965997316,0.4047756965997316,0.4047756965997316,0.1547789815201084,0.9402827094798843,0.2720642614343734,0.2547625701844589,0.5178172564781031,0.2154643784196388,0.1576995859802887,0.1460762635962312,0.3739639558752718,1.0011293013604203,-0.000494218691471,-0.0005925090510213,471.0,0.0,0.943238717728384,0.039104284294701,0.770642093358219,0.3530056890674251,0.2715969442479642,0.7938128323488172,0.9316915339620816,0.9816024369131277,0.9331484537746048,0.1245746193988084,100000,30,10,0.1,3.0,0.1,0,9,0.001,1e-06,0.001,1e-07,1.0,1e-08,adamax,0,0.0,disordered,1,0.4070504461102932,0 days 05:32:02.756286,0.0004942243000223,1.6934467254340553,1.5564187661171138
369,369,369,369,0.1864408533970484,0.1864408533970484,0.1864408533970484,0.1864408533970484,0.1864408533970484,0.1864408533970484,0.1864408533970484,0.1864408533970484,0.1864408533970484,0.1864408533970484,1.0008490885125252,0.3424325569726008,0.0317027881872901,0.733962688119305,0.0398552681669047,0.2699251230365527,0.0310594272843121,0.0539030290723896,0.02595705512288,0.0890268923503976,-0.0008997462705834,-0.0011875874127803,947.0,0.0,0.0112939080882549,0.7475602706104801,0.7640568991220532,0.1490011188859666,0.5727014824881643,0.6440931339590131,0.3824474095003376,0.1690773663209991,0.3398999655537181,0.2816164289292787,100000,30,10,0.1,3.0,0.1,0,9,0.001,1e-06,0.001,1e-07,1.0,1e-08,adamax,0,0.0,disordered,1,0.1861672651589363,0 days 05:32:02.756286,0.0008997470648009,1.92977855341578,1.6932061152313993
370,370,370,370,0.1805148879221106,0.1805148879221106,0.1805148879221106,0.1805148879221106,0.1805148879221106,0.1805148879221106,0.1805148879221106,0.1805148879221106,0.1805148879221106,0.1805148879221106,0.5881783470375835,3.802067373426858e-05,0.3760335536964756,0.2653339627737186,0.0412606893716544,8.453011281440253e-06,0.178551172591805,0.0678625265664098,0.661504381398596,1.1432230979542205e-05,-0.0006874860676991,-0.0008389052960726,8161.0,1.0,0.0076791210226125,0.2757122259729295,0.2486359202264328,0.6756381518438787,0.6373724969914955,0.6756248000046686,0.29298127280873,0.594573782356606,0.1204389932529523,0.7645327467875227,100000,30,10,0.1,3.0,0.1,0,9,0.001,1e-06,0.001,1e-07,1.0,1e-08,adamax,0,0.0,disordered,1,0.1790166026980196,0 days 05:32:02.756286,0.0006874925340033,2.175272798049271,1.6855152918201277
371,371,371,371,0.1692220351641035,0.1692220351641035,0.1692220351641035,0.1692220351641035,0.1692220351641035,0.1692220351641035,0.1692220351641035,0.1692220351641035,0.1692220351641035,0.1692220351641035,0.4893696852376683,9.202570194765706e-06,0.248365186074555,0.0025014247713147,4.944872872513553e-07,9.999619348868597e-08,3.1112693062562647e-06,3.783778487810628e-06,5.381981767141632e-05,0.1818494335228372,-0.0008075858933673,-0.0013026514984404,7589.0,0.0,0.939942823405704,0.7650859415568515,0.7313715691484668,0.5717709554015099,0.7625380508868862,0.4641393591113667,0.257575102546457,0.7786558664111833,0.5170059703423491,0.9251620988818609,100000,30,10,0.1,3.0,0.1,0,9,0.001,1e-06,0.001,1e-07,1.0,1e-08,adamax,0,0.0,disordered,1,0.1703847080171942,0 days 05:32:02.756286,0.0008075891918446,2.862440435086815,1.9490771994142824
372,372,372,372,0.293044697697214,0.293044697697214,0.293044697697214,0.293044697697214,0.293044697697214,0.293044697697214,0.293044697697214,0.293044697697214,0.293044697697214,0.293044697697214,4.796651705361013e-05,0.1915211849369971,0.3856444477144743,0.592126800093762,0.1168492941736647,0.446313352033876,0.2214244111205126,0.581470515085295,0.0059266921575382,0.0001025157443518,-0.0006891464120096,-0.0007519766549857,8081.0,1.0,0.5867070829368026,0.533994533000577,0.0388040032213391,0.221140534295108,0.7186613988532663,0.4388809807656246,0.9257056476135832,0.615186859144445,0.2639157669577461,0.2450934880507677,100000,30,10,0.1,3.0,0.1,0,9,0.001,1e-06,0.001,1e-07,1.0,1e-08,adamax,0,0.0,disordered,1,0.288573150359591,0 days 05:32:02.756286,0.0006892074811893,1.7104771123554572,1.6163571752324297
373,373,373,373,0.31260072430687,0.31260072430687,0.31260072430687,0.31260072430687,0.31260072430687,0.31260072430687,0.31260072430687,0.31260072430687,0.31260072430687,0.31260072430687,0.2244045482777008,0.3783859695364371,6.999576015171335e-05,0.182729497128887,3.5490009438923216e-05,0.6335974051850095,0.11773623177605,0.4737030635239947,0.3918909145662709,3.812723291792251e-05,-0.0006336931301048,-0.0007429012255528,7996.0,1.0,0.2915311257963363,0.2171019367945525,0.5316124247090717,0.0846068115191674,0.5784091718602687,0.4289681518042565,0.8788343151379411,0.8907468797284301,0.2971523946037819,0.1908006677512463,100000,30,10,0.1,3.0,0.1,0,9,0.001,1e-06,0.001,1e-07,1.0,1e-08,adamax,0,0.0,disordered,1,0.3114422133636013,0 days 05:32:02.756286,0.000633696573953,1.7788403879481487,1.5520201365298043
374,374,374,374,0.3794532847236935,0.3794532847236935,0.3794532847236935,0.3794532847236935,0.3794532847236935,0.3794532847236935,0.3794532847236935,0.3794532847236935,0.3794532847236935,0.3794532847236935,0.129225857400196,0.1435394732326597,0.3409645967534006,0.0947294610462165,0.327030858934306,0.3216676171067442,0.0798296370677411,0.0820150782571621,0.4763621381691482,1.0000149582469096,-0.0005404102981923,-0.0006494243603205,920.0,0.0,0.4219832755495095,0.506328174724403,0.7109783252439936,0.9707250807177435,0.8949805686934579,0.3968997682447035,0.5490804140888205,0.5811396785133526,0.8791075936683179,0.105558755383498,100000,30,10,0.1,3.0,0.1,0,9,0.001,1e-06,0.001,1e-07,1.0,1e-08,adamax,0,0.0,disordered,1,0.3824658062494975,0 days 05:32:02.756286,0.000540423455939,1.5177251179773714,1.4716662722900633
375,375,375,375,0.3444087275973818,0.3444087275973818,0.3444087275973818,0.3444087275973818,0.3444087275973818,0.3444087275973818,0.3444087275973818,0.3444087275973818,0.3444087275973818,0.3444087275973818,0.9216854791240529,0.0435578311915196,0.5010401748857062,1.0003784848841513,0.1891494817233369,0.5503543558828276,0.0838248418227865,0.0946759301013871,0.2164110855805307,0.287776685583387,-0.0005851171027994,-0.0006604426690158,1025.0,0.0,0.8157310583955725,0.2625821000898687,0.107500107434456,0.9801581869007052,0.3472983694743665,0.7478456638335392,0.3634214901784441,0.2906776165045854,0.5433210652185734,0.2329467089404197,100000,30,10,0.1,3.0,0.1,0,9,0.001,1e-06,0.001,1e-07,1.0,1e-08,adamax,0,0.0,disordered,1,0.3418460409604583,0 days 05:32:02.756286,0.0005851288923547,1.6630782018369898,1.6497600214493988
376,376,376,376,0.4047756965997316,0.4047756965997316,0.4047756965997316,0.4047756965997316,0.4047756965997316,0.4047756965997316,0.4047756965997316,0.4047756965997316,0.4047756965997316,0.4047756965997316,0.1613683394537575,1.0000321953431277,0.0805195207930346,0.4024929828502507,0.7513291216248031,0.7746098244236637,0.0583662682219211,0.61956566253167,0.1083139637696981,0.0787374609373532,-0.0005093818105297,-0.0005574131430185,999.0,0.0,0.2444241497926114,0.0508620963129747,0.7146135600942009,0.9213557025394892,0.0049391371660167,0.2883433059584358,0.8698080901838249,0.6009611086345273,0.1285723646794975,0.2403953491724734,100000,30,10,0.1,3.0,0.1,0,9,0.001,1e-06,0.001,1e-07,1.0,1e-08,adamax,0,0.0,disordered,1,0.4098209078912651,0 days 05:32:02.756286,0.0005094120733388,1.7054816719108747,1.6131815126835594
377,377,377,377,0.1638433645577982,0.1638433645577982,0.1638433645577982,0.1638433645577982,0.1638433645577982,0.1638433645577982,0.1638433645577982,0.1638433645577982,0.1638433645577982,0.1638433645577982,6.285465909094936e-06,0.0747235468717809,6.4555188597717895e-06,1.349473967913868e-05,0.5478107961641947,0.146121794415006,0.0677535569495185,0.122069298779158,0.0938623249394458,1.5258799666241945e-05,-0.0010787448512183,-0.0012427269194338,8528.0,1.0,0.2074476020330385,0.0338475812205937,0.1285958813186927,0.1270902542951092,0.5037976427016844,0.768247250025672,0.5191068701186071,0.6562395971013444,0.8837135889312623,0.7808245670731921,100000,30,10,0.1,3.0,0.1,0,9,0.001,1e-06,0.001,1e-07,1.0,1e-08,adamax,0,0.0,disordered,1,0.1640067066965667,0 days 05:32:02.756286,0.001078745117412,1.7747280161467378,1.6409757579119426
378,378,378,378,0.5413360302965373,0.5413360302965373,0.5413360302965373,0.5413360302965373,0.5413360302965373,0.5413360302965373,0.5413360302965373,0.5413360302965373,0.5413360302965373,0.5413360302965373,0.2715768914309794,1.0002017739639837,0.3559843785145823,0.6470367540189096,0.2452315454219485,0.7590505154018141,0.2516681953742075,0.3727149156081233,0.6578544549941583,0.7828108599315475,-0.000368509685592,-0.000398340542874,348.0,0.0,0.0997593227772318,0.0268519347524667,0.9298496661777996,0.2607789471225706,0.8632480873818676,0.1744944101266712,0.8793302462090203,0.4403183439820408,0.0289125951170617,0.9890317328695384,100000,30,10,0.1,3.0,0.1,0,9,0.001,1e-06,0.001,1e-07,1.0,1e-08,adamax,0,0.0,disordered,1,0.5346613043942341,0 days 05:32:02.756286,0.0003685258880094,1.6548791493131736,1.6122781229404715
379,379,379,379,0.293044697697214,0.293044697697214,0.293044697697214,0.293044697697214,0.293044697697214,0.293044697697214,0.293044697697214,0.293044697697214,0.293044697697214,0.293044697697214,0.022070547496865,0.3499481698354273,1.0001109766079326,0.1767710203790681,0.1761787047612633,0.4613398482060719,0.0701342814071739,0.1562259328580879,0.0379932779302846,0.5068988855088008,-0.0006833813674087,-0.0007827326237181,1447.0,0.0,0.1168715186346838,0.0236418087236619,0.8008624272421115,0.3261165967064418,0.0316929200137269,0.0121385674625584,0.4070895425927446,0.105375854119849,0.3521693916782696,0.6865019747544017,100000,30,10,0.1,3.0,0.1,0,9,0.001,1e-06,0.001,1e-07,1.0,1e-08,adamax,0,0.0,disordered,1,0.2938737682172047,0 days 05:32:02.756286,0.0006833832835851,1.8023821165753058,1.61065078190224
380,380,380,380,0.091605984754437,0.091605984754437,0.091605984754437,0.091605984754437,0.091605984754437,0.091605984754437,0.091605984754437,0.091605984754437,0.091605984754437,0.091605984754437,0.5781553645472028,0.5214939933248098,0.0008138541455825,0.442150947954927,1.331618985396522e-06,1.5311502021583529e-06,1.8639609592754407e-06,0.069082071476316,0.0273220658631875,0.1225947361719864,-0.0011483211443572,-0.0015676911288479,9051.0,1.0,0.9509689675529264,0.2934854849756927,0.5755475392440509,0.7040855421249729,0.7943149992989771,0.4936219984790373,0.7911589406853283,0.4617548400991511,0.7432089431913926,0.6344691439265372,100000,30,10,0.1,3.0,0.1,0,9,0.001,1e-06,0.001,1e-07,1.0,1e-08,adamax,0,0.0,disordered,1,0.0911445666317793,0 days 05:32:02.756286,0.0011483270361507,2.1180520238127802,2.220165207504581
381,381,381,381,0.4317879727332017,0.4317879727332017,0.4317879727332017,0.4317879727332017,0.4317879727332017,0.4317879727332017,0.4317879727332017,0.4317879727332017,0.4317879727332017,0.4317879727332017,0.0201713799935463,1.0000106373815194,0.0395408797229015,0.0765150795337719,0.0833948658860738,0.4864101604832082,0.0231244582575686,0.9634037310165212,0.5414809261058044,0.4252329687648574,-0.0004453118911282,-0.0005206269569494,1852.0,0.0,0.4645925630309526,0.8703766258825952,0.312597817301891,0.3593160199082607,0.4827486753456478,0.0612250360142219,0.5916532212902839,0.0242044295789416,0.8663353398113628,0.3484932886953423,100000,30,10,0.1,3.0,0.1,0,9,0.001,1e-06,0.001,1e-07,1.0,1e-08,adamax,0,0.0,disordered,1,0.4373699243728792,0 days 05:32:02.756286,0.0004453345344114,1.838720728680708,1.6000944769931547
382,382,382,382,0.31260072430687,0.31260072430687,0.31260072430687,0.31260072430687,0.31260072430687,0.31260072430687,0.31260072430687,0.31260072430687,0.31260072430687,0.31260072430687,0.0270772711738646,0.8330178842157583,0.2269941619574682,1.3117866648384238e-05,0.4540894448427922,9.992663090103221e-08,7.262135138823665e-07,2.2998824475719083e-07,0.8691597487755207,1.818331998454258e-05,-0.0004712695363537,-0.0007949161252454,8979.0,0.0,0.8881877051877,0.1493807642649662,0.71624829296369,0.5855134953816346,0.5668054991174719,0.9065448576640236,0.0867575888476853,0.9177427468321386,0.2804969241390942,0.2538249548089413,100000,30,10,0.1,3.0,0.1,0,9,0.001,1e-06,0.001,1e-07,1.0,1e-08,adamax,0,0.0,disordered,1,0.3151067120159482,0 days 05:32:02.756286,0.0004712734223962,2.118732932459898,1.7069606222042424
383,383,383,383,0.367392478180207,0.367392478180207,0.367392478180207,0.367392478180207,0.367392478180207,0.367392478180207,0.367392478180207,0.367392478180207,0.367392478180207,0.367392478180207,0.4319538877643289,2.04156172373002e-06,0.4017020218788754,0.1606029981446268,0.6891465432437754,0.7489462737412959,0.0540347834519248,0.5383390208965312,0.2199128655832939,2.6675945048050295e-07,-0.0005507649340426,-0.0006348005971932,100000.0,0.0,0.6846903811960501,0.4131886612712611,0.1340955673338829,0.5580343537526458,0.8759672619772926,0.0088415666662903,0.4024341209001952,0.1791553579684491,0.7086352018966858,0.7871031607789767,100000,30,10,0.1,3.0,0.1,0,9,0.001,1e-06,0.001,1e-07,1.0,1e-08,adamax,0,0.0,disordered,1,0.3728278353073358,0 days 05:32:02.756286,0.0005508112353152,1.8242858776948085,1.6866056368076883
384,384,384,384,0.1805148879221106,0.1805148879221106,0.1805148879221106,0.1805148879221106,0.1805148879221106,0.1805148879221106,0.1805148879221106,0.1805148879221106,0.1805148879221106,0.1805148879221106,1.0001703425602964,0.1744819923892198,0.4762936415593283,0.0565696682056513,0.5968036428895012,0.1938758575276144,0.0336905980741292,0.0592189854144198,0.0406736820480373,0.0665916575178749,-0.000830703023209,-0.0011261299642856,754.0,0.0,0.141602596831929,0.8445017164340487,0.3122785108275705,0.7498669802182869,0.1287998260806334,0.4734033912116812,0.649239041295116,0.4950066534014287,0.6892716676081824,0.7752851900829789,100000,30,10,0.1,3.0,0.1,0,9,0.001,1e-06,0.001,1e-07,1.0,1e-08,adamax,0,0.0,disordered,1,0.1813270645505963,0 days 05:32:02.756286,0.0008307064006428,2.2523545297979948,1.847931574764698
385,385,385,385,0.2263129568399526,0.2263129568399526,0.2263129568399526,0.2263129568399526,0.2263129568399526,0.2263129568399526,0.2263129568399526,0.2263129568399526,0.2263129568399526,0.2263129568399526,0.478351289749048,0.1396945756010668,0.8569911018210511,7.940012062462578e-06,0.1249477914806508,2.574830159384005e-05,1.4904368199535478e-05,0.2946345995016559,0.2702234946751387,0.4018449743021197,-0.0007632184871837,-0.0009331200192859,8223.0,1.0,0.9283894315706523,0.6490635800408276,0.1759501685527703,0.7681127069410235,0.4237433273208904,0.6985926672318011,0.6892002298108775,0.8872912225265681,0.5892704824400701,0.2294741203878888,100000,30,10,0.1,3.0,0.1,0,9,0.001,1e-06,0.001,1e-07,1.0,1e-08,adamax,0,0.0,disordered,1,0.2242388135655982,0 days 05:32:02.756286,0.0007632352467662,2.052402934140948,1.7351862639732694
386,386,386,386,0.1988827856988807,0.1988827856988807,0.1988827856988807,0.1988827856988807,0.1988827856988807,0.1988827856988807,0.1988827856988807,0.1988827856988807,0.1988827856988807,0.1988827856988807,0.3804591123255935,1.920339930272407e-05,2.102349865783389e-05,0.5995864810702137,0.4744501073559968,0.1232825103763504,8.866903094698041e-06,0.2388814169951945,1.2983585972884645e-05,0.3853377507154674,-0.0008150189689806,-0.0009783078520769,8236.0,1.0,0.4062477741541459,0.6206195937384177,0.5708106848170152,0.1936271183098157,0.824032216762549,0.5794577714532373,0.5768013793246287,0.2050982457879387,0.4916221968829366,0.2686964542861396,100000,30,10,0.1,3.0,0.1,0,9,0.001,1e-06,0.001,1e-07,1.0,1e-08,adamax,0,0.0,disordered,1,0.1995317628657679,0 days 05:32:02.756286,0.0008150215483972,2.1504571495976657,1.7230377962759553
387,387,387,387,0.2121550171362449,0.2121550171362449,0.2121550171362449,0.2121550171362449,0.2121550171362449,0.2121550171362449,0.2121550171362449,0.2121550171362449,0.2121550171362449,0.2121550171362449,1.563735349812896e-05,0.3602369659795243,7.456337394551672e-07,0.5974110011189552,0.059517570473054,9.999993125932257e-08,0.1870456312736239,0.3950246124667582,8.730833205002478e-07,0.0113104255617106,-0.0008812776123628,-0.0010259353713337,73868.0,0.0,0.3353176670488188,0.3418876984675734,0.6056950274603036,0.3727873636982007,0.8999060160301815,0.7507599098712591,0.9806062698694245,0.6116400008802909,0.4303223165562948,0.3928690888518122,100000,30,10,0.1,3.0,0.1,0,9,0.001,1e-06,0.001,1e-07,1.0,1e-08,adamax,0,0.0,disordered,1,0.2110545275455037,0 days 05:32:02.756286,0.0008812849787755,1.8435569878118516,1.600892153007605
388,388,388,388,0.4180637241455752,0.4180637241455752,0.4180637241455752,0.4180637241455752,0.4180637241455752,0.4180637241455752,0.4180637241455752,0.4180637241455752,0.4180637241455752,0.4180637241455752,0.8130185680545714,0.5448426140580214,0.151305647433161,0.5776739224474388,1.000352902916725,0.1859033343506825,0.7585090644699375,0.164077649472072,0.1467702540499779,0.1478398260936044,-0.0005040476071404,-0.0005998677503034,486.0,0.0,0.0368772763332992,0.7042187498065502,0.3157529253221451,0.0226824501927953,0.9126105342355452,0.2363758633618058,0.0934657012940052,0.7382360921493729,0.7714531340477934,0.7713963860397556,100000,30,10,0.1,3.0,0.1,0,9,0.001,1e-06,0.001,1e-07,1.0,1e-08,adamax,0,0.0,disordered,1,0.4201044385159773,0 days 05:32:02.756286,0.0005040526352457,1.6265340621881965,1.6295785117765003
389,389,389,389,0.2337423870891812,0.2337423870891812,0.2337423870891812,0.2337423870891812,0.2337423870891812,0.2337423870891812,0.2337423870891812,0.2337423870891812,0.2337423870891812,0.2337423870891812,0.061893645986468,0.5360809902883484,0.0887557005100511,1.0000475551025594,0.0349695634074435,0.1100061701188278,0.0807151191190266,0.0515016889345075,0.4056292543690565,0.0226478747814247,-0.0007107236981721,-0.0008929606607331,1222.0,0.0,0.6159471154181675,0.0262046336281953,0.5344485508328887,0.960696137510391,0.4552101955437518,0.2965841288519965,0.5573687571007563,0.6323099431721152,0.2975807642435687,0.7748983341978675,100000,30,10,0.1,3.0,0.1,0,9,0.001,1e-06,0.001,1e-07,1.0,1e-08,adamax,0,0.0,disordered,1,0.2359135413562888,0 days 05:32:02.756286,0.0007107374378081,1.9551041085934333,1.6745461470360832
390,390,390,390,0.4317879727332017,0.4317879727332017,0.4317879727332017,0.4317879727332017,0.4317879727332017,0.4317879727332017,0.4317879727332017,0.4317879727332017,0.4317879727332017,0.4317879727332017,1.001707595065435,0.2123315106714735,0.2427769723629215,0.5057292340457493,0.2321908994178964,0.6362568913182918,0.3450494873260892,0.2023430164244062,0.2702577182793992,0.916728654391653,-0.0004923070702827,-0.0005405512910861,376.0,0.0,0.841518314734828,0.0242541429599622,0.1004475902259629,0.500578936546438,0.0589401886932623,0.1958725048835413,0.8725808704046144,0.9985612409743008,0.8424408533718666,0.1644843202275913,100000,30,10,0.1,3.0,0.1,0,9,0.001,1e-06,0.001,1e-07,1.0,1e-08,adamax,0,0.0,disordered,1,0.4310189409645494,0 days 05:32:02.756286,0.0004923076692751,1.4524322532340783,1.5198615028670865
391,391,391,391,0.4606028844202396,0.4606028844202396,0.4606028844202396,0.4606028844202396,0.4606028844202396,0.4606028844202396,0.4606028844202396,0.4606028844202396,0.4606028844202396,0.4606028844202396,0.2405961516743747,0.6491960490532385,1.2622065593519783e-06,0.7456241875312677,0.2380160587062095,0.9515808378668466,0.2305470298586131,0.8729661027240397,3.4798399803564347e-06,0.5467247497623844,-0.0004393210627419,-0.000467709873459,100000.0,0.0,0.8038890366662108,0.5819691893112379,0.9948420345429304,0.2824518866017588,0.901054160049732,0.0161443619646516,0.2219817421092476,0.904326725659339,0.5098987108635635,0.2084307679450512,100000,30,10,0.1,3.0,0.1,0,9,0.001,1e-06,0.001,1e-07,1.0,1e-08,adamax,0,0.0,disordered,1,0.4675229271278365,0 days 05:32:02.756286,0.0004393545218335,1.699433265574494,1.6436663161132778
392,392,392,392,0.3794532847236935,0.3794532847236935,0.3794532847236935,0.3794532847236935,0.3794532847236935,0.3794532847236935,0.3794532847236935,0.3794532847236935,0.3794532847236935,0.3794532847236935,0.116001420202099,0.2235496724916515,0.0426192925975537,0.4492465021887398,0.0391108550333244,1.0000038830433793,0.2408922895801265,0.0746391207815134,0.5674336681947223,0.018124027263959,-0.0005629234838243,-0.0006304547976471,2428.0,0.0,0.6999304023746258,0.3183931156556606,0.589163095201402,0.4156423357712343,0.0804423228665887,0.0639452407496375,0.9134199436822962,0.8685949990490613,0.4580567283612882,0.2402191191679729,100000,30,10,0.1,3.0,0.1,0,9,0.001,1e-06,0.001,1e-07,1.0,1e-08,adamax,0,0.0,disordered,1,0.3783381667891682,0 days 05:32:02.756286,0.0005629252549094,1.681057134658767,1.5757746985169359
393,393,393,393,0.5074705239490462,0.5074705239490462,0.5074705239490462,0.5074705239490462,0.5074705239490462,0.5074705239490462,0.5074705239490462,0.5074705239490462,0.5074705239490462,0.5074705239490462,0.911672569299906,0.6674551384799388,0.2017704328229597,0.6777375072271016,0.2003823146358028,0.2604273896736626,0.4075462867929711,1.0001999554466825,0.420070586286794,0.2104818799210222,-0.0004123926273356,-0.0004691426789565,401.0,0.0,0.1331714742981344,0.9575853826117988,0.5403821544940877,0.0077069788216748,0.6256191561345337,0.7575658146244825,0.3039540231419534,0.9799665572099168,0.058976470767368,0.1117238983214603,100000,30,10,0.1,3.0,0.1,0,9,0.001,1e-06,0.001,1e-07,1.0,1e-08,adamax,0,0.0,disordered,1,0.5128512075704003,0 days 05:32:02.756286,0.0004124099092947,1.5863000065850819,1.5545276168048217
394,394,394,394,0.1988827856988807,0.1988827856988807,0.1988827856988807,0.1988827856988807,0.1988827856988807,0.1988827856988807,0.1988827856988807,0.1988827856988807,0.1988827856988807,0.1988827856988807,1.8580973921675608e-06,1.0638400949254022e-06,1.3049730377550417e-05,0.223891318957535,0.0559295319870771,3.3804391355506024e-06,0.6074534403754677,0.0339471328444228,7.124585285814264e-06,0.1589701945883825,-0.0009730021653317,-0.0011949164946824,10474.0,1.0,0.603831803552466,0.4624899048622172,0.3695936464390237,0.6963669060780433,0.928911149355404,0.8603804184889041,0.7266129329024038,0.2893298787520199,0.3035754278572405,0.1781486816960641,100000,30,10,0.1,3.0,0.1,0,9,0.001,1e-06,0.001,1e-07,1.0,1e-08,adamax,0,0.0,disordered,1,0.1971151625559619,0 days 05:32:02.756286,0.0009730301984404,1.737386708487085,1.4801835786117883
395,395,395,395,0.4047756965997316,0.4047756965997316,0.4047756965997316,0.4047756965997316,0.4047756965997316,0.4047756965997316,0.4047756965997316,0.4047756965997316,0.4047756965997316,0.4047756965997316,0.2390522157572495,0.0902357847199271,0.0799010694262379,0.7913971242664567,0.5000917237022287,0.6434543863866266,0.0576470200548308,1.0000849926503923,0.0557631793867251,0.0662469874614485,-0.0004992963037897,-0.0005698946650011,1037.0,0.0,0.8756895613363475,0.6768213378604695,0.5757831895041652,0.0701672526727372,0.8484925448291497,0.1448534997231394,0.5095451291667785,0.9355100792268508,0.3574547742171649,0.4576486448906808,100000,30,10,0.1,3.0,0.1,0,9,0.001,1e-06,0.001,1e-07,1.0,1e-08,adamax,0,0.0,disordered,1,0.4060326688574414,0 days 05:32:02.756286,0.000499297760317,1.7741541563208438,1.6805333064577088
396,396,396,396,0.3557150206821381,0.3557150206821381,0.3557150206821381,0.3557150206821381,0.3557150206821381,0.3557150206821381,0.3557150206821381,0.3557150206821381,0.3557150206821381,0.3557150206821381,1.0001446283386977,0.119717948526963,0.1135377563857616,0.1045651781302472,0.1040509831779427,0.3048430983280693,0.5040592823250798,0.1437741656076309,0.908163613822458,0.1212883304682078,-0.0005265591811967,-0.000608106762613,607.0,0.0,0.9447030141551648,0.2973425907157143,0.4522681555553598,0.381264433246623,0.407176822363004,0.4311905702831072,0.9909251799832076,0.8054271184567908,0.0408023291092698,0.6091725876977999,100000,30,10,0.1,3.0,0.1,0,9,0.001,1e-06,0.001,1e-07,1.0,1e-08,adamax,0,0.0,disordered,1,0.3577448832218639,0 days 05:32:02.756286,0.0005265646432085,1.6046683037408103,1.5672782838763157
397,397,397,397,0.2054117348353062,0.2054117348353062,0.2054117348353062,0.2054117348353062,0.2054117348353062,0.2054117348353062,0.2054117348353062,0.2054117348353062,0.2054117348353062,0.2054117348353062,4.477750652716597e-05,0.8817981295720045,1.334782564802638e-05,0.0577192309677085,0.3508673155547765,1.7106369349617655e-05,7.116971994972273e-06,0.4957690549321694,0.0283449780061597,2.9495618933619096e-05,-0.0008805045051985,-0.0010856295844596,8423.0,1.0,0.0117547122692966,0.0783087638927918,0.5831792867219203,0.6205908503134709,0.1705372380655809,0.4032293846380065,0.360509845853903,0.7038513879430254,0.4198563038021821,0.3845682407265546,100000,30,10,0.1,3.0,0.1,0,9,0.001,1e-06,0.001,1e-07,1.0,1e-08,adamax,0,0.0,disordered,1,0.2087363552673755,0 days 05:32:02.756286,0.000880570502555,2.1470681428557974,1.6734234399081627
398,398,398,398,0.2659804395593755,0.2659804395593755,0.2659804395593755,0.2659804395593755,0.2659804395593755,0.2659804395593755,0.2659804395593755,0.2659804395593755,0.2659804395593755,0.2659804395593755,0.0695766548976321,0.1022979077694615,0.2099625236303765,2.128256906721074e-07,0.1985160491963935,0.2841749543774604,2.632669944402507e-07,0.5274218527200198,0.1962126754601691,3.7667507223621057e-07,-0.0007124413661325,-0.0008061647934249,100000.0,0.0,0.8254942886658027,0.6685329114974272,0.1107462968168769,0.5398995705201489,0.2246724106827123,0.2698871709329439,0.6128847196823363,0.8651806171917678,0.3588239467283936,0.5217412887033186,100000,30,10,0.1,3.0,0.1,0,9,0.001,1e-06,0.001,1e-07,1.0,1e-08,adamax,0,0.0,disordered,1,0.2668266129378354,0 days 05:32:02.756286,0.0007124432546172,2.3012655800078807,1.6798695770394252
399,399,399,399,0.1747772774464679,0.1747772774464679,0.1747772774464679,0.1747772774464679,0.1747772774464679,0.1747772774464679,0.1747772774464679,0.1747772774464679,0.1747772774464679,0.1747772774464679,0.5353274872535478,0.8722882215782125,0.1911763823881007,0.1385711180228741,0.2497884517995899,2.404974473629361e-06,0.0598054328222504,4.271295571483734e-06,5.012037360912054e-06,0.0714065156106734,-0.0010329926007773,-0.0015954243243003,9059.0,1.0,0.0780990026556265,0.7741300326825525,0.1734021894217381,0.3985102239098461,0.2744210850174291,0.5193636535366862,0.2995704625754152,0.4683101527284676,0.4409953107360257,0.6131035871577232,100000,30,10,0.1,3.0,0.1,0,9,0.001,1e-06,0.001,1e-07,1.0,1e-08,adamax,0,0.0,disordered,1,0.1745180607507227,0 days 05:32:02.756286,0.0010329936769876,2.1220270549940614,1.7051952192228472
400,400,400,400,0.2747120789270809,0.2747120789270809,0.2747120789270809,0.2747120789270809,0.2747120789270809,0.2747120789270809,0.2747120789270809,0.2747120789270809,0.2747120789270809,0.2747120789270809,0.0343015182869738,0.1011938861878424,0.0511289920634999,0.354405768336937,0.3050222878313516,1.0000735368753395,0.071539181264924,0.1637412409806551,0.0356352501896005,0.0802076891535059,-0.0006574845875621,-0.0008449464257057,923.0,0.0,0.6889362944750851,0.5315913557048402,0.7426015513347075,0.89760034510713,0.4578206884284567,0.0327799627638567,0.7668989494699516,0.4590148296163564,0.7825713013777795,0.8535599729288764,100000,30,10,0.1,3.0,0.1,0,9,0.001,1e-06,0.001,1e-07,1.0,1e-08,adamax,0,0.0,disordered,1,0.2739857825444985,0 days 05:32:02.756286,0.0006574858284458,2.1815707379249543,1.7844130536301626
401,401,401,401,0.4180637241455752,0.4180637241455752,0.4180637241455752,0.4180637241455752,0.4180637241455752,0.4180637241455752,0.4180637241455752,0.4180637241455752,0.4180637241455752,0.4180637241455752,0.381768359606317,0.3559182493380723,0.2868096807926204,0.183748746028871,0.1651154795289552,0.1500404591971411,1.0009591454026343,0.2707732506446156,0.1514564149884087,0.812284234250808,-0.000509795787495,-0.0005837730021289,446.0,0.0,0.0768661860969489,0.3981452439674036,0.7405724890116195,0.451693757665647,0.4513610953619369,0.4785476144524054,0.9884437030222668,0.2399492332747925,0.1631818548705969,0.7673370133500969,100000,30,10,0.1,3.0,0.1,0,9,0.001,1e-06,0.001,1e-07,1.0,1e-08,adamax,0,0.0,disordered,1,0.4202461656702134,0 days 05:32:02.756286,0.0005098015962548,1.5248422355341031,1.5409941709129529
402,402,402,402,0.2414157116103016,0.2414157116103016,0.2414157116103016,0.2414157116103016,0.2414157116103016,0.2414157116103016,0.2414157116103016,0.2414157116103016,0.2414157116103016,0.2414157116103016,0.0441513430091988,0.8251954391912002,0.2777181267000639,5.56238830455019e-05,0.7876106129975575,0.0136149297473149,0.2103547367249811,0.1142111008592477,3.640396357053019e-05,0.3414536794907681,-0.0007736447345786,-0.000899875569164,8368.0,1.0,0.8394313855581875,0.0456307130379749,0.6133129324395125,0.8572995983522452,0.7181674555528159,0.1473417427558361,0.1679588803086876,0.4458328913533708,0.3733582963325904,0.1682323792248768,100000,30,10,0.1,3.0,0.1,0,9,0.001,1e-06,0.001,1e-07,1.0,1e-08,adamax,0,0.0,disordered,1,0.2408864080224828,0 days 05:32:02.756286,0.0007736462817574,1.8633407801533097,1.6633083960971398
403,403,403,403,0.4317879727332017,0.4317879727332017,0.4317879727332017,0.4317879727332017,0.4317879727332017,0.4317879727332017,0.4317879727332017,0.4317879727332017,0.4317879727332017,0.4317879727332017,0.2136556235238924,0.1891496062687829,0.3246635311628192,0.2142490871028385,1.0000135096433342,0.2670460141052796,0.2060554546388473,0.3327054241728729,0.5606401323424355,0.3693086506317313,-0.00050034445909,-0.0005339286254693,511.0,0.0,0.5188531758251657,0.1897948285479452,0.0767443040575475,0.490228514256099,0.9394881155284912,0.1529961204234934,0.1987775029263786,0.5108366387648576,0.9481088718036756,0.4515361091385279,100000,30,10,0.1,3.0,0.1,0,9,0.001,1e-06,0.001,1e-07,1.0,1e-08,adamax,0,0.0,disordered,1,0.4290583708518304,0 days 05:32:02.756286,0.0005003524974143,1.66481802502262,1.5899502616676702
404,404,404,404,0.333461801578636,0.333461801578636,0.333461801578636,0.333461801578636,0.333461801578636,0.333461801578636,0.333461801578636,0.333461801578636,0.333461801578636,0.333461801578636,0.5069837803147048,0.0069578555896229,0.1813885237425715,0.5799418385045679,2.396617076787801e-05,0.2911867907878868,0.9299510314533054,0.0810480192230525,0.023482098285576,1.6455001171106168e-05,-0.0006217519987137,-0.0007755988468772,8099.0,1.0,0.2108011008155037,0.5748792763458139,0.3227719804758109,0.114826221392745,0.6288290534653564,0.4344524935734064,0.955836690367052,0.3841124741955217,0.1527400103484669,0.3235214770355218,100000,30,10,0.1,3.0,0.1,0,9,0.001,1e-06,0.001,1e-07,1.0,1e-08,adamax,0,0.0,disordered,1,0.331043590945351,0 days 05:32:02.756286,0.0006217646111123,1.926179371925905,1.5784742014750086
405,405,405,405,0.2575263326771198,0.2575263326771198,0.2575263326771198,0.2575263326771198,0.2575263326771198,0.2575263326771198,0.2575263326771198,0.2575263326771198,0.2575263326771198,0.2575263326771198,0.1716900984987688,4.05656874056084e-05,0.3268524230277654,1.392873967672911e-07,0.0768491309985039,3.691377957802159e-07,0.1052969103519025,0.5354840879525353,9.999944543159289e-08,0.901972601555287,-0.0006879786760711,-0.0008429056276716,41219.0,0.0,0.478705397109699,0.2896744681672416,0.4236043653007638,0.7058796814751347,0.7649841990679365,0.5913785395004015,0.4819788990360973,0.1144645956674915,0.6681019572037156,0.2315605713434018,100000,30,10,0.1,3.0,0.1,0,9,0.001,1e-06,0.001,1e-07,1.0,1e-08,adamax,0,0.0,disordered,1,0.2548260196181871,0 days 05:32:02.756286,0.000687998491054,2.482247445467146,1.5672740377382492
406,406,406,406,0.2191196687578146,0.2191196687578146,0.2191196687578146,0.2191196687578146,0.2191196687578146,0.2191196687578146,0.2191196687578146,0.2191196687578146,0.2191196687578146,0.2191196687578146,0.4467230968795775,2.454852049038148e-05,0.4744769880770601,0.3860324430055615,1.912514828825832e-05,1.6085174615335357e-05,0.666174025673568,3.0817438613626776e-05,0.0002452754130342,0.1701204353539161,-0.000874427308229,-0.001049821756786,8224.0,1.0,0.7390020615307508,0.9544489617011576,0.8544794496351783,0.2752854311959272,0.4633228012303384,0.4448150007803281,0.7695702694079896,0.4177353826609133,0.3523804298155346,0.5876489041153224,100000,30,10,0.1,3.0,0.1,0,9,0.001,1e-06,0.001,1e-07,1.0,1e-08,adamax,0,0.0,disordered,1,0.2179276969294172,0 days 05:32:02.756286,0.0008744368981502,1.6093799529138764,1.684109156359802
407,407,407,407,0.1638433645577982,0.1638433645577982,0.1638433645577982,0.1638433645577982,0.1638433645577982,0.1638433645577982,0.1638433645577982,0.1638433645577982,0.1638433645577982,0.1638433645577982,0.6452825959968536,0.0002616595080618,7.583943471204101e-05,6.243552994065583e-06,0.4509015656124077,0.1370269986498155,0.2963286063398567,2.064041490303547e-06,6.103448433102158e-06,2.083250354042433e-06,-0.0010260017042674,-0.001310107646557,8731.0,1.0,0.5700373507724078,0.8437694751711267,0.9270465241719712,0.8580380618820481,0.9901759181550464,0.5752218574086545,0.4132837074807526,0.7075600902013015,0.8685163119647893,0.7130143259681695,100000,30,10,0.1,3.0,0.1,0,9,0.001,1e-06,0.001,1e-07,1.0,1e-08,adamax,0,0.0,disordered,1,0.1653775586271266,0 days 05:32:02.756286,0.0010260255589787,2.003640609575164,1.6900568466474577
408,408,408,408,0.3228628202536728,0.3228628202536728,0.3228628202536728,0.3228628202536728,0.3228628202536728,0.3228628202536728,0.3228628202536728,0.3228628202536728,0.3228628202536728,0.3228628202536728,4.995534117417128e-05,0.4527411557444047,0.5226318495359846,3.2598753818414123e-06,2.6459030741658333e-06,1.2815464241209389e-05,0.3287995137081502,0.8756730428778775,0.0303861703557506,0.4831122376862611,-0.0005726626815487,-0.0007059294051429,7903.0,1.0,0.5777545556052495,0.1626708743365238,0.7240797155870501,0.9090844381539972,0.4600232907566758,0.8684837932574364,0.5933301678821135,0.2654987928559305,0.980302087071833,0.7439096253516175,100000,30,10,0.1,3.0,0.1,0,9,0.001,1e-06,0.001,1e-07,1.0,1e-08,adamax,0,0.0,disordered,1,0.319853301380949,0 days 05:32:02.756286,0.0005726757388949,2.237298920251311,1.6667164361995475
409,409,409,409,0.3228628202536728,0.3228628202536728,0.3228628202536728,0.3228628202536728,0.3228628202536728,0.3228628202536728,0.3228628202536728,0.3228628202536728,0.3228628202536728,0.3228628202536728,0.4042422218343815,0.1695195494704306,0.2289954563208716,0.3681738233930415,0.000101527479033,0.0933625310804556,0.2197572927464981,0.2925384131919504,0.4187052918685896,0.6418197230744965,-0.0006105182601898,-0.000668182699144,7833.0,1.0,0.9795252067723554,0.6100530758570066,0.7432085107373737,0.2743893831586442,0.528768332327481,0.3843675888443327,0.685815770505385,0.9425531853188596,0.5579147457481594,0.0067021813154815,100000,30,10,0.1,3.0,0.1,0,9,0.001,1e-06,0.001,1e-07,1.0,1e-08,adamax,0,0.0,disordered,1,0.3268912788031464,0 days 05:32:02.756286,0.0006105516493593,1.741320187517419,1.5486810473538666
410,410,410,410,0.1586356533508588,0.1586356533508588,0.1586356533508588,0.1586356533508588,0.1586356533508588,0.1586356533508588,0.1586356533508588,0.1586356533508588,0.1586356533508588,0.1586356533508588,0.2303175561920367,0.0167223480281047,9.999800238995029e-08,2.0428818860112777e-07,0.4441792336306871,0.4558234323899415,1.979611623842589e-07,1.933541481400728e-07,1.3940695997909688e-07,0.4299872914216232,-0.0007945582267445,-0.0009558941510325,25722.0,0.0,0.3157447487468376,0.5393754406066464,0.7927550561613438,0.5851494185583955,0.2004989269701369,0.6086739255337252,0.8785329218706656,0.5196576168317664,0.8446810793024534,0.5367725491017408,100000,30,10,0.1,3.0,0.1,0,9,0.001,1e-06,0.001,1e-07,1.0,1e-08,adamax,0,0.0,disordered,1,0.1588301626846604,0 days 05:32:02.756286,0.0007945584378015,2.5275284756662795,1.7776019484513652
411,411,411,411,0.4317879727332017,0.4317879727332017,0.4317879727332017,0.4317879727332017,0.4317879727332017,0.4317879727332017,0.4317879727332017,0.4317879727332017,0.4317879727332017,0.4317879727332017,0.7810862355485132,1.000448735746707,0.4472086222791928,0.3428265442492819,0.2343623546046288,0.143003071809355,0.6767692562476579,0.1437460198416254,0.184425667959273,0.9880166049605952,-0.0004573416495918,-0.0005436835120047,480.0,0.0,0.0623806444892994,0.9740497216217924,0.0443351207676094,0.2788677951042795,0.6496983544362016,0.8143035604229114,0.2143998146561042,0.8709662011441918,0.7041999841816713,0.0892101155075248,100000,30,10,0.1,3.0,0.1,0,9,0.001,1e-06,0.001,1e-07,1.0,1e-08,adamax,0,0.0,disordered,1,0.4258872522154788,0 days 05:32:02.756286,0.0004573686699039,1.6532134750115082,1.5715734031435082
412,412,412,412,0.3919100249433399,0.3919100249433399,0.3919100249433399,0.3919100249433399,0.3919100249433399,0.3919100249433399,0.3919100249433399,0.3919100249433399,0.3919100249433399,0.3919100249433399,1.0005441896166882,0.0587906327610404,0.1085021174376756,0.0584644248902512,0.3850133496554075,0.0581069169891185,0.790099705306836,0.1929204828481445,0.0709631425499098,0.9961178824905796,-0.000480859093856,-0.0006129108685131,831.0,0.0,0.443404841571228,0.888556139924945,0.4476377740232786,0.8643357016188029,0.208028473648042,0.8729712189375171,0.6978724220509919,0.0260082553528578,0.1050460408884276,0.7372771680981177,100000,30,10,0.1,3.0,0.1,0,9,0.001,1e-06,0.001,1e-07,1.0,1e-08,adamax,0,0.0,disordered,1,0.3894415257437905,0 days 05:32:02.756286,0.0004808640912636,1.8260760170365582,1.6433478477027192
413,413,413,413,0.4047756965997316,0.4047756965997316,0.4047756965997316,0.4047756965997316,0.4047756965997316,0.4047756965997316,0.4047756965997316,0.4047756965997316,0.4047756965997316,0.4047756965997316,0.5401994273832007,0.1218968130117466,1.0000007721279869,0.0726328640547049,0.0595779699510754,0.4924069939316345,0.722950248883907,0.0685240984822173,0.577760145988324,0.1065395473303262,-0.000495525169361,-0.0005575747464412,1309.0,0.0,0.8387652840941259,0.370744818252592,0.2664376532277743,0.9740513397038838,0.8470511746955247,0.9963015274446064,0.1755721556118751,0.508987638561795,0.097202802981983,0.6792269818519482,100000,30,10,0.1,3.0,0.1,0,9,0.001,1e-06,0.001,1e-07,1.0,1e-08,adamax,0,0.0,disordered,1,0.405066343448169,0 days 05:32:02.756286,0.0004955252185351,1.6660810664729357,1.6017876961749618
414,414,414,414,0.2414157116103016,0.2414157116103016,0.2414157116103016,0.2414157116103016,0.2414157116103016,0.2414157116103016,0.2414157116103016,0.2414157116103016,0.2414157116103016,0.2414157116103016,0.5228035091850686,0.0166291499568858,1.0002456101396338,0.1737742767264646,0.0228028642050332,0.0190852968694561,0.4607523695847115,0.0160521808569386,0.0183765968358469,0.0174381079232185,-0.0008602866024237,-0.0012445727590186,1395.0,0.0,0.4061118564358863,0.0850005313577458,0.1526317251226819,0.910299374681492,0.8768903554469762,0.9551525228261156,0.8965535951168451,0.5351546363255458,0.515455733158423,0.5871028732238763,100000,30,10,0.1,3.0,0.1,0,9,0.001,1e-06,0.001,1e-07,1.0,1e-08,adamax,0,0.0,disordered,1,0.2396953599421335,0 days 05:32:02.756286,0.0008603050972903,1.4760780387165895,1.4719703047052053
415,415,415,415,0.2837303616516209,0.2837303616516209,0.2837303616516209,0.2837303616516209,0.2837303616516209,0.2837303616516209,0.2837303616516209,0.2837303616516209,0.2837303616516209,0.2837303616516209,0.5415961207628053,0.3995071971600312,5.5872101735943966e-05,0.0002023716683121,0.5048920678707559,0.8952274879599028,0.0001289217623322,0.5187445277582513,0.1539444547109703,0.3849177506841876,-0.0005408749817557,-0.0006120737484954,7717.0,1.0,0.7668237644363374,0.1977185743600077,0.4451151522347814,0.3975934206429982,0.7896529458900853,0.045998356855588,0.6402027140035832,0.0887070636110953,0.5421498286417926,0.2224473832800946,100000,30,10,0.1,3.0,0.1,0,9,0.001,1e-06,0.001,1e-07,1.0,1e-08,adamax,0,0.0,disordered,1,0.2821995602813147,0 days 05:32:02.756286,0.0005408779779427,1.7958607500291603,1.7364967632398076
416,416,416,416,0.293044697697214,0.293044697697214,0.293044697697214,0.293044697697214,0.293044697697214,0.293044697697214,0.293044697697214,0.293044697697214,0.293044697697214,0.293044697697214,1.0004053275611329,0.3483854643431724,0.0891131784056832,0.0959616789705445,0.5447621061587229,0.0751872269273969,0.4902292358756033,0.0763821073121573,0.0999416887000995,0.7898212017043548,-0.0005824285682421,-0.0007243545721855,599.0,0.0,0.9775771675428512,0.1337770573080597,0.3215407232104753,0.2104542570814508,0.2592652477594613,0.6798966146732351,0.0686101487521969,0.6204432240171837,0.5210326863650419,0.0479173199134617,100000,30,10,0.1,3.0,0.1,0,9,0.001,1e-06,0.001,1e-07,1.0,1e-08,adamax,0,0.0,disordered,1,0.2959374765051812,0 days 05:32:02.756286,0.0005824416445652,1.7238376247870424,1.6298580194300314
417,417,417,417,0.2747120789270809,0.2747120789270809,0.2747120789270809,0.2747120789270809,0.2747120789270809,0.2747120789270809,0.2747120789270809,0.2747120789270809,0.2747120789270809,0.2747120789270809,0.987332967804864,0.0013773712570212,0.4500882737910763,0.0583624952302942,0.3219451109294164,0.9375721173856228,3.8715876374163774e-05,5.868328215746175e-05,0.113135586767138,0.2799686140653254,-0.0006858956517786,-0.0008120675587461,8187.0,1.0,0.9477142052086226,0.4848109501995765,0.0552227853994373,0.5430994458188134,0.3849288534581921,0.1053313431245639,0.7779611767655182,0.8869022045397801,0.7002695496615222,0.4575697830924936,100000,30,10,0.1,3.0,0.1,0,9,0.001,1e-06,0.001,1e-07,1.0,1e-08,adamax,0,0.0,disordered,1,0.2728878468520008,0 days 05:32:02.756286,0.0006859049911543,1.9161402103268528,1.6688758554167862
418,418,418,418,0.4606028844202396,0.4606028844202396,0.4606028844202396,0.4606028844202396,0.4606028844202396,0.4606028844202396,0.4606028844202396,0.4606028844202396,0.4606028844202396,0.4606028844202396,1.0010855114689536,0.2098594378852696,0.3388032285208219,0.2077167031810368,0.3750860719785691,0.1959751854551317,0.2551050089039814,0.2196435001553942,0.5658197921612964,0.9340866239496964,-0.000450322239791,-0.0005301363025689,369.0,0.0,0.8279043825811457,0.0228108001645128,0.2168319095813321,0.5835180776469203,0.1919119630154349,0.6599521583299469,0.4842590997345396,0.818860080709731,0.9829739193633368,0.0562300084333338,100000,30,10,0.1,3.0,0.1,0,9,0.001,1e-06,0.001,1e-07,1.0,1e-08,adamax,0,0.0,disordered,1,0.4601740918851659,0 days 05:32:02.756286,0.0004503224323887,1.5593194067109744,1.5385973602965235
419,419,419,419,0.2191196687578146,0.2191196687578146,0.2191196687578146,0.2191196687578146,0.2191196687578146,0.2191196687578146,0.2191196687578146,0.2191196687578146,0.2191196687578146,0.2191196687578146,0.051436288427335,0.6479111138517408,0.249204141516006,0.0001112838846127,0.3670291525673613,1.955767558825795e-05,0.9335269834530612,0.1445189555192798,0.1248291328344193,1.368018678890046e-05,-0.0006582084043392,-0.000785086813972,7724.0,1.0,0.7374439039462058,0.0605299613106001,0.5366332415027617,0.3574310256945521,0.477786134856731,0.7429309261481368,0.0060714017867887,0.6322373208429781,0.8776752987789853,0.8889077610091979,100000,30,10,0.1,3.0,0.1,0,9,0.001,1e-06,0.001,1e-07,1.0,1e-08,adamax,0,0.0,disordered,1,0.2203737589642261,0 days 05:32:02.756286,0.0006582127657463,2.247453133791799,1.8647507503685918
420,420,420,420,0.4180637241455752,0.4180637241455752,0.4180637241455752,0.4180637241455752,0.4180637241455752,0.4180637241455752,0.4180637241455752,0.4180637241455752,0.4180637241455752,0.4180637241455752,0.1806943522673689,0.4484986448082538,0.2384646401153633,0.8062852897798887,0.270069642909769,1.0000462300411197,0.2711448695074969,0.5849796094951499,0.228053207268476,0.2780585124258935,-0.000423756153641,-0.0004609007797309,440.0,0.0,0.5089284620972206,0.6478809576340099,0.1556323125427124,0.2068350038228429,0.9780836291940408,0.0356991540319092,0.9092382284920736,0.2672374227202893,0.5307924500262473,0.2355793896833975,100000,30,10,0.1,3.0,0.1,0,9,0.001,1e-06,0.001,1e-07,1.0,1e-08,adamax,0,0.0,disordered,1,0.4225071881312524,0 days 05:32:02.756286,0.0004237667734919,1.6857585717743029,1.6748838135776407
421,421,421,421,0.3919100249433399,0.3919100249433399,0.3919100249433399,0.3919100249433399,0.3919100249433399,0.3919100249433399,0.3919100249433399,0.3919100249433399,0.3919100249433399,0.3919100249433399,1.0004690008841834,0.2391954924263029,0.1832733389248349,0.1847587334017932,0.178556514643947,0.6891229101692786,0.1664994484298863,0.161173763577036,0.2985381367850239,0.9102445095402356,-0.0005298176807014,-0.000616220325358,415.0,0.0,0.0901000589145878,0.8642026280397647,0.6317141650569772,0.876657615352935,0.6312930919644297,0.7195131777345785,0.1178494397021134,0.0080913134267293,0.0872828867116046,0.8508026412379843,100000,30,10,0.1,3.0,0.1,0,9,0.001,1e-06,0.001,1e-07,1.0,1e-08,adamax,0,0.0,disordered,1,0.3957106196746919,0 days 05:32:02.756286,0.0005298373626248,1.4818876850092337,1.4940751914179955
422,422,422,422,0.4757236139187883,0.4757236139187883,0.4757236139187883,0.4757236139187883,0.4757236139187883,0.4757236139187883,0.4757236139187883,0.4757236139187883,0.4757236139187883,0.4757236139187883,0.2142915551970645,0.2047554160081282,0.2028472142150748,0.2351098849801234,0.2753173804024136,0.243855739241578,0.8648939727972765,0.2621133523511956,0.4283811790516287,1.00034974781495,-0.0004442372962569,-0.000495699566982,405.0,0.0,0.033078484054218,0.097327803329519,0.1038749459723467,0.0650983777042751,0.3313407450886593,0.5978040048406219,0.916582533279836,0.17015582681389,0.0494699350626028,0.9646569145800296,100000,30,10,0.1,3.0,0.1,0,9,0.001,1e-06,0.001,1e-07,1.0,1e-08,adamax,0,0.0,disordered,1,0.4721965890350908,0 days 05:32:02.756286,0.000444246738434,1.5204795033001723,1.53028884675324
423,423,423,423,0.4047756965997316,0.4047756965997316,0.4047756965997316,0.4047756965997316,0.4047756965997316,0.4047756965997316,0.4047756965997316,0.4047756965997316,0.4047756965997316,0.4047756965997316,1.000616538295894,0.1943081732380642,0.1729168930486136,0.5102898771544531,0.3928095664488152,0.4739818592854938,0.6326204263958903,0.3426634526944174,0.2192394470903554,0.4123503510040442,-0.0004996169829226,-0.0005226555830071,466.0,0.0,0.1397394755912353,0.7383568155103292,0.9288728859304648,0.410150121628493,0.985694627080419,0.3127921117733295,0.1647179687027753,0.8604756114186567,0.6569436959729558,0.3024521432812769,100000,30,10,0.1,3.0,0.1,0,9,0.001,1e-06,0.001,1e-07,1.0,1e-08,adamax,0,0.0,disordered,1,0.4032689842949707,0 days 05:32:02.756286,0.0004996194196318,1.6332047122658364,1.5951464490241605
424,424,424,424,0.2191196687578146,0.2191196687578146,0.2191196687578146,0.2191196687578146,0.2191196687578146,0.2191196687578146,0.2191196687578146,0.2191196687578146,0.2191196687578146,0.2191196687578146,0.0880314729727751,0.5405153412667673,0.0425116565828729,0.0127424300049356,0.2174132867834622,1.9802488059369721e-07,0.0381913373857932,0.6450195673022275,0.125644964365875,6.423463946379591e-07,-0.0008228075490688,-0.0009965502585239,100000.0,0.0,0.0392289274013856,0.297639526640463,0.6244075956757914,0.5703928005178455,0.2740402596437613,0.4171649006978538,0.3383073762088127,0.0760985783527971,0.6413694409016957,0.5403388269281143,100000,30,10,0.1,3.0,0.1,0,9,0.001,1e-06,0.001,1e-07,1.0,1e-08,adamax,0,0.0,disordered,1,0.2192622031938306,0 days 05:32:02.756286,0.0008228076209674,2.180706429045003,1.6646179349407968
425,425,425,425,0.3026648059395688,0.3026648059395688,0.3026648059395688,0.3026648059395688,0.3026648059395688,0.3026648059395688,0.3026648059395688,0.3026648059395688,0.3026648059395688,0.3026648059395688,0.5465643223924402,1.5965827067972431e-06,1.955386049753647e-06,5.539904169889867e-06,0.1535934608779159,0.7805060092947079,0.2272059493554225,5.88304419437973e-05,0.2753025448250462,0.2803704222043759,-0.0006572304032083,-0.0008090657820059,8133.0,1.0,0.868269939434009,0.805147555387551,0.4031840261888079,0.7671894166866913,0.6234453362787614,0.9160253701982888,0.2260529647564922,0.3015135560709335,0.4814674968405427,0.1361810193696396,100000,30,10,0.1,3.0,0.1,0,9,0.001,1e-06,0.001,1e-07,1.0,1e-08,adamax,0,0.0,disordered,1,0.3049495875906255,0 days 05:32:02.756286,0.0006572439443119,1.8084190829354994,1.5987809572635745
426,426,426,426,0.293044697697214,0.293044697697214,0.293044697697214,0.293044697697214,0.293044697697214,0.293044697697214,0.293044697697214,0.293044697697214,0.293044697697214,0.293044697697214,0.0878615360116637,0.3148791025485151,0.1173470371767959,0.1317940446942773,1.0003375154149134,0.2125195090179325,0.1213908500775643,0.5414110198955553,0.1760298923364445,0.0857125038351884,-0.0005885004638125,-0.0006948991695494,586.0,0.0,0.5786358154326687,0.3945728051585766,0.7390275440182333,0.8049961602735147,0.097440937207325,0.9958274747499029,0.783059412368617,0.7552922076196017,0.2436965995655647,0.255313277822048,100000,30,10,0.1,3.0,0.1,0,9,0.001,1e-06,0.001,1e-07,1.0,1e-08,adamax,0,0.0,disordered,1,0.292962340477464,0 days 05:32:02.756286,0.00058850044418,1.7520872517264872,1.679255847728059
427,427,427,427,0.333461801578636,0.333461801578636,0.333461801578636,0.333461801578636,0.333461801578636,0.333461801578636,0.333461801578636,0.333461801578636,0.333461801578636,0.333461801578636,1.0006592105873735,0.2617414610973632,0.6319079105430365,0.0866482460863831,0.2074317473107824,0.0885097038287072,0.0972868455291422,0.1197460878651059,0.5200204721936104,0.5982243040165899,-0.0005888957186639,-0.0006996168461355,595.0,0.0,0.8780696461448481,0.0474392181398537,0.1213003874962951,0.6042273808478984,0.2366047924505466,0.519481781434452,0.5303635051339174,0.4009237345058491,0.7996211312769392,0.2024393779900505,100000,30,10,0.1,3.0,0.1,0,9,0.001,1e-06,0.001,1e-07,1.0,1e-08,adamax,0,0.0,disordered,1,0.3384919192996672,0 days 05:32:02.756286,0.0005889414240491,1.7171749690087061,1.5995304609243581
428,428,428,428,0.2493409369951876,0.2493409369951876,0.2493409369951876,0.2493409369951876,0.2493409369951876,0.2493409369951876,0.2493409369951876,0.2493409369951876,0.2493409369951876,0.2493409369951876,0.0953122796842931,0.2153711726996889,1.0001098508204231,0.2329203081826698,0.0600742062167769,0.0354721220312374,0.0442603264714613,0.0506719902538391,0.0361341359619009,0.5971135191020753,-0.0007943692788717,-0.0010849154172561,998.0,0.0,0.7549940596570428,0.4142712055183708,0.9037871628105756,0.1545010690876436,0.2283075734778952,0.3284351138941715,0.2082114225106698,0.3052946724139943,0.3839912012958899,0.7772702834581381,100000,30,10,0.1,3.0,0.1,0,9,0.001,1e-06,0.001,1e-07,1.0,1e-08,adamax,0,0.0,disordered,1,0.2515978577928812,0 days 05:32:02.756286,0.0007943938888602,1.8520550313762272,1.6189343045144935
429,429,429,429,0.333461801578636,0.333461801578636,0.333461801578636,0.333461801578636,0.333461801578636,0.333461801578636,0.333461801578636,0.333461801578636,0.333461801578636,0.333461801578636,0.0708791215097506,0.0022715153948223,0.387541309569948,8.659204916198206e-05,0.5649841476594404,0.6592985872044125,0.3812205107568078,0.2024017249948136,0.0004754250824342,0.3100978750980523,-0.00062001793541,-0.0007119116266888,8213.0,1.0,0.6941896989008876,0.78313027329173,0.5499592443768622,0.2908792486391455,0.14391926437249,0.95166470313576,0.6264611249987306,0.2094205563865516,0.307021602556112,0.5711078240273729,100000,30,10,0.1,3.0,0.1,0,9,0.001,1e-06,0.001,1e-07,1.0,1e-08,adamax,0,0.0,disordered,1,0.3364371909783204,0 days 05:32:02.756286,0.0006200374310747,1.7197819115787476,1.6471880920780342
430,430,430,430,0.3026648059395688,0.3026648059395688,0.3026648059395688,0.3026648059395688,0.3026648059395688,0.3026648059395688,0.3026648059395688,0.3026648059395688,0.3026648059395688,0.3026648059395688,0.0659603155538635,0.3170731052185165,0.2230797511149887,0.1710038165761181,0.7285868364985582,0.2117251683214186,5.882745822743131e-05,0.0342694527301003,7.95124762814137e-06,0.8900751110766758,-0.0006717421482327,-0.0008048057593321,8011.0,1.0,0.4642153340076552,0.0443982716617367,0.3087127172689884,0.570101021446974,0.8113968835651177,0.1923760426349848,0.2362920343534394,0.4211772546111664,0.2909983679153783,0.8314709667747209,100000,30,10,0.1,3.0,0.1,0,9,0.001,1e-06,0.001,1e-07,1.0,1e-08,adamax,0,0.0,disordered,1,0.3005034748205213,0 days 05:32:02.756286,0.000671755222742,1.879246456807775,1.6194748927440594
431,431,431,431,0.2337423870891812,0.2337423870891812,0.2337423870891812,0.2337423870891812,0.2337423870891812,0.2337423870891812,0.2337423870891812,0.2337423870891812,0.2337423870891812,0.2337423870891812,0.0168122732110374,0.1927612979616645,0.0197149729071948,3.5007624499152835e-06,0.0407748388158159,3.1707906126562773e-06,0.7821331031986114,1.396859254998221e-05,1.5957200483436394e-05,0.0716781780920175,-0.0008091780917219,-0.001172572153651,8979.0,1.0,0.5534828446122183,0.2175816337899362,0.4906757667783886,0.5199002449135323,0.2671437476940458,0.5979486596090239,0.7718729024134061,0.2164945105461688,0.2999434994304586,0.1533508288995307,100000,30,10,0.1,3.0,0.1,0,9,0.001,1e-06,0.001,1e-07,1.0,1e-08,adamax,0,0.0,disordered,1,0.2353973934332547,0 days 05:32:02.756286,0.0008091916313692,2.434932235145709,1.6092310234564853
432,432,432,432,0.293044697697214,0.293044697697214,0.293044697697214,0.293044697697214,0.293044697697214,0.293044697697214,0.293044697697214,0.293044697697214,0.293044697697214,0.293044697697214,0.9908318779221555,4.924041813682067e-05,7.61530205976641e-05,0.4218135795680899,0.4899000735448318,0.0001212294809384,0.2662771234818762,0.2159071541302671,0.6025614184389154,0.0362117869655013,-0.000630726120107,-0.0006901195130343,7384.0,1.0,0.3195367682869472,0.7820850369686129,0.7448619599270543,0.9248967866411554,0.3887877573003923,0.0985704167715635,0.1675447666825603,0.5137492964779893,0.1105763306479585,0.7014873931592067,100000,30,10,0.1,3.0,0.1,0,9,0.001,1e-06,0.001,1e-07,1.0,1e-08,adamax,0,0.0,disordered,1,0.2900937516391957,0 days 05:32:02.756286,0.0006307454785648,1.5928888659673694,1.5513169759539676
433,433,433,433,0.367392478180207,0.367392478180207,0.367392478180207,0.367392478180207,0.367392478180207,0.367392478180207,0.367392478180207,0.367392478180207,0.367392478180207,0.367392478180207,0.2847908422623966,0.0468313742397381,0.0410268596381193,0.6141963624976782,0.0225343933172063,0.5443570986098031,0.0817270250767775,1.0002451635030776,0.0287901279112708,0.0305673991641372,-0.0004781225735736,-0.0006585237010803,1532.0,0.0,0.3016018973615433,0.476151153352352,0.4126774873130205,0.3734420164616533,0.8389299467094694,0.0392879488090178,0.8777632374124122,0.0916045713660271,0.1239922965806723,0.1954247213941399,100000,30,10,0.1,3.0,0.1,0,9,0.001,1e-06,0.001,1e-07,1.0,1e-08,adamax,0,0.0,disordered,1,0.3709433176377601,0 days 05:32:02.756286,0.0004781327716939,1.7587282606876071,1.6409513941872957
434,434,434,434,0.2414157116103016,0.2414157116103016,0.2414157116103016,0.2414157116103016,0.2414157116103016,0.2414157116103016,0.2414157116103016,0.2414157116103016,0.2414157116103016,0.2414157116103016,0.0001143224889215,0.5596631649504071,0.7613334457662337,0.0002706174126787,0.0905558374091388,0.555743659758859,0.0326830202784338,0.481433934646598,1.838039385759989e-05,1.9315446105327667e-05,-0.0007370536617655,-0.0009261020532931,8429.0,1.0,0.8594286123559097,0.978416148156912,0.159424131963394,0.5461449445673813,0.5942946417975588,0.1952037384692118,0.7259240638847196,0.4597594672468109,0.2430679274794144,0.2437548398522748,100000,30,10,0.1,3.0,0.1,0,9,0.001,1e-06,0.001,1e-07,1.0,1e-08,adamax,0,0.0,disordered,1,0.2432694239633063,0 days 05:32:02.756286,0.0007370666646606,1.878248205455213,1.71457802799785
435,435,435,435,0.2659804395593755,0.2659804395593755,0.2659804395593755,0.2659804395593755,0.2659804395593755,0.2659804395593755,0.2659804395593755,0.2659804395593755,0.2659804395593755,0.2659804395593755,0.1249554760320934,1.000548475287477,0.0946998394709129,0.1581114833956975,0.1452807211841903,0.6796849617447341,0.4633596683925673,0.0599315338656802,0.1445413955721208,0.0594754693751262,-0.0006233893882733,-0.0007252552468396,653.0,0.0,0.6250640713374368,0.0349049408870774,0.8137461123794502,0.8022082741594044,0.5462395564276872,0.0257210106744134,0.6964174326169836,0.3760781192234548,0.0682837960718534,0.3122274830266416,100000,30,10,0.1,3.0,0.1,0,9,0.001,1e-06,0.001,1e-07,1.0,1e-08,adamax,0,0.0,disordered,1,0.2682505291444678,0 days 05:32:02.756286,0.0006233997563149,1.7324450333074286,1.6680480099616868
436,436,436,436,0.2121550171362449,0.2121550171362449,0.2121550171362449,0.2121550171362449,0.2121550171362449,0.2121550171362449,0.2121550171362449,0.2121550171362449,0.2121550171362449,0.2121550171362449,0.1046519262344886,1.00010192419678,0.3389657026383059,0.3809735473611949,0.2712158771725789,0.0771677460862391,0.0652583373640547,0.0196998833309462,0.0610559799801194,0.1073333812043006,-0.0008541643849606,-0.0011189594337594,1387.0,0.0,0.3944899567097174,0.1226617231760087,0.9475207628202458,0.4260414586930559,0.8100282680279501,0.5975459503621761,0.3816991229716037,0.5126424269200387,0.5061116559125608,0.3788965036930004,100000,30,10,0.1,3.0,0.1,0,9,0.001,1e-06,0.001,1e-07,1.0,1e-08,adamax,0,0.0,disordered,1,0.215225716956261,0 days 05:32:02.756286,0.0008542247103908,1.732991057693755,1.6083793110713707
437,437,437,437,0.367392478180207,0.367392478180207,0.367392478180207,0.367392478180207,0.367392478180207,0.367392478180207,0.367392478180207,0.367392478180207,0.367392478180207,0.367392478180207,0.9111867975012444,0.529053062180623,0.0999660395313882,0.0961207535253072,0.1041197520701917,0.5149126935900177,0.1816036869362157,0.0997661457440449,0.2959501981938173,1.0003023451149209,-0.0005659556645258,-0.0006867545831065,663.0,0.0,0.1129140091127403,0.8362778527014838,0.5030238399635895,0.5046900374199776,0.4505084098441546,0.4197558374274474,0.9170020334044912,0.9233777662856352,0.7390637377484149,0.0471269589715681,100000,30,10,0.1,3.0,0.1,0,9,0.001,1e-06,0.001,1e-07,1.0,1e-08,adamax,0,0.0,disordered,1,0.3659833369051084,0 days 05:32:02.756286,0.0005659585764558,1.457883130183849,1.4321393983438693
438,438,438,438,0.2575263326771198,0.2575263326771198,0.2575263326771198,0.2575263326771198,0.2575263326771198,0.2575263326771198,0.2575263326771198,0.2575263326771198,0.2575263326771198,0.2575263326771198,0.4473831611623884,0.1544756637696619,0.1859553966024016,0.0101348742385483,0.1673453540284283,8.665835287167072e-05,0.8223418008798464,0.000161586895146,0.2877677917257684,0.372009643529407,-0.0006437532447309,-0.0007504682896807,8448.0,1.0,0.3849455089948101,0.6870402996533349,0.5518457225659112,0.8117566407050689,0.2855773821059476,0.8604068336916711,0.3051816407908357,0.4628075398844777,0.2570260760226827,0.7358269282622871,100000,30,10,0.1,3.0,0.1,0,9,0.001,1e-06,0.001,1e-07,1.0,1e-08,adamax,0,0.0,disordered,1,0.2570174736640317,0 days 05:32:02.756286,0.0006437537510516,1.9317586371120972,1.7024877080612522
439,439,439,439,0.367392478180207,0.367392478180207,0.367392478180207,0.367392478180207,0.367392478180207,0.367392478180207,0.367392478180207,0.367392478180207,0.367392478180207,0.367392478180207,1.0009877004311678,0.1746729184306348,0.1277347310002474,0.5548484226444111,0.198476253066349,0.7136043621602481,0.2031968327182486,0.4506212294636443,0.3663292838841894,0.1686745991460492,-0.0005238728960705,-0.0005601859999318,470.0,0.0,0.1547908482468332,0.7971521240790802,0.6923985787912933,0.1914895523452701,0.7597127404693617,0.0754586964981677,0.4304434890408789,0.8152005596340461,0.2580527139330374,0.6069905266831779,100000,30,10,0.1,3.0,0.1,0,9,0.001,1e-06,0.001,1e-07,1.0,1e-08,adamax,0,0.0,disordered,1,0.3616314341061341,0 days 05:32:02.756286,0.0005239122340081,1.7650742848404102,1.6506570710119164
440,440,440,440,0.4047756965997316,0.4047756965997316,0.4047756965997316,0.4047756965997316,0.4047756965997316,0.4047756965997316,0.4047756965997316,0.4047756965997316,0.4047756965997316,0.4047756965997316,0.1462383734184491,0.3533038441606761,0.2407519049299369,1.0008109611254203,0.4836801079686721,0.1536634838002495,0.2734742229541331,0.4797377844399118,0.199324850949386,0.2127848171540377,-0.0005304969293974,-0.0006135897785085,467.0,0.0,0.4929727807818711,0.0009201373255063,0.4231275840871377,0.9957385943742338,0.0525133950508098,0.1719454362042398,0.0178923526428681,0.5314871003383851,0.2664625904387796,0.0473929502426381,100000,30,10,0.1,3.0,0.1,0,9,0.001,1e-06,0.001,1e-07,1.0,1e-08,adamax,0,0.0,disordered,1,0.404465063866484,0 days 05:32:02.756286,0.0005304970941894,1.675914570644192,1.609560649209103
441,441,441,441,0.4047756965997316,0.4047756965997316,0.4047756965997316,0.4047756965997316,0.4047756965997316,0.4047756965997316,0.4047756965997316,0.4047756965997316,0.4047756965997316,0.4047756965997316,0.0002786468252752,0.826647871334963,0.1433911904493852,0.7583847990962824,0.7495137173951434,0.0015876211024294,0.5485760936562659,0.3384526540823854,0.0001158471515129,0.8122884106614152,-0.0005023111548899,-0.000540991083027,7583.0,1.0,0.093472536815233,0.0788711661857149,0.6714068463376937,0.1248368096035815,0.9583195585207182,0.5025370125541082,0.3058175143573156,0.904148900983437,0.7832833205337459,0.3469327420832451,100000,30,10,0.1,3.0,0.1,0,9,0.001,1e-06,0.001,1e-07,1.0,1e-08,adamax,0,0.0,disordered,1,0.4028930493630955,0 days 05:32:02.756286,0.0005023153378561,1.611743595794759,1.5823519718673085
442,442,442,442,0.2337423870891812,0.2337423870891812,0.2337423870891812,0.2337423870891812,0.2337423870891812,0.2337423870891812,0.2337423870891812,0.2337423870891812,0.2337423870891812,0.2337423870891812,3.238701408534286e-05,0.4943226620396267,5.765708316726253e-06,0.1419978799281659,0.1560652573388787,0.5601153129232701,0.0584596571191346,0.5770203944811677,0.1460125887010603,0.3027415406113962,-0.0006636683474392,-0.0007143818789762,25138.0,1.0,0.5858535224651464,0.6297820485179636,0.936713847664752,0.9642983442878172,0.7316120807444645,0.1572315633470487,0.5953399687295066,0.0808829652200129,0.4308987661125483,0.7585813161878658,100000,30,10,0.1,3.0,0.1,0,9,0.001,1e-06,0.001,1e-07,1.0,1e-08,adamax,0,0.0,disordered,1,0.2357231771527719,0 days 05:32:02.756286,0.0006636777042211,1.7456697986351488,1.6662797608851625
443,443,443,443,0.2121550171362449,0.2121550171362449,0.2121550171362449,0.2121550171362449,0.2121550171362449,0.2121550171362449,0.2121550171362449,0.2121550171362449,0.2121550171362449,0.2121550171362449,0.7281968754571867,5.899699133170482e-05,0.3991265884056921,0.2501683402209273,0.0003227738670157,5.062530075047595e-05,0.4342382144443479,0.0538304921752892,5.9190495279916696e-05,0.6108241486316921,-0.0008631599097374,-0.00096541300325,8004.0,1.0,0.8206362599828048,0.3609194732955105,0.2832105456181398,0.7241974383617511,0.9098867768209822,0.8280489583539762,0.6870967866430981,0.3671073857219832,0.3189711500325738,0.7500660878620994,100000,30,10,0.1,3.0,0.1,0,9,0.001,1e-06,0.001,1e-07,1.0,1e-08,adamax,0,0.0,disordered,1,0.2127047284844256,0 days 05:32:02.756286,0.0008631617978228,1.54482226969763,1.6246079275329464
444,444,444,444,0.2054117348353062,0.2054117348353062,0.2054117348353062,0.2054117348353062,0.2054117348353062,0.2054117348353062,0.2054117348353062,0.2054117348353062,0.2054117348353062,0.2054117348353062,0.738252047145474,0.2170243132030943,0.8608399053284498,9.999783234508705e-08,0.0368777578389407,1.3000089391815114e-07,0.4140121682820392,1.597270011110881e-06,0.1639024446139011,3.212754104072346e-07,-0.0006332702501175,-0.000935442368144,24691.0,0.0,0.6578020412221989,0.0156159215051742,0.5081052609970176,0.9779334025364208,0.2936435467782463,0.962758541716221,0.809461121567692,0.5516756075826977,0.1611862320005465,0.4890303313130391,100000,30,10,0.1,3.0,0.1,0,9,0.001,1e-06,0.001,1e-07,1.0,1e-08,adamax,0,0.0,disordered,1,0.2022260050322615,0 days 05:32:02.756286,0.0006332927515247,1.8168286571777037,1.7207496808714975
445,445,445,445,0.4459627626819087,0.4459627626819087,0.4459627626819087,0.4459627626819087,0.4459627626819087,0.4459627626819087,0.4459627626819087,0.4459627626819087,0.4459627626819087,0.4459627626819087,1.000004222358697,0.5528337863281023,0.1719889934584432,0.1631774436521664,0.8532137459064872,0.3110811603364156,0.7306099507621336,0.2403176553438151,0.1919352652564662,0.711371617822585,-0.0004736613232369,-0.0005057029069518,487.0,0.0,0.9532946051713728,0.0003131124743497,0.3516050939038463,0.3473358016872154,0.8073771264207719,0.0480981719073851,0.2480297017679916,0.907765416744697,0.7624828956394151,0.2814496118970105,100000,30,10,0.1,3.0,0.1,0,9,0.001,1e-06,0.001,1e-07,1.0,1e-08,adamax,0,0.0,disordered,1,0.4476523729617934,0 days 05:32:02.756286,0.0004736643228187,1.5413302443654526,1.6092470062100668
446,446,446,446,0.2414157116103016,0.2414157116103016,0.2414157116103016,0.2414157116103016,0.2414157116103016,0.2414157116103016,0.2414157116103016,0.2414157116103016,0.2414157116103016,0.2414157116103016,0.3252243659841748,0.0645868873846248,6.8657781952792746e-06,0.7895380547481019,4.847095528002153e-07,0.00339992216867,5.149101446772184e-07,1.848671230233384e-07,4.889314028795179e-07,0.9536277388436272,-0.0006407081142534,-0.0011775471042525,9791.0,1.0,0.7796507173569887,0.9232530201995508,0.9732924538699488,0.980736322933279,0.5384848373059271,0.1096050740299864,0.5221932955930426,0.1617853181353836,0.5412202312016957,0.0769660944416684,100000,30,10,0.1,3.0,0.1,0,9,0.001,1e-06,0.001,1e-07,1.0,1e-08,adamax,0,0.0,disordered,1,0.2411153149106893,0 days 05:32:02.756286,0.0006407083479378,1.8609584811654205,1.5386250776525154
447,447,447,447,0.4606028844202396,0.4606028844202396,0.4606028844202396,0.4606028844202396,0.4606028844202396,0.4606028844202396,0.4606028844202396,0.4606028844202396,0.4606028844202396,0.4606028844202396,0.7939482962968354,0.244650455182988,0.2182777485398109,1.0006242149302322,0.2480531150289253,0.2215245073182846,0.2171626902284547,0.2143039633348325,0.6827980911684082,0.6992160737721532,-0.0004666358425706,-0.0005333447816281,354.0,0.0,0.7037686941014033,0.061660572358882,0.2799096842192778,0.8572675068465676,0.1046645108594531,0.206937431389777,0.3659442504613354,0.3463933507961929,0.8130169006915822,0.0778774210044539,100000,30,10,0.1,3.0,0.1,0,9,0.001,1e-06,0.001,1e-07,1.0,1e-08,adamax,0,0.0,disordered,1,0.4622300663165785,0 days 05:32:02.756286,0.0004666381136439,1.564322923341272,1.5689632431432308
448,448,448,448,0.2121550171362449,0.2121550171362449,0.2121550171362449,0.2121550171362449,0.2121550171362449,0.2121550171362449,0.2121550171362449,0.2121550171362449,0.2121550171362449,0.2121550171362449,0.7540936975908876,0.0622507363446311,0.0456908369417209,0.0369462193778145,0.591151710240236,0.0183611887643969,0.510451326514302,0.0179390874266055,0.0825049185385763,1.0000106836523437,-0.0004714167580217,-0.0007469230649086,1135.0,0.0,0.4229366681256271,0.8116326527383245,0.7886301761429226,0.9142708145234216,0.0262067197719819,0.992209734199171,0.4039546520102427,0.9048788601975292,0.9896897703942176,0.4365052446544553,100000,30,10,0.1,3.0,0.1,0,9,0.001,1e-06,0.001,1e-07,1.0,1e-08,adamax,0,0.0,disordered,1,0.2135228078517673,0 days 05:32:02.756286,0.0004714179107891,2.2938133107598575,1.888802126806618
449,449,449,449,0.1747772774464679,0.1747772774464679,0.1747772774464679,0.1747772774464679,0.1747772774464679,0.1747772774464679,0.1747772774464679,0.1747772774464679,0.1747772774464679,0.1747772774464679,3.325003453376655e-06,1.5792930061694784e-05,0.8636474450315736,0.1790079696432235,4.003069873892616e-06,0.1551578097328587,7.174474252456199e-06,1.699749022146366e-05,5.710605472710672e-06,0.267775319385951,-0.0010183006573471,-0.0015229603772024,8850.0,1.0,0.5147464514790232,0.4683008204566989,0.9983160563263184,0.5001684696384019,0.6696489443852937,0.4290115074682894,0.7220057119455903,0.6992126266860642,0.7274879920641235,0.573587612359193,100000,30,10,0.1,3.0,0.1,0,9,0.001,1e-06,0.001,1e-07,1.0,1e-08,adamax,0,0.0,disordered,1,0.1731424830375921,0 days 05:32:02.756286,0.0010183287415103,2.269084274443285,1.7388165923372296
450,450,450,450,0.3919100249433399,0.3919100249433399,0.3919100249433399,0.3919100249433399,0.3919100249433399,0.3919100249433399,0.3919100249433399,0.3919100249433399,0.3919100249433399,0.3919100249433399,0.1140996382895616,0.1743671811679303,0.1372625871070558,0.1318978871116611,0.1814918665052542,0.5218475266218808,0.7596355137669,0.1214458544087273,0.1434419136399368,1.0003008920469878,-0.0005349487136649,-0.0006031266428088,542.0,0.0,0.466624550245058,0.315527619861375,0.5431451327634957,0.547453486818953,0.6094316868658907,0.0549317054565771,0.1009046407449411,0.7392540388606563,0.7443773862062898,0.1267482879028416,100000,30,10,0.1,3.0,0.1,0,9,0.001,1e-06,0.001,1e-07,1.0,1e-08,adamax,0,0.0,disordered,1,0.3857235727688523,0 days 05:32:02.756286,0.0005350003186896,1.8602475207157434,1.5662875448003366
451,451,451,451,0.3026648059395688,0.3026648059395688,0.3026648059395688,0.3026648059395688,0.3026648059395688,0.3026648059395688,0.3026648059395688,0.3026648059395688,0.3026648059395688,0.3026648059395688,0.4410274718837695,0.000126401482702,0.2228048831712062,0.2732138458374168,0.8690019038307157,0.0082946184476679,0.2833349615881744,0.2159437488801371,0.5164417889243603,0.0900884306823474,-0.000618170119784,-0.0006539900657191,6497.0,1.0,0.7650644696535668,0.9499566543162627,0.9488872576719676,0.5613868915312763,0.1451168311174938,0.7799529869627154,0.5163958172106365,0.9048987933757484,0.5388350963686745,0.2112395965894995,100000,30,10,0.1,3.0,0.1,0,9,0.001,1e-06,0.001,1e-07,1.0,1e-08,adamax,0,0.0,disordered,1,0.3069277240147561,0 days 05:32:02.756286,0.0006182092188754,1.9012410189977866,1.6314095054108375
452,452,452,452,0.4047756965997316,0.4047756965997316,0.4047756965997316,0.4047756965997316,0.4047756965997316,0.4047756965997316,0.4047756965997316,0.4047756965997316,0.4047756965997316,0.4047756965997316,0.125442307635489,0.9535868560937945,0.3626097992492724,0.1471050876118936,1.0000651058331065,0.1526539132606736,0.6278286351614661,0.1355442561865399,0.1184148940105945,0.8265187713741855,-0.0004740422532362,-0.000534611851455,579.0,0.0,0.1177453553882522,0.0239126348933008,0.8926403674049982,0.9220886540303131,0.0942266363060382,0.6818076936469213,0.2951549822402676,0.8738098448736241,0.9661584469603594,0.4505722795694534,100000,30,10,0.1,3.0,0.1,0,9,0.001,1e-06,0.001,1e-07,1.0,1e-08,adamax,0,0.0,disordered,1,0.4091917711411993,0 days 05:32:02.756286,0.0004740599655425,1.8094370729387552,1.6110550396214003
453,453,453,453,0.3444087275973818,0.3444087275973818,0.3444087275973818,0.3444087275973818,0.3444087275973818,0.3444087275973818,0.3444087275973818,0.3444087275973818,0.3444087275973818,0.3444087275973818,1.0003178857687305,0.0716879496535718,0.5019013936023222,0.0701056849881116,0.5648706839383012,0.4516405190104001,0.4632834253985044,0.0862010663619553,0.4451789786115728,0.074037766430169,-0.0005353328665495,-0.0006201845433859,690.0,0.0,0.3840881884704785,0.9006194266532634,0.2810278723190802,0.8930288074611739,0.9558931635591684,0.2213844880995963,0.3965795959190823,0.7595521855232363,0.2431609378034048,0.6915815416694344,100000,30,10,0.1,3.0,0.1,0,9,0.001,1e-06,0.001,1e-07,1.0,1e-08,adamax,0,0.0,disordered,1,0.3424210186465974,0 days 05:32:02.756286,0.0005353376026171,1.7873336712550236,1.640652272249704
454,454,454,454,0.293044697697214,0.293044697697214,0.293044697697214,0.293044697697214,0.293044697697214,0.293044697697214,0.293044697697214,0.293044697697214,0.293044697697214,0.293044697697214,1.0000132268478994,0.0877281942685737,0.0854763422326074,0.1495748156154318,0.2554521060947406,0.081656539235752,0.4573751525794337,0.2971200285194036,0.4694189069736926,0.0841318834313767,-0.0006284867634128,-0.000700345299196,696.0,0.0,0.42791317365075,0.96874849649364,0.8592163463148417,0.945903583780766,0.5813822898716197,0.7546952799707574,0.2552831989608274,0.7076528690375721,0.1201963528076732,0.2924443689361549,100000,30,10,0.1,3.0,0.1,0,9,0.001,1e-06,0.001,1e-07,1.0,1e-08,adamax,0,0.0,disordered,1,0.2929792813118644,0 days 05:32:02.756286,0.0006284867764483,1.7056386142405369,1.5214448517894514
455,455,455,455,0.2337423870891812,0.2337423870891812,0.2337423870891812,0.2337423870891812,0.2337423870891812,0.2337423870891812,0.2337423870891812,0.2337423870891812,0.2337423870891812,0.2337423870891812,2.7880310087583e-06,0.6790043763678927,0.5402767312621813,1.064856159193332e-07,2.0723257008697254e-07,0.1398680280229733,9.999815080294396e-08,0.5584771662881849,0.0121036579741442,4.217092554717249e-07,-0.0008468793262893,-0.0010590899081612,52228.0,0.0,0.6740098869159676,0.872163295086585,0.182000644098114,0.2683975824038445,0.0940214398631992,0.0162079814751568,0.2750322596859617,0.4509305866684251,0.045231324178839,0.1442844224301414,100000,30,10,0.1,3.0,0.1,0,9,0.001,1e-06,0.001,1e-07,1.0,1e-08,adamax,0,0.0,disordered,1,0.2317487871011272,0 days 05:32:02.756286,0.0008469017872408,2.0127482889860335,1.5554418307310187
456,456,456,456,0.4180637241455752,0.4180637241455752,0.4180637241455752,0.4180637241455752,0.4180637241455752,0.4180637241455752,0.4180637241455752,0.4180637241455752,0.4180637241455752,0.4180637241455752,0.3084800715988356,0.1473378175732112,0.8925440780326857,0.2758910964724602,0.2901345304603694,0.1442473484405283,1.0000556827252485,0.1494761324846054,0.1606131618513544,0.8343035251881106,-0.0004749114860948,-0.0005199302193711,469.0,0.0,0.6837916392513278,0.8630803657467981,0.0409277120260846,0.7619338150511243,0.307383338091152,0.4137215087205969,0.957045628874797,0.3557360703711822,0.1969500116450199,0.8312153463708688,100000,30,10,0.1,3.0,0.1,0,9,0.001,1e-06,0.001,1e-07,1.0,1e-08,adamax,0,0.0,disordered,1,0.4227712807564032,0 days 05:32:02.756286,0.0004749311112274,1.6912970168973698,1.662946195472676
457,457,457,457,0.2575263326771198,0.2575263326771198,0.2575263326771198,0.2575263326771198,0.2575263326771198,0.2575263326771198,0.2575263326771198,0.2575263326771198,0.2575263326771198,0.2575263326771198,0.8092481246194642,4.1885869414875154e-07,1.352183651049327e-06,0.6906142614191649,0.3135934300501136,1.294155611293329e-07,0.7038614139769673,0.2632199387070299,0.2413521046779326,2.572656782598584e-07,-0.0006130657405293,-0.0007236200698402,100000.0,0.0,0.2177669361098426,0.6234431765987403,0.6053947014299166,0.1601566044907036,0.7927012450523524,0.6426622147951562,0.0950728100628957,0.7397020715436405,0.3692459504892917,0.3435746887997793,100000,30,10,0.1,3.0,0.1,0,9,0.001,1e-06,0.001,1e-07,1.0,1e-08,adamax,0,0.0,disordered,1,0.2570808079531941,0 days 05:32:02.756286,0.0006130659520498,1.9110732587840855,1.7286555943968314
458,458,458,458,0.2121550171362449,0.2121550171362449,0.2121550171362449,0.2121550171362449,0.2121550171362449,0.2121550171362449,0.2121550171362449,0.2121550171362449,0.2121550171362449,0.2121550171362449,6.878307073910941e-07,0.152945049710965,7.831557560321817e-07,0.0058461036261737,2.6109480982815136e-07,1.09706937907859e-06,6.279590883418462e-07,0.0639388260022386,0.6504327463103914,0.0932697473037458,-0.0007759541109155,-0.0011144358681306,9521.0,1.0,0.744955339806984,0.0387392697578511,0.7767177152409553,0.5809292547631857,0.7116122337323907,0.7691133095967271,0.860611359917133,0.8559009912885582,0.2827839154622973,0.5560959213758406,100000,30,10,0.1,3.0,0.1,0,9,0.001,1e-06,0.001,1e-07,1.0,1e-08,adamax,0,0.0,disordered,1,0.2129834137567982,0 days 05:32:02.756286,0.0007759565678214,3.3801597091492663,1.6203107067818605
459,459,459,459,0.3557150206821381,0.3557150206821381,0.3557150206821381,0.3557150206821381,0.3557150206821381,0.3557150206821381,0.3557150206821381,0.3557150206821381,0.3557150206821381,0.3557150206821381,0.117956057787917,4.113686466647967e-06,1.033297162690388e-05,0.1776246132907956,5.187562177924926e-06,3.918213869417974e-06,0.7255659181340852,0.6102844752388819,5.123000868390073e-05,0.8231950422027272,-0.0005464303765305,-0.0006346983245878,8731.0,1.0,0.5286465591418159,0.7276876871696233,0.8189582836824862,0.3706032232667328,0.5525082823912467,0.6102544500620954,0.1404390577921855,0.8941345871509079,0.568859738231471,0.1291023971946122,100000,30,10,0.1,3.0,0.1,0,9,0.001,1e-06,0.001,1e-07,1.0,1e-08,adamax,0,0.0,disordered,1,0.3571489815283845,0 days 05:32:02.756286,0.0005464336129106,2.4557613232507856,1.6031948265886005
460,460,460,460,0.2837303616516209,0.2837303616516209,0.2837303616516209,0.2837303616516209,0.2837303616516209,0.2837303616516209,0.2837303616516209,0.2837303616516209,0.2837303616516209,0.2837303616516209,8.630453471572926e-07,0.1245693620408855,0.0426395061619843,0.9510338592613204,0.0625590636947067,0.1578630519108967,0.4281971572757154,0.074987424422214,0.4452168226734633,4.298958777160779e-06,-0.0006775080356031,-0.0007352858342624,100000.0,0.0,0.2435611384923325,0.0331865656366267,0.2962405687946099,0.1518495884154276,0.8150201407033651,0.7591303017357368,0.2704798155990582,0.5574417861442812,0.2645835073688937,0.020375681832466,100000,30,10,0.1,3.0,0.1,0,9,0.001,1e-06,0.001,1e-07,1.0,1e-08,adamax,0,0.0,disordered,1,0.2874052361444721,0 days 05:32:02.756286,0.0006775461931191,1.6360115057066091,1.5456551963435545
461,461,461,461,0.4180637241455752,0.4180637241455752,0.4180637241455752,0.4180637241455752,0.4180637241455752,0.4180637241455752,0.4180637241455752,0.4180637241455752,0.4180637241455752,0.4180637241455752,0.5355618414051663,0.0493868151290255,0.0461873678224826,0.0649157754479056,0.3222152176975399,0.0790446054387659,1.000227591800937,0.2767877662242687,0.0429085593907925,0.9461490825756834,-0.000504856253567,-0.000598329766647,1165.0,0.0,0.3801697260678117,0.6709123530856912,0.5870432899120543,0.5613012497231871,0.4258727804635797,0.784738594981888,0.9556522248295092,0.0793316494791577,0.1144053705724287,0.7099379341190432,100000,30,10,0.1,3.0,0.1,0,9,0.001,1e-06,0.001,1e-07,1.0,1e-08,adamax,0,0.0,disordered,1,0.4217827168468182,0 days 05:32:02.756286,0.0005048727856268,1.7317087891794674,1.5519116573824059
462,462,462,462,0.1076624177045491,0.1076624177045491,0.1076624177045491,0.1076624177045491,0.1076624177045491,0.1076624177045491,0.1076624177045491,0.1076624177045491,0.1076624177045491,0.1076624177045491,0.3447599274768921,6.682028689639492e-07,6.851956940617044e-07,0.0061329973240318,1.001274463194881e-06,0.2298901383525498,3.760597197743666e-06,0.2232723523411506,4.62593722422094e-05,9.985194861551626e-06,-0.0012387126769737,-0.0014884659397669,8708.0,1.0,0.7752740383830551,0.4932818110244663,0.1335192256785398,0.3341402676041691,0.4694802362592661,0.6554125830568424,0.3630950522688787,0.5080630355157948,0.739563409263473,0.6888089062772412,100000,30,10,0.1,3.0,0.1,0,9,0.001,1e-06,0.001,1e-07,1.0,1e-08,adamax,0,0.0,disordered,1,0.1068060907849645,0 days 05:32:02.756286,0.0012387231748099,2.3774606281941235,2.1552180305542925
463,463,463,463,0.3228628202536728,0.3228628202536728,0.3228628202536728,0.3228628202536728,0.3228628202536728,0.3228628202536728,0.3228628202536728,0.3228628202536728,0.3228628202536728,0.3228628202536728,2.0448979256498472e-05,2.371310228186989e-05,0.6132309267204887,0.0469464071126052,0.1726920513020399,0.963221120132377,0.6689617400482477,0.0001507627699574,9.279001718500269e-05,0.3330765474026157,-0.000576968694576,-0.0006658774748255,8070.0,1.0,0.2596193309041936,0.2059697623191735,0.5741622249609254,0.8538825750154767,0.9670687845302742,0.1200533504685823,0.7348480970409724,0.2613109981557394,0.2637178971805501,0.5312432564614685,100000,30,10,0.1,3.0,0.1,0,9,0.001,1e-06,0.001,1e-07,1.0,1e-08,adamax,0,0.0,disordered,1,0.3273663542948998,0 days 05:32:02.756286,0.0005770039410841,1.9486692013130058,1.6053067061486115
464,464,464,464,0.2414157116103016,0.2414157116103016,0.2414157116103016,0.2414157116103016,0.2414157116103016,0.2414157116103016,0.2414157116103016,0.2414157116103016,0.2414157116103016,0.2414157116103016,1.0011215223747083,0.1149063565247023,0.091334033605116,0.0545674877649788,0.3832557836062175,0.4938882548177922,0.0553523293658791,0.1149340723717023,0.1396173566050174,0.0588398355807451,-0.0008265183218946,-0.0010276360568809,668.0,0.0,0.932645968051148,0.2914967231951824,0.1231598496995286,0.3206545213563795,0.3098032991184338,0.89090461258716,0.6652512896982025,0.7242408391894148,0.4341615226130103,0.5561459413349006,100000,30,10,0.1,3.0,0.1,0,9,0.001,1e-06,0.001,1e-07,1.0,1e-08,adamax,0,0.0,disordered,1,0.2412883708657514,0 days 05:32:02.756286,0.0008265184310624,1.631975896611026,1.6228645548231346
465,465,465,465,0.2837303616516209,0.2837303616516209,0.2837303616516209,0.2837303616516209,0.2837303616516209,0.2837303616516209,0.2837303616516209,0.2837303616516209,0.2837303616516209,0.2837303616516209,0.0159500927437249,0.711010068547612,1.0005444502572574,0.0068586467003549,0.0862320360398417,0.0070474221416605,0.2812995014523344,0.7194854569154773,0.0088882693249257,0.1668664255820753,-0.0005475697631941,-0.0008162380585098,1672.0,0.0,0.7459158576917373,0.0391726092011945,0.8430621191712668,0.7212368489156964,0.0433107963317149,0.6968845402716777,0.3611057366657977,0.0747471514200509,0.7071534382801876,0.6946291061122937,100000,30,10,0.1,3.0,0.1,0,9,0.001,1e-06,0.001,1e-07,1.0,1e-08,adamax,0,0.0,disordered,1,0.2865552005134741,0 days 05:32:02.756286,0.0005475790329882,2.564985816169356,1.790603773136361
466,466,466,466,0.31260072430687,0.31260072430687,0.31260072430687,0.31260072430687,0.31260072430687,0.31260072430687,0.31260072430687,0.31260072430687,0.31260072430687,0.31260072430687,0.5093300095919959,0.0993325263313584,0.0711100839494135,0.103070350383238,0.064447467500089,0.0387036446952608,0.0344534973012333,0.0964515677508646,1.000174307422429,0.0531546759150226,-0.0006599081381788,-0.0008612785057588,1145.0,0.0,0.6229816661606916,0.3127411071731237,0.126650063773247,0.2040038584091258,0.4057406860067404,0.2843393900108888,0.3870401600825397,0.3135591235941246,0.9245701597870538,0.4975954007081968,100000,30,10,0.1,3.0,0.1,0,9,0.001,1e-06,0.001,1e-07,1.0,1e-08,adamax,0,0.0,disordered,1,0.3151167825405789,0 days 05:32:02.756286,0.0006599250191233,2.0795481302033,1.5479909342286151
467,467,467,467,0.1394082826282576,0.1394082826282576,0.1394082826282576,0.1394082826282576,0.1394082826282576,0.1394082826282576,0.1394082826282576,0.1394082826282576,0.1394082826282576,0.1394082826282576,2.3913253084129733e-07,0.3241018909876335,9.999888608831961e-08,0.0592184182912468,0.1646100186079802,0.5436271253508681,3.3334582000156694e-07,0.115820851603233,0.3638472259263203,1.168966788067819e-07,-0.0008122093360291,-0.0009851856433848,73632.0,0.0,0.8737953433263868,0.1062766432838366,0.7946741289460265,0.7805299554881263,0.6448123568991032,0.4396089297284533,0.902481343397564,0.703896263210458,0.4596989301045351,0.8953370057255919,100000,30,10,0.1,3.0,0.1,0,9,0.001,1e-06,0.001,1e-07,1.0,1e-08,adamax,0,0.0,disordered,1,0.1381007207817115,0 days 05:32:02.756286,0.0008122148660285,2.589807739733274,2.06478552987893
468,468,468,468,0.367392478180207,0.367392478180207,0.367392478180207,0.367392478180207,0.367392478180207,0.367392478180207,0.367392478180207,0.367392478180207,0.367392478180207,0.367392478180207,0.141552561652634,0.4919908166562259,4.095472437943177e-06,3.0089744551898104e-06,6.773021844122581e-06,0.9723315126891467,0.0001576062632608,0.369430368437424,0.5111015291362887,0.2537033685363373,-0.0005670037500412,-0.0006333274952675,7613.0,1.0,0.9949998132101932,0.6681975516739568,0.3376225266527735,0.1287229334216706,0.3164210579903985,0.936882357123482,0.5678530723521644,0.3245273557426251,0.8321088777458423,0.4196507972565049,100000,30,10,0.1,3.0,0.1,0,9,0.001,1e-06,0.001,1e-07,1.0,1e-08,adamax,0,0.0,disordered,1,0.3623581739847935,0 days 05:32:02.756286,0.0005670445626684,1.6427267901162927,1.5957598711113914
469,469,469,469,0.3228628202536728,0.3228628202536728,0.3228628202536728,0.3228628202536728,0.3228628202536728,0.3228628202536728,0.3228628202536728,0.3228628202536728,0.3228628202536728,0.3228628202536728,0.0434888327978582,0.6281492559399713,0.0001886337253948,0.0870402395718854,0.5931976632130365,0.0267413200289874,0.5322026847709721,0.3241542956894039,0.6317628004320804,0.0225757175135697,-0.0005589817949034,-0.0006213189984748,6842.0,1.0,0.6967560192481035,0.9931992533882544,0.665107672111141,0.7296448784414361,0.283705352205387,0.8509684574128458,0.3699475364425438,0.7060006792933821,0.0611357259679242,0.4277133102603786,100000,30,10,0.1,3.0,0.1,0,9,0.001,1e-06,0.001,1e-07,1.0,1e-08,adamax,0,0.0,disordered,1,0.3229130311202501,0 days 05:32:02.756286,0.0005589818038283,1.8433744031885244,1.6261253491729781
470,470,470,470,0.1747772774464679,0.1747772774464679,0.1747772774464679,0.1747772774464679,0.1747772774464679,0.1747772774464679,0.1747772774464679,0.1747772774464679,0.1747772774464679,0.1747772774464679,0.2683080807329213,0.3944206944997884,0.1547340182469313,1.6628632558584827e-06,0.0216399306036938,4.950636396848074e-07,1.859422622378433e-07,2.2568261385879042e-07,6.355774528654417e-07,0.8557718120347506,-0.0009386026542732,-0.001430469027641,9631.0,1.0,0.7239983157707677,0.2314771855184867,0.5424706367753671,0.5839147989903594,0.6756249473948545,0.5644361194816802,0.4467105617646508,0.322566340148118,0.5431721493137949,0.1043161850708106,100000,30,10,0.1,3.0,0.1,0,9,0.001,1e-06,0.001,1e-07,1.0,1e-08,adamax,0,0.0,disordered,1,0.1735541301238321,0 days 05:32:02.756286,0.0009386130316403,2.267096872350881,1.6768957259659472
471,471,471,471,0.2837303616516209,0.2837303616516209,0.2837303616516209,0.2837303616516209,0.2837303616516209,0.2837303616516209,0.2837303616516209,0.2837303616516209,0.2837303616516209,0.2837303616516209,1.0004007868511662,0.2190203687457231,0.6855832533240566,0.5454763663830553,0.0160610735412658,0.5336106314936087,0.2019591964741754,0.0575315677674002,0.058534541060019,0.0467178151160465,-0.0007032913152533,-0.0008495830345671,1671.0,0.0,0.2713654362592039,0.8913095356498262,0.1177129813092361,0.4868236913432908,0.8883158335726428,0.8056520494654776,0.2562503657366681,0.4310825759753474,0.3116509800447926,0.2401224809601317,100000,30,10,0.1,3.0,0.1,0,9,0.001,1e-06,0.001,1e-07,1.0,1e-08,adamax,0,0.0,disordered,1,0.2794456743880897,0 days 05:32:02.756286,0.00070334794733,1.6491177847924092,1.600604796692537
472,472,472,472,0.1487115462808952,0.1487115462808952,0.1487115462808952,0.1487115462808952,0.1487115462808952,0.1487115462808952,0.1487115462808952,0.1487115462808952,0.1487115462808952,0.1487115462808952,1.0004879510846982,0.1449239489383667,0.3283493018593654,0.0248682646743401,0.0204357153601004,0.0415588216429934,0.2870393984126168,0.0123596738366874,0.1628629670959807,0.0131428564012536,-0.0010231598390555,-0.001285748717946,1138.0,0.0,0.3208213168340968,0.8953943453526839,0.8407594099518141,0.5558073384103739,0.564499311502318,0.4557401793635225,0.6984232093500041,0.8023233264058698,0.4442031573025502,0.7734872626310408,100000,30,10,0.1,3.0,0.1,0,9,0.001,1e-06,0.001,1e-07,1.0,1e-08,adamax,0,0.0,disordered,1,0.1479389934457138,0 days 05:32:02.756286,0.0010231664875537,1.9185823666217445,1.693053752490187
473,473,473,473,0.3228628202536728,0.3228628202536728,0.3228628202536728,0.3228628202536728,0.3228628202536728,0.3228628202536728,0.3228628202536728,0.3228628202536728,0.3228628202536728,0.3228628202536728,0.4056378507759671,8.89184979261735e-06,0.5898349547323289,0.3883950379179055,0.0254897573426937,0.0983791868519906,0.0116433608196536,0.967294306283308,2.0443109133547872e-05,6.076336701490423e-06,-0.0006509178056287,-0.0008199059659904,15089.0,1.0,0.9537679656279108,0.6744471306793219,0.7569087019953686,0.0891109610782433,0.2512353444833607,0.3239010723910901,0.3771656944410246,0.7567947300850265,0.1735663107745412,0.2445927796140452,100000,30,10,0.1,3.0,0.1,0,9,0.001,1e-06,0.001,1e-07,1.0,1e-08,adamax,0,0.0,disordered,1,0.3254534958019507,0 days 05:32:02.756286,0.0006509350178256,1.5782674762423434,1.5709400235305098
474,474,474,474,0.1487115462808952,0.1487115462808952,0.1487115462808952,0.1487115462808952,0.1487115462808952,0.1487115462808952,0.1487115462808952,0.1487115462808952,0.1487115462808952,0.1487115462808952,0.7402624149736363,1.4055535193126763e-05,0.287955280252841,0.4848028346745276,0.0568208680986563,0.0833671515893698,6.228802657657922e-06,0.2701685818554296,6.756381831077211e-06,1.7441153470258638e-05,-0.0010688296841505,-0.0012885972063931,9027.0,1.0,0.476089490215865,0.8330767149942937,0.455771627978325,0.7825993536208345,0.3347703113145619,0.4035683030690843,0.4796998377002315,0.1654700273762235,0.3356515241961211,0.3347824097944684,100000,30,10,0.1,3.0,0.1,0,9,0.001,1e-06,0.001,1e-07,1.0,1e-08,adamax,0,0.0,disordered,1,0.149282116222736,0 days 05:32:02.756286,0.0010688339668466,2.015500460024803,1.8005515720880605
475,475,475,475,0.2659804395593755,0.2659804395593755,0.2659804395593755,0.2659804395593755,0.2659804395593755,0.2659804395593755,0.2659804395593755,0.2659804395593755,0.2659804395593755,0.2659804395593755,7.842434149467269e-06,0.5076240557621113,0.0651445775776156,9.31595274949828e-06,1.070409962806584e-05,0.4849803071564258,0.6949732364287928,0.0756371136964895,4.8215553919159786e-05,0.2452354257073092,-0.0006900976428989,-0.0008578427802187,8315.0,1.0,0.5780941768759115,0.1370385939587464,0.7640923412097118,0.7527620385325391,0.6830324751033955,0.3061844786267561,0.8560517643294215,0.3409530270969151,0.334862451366828,0.1729665047251034,100000,30,10,0.1,3.0,0.1,0,9,0.001,1e-06,0.001,1e-07,1.0,1e-08,adamax,0,0.0,disordered,1,0.2637573589493351,0 days 05:32:02.756286,0.0006901108135137,2.1475532580634913,1.6183819000112176
476,476,476,476,0.1265331759388941,0.1265331759388941,0.1265331759388941,0.1265331759388941,0.1265331759388941,0.1265331759388941,0.1265331759388941,0.1265331759388941,0.1265331759388941,0.1265331759388941,0.9803599223195346,0.2718017986607857,0.1479695980534155,0.1116775022912671,5.475182059368717e-06,0.0068098948999408,0.1686861556909756,1.06905265679468e-05,0.0717976185578297,7.336277458422715e-06,-0.0013579100965446,-0.0018471108505541,8942.0,1.0,0.0449445984067116,0.648959232738285,0.4713664703897545,0.2301438615053004,0.3725707644259585,0.4437124343645714,0.2581506999408183,0.251564609391523,0.0808438171308055,0.1916437933634035,100000,30,10,0.1,3.0,0.1,0,9,0.001,1e-06,0.001,1e-07,1.0,1e-08,adamax,0,0.0,disordered,1,0.1266937886648383,0 days 05:32:02.756286,0.001357910692082,2.1051098903388366,1.6786920798740677
477,477,477,477,0.293044697697214,0.293044697697214,0.293044697697214,0.293044697697214,0.293044697697214,0.293044697697214,0.293044697697214,0.293044697697214,0.293044697697214,0.293044697697214,0.7011375980529024,0.0001202682121054,0.2133828408800835,0.1525892521340514,0.9092700757473632,0.0001662009577005,0.105693546901859,0.7760471487053797,4.658539260210919e-05,5.87547930183094e-05,-0.0006711096984924,-0.0007905682357017,7865.0,1.0,0.0087265047110913,0.3695896182601051,0.1663083476933545,0.5026550404017353,0.9423979729191996,0.4775835942059916,0.4034967941983547,0.9087119185990504,0.5642523395856806,0.5557390625517705,100000,30,10,0.1,3.0,0.1,0,9,0.001,1e-06,0.001,1e-07,1.0,1e-08,adamax,0,0.0,disordered,1,0.2958435770190362,0 days 05:32:02.756286,0.0006711296490888,1.705670832258592,1.5638605560136625
478,478,478,478,0.333461801578636,0.333461801578636,0.333461801578636,0.333461801578636,0.333461801578636,0.333461801578636,0.333461801578636,0.333461801578636,0.333461801578636,0.333461801578636,1.0001898576721058,0.1647508678316601,0.6118592639008629,0.5972880888219223,0.662215533715494,0.1046714783622656,0.6631533840775864,0.1005908719848807,0.0987587673170792,0.1143270244713167,-0.0005394501348926,-0.0006930715353596,525.0,0.0,0.2597035323070243,0.8662398842050749,0.9959946877208136,0.0783039574961678,0.3377482524543131,0.8510442769677045,0.1735191354582377,0.7331148524395593,0.7255326478381177,0.639557314052677,100000,30,10,0.1,3.0,0.1,0,9,0.001,1e-06,0.001,1e-07,1.0,1e-08,adamax,0,0.0,disordered,1,0.3344450290145274,0 days 05:32:02.756286,0.0005394511382658,1.8969069606587448,1.7100644110889387
479,479,479,479,0.2414157116103016,0.2414157116103016,0.2414157116103016,0.2414157116103016,0.2414157116103016,0.2414157116103016,0.2414157116103016,0.2414157116103016,0.2414157116103016,0.2414157116103016,0.7125837464907268,4.013568730356493e-05,0.0646352388676066,0.0003934857879894,0.2721923084775062,0.422128132738755,0.4480170322477887,3.6452244893354255e-06,7.897589760153727e-06,3.325771568721629e-06,-0.000819116730971,-0.001104715089267,8798.0,1.0,0.3350453199734898,0.6546832366115755,0.6247178878573869,0.7255674606078969,0.4006922202446404,0.6332257548882735,0.0177002496235016,0.0677600047415827,0.1954807478163397,0.0713634191788881,100000,30,10,0.1,3.0,0.1,0,9,0.001,1e-06,0.001,1e-07,1.0,1e-08,adamax,0,0.0,disordered,1,0.2410293084867837,0 days 05:32:02.756286,0.0008191175980939,1.6598253383946109,1.5175139920314178
480,480,480,480,0.2837303616516209,0.2837303616516209,0.2837303616516209,0.2837303616516209,0.2837303616516209,0.2837303616516209,0.2837303616516209,0.2837303616516209,0.2837303616516209,0.2837303616516209,0.3287438953473978,0.1913509534173118,0.7811591077009293,0.2913532870699891,4.722008020004437e-06,0.2303616646791566,4.406393945072549e-07,0.137826880545781,0.6703997885487111,2.405775122038973e-06,-0.0006617340520376,-0.0007425547673885,100000.0,0.0,0.478435833973823,0.7097997031372616,0.0111277256209176,0.5662747045929442,0.798125165809622,0.4879731883762679,0.7110887173020436,0.8556861258481272,0.4154205646491997,0.0691684154016732,100000,30,10,0.1,3.0,0.1,0,9,0.001,1e-06,0.001,1e-07,1.0,1e-08,adamax,0,0.0,disordered,1,0.2820013837802279,0 days 05:32:02.756286,0.0006617417864097,1.9641138370269207,1.6318665823290588
481,481,481,481,0.2054117348353062,0.2054117348353062,0.2054117348353062,0.2054117348353062,0.2054117348353062,0.2054117348353062,0.2054117348353062,0.2054117348353062,0.2054117348353062,0.2054117348353062,0.2108702834179541,6.547891705356833e-07,0.910518102874522,1.73611849130814e-07,0.0707366176043514,1.530954034846995e-07,0.0068130485823682,0.4750463974740755,0.0107093769222574,1.2571755759454004e-07,-0.0009249660912064,-0.0012074608002161,100000.0,0.0,0.21481716726873,0.027370347994099,0.2673811318615855,0.8402521137735526,0.6311792806088276,0.7754008736993969,0.7963530460720882,0.6621589030010724,0.3018418328821807,0.4077530885422836,100000,30,10,0.1,3.0,0.1,0,9,0.001,1e-06,0.001,1e-07,1.0,1e-08,adamax,0,0.0,disordered,1,0.2072013783952898,0 days 05:32:02.756286,0.000924991021327,1.755034911990005,1.4835834629459461
482,482,482,482,0.1076624177045491,0.1076624177045491,0.1076624177045491,0.1076624177045491,0.1076624177045491,0.1076624177045491,0.1076624177045491,0.1076624177045491,0.1076624177045491,0.1076624177045491,0.2175083070441717,0.7389147580390917,4.084979055624111e-06,0.0915834348960353,2.779550007529347e-06,0.56948869139854,1.7537583901571457e-06,0.0683670988091988,3.058688652609261e-06,0.0700446632365536,-0.0007970274517307,-0.001206216096652,8627.0,1.0,0.315598569222289,0.1942469018847711,0.7067296460618379,0.1257908558701507,0.7312760855115343,0.6355366742436587,0.8842038458507566,0.3874426485613825,0.8507308290949293,0.802486585118113,100000,30,10,0.1,3.0,0.1,0,9,0.001,1e-06,0.001,1e-07,1.0,1e-08,adamax,0,0.0,disordered,1,0.1080618414606451,0 days 05:32:02.756286,0.0007970296389406,2.1108837256869615,1.9298421774229313
483,483,483,483,0.367392478180207,0.367392478180207,0.367392478180207,0.367392478180207,0.367392478180207,0.367392478180207,0.367392478180207,0.367392478180207,0.367392478180207,0.367392478180207,0.0833952056434123,0.2887971867230106,0.1112076166922163,0.587766767033255,0.2407324959974386,0.1465658928420197,1.0001248106320078,0.2255689475335762,0.0702062182336487,0.0839010940446864,-0.0005660282308809,-0.0006688218306098,1141.0,0.0,0.494292289273477,0.682609900786407,0.3725641663523547,0.0272673938552502,0.5852438550101288,0.3029416083570135,0.7682780523368302,0.0085747911495276,0.1139757795184868,0.2719907458348116,100000,30,10,0.1,3.0,0.1,0,9,0.001,1e-06,0.001,1e-07,1.0,1e-08,adamax,0,0.0,disordered,1,0.3646215251959827,0 days 05:32:02.756286,0.0005660410441454,1.7612475106983458,1.6306652281719005
484,484,484,484,0.3228628202536728,0.3228628202536728,0.3228628202536728,0.3228628202536728,0.3228628202536728,0.3228628202536728,0.3228628202536728,0.3228628202536728,0.3228628202536728,0.3228628202536728,0.2478580647183373,0.4788165536798172,0.0542174074642935,0.3839557896514234,0.0178195870952735,0.6781183759692593,0.0517539456829269,9.202264742421514e-05,0.2328141943448357,0.8468583353611318,-0.000616772944809,-0.0007209463313365,8349.0,1.0,0.4229709442014934,0.7402405870844017,0.9094144345855256,0.4534370584472261,0.8229161262468085,0.656355197498123,0.1309073656753179,0.1402004458444904,0.2807439231489774,0.8956601217678828,100000,30,10,0.1,3.0,0.1,0,9,0.001,1e-06,0.001,1e-07,1.0,1e-08,adamax,0,0.0,disordered,1,0.3244138983014266,0 days 05:32:02.756286,0.0006167782719263,1.6771615631886994,1.5758603916426805
485,485,485,485,0.31260072430687,0.31260072430687,0.31260072430687,0.31260072430687,0.31260072430687,0.31260072430687,0.31260072430687,0.31260072430687,0.31260072430687,0.31260072430687,0.061531191526725,1.0000056002584543,0.3163482498824687,0.075317707207018,0.0680367815165264,0.0788380179099549,0.1006993665039965,0.8617593925940278,0.192974325107948,0.1900148460170224,-0.0005993785811601,-0.0007308742815476,784.0,0.0,0.0052103594162772,0.0024384183678635,0.8539605659647084,0.7587486691203781,0.8487034707947382,0.7024587747403095,0.8064897356075094,0.096040064869908,0.5781044751257525,0.3557285128888002,100000,30,10,0.1,3.0,0.1,0,9,0.001,1e-06,0.001,1e-07,1.0,1e-08,adamax,0,0.0,disordered,1,0.3166981953282843,0 days 05:32:02.756286,0.0005994118580544,1.6918865467693063,1.4993098877808622
486,486,486,486,0.2747120789270809,0.2747120789270809,0.2747120789270809,0.2747120789270809,0.2747120789270809,0.2747120789270809,0.2747120789270809,0.2747120789270809,0.2747120789270809,0.2747120789270809,0.3480298025794085,0.076541180714915,4.694427331715515e-05,3.60777582940826e-05,7.479432961004626e-05,0.2745612010716565,0.4826864093220007,0.0001297566047966,0.4800998132107892,0.4076557386534983,-0.0006765910732226,-0.0007597463607937,7823.0,1.0,0.5352373611196514,0.3138085245158396,0.2168241248413949,0.1832146756250892,0.111436722645928,0.3791756494409032,0.8301401342107841,0.5756462290507317,0.2979740544920835,0.9069290345564972,100000,30,10,0.1,3.0,0.1,0,9,0.001,1e-06,0.001,1e-07,1.0,1e-08,adamax,0,0.0,disordered,1,0.2747656502582463,0 days 05:32:02.756286,0.0006765910727169,1.618587415566566,1.5835489781456646
487,487,487,487,0.1805148879221106,0.1805148879221106,0.1805148879221106,0.1805148879221106,0.1805148879221106,0.1805148879221106,0.1805148879221106,0.1805148879221106,0.1805148879221106,0.1805148879221106,0.2162834550502114,0.0317886897202796,0.6487013574193371,2.9746989666961246e-06,2.58559393010554e-06,3.413380178795849e-06,0.5666698364027748,3.199175650609332e-05,8.727241482272543e-06,4.513737225726461e-06,-0.001001449803477,-0.001362351071526,8961.0,1.0,0.3662335026779724,0.4468067111537439,0.7855805416840606,0.4125200819409031,0.2548748480658125,0.4021089501413448,0.5486725296813683,0.9139300065742512,0.7564984767438613,0.8962173909518593,100000,30,10,0.1,3.0,0.1,0,9,0.001,1e-06,0.001,1e-07,1.0,1e-08,adamax,0,0.0,disordered,1,0.1820235405233871,0 days 05:32:02.756286,0.0010014708361976,1.6510095340258124,1.6731230442280078
488,488,488,488,0.3228628202536728,0.3228628202536728,0.3228628202536728,0.3228628202536728,0.3228628202536728,0.3228628202536728,0.3228628202536728,0.3228628202536728,0.3228628202536728,0.3228628202536728,0.0729590775315864,0.0762794165617513,0.0767920126671534,0.2900200871927328,1.0004100192718932,0.286859146721262,0.0798420758264901,0.2518532671051451,0.1627441631384716,0.0711434282463734,-0.0006540440730159,-0.0008295969930888,728.0,0.0,0.5099466331230018,0.4735919599083603,0.4083233663942057,0.1681273293857886,0.8215385562983929,0.0970294966266348,0.2897827467680697,0.2230409716587458,0.5645456657759919,0.6036830194577983,100000,30,10,0.1,3.0,0.1,0,9,0.001,1e-06,0.001,1e-07,1.0,1e-08,adamax,0,0.0,disordered,1,0.3185633966410907,0 days 05:32:02.756286,0.0006540928104538,1.880583722312798,1.6907414095502613
489,489,489,489,0.2575263326771198,0.2575263326771198,0.2575263326771198,0.2575263326771198,0.2575263326771198,0.2575263326771198,0.2575263326771198,0.2575263326771198,0.2575263326771198,0.2575263326771198,1.9628343209936385e-05,4.056535012218073e-05,0.1029515781787964,5.013668280273124e-05,0.3646785946711339,0.2492757206613348,0.0007010954430571,0.375974321717464,0.5478359138546532,5.206352034892234e-05,-0.0006977361925295,-0.0007928477742658,7719.0,1.0,0.269830185183328,0.1788124517459227,0.2357624150844014,0.3336217547611876,0.3891640820689176,0.7861287104793945,0.9062220227841236,0.6540003011172316,0.0552854511999436,0.4636160285123724,100000,30,10,0.1,3.0,0.1,0,9,0.001,1e-06,0.001,1e-07,1.0,1e-08,adamax,0,0.0,disordered,1,0.254258277521129,0 days 05:32:02.756286,0.000697767448895,1.7242166047982697,1.4840210355735544
490,490,490,490,0.4047756965997316,0.4047756965997316,0.4047756965997316,0.4047756965997316,0.4047756965997316,0.4047756965997316,0.4047756965997316,0.4047756965997316,0.4047756965997316,0.4047756965997316,0.7707592731929223,0.1332387534717347,0.5239169771533426,0.1396004856615524,0.1757939452173222,0.1800634673512634,0.256462735629635,0.2320105354317307,0.4273902906441609,1.0008027726648676,-0.0005051991680245,-0.0005949805546858,490.0,0.0,0.4689136373784628,0.8920170040860286,0.32096795300436,0.7187049607086551,0.7888855286745555,0.512166154123716,0.4918572089274071,0.1198997511692875,0.061671327308401,0.9720885810041372,100000,30,10,0.1,3.0,0.1,0,9,0.001,1e-06,0.001,1e-07,1.0,1e-08,adamax,0,0.0,disordered,1,0.4065884284608764,0 days 05:32:02.756286,0.0005052031260215,1.6369131951972276,1.5509389543695289
491,491,491,491,0.5964184945842456,0.5964184945842456,0.5964184945842456,0.5964184945842456,0.5964184945842456,0.5964184945842456,0.5964184945842456,0.5964184945842456,0.5964184945842456,0.5964184945842456,0.3386086716727951,0.4559379900037069,0.3282454368656529,0.9690717824246452,0.3341101319791849,0.9038486815106108,0.3324467319244287,0.674019938394274,0.4536387232069656,1.0008225220454725,-0.0003273546194857,-0.0003542363751013,259.0,0.0,0.5635966875862833,0.2670546605161175,0.8035496595825786,0.0546817624572014,0.9434314091097408,0.1700249450255782,0.9855642339512826,0.2939539801636963,0.9085108274267332,0.0418157492874561,100000,30,10,0.1,3.0,0.1,0,9,0.001,1e-06,0.001,1e-07,1.0,1e-08,adamax,0,0.0,disordered,1,0.5972875241051705,0 days 05:32:02.756286,0.0003273546830344,1.6828097562590885,1.6257073657906822
492,492,492,492,0.3444087275973818,0.3444087275973818,0.3444087275973818,0.3444087275973818,0.3444087275973818,0.3444087275973818,0.3444087275973818,0.3444087275973818,0.3444087275973818,0.3444087275973818,3.093205449368351e-05,6.92312688345044e-05,0.2974422391086974,0.9621789545453776,9.904125256205785e-05,0.5329443796119605,0.289068639246038,0.351728728755365,0.3458492075051272,0.0001412058280631,-0.0005949810300223,-0.0006411735726121,7806.0,1.0,0.1454353558572717,0.0381762160982447,0.2866313393220127,0.7544789863006167,0.1546988089103884,0.1323172182467685,0.7117267801151361,0.5607881410253226,0.058666084156174,0.2848001838030859,100000,30,10,0.1,3.0,0.1,0,9,0.001,1e-06,0.001,1e-07,1.0,1e-08,adamax,0,0.0,disordered,1,0.3407268393825085,0 days 05:32:02.756286,0.0005950056982915,1.7593446092685332,1.5975604704312627
493,493,493,493,0.3794532847236935,0.3794532847236935,0.3794532847236935,0.3794532847236935,0.3794532847236935,0.3794532847236935,0.3794532847236935,0.3794532847236935,0.3794532847236935,0.3794532847236935,5.010852147865763e-07,0.2488908788129514,0.1988164558408433,5.490181556558904e-07,2.5628554112188804e-07,0.3479703063181031,0.7011096416842297,0.0579720594430609,0.7923190139360963,0.1978945882037109,-0.0005400750380505,-0.0006004885079406,100000.0,0.0,0.7555647851154688,0.5473565225145267,0.9435050805737084,0.771561222329849,0.7405937992546697,0.8103166757963779,0.0849733834319158,0.3521430743892157,0.8124079306416224,0.2975640905150405,100000,30,10,0.1,3.0,0.1,0,9,0.001,1e-06,0.001,1e-07,1.0,1e-08,adamax,0,0.0,disordered,1,0.3763609062726425,0 days 05:32:02.756286,0.0005400878423496,1.9396736204020462,1.5701955779252679
494,494,494,494,0.3228628202536728,0.3228628202536728,0.3228628202536728,0.3228628202536728,0.3228628202536728,0.3228628202536728,0.3228628202536728,0.3228628202536728,0.3228628202536728,0.3228628202536728,0.2127807655711587,0.0623625722059535,0.4998236564016633,7.355349990615844e-05,0.4675097218678125,0.3622457280466201,0.2203437751827316,0.9564680857718648,0.0638358153674316,0.0001062818178909,-0.000546536027072,-0.0006493383130359,7665.0,1.0,0.4464281301385905,0.6224321748314845,0.1122971306986191,0.6977694787300996,0.3950396829832031,0.8776528213979036,0.4886122252177215,0.0308946940186498,0.751795361244465,0.6927397456998063,100000,30,10,0.1,3.0,0.1,0,9,0.001,1e-06,0.001,1e-07,1.0,1e-08,adamax,0,0.0,disordered,1,0.3254558762119297,0 days 05:32:02.756286,0.0005465449677305,1.9407166140456973,1.7125325179153592
495,495,495,495,0.1925613572129196,0.1925613572129196,0.1925613572129196,0.1925613572129196,0.1925613572129196,0.1925613572129196,0.1925613572129196,0.1925613572129196,0.1925613572129196,0.1925613572129196,0.3087554901367329,1.7429563241376482e-06,7.557478385327827e-07,4.524082963742159e-06,0.8167876653387061,0.0592620187149706,0.4117995745694585,0.0384202053512795,0.307882434898022,2.1488386167221137e-05,-0.0006686167249355,-0.0008681939938963,8071.0,1.0,0.9494849847345456,0.811636590478624,0.5665228893220841,0.7819235397398189,0.1950920852207742,0.9073612470162165,0.7653546737569467,0.4945839206501871,0.0407779596741447,0.4142351233312004,100000,30,10,0.1,3.0,0.1,0,9,0.001,1e-06,0.001,1e-07,1.0,1e-08,adamax,0,0.0,disordered,1,0.1924211490196991,0 days 05:32:02.756286,0.0006686166758628,2.0416756969998757,1.8624455134683453
496,496,496,496,0.1988827856988807,0.1988827856988807,0.1988827856988807,0.1988827856988807,0.1988827856988807,0.1988827856988807,0.1988827856988807,0.1988827856988807,0.1988827856988807,0.1988827856988807,0.0101854736393026,0.6835540373419595,2.8470933929557822e-06,0.7162182084986347,0.3784827240305207,1.029021085727631e-07,1.0515984992624582e-06,4.4032565289080986e-07,0.5263175875959863,0.019402111722525,-0.000647024519911,-0.0008428445343457,11926.0,1.0,0.3535042484970484,0.6620531995427018,0.9880842517880194,0.3135986493894647,0.933431091643605,0.6842137419365485,0.1592815852935352,0.6763240937503852,0.5538886611125697,0.2735114227291052,100000,30,10,0.1,3.0,0.1,0,9,0.001,1e-06,0.001,1e-07,1.0,1e-08,adamax,0,0.0,disordered,1,0.1990325649293166,0 days 05:32:02.756286,0.0006470245531988,1.8751002971204154,1.7507671377698761
497,497,497,497,0.3794532847236935,0.3794532847236935,0.3794532847236935,0.3794532847236935,0.3794532847236935,0.3794532847236935,0.3794532847236935,0.3794532847236935,0.3794532847236935,0.3794532847236935,0.0517483189348548,0.4547724772975108,0.7226143664267745,0.0783529681612232,0.0663400803829532,0.6371079206929853,0.0959988320877978,0.0315313026643796,1.0001771387052178,0.0577864995121364,-0.0005535782172823,-0.0006107311457323,1143.0,0.0,0.133063356038502,0.1645701961075513,0.8679442034747825,0.4744179740261339,0.5662040009371612,0.7366603978298915,0.2085849027409158,0.2484993359274289,0.7772139981506381,0.3088217808617497,100000,30,10,0.1,3.0,0.1,0,9,0.001,1e-06,0.001,1e-07,1.0,1e-08,adamax,0,0.0,disordered,1,0.3743457118357734,0 days 05:32:02.756286,0.000553616459737,1.571176517765775,1.5473740065809563
498,498,498,498,0.3026648059395688,0.3026648059395688,0.3026648059395688,0.3026648059395688,0.3026648059395688,0.3026648059395688,0.3026648059395688,0.3026648059395688,0.3026648059395688,0.3026648059395688,0.3777581843390073,1.000039019255217,0.0306224178283518,0.200919953212829,0.784685329562447,0.0109272802424326,0.0229999126616146,0.0113867338505887,0.6406757837262119,0.0187068303905062,-0.0006669544683584,-0.0007858559090796,1652.0,0.0,0.1511325383147743,0.8082834161692315,0.3038834508652234,0.1242761929970105,0.6315405474397277,0.2591674506590259,0.1431606887088047,0.2548469647279749,0.6287139094798047,0.2929084127701069,100000,30,10,0.1,3.0,0.1,0,9,0.001,1e-06,0.001,1e-07,1.0,1e-08,adamax,0,0.0,disordered,1,0.303537602170208,0 days 05:32:02.756286,0.0006669561514218,1.7492581585944205,1.578313462059305
499,499,499,499,0.1186173716452477,0.1186173716452477,0.1186173716452477,0.1186173716452477,0.1186173716452477,0.1186173716452477,0.1186173716452477,0.1186173716452477,0.1186173716452477,0.1186173716452477,0.639876139326769,3.4580714030751e-06,2.203800849392072e-06,0.0474148470532366,2.342337937188399e-06,4.944583323217861e-06,0.1918374534306694,0.0508994191714426,0.2482153439632906,5.880011248344735e-06,-0.00102258275894,-0.0012904459295039,8734.0,1.0,0.0834227142913034,0.4945478267642822,0.291793899664122,0.1565978688724559,0.5078217290705839,0.3486204132743177,0.5769817632936873,0.7510713306790604,0.4694937053806567,0.8616798220997797,100000,30,10,0.1,3.0,0.1,0,9,0.001,1e-06,0.001,1e-07,1.0,1e-08,adamax,0,0.0,disordered,1,0.1198796822294774,0 days 05:32:02.756286,0.0010226007321094,2.48995510847677,1.8334712609288886
