,Unnamed: 0.2,Unnamed: 0.1,Unnamed: 0,Gamma0_1,Gamma0_2,Gamma0_3,Gamma0_4,Gamma0_5,Gamma0_6,Gamma0_7,Gamma0_8,Gamma0_9,Gamma0_10,Gamma1,Gamma2,Gamma3,Gamma4,Gamma5,Gamma6,Gamma7,Gamma8,Gamma9,Gamma10,eta0,eta,count,success,e1,e2,e3,e4,e5,e6,e7,e8,e9,e10,max_iter,min_iter,N,Jmax,alpha,gleak,ex,lk,rate,minGg,maxGg,minGo,maxGo,tol,optim,exfix,exval,profile,seed,Gamma,runtime,ueta,cohlength,ucohlength
0,0,0,0,0.3919100249433399,0.3919100249433399,0.3919100249433399,0.3919100249433399,0.3919100249433399,0.3919100249433399,0.3919100249433399,0.3919100249433399,0.3919100249433399,0.3919100249433399,0.6073778121129868,0.2310889275517105,1.0002490335291585,0.6408384493898486,0.3978651091632501,0.0014078848619244,0.5082155741749296,0.0017019521605204,0.2995557699316646,0.6124556618591245,-0.0004778042926144,-0.0005388076928692,4423.0,0.0,0.5118216247002567,0.9504636963259352,0.1441596127196337,0.948649447137244,0.3118314520104854,0.4233264489725756,0.8277025938204418,0.4091991363691613,0.5495936876730595,0.0275591132430683,100000,30,10,0.1,5.0,0.1,0,9,0.001,1e-06,0.001,1e-07,1.0,1e-08,adamax,0,0.0,disordered,1,0.3864080255070243,0 days 04:00:08.186527,0.0004778332897848,1.5391667256384687,1.3327133904399215
1,1,1,1,0.1394082826282576,0.1394082826282576,0.1394082826282576,0.1394082826282576,0.1394082826282576,0.1394082826282576,0.1394082826282576,0.1394082826282576,0.1394082826282576,0.1394082826282576,0.1905641926266965,0.2329894455348361,4.045708905845949e-05,0.6128571194314466,0.1413754305641987,3.539952433194034e-05,0.2191130341724359,0.148295816422953,7.340683250139343e-05,1.9613866649255503e-05,-0.0008985846554485,-0.0010493250529408,8138.0,1.0,0.7535131086748066,0.5381433132192782,0.3297317164990921,0.7884287034284043,0.303194829291645,0.4534978894806515,0.1340416972471647,0.4031129864471292,0.2034552406761496,0.2623133404418495,100000,30,10,0.1,5.0,0.1,0,9,0.001,1e-06,0.001,1e-07,1.0,1e-08,adamax,0,0.0,disordered,1,0.1393771381386098,0 days 04:00:08.186527,0.0008985846477248,1.9649740766296584,1.8968976736014416
2,2,2,2,0.3794532847236935,0.3794532847236935,0.3794532847236935,0.3794532847236935,0.3794532847236935,0.3794532847236935,0.3794532847236935,0.3794532847236935,0.3794532847236935,0.3794532847236935,0.7315106734187883,0.1172565532733165,0.6603781101143688,0.1209229440707391,0.1663130410688566,0.2072765123083677,0.2503609094478308,0.1689189996328977,0.3455745818385567,1.000493213288129,-0.0005266227252943,-0.0006158601691573,543.0,0.0,0.7503646726300526,0.2804087579860399,0.485190974431635,0.9807371998012386,0.9616571936637868,0.7247899407735336,0.5412268555474342,0.2768912040453708,0.1606520087751268,0.9699254132161326,100000,30,10,0.1,5.0,0.1,0,9,0.001,1e-06,0.001,1e-07,1.0,1e-08,adamax,0,0.0,disordered,1,0.3742042303393163,0 days 04:00:08.186527,0.0005266638614985,1.1939522670908551,1.1811713306247216
3,3,3,3,0.3919100249433399,0.3919100249433399,0.3919100249433399,0.3919100249433399,0.3919100249433399,0.3919100249433399,0.3919100249433399,0.3919100249433399,0.3919100249433399,0.3919100249433399,7.2633484014546e-06,0.1485713783371489,0.0048258686695293,0.0010210644734103,1.0959792425189512e-05,0.5742928057215038,0.9482230549235264,0.0001383353022851,0.1032005355144946,0.5988655048512406,-0.0004927348002921,-0.0006392764949473,7552.0,1.0,0.5160685855478787,0.1158656124707703,0.6234897555375004,0.776683114342298,0.6130033010530405,0.9172977047909028,0.0395928766642028,0.5285892632600216,0.4593358828854037,0.0623495791498756,100000,30,10,0.1,5.0,0.1,0,9,0.001,1e-06,0.001,1e-07,1.0,1e-08,adamax,0,0.0,disordered,1,0.3960716395333933,0 days 04:00:08.186527,0.0004927565193475,2.3298546822478867,1.2749829954613325
4,4,4,4,0.3444087275973818,0.3444087275973818,0.3444087275973818,0.3444087275973818,0.3444087275973818,0.3444087275973818,0.3444087275973818,0.3444087275973818,0.3444087275973818,0.3444087275973818,1.464134603597405e-05,0.0627981330022632,0.0156621988553648,0.5310579604271178,0.4815606300586141,0.0328880378698889,0.2547673426165687,9.165258864166711e-06,0.6777333652410332,1.0605745247412688e-05,-0.0004976288083275,-0.0006291056953019,8274.0,1.0,0.641328169139375,0.8526328384806567,0.592941018104284,0.2600974477372232,0.8398815210314088,0.5094958815215094,0.510888884466533,0.7530302077021779,0.1479220357849565,0.819626719119277,100000,30,10,0.1,5.0,0.1,0,9,0.001,1e-06,0.001,1e-07,1.0,1e-08,adamax,0,0.0,disordered,1,0.3489913585068167,0 days 04:00:08.186527,0.0004976498289755,1.8869569319479036,1.3505566977895282
5,5,5,5,0.3794532847236935,0.3794532847236935,0.3794532847236935,0.3794532847236935,0.3794532847236935,0.3794532847236935,0.3794532847236935,0.3794532847236935,0.3794532847236935,0.3794532847236935,0.0311149894722027,0.7313891325285155,0.1330124750968824,0.8606815805834429,0.0143631788144139,1.0000650265374564,0.148980022170282,0.0292568149643048,0.0337560130391506,0.6559607955602441,-0.0005050410761204,-0.0006064766051851,1567.0,0.0,0.6832869060032571,0.787096941554801,0.1916162590201352,0.80236416113453,0.1913239260572002,0.0815526173635127,0.8552269742870702,0.8612834961776684,0.8765370964165805,0.4719097193587902,100000,30,10,0.1,5.0,0.1,0,9,0.001,1e-06,0.001,1e-07,1.0,1e-08,adamax,0,0.0,disordered,1,0.3851711038531699,0 days 04:00:08.186527,0.000505083468287,1.3186213810756595,1.2915815835892783
6,6,6,6,0.2837303616516209,0.2837303616516209,0.2837303616516209,0.2837303616516209,0.2837303616516209,0.2837303616516209,0.2837303616516209,0.2837303616516209,0.2837303616516209,0.2837303616516209,9.259116928441648e-05,0.8780877480997491,0.1867123469891057,7.883464098997279e-06,0.7743177532629216,0.0403084341707043,0.1121922986300194,0.5084530065167367,1.0528196064384766e-05,0.1913473614999243,-0.000695695469205,-0.0007979970656643,11447.0,1.0,0.2740483886137183,0.0070918286031662,0.6457208955749478,0.719909383508693,0.8355692165002742,0.2818778273645421,0.2152181671629736,0.6393313800665879,0.8050548331450097,0.9636708728449708,100000,30,10,0.1,5.0,0.1,0,9,0.001,1e-06,0.001,1e-07,1.0,1e-08,adamax,0,0.0,disordered,1,0.2825561200235779,0 days 04:00:08.186527,0.0006957004462864,1.2897831158550435,1.2976866467627348
7,7,7,7,0.2414157116103016,0.2414157116103016,0.2414157116103016,0.2414157116103016,0.2414157116103016,0.2414157116103016,0.2414157116103016,0.2414157116103016,0.2414157116103016,0.2414157116103016,0.4584922337143904,0.2550119392620168,0.6185468427199556,0.1183100169143681,2.994322790409207e-06,0.4805251846137152,6.430934524090068e-06,0.2195605037753095,0.0161845219426691,9.577411206231366e-06,-0.000639820829614,-0.0009271295165742,8705.0,1.0,0.1505248304211774,0.4822123881993365,0.8947158621961735,0.4227169069454373,0.5895020620840481,0.0244906774933632,0.6734598871529389,0.9190886196338224,0.8268253295567211,0.8855202667099468,100000,30,10,0.1,5.0,0.1,0,9,0.001,1e-06,0.001,1e-07,1.0,1e-08,adamax,0,0.0,disordered,1,0.2375658360196346,0 days 04:00:08.186527,0.0006398449274908,2.018517166753302,1.4958616583872506
8,8,8,8,0.4180637241455752,0.4180637241455752,0.4180637241455752,0.4180637241455752,0.4180637241455752,0.4180637241455752,0.4180637241455752,0.4180637241455752,0.4180637241455752,0.4180637241455752,0.0939530113615936,0.6246355057597608,0.0549624002011715,0.6690261255729837,0.1210966377732877,1.0002562218466873,0.6459971699000612,0.3431803598776222,0.091399148373225,0.0758723651036187,-0.0004225056397178,-0.0004961863401278,935.0,0.0,0.6603553805205233,0.2455522672431775,0.7685169988962544,0.2116747426075105,0.8312748346644612,0.0627179225707682,0.8254878133935558,0.1645072664741013,0.3751469964966418,0.3167381665569643,100000,30,10,0.1,5.0,0.1,0,9,0.001,1e-06,0.001,1e-07,1.0,1e-08,adamax,0,0.0,disordered,1,0.4179386768226956,0 days 04:00:08.186527,0.0004225056612621,1.4888718520745954,1.3449659363724278
9,9,9,9,0.2414157116103016,0.2414157116103016,0.2414157116103016,0.2414157116103016,0.2414157116103016,0.2414157116103016,0.2414157116103016,0.2414157116103016,0.2414157116103016,0.2414157116103016,0.6885317464776368,0.2546115726627074,6.642764051158272e-05,0.3937087888345129,0.0609133724856925,0.0855319849220103,0.6644578567437786,0.0505892559176744,0.2519583003758568,0.002257975430733,-0.0006812272419514,-0.0007487233249766,6386.0,1.0,0.6913370352777413,0.1785718781743719,0.3962561622169864,0.0058245951079809,0.2624947127501015,0.4211888142289552,0.1059212367073244,0.6331599460365578,0.3804242698865323,0.7252939380762389,100000,30,10,0.1,5.0,0.1,0,9,0.001,1e-06,0.001,1e-07,1.0,1e-08,adamax,0,0.0,disordered,1,0.2442219665028136,0 days 04:00:08.186527,0.0006812526354523,1.8066866869131466,1.5137893058878107
10,10,10,10,0.4757236139187883,0.4757236139187883,0.4757236139187883,0.4757236139187883,0.4757236139187883,0.4757236139187883,0.4757236139187883,0.4757236139187883,0.4757236139187883,0.4757236139187883,0.1189622625457101,0.4346350614241367,0.1757852365504779,0.0992997643083403,0.2948955375979801,0.2643307775151017,0.1101031163704749,0.4453679509804145,1.000057184281545,0.3911604541044818,-0.0004120649830535,-0.0004635885950941,1103.0,0.0,0.6538660110683944,0.4312267487774062,0.8673205056421992,0.632135117500167,0.8102743521062991,0.341794723940113,0.5436692896684556,0.1962968851147534,0.996141190118628,0.2432154643063271,100000,30,10,0.1,5.0,0.1,0,9,0.001,1e-06,0.001,1e-07,1.0,1e-08,adamax,0,0.0,disordered,1,0.4738823032406559,0 days 04:00:08.186527,0.0004120669977087,1.5774508896501371,1.242435465160623
11,11,11,11,0.2414157116103016,0.2414157116103016,0.2414157116103016,0.2414157116103016,0.2414157116103016,0.2414157116103016,0.2414157116103016,0.2414157116103016,0.2414157116103016,0.2414157116103016,0.2715910732983814,3.573653073317705e-05,0.7779418573835437,5.840937454680612e-05,0.2840157657236805,0.5325612444937493,0.1306574696980453,1.0331687738655852e-05,0.133405340957337,6.084124362372137e-06,-0.0007550817985379,-0.0009187106972988,8408.0,1.0,0.2568674672271027,0.0731900723909659,0.2578031189967366,0.7631285325440532,0.6978935706830813,0.1286732123171694,0.3762385014280942,0.4209213946174629,0.6649842463619607,0.4559289630437488,100000,30,10,0.1,5.0,0.1,0,9,0.001,1e-06,0.001,1e-07,1.0,1e-08,adamax,0,0.0,disordered,1,0.2431971086849243,0 days 04:00:08.186527,0.0007550962345729,1.5481223529837158,1.406952828595222
12,12,12,12,0.100927151463057,0.100927151463057,0.100927151463057,0.100927151463057,0.100927151463057,0.100927151463057,0.100927151463057,0.100927151463057,0.100927151463057,0.100927151463057,0.4750041246623436,5.853250337762717e-06,0.5924928414636594,5.313608155356043e-06,3.3209975698224982e-06,0.0727794041999744,0.1012157625534355,6.266460038690562e-06,0.0034687342306971,3.468102673420192e-06,-0.0014399330008149,-0.0018810874235486,9227.0,1.0,0.5865183268255314,0.8396846036089424,0.7264736103123705,0.3650072635085589,0.4483963093444842,0.3676995696900066,0.1097346640066967,0.2032415440873966,0.2838064889441311,0.3141338956023022,100000,30,10,0.1,5.0,0.1,0,9,0.001,1e-06,0.001,1e-07,1.0,1e-08,adamax,0,0.0,disordered,1,0.1012289041590193,0 days 04:00:08.186527,0.0014399370746137,2.164325410256526,1.8568890189260776
13,13,13,13,0.1487115462808952,0.1487115462808952,0.1487115462808952,0.1487115462808952,0.1487115462808952,0.1487115462808952,0.1487115462808952,0.1487115462808952,0.1487115462808952,0.1487115462808952,0.2054300250118941,0.3478234491135878,0.3245742544870334,2.288879445292161e-07,9.999992879406858e-08,2.589683586227013e-07,0.2048583524990032,0.1174089261150361,0.263353917442167,0.0173766667841514,-0.0010466034652525,-0.0011709536955901,90070.0,0.0,0.3130478588199377,0.576699716252952,0.9716899756197548,0.774664134923732,0.7911339481728052,0.75926850053958,0.5969877305237564,0.9176922571709129,0.689630155447081,0.500356430736871,100000,30,10,0.1,5.0,0.1,0,9,0.001,1e-06,0.001,1e-07,1.0,1e-08,adamax,0,0.0,disordered,1,0.1464511164245192,0 days 04:00:08.186527,0.0010466631725454,1.7290773408499682,1.6443218149938617
14,14,14,14,0.2837303616516209,0.2837303616516209,0.2837303616516209,0.2837303616516209,0.2837303616516209,0.2837303616516209,0.2837303616516209,0.2837303616516209,0.2837303616516209,0.2837303616516209,2.333601870057336e-06,0.0351708198744531,1.6766893158055066e-06,6.547378967741058e-07,0.8316504171590118,9.231891117752146e-07,1.404260399914658e-06,1.0519019795635049e-06,0.4435365471950266,0.2125631680473068,-0.0006169023517458,-0.0008278213696841,9228.0,1.0,0.0770838085005387,0.4884492270855238,0.2128309953403343,0.1326962975467872,0.506064922529373,0.785085292596959,0.2950064428055194,0.7687717599091665,0.5256295231622541,0.1490480233707125,100000,30,10,0.1,5.0,0.1,0,9,0.001,1e-06,0.001,1e-07,1.0,1e-08,adamax,0,0.0,disordered,1,0.2821120626040934,0 days 04:00:08.186527,0.0006169081730308,2.19123852158041,1.3972785907153098
15,15,15,15,0.4047756965997316,0.4047756965997316,0.4047756965997316,0.4047756965997316,0.4047756965997316,0.4047756965997316,0.4047756965997316,0.4047756965997316,0.4047756965997316,0.4047756965997316,1.000073812935035,0.1093837143305276,0.1047507355323313,0.8572040011532407,0.3772691335021759,0.7515032173471695,0.1084011192104085,0.1368534679628472,0.0965700385990604,0.937384568816118,-0.0004633718078952,-0.0005213342681741,628.0,0.0,0.9649677439797356,0.4016362238885175,0.2952342556626958,0.8469983706337296,0.1244603325154798,0.7335904610737034,0.1878247425654683,0.3924917760125824,0.2318998784621384,0.8412279926923869,100000,30,10,0.1,5.0,0.1,0,9,0.001,1e-06,0.001,1e-07,1.0,1e-08,adamax,0,0.0,disordered,1,0.4006711821037515,0 days 04:00:08.186527,0.0004633864041209,1.379409072017058,1.3204454149054121
16,16,16,16,0.4317879727332017,0.4317879727332017,0.4317879727332017,0.4317879727332017,0.4317879727332017,0.4317879727332017,0.4317879727332017,0.4317879727332017,0.4317879727332017,0.4317879727332017,0.50742155077485,0.6289157171664983,9.583220661491647e-05,0.0009109990636034,0.205018016307556,0.0003970806868927,0.0001341154176549,0.9694165199528036,0.4067613338823639,0.9507202874092376,-0.0004265869515741,-0.0004970097195375,7466.0,1.0,0.3900745519398617,0.9746928128822892,0.6252614844151068,0.6936228347029152,0.5215251221324175,0.3089681990755911,0.3955564210524287,0.9409341876619016,0.2012032007246644,0.9882189012202124,100000,30,10,0.1,5.0,0.1,0,9,0.001,1e-06,0.001,1e-07,1.0,1e-08,adamax,0,0.0,disordered,1,0.4253981264460229,0 days 04:00:08.186527,0.000426613138514,1.3849322172150005,1.230656589462993
17,17,17,17,0.3919100249433399,0.3919100249433399,0.3919100249433399,0.3919100249433399,0.3919100249433399,0.3919100249433399,0.3919100249433399,0.3919100249433399,0.3919100249433399,0.3919100249433399,0.9770672432973412,0.0046470527584865,0.1156476953727765,0.0077280864871683,0.5964465051005532,0.0015138430632664,0.1688034046921396,0.0017115674322584,1.0000065818244617,0.2469731806579759,-0.000481806304695,-0.000595322975624,2805.0,0.0,0.7583058620038184,0.3597869264926102,0.6415135895056033,0.3809815392930875,0.38149293263992,0.5038029501945296,0.016722821635377,0.4935715599433962,0.971598413446888,0.2854652287855784,100000,30,10,0.1,5.0,0.1,0,9,0.001,1e-06,0.001,1e-07,1.0,1e-08,adamax,0,0.0,disordered,1,0.38913243159349,0 days 04:00:08.186527,0.0004818139976034,1.960592507137887,1.2677794521006538
18,18,18,18,0.5241298302206053,0.5241298302206053,0.5241298302206053,0.5241298302206053,0.5241298302206053,0.5241298302206053,0.5241298302206053,0.5241298302206053,0.5241298302206053,0.5241298302206053,0.3381063351735433,0.299756614035861,0.2536404980013025,1.0011015037071336,0.4509212666180263,0.3145217377582269,0.7945590106181151,0.660417049014422,0.2987619068969321,0.2857286061369236,-0.0003805925655045,-0.0004069631057251,331.0,0.0,0.7482179590766121,0.442788890070495,0.2092810426177854,0.9050025708181296,0.0168272846802129,0.3035089265995107,0.9990258823239376,0.2621467961899895,0.849044521859272,0.6056831486557043,100000,30,10,0.1,5.0,0.1,0,9,0.001,1e-06,0.001,1e-07,1.0,1e-08,adamax,0,0.0,disordered,1,0.5191512054565095,0 days 04:00:08.186527,0.0003806057005352,1.2422464156270079,1.253529097002484
19,19,19,19,0.2659804395593755,0.2659804395593755,0.2659804395593755,0.2659804395593755,0.2659804395593755,0.2659804395593755,0.2659804395593755,0.2659804395593755,0.2659804395593755,0.2659804395593755,0.3585795777968629,0.000186669335834,0.30424379856694,0.4123673160176614,0.7851053771401164,4.3675959237215095e-05,9.265224681629266e-06,0.273920833681222,8.028483750996317e-05,6.132463166115948e-06,-0.0006854494791633,-0.0008876439546857,8454.0,1.0,0.8060357075271236,0.6303177554434782,0.3626968570578484,0.7607887845834825,0.0264845489039723,0.4468129517344519,0.371854569870106,0.4770740056373495,0.1276206864960696,0.2225068659462724,100000,30,10,0.1,5.0,0.1,0,9,0.001,1e-06,0.001,1e-07,1.0,1e-08,adamax,0,0.0,disordered,1,0.2659260597573827,0 days 04:00:08.186527,0.000685449480754,1.7821339746951046,1.476015268856407
20,20,20,20,0.2575263326771198,0.2575263326771198,0.2575263326771198,0.2575263326771198,0.2575263326771198,0.2575263326771198,0.2575263326771198,0.2575263326771198,0.2575263326771198,0.2575263326771198,0.1857284268417649,0.131032669215463,0.4011222973466256,6.566230489457388e-06,0.0360879906175487,0.0189584852408416,4.503770330635238e-06,0.5752156442504067,0.1475751550766952,0.7896719114761119,-0.0006267343099065,-0.0006974960133632,8541.0,1.0,0.5620515900997094,0.3877691156559539,0.7916562055903406,0.6051365892775145,0.8612666847869941,0.7323608373256045,0.601823447758565,0.2876156021959957,0.7827604679261685,0.2512675781710818,100000,30,10,0.1,5.0,0.1,0,9,0.001,1e-06,0.001,1e-07,1.0,1e-08,adamax,0,0.0,disordered,1,0.2611348202433743,0 days 04:00:08.186527,0.0006267611205291,2.1489269362875443,1.4371027725824093
21,21,21,21,0.3228628202536728,0.3228628202536728,0.3228628202536728,0.3228628202536728,0.3228628202536728,0.3228628202536728,0.3228628202536728,0.3228628202536728,0.3228628202536728,0.3228628202536728,1.0004134002932497,0.6737501320136701,0.0417168647838872,0.1035514332795759,0.05254440412073,0.5835869879377252,0.2295149174568664,0.5545263112257593,0.1329507399642336,0.0741321487315188,-0.0006016743192326,-0.0006891974677527,893.0,0.0,0.0752111118144044,0.9628645784432278,0.5400112050964692,0.7738942975498113,0.5292228076303601,0.6115797303718215,0.0338922505165062,0.1867936793538085,0.6746893954347775,0.5705645979524983,100000,30,10,0.1,5.0,0.1,0,9,0.001,1e-06,0.001,1e-07,1.0,1e-08,adamax,0,0.0,disordered,1,0.3263993738675874,0 days 04:00:08.186527,0.0006017033016066,1.4698928527158068,1.3019502602277404
22,22,22,22,0.293044697697214,0.293044697697214,0.293044697697214,0.293044697697214,0.293044697697214,0.293044697697214,0.293044697697214,0.293044697697214,0.293044697697214,0.293044697697214,0.6038522405127519,1.0001826707661483,0.4089177648556277,0.1424873153434686,0.3751991920094508,0.5760712984409782,0.2218601996716276,0.0512254077697592,0.0515453416899041,0.0414105204051526,-0.0006156513094459,-0.0007774680476024,991.0,0.0,0.1585550339867126,0.9520292687261848,0.1543536325474043,0.5103032497386853,0.1440028750192576,0.7173717261062347,0.2763130140951527,0.1341339751217832,0.0459871806705156,0.1748355378976236,100000,30,10,0.1,5.0,0.1,0,9,0.001,1e-06,0.001,1e-07,1.0,1e-08,adamax,0,0.0,disordered,1,0.2887372316974602,0 days 04:00:08.186527,0.0006156902157677,1.4009243642194922,1.4074745675376459
23,23,23,23,0.3919100249433399,0.3919100249433399,0.3919100249433399,0.3919100249433399,0.3919100249433399,0.3919100249433399,0.3919100249433399,0.3919100249433399,0.3919100249433399,0.3919100249433399,0.5186380547272051,0.1530772645422423,0.5842202236396092,0.154909868565597,0.151582978885091,0.1425634668580472,0.1526407802501866,0.1414721507485248,0.4796754465963633,1.0009866384465331,-0.0004945722963473,-0.0006453770688032,457.0,0.0,0.1917987167235664,0.5369720795717926,0.4510388861713912,0.9572943672535372,0.9541513368666424,0.7965461104684304,0.6715876339807033,0.8450230915683464,0.9387518284798846,0.0226177288870027,100000,30,10,0.1,5.0,0.1,0,9,0.001,1e-06,0.001,1e-07,1.0,1e-08,adamax,0,0.0,disordered,1,0.3974604059050193,0 days 04:00:08.186527,0.0004946105893097,1.3766071519926861,1.1512009784643893
24,24,24,24,0.293044697697214,0.293044697697214,0.293044697697214,0.293044697697214,0.293044697697214,0.293044697697214,0.293044697697214,0.293044697697214,0.293044697697214,0.293044697697214,4.907029597531296e-06,6.148539604679631e-06,0.0235888630229137,0.7060814561439194,0.0150085079293368,1.9462740017140944e-05,1.683782172877874e-05,0.6863014240476789,0.2500189213439675,2.0026524365295004e-05,-0.0006503102380157,-0.0008595020488805,8412.0,1.0,0.1181052271508587,0.3602638846836431,0.0935868530425997,0.5995244730532772,0.2603642223481086,0.2643397291323255,0.2883279886478656,0.09771565758439,0.7409444532381589,0.6506724295996501,100000,30,10,0.1,5.0,0.1,0,9,0.001,1e-06,0.001,1e-07,1.0,1e-08,adamax,0,0.0,disordered,1,0.2942825367904987,0 days 04:00:08.186527,0.000650314871309,2.2636616349645493,1.3809906430713772
25,25,25,25,0.2121550171362449,0.2121550171362449,0.2121550171362449,0.2121550171362449,0.2121550171362449,0.2121550171362449,0.2121550171362449,0.2121550171362449,0.2121550171362449,0.2121550171362449,0.3802361553568407,0.6578494611927703,3.7275167970155896e-05,0.7797734815605968,4.205484584438108e-06,0.1557009412904381,6.778547983354249e-06,8.502650029471994e-06,0.2497252744780341,0.0471586824118884,-0.0008045055789043,-0.0009485791473515,8255.0,1.0,0.6065080906412624,0.0340455822777754,0.4294641446388775,0.6852035898998426,0.1563466499035863,0.3856578446575508,0.0198341454699368,0.081857997077242,0.2164535799990539,0.4146501611412486,100000,30,10,0.1,5.0,0.1,0,9,0.001,1e-06,0.001,1e-07,1.0,1e-08,adamax,0,0.0,disordered,1,0.2132649728098758,0 days 04:00:08.186527,0.000804511898539,2.0095119670398343,1.5559153087990496
26,26,26,26,0.5241298302206053,0.5241298302206053,0.5241298302206053,0.5241298302206053,0.5241298302206053,0.5241298302206053,0.5241298302206053,0.5241298302206053,0.5241298302206053,0.5241298302206053,0.273427102014937,0.6528306048740902,0.3126900070399866,0.4114388182509687,1.001016060056212,0.2662590941650238,0.658224652148508,0.5860646341010328,0.3176182155231025,0.3973888852913116,-0.0003914667819993,-0.0004169599337767,299.0,0.0,0.4632400362873798,0.884521531618113,0.3166584421740133,0.0214638762771913,0.8262233467711652,0.0618469353735727,0.0929919926622283,0.963181716739735,0.7533654181283584,0.337854202779255,100000,30,10,0.1,5.0,0.1,0,9,0.001,1e-06,0.001,1e-07,1.0,1e-08,adamax,0,0.0,disordered,1,0.5249768739046473,0 days 04:00:08.186527,0.0003914673322436,1.207824437121109,1.2087224655393622
27,27,27,27,0.4317879727332017,0.4317879727332017,0.4317879727332017,0.4317879727332017,0.4317879727332017,0.4317879727332017,0.4317879727332017,0.4317879727332017,0.4317879727332017,0.4317879727332017,0.4797911998144369,0.0766529426990727,0.0386349402373933,0.7698929379715256,0.0488139684047683,1.0000933088531276,0.3100963464648079,0.7012258955565299,0.0780597170341602,0.0518520662524776,-0.0004758142391645,-0.0005413824968874,1278.0,0.0,0.1321788416191956,0.3867305731718615,0.3391948927801735,0.8744412014424732,0.41875301731404,0.082045006015622,0.9268052023585862,0.6223133637152601,0.1167098567810022,0.1131741600464223,100000,30,10,0.1,5.0,0.1,0,9,0.001,1e-06,0.001,1e-07,1.0,1e-08,adamax,0,0.0,disordered,1,0.4252521947106053,0 days 04:00:08.186527,0.0004758614569202,1.4401179920268983,1.2467823330413483
28,28,28,28,0.2575263326771198,0.2575263326771198,0.2575263326771198,0.2575263326771198,0.2575263326771198,0.2575263326771198,0.2575263326771198,0.2575263326771198,0.2575263326771198,0.2575263326771198,0.058225318652825,0.6604985249481562,0.0689241442135479,0.0672621495637523,1.0001548306069037,0.1813794432297373,0.0587696973658267,0.1264250658484649,0.0825138031249992,0.0613969803040154,-0.0006453501451954,-0.0008904556021694,654.0,0.0,0.4659332411642642,0.0920889656891161,0.6317521922027585,0.6163837910949103,0.0320813486181537,0.8074227810412945,0.7867947609394985,0.9153082686153085,0.6703066467384771,0.6928622323352233,100000,30,10,0.1,5.0,0.1,0,9,0.001,1e-06,0.001,1e-07,1.0,1e-08,adamax,0,0.0,disordered,1,0.2589173095955429,0 days 04:00:08.186527,0.0006453545095987,1.9640548358974343,1.5075487638984824
29,29,29,29,0.4317879727332017,0.4317879727332017,0.4317879727332017,0.4317879727332017,0.4317879727332017,0.4317879727332017,0.4317879727332017,0.4317879727332017,0.4317879727332017,0.4317879727332017,0.2054599877847492,0.0001318462601439,0.6204849731232692,0.7554987498567857,0.0001189092366477,0.7957574373167217,0.0851305872185877,0.9172457144734502,0.1138982115020972,0.0001100216471823,-0.0004557993293485,-0.0005133154125967,7628.0,1.0,0.1637416544531679,0.0238888139788117,0.0655631524184199,0.9644613401603572,0.6457213655596336,0.9469066664934074,0.3493843588720956,0.755221576661414,0.0653989653616667,0.1662051655929711,100000,30,10,0.1,5.0,0.1,0,9,0.001,1e-06,0.001,1e-07,1.0,1e-08,adamax,0,0.0,disordered,1,0.4322811035683931,0 days 04:00:08.186527,0.0004557995096983,1.2982726728785847,1.2577744561417494
30,30,30,30,0.3919100249433399,0.3919100249433399,0.3919100249433399,0.3919100249433399,0.3919100249433399,0.3919100249433399,0.3919100249433399,0.3919100249433399,0.3919100249433399,0.3919100249433399,0.4784435564189452,0.0758983301934619,0.0636128899570086,0.0529042680891253,0.0830684684731343,0.0851887156622247,0.5723906864839818,0.222807134942526,0.4157045187576444,1.0001103916672405,-0.000485743183678,-0.0005720309355876,1049.0,0.0,0.27713333487199,0.5503182517007417,0.55740888009091,0.4989864523070149,0.4244635846320775,0.5757051603390986,0.9666623953878384,0.4580795604861192,0.8374714217984048,0.0558719650318711,100000,30,10,0.1,5.0,0.1,0,9,0.001,1e-06,0.001,1e-07,1.0,1e-08,adamax,0,0.0,disordered,1,0.3878973425875941,0 days 04:00:08.186527,0.0004857607020764,1.5807598514624401,1.2183080565723081
31,31,31,31,0.3026648059395688,0.3026648059395688,0.3026648059395688,0.3026648059395688,0.3026648059395688,0.3026648059395688,0.3026648059395688,0.3026648059395688,0.3026648059395688,0.3026648059395688,0.3679626818391139,4.982325335228582e-07,0.2287336506233488,0.1778053805451219,0.1660198373190041,0.6803187460431694,1.9639744049018929e-07,0.7387812079853514,0.0083049794060024,2.1703806084417945e-07,-0.0006551548763294,-0.000754464655542,100000.0,0.0,0.3855872572300576,0.5604964436423991,0.6203205556549372,0.2500183399320113,0.3992910134865952,0.94700616873569,0.648850754011949,0.5849662484122946,0.0652987105198409,0.0521762576431477,100000,30,10,0.1,5.0,0.1,0,9,0.001,1e-06,0.001,1e-07,1.0,1e-08,adamax,0,0.0,disordered,1,0.2984124468156292,0 days 04:00:08.186527,0.0006552084047503,1.497139835827058,1.315746427728578
32,32,32,32,0.4180637241455752,0.4180637241455752,0.4180637241455752,0.4180637241455752,0.4180637241455752,0.4180637241455752,0.4180637241455752,0.4180637241455752,0.4180637241455752,0.4180637241455752,0.1456988118330156,0.5078472658439639,1.0005278715023125,0.5680537833747599,0.221379525279144,0.1698291022179552,0.8399508183667622,0.142177109981028,0.1482478886452466,0.1469582420294705,-0.0004708386687333,-0.0005803937169435,472.0,0.0,0.2113984478320646,0.137822775848633,0.9837499292732876,0.0027471476026641,0.3658435291805171,0.0584224496238016,0.6400105583176766,0.0465332020748591,0.0684096355417223,0.0799425056081188,100000,30,10,0.1,5.0,0.1,0,9,0.001,1e-06,0.001,1e-07,1.0,1e-08,adamax,0,0.0,disordered,1,0.4146098692938993,0 days 04:00:08.186527,0.0004708504585011,1.3771343839634427,1.3076314361617591
33,33,33,33,0.367392478180207,0.367392478180207,0.367392478180207,0.367392478180207,0.367392478180207,0.367392478180207,0.367392478180207,0.367392478180207,0.367392478180207,0.367392478180207,0.617189300107107,8.011539760628912e-05,0.8219736701040977,4.717909058112639e-05,0.2355975592094043,0.5548495876481274,5.340517410166267e-06,0.7289805838538685,5.978304385975952e-06,1.919007325738477e-05,-0.0005023154718237,-0.0006873488470067,8120.0,1.0,0.2717851313028795,0.5763580679966506,0.8054486176308537,0.2671915845012608,0.2831710565694664,0.824482143951937,0.7459483801763226,0.1268147483573346,0.8063489347063569,0.8312511086352812,100000,30,10,0.1,5.0,0.1,0,9,0.001,1e-06,0.001,1e-07,1.0,1e-08,adamax,0,0.0,disordered,1,0.3661814065556054,0 days 04:00:08.186527,0.0005023174109193,1.7664248628990906,1.3180184810830475
34,34,34,34,0.2191196687578146,0.2191196687578146,0.2191196687578146,0.2191196687578146,0.2191196687578146,0.2191196687578146,0.2191196687578146,0.2191196687578146,0.2191196687578146,0.2191196687578146,3.610011582228386e-07,1.8206278949444453e-06,6.344913434821854e-07,0.4792441150998697,7.212194523949094e-05,2.4398671519979468e-06,2.827233894074969e-06,0.0314087660947734,0.5205850837683506,0.3212496007967891,-0.0007390170156376,-0.0009863847027028,10398.0,1.0,0.1778257835671058,0.6269479985725536,0.1967436218212379,0.2434927120280825,0.494005755328642,0.5222200279508085,0.4790335153981873,0.5411410533042087,0.2131646764254524,0.7785803681279121,100000,30,10,0.1,5.0,0.1,0,9,0.001,1e-06,0.001,1e-07,1.0,1e-08,adamax,0,0.0,disordered,1,0.2218043338939053,0 days 04:00:08.186527,0.000739045528644,2.1487978028601993,1.4028557954755578
35,35,35,35,0.2414157116103016,0.2414157116103016,0.2414157116103016,0.2414157116103016,0.2414157116103016,0.2414157116103016,0.2414157116103016,0.2414157116103016,0.2414157116103016,0.2414157116103016,0.5275057788055543,0.6630791901850214,0.1483304030778963,6.574107530554055e-06,0.0968628124633769,2.244251453433859e-05,7.588055314489419e-06,0.2649247045064964,0.1129482834636477,0.7081084409721112,-0.0007448043324307,-0.0008814489218083,8190.0,1.0,0.2778484120286083,0.9126832897191104,0.5151553035895896,0.3036840529445848,0.1743839025083001,0.4852039624160302,0.3762973001513523,0.6230937907219327,0.4984595826229498,0.0369596980006967,100000,30,10,0.1,5.0,0.1,0,9,0.001,1e-06,0.001,1e-07,1.0,1e-08,adamax,0,0.0,disordered,1,0.2410368325446677,0 days 04:00:08.186527,0.0007448049952484,2.0976126582640355,1.4042898134118593
36,36,36,36,0.2054117348353062,0.2054117348353062,0.2054117348353062,0.2054117348353062,0.2054117348353062,0.2054117348353062,0.2054117348353062,0.2054117348353062,0.2054117348353062,0.2054117348353062,1.192749852956477e-07,0.2779789338777745,9.999959552764654e-08,0.3437876138333378,1.7929875905642227e-05,0.4276427784597456,0.4530105215236547,1.5481532155258358e-06,1.932040970459557e-06,0.2574873269047262,-0.0007302276916232,-0.0009837704757871,26914.0,0.0,0.8330947688085336,0.0516739391193959,0.8275951638592104,0.8127496434167762,0.9239831252875618,0.6644010411515328,0.1606236341053505,0.4419294114540377,0.4394326601704705,0.6323329864819148,100000,30,10,0.1,5.0,0.1,0,9,0.001,1e-06,0.001,1e-07,1.0,1e-08,adamax,0,0.0,disordered,1,0.208104298396368,0 days 04:00:08.186527,0.0007302516880759,2.0228627605834157,1.5291705668103055
37,37,37,37,0.367392478180207,0.367392478180207,0.367392478180207,0.367392478180207,0.367392478180207,0.367392478180207,0.367392478180207,0.367392478180207,0.367392478180207,0.367392478180207,5.323060813562319e-07,0.3847398117536429,0.1422902908087835,0.0612497223320039,2.452951657241658e-07,1.624382454016091e-07,0.9148782472104684,0.4058684495901151,0.0484121410531194,3.5794797251838174e-06,-0.0005477030808663,-0.0007263419397616,100000.0,0.0,0.3811375324040436,0.6756780879691183,0.2039073800978377,0.3533507781465587,0.5433134112873544,0.427651051214449,0.1225256507690002,0.9658281207625043,0.6912954021364714,0.8330350777910258,100000,30,10,0.1,5.0,0.1,0,9,0.001,1e-06,0.001,1e-07,1.0,1e-08,adamax,0,0.0,disordered,1,0.3616412195842556,0 days 04:00:08.186527,0.000547759550131,2.1194211276193218,1.2969979519560886
38,38,38,38,0.293044697697214,0.293044697697214,0.293044697697214,0.293044697697214,0.293044697697214,0.293044697697214,0.293044697697214,0.293044697697214,0.293044697697214,0.293044697697214,1.0000226192345951,0.1082529539678513,0.0812774997649741,0.5708576184990448,0.5670144877823358,0.0760326851413395,0.0715530596810733,0.3081303069702834,0.1397484327333485,0.1073247046990781,-0.0006512351293433,-0.0007978782962499,645.0,0.0,0.3574607462891465,0.9448959101690874,0.8124471005528425,0.979506245587886,0.1973942523898054,0.4771694766007426,0.3858489940723694,0.613894995603037,0.2502197336679601,0.1004722897506863,100000,30,10,0.1,5.0,0.1,0,9,0.001,1e-06,0.001,1e-07,1.0,1e-08,adamax,0,0.0,disordered,1,0.2934578660773959,0 days 04:00:08.186527,0.0006512355849492,1.4450618187950837,1.3246512230000167
39,39,39,39,0.2837303616516209,0.2837303616516209,0.2837303616516209,0.2837303616516209,0.2837303616516209,0.2837303616516209,0.2837303616516209,0.2837303616516209,0.2837303616516209,0.2837303616516209,2.397921154141446e-07,0.1022175463665428,0.0968741190853518,0.9228594725191138,1.6967261667314529e-07,0.1672149794973263,0.5453885699212304,0.2578916827294319,3.165807806836154e-07,1.832028312578979e-07,-0.0006371217042729,-0.0007812846397127,100000.0,0.0,0.4766165868289146,0.6394719365196334,0.3840154184913098,0.9874393427162872,0.4059887721488981,0.299815542437813,0.8138978250995115,0.466689803032796,0.2732167826992071,0.2864910244716064,100000,30,10,0.1,5.0,0.1,0,9,0.001,1e-06,0.001,1e-07,1.0,1e-08,adamax,0,0.0,disordered,1,0.2864711211868853,0 days 04:00:08.186527,0.0006371400544487,1.979421691451227,1.4510019935677214
40,40,40,40,0.1747772774464679,0.1747772774464679,0.1747772774464679,0.1747772774464679,0.1747772774464679,0.1747772774464679,0.1747772774464679,0.1747772774464679,0.1747772774464679,0.1747772774464679,1.6514529651623546e-06,2.3863364619681875e-05,0.5039384817793988,0.1735147622986042,0.5533127392182774,0.2725628170391284,1.1360282977833586e-06,0.1147080795039785,9.999799546034657e-08,2.348568947571143e-05,-0.0008793382949447,-0.0010562802754974,44330.0,0.0,0.9471557892442384,0.961736748159922,0.6462368962429871,0.2787679766747637,0.7113690437189849,0.2167694819361088,0.3220846874139359,0.5417363597027655,0.4011441611645456,0.3510238626345868,100000,30,10,0.1,5.0,0.1,0,9,0.001,1e-06,0.001,1e-07,1.0,1e-08,adamax,0,0.0,disordered,1,0.1736560000917794,0 days 04:00:08.186527,0.0008793474758694,1.7383502490559914,1.6718600999172593
41,41,41,41,0.4913407286296357,0.4913407286296357,0.4913407286296357,0.4913407286296357,0.4913407286296357,0.4913407286296357,0.4913407286296357,0.4913407286296357,0.4913407286296357,0.4913407286296357,1.0002935077245132,0.3149676031468576,0.6690332176388104,0.2541539063091445,0.2436313650594069,0.6154179166061844,0.5233973570828943,0.2487792361506795,0.345316296503287,0.984648974392826,-0.000416513214378,-0.0004638154468219,328.0,0.0,0.974134429486488,0.170206174479749,0.6137785589494178,0.0385413894838495,0.0917147371339044,0.2099960050117245,0.9916861960144648,0.7264246392278,0.8680380956291989,0.0494837846367165,100000,30,10,0.1,5.0,0.1,0,9,0.001,1e-06,0.001,1e-07,1.0,1e-08,adamax,0,0.0,disordered,1,0.4854469336874149,0 days 04:00:08.186527,0.0004165388201216,1.212237104004167,1.1931584505899462
42,42,42,42,0.1692220351641035,0.1692220351641035,0.1692220351641035,0.1692220351641035,0.1692220351641035,0.1692220351641035,0.1692220351641035,0.1692220351641035,0.1692220351641035,0.1692220351641035,0.4131540876341695,4.4326470801168005e-05,0.0002959142416487,0.5170545216555893,0.0767488826961023,1.3693102815799092e-05,0.0009648542375813,0.1555528906982579,8.53686225093124e-06,0.6431164459039611,-0.0008941637263348,-0.0010191195212961,7906.0,1.0,0.6814384526526729,0.4399364794360058,0.4164199485553493,0.7082547942479717,0.3083189505355805,0.5134678232710247,0.2607247218237164,0.3914040705924085,0.5333261752047522,0.1578810028262631,100000,30,10,0.1,5.0,0.1,0,9,0.001,1e-06,0.001,1e-07,1.0,1e-08,adamax,0,0.0,disordered,1,0.1698184754157291,0 days 04:00:08.186527,0.0008941662449436,2.2765155419180165,1.7490399087253692
43,43,43,43,0.293044697697214,0.293044697697214,0.293044697697214,0.293044697697214,0.293044697697214,0.293044697697214,0.293044697697214,0.293044697697214,0.293044697697214,0.293044697697214,0.3758068815098036,9.672931491624604e-05,0.1867694743838723,0.2545478550994204,0.0003507107291288,0.04950327235043,0.8774054514582557,0.1405642744217778,8.906923000457175e-05,0.3527192726614792,-0.0006508255382927,-0.0007929732377757,8308.0,1.0,0.2761871219052035,0.4204059052215403,0.4727479785281554,0.8000039680110183,0.6429501138675994,0.5624900665221173,0.8698673937003966,0.1973488647767637,0.1040830351780349,0.3937252133677354,100000,30,10,0.1,5.0,0.1,0,9,0.001,1e-06,0.001,1e-07,1.0,1e-08,adamax,0,0.0,disordered,1,0.295497342450823,0 days 04:00:08.186527,0.0006508429305499,1.5931789759615327,1.3103704650907297
44,44,44,44,0.3557150206821381,0.3557150206821381,0.3557150206821381,0.3557150206821381,0.3557150206821381,0.3557150206821381,0.3557150206821381,0.3557150206821381,0.3557150206821381,0.3557150206821381,0.746015714947984,0.0903928567861769,0.0958027833384368,0.7361008157560416,0.1083193799997855,0.1353357013067992,0.5208144310259366,0.1471184070866815,0.1436700049172428,1.0002663272295491,-0.0005342626453404,-0.0006099546971393,619.0,0.0,0.1371899555572782,0.5559810381008665,0.5736433320658848,0.1315935497496901,0.7160539946963933,0.5565394834256112,0.4231819942696411,0.917481773299308,0.8559122943833432,0.2209691637648669,100000,30,10,0.1,5.0,0.1,0,9,0.001,1e-06,0.001,1e-07,1.0,1e-08,adamax,0,0.0,disordered,1,0.3577234839060886,0 days 04:00:08.186527,0.0005342687394465,1.6361676436488468,1.2937536934062048
45,45,45,45,0.4757236139187883,0.4757236139187883,0.4757236139187883,0.4757236139187883,0.4757236139187883,0.4757236139187883,0.4757236139187883,0.4757236139187883,0.4757236139187883,0.4757236139187883,0.7912042758604284,0.6583857233489881,0.5893153032100751,0.5530432110258923,0.1699824927412223,0.1691842784988282,0.1620241585746867,1.0000453305059225,0.413091240898058,0.136536916710649,-0.0004248711691099,-0.0004934518576561,634.0,0.0,0.166583176525819,0.9155364039147176,0.1572518885137706,0.7572063264186215,0.3125170158121136,0.3611853466325139,0.5537246459677773,0.9259641674233372,0.0020568430646198,0.1622873344023199,100000,30,10,0.1,5.0,0.1,0,9,0.001,1e-06,0.001,1e-07,1.0,1e-08,adamax,0,0.0,disordered,1,0.4767616944534528,0 days 04:00:08.186527,0.0004248722496646,1.2467934878153928,1.2316841406633108
46,46,46,46,0.2659804395593755,0.2659804395593755,0.2659804395593755,0.2659804395593755,0.2659804395593755,0.2659804395593755,0.2659804395593755,0.2659804395593755,0.2659804395593755,0.2659804395593755,0.6362531876194972,8.617140491695506e-07,0.2697933617180438,0.7812117590750364,0.6896111925133591,0.0282030171648036,0.1965876552852781,1.1022457428964368e-07,4.390305664654754e-07,1.0355310868299593e-07,-0.0006646673606384,-0.0009140515790935,100000.0,0.0,0.7202117786599489,0.3944665294244958,0.2878104198967977,0.9628956581275414,0.2640284233242796,0.7141669578683888,0.964225669092555,0.7627660562464376,0.7094140359205118,0.7232067127676901,100000,30,10,0.1,5.0,0.1,0,9,0.001,1e-06,0.001,1e-07,1.0,1e-08,adamax,0,0.0,disordered,1,0.2645325542261958,0 days 04:00:08.186527,0.0006646733338598,1.7322566890890754,1.458353378869987
47,47,47,47,0.333461801578636,0.333461801578636,0.333461801578636,0.333461801578636,0.333461801578636,0.333461801578636,0.333461801578636,0.333461801578636,0.333461801578636,0.333461801578636,0.2635338500786479,0.506762595789387,0.1762831797170798,0.1470115483599886,5.2121192775473005e-05,2.736255811552494e-05,0.3339400436031275,0.8697674848696527,7.768326416935946e-05,0.0362561316709221,-0.0005940574784933,-0.0008092689781356,8246.0,1.0,0.8052261068309458,0.2712136489199229,0.6266867251784247,0.802885894043567,0.8882296412968325,0.9058341532080582,0.903896393587496,0.0976337994648727,0.3764060873778814,0.4563920834904191,100000,30,10,0.1,5.0,0.1,0,9,0.001,1e-06,0.001,1e-07,1.0,1e-08,adamax,0,0.0,disordered,1,0.337220627141846,0 days 04:00:08.186527,0.0005940899513031,1.3552906325940939,1.2200628964977787
48,48,48,48,0.333461801578636,0.333461801578636,0.333461801578636,0.333461801578636,0.333461801578636,0.333461801578636,0.333461801578636,0.333461801578636,0.333461801578636,0.333461801578636,0.6084194597107053,0.388547624244311,0.0555423372239154,0.1392464779108794,0.0651313599948869,1.0001390339239256,0.267470976455501,0.1052619815031967,0.1638459735309558,0.1686312870513094,-0.0005849568234146,-0.0007214485078478,788.0,0.0,0.8916854039669163,0.4192536193798634,0.2649121033591305,0.0198587731592583,0.2887542777621654,0.7807241847334279,0.0201709380598515,0.1649939279484876,0.3109684208465644,0.5320110718845206,100000,30,10,0.1,5.0,0.1,0,9,0.001,1e-06,0.001,1e-07,1.0,1e-08,adamax,0,0.0,disordered,1,0.3342007943061345,0 days 04:00:08.186527,0.0005849578388925,1.5084415399344215,1.2950767777406866
49,49,49,49,0.3557150206821381,0.3557150206821381,0.3557150206821381,0.3557150206821381,0.3557150206821381,0.3557150206821381,0.3557150206821381,0.3557150206821381,0.3557150206821381,0.3557150206821381,0.0328733953772036,0.8980104786995428,0.2744899950213967,0.3929735242410484,0.0643629850688193,4.750445357290428e-05,4.411250015349688e-06,0.6879846187095868,2.9988174562447017e-06,0.1267505860850222,-0.00049931110756,-0.0007359086267563,8512.0,1.0,0.3630433181948137,0.8826396945897659,0.2074776288518643,0.5616344004190236,0.7778175051376995,0.9296082290939864,0.8734802733413756,0.1355210037406805,0.7918000796455894,0.6753462694980112,100000,30,10,0.1,5.0,0.1,0,9,0.001,1e-06,0.001,1e-07,1.0,1e-08,adamax,0,0.0,disordered,1,0.3559163363173058,0 days 04:00:08.186527,0.0004993110909636,2.1329989560676146,1.3263154052325643
50,50,50,50,0.333461801578636,0.333461801578636,0.333461801578636,0.333461801578636,0.333461801578636,0.333461801578636,0.333461801578636,0.333461801578636,0.333461801578636,0.333461801578636,0.5242706779659353,0.195679841171696,0.0002669334650534,0.9526823199586368,0.3519633144399893,0.0001960672668525,2.01295848465306e-05,0.6600677781322782,0.0277920625472329,0.3819908201776717,-0.0005630453708987,-0.0006456960064936,7840.0,1.0,0.4216035573870036,0.0255670989624631,0.1679814709579863,0.7494608262320578,0.0840047677767746,0.3126499249880641,0.2552124382766044,0.7461008968986407,0.3590598291763175,0.0871882409887518,100000,30,10,0.1,5.0,0.1,0,9,0.001,1e-06,0.001,1e-07,1.0,1e-08,adamax,0,0.0,disordered,1,0.3365375980093177,0 days 04:00:08.186527,0.0005630622297679,1.8873199859313536,1.3582584125318382
51,51,51,51,0.1692220351641035,0.1692220351641035,0.1692220351641035,0.1692220351641035,0.1692220351641035,0.1692220351641035,0.1692220351641035,0.1692220351641035,0.1692220351641035,0.1692220351641035,5.461830528131122e-06,0.8198020021381215,9.999603325373309e-08,0.0553509520569244,1.2388891479928926e-07,0.2318924516840897,0.1356854180441665,0.3564718151600373,0.0378538122518413,5.264916311480447e-07,-0.00087300485573,-0.0010413115294017,27874.0,0.0,0.3704421018161166,0.3268298767186818,0.7170213673193974,0.3201222201986879,0.6936156490920399,0.538594453433759,0.8877328287244716,0.7333651729435877,0.4079187425363865,0.4849095181984443,100000,30,10,0.1,5.0,0.1,0,9,0.001,1e-06,0.001,1e-07,1.0,1e-08,adamax,0,0.0,disordered,1,0.1713189759914583,0 days 04:00:08.186527,0.000873031918454,1.910269852779662,1.7118403234985509
52,52,52,52,0.1805148879221106,0.1805148879221106,0.1805148879221106,0.1805148879221106,0.1805148879221106,0.1805148879221106,0.1805148879221106,0.1805148879221106,0.1805148879221106,0.1805148879221106,1.9152656497420373e-05,0.8191910265509962,0.4361184339276524,0.1138257598351847,1.1008302269147333e-05,3.957768414891749e-06,0.0604526279567798,9.966376810520068e-06,5.483625434679631e-06,0.3159299010194284,-0.0009499731956461,-0.0013557370845068,8698.0,1.0,0.4713857598653367,0.871702397518525,0.1380361717125459,0.4242300124285143,0.5349120574812903,0.436222832238696,0.5980284679987804,0.4988430954198491,0.4136957426619674,0.6868129726159958,100000,30,10,0.1,5.0,0.1,0,9,0.001,1e-06,0.001,1e-07,1.0,1e-08,adamax,0,0.0,disordered,1,0.1780218348676053,0 days 04:00:08.186527,0.0009500274622025,2.4057630685534477,1.5968646349523614
53,53,53,53,0.5241298302206053,0.5241298302206053,0.5241298302206053,0.5241298302206053,0.5241298302206053,0.5241298302206053,0.5241298302206053,0.5241298302206053,0.5241298302206053,0.5241298302206053,0.328870760292748,0.2724806255847676,0.4855130081753664,0.3504216355774079,0.5831208865582334,0.3318616763757349,0.2554462882300469,0.3911150397645885,1.001361421964109,0.3898687161097801,-0.0003775559916921,-0.000418652425588,336.0,0.0,0.329322465708467,0.6069010136690235,0.7285583473338744,0.1306466357938829,0.326452101504932,0.9447045555986052,0.9660212875626244,0.9923887631356604,0.0425258338882709,0.8265087689118491,100000,30,10,0.1,5.0,0.1,0,9,0.001,1e-06,0.001,1e-07,1.0,1e-08,adamax,0,0.0,disordered,1,0.517646855112648,0 days 04:00:08.186527,0.0003775766856488,1.2228959999046252,1.175916091000976
54,54,54,54,0.1487115462808952,0.1487115462808952,0.1487115462808952,0.1487115462808952,0.1487115462808952,0.1487115462808952,0.1487115462808952,0.1487115462808952,0.1487115462808952,0.1487115462808952,0.0045507550388504,0.0990526437724753,1.1542772343170115e-06,1.5708272785713154e-06,1.5167105031180375e-06,1.4273545222688788e-05,1.45336442443733e-06,0.5350845965972273,0.0152014651638563,0.1571832159295151,-0.0010907813679984,-0.0014173152493075,8868.0,1.0,0.9352758069942098,0.901944440055244,0.7149413034806142,0.6756193428878896,0.7196066164883864,0.5748858181470116,0.7884200798433164,0.5019296038006482,0.2259374998912283,0.0943490249781668,100000,30,10,0.1,5.0,0.1,0,9,0.001,1e-06,0.001,1e-07,1.0,1e-08,adamax,0,0.0,disordered,1,0.1470456103702471,0 days 04:00:08.186527,0.0010908189038657,2.1121736684589596,1.5400537532870153
55,55,55,55,0.1925613572129196,0.1925613572129196,0.1925613572129196,0.1925613572129196,0.1925613572129196,0.1925613572129196,0.1925613572129196,0.1925613572129196,0.1925613572129196,0.1925613572129196,0.4136911385902334,2.527535214099638e-07,0.8077200873917298,0.1588800538147984,0.5127683613026799,0.1370404218821684,0.3070408082363595,1.496531464945238e-06,0.0758257926375308,0.0353607831244005,-0.0007726589454795,-0.0009076701903521,100000.0,0.0,0.9082557233023724,0.7548789814030864,0.177241935760343,0.8224582773234224,0.3003467529241774,0.6356549721085979,0.3561528577486986,0.2141630863306429,0.1756087637828115,0.0709503107444076,100000,30,10,0.1,5.0,0.1,0,9,0.001,1e-06,0.001,1e-07,1.0,1e-08,adamax,0,0.0,disordered,1,0.1916709336271975,0 days 04:00:08.186527,0.0007726631131729,1.510641116856588,1.603256102731904
56,56,56,56,0.2659804395593755,0.2659804395593755,0.2659804395593755,0.2659804395593755,0.2659804395593755,0.2659804395593755,0.2659804395593755,0.2659804395593755,0.2659804395593755,0.2659804395593755,6.145810071666545e-06,2.240712173706417e-06,0.2989086551131467,0.8611366105555021,9.999514909612782e-08,0.1275260250382489,2.2596476768920922e-07,0.07532975201889,0.0087392285182883,0.4868377073413812,-0.000691457271624,-0.0010138341229919,20051.0,0.0,0.0744385563946585,0.0690902107325821,0.0899187666373716,0.8340292890000545,0.5178083255163458,0.1285840147994693,0.5249946488828098,0.5426298015540887,0.4965920349441739,0.2064863646169302,100000,30,10,0.1,5.0,0.1,0,9,0.001,1e-06,0.001,1e-07,1.0,1e-08,adamax,0,0.0,disordered,1,0.2642071304682383,0 days 04:00:08.186527,0.0006914677129654,2.1000985400834393,1.3646802350325586
57,57,57,57,0.333461801578636,0.333461801578636,0.333461801578636,0.333461801578636,0.333461801578636,0.333461801578636,0.333461801578636,0.333461801578636,0.333461801578636,0.333461801578636,0.0019207219260938,0.6397160100611027,7.074589275915218e-05,0.3471812477241657,0.4434478303726276,0.7447619469955603,0.0002188293536065,0.073244283369685,0.0836531645547655,0.6569837162470377,-0.0005346071885531,-0.0006088846848983,7479.0,1.0,0.4343978872245304,0.8708564535693805,0.3837354777850742,0.5039852429121634,0.9302423990750158,0.2328013979444163,0.7255076868062386,0.4838413345039069,0.7873679132996416,0.3596735148257848,100000,30,10,0.1,5.0,0.1,0,9,0.001,1e-06,0.001,1e-07,1.0,1e-08,adamax,0,0.0,disordered,1,0.3335107400666408,0 days 04:00:08.186527,0.0005346071814158,1.645444774918698,1.3924112754978997
58,58,58,58,0.2837303616516209,0.2837303616516209,0.2837303616516209,0.2837303616516209,0.2837303616516209,0.2837303616516209,0.2837303616516209,0.2837303616516209,0.2837303616516209,0.2837303616516209,0.0788580655210189,0.747044802149157,0.047758075551233,0.0474512465300204,0.2413272363195039,0.0809438406204911,0.1087499434827132,0.0603857742430657,0.112558267615547,1.0000946740912957,-0.0006467642484887,-0.0008212362376175,852.0,0.0,0.5423586148739377,0.3682859436514883,0.8661492404529617,0.9148178896585872,0.6318212838540919,0.9810202364628208,0.7320556819078485,0.8304239319682308,0.8947206498619251,0.2719057617661202,100000,30,10,0.1,5.0,0.1,0,9,0.001,1e-06,0.001,1e-07,1.0,1e-08,adamax,0,0.0,disordered,1,0.2800032631268409,0 days 04:00:08.186527,0.0006468009858992,1.9932263740456457,1.3768752801981683
59,59,59,59,0.2747120789270809,0.2747120789270809,0.2747120789270809,0.2747120789270809,0.2747120789270809,0.2747120789270809,0.2747120789270809,0.2747120789270809,0.2747120789270809,0.2747120789270809,1.000446874054023,0.0975822604321893,0.0768671876776907,0.4137805867855902,0.7078523345281008,0.0609667291712585,0.5376747983079192,0.1006155151077093,0.0900304862739762,0.0681668889779142,-0.0006276156377484,-0.0007306789616859,697.0,0.0,0.986677930317109,0.3904140233428148,0.4972125438158516,0.1803237316629968,0.8214787850033072,0.3368976266911904,0.6893444454848344,0.2183555948683124,0.3513630605551295,0.3842444862829067,100000,30,10,0.1,5.0,0.1,0,9,0.001,1e-06,0.001,1e-07,1.0,1e-08,adamax,0,0.0,disordered,1,0.277638892190786,0 days 04:00:08.186527,0.0006276365590565,1.6066806978094257,1.4642912098367413
60,60,60,60,0.3557150206821381,0.3557150206821381,0.3557150206821381,0.3557150206821381,0.3557150206821381,0.3557150206821381,0.3557150206821381,0.3557150206821381,0.3557150206821381,0.3557150206821381,0.0740425015302102,1.0001451152323824,0.183946309697491,0.8664442546732307,0.2137591789669972,0.0889402239879641,0.105459772790113,0.3619247113887258,0.459616242759512,0.103464843756837,-0.0005418152670035,-0.0006132067110937,866.0,0.0,0.2366239939357128,0.0350634420691885,0.7702089160972269,0.9503546630566791,0.226247857556275,0.1626513649707077,0.3476041753555777,0.0827660016297126,0.6497328757632396,0.3685525191996099,100000,30,10,0.1,5.0,0.1,0,9,0.001,1e-06,0.001,1e-07,1.0,1e-08,adamax,0,0.0,disordered,1,0.3613998895140476,0 days 04:00:08.186527,0.0005418716942465,1.4086141140053579,1.2669492109248834
61,61,61,61,0.2575263326771198,0.2575263326771198,0.2575263326771198,0.2575263326771198,0.2575263326771198,0.2575263326771198,0.2575263326771198,0.2575263326771198,0.2575263326771198,0.2575263326771198,0.7631681179884502,0.0001049604123791,0.0077292307221488,2.9939939471617e-05,0.4382393625974536,0.0374683581305093,0.5115332080992717,0.1528449204773662,1.856430902908594e-05,0.7149843296233205,-0.0007375099487436,-0.0008365980364276,8781.0,1.0,0.5624785542668137,0.9058499863649656,0.8615793288939493,0.9216768590469784,0.9350577167713908,0.5898193600864983,0.5023002858629506,0.0376151656370696,0.1024413113800782,0.5239233948745965,100000,30,10,0.1,5.0,0.1,0,9,0.001,1e-06,0.001,1e-07,1.0,1e-08,adamax,0,0.0,disordered,1,0.2578507838593101,0 days 04:00:08.186527,0.0007375102805972,1.3415973613063163,1.2599007308149974
62,62,62,62,0.293044697697214,0.293044697697214,0.293044697697214,0.293044697697214,0.293044697697214,0.293044697697214,0.293044697697214,0.293044697697214,0.293044697697214,0.293044697697214,0.4379362452470647,0.4070807234630371,0.3578833145891623,1.446374694617296e-07,0.8718234943356891,2.615975928586053e-07,0.0525206756047915,0.1269850613196429,0.4287453006879769,5.342194481938638e-07,-0.0006478664687884,-0.0007708745914954,100000.0,0.0,0.8560083046111611,0.4326345607117319,0.0037293622863878,0.2123031061951699,0.7599704182197689,0.1584179885297779,0.1995763351554023,0.2855360642034483,0.6092833765614685,0.8364055547707432,100000,30,10,0.1,5.0,0.1,0,9,0.001,1e-06,0.001,1e-07,1.0,1e-08,adamax,0,0.0,disordered,1,0.2911028006565641,0 days 04:00:08.186527,0.0006478761446186,1.7655372002125418,1.3435699607077884
63,63,63,63,0.2659804395593755,0.2659804395593755,0.2659804395593755,0.2659804395593755,0.2659804395593755,0.2659804395593755,0.2659804395593755,0.2659804395593755,0.2659804395593755,0.2659804395593755,0.6207518466627795,0.2241899627148352,7.807044204548315e-06,0.0316632882764122,1.0505130944349771e-05,0.4006057939628729,0.5013662818065527,2.611874081491156e-06,0.0497824383808492,2.627902381314801e-06,-0.0006352634989419,-0.0008694095512113,8637.0,1.0,0.2188948374279186,0.5994678737814576,0.5299406131466844,0.4448642064761482,0.5804205236557797,0.8141185235724825,0.2174880566784605,0.4972341508794262,0.0979205611461283,0.5132375550687044,100000,30,10,0.1,5.0,0.1,0,9,0.001,1e-06,0.001,1e-07,1.0,1e-08,adamax,0,0.0,disordered,1,0.2624431236361914,0 days 04:00:08.186527,0.0006352916229155,2.1773136018726644,1.4121101625349177
64,64,64,64,0.2263129568399526,0.2263129568399526,0.2263129568399526,0.2263129568399526,0.2263129568399526,0.2263129568399526,0.2263129568399526,0.2263129568399526,0.2263129568399526,0.2263129568399526,6.976057422703185e-05,0.5564632060675134,0.3102114008979982,0.0718552721808559,0.2778870087069989,0.0069340585897534,0.3408765551550822,0.3637609880474007,0.1106845639402744,7.725524093487853e-05,-0.0007947233695669,-0.0008795878800637,8022.0,1.0,0.7910078573202679,0.998558890651704,0.4756930540857839,0.2966034006997566,0.5795035819171939,0.3717520548106484,0.1170023891195599,0.5244985720304953,0.7991356910058783,0.8911272873731255,100000,30,10,0.1,5.0,0.1,0,9,0.001,1e-06,0.001,1e-07,1.0,1e-08,adamax,0,0.0,disordered,1,0.2249596501936999,0 days 04:00:08.186527,0.0007947332349264,1.5174023854792595,1.4566207910141766
65,65,65,65,0.3557150206821381,0.3557150206821381,0.3557150206821381,0.3557150206821381,0.3557150206821381,0.3557150206821381,0.3557150206821381,0.3557150206821381,0.3557150206821381,0.3557150206821381,1.0002377478337356,0.1253204990206914,0.1377172340614325,0.1541713043003314,0.4833989784287459,0.1103172935708875,0.7667935500939279,0.1092024543340886,0.1914634161519521,0.7518525361692102,-0.0005112779970538,-0.0005748814986069,518.0,0.0,0.9781111877004136,0.367724622858563,0.2516651775815243,0.1108207735463092,0.4362319172994092,0.8070271602470545,0.2346447876245176,0.8495664980662655,0.7117370178186778,0.2009428205260435,100000,30,10,0.1,5.0,0.1,0,9,0.001,1e-06,0.001,1e-07,1.0,1e-08,adamax,0,0.0,disordered,1,0.3590877175756259,0 days 04:00:08.186527,0.0005112919281707,1.418724402711571,1.2857291068840249
66,66,66,66,0.4606028844202396,0.4606028844202396,0.4606028844202396,0.4606028844202396,0.4606028844202396,0.4606028844202396,0.4606028844202396,0.4606028844202396,0.4606028844202396,0.4606028844202396,0.2406953690475606,0.2188296772240792,0.1840829343343559,1.0001761172169097,0.1681320523023249,0.4350037348296438,0.3012232082455857,0.1713445499881968,0.9070278817458374,0.2219287257830107,-0.0004279200483743,-0.000468952598724,439.0,0.0,0.6317515391392956,0.8196921827935082,0.9328703661209736,0.1622147636965876,0.8220151936558258,0.775849087831725,0.243721640641587,0.2945814106681431,0.9570840322522522,0.3620160579603561,100000,30,10,0.1,5.0,0.1,0,9,0.001,1e-06,0.001,1e-07,1.0,1e-08,adamax,0,0.0,disordered,1,0.4561226541610323,0 days 04:00:08.186527,0.0004279347868946,1.401718254355951,1.2484748435891577
67,67,67,67,0.1988827856988807,0.1988827856988807,0.1988827856988807,0.1988827856988807,0.1988827856988807,0.1988827856988807,0.1988827856988807,0.1988827856988807,0.1988827856988807,0.1988827856988807,0.4152312935191199,0.4388794037845558,0.6066447611473202,3.9267026058916535e-05,0.1297176471383751,1.8518850830191808e-05,0.0560270528083509,5.904190801128106e-05,0.2541099552858664,0.4286669814426857,-0.0008244080559287,-0.0010230250925731,8321.0,1.0,0.2889761052504432,0.7200111192047169,0.1329060104599528,0.4831693166218948,0.3581331262376146,0.5439863429623552,0.6032501438505057,0.6401074539004775,0.4323990581888032,0.8869324087540136,100000,30,10,0.1,5.0,0.1,0,9,0.001,1e-06,0.001,1e-07,1.0,1e-08,adamax,0,0.0,disordered,1,0.1980039321730811,0 days 04:00:08.186527,0.0008244121529325,1.8229725051288144,1.5011671729041092
68,68,68,68,0.2837303616516209,0.2837303616516209,0.2837303616516209,0.2837303616516209,0.2837303616516209,0.2837303616516209,0.2837303616516209,0.2837303616516209,0.2837303616516209,0.2837303616516209,8.23463432704461e-05,0.90701800563017,7.586111055767468e-06,0.0543760255875219,1.3410059788932518e-05,0.4285253981353941,0.2794237757171045,0.1642276642522222,0.0001801663892572,0.9520082766899708,-0.0006473541946441,-0.0007435286108816,7624.0,1.0,0.8356760923639591,0.9333577853920362,0.4459056416232484,0.7300859144743024,0.4306957867862729,0.2787827545306491,0.6518864471172541,0.9459871575106308,0.8043078809051966,0.2852017743720174,100000,30,10,0.1,5.0,0.1,0,9,0.001,1e-06,0.001,1e-07,1.0,1e-08,adamax,0,0.0,disordered,1,0.2839200863642904,0 days 04:00:08.186527,0.0006473542774882,1.7530883839604836,1.3488700935363178
69,69,69,69,0.3919100249433399,0.3919100249433399,0.3919100249433399,0.3919100249433399,0.3919100249433399,0.3919100249433399,0.3919100249433399,0.3919100249433399,0.3919100249433399,0.3919100249433399,0.947660114499856,0.1179851698269985,0.1442996185424487,0.125390621935417,0.9281968450518344,0.4349353354105333,0.1952442462103515,0.1415832084335337,0.1464405847880497,1.0001038418783552,-0.0004756583520825,-0.0005584215784636,523.0,0.0,0.2281057563615371,0.771645461188267,0.70512847943679,0.8636017462548002,0.1463616109588943,0.8616792361529133,0.4326254526587491,0.2733454783925543,0.3432446624926287,0.993503904012744,100000,30,10,0.1,5.0,0.1,0,9,0.001,1e-06,0.001,1e-07,1.0,1e-08,adamax,0,0.0,disordered,1,0.395404368323668,0 days 04:00:08.186527,0.0004756709256385,1.365793392858164,1.2781855699394844
70,70,70,70,0.4459627626819087,0.4459627626819087,0.4459627626819087,0.4459627626819087,0.4459627626819087,0.4459627626819087,0.4459627626819087,0.4459627626819087,0.4459627626819087,0.4459627626819087,1.0011961848896191,0.3971664406864359,0.1953516951553927,0.8687148735321533,0.1958738341985166,0.1958699786756147,0.4341845911430122,0.8827492463698287,0.1913064200337429,0.1973936565753002,-0.0004517473329762,-0.0005320466312766,366.0,0.0,0.956032125019662,0.0837460354801209,0.3151884677170894,0.7195790246564682,0.0353251316082889,0.0359236544371629,0.0448902934218323,0.8684448332578513,0.333732439660985,0.3187398327715118,100000,30,10,0.1,5.0,0.1,0,9,0.001,1e-06,0.001,1e-07,1.0,1e-08,adamax,0,0.0,disordered,1,0.450607172544323,0 days 04:00:08.186527,0.0004517678263744,1.258398593530437,1.2307342216846535
71,71,71,71,0.3557150206821381,0.3557150206821381,0.3557150206821381,0.3557150206821381,0.3557150206821381,0.3557150206821381,0.3557150206821381,0.3557150206821381,0.3557150206821381,0.3557150206821381,0.0123345925591553,0.4102167120505483,0.4017267846035611,0.0743569042988397,0.0144640703552099,0.1680429091673674,0.0377106770250924,1.000103699735692,0.1540594475272575,0.013174692737045,-0.00056433954138,-0.0007167924033113,2124.0,0.0,0.7933438210501507,0.3185662914766022,0.7384308555952237,0.3693407284032201,0.2975193133791652,0.3872265142953374,0.1680372426068077,0.0750111463073801,0.8712014465037485,0.8683831797645515,100000,30,10,0.1,5.0,0.1,0,9,0.001,1e-06,0.001,1e-07,1.0,1e-08,adamax,0,0.0,disordered,1,0.3559628731338462,0 days 04:00:08.186527,0.0005643396450667,1.491574936693124,1.2694938418742137
72,72,72,72,0.367392478180207,0.367392478180207,0.367392478180207,0.367392478180207,0.367392478180207,0.367392478180207,0.367392478180207,0.367392478180207,0.367392478180207,0.367392478180207,0.2544627837084412,0.1912754290176171,0.1447361166902598,0.5315531943953803,4.652318699559591e-07,0.9598691966499798,2.499605990086593e-06,0.813604826033481,0.0633279850466606,3.0786611663770893e-07,-0.0005442950625269,-0.0006114996321887,100000.0,0.0,0.4608213428635008,0.6883762257244914,0.862649616262373,0.3907233758976288,0.7118103284257594,0.7547914201079906,0.0780746100305868,0.1381620728272963,0.7503299824856386,0.7056489373809989,100000,30,10,0.1,5.0,0.1,0,9,0.001,1e-06,0.001,1e-07,1.0,1e-08,adamax,0,0.0,disordered,1,0.3692174885295803,0 days 04:00:08.186527,0.0005443008752235,1.4727515886444031,1.2817027663400806
73,73,73,73,0.2054117348353062,0.2054117348353062,0.2054117348353062,0.2054117348353062,0.2054117348353062,0.2054117348353062,0.2054117348353062,0.2054117348353062,0.2054117348353062,0.2054117348353062,1.000672545044024,0.1749037370246649,0.6121945211011472,0.0818331422131185,0.0478305487495435,0.2288079407310514,0.0312364685461211,0.2994357291734223,0.0321380738627899,0.0426732614269732,-0.0007436671093518,-0.000959533564494,817.0,0.0,0.1852674819801918,0.8267319229556759,0.8009011709823957,0.332743528625158,0.3402819990903042,0.1105719933342548,0.4454831559739022,0.1097612600786275,0.5434071419217806,0.6245833168710772,100000,30,10,0.1,5.0,0.1,0,9,0.001,1e-06,0.001,1e-07,1.0,1e-08,adamax,0,0.0,disordered,1,0.2082861167765842,0 days 04:00:08.186527,0.0007436960477327,1.8999513240481456,1.469657577048945
74,74,74,74,0.3919100249433399,0.3919100249433399,0.3919100249433399,0.3919100249433399,0.3919100249433399,0.3919100249433399,0.3919100249433399,0.3919100249433399,0.3919100249433399,0.3919100249433399,3.2323264240961335e-07,0.1226302582141106,3.592319222454955e-07,0.2227485300530361,0.6526721264470191,0.3139801716573648,9.999926803628925e-08,0.6294051763949314,1.4146752846931638e-07,7.499113889197938e-07,-0.0004656197989416,-0.0006800196685498,24597.0,0.0,0.5819411427086918,0.0716485438516428,0.6216704469983908,0.7522149311552978,0.1418532078034277,0.5950767958664359,0.8190554752387017,0.1936194413797031,0.9134149207965668,0.971914081414014,100000,30,10,0.1,5.0,0.1,0,9,0.001,1e-06,0.001,1e-07,1.0,1e-08,adamax,0,0.0,disordered,1,0.3879011036135383,0 days 04:00:08.186527,0.0004656333991541,2.05616878742223,1.3352742479627957
75,75,75,75,0.4606028844202396,0.4606028844202396,0.4606028844202396,0.4606028844202396,0.4606028844202396,0.4606028844202396,0.4606028844202396,0.4606028844202396,0.4606028844202396,0.4606028844202396,0.2208785473297122,0.2751579892584558,0.5856007839463833,0.2366602898382903,0.3423500821220273,1.0014685378419614,0.2732819577015131,0.6890476009445013,0.2007735547689261,0.2258217438236192,-0.0004041482283551,-0.0004525431995475,371.0,0.0,0.7116445561732289,0.8720357680246629,0.2717827135360652,0.6649683870363727,0.9261442544579104,0.0447290207458562,0.8208245363224256,0.2369231670586005,0.8011131119296838,0.6424195402459892,100000,30,10,0.1,5.0,0.1,0,9,0.001,1e-06,0.001,1e-07,1.0,1e-08,adamax,0,0.0,disordered,1,0.4536350847073859,0 days 04:00:08.186527,0.0004041744731078,1.4200249723101015,1.3043664534110087
76,76,76,76,0.5774615152359814,0.5774615152359814,0.5774615152359814,0.5774615152359814,0.5774615152359814,0.5774615152359814,0.5774615152359814,0.5774615152359814,0.5774615152359814,0.5774615152359814,0.4223152697864878,0.338428052498239,0.3146447838674622,1.0006507890349188,0.3096775436976345,0.8759673118021061,0.312091551020976,0.307473315797088,0.9642517621619304,0.4367613483752767,-0.0003465964153047,-0.0003690317303481,277.0,0.0,0.8015446039715485,0.4009949802868912,0.4502160475125643,0.9242973251731486,0.0712337006125366,0.1562007268025876,0.9728324105112393,0.9132513066775164,0.1468680542722815,0.9734592170118912,100000,30,10,0.1,5.0,0.1,0,9,0.001,1e-06,0.001,1e-07,1.0,1e-08,adamax,0,0.0,disordered,1,0.5787091134613208,0 days 04:00:08.186527,0.0003465971122595,1.2143590815894876,1.188735611191874
77,77,77,77,0.4047756965997316,0.4047756965997316,0.4047756965997316,0.4047756965997316,0.4047756965997316,0.4047756965997316,0.4047756965997316,0.4047756965997316,0.4047756965997316,0.4047756965997316,1.0005425633313052,0.1473424989315435,0.7574984239190458,0.4769202584923998,0.1544914489129688,0.7633082678292256,0.2032388977011091,0.1663072893869237,0.4723036958771526,0.1609207344037062,-0.0004935294023197,-0.0005467010167252,443.0,0.0,0.2654554315187777,0.892106866269302,0.9047752275802584,0.02374579364467,0.0097116349681444,0.3269948613028287,0.9311784773555224,0.7913436883497563,0.386850978460129,0.8580108138212066,100000,30,10,0.1,5.0,0.1,0,9,0.001,1e-06,0.001,1e-07,1.0,1e-08,adamax,0,0.0,disordered,1,0.4021872438439308,0 days 04:00:08.186527,0.0004935376319328,1.2371365114444826,1.1923171303782436
78,78,78,78,0.4180637241455752,0.4180637241455752,0.4180637241455752,0.4180637241455752,0.4180637241455752,0.4180637241455752,0.4180637241455752,0.4180637241455752,0.4180637241455752,0.4180637241455752,0.1143166916068028,0.1143904294783632,0.8507627672755689,0.3001511572096104,0.260331311548842,0.2677189185865383,0.1879268569942679,1.0000633400888956,0.1201013852076479,0.1769134002144629,-0.0004824873122882,-0.0005421001465584,680.0,0.0,0.3075618302920075,0.3474174026041087,0.1904783218387498,0.9595511044269076,0.8036306332035066,0.4624248054107556,0.2642765705883787,0.9659796005287032,0.3968199655598801,0.2107055644668479,100000,30,10,0.1,5.0,0.1,0,9,0.001,1e-06,0.001,1e-07,1.0,1e-08,adamax,0,0.0,disordered,1,0.4135503531788614,0 days 04:00:08.186527,0.0004825101257564,1.2948597207761443,1.2421293025284312
79,79,79,79,0.4180637241455752,0.4180637241455752,0.4180637241455752,0.4180637241455752,0.4180637241455752,0.4180637241455752,0.4180637241455752,0.4180637241455752,0.4180637241455752,0.4180637241455752,0.3954403792469437,0.1800453288124046,0.1620815129592178,1.0007882978745186,0.370309447718292,0.1611110292420564,0.9876294824848936,0.1917687638173218,0.1696470681934303,0.165185441040839,-0.0004466838052595,-0.0005419357269065,427.0,0.0,0.4246563813836979,0.7191217102511182,0.770684798983071,0.1089855521364941,0.945930767553762,0.6745707526164916,0.0624957620655682,0.8374364376590171,0.9719037368942256,0.8377476422704673,100000,30,10,0.1,5.0,0.1,0,9,0.001,1e-06,0.001,1e-07,1.0,1e-08,adamax,0,0.0,disordered,1,0.4207820205837917,0 days 04:00:08.186527,0.0004466898600759,1.4675858936797321,1.2942993552305935
80,80,80,80,0.4317879727332017,0.4317879727332017,0.4317879727332017,0.4317879727332017,0.4317879727332017,0.4317879727332017,0.4317879727332017,0.4317879727332017,0.4317879727332017,0.4317879727332017,0.7793585186001173,0.1724159261884606,0.1540611719584327,0.3679833112847429,0.1811552543668236,1.0006171424312895,0.3020543124144445,0.1485726632578233,0.6901766751419137,0.1567081060725884,-0.0004641907235211,-0.000507589389943,589.0,0.0,0.0097848792944588,0.4730889081790549,0.5891737739594198,0.8879986937026283,0.5027604854148191,0.0773238153824005,0.933525505036036,0.951735797816364,0.4861622150139764,0.0534427364833297,100000,30,10,0.1,5.0,0.1,0,9,0.001,1e-06,0.001,1e-07,1.0,1e-08,adamax,0,0.0,disordered,1,0.4346436879727255,0 days 04:00:08.186527,0.0004641994343988,1.3045323378784799,1.191843129288462
81,81,81,81,0.4047756965997316,0.4047756965997316,0.4047756965997316,0.4047756965997316,0.4047756965997316,0.4047756965997316,0.4047756965997316,0.4047756965997316,0.4047756965997316,0.4047756965997316,0.0664871237856914,0.0001358508331782,0.7155157647490411,0.7558196651896784,0.2242445778769344,0.0001609649576202,0.2892991140389402,0.7234634486027722,7.264263611914632e-05,0.5185730652377447,-0.0004940194752438,-0.0005662338794062,7849.0,1.0,0.8388906791646739,0.7416726764410203,0.9712340798009208,0.0073136945373993,0.4354944495200968,0.2838023986323703,0.1077050956833312,0.7351346026730965,0.3412149163770641,0.0389691391211579,100000,30,10,0.1,5.0,0.1,0,9,0.001,1e-06,0.001,1e-07,1.0,1e-08,adamax,0,0.0,disordered,1,0.4028780143630139,0 days 04:00:08.186527,0.000494023283584,1.4677567571430445,1.26690655676585
82,82,82,82,0.3919100249433399,0.3919100249433399,0.3919100249433399,0.3919100249433399,0.3919100249433399,0.3919100249433399,0.3919100249433399,0.3919100249433399,0.3919100249433399,0.3919100249433399,1.0001822188001142,0.3290123653531371,0.1177338974068,0.5319403257379495,0.1109234272114951,0.6999766433949827,0.108804306003185,0.1181700491671068,0.7975784475004003,0.1093712066022319,-0.000462515945017,-0.0005279933832504,556.0,0.0,0.1336268057264049,0.8060002972277002,0.60587101798938,0.2150506251736147,0.6960422280017734,0.1304047937127705,0.6731877575019788,0.6550402554226945,0.0055257315325957,0.5115154737487803,100000,30,10,0.1,5.0,0.1,0,9,0.001,1e-06,0.001,1e-07,1.0,1e-08,adamax,0,0.0,disordered,1,0.3896063654129386,0 days 04:00:08.186527,0.0004625206835098,1.6564098108148972,1.3099054739634175
83,83,83,83,0.2263129568399526,0.2263129568399526,0.2263129568399526,0.2263129568399526,0.2263129568399526,0.2263129568399526,0.2263129568399526,0.2263129568399526,0.2263129568399526,0.2263129568399526,1.0179848725639296e-05,0.0382904114700424,0.0846100807158648,0.0006495579284449,8.29819820616335e-06,0.1838783864942757,0.6175899980485332,0.118604168810168,0.0909841181549538,0.0001876441314413,-0.0008174576439543,-0.0010576459858103,8884.0,1.0,0.7263154319326705,0.7585337396231457,0.7057083392270682,0.8850456138709182,0.7562078404723139,0.9219899000274794,0.414807003582114,0.0341609866651546,0.1810034150072165,0.2877822813860587,100000,30,10,0.1,5.0,0.1,0,9,0.001,1e-06,0.001,1e-07,1.0,1e-08,adamax,0,0.0,disordered,1,0.2259816369168316,0 days 04:00:08.186527,0.0008174585822304,1.7790693059556475,1.35533850816505
84,84,84,84,0.2493409369951876,0.2493409369951876,0.2493409369951876,0.2493409369951876,0.2493409369951876,0.2493409369951876,0.2493409369951876,0.2493409369951876,0.2493409369951876,0.2493409369951876,7.469046211848385e-05,0.1739483554986457,0.355502775883165,1.8039704625925988e-05,0.2866524944918056,0.3832851056147677,9.395017792024189e-06,0.0069365290574143,0.5312723682356849,1.1098971086869496e-05,-0.0007036975138702,-0.0008467410905843,8315.0,1.0,0.0417916138033247,0.1081595418560484,0.5187791211329045,0.2524893831318888,0.2855351348958012,0.7414695266286413,0.854679634313597,0.8620398082340321,0.3706215974025555,0.709630073307115,100000,30,10,0.1,5.0,0.1,0,9,0.001,1e-06,0.001,1e-07,1.0,1e-08,adamax,0,0.0,disordered,1,0.2497829598302686,0 days 04:00:08.186527,0.0007036980553995,1.6594720121029731,1.3720313921486043
85,85,85,85,0.2414157116103016,0.2414157116103016,0.2414157116103016,0.2414157116103016,0.2414157116103016,0.2414157116103016,0.2414157116103016,0.2414157116103016,0.2414157116103016,0.2414157116103016,1.0008476854904174,0.1940955176485143,0.0599364771165788,0.5850201766841776,0.0576110238812661,0.0898305930639407,0.0543081612260836,0.3335101684069312,0.0610608611593497,0.5899543855312045,-0.0006569435447272,-0.0007625741585793,721.0,0.0,0.8523046329128582,0.1509575400611467,0.2005536674721244,0.6479602930950665,0.2655503599204205,0.1926771538050761,0.367520227322573,0.0159832471722322,0.4383192764607815,0.0472699422103378,100000,30,10,0.1,5.0,0.1,0,9,0.001,1e-06,0.001,1e-07,1.0,1e-08,adamax,0,0.0,disordered,1,0.2402978743750714,0 days 04:00:08.186527,0.0006569464009968,1.795939927386011,1.4828313215223978
86,86,86,86,0.3228628202536728,0.3228628202536728,0.3228628202536728,0.3228628202536728,0.3228628202536728,0.3228628202536728,0.3228628202536728,0.3228628202536728,0.3228628202536728,0.3228628202536728,0.0383285139729656,0.0335418331781427,0.0250499208969275,0.1419598588530567,0.2929597178425989,0.035958840979903,0.6720757367584101,0.0998763723135587,0.0188055303388964,1.000017872704538,-0.0005742123581459,-0.0006782209882967,1675.0,0.0,0.2447102483994975,0.2175422008613383,0.3294452338784563,0.1253899564827365,0.4711964164244566,0.6878566433246712,0.338928923504192,0.9271932187857496,0.8597668788883609,0.3060151354329368,100000,30,10,0.1,5.0,0.1,0,9,0.001,1e-06,0.001,1e-07,1.0,1e-08,adamax,0,0.0,disordered,1,0.3216529269629369,0 days 04:00:08.186527,0.0005742150963716,1.6785102472062712,1.3111099969739564
87,87,87,87,0.3228628202536728,0.3228628202536728,0.3228628202536728,0.3228628202536728,0.3228628202536728,0.3228628202536728,0.3228628202536728,0.3228628202536728,0.3228628202536728,0.3228628202536728,0.485169961872019,0.943502569090788,4.657171491410486e-05,0.290189231171043,0.0999580526732095,0.9337738729813008,0.1712255368947864,0.2197103070626927,0.0345789221319329,9.470792249485412e-05,-0.0006110635296748,-0.0007608610821068,8001.0,1.0,0.038900403522143,0.7681917007692237,0.2400123129050898,0.3321610405787516,0.5793352263468351,0.998879676887163,0.2996775666119918,0.4685230029239946,0.6274508828630837,0.6833723791568794,100000,30,10,0.1,5.0,0.1,0,9,0.001,1e-06,0.001,1e-07,1.0,1e-08,adamax,0,0.0,disordered,1,0.3184260133401506,0 days 04:00:08.186527,0.0006111088648948,1.3830168222572596,1.324440848265692
88,88,88,88,0.3444087275973818,0.3444087275973818,0.3444087275973818,0.3444087275973818,0.3444087275973818,0.3444087275973818,0.3444087275973818,0.3444087275973818,0.3444087275973818,0.3444087275973818,0.7412136540704974,0.0041842639730373,0.003801335458164,0.7790069647965433,0.0035665945591367,1.0000053417166208,0.2361918377457396,0.0036925644125495,0.0057655553955728,0.0072734189267136,-0.0005819536883217,-0.0008114157198046,3338.0,0.0,0.2121661834498004,0.595321747502258,0.5441064429064965,0.6585798628076089,0.114996975033249,0.126294515936877,0.9755274904159574,0.8213015645453736,0.8275573150954998,0.9341044081009072,100000,30,10,0.1,5.0,0.1,0,9,0.001,1e-06,0.001,1e-07,1.0,1e-08,adamax,0,0.0,disordered,1,0.3493780913771456,0 days 04:00:08.186527,0.0005820069279743,1.3774155804796806,1.2413049539157839
89,89,89,89,0.2837303616516209,0.2837303616516209,0.2837303616516209,0.2837303616516209,0.2837303616516209,0.2837303616516209,0.2837303616516209,0.2837303616516209,0.2837303616516209,0.2837303616516209,0.4554944564532726,0.4702849730760274,0.1992511239574836,3.405775378242908e-05,4.594600236155013e-05,7.463455563763179e-05,0.5400612386050976,0.3548780729745711,0.4598357911156036,0.0001393951206784,-0.0006273254941335,-0.0007172834396507,7788.0,1.0,0.9606477600179142,0.3934875320999323,0.7540671762368577,0.6416200925555191,0.5598502694613712,0.6793483833215337,0.3194334511245228,0.8621787179353753,0.4070223282075782,0.1481786877104517,100000,30,10,0.1,5.0,0.1,0,9,0.001,1e-06,0.001,1e-07,1.0,1e-08,adamax,0,0.0,disordered,1,0.2811136017703253,0 days 04:00:08.186527,0.000627341981101,1.6138929781150435,1.3945787997773382
90,90,90,90,0.4180637241455752,0.4180637241455752,0.4180637241455752,0.4180637241455752,0.4180637241455752,0.4180637241455752,0.4180637241455752,0.4180637241455752,0.4180637241455752,0.4180637241455752,0.972384755613426,0.2230843261807892,0.4310067796696319,1.0006617176289092,0.2096772624082829,0.3548609088304695,0.5937764229713387,0.3421278582313986,0.2012989390461933,0.1653107886546692,-0.0004617143988029,-0.0005073353188762,500.0,0.0,0.01098085101386,0.6391893320658769,0.2316316889649254,0.9560655599081944,0.195004457412108,0.3161794080516598,0.9841316837334272,0.5198546202904285,0.9220245989560004,0.781437673828669,100000,30,10,0.1,5.0,0.1,0,9,0.001,1e-06,0.001,1e-07,1.0,1e-08,adamax,0,0.0,disordered,1,0.413567534766461,0 days 04:00:08.186527,0.0004617329474843,1.2927775990502957,1.313139991406406
91,91,91,91,0.3794532847236935,0.3794532847236935,0.3794532847236935,0.3794532847236935,0.3794532847236935,0.3794532847236935,0.3794532847236935,0.3794532847236935,0.3794532847236935,0.3794532847236935,0.0081261381138042,0.2255205386368456,0.0267885633533025,0.8204306122513741,4.160179299835442e-06,9.756861675126143e-06,1.2193647027561956e-05,6.100855876187276e-06,0.8136439365001491,0.4785883751911543,-0.0005046112245325,-0.0006550084402702,8318.0,1.0,0.1189656934694649,0.2159834369804282,0.3871775574072005,0.8809562507227594,0.3339882823452316,0.463082038554324,0.4807654820193242,0.3247552471025198,0.7864852844832143,0.0548267275661812,100000,30,10,0.1,5.0,0.1,0,9,0.001,1e-06,0.001,1e-07,1.0,1e-08,adamax,0,0.0,disordered,1,0.3763128238142992,0 days 04:00:08.186527,0.0005046233100404,2.1980861729119945,1.254489123311282
92,92,92,92,0.2659804395593755,0.2659804395593755,0.2659804395593755,0.2659804395593755,0.2659804395593755,0.2659804395593755,0.2659804395593755,0.2659804395593755,0.2659804395593755,0.2659804395593755,0.8261118922794085,0.355240268393325,2.496494825431085e-05,0.1514671081971696,5.385701446873971e-06,0.1333515451768834,4.936983621717217e-06,0.6789361451863375,6.9543087636764754e-06,4.999541952026244e-06,-0.0006760010456923,-0.000878644413946,8451.0,1.0,0.2259101612470958,0.8250852070925885,0.6163417034041984,0.51182482978383,0.3695079637628718,0.1301395767928599,0.4567843092033645,0.9870944758123702,0.5950884747622851,0.5765793507415918,100000,30,10,0.1,5.0,0.1,0,9,0.001,1e-06,0.001,1e-07,1.0,1e-08,adamax,0,0.0,disordered,1,0.2668395013513772,0 days 04:00:08.186527,0.0006760031036798,2.199971747894609,1.3135412150352463
93,93,93,93,0.3228628202536728,0.3228628202536728,0.3228628202536728,0.3228628202536728,0.3228628202536728,0.3228628202536728,0.3228628202536728,0.3228628202536728,0.3228628202536728,0.3228628202536728,3.030971665399262e-05,0.0432828067140843,3.109217019235627e-05,0.4344941689363665,7.882218414792522e-06,1.8963406654496804e-05,5.224302832461993e-06,0.417757725795169,0.3170418896100007,0.9009705124359516,-0.0005398597329663,-0.0006902951405359,8318.0,1.0,0.9901185849563507,0.8854033802553948,0.9991993182784584,0.9536333395616264,0.6674968517385982,0.3053121936604561,0.6281431780271564,0.3482098358137734,0.810769530791913,0.1373004610757547,100000,30,10,0.1,5.0,0.1,0,9,0.001,1e-06,0.001,1e-07,1.0,1e-08,adamax,0,0.0,disordered,1,0.3266927498242864,0 days 04:00:08.186527,0.0005398802219713,1.7777068437425116,1.2870479692718235
94,94,94,94,0.3228628202536728,0.3228628202536728,0.3228628202536728,0.3228628202536728,0.3228628202536728,0.3228628202536728,0.3228628202536728,0.3228628202536728,0.3228628202536728,0.3228628202536728,5.76994083180026e-06,2.5357139379208643e-05,1.5595896781028152e-05,0.8126800139556054,4.5237361917169886e-05,0.5184320160163917,0.5295059248330961,0.2092644616562384,0.1118316717185615,4.7375785658103794e-05,-0.0005992610083911,-0.0007111530106138,7892.0,1.0,0.4625463334785304,0.8407760221468864,0.4545120864552048,0.6010178494198809,0.098282937984683,0.2851049834564449,0.954485228687717,0.6569395453324917,0.3649391687249511,0.5168811759658247,100000,30,10,0.1,5.0,0.1,0,9,0.001,1e-06,0.001,1e-07,1.0,1e-08,adamax,0,0.0,disordered,1,0.3241097654457916,0 days 04:00:08.186527,0.0005992640962138,1.6276393297283414,1.3386851546664686
95,95,95,95,0.2054117348353062,0.2054117348353062,0.2054117348353062,0.2054117348353062,0.2054117348353062,0.2054117348353062,0.2054117348353062,0.2054117348353062,0.2054117348353062,0.2054117348353062,0.0103335351541419,2.457981397927965e-05,0.8056543246791745,0.0001089840045911,0.329462294307124,0.1679200379817831,1.0926445706724336e-05,0.2241482067968345,0.1416600955335299,9.28837289311997e-06,-0.0008646776699616,-0.0010435929698339,8630.0,1.0,0.7748685781334842,0.7874703499468639,0.8279679389790622,0.2896426787975475,0.2383059387980907,0.6385084824992602,0.5272006473755549,0.5648867514980614,0.2146149182040537,0.3186241281654006,100000,30,10,0.1,5.0,0.1,0,9,0.001,1e-06,0.001,1e-07,1.0,1e-08,adamax,0,0.0,disordered,1,0.2087314989366404,0 days 04:00:08.186527,0.0008647544412969,1.6302980373753622,1.4910227240297604
96,96,96,96,0.4913407286296357,0.4913407286296357,0.4913407286296357,0.4913407286296357,0.4913407286296357,0.4913407286296357,0.4913407286296357,0.4913407286296357,0.4913407286296357,0.4913407286296357,0.0863154565804898,0.2642902405891777,0.1005280796691822,1.000230958057955,0.8366340481822812,0.4198870696160612,0.1397681646379066,0.951644158777092,0.1064995676048471,0.1148895560521937,-0.0004053242795127,-0.0004639338114926,767.0,0.0,0.7520531805662839,0.3583232572055379,0.7574855506164321,0.0466446628262281,0.9508661797045698,0.208073038688888,0.4782076330508558,0.9208852532322118,0.2534796826385556,0.22738427258263,100000,30,10,0.1,5.0,0.1,0,9,0.001,1e-06,0.001,1e-07,1.0,1e-08,adamax,0,0.0,disordered,1,0.4851055779264286,0 days 04:00:08.186527,0.0004053488343266,1.3819337697730831,1.2731334051755723
97,97,97,97,0.367392478180207,0.367392478180207,0.367392478180207,0.367392478180207,0.367392478180207,0.367392478180207,0.367392478180207,0.367392478180207,0.367392478180207,0.367392478180207,4.953299116890552e-05,0.2290954570843594,0.4442818179665598,0.3811776120206591,0.5845858304824048,5.967903910973013e-06,0.1523371779721611,0.9246853258425346,7.024683969000575e-06,0.2513084728663754,-0.0005364458872484,-0.0006055219297005,16735.0,1.0,0.9856407059323568,0.9044301672206756,0.5322461972191177,0.0610219450589694,0.6046687082088471,0.2515781875767063,0.2140104759049822,0.9321430366726656,0.6194232422172982,0.4440395249769181,100000,30,10,0.1,5.0,0.1,0,9,0.001,1e-06,0.001,1e-07,1.0,1e-08,adamax,0,0.0,disordered,1,0.3639621726420371,0 days 04:00:08.186527,0.0005364641708097,1.3059453450395908,1.3033547200974849
98,98,98,98,0.2837303616516209,0.2837303616516209,0.2837303616516209,0.2837303616516209,0.2837303616516209,0.2837303616516209,0.2837303616516209,0.2837303616516209,0.2837303616516209,0.2837303616516209,0.7322215570086884,5.8838501679938384e-05,0.762602248450756,7.321467073030555e-05,0.2743624607006986,0.116679916105619,0.3511606921719081,0.0173348023375206,0.3657798260298236,0.4429079647331937,-0.0006254027446699,-0.0006874528268199,6608.0,1.0,0.0626588585856636,0.3716213986030104,0.863983149761172,0.302676282624697,0.3227942730688419,0.6068560668114126,0.2521406786205266,0.5569347628095851,0.7686825338221793,0.2866737766544271,100000,30,10,0.1,5.0,0.1,0,9,0.001,1e-06,0.001,1e-07,1.0,1e-08,adamax,0,0.0,disordered,1,0.2836245588095171,0 days 04:00:08.186527,0.0006254027394901,1.765726358154464,1.4027850759820393
99,99,99,99,0.4606028844202396,0.4606028844202396,0.4606028844202396,0.4606028844202396,0.4606028844202396,0.4606028844202396,0.4606028844202396,0.4606028844202396,0.4606028844202396,0.4606028844202396,0.2090337796788555,0.2331543991400076,0.2301850913489069,0.2218708940624338,0.3024784367359879,0.3991210334085741,0.4045930066892281,1.0002371106685046,0.2241048503132447,0.2184439518267613,-0.0004060263542985,-0.000479731295648,342.0,0.0,0.4727508707947953,0.5762673366342947,0.363331391445274,0.2236183745546042,0.1144018670174983,0.5654837920917276,0.937429217870874,0.0187662025074489,0.8656634618701456,0.9624731102430444,100000,30,10,0.1,5.0,0.1,0,9,0.001,1e-06,0.001,1e-07,1.0,1e-08,adamax,0,0.0,disordered,1,0.4653487639125958,0 days 04:00:08.186527,0.0004060392238241,1.312430377659888,1.2277158254894522
100,100,100,100,0.1692220351641035,0.1692220351641035,0.1692220351641035,0.1692220351641035,0.1692220351641035,0.1692220351641035,0.1692220351641035,0.1692220351641035,0.1692220351641035,0.1692220351641035,0.3191226978671923,0.400845209802235,2.124512336167748e-06,0.1301836583899447,6.746167733656356e-06,0.1990157850070388,1.256906723439753e-07,0.1458957859189473,9.998804420589573e-08,0.5801800285776259,-0.0007696499979356,-0.0010278507957783,16893.0,0.0,0.5423265014841474,0.967883458447882,0.7047824365175038,0.5452252080293496,0.4636750178949943,0.4663990069336898,0.6819967270741285,0.2345053687759503,0.7154011245036019,0.490989737027474,100000,30,10,0.1,5.0,0.1,0,9,0.001,1e-06,0.001,1e-07,1.0,1e-08,adamax,0,0.0,disordered,1,0.1689817024642617,0 days 04:00:08.186527,0.0007696501537905,2.109639496668914,1.6128254991733637
101,101,101,101,0.31260072430687,0.31260072430687,0.31260072430687,0.31260072430687,0.31260072430687,0.31260072430687,0.31260072430687,0.31260072430687,0.31260072430687,0.31260072430687,0.0432410298972771,1.0001227811452975,0.1237651448592818,0.0572454000786107,0.0595763406888525,0.6660101605485532,0.1589532755064787,0.0342464290709805,0.4725544891395699,0.0328351599167835,-0.0006068339322663,-0.0007111386282795,984.0,0.0,0.6746622185381884,0.9408617504122404,0.2334536817920307,0.4032255184610195,0.2751601289752232,0.0526764147171315,0.6220897071828432,0.628520015007522,0.9994108501412068,0.6010269037381571,100000,30,10,0.1,5.0,0.1,0,9,0.001,1e-06,0.001,1e-07,1.0,1e-08,adamax,0,0.0,disordered,1,0.3080529192320427,0 days 04:00:08.186527,0.0006068795716699,1.636217451961358,1.3244040409493296
102,102,102,102,0.3919100249433399,0.3919100249433399,0.3919100249433399,0.3919100249433399,0.3919100249433399,0.3919100249433399,0.3919100249433399,0.3919100249433399,0.3919100249433399,0.3919100249433399,0.1334932823370425,1.0003393810630823,0.5073466891137601,0.1159345795915214,0.7475656958987035,0.2598346338068346,0.0924230073853966,0.6957307460105494,0.0855136890915682,0.1198852447811285,-0.0004965406112346,-0.000565848382367,701.0,0.0,0.3961064626087849,0.9011587193387256,0.0153843211944366,0.3027069692435673,0.7519290472142671,0.1614870135216741,0.3612359751794584,0.8490636365580233,0.3446746493451292,0.242960708934384,100000,30,10,0.1,5.0,0.1,0,9,0.001,1e-06,0.001,1e-07,1.0,1e-08,adamax,0,0.0,disordered,1,0.3930174136584389,0 days 04:00:08.186527,0.0004965420071452,1.4677834551500915,1.3111194940523576
103,103,103,103,0.293044697697214,0.293044697697214,0.293044697697214,0.293044697697214,0.293044697697214,0.293044697697214,0.293044697697214,0.293044697697214,0.293044697697214,0.293044697697214,0.9133090033830824,0.5323179144942285,1.0000204408761166,0.0071522484707365,0.1364777002167698,0.1002929570484303,0.0660602983817719,0.6065231285390231,0.0221686051364589,0.4617633528713247,-0.0006153069582906,-0.0006944845727262,2310.0,0.0,0.8905882682808496,0.0774172052746193,0.856691807280719,0.3153846173974736,0.2077847171545707,0.4878787630597822,0.4834181147525649,0.9646969872568616,0.7525046995401022,0.4601224335495554,100000,30,10,0.1,5.0,0.1,0,9,0.001,1e-06,0.001,1e-07,1.0,1e-08,adamax,0,0.0,disordered,1,0.2887444413900055,0 days 04:00:08.186527,0.0006153463069129,1.4950011172649391,1.3672896037278341
104,104,104,104,0.2747120789270809,0.2747120789270809,0.2747120789270809,0.2747120789270809,0.2747120789270809,0.2747120789270809,0.2747120789270809,0.2747120789270809,0.2747120789270809,0.2747120789270809,0.0230451528373959,1.0000080950505152,0.091848986818618,0.6629852190198721,0.0979568096482518,0.0809119119421459,0.6054765983035411,0.1056773208907431,0.0232230546575778,0.0240437791284533,-0.0006264893903102,-0.0007726113810415,1415.0,0.0,0.559448179377736,0.3183682671306512,0.9827215923343974,0.3859388031179065,0.8856894269797009,0.6560771856866561,0.9161440724365804,0.3545676606804618,0.4166964266045845,0.3693269630957549,100000,30,10,0.1,5.0,0.1,0,9,0.001,1e-06,0.001,1e-07,1.0,1e-08,adamax,0,0.0,disordered,1,0.2735743400791081,0 days 04:00:08.186527,0.0006264921816075,1.583443434240293,1.4626573028930034
105,105,105,105,0.2414157116103016,0.2414157116103016,0.2414157116103016,0.2414157116103016,0.2414157116103016,0.2414157116103016,0.2414157116103016,0.2414157116103016,0.2414157116103016,0.2414157116103016,0.0587081890899194,0.1262932928158849,1.89906579226526e-05,0.3841671216738191,1.9649711014117247e-05,0.2195280798555258,0.4237983763368543,0.0607261389958453,7.848512330275572e-05,0.8077283902141796,-0.0007431295174977,-0.000865643032222,7878.0,1.0,0.8270428182013859,0.9531227652913028,0.8245693322036489,0.4514212725251594,0.8290967274280593,0.7301863689728796,0.5191332376501886,0.1834950095969402,0.2378709334464719,0.7037642552418423,100000,30,10,0.1,5.0,0.1,0,9,0.001,1e-06,0.001,1e-07,1.0,1e-08,adamax,0,0.0,disordered,1,0.240874035015357,0 days 04:00:08.186527,0.0007431306638421,1.8974679284548106,1.408865871896268
106,106,106,106,0.1487115462808952,0.1487115462808952,0.1487115462808952,0.1487115462808952,0.1487115462808952,0.1487115462808952,0.1487115462808952,0.1487115462808952,0.1487115462808952,0.1487115462808952,0.7681039721529525,9.999519947902501e-08,0.0474529660791021,1.5737009940194728e-07,2.693832462683809e-07,0.4879074643835568,2.7555285342334985e-07,2.144425344076948e-07,1.967600167740673e-07,0.1450088053104464,-0.0011695676638162,-0.0015868489785469,23301.0,0.0,0.1987394069753326,0.5603459846190683,0.8041887075195945,0.6538980773741612,0.6097557171857994,0.2577333633717787,0.119935968613166,0.0339098497467681,0.0463400935683828,0.2317624605308721,100000,30,10,0.1,5.0,0.1,0,9,0.001,1e-06,0.001,1e-07,1.0,1e-08,adamax,0,0.0,disordered,1,0.1509454863798203,0 days 04:00:08.186527,0.0011696582678374,1.8004048874139418,1.3422330422858066
107,107,107,107,0.2659804395593755,0.2659804395593755,0.2659804395593755,0.2659804395593755,0.2659804395593755,0.2659804395593755,0.2659804395593755,0.2659804395593755,0.2659804395593755,0.2659804395593755,0.1403196632277681,0.1197200188635463,0.0006699186285833,0.0001760660914415,0.4304950041313763,0.0464281928622888,0.1986391391856248,0.7113849986049966,0.0057409934872941,0.4254792618942524,-0.0006298422320515,-0.0007061172198676,7222.0,1.0,0.5576826791052716,0.4236802611593196,0.2040989308365327,0.3026871386777993,0.4612512907545262,0.798942229904156,0.6559291488966292,0.0409055308440315,0.4815189960665327,0.1859971408619078,100000,30,10,0.1,5.0,0.1,0,9,0.001,1e-06,0.001,1e-07,1.0,1e-08,adamax,0,0.0,disordered,1,0.2645584783104892,0 days 04:00:08.186527,0.0006298464145635,1.6161757339276275,1.3597934113317378
108,108,108,108,0.293044697697214,0.293044697697214,0.293044697697214,0.293044697697214,0.293044697697214,0.293044697697214,0.293044697697214,0.293044697697214,0.293044697697214,0.293044697697214,0.1260449550633177,9.116094316623136e-05,0.32015779796752,2.7457332108930005e-05,3.912379287393596e-05,0.6904883385354595,0.0629595680096219,0.1297532327411855,0.6199618165725209,2.028764232282849e-05,-0.0006624533209869,-0.0007614677006405,8528.0,1.0,0.8548328677142727,0.8849042337673497,0.5546647111131409,0.7364080424825971,0.686781002516244,0.8168348678564569,0.2788157443291197,0.2292883141352593,0.7463090556139563,0.9590819260938424,100000,30,10,0.1,5.0,0.1,0,9,0.001,1e-06,0.001,1e-07,1.0,1e-08,adamax,0,0.0,disordered,1,0.2958754491801387,0 days 04:00:08.186527,0.0006624783240422,1.7211986831321935,1.335943178588103
109,109,109,109,0.31260072430687,0.31260072430687,0.31260072430687,0.31260072430687,0.31260072430687,0.31260072430687,0.31260072430687,0.31260072430687,0.31260072430687,0.31260072430687,0.6293100444316813,0.0001414776900743,0.0080146616404146,0.1812888745346881,0.5137872922197879,0.4819161934423687,6.296785308700092e-05,0.2342914855055363,0.5438465079998998,5.207032897787772e-05,-0.0006071879285148,-0.0006883759442785,8127.0,1.0,0.2298178228373562,0.5677739835398896,0.5442195125318621,0.3735582233951082,0.7502377867354061,0.1317663476758382,0.3717770738280922,0.4310672285924066,0.9529997793113488,0.6843037903798886,100000,30,10,0.1,5.0,0.1,0,9,0.001,1e-06,0.001,1e-07,1.0,1e-08,adamax,0,0.0,disordered,1,0.311444711379597,0 days 04:00:08.186527,0.0006071910475861,1.5872753431409619,1.3553422052229298
110,110,110,110,0.2837303616516209,0.2837303616516209,0.2837303616516209,0.2837303616516209,0.2837303616516209,0.2837303616516209,0.2837303616516209,0.2837303616516209,0.2837303616516209,0.2837303616516209,0.0344534893901147,1.000348945540774,0.2030347388361371,0.6440062360920656,0.0335431915796999,0.6862789576815612,0.0865132085308061,0.07460483453363,0.0603394323007351,0.052559381293819,-0.0006593324892831,-0.0008134741646173,990.0,0.0,0.7109588786233508,0.9997911436030892,0.2267787050296258,0.6035266324041912,0.1076616957623852,0.1624966741586189,0.6961278409738247,0.8259834276770187,0.6357975895967353,0.5797828945619068,100000,30,10,0.1,5.0,0.1,0,9,0.001,1e-06,0.001,1e-07,1.0,1e-08,adamax,0,0.0,disordered,1,0.2874208750548545,0 days 04:00:08.186527,0.0006593723635833,1.431947277566691,1.3743910543487523
111,111,111,111,0.4047756965997316,0.4047756965997316,0.4047756965997316,0.4047756965997316,0.4047756965997316,0.4047756965997316,0.4047756965997316,0.4047756965997316,0.4047756965997316,0.4047756965997316,0.0689904976223752,0.000364848715299,0.2003461719272165,5.57429004538968e-06,9.117337734329326e-06,6.333548959010934e-06,0.99229025541417,0.0812415135494677,0.8656520521592361,3.9555487742832433e-05,-0.000421582459374,-0.00053346868343,7764.0,1.0,0.790630726295852,0.9562374211517236,0.9255221732521834,0.8087770068293173,0.4321179044971832,0.7663340080029579,0.2338323123187341,0.904048678156823,0.2797343041595618,0.9803847111856008,100000,30,10,0.1,5.0,0.1,0,9,0.001,1e-06,0.001,1e-07,1.0,1e-08,adamax,0,0.0,disordered,1,0.4093958735305438,0 days 04:00:08.186527,0.0004215938054131,1.9944421779844865,1.2834069880409802
112,112,112,112,0.4047756965997316,0.4047756965997316,0.4047756965997316,0.4047756965997316,0.4047756965997316,0.4047756965997316,0.4047756965997316,0.4047756965997316,0.4047756965997316,0.4047756965997316,0.2674692605217062,3.138831114638529e-07,3.665875551081935e-07,0.2488639644830063,2.77160351920689e-07,0.9152823991246408,1.915028655248841e-06,0.3864227593658523,0.7564357838894632,5.561060319672364e-07,-0.0005044979848461,-0.0005830398141028,100000.0,0.0,0.3016832549624413,0.2640832767535498,0.3363274420383708,0.4851418951388808,0.2002006434705995,0.2637231920312685,0.8842365683840808,0.9313198157180764,0.1553798826124388,0.4413512264260195,100000,30,10,0.1,5.0,0.1,0,9,0.001,1e-06,0.001,1e-07,1.0,1e-08,adamax,0,0.0,disordered,1,0.4018020686746171,0 days 04:00:08.186527,0.0005045098208931,1.6690853114902537,1.209760713423293
113,113,113,113,0.2837303616516209,0.2837303616516209,0.2837303616516209,0.2837303616516209,0.2837303616516209,0.2837303616516209,0.2837303616516209,0.2837303616516209,0.2837303616516209,0.2837303616516209,0.6641736532292458,0.125134546267006,0.0389607570215,0.4956715135160178,0.0021159162859933,0.1222670418590826,0.7225781269143727,2.5941291310021426e-07,0.3097116646656934,0.0563639474966819,-0.0005914110418519,-0.0006639824192386,100000.0,0.0,0.4198464085418141,0.8282891159533825,0.6604139492479763,0.4080416756397663,0.788695792970943,0.6051509888335281,0.2093610962463399,0.7926281560532956,0.4656375164822883,0.8869505002259676,100000,30,10,0.1,5.0,0.1,0,9,0.001,1e-06,0.001,1e-07,1.0,1e-08,adamax,0,0.0,disordered,1,0.2883091402338527,0 days 04:00:08.186527,0.0005914507352464,2.119732113327777,1.4416891514993353
114,114,114,114,0.3228628202536728,0.3228628202536728,0.3228628202536728,0.3228628202536728,0.3228628202536728,0.3228628202536728,0.3228628202536728,0.3228628202536728,0.3228628202536728,0.3228628202536728,0.1131017533912775,0.7312970484796791,0.3221867660873991,5.021182656901601e-05,5.081637122379188e-05,0.0951462637467697,0.0999715480796997,0.8061287553680605,0.0869837162431251,0.6561230987630287,-0.0005646593506524,-0.0006472588544888,7857.0,1.0,0.6652286902850271,0.1511461071182099,0.7566756965413822,0.5812057528556136,0.5415794581404321,0.4197375547591516,0.66289024476234,0.063289788225274,0.5038335624770842,0.935506718815235,100000,30,10,0.1,5.0,0.1,0,9,0.001,1e-06,0.001,1e-07,1.0,1e-08,adamax,0,0.0,disordered,1,0.3222162524666893,0 days 04:00:08.186527,0.0005646601395661,1.9642063470198834,1.3614221386023662
115,115,115,115,0.3228628202536728,0.3228628202536728,0.3228628202536728,0.3228628202536728,0.3228628202536728,0.3228628202536728,0.3228628202536728,0.3228628202536728,0.3228628202536728,0.3228628202536728,0.0472326335980916,0.3531627921970227,1.7463040550327743e-05,1.88999097063796e-05,1.7526674710502988e-05,0.2963426765072454,9.109645574564372e-05,0.3916933329786671,0.7279002268852671,2.997699963158996e-05,-0.0006010430636385,-0.0007589813940286,8315.0,1.0,0.2048671372175592,0.137013393890617,0.4105203445189851,0.5195104419443821,0.3765258345746637,0.4839410295657812,0.6746681273088498,0.7927785685533543,0.0515914868847581,0.3817122140834397,100000,30,10,0.1,5.0,0.1,0,9,0.001,1e-06,0.001,1e-07,1.0,1e-08,adamax,0,0.0,disordered,1,0.3237705554135159,0 days 04:00:08.186527,0.0006010444147864,1.869161713640258,1.235386348232837
116,116,116,116,0.3557150206821381,0.3557150206821381,0.3557150206821381,0.3557150206821381,0.3557150206821381,0.3557150206821381,0.3557150206821381,0.3557150206821381,0.3557150206821381,0.3557150206821381,0.1622842594392044,1.0000321470969546,0.5460202494481666,0.1393850063831432,0.1197022616491991,0.2224037050701075,0.1737538420773027,0.3534472684094764,0.5541208750081645,0.1001230105825997,-0.0005644355734735,-0.000645270566725,667.0,0.0,0.6192309160099487,0.0209156604668269,0.949196085805464,0.6408209766622542,0.4850036743611498,0.4483143018991906,0.1472576819398338,0.0662550030853231,0.6809667073821352,0.923986139489024,100000,30,10,0.1,5.0,0.1,0,9,0.001,1e-06,0.001,1e-07,1.0,1e-08,adamax,0,0.0,disordered,1,0.3536249616690938,0 days 04:00:08.186527,0.0005644445839065,1.3040596828809174,1.2557006634387742
117,117,117,117,0.31260072430687,0.31260072430687,0.31260072430687,0.31260072430687,0.31260072430687,0.31260072430687,0.31260072430687,0.31260072430687,0.31260072430687,0.31260072430687,1.0011865154004762,0.2516284012085476,0.6026776782590414,0.1067506572463003,0.1068324765151848,0.1894352993713111,0.1544926269808372,0.1021054459437558,0.2507039697915053,0.8523441954630735,-0.0006152528862914,-0.0007597709743368,529.0,0.0,0.79236850187799,0.021454334921551,0.0389684819440877,0.5126584980908546,0.5732641256148879,0.6063464038688403,0.8760248254439775,0.897865788127695,0.9892944308928155,0.3336362814836187,100000,30,10,0.1,5.0,0.1,0,9,0.001,1e-06,0.001,1e-07,1.0,1e-08,adamax,0,0.0,disordered,1,0.3141758022125365,0 days 04:00:08.186527,0.0006152593463035,1.2621480655825676,1.1984230571394097
118,118,118,118,0.333461801578636,0.333461801578636,0.333461801578636,0.333461801578636,0.333461801578636,0.333461801578636,0.333461801578636,0.333461801578636,0.333461801578636,0.333461801578636,0.6849345595509668,0.3245366990543834,0.1911301816663672,1.000136873372414,0.3722829093515434,0.4187042659515237,0.1893351159694708,0.1835662579337639,0.1459842605485667,0.1022380371048805,-0.0005732281236648,-0.0006738529397211,611.0,0.0,0.4685438744054826,0.993629312938368,0.7003627951620519,0.0574349150226748,0.9095515927383748,0.6166727366896131,0.1937122517675252,0.3477290547245186,0.5776592921086124,0.6527664441151828,100000,30,10,0.1,5.0,0.1,0,9,0.001,1e-06,0.001,1e-07,1.0,1e-08,adamax,0,0.0,disordered,1,0.3296345309950009,0 days 04:00:08.186527,0.0005732559682904,1.3278129382915436,1.34659872224367
119,119,119,119,0.4047756965997316,0.4047756965997316,0.4047756965997316,0.4047756965997316,0.4047756965997316,0.4047756965997316,0.4047756965997316,0.4047756965997316,0.4047756965997316,0.4047756965997316,0.5545025043324324,0.0538761556060522,0.5935807077202961,0.0408385082059167,1.0000202019469022,0.0287439951122282,0.4840291540659066,0.5998258008437626,0.037776842908954,0.4939537876140707,-0.0004881314465845,-0.000528185920025,2545.0,0.0,0.410728475381375,0.7443590959461956,0.5328265257248977,0.9747578061892131,0.8534960630493873,0.1500965432951359,0.1030876914121305,0.8535295930326651,0.6077306724577283,0.9762235664604278,100000,30,10,0.1,5.0,0.1,0,9,0.001,1e-06,0.001,1e-07,1.0,1e-08,adamax,0,0.0,disordered,1,0.4105930442858159,0 days 04:00:08.186527,0.0004881727602032,1.2762857227883446,1.248559475202834
120,120,120,120,0.4047756965997316,0.4047756965997316,0.4047756965997316,0.4047756965997316,0.4047756965997316,0.4047756965997316,0.4047756965997316,0.4047756965997316,0.4047756965997316,0.4047756965997316,0.3243985416303234,0.1393784370417018,0.5601237482483499,0.5207350785307638,0.7966971157718175,0.0981875621598026,0.1332531523038748,0.1417886810560596,0.2669218751320465,1.000295519905843,-0.0004683872336956,-0.0005480540161403,622.0,0.0,0.435834779462619,0.1792983733266665,0.0369883463752735,0.7685847217103081,0.0835179293669268,0.6439031526829808,0.5635435668373796,0.739568320401929,0.943891263002008,0.2365214903841666,100000,30,10,0.1,5.0,0.1,0,9,0.001,1e-06,0.001,1e-07,1.0,1e-08,adamax,0,0.0,disordered,1,0.4054374589635259,0 days 04:00:08.186527,0.0004683877768492,1.3108832877414374,1.2737609790091176
121,121,121,121,0.4459627626819087,0.4459627626819087,0.4459627626819087,0.4459627626819087,0.4459627626819087,0.4459627626819087,0.4459627626819087,0.4459627626819087,0.4459627626819087,0.4459627626819087,0.0919778059649485,0.7633562769798995,0.1302920802008481,0.0989600616685898,0.8459809746828861,0.3040509078449966,0.4329283909623963,0.4504868603236127,0.0736019315480328,1.0000019933017892,-0.0004593325800488,-0.0004948487998101,930.0,0.0,0.4826040926959499,0.7515620687294599,0.2023581685917818,0.0920116234928242,0.1380229866068717,0.9316879857781158,0.7894252030152007,0.2004108507488413,0.0158897298359887,0.6378190116729733,100000,30,10,0.1,5.0,0.1,0,9,0.001,1e-06,0.001,1e-07,1.0,1e-08,adamax,0,0.0,disordered,1,0.4429631283156323,0 days 04:00:08.186527,0.0004593417923887,1.1977019202034833,1.1905580826967563
122,122,122,122,0.1988827856988807,0.1988827856988807,0.1988827856988807,0.1988827856988807,0.1988827856988807,0.1988827856988807,0.1988827856988807,0.1988827856988807,0.1988827856988807,0.1988827856988807,0.1067582687049451,4.078842521821344e-05,0.263012577828753,0.0597947340848383,0.7019617138453145,0.136493801205387,0.3816115370795456,6.382099507586025e-06,1.195801983884536e-05,1.0957580568292833e-05,-0.0008006007451218,-0.0010350639885578,8678.0,1.0,0.3219068800907684,0.227954613732546,0.1995556372938079,0.4722253635804095,0.3422514539903797,0.9402172918894702,0.5658874773949365,0.9001261446978802,0.9246386652645656,0.9001324900548501,100000,30,10,0.1,5.0,0.1,0,9,0.001,1e-06,0.001,1e-07,1.0,1e-08,adamax,0,0.0,disordered,1,0.2006889415099218,0 days 04:00:08.186527,0.0008006169085824,1.695211804966164,1.591987329371381
123,123,123,123,0.3919100249433399,0.3919100249433399,0.3919100249433399,0.3919100249433399,0.3919100249433399,0.3919100249433399,0.3919100249433399,0.3919100249433399,0.3919100249433399,0.3919100249433399,0.0679368468358287,3.1693235208187464e-05,6.1503379804324e-05,0.9227341497307104,0.8484182511491661,0.5734499814356687,0.2149615317085104,0.0001851470002648,0.0934204742654191,0.141586373089613,-0.0004927745998456,-0.0006381264377529,8109.0,1.0,0.4983454905287332,0.5832895646919062,0.5342589017236986,0.0202634807373287,0.9464100576900564,0.1510903531028005,0.5534559105858134,0.682647856788838,0.7863061131620858,0.5422231796108453,100000,30,10,0.1,5.0,0.1,0,9,0.001,1e-06,0.001,1e-07,1.0,1e-08,adamax,0,0.0,disordered,1,0.3925774907883679,0 days 04:00:08.186527,0.0004927748818475,1.3780068981076101,1.2863767948679117
124,124,124,124,0.31260072430687,0.31260072430687,0.31260072430687,0.31260072430687,0.31260072430687,0.31260072430687,0.31260072430687,0.31260072430687,0.31260072430687,0.31260072430687,0.1706644761925542,0.1623742487812055,0.0107055325057658,0.0113105706940503,1.0000217019486757,0.0957654213643524,0.672970761345814,0.001952825742327,0.0072614141565449,0.0032983144818362,-0.0005910436150037,-0.0007807885857052,2550.0,0.0,0.6391108790301397,0.8271093594992666,0.6435283568596154,0.6668418155384968,0.8540520560504438,0.0734116669155326,0.518521050809158,0.0265520237612418,0.1513861713431294,0.0285064142169597,100000,30,10,0.1,5.0,0.1,0,9,0.001,1e-06,0.001,1e-07,1.0,1e-08,adamax,0,0.0,disordered,1,0.3115812024864853,0 days 04:00:08.186527,0.0005910460713688,1.625872330977216,1.3707748216998534
125,125,125,125,0.3557150206821381,0.3557150206821381,0.3557150206821381,0.3557150206821381,0.3557150206821381,0.3557150206821381,0.3557150206821381,0.3557150206821381,0.3557150206821381,0.3557150206821381,0.8092980215376093,0.1411157998407968,0.2426477480183059,0.1272895263338368,0.1104632253808222,0.282102888070535,0.2922801615874705,0.1220790146562167,0.3231922845099687,1.0006807822908332,-0.0005345322714812,-0.000630943806547,635.0,0.0,0.8662414965178878,0.329738218002739,0.5211312073463263,0.7872579379890905,0.688896824749785,0.9263145604956078,0.4898036887229915,0.7024378150343941,0.8677546688910042,0.1071970230385482,100000,30,10,0.1,5.0,0.1,0,9,0.001,1e-06,0.001,1e-07,1.0,1e-08,adamax,0,0.0,disordered,1,0.3577085023831955,0 days 04:00:08.186527,0.0005345381818978,1.5252959776290222,1.2798087755879772
126,126,126,126,0.4180637241455752,0.4180637241455752,0.4180637241455752,0.4180637241455752,0.4180637241455752,0.4180637241455752,0.4180637241455752,0.4180637241455752,0.4180637241455752,0.4180637241455752,0.0354046590546737,0.5397930085495698,0.0825688461198421,0.3578016261396926,0.5356418460973281,0.1509029499434399,0.4482281711169613,0.7930322711454412,0.0913091800748192,0.6299673076972067,-0.0004724616451245,-0.0004948543355839,3485.0,1.0,0.4698551588747217,0.0879942584045,0.5569643621342539,0.3133533464336471,0.8404982731519823,0.4683808695028418,0.16289530068774,0.8733791351470347,0.4258654966885558,0.0197112421874458,100000,30,10,0.1,5.0,0.1,0,9,0.001,1e-06,0.001,1e-07,1.0,1e-08,adamax,0,0.0,disordered,1,0.4147422665884011,0 days 04:00:08.186527,0.0004724730328271,1.5167405297649055,1.296758507949381
127,127,127,127,0.0601948197382726,0.0601948197382726,0.0601948197382726,0.0601948197382726,0.0601948197382726,0.0601948197382726,0.0601948197382726,0.0601948197382726,0.0601948197382726,0.0601948197382726,1.2667924716874869e-06,0.1404145083446441,0.1101018835365313,3.3470116621698327e-06,0.2330837133119432,2.018265068418774e-05,2.734988329884942e-06,2.139491524951819e-06,0.0329181754675793,0.061738769716877,-0.0018458221273436,-0.0021619779910435,9076.0,1.0,0.2686888585870096,0.3830994218100014,0.0262443207348223,0.1401115351915322,0.2965088687873769,0.3375832951584115,0.4375794644216485,0.2976178144068799,0.3206682412694038,0.4620787748246554,100000,30,10,0.1,5.0,0.1,0,9,0.001,1e-06,0.001,1e-07,1.0,1e-08,adamax,0,0.0,disordered,1,0.0599990437414954,0 days 04:00:08.186527,0.0018458252737769,2.7658180019766028,2.4681842386230435
128,128,128,128,0.2659804395593755,0.2659804395593755,0.2659804395593755,0.2659804395593755,0.2659804395593755,0.2659804395593755,0.2659804395593755,0.2659804395593755,0.2659804395593755,0.2659804395593755,0.8006335390690585,2.459321695724009e-05,0.8947992144908664,0.2578638674952572,2.612657572309193e-05,0.1556437198830391,0.1088075649471919,0.5195527839609693,0.0005899326933418,1.9229032750623968e-05,-0.0007429527632067,-0.0009248749797469,8277.0,1.0,0.3519327463102876,0.7497859477666411,0.781070814915798,0.0176659638470567,0.1620922119128206,0.1018191438928746,0.3528687006585745,0.3562605533678569,0.7492930954460025,0.729520125674327,100000,30,10,0.1,5.0,0.1,0,9,0.001,1e-06,0.001,1e-07,1.0,1e-08,adamax,0,0.0,disordered,1,0.2627566769499261,0 days 04:00:08.186527,0.0007429988767772,1.3706729869679515,1.3009846801972844
129,129,129,129,0.4180637241455752,0.4180637241455752,0.4180637241455752,0.4180637241455752,0.4180637241455752,0.4180637241455752,0.4180637241455752,0.4180637241455752,0.4180637241455752,0.4180637241455752,0.2858249927673223,0.0791514288295227,0.0020059913847777,0.4723621949190166,0.2040672055996856,0.2084018014070783,7.19585878308017e-05,0.9117986218038484,0.4884518262879811,6.176089521326474e-05,-0.0004866154701467,-0.0005935156931975,7946.0,1.0,0.8824147325613924,0.6829980203089694,0.5955341403008954,0.9943332014900896,0.641966715068702,0.3894717582066502,0.3047671450549398,0.0357513358910965,0.9441383821019348,0.7526396033854349,100000,30,10,0.1,5.0,0.1,0,9,0.001,1e-06,0.001,1e-07,1.0,1e-08,adamax,0,0.0,disordered,1,0.4191615833246586,0 days 04:00:08.186527,0.0004866168786009,1.5018568727287689,1.2160149701821483
130,130,130,130,0.2337423870891812,0.2337423870891812,0.2337423870891812,0.2337423870891812,0.2337423870891812,0.2337423870891812,0.2337423870891812,0.2337423870891812,0.2337423870891812,0.2337423870891812,0.8687301024848127,1.1931600589596066e-05,0.0523157215787681,0.5694323383103278,5.9188814530809405e-06,0.6699947191699056,7.730099073738003e-05,0.2440128469017261,0.1336017207495085,2.915018450352848e-05,-0.0007881968083514,-0.0009143423632803,8231.0,1.0,0.3770744740385141,0.8750264088387725,0.762923530257859,0.4651733664606914,0.9557833448132416,0.8923995250960749,0.4460462226478133,0.427009935517979,0.1516958500288139,0.1024071282176544,100000,30,10,0.1,5.0,0.1,0,9,0.001,1e-06,0.001,1e-07,1.0,1e-08,adamax,0,0.0,disordered,1,0.2360825276526598,0 days 04:00:08.186527,0.0007882259683316,1.671243594931821,1.410375371890545
131,131,131,131,0.2121550171362449,0.2121550171362449,0.2121550171362449,0.2121550171362449,0.2121550171362449,0.2121550171362449,0.2121550171362449,0.2121550171362449,0.2121550171362449,0.2121550171362449,0.2654041975342275,2.251981160037937e-05,0.457362568881915,0.6084473727780778,3.905386348061632e-06,0.0720971767912261,8.41740633855326e-06,0.1478242468916133,0.1982584988428354,3.75383046182972e-05,-0.0008610078553878,-0.0011033435680883,8505.0,1.0,0.3572105858326114,0.2145963222654221,0.0686048753592449,0.7354797423575674,0.9611756267230732,0.6873883811420436,0.9074324780725448,0.8703669412946711,0.6460543691700241,0.5226129115246972,100000,30,10,0.1,5.0,0.1,0,9,0.001,1e-06,0.001,1e-07,1.0,1e-08,adamax,0,0.0,disordered,1,0.2122194801125028,0 days 04:00:08.186527,0.0008610078397061,1.668044212095045,1.402791796005468
132,132,132,132,0.2191196687578146,0.2191196687578146,0.2191196687578146,0.2191196687578146,0.2191196687578146,0.2191196687578146,0.2191196687578146,0.2191196687578146,0.2191196687578146,0.2191196687578146,1.683107987054307e-07,0.0540482999084027,1.3010511688522586e-07,0.228404148025805,0.2733581051285602,1.5740921074896598e-07,1.5037102900608994e-07,0.1296070075124876,0.5673340726554746,0.0107473023469137,-0.0008148882310793,-0.0009780947149574,100000.0,0.0,0.3579013924678206,0.4949761755722949,0.3212519515014987,0.1720666773180067,0.4953270051382947,0.6611575082946666,0.5853151200539239,0.7378227930383214,0.3359702633489273,9.60405599956804e-05,100000,30,10,0.1,5.0,0.1,0,9,0.001,1e-06,0.001,1e-07,1.0,1e-08,adamax,0,0.0,disordered,1,0.2184286205506194,0 days 04:00:08.186527,0.0008148908268856,1.7273126048566863,1.3843065540980415
133,133,133,133,0.31260072430687,0.31260072430687,0.31260072430687,0.31260072430687,0.31260072430687,0.31260072430687,0.31260072430687,0.31260072430687,0.31260072430687,0.31260072430687,0.0001103039044595,0.1625711338366436,7.039998901531409e-05,3.4661360703808773e-05,0.3710810136703442,0.3244863780790759,0.0334649970268358,0.8085410315130392,0.2806168475601435,0.0002060365706285,-0.0005631449925879,-0.0006543219708559,7645.0,1.0,0.212659523709593,0.2896953747711416,0.553104867010391,0.389451515347593,0.6576718802427545,0.2239429185820662,0.4680172846291024,0.0022461445398733,0.6863003978230826,0.865358765091174,100000,30,10,0.1,5.0,0.1,0,9,0.001,1e-06,0.001,1e-07,1.0,1e-08,adamax,0,0.0,disordered,1,0.3133045249880651,0 days 04:00:08.186527,0.0005631458640789,1.7405230669215996,1.3891518399629608
134,134,134,134,0.3444087275973818,0.3444087275973818,0.3444087275973818,0.3444087275973818,0.3444087275973818,0.3444087275973818,0.3444087275973818,0.3444087275973818,0.3444087275973818,0.3444087275973818,0.0970459610877464,0.0958197259924624,1.0002724450827298,0.2866632987210383,0.5762622315118519,0.1245109552599964,0.1099795867313928,0.5959930342239568,0.1950229470915243,0.1006730555331291,-0.0005641607060239,-0.0006561634870395,610.0,0.0,0.8586576209689326,0.8746833990846345,0.1961319899414358,0.981421288630042,0.551370055537916,0.1855797904828828,0.0910540624549163,0.0709756771489656,0.6369673359898222,0.6285879455462029,100000,30,10,0.1,5.0,0.1,0,9,0.001,1e-06,0.001,1e-07,1.0,1e-08,adamax,0,0.0,disordered,1,0.3405292752828461,0 days 04:00:08.186527,0.0005641877246404,1.3388636205111375,1.3208337825237675
135,135,135,135,0.4757236139187883,0.4757236139187883,0.4757236139187883,0.4757236139187883,0.4757236139187883,0.4757236139187883,0.4757236139187883,0.4757236139187883,0.4757236139187883,0.4757236139187883,0.2440701077432607,0.2431900631501461,0.2617608006510544,0.3791869245960791,0.5349276831674691,0.6572721008258263,0.5686234729387049,0.252615034481096,0.2380995815102901,1.0000670249437127,-0.0004082705938624,-0.0004393375924331,348.0,0.0,0.7867578153046024,0.6586148779360064,0.5194036064022658,0.1628216458053162,0.7344738470457473,0.0040607791752594,0.6603056326225697,0.1653106406351319,0.158812500494112,0.9060919823220174,100000,30,10,0.1,5.0,0.1,0,9,0.001,1e-06,0.001,1e-07,1.0,1e-08,adamax,0,0.0,disordered,1,0.4692049148649485,0 days 04:00:08.186527,0.0004082964256337,1.2595943880754397,1.2640213045694675
136,136,136,136,0.4913407286296357,0.4913407286296357,0.4913407286296357,0.4913407286296357,0.4913407286296357,0.4913407286296357,0.4913407286296357,0.4913407286296357,0.4913407286296357,0.4913407286296357,0.1940437784730005,0.4440394884597712,0.277682846063613,0.1862699751545585,0.1899078993120269,0.1894489690084735,0.1687767861718059,0.476434539839411,1.0008038373053505,0.4791915227785003,-0.0004105378455321,-0.0004928220512534,497.0,0.0,0.9272687987305654,0.7202854143764663,0.2286132749517861,0.4693763724185115,0.3461982610739972,0.1176045480895723,0.2368161436599996,0.05796887217318,0.9722989391173464,0.2362951831663555,100000,30,10,0.1,5.0,0.1,0,9,0.001,1e-06,0.001,1e-07,1.0,1e-08,adamax,0,0.0,disordered,1,0.4880693249918414,0 days 04:00:08.186527,0.0004105452303505,1.327406599722887,1.1741674504521944
137,137,137,137,0.31260072430687,0.31260072430687,0.31260072430687,0.31260072430687,0.31260072430687,0.31260072430687,0.31260072430687,0.31260072430687,0.31260072430687,0.31260072430687,0.0152159896693666,0.4387102655273683,0.0733051948300825,0.0009898418755212,1.0000945159589456,0.0912013725589915,0.5963537798673455,0.0038266983480655,0.0020146848616538,0.3513968156558852,-0.0006337096550294,-0.0007565140650281,4706.0,0.0,0.3871303033300499,0.2466130384795043,0.6512560958980139,0.5625293241165457,0.7656657950986049,0.0114169824866066,0.204675351213916,0.5987377284896298,0.576566930148022,0.8244385564254193,100000,30,10,0.1,5.0,0.1,0,9,0.001,1e-06,0.001,1e-07,1.0,1e-08,adamax,0,0.0,disordered,1,0.3093764869759689,0 days 04:00:08.186527,0.000633738038852,1.534326239618329,1.3414070098313653
138,138,138,138,0.2493409369951876,0.2493409369951876,0.2493409369951876,0.2493409369951876,0.2493409369951876,0.2493409369951876,0.2493409369951876,0.2493409369951876,0.2493409369951876,0.2493409369951876,0.4536355155764033,0.0405316272966603,8.444663105908683e-06,1.9458509866793163e-05,6.492666938825271e-06,0.7442662616143192,0.3072713553746826,8.515619013159753e-06,0.112689616638291,6.283202563457735e-06,-0.0007122398979513,-0.0009576793127058,8127.0,1.0,0.080546864575358,0.3711524930990902,0.4037561394020001,0.5130269217785087,0.3514292192289528,0.734669791447239,0.1043126694432297,0.0606265487732715,0.3134969656943688,0.08936835835602,100000,30,10,0.1,5.0,0.1,0,9,0.001,1e-06,0.001,1e-07,1.0,1e-08,adamax,0,0.0,disordered,1,0.2518117041637405,0 days 04:00:08.186527,0.0007122623513219,1.8347013891151984,1.4037669232553944
139,139,139,139,0.3557150206821381,0.3557150206821381,0.3557150206821381,0.3557150206821381,0.3557150206821381,0.3557150206821381,0.3557150206821381,0.3557150206821381,0.3557150206821381,0.3557150206821381,0.230462296945214,0.1128283099679069,0.5481771259079534,0.1134251762622255,0.1046772686774988,0.0878336598269117,1.0000910405759311,0.1340574165642421,0.0979921306992301,0.645796810348992,-0.0005259444119714,-0.0006345040071176,625.0,0.0,0.3924113107452132,0.5784304362761635,0.0841896335863821,0.4597958892749636,0.5553176384279525,0.5645392862095029,0.0302027113843083,0.7732342916221171,0.7219944120767331,0.2970111784747991,100000,30,10,0.1,5.0,0.1,0,9,0.001,1e-06,0.001,1e-07,1.0,1e-08,adamax,0,0.0,disordered,1,0.3507015871054353,0 days 04:00:08.186527,0.0005259786896053,1.7921485043689818,1.3366427796275673
140,140,140,140,0.31260072430687,0.31260072430687,0.31260072430687,0.31260072430687,0.31260072430687,0.31260072430687,0.31260072430687,0.31260072430687,0.31260072430687,0.31260072430687,0.1502332991286238,0.404025017411909,5.7147189260601e-06,0.6224514211785769,0.0316839301525451,0.6394460242203955,0.098535133297975,0.7280684325420035,2.553908429444688e-05,3.399223652552712e-06,-0.0005799959085312,-0.0006692797273607,14491.0,1.0,0.4713454304536444,0.7391818794487419,0.8340747307980766,0.2477164179479444,0.7708320963728408,0.4241983695702475,0.9531604880370382,0.8783654950164146,0.3579915231080731,0.3598325142224708,100000,30,10,0.1,5.0,0.1,0,9,0.001,1e-06,0.001,1e-07,1.0,1e-08,adamax,0,0.0,disordered,1,0.3140092289586041,0 days 04:00:08.186527,0.0005799997396408,1.6940729655347875,1.3824217533008625
141,141,141,141,0.31260072430687,0.31260072430687,0.31260072430687,0.31260072430687,0.31260072430687,0.31260072430687,0.31260072430687,0.31260072430687,0.31260072430687,0.31260072430687,0.2411014290057263,0.7411808568146895,0.7674283827482762,6.397534361829331e-05,0.0952165818914456,1.1546648458620507e-05,0.7417774872468519,7.059290020985747e-06,0.1950425485346053,7.926143026795158e-05,-0.0005740477497098,-0.0007567003697287,7812.0,1.0,0.4858358613989018,0.9606447966726998,0.1439805411979351,0.5489012665123931,0.6477107544433567,0.7200550744245918,0.0671148507380147,0.5993153176299014,0.4504410344368798,0.3394168925365474,100000,30,10,0.1,5.0,0.1,0,9,0.001,1e-06,0.001,1e-07,1.0,1e-08,adamax,0,0.0,disordered,1,0.3142507139647021,0 days 04:00:08.186527,0.0005740527723756,2.1094865924087034,1.3928728308510705
142,142,142,142,0.333461801578636,0.333461801578636,0.333461801578636,0.333461801578636,0.333461801578636,0.333461801578636,0.333461801578636,0.333461801578636,0.333461801578636,0.333461801578636,0.5661767645535354,0.9833177417294308,0.1003044649491084,0.7453465127477508,0.6610604049421713,0.0797051604292728,9.999938680585161e-08,0.0880105946406163,1.595370080471773e-07,0.6244978639432271,-0.0005565652218265,-0.0006841334807031,48607.0,0.0,0.970535745395725,0.1060291218306453,0.708691782471572,0.20436046231027,0.9481022894736189,0.5003145590931377,0.4533875913258531,0.2485016800118726,0.5337793923358432,0.8643289560409935,100000,30,10,0.1,5.0,0.1,0,9,0.001,1e-06,0.001,1e-07,1.0,1e-08,adamax,0,0.0,disordered,1,0.3320886137608212,0 days 04:00:08.186527,0.0005565683127629,1.711325943348162,1.353656790658106
143,143,143,143,0.4459627626819087,0.4459627626819087,0.4459627626819087,0.4459627626819087,0.4459627626819087,0.4459627626819087,0.4459627626819087,0.4459627626819087,0.4459627626819087,0.4459627626819087,8.641454081387506e-05,0.6711741882399946,0.0170960437433718,0.0818057979424064,0.8906965868155404,0.7334613849365025,0.3494567851138659,0.7769747035266497,0.0550406780916433,0.038759456450627,-0.0004178172302339,-0.0004687990845065,5999.0,1.0,0.0720732812115272,0.6582265017536821,0.1465543869611854,0.2250704739888461,0.8538524976332683,0.0722715630299145,0.7316708832017987,0.0578531237565792,0.5095432760207479,0.6235079875011236,100000,30,10,0.1,5.0,0.1,0,9,0.001,1e-06,0.001,1e-07,1.0,1e-08,adamax,0,0.0,disordered,1,0.4464410713768829,0 days 04:00:08.186527,0.0004178174290346,1.5742891825313057,1.3000985798197415
144,144,144,144,0.4606028844202396,0.4606028844202396,0.4606028844202396,0.4606028844202396,0.4606028844202396,0.4606028844202396,0.4606028844202396,0.4606028844202396,0.4606028844202396,0.4606028844202396,0.4427317105268754,0.8080119286160258,0.1746497392688434,0.2094178761027944,0.1660404135522243,0.7078440988098138,0.1678358399506506,0.1805564443256203,0.4685967825340317,1.0007656581149798,-0.0004334283357708,-0.0005031455778002,453.0,0.0,0.1469985366622423,0.8021095935456756,0.2210107799811463,0.475682485797211,0.2402812112931351,0.7635859224107355,0.2511413197970664,0.262182598526722,0.012176776794017,0.8998375981764654,100000,30,10,0.1,5.0,0.1,0,9,0.001,1e-06,0.001,1e-07,1.0,1e-08,adamax,0,0.0,disordered,1,0.4538205220773169,0 days 04:00:08.186527,0.0004334643713432,1.4215832146831553,1.2466496294552205
145,145,145,145,0.3228628202536728,0.3228628202536728,0.3228628202536728,0.3228628202536728,0.3228628202536728,0.3228628202536728,0.3228628202536728,0.3228628202536728,0.3228628202536728,0.3228628202536728,0.1628191784050777,9.999016961774809e-08,2.6717255970461505e-07,2.610686927505697e-07,0.011419258680658,1.824632277197229e-07,0.9393134259356918,0.1520321393925345,1.1452412710378704e-06,8.655081101758783e-07,-0.0005755553308799,-0.0008680669390296,18406.0,0.0,0.0335969627568926,0.3145864476464628,0.6470071622065572,0.3320857338144194,0.5972060998913077,0.3645648731152949,0.8799511230920498,0.1589792162923121,0.0184104311826945,0.0997000036646228,100000,30,10,0.1,5.0,0.1,0,9,0.001,1e-06,0.001,1e-07,1.0,1e-08,adamax,0,0.0,disordered,1,0.3233371194625653,0 days 04:00:08.186527,0.0005755559229207,2.2679748636390142,1.338487894553374
146,146,146,146,0.367392478180207,0.367392478180207,0.367392478180207,0.367392478180207,0.367392478180207,0.367392478180207,0.367392478180207,0.367392478180207,0.367392478180207,0.367392478180207,0.0042539956803949,0.3788670506561507,0.0074798088248215,0.6911991158901349,0.0513610778354067,0.5310082104613362,0.003381072891685,0.1269111531204601,0.2929043451202475,1.0000418580407189,-0.0005176706256156,-0.0005925397361775,3932.0,0.0,0.5239920370250133,0.592268699619776,0.8339028183744194,0.9546479818986864,0.401304424874914,0.8236951744580298,0.4051697468493412,0.3706570239468989,0.1326942880592098,0.8686533835131917,100000,30,10,0.1,5.0,0.1,0,9,0.001,1e-06,0.001,1e-07,1.0,1e-08,adamax,0,0.0,disordered,1,0.3624758913076397,0 days 04:00:08.186527,0.0005177022329366,1.5602578897579005,1.2870659423814335
147,147,147,147,0.3919100249433399,0.3919100249433399,0.3919100249433399,0.3919100249433399,0.3919100249433399,0.3919100249433399,0.3919100249433399,0.3919100249433399,0.3919100249433399,0.3919100249433399,0.4238748262549272,0.0985112048947181,0.0013245398165799,0.9151885752137556,0.3357793768177857,0.2632176760616981,2.806317289003897e-06,0.1917208993095653,2.7233201489440293e-06,0.8401200718824433,-0.0004742304267901,-0.00063422414595,8640.0,1.0,0.3361072638152569,0.6466911011130169,0.5171654789011755,0.9968375249315816,0.2556339822243743,0.5514986455993405,0.7896322571214801,0.1910809996479252,0.8231738011496573,0.5581697323222211,100000,30,10,0.1,5.0,0.1,0,9,0.001,1e-06,0.001,1e-07,1.0,1e-08,adamax,0,0.0,disordered,1,0.3900367778317279,0 days 04:00:08.186527,0.0004742338801085,1.7431212031420544,1.3333973241490225
148,148,148,148,0.4047756965997316,0.4047756965997316,0.4047756965997316,0.4047756965997316,0.4047756965997316,0.4047756965997316,0.4047756965997316,0.4047756965997316,0.4047756965997316,0.4047756965997316,0.7267670143193495,1.0000255228436188,0.028040738543168,0.3434862233471792,0.1072498655052245,0.9232911887848788,0.133517580368129,0.7434724896806323,0.1201938633160282,0.0388554990419615,-0.0005038727946042,-0.0005644160106686,1578.0,0.0,0.103519069386064,0.9680567674181526,0.4118515661605675,0.475406182769067,0.7844622831603345,0.9646372922171242,0.2455385262562845,0.1361654883223276,0.7447308953008215,0.6770375078933076,100000,30,10,0.1,5.0,0.1,0,9,0.001,1e-06,0.001,1e-07,1.0,1e-08,adamax,0,0.0,disordered,1,0.4046654630873325,0 days 04:00:08.186527,0.0005038727488379,1.2680124080386337,1.2261591064601136
149,149,149,149,0.293044697697214,0.293044697697214,0.293044697697214,0.293044697697214,0.293044697697214,0.293044697697214,0.293044697697214,0.293044697697214,0.293044697697214,0.293044697697214,0.1387559952965487,0.3054674037548196,4.690122657756864e-06,3.986569187215981e-06,0.0501366072495254,5.0421346538419895e-06,5.175915409192685e-06,0.3975651942233846,0.6977243799772893,2.90490837461438e-05,-0.0006038389350723,-0.0007879253620633,8258.0,1.0,0.4465205431987034,0.6476068992896135,0.9441499806395016,0.8419109783899698,0.5682197133325374,0.9086267688539756,0.9129114718218536,0.7711556229430179,0.1185609555698687,0.5617089206843101,100000,30,10,0.1,5.0,0.1,0,9,0.001,1e-06,0.001,1e-07,1.0,1e-08,adamax,0,0.0,disordered,1,0.2922088772534694,0 days 04:00:08.186527,0.0006038405555349,2.3610738502912416,1.3080455710295262
150,150,150,150,0.2191196687578146,0.2191196687578146,0.2191196687578146,0.2191196687578146,0.2191196687578146,0.2191196687578146,0.2191196687578146,0.2191196687578146,0.2191196687578146,0.2191196687578146,0.1828438386715012,0.3898366591380544,0.1255238740603564,1.6787314042874273e-05,0.8754575523955941,0.0490632352277141,8.251604341262298e-06,4.420878464172098e-05,4.158583355040293e-05,0.2027916469861734,-0.0008660494493037,-0.0012669771637606,8874.0,1.0,0.6072668886067614,0.87933478726849,0.5162298994322575,0.6125897757826202,0.7151638936978153,0.0838712936818407,0.056342943723363,0.0303978264254882,0.1068354634281478,0.2554841462687353,100000,30,10,0.1,5.0,0.1,0,9,0.001,1e-06,0.001,1e-07,1.0,1e-08,adamax,0,0.0,disordered,1,0.2203022396186991,0 days 04:00:08.186527,0.00086605921629,1.5201730872064465,1.3631632374736675
151,151,151,151,0.4047756965997316,0.4047756965997316,0.4047756965997316,0.4047756965997316,0.4047756965997316,0.4047756965997316,0.4047756965997316,0.4047756965997316,0.4047756965997316,0.4047756965997316,1.000094382529663,0.0898436377104313,0.1258850389895109,0.1276127137248984,0.5034290963898201,0.4003626316001639,0.1640529591809835,0.6856003863886448,0.44975306767207,0.1092854730442143,-0.0004966565992792,-0.0005565088694226,690.0,0.0,0.0483867910215433,0.5964463432981612,0.5722891842830293,0.4552914594104414,0.0089493536422102,0.519182761157155,0.1263686231862464,0.0051056795481539,0.7962273903844265,0.9106530114529016,100000,30,10,0.1,5.0,0.1,0,9,0.001,1e-06,0.001,1e-07,1.0,1e-08,adamax,0,0.0,disordered,1,0.4018995779373292,0 days 04:00:08.186527,0.0004966666209901,1.3436600150391937,1.2402691592977173
152,152,152,152,0.4047756965997316,0.4047756965997316,0.4047756965997316,0.4047756965997316,0.4047756965997316,0.4047756965997316,0.4047756965997316,0.4047756965997316,0.4047756965997316,0.4047756965997316,1.0003412242755996,0.1511023472542601,0.7560027155306782,0.1010377557700923,0.1286892642337459,0.1249688921895139,0.4740597886973871,0.1380953742536572,0.6841792469512495,0.6203109149615849,-0.00046365082872,-0.0005217368655691,609.0,0.0,0.0723200974103522,0.658998149581024,0.0532868940139118,0.5821887559626637,0.6239116307216966,0.5867520196653536,0.9903001071880349,0.6136513534513286,0.1661334633397303,0.9328109107570048,100000,30,10,0.1,5.0,0.1,0,9,0.001,1e-06,0.001,1e-07,1.0,1e-08,adamax,0,0.0,disordered,1,0.4068343216968103,0 days 04:00:08.186527,0.0004636547867232,1.5798381328972733,1.2716748557968653
153,153,153,153,0.3444087275973818,0.3444087275973818,0.3444087275973818,0.3444087275973818,0.3444087275973818,0.3444087275973818,0.3444087275973818,0.3444087275973818,0.3444087275973818,0.3444087275973818,0.3116513704954346,0.0006163671775866,0.0001444831029509,0.6736138681238348,0.5600680848141989,0.0010228737295597,0.1545088711754283,0.1380228327464769,0.4419153987972381,0.6138454315433179,-0.0005494447811916,-0.0006314440740719,7594.0,1.0,0.29901133171327,0.5394260265834436,0.4325121818691179,0.8067388614302226,0.0840030486225367,0.3676129766955708,0.4427155432827598,0.5974138281036413,0.9079079158391044,0.3014981368667159,100000,30,10,0.1,5.0,0.1,0,9,0.001,1e-06,0.001,1e-07,1.0,1e-08,adamax,0,0.0,disordered,1,0.3493543861693017,0 days 04:00:08.186527,0.0005494870184171,1.6063837022882526,1.2908829358074454
154,154,154,154,0.1487115462808952,0.1487115462808952,0.1487115462808952,0.1487115462808952,0.1487115462808952,0.1487115462808952,0.1487115462808952,0.1487115462808952,0.1487115462808952,0.1487115462808952,0.350753186494677,0.2743192653809435,0.3840810055161557,0.0924913847151413,0.3104605920367756,2.584225408111152e-07,9.999914504102644e-08,0.0644038839941794,0.3036037004493332,3.9465288295644455e-06,-0.0010190355675021,-0.0011325673034413,93281.0,0.0,0.3455366874625925,0.6720061274811792,0.2089574176435983,0.5098825266275231,0.3197210689074721,0.6237500993301396,0.5805693899218535,0.6859106949974794,0.4296962777480695,0.2336463865548357,100000,30,10,0.1,5.0,0.1,0,9,0.001,1e-06,0.001,1e-07,1.0,1e-08,adamax,0,0.0,disordered,1,0.1465789649373224,0 days 04:00:08.186527,0.0010190890958106,1.833781909407049,1.7433193350982157
155,155,155,155,0.2493409369951876,0.2493409369951876,0.2493409369951876,0.2493409369951876,0.2493409369951876,0.2493409369951876,0.2493409369951876,0.2493409369951876,0.2493409369951876,0.2493409369951876,0.6721006635487016,0.4497057394464004,0.0490392350596489,0.2082101286291625,0.0122092200463597,9.999876378072989e-08,0.3837327268793361,8.452357115641076e-07,0.0426995965085905,0.5941421648036996,-0.000706502241824,-0.0008405911883792,43997.0,0.0,0.0146175265289446,0.6015984339091843,0.2248147000656325,0.0048262758819638,0.3750287433963313,0.2741317771676971,0.6827360577876453,0.2977948399612876,0.3676598657762004,0.7239127119229027,100000,30,10,0.1,5.0,0.1,0,9,0.001,1e-06,0.001,1e-07,1.0,1e-08,adamax,0,0.0,disordered,1,0.2476406914479459,0 days 04:00:08.186527,0.0007065119677169,2.312845308864116,1.4846441183024461
156,156,156,156,0.4180637241455752,0.4180637241455752,0.4180637241455752,0.4180637241455752,0.4180637241455752,0.4180637241455752,0.4180637241455752,0.4180637241455752,0.4180637241455752,0.4180637241455752,0.5349842402998273,0.2828550235093921,0.5671804439206254,0.0150845407363946,0.0003048327613181,0.1036728341551826,0.7378873152894486,0.8030795761944455,0.3712018745075367,8.68018147208091e-05,-0.0004495099265535,-0.0005205387668783,8162.0,1.0,0.6741544028160474,0.1607312564006348,0.5868115455253371,0.9328341831477888,0.9093519296579587,0.8493826043383815,0.2820135684768482,0.9595891417266345,0.1996494980015776,0.4018801330862289,100000,30,10,0.1,5.0,0.1,0,9,0.001,1e-06,0.001,1e-07,1.0,1e-08,adamax,0,0.0,disordered,1,0.4205356901391462,0 days 04:00:08.186527,0.0004495151498578,1.2664761392278099,1.2633973890941161
157,157,157,157,0.4317879727332017,0.4317879727332017,0.4317879727332017,0.4317879727332017,0.4317879727332017,0.4317879727332017,0.4317879727332017,0.4317879727332017,0.4317879727332017,0.4317879727332017,0.7407403167252125,0.1849219417983637,0.1729992944185401,0.1640277832565031,1.0001846405970196,0.6636415916306785,0.5734487122961296,0.1920031640876802,0.180348541177996,0.1653264734405947,-0.0004447057415639,-0.0005370588699327,434.0,0.0,0.1141341583754927,0.5656113337886529,0.7226522394674271,0.6876340767555652,0.007187578936125,0.98246869559216,0.310009802920434,0.7413852582866136,0.9266026353270806,0.7801669171634159,100000,30,10,0.1,5.0,0.1,0,9,0.001,1e-06,0.001,1e-07,1.0,1e-08,adamax,0,0.0,disordered,1,0.4331991910326497,0 days 04:00:08.186527,0.0004447077823412,1.2809123986389366,1.258753131378874
158,158,158,158,0.2837303616516209,0.2837303616516209,0.2837303616516209,0.2837303616516209,0.2837303616516209,0.2837303616516209,0.2837303616516209,0.2837303616516209,0.2837303616516209,0.2837303616516209,2.8230603774635444e-05,0.0395688651898306,0.3616174196326535,0.2933183126865563,0.331124902303437,2.7243016618837823e-05,2.450835990185516e-05,2.356405233071688e-05,0.5818973663828567,0.444531219077928,-0.000641060696302,-0.000791566097565,8442.0,1.0,0.5232404430410416,0.5386586716387549,0.1437732186149335,0.3820729563996142,0.8225019757503876,0.6811834984210781,0.6635233381008597,0.6814304294317084,0.34954178502582,0.9802030403849948,100000,30,10,0.1,5.0,0.1,0,9,0.001,1e-06,0.001,1e-07,1.0,1e-08,adamax,0,0.0,disordered,1,0.2796144702648542,0 days 04:00:08.186527,0.0006411048142303,1.778979967322951,1.3403034294878158
159,159,159,159,0.4459627626819087,0.4459627626819087,0.4459627626819087,0.4459627626819087,0.4459627626819087,0.4459627626819087,0.4459627626819087,0.4459627626819087,0.4459627626819087,0.4459627626819087,0.0004805394173463,0.5435779958503355,0.1876224050387313,0.9360376858536414,0.364278594989712,0.5158465220580115,0.3132921056512237,4.516973233162045e-05,0.8193143776460127,3.604872463138613e-05,-0.0004382759114805,-0.0004770050694023,6903.0,1.0,0.3362982768544122,0.1871303691083415,0.668718141104379,0.1691920119746617,0.9752731285769424,0.575521730097716,0.1201417383412377,0.0236185122231495,0.6012062097735446,0.0421495147407849,100000,30,10,0.1,5.0,0.1,0,9,0.001,1e-06,0.001,1e-07,1.0,1e-08,adamax,0,0.0,disordered,1,0.4475921872355295,0 days 04:00:08.186527,0.000438278729746,1.380617446951818,1.2596949316746084
160,160,160,160,0.4317879727332017,0.4317879727332017,0.4317879727332017,0.4317879727332017,0.4317879727332017,0.4317879727332017,0.4317879727332017,0.4317879727332017,0.4317879727332017,0.4317879727332017,0.7288669167147191,8.773222869008181e-06,0.2848275397980494,6.354259109745923e-07,0.3925530450299828,1.421152316361863e-07,5.860222515094388e-07,9.999930862092669e-08,0.9669528567036196,1.7304803351703133e-06,-0.0004336092542727,-0.0006526564839819,20855.0,0.0,0.0524429278030924,0.4124428301893003,0.4482890215201537,0.8289626115560034,0.1293951612755517,0.8683324006829127,0.4050021225416482,0.852980275804317,0.1513459287390148,0.0480696667768623,100000,30,10,0.1,5.0,0.1,0,9,0.001,1e-06,0.001,1e-07,1.0,1e-08,adamax,0,0.0,disordered,1,0.4314866524521841,0 days 04:00:08.186527,0.0004336093450382,2.3253470667857936,1.2867280038996112
161,161,161,161,0.3026648059395688,0.3026648059395688,0.3026648059395688,0.3026648059395688,0.3026648059395688,0.3026648059395688,0.3026648059395688,0.3026648059395688,0.3026648059395688,0.3026648059395688,0.2638374783794878,3.26606477930875e-06,0.5697881326251091,4.177010764394459e-07,0.6994096901970739,0.4851157951956933,3.7916431122948e-07,1.3059661960994446e-07,0.0750138944036536,0.2792833123507721,-0.0006582283348709,-0.0008693245944715,100000.0,0.0,0.4358259875344775,0.2156529926634499,0.4782527400504889,0.8201964792407497,0.8854287803570929,0.0868148262342157,0.2570898639873892,0.3048608686626178,0.1743675687195556,0.4670284280399481,100000,30,10,0.1,5.0,0.1,0,9,0.001,1e-06,0.001,1e-07,1.0,1e-08,adamax,0,0.0,disordered,1,0.2979641414363218,0 days 04:00:08.186527,0.0006582948689067,1.3901380200321405,1.2642952223637938
162,162,162,162,0.3919100249433399,0.3919100249433399,0.3919100249433399,0.3919100249433399,0.3919100249433399,0.3919100249433399,0.3919100249433399,0.3919100249433399,0.3919100249433399,0.3919100249433399,0.1125452487174659,0.119366087588509,0.1352241832130459,0.6032726099466832,0.2889842827016484,1.0004871754471432,0.2068190632701332,0.6458960000078395,0.1200101558630372,0.12158594423271,-0.0004479206479108,-0.0005146826676413,628.0,0.0,0.0535861127015699,0.197278859615948,0.065128392987102,0.4569324761981242,0.9399879068391092,0.1531331495662983,0.8871418143478639,0.3157644446371223,0.7471306209072098,0.8426267670549912,100000,30,10,0.1,5.0,0.1,0,9,0.001,1e-06,0.001,1e-07,1.0,1e-08,adamax,0,0.0,disordered,1,0.396007528196103,0 days 04:00:08.186527,0.0004479329744058,1.3952405528186538,1.3170848608802364
163,163,163,163,0.1925613572129196,0.1925613572129196,0.1925613572129196,0.1925613572129196,0.1925613572129196,0.1925613572129196,0.1925613572129196,0.1925613572129196,0.1925613572129196,0.1925613572129196,0.1147935070410542,6.779485885831819e-07,0.264101872297194,0.0496064039022088,0.3855369923729047,0.1569134001858191,0.1763122003547557,0.018981133542589,0.3629510458426769,1.0436195848408764e-06,-0.0008728146314513,-0.0009255454300865,100000.0,0.0,0.6050421877711433,0.7192556857432617,0.6321210957287544,0.930584437182522,0.77873739577466,0.4202621431901127,0.2909495185500346,0.1568346606596754,0.5121337977031166,0.2291368689240009,100000,30,10,0.1,5.0,0.1,0,9,0.001,1e-06,0.001,1e-07,1.0,1e-08,adamax,0,0.0,disordered,1,0.1904046221643143,0 days 04:00:08.186527,0.0008728459282954,1.5794414892041795,1.5060571149041342
164,164,164,164,0.2191196687578146,0.2191196687578146,0.2191196687578146,0.2191196687578146,0.2191196687578146,0.2191196687578146,0.2191196687578146,0.2191196687578146,0.2191196687578146,0.2191196687578146,1.000252207127883,0.22283969574331,0.3124549056318118,0.0388184614432364,0.3334085622497769,0.021458237567184,0.0963041667136696,0.0381241445896299,0.0287979320294719,0.6720470875143427,-0.0007819974101522,-0.0009636825478058,1008.0,0.0,0.2348572092197005,0.8820484141316075,0.6997460033703966,0.5394646261123279,0.8431326722381455,0.5253805104147993,0.3944293509038648,0.6855071109125144,0.6087880351081263,0.2085078479663953,100000,30,10,0.1,5.0,0.1,0,9,0.001,1e-06,0.001,1e-07,1.0,1e-08,adamax,0,0.0,disordered,1,0.2225704428609833,0 days 04:00:08.186527,0.0007820545501584,1.9508117819758242,1.4644721122854483
165,165,165,165,0.4606028844202396,0.4606028844202396,0.4606028844202396,0.4606028844202396,0.4606028844202396,0.4606028844202396,0.4606028844202396,0.4606028844202396,0.4606028844202396,0.4606028844202396,0.2476392477190834,0.241476253296844,0.5268184839259555,0.5407250427097355,1.000349298757255,0.2086621800896457,0.2701147196974195,0.315038895569913,0.4715690818969825,0.4392311952221209,-0.0004099208514665,-0.0004436066134824,359.0,0.0,0.3185811314592214,0.5609879301131608,0.2186413794508285,0.9168829225602444,0.0443029206182613,0.8763618463029645,0.9799138945563578,0.6152402498943469,0.2118946172780164,0.8097544677218037,100000,30,10,0.1,5.0,0.1,0,9,0.001,1e-06,0.001,1e-07,1.0,1e-08,adamax,0,0.0,disordered,1,0.4565368330317945,0 days 04:00:08.186527,0.0004099308532006,1.2937311668338956,1.2700829698780967
166,166,166,166,0.4913407286296357,0.4913407286296357,0.4913407286296357,0.4913407286296357,0.4913407286296357,0.4913407286296357,0.4913407286296357,0.4913407286296357,0.4913407286296357,0.4913407286296357,0.2433438127712023,0.3383811710360531,0.270311655597282,0.2673298229272565,1.001838659125701,0.3617652546839633,0.7975035353337449,0.2359767758018343,0.2809965247397393,0.5041585832817199,-0.0004191433585472,-0.0004559437787897,325.0,0.0,0.4413341943052026,0.7124486303836971,0.3226652389525126,0.2214514698981701,0.9542381762038586,0.0757471606529122,0.0580890142398927,0.7827809055843171,0.7755035132004612,0.311476070621168,100000,30,10,0.1,5.0,0.1,0,9,0.001,1e-06,0.001,1e-07,1.0,1e-08,adamax,0,0.0,disordered,1,0.4860775742210846,0 days 04:00:08.186527,0.0004191638016264,1.244093242660949,1.2162759430841492
167,167,167,167,0.3919100249433399,0.3919100249433399,0.3919100249433399,0.3919100249433399,0.3919100249433399,0.3919100249433399,0.3919100249433399,0.3919100249433399,0.3919100249433399,0.3919100249433399,0.5282727931984341,0.0543080115369617,0.0470057617033693,0.0867376002748114,0.1539064605780985,1.0001265212578183,0.3369894873946833,0.5455032685649912,0.0804311269904036,0.0643706012795302,-0.000495031290265,-0.0005892131164588,1243.0,0.0,0.3740591998252107,0.6879268482728742,0.5997951354240146,0.6484783877139965,0.4353325034398152,0.9802432834230916,0.1479879525046613,0.6317385122222028,0.2061123790086017,0.3348588103989253,100000,30,10,0.1,5.0,0.1,0,9,0.001,1e-06,0.001,1e-07,1.0,1e-08,adamax,0,0.0,disordered,1,0.3859839119202044,0 days 04:00:08.186527,0.000495073754884,1.3901860554910148,1.3064821712732824
168,168,168,168,0.1148471547840287,0.1148471547840287,0.1148471547840287,0.1148471547840287,0.1148471547840287,0.1148471547840287,0.1148471547840287,0.1148471547840287,0.1148471547840287,0.1148471547840287,0.6058944518916011,0.4279416793794241,5.048660662029617e-06,0.1458199533190885,3.390982135188668e-06,2.082561080156156e-05,0.061818972513566,0.2018253916061453,0.0099820463700118,6.69162984682606e-06,-0.0012050673077889,-0.0016320692352302,8592.0,1.0,0.2975240377828509,0.8251332946474925,0.5799405734400951,0.3307931135673814,0.5355832957790975,0.4612390833904831,0.5441377875523028,0.2375414068801772,0.3740625086331685,0.4584177799823629,100000,30,10,0.1,5.0,0.1,0,9,0.001,1e-06,0.001,1e-07,1.0,1e-08,adamax,0,0.0,disordered,1,0.1160721388960401,0 days 04:00:08.186527,0.0012050944001974,2.327274770874684,1.8356836754857182
169,169,169,169,0.3919100249433399,0.3919100249433399,0.3919100249433399,0.3919100249433399,0.3919100249433399,0.3919100249433399,0.3919100249433399,0.3919100249433399,0.3919100249433399,0.3919100249433399,0.0992790249297987,0.2555060877694554,0.574618130216181,0.1313278556835749,1.0003021233705656,0.3209176315125743,0.1310053277079612,0.5756209638552092,0.2007544787835047,0.1984856343464136,-0.0004806678664963,-0.0005200756585452,704.0,0.0,0.0831945352188586,0.0143439525158265,0.5936357353255101,0.2070699824562814,0.8021815598294975,0.0250590579178283,0.2232035242133819,0.629867870135683,0.1319975124791029,0.4207087845975831,100000,30,10,0.1,5.0,0.1,0,9,0.001,1e-06,0.001,1e-07,1.0,1e-08,adamax,0,0.0,disordered,1,0.3962847194591624,0 days 04:00:08.186527,0.0004806887173844,1.4326267504809067,1.3332240364972385
170,170,170,170,0.4913407286296357,0.4913407286296357,0.4913407286296357,0.4913407286296357,0.4913407286296357,0.4913407286296357,0.4913407286296357,0.4913407286296357,0.4913407286296357,0.4913407286296357,0.2285051285654,0.2274153612939368,0.2732921722568569,1.0000045875204058,0.2150724028424006,0.4698255254220427,0.7524647268322736,0.7323496852426965,0.2354183398456629,0.2305281179683492,-0.0003950455695466,-0.000438490819667,360.0,0.0,0.2982748638429793,0.2685307756252719,0.2349098781636482,0.9759423060107242,0.3196653215726728,0.1178753135315892,0.9152367962235946,0.1583504969113206,0.7366984727215286,0.6588236811461464,100000,30,10,0.1,5.0,0.1,0,9,0.001,1e-06,0.001,1e-07,1.0,1e-08,adamax,0,0.0,disordered,1,0.4973765525197789,0 days 04:00:08.186527,0.0003950664952284,1.2789018400145753,1.2569036172641492
171,171,171,171,0.3919100249433399,0.3919100249433399,0.3919100249433399,0.3919100249433399,0.3919100249433399,0.3919100249433399,0.3919100249433399,0.3919100249433399,0.3919100249433399,0.3919100249433399,0.0001175178098784,0.8463877787463386,0.0948522736975429,0.5372282402712217,0.0006248316486841,9.118931255427165e-05,0.3016811570797376,0.7060298041229055,0.5727050298685337,0.0148704698875564,-0.0004942389244376,-0.0005570192449537,7865.0,1.0,0.7176553027169862,0.7733546933724372,0.1803030141992587,0.0373033824959746,0.430733016562524,0.4448800669236115,0.2366174382110738,0.8100134516481061,0.1090222125241248,0.4975099164328231,100000,30,10,0.1,5.0,0.1,0,9,0.001,1e-06,0.001,1e-07,1.0,1e-08,adamax,0,0.0,disordered,1,0.3862194627595466,0 days 04:00:08.186527,0.0004942772549505,1.4593751314357442,1.2798575017453133
172,172,172,172,0.3026648059395688,0.3026648059395688,0.3026648059395688,0.3026648059395688,0.3026648059395688,0.3026648059395688,0.3026648059395688,0.3026648059395688,0.3026648059395688,0.3026648059395688,3.414689464829623e-05,0.8626180705728438,0.6264275439974065,0.1230971247009583,3.0594590208621107e-06,0.0512978024515765,1.486501254957817e-05,8.061600606883615e-06,0.3552261553490402,0.6460300683287006,-0.0006086540855857,-0.0008010309798019,8327.0,1.0,0.5284651505940233,0.0093609338845411,0.8109055433193368,0.3581794790344946,0.4580439539978584,0.1608263990130709,0.3991063375864195,0.4525286946393249,0.6023069119094718,0.035474026553562,100000,30,10,0.1,5.0,0.1,0,9,0.001,1e-06,0.001,1e-07,1.0,1e-08,adamax,0,0.0,disordered,1,0.3057470030855992,0 days 04:00:08.186527,0.0006086761821583,2.289074638584568,1.3439144317142235
173,173,173,173,0.3026648059395688,0.3026648059395688,0.3026648059395688,0.3026648059395688,0.3026648059395688,0.3026648059395688,0.3026648059395688,0.3026648059395688,0.3026648059395688,0.3026648059395688,0.0508681284730586,9.999285116593705e-08,1.9016152321385819e-07,2.8958511658838054e-07,0.052818052677459,4.555971463088602e-07,7.586662512355243e-07,0.6586986377201857,0.3547900050437783,0.5474992451993591,-0.000538978111598,-0.0006467087139691,16813.0,0.0,0.4274371712514283,0.4890100407897844,0.952522855058305,0.5957157030603453,0.6857109384559829,0.4401872814632463,0.4937840073436988,0.9825465245862512,0.4150828601514071,0.9937436869423648,100000,30,10,0.1,5.0,0.1,0,9,0.001,1e-06,0.001,1e-07,1.0,1e-08,adamax,0,0.0,disordered,1,0.3040668319612221,0 days 04:00:08.186527,0.0005389802005528,2.730987327125811,1.3890373246969445
174,174,174,174,0.3557150206821381,0.3557150206821381,0.3557150206821381,0.3557150206821381,0.3557150206821381,0.3557150206821381,0.3557150206821381,0.3557150206821381,0.3557150206821381,0.3557150206821381,0.7887201071947689,0.0027464526675222,0.2998883172496273,0.0085928162592478,0.0098021222786589,1.0001227313915229,0.000308147355523,0.2280426930697867,0.0015434708829594,0.8915685334770284,-0.0005085874427443,-0.0006118479665528,3312.0,0.0,0.6094596160979363,0.9163674550166016,0.5768442817305188,0.8217032618458111,0.8222158042742835,0.3857264901761283,0.3292363001418678,0.9395865128303924,0.3293178926786093,0.783446533920661,100000,30,10,0.1,5.0,0.1,0,9,0.001,1e-06,0.001,1e-07,1.0,1e-08,adamax,0,0.0,disordered,1,0.3591747166507448,0 days 04:00:08.186527,0.0005086018576833,1.8294759671722483,1.326982423046922
175,175,175,175,0.2837303616516209,0.2837303616516209,0.2837303616516209,0.2837303616516209,0.2837303616516209,0.2837303616516209,0.2837303616516209,0.2837303616516209,0.2837303616516209,0.2837303616516209,0.4407085535235897,0.0729874153361731,0.1186660147385538,3.134889037582076e-07,0.3271688480110263,0.734171471466723,0.1141998850031799,0.0330444795931661,8.011309424942001e-07,0.4337813057856555,-0.0006885321023305,-0.0008667069962365,100000.0,0.0,0.1774196680395805,0.4891163999656509,0.3778665678222679,0.2759589605081787,0.2380782979215288,0.96516904812237,0.6688371881424954,0.4650183949765281,0.5728452462119683,0.8455036735849303,100000,30,10,0.1,5.0,0.1,0,9,0.001,1e-06,0.001,1e-07,1.0,1e-08,adamax,0,0.0,disordered,1,0.2825005918972315,0 days 04:00:08.186527,0.0006885375633943,1.574562577825435,1.3138004057603951
176,176,176,176,0.2493409369951876,0.2493409369951876,0.2493409369951876,0.2493409369951876,0.2493409369951876,0.2493409369951876,0.2493409369951876,0.2493409369951876,0.2493409369951876,0.2493409369951876,1.0000086427500088,0.0445367155130394,0.3886168336741246,0.6953785237394148,0.0254556996158175,0.5581694026584769,0.029156114344185,0.0355883525666344,0.0427759858287885,0.0599600491513509,-0.000771301327147,-0.0010185111608023,1137.0,0.0,0.6768301855369802,0.128394532188094,0.2108679393843456,0.8913321666978421,0.5576828798014435,0.5904742904835077,0.1629920281794145,0.1370148768163365,0.2166959455232863,0.3254470036324582,100000,30,10,0.1,5.0,0.1,0,9,0.001,1e-06,0.001,1e-07,1.0,1e-08,adamax,0,0.0,disordered,1,0.2504388161833788,0 days 04:00:08.186527,0.000771307112739,1.3772091776207018,1.3599467715944438
177,177,177,177,0.4459627626819087,0.4459627626819087,0.4459627626819087,0.4459627626819087,0.4459627626819087,0.4459627626819087,0.4459627626819087,0.4459627626819087,0.4459627626819087,0.4459627626819087,0.1115754107600891,0.1655996981252775,0.1861695858588016,0.142705268131377,0.1369469233223611,0.6673688683949616,1.0000661216574367,0.117961161155201,0.1226699522335181,0.8610807033320783,-0.0004351443224603,-0.0005084850238973,659.0,0.0,0.5589067116449552,0.3724356813618187,0.6775240946536062,0.4312975026180609,0.5143280187607449,0.9518875125215324,0.0422314303022974,0.6368393993461833,0.73620322449266,0.1801180898408009,100000,30,10,0.1,5.0,0.1,0,9,0.001,1e-06,0.001,1e-07,1.0,1e-08,adamax,0,0.0,disordered,1,0.4526491644431643,0 days 04:00:08.186527,0.0004351820117173,1.5479226922833293,1.2545374022084648
178,178,178,178,0.3919100249433399,0.3919100249433399,0.3919100249433399,0.3919100249433399,0.3919100249433399,0.3919100249433399,0.3919100249433399,0.3919100249433399,0.3919100249433399,0.3919100249433399,0.7370309715638028,0.5041027258273902,0.763799318543838,0.3070187263275674,0.0817763825255897,0.1029238190346659,0.0985926704017406,0.0585246921472452,1.0000187087210426,0.1959031659518617,-0.0004617657991059,-0.0005621118937474,920.0,0.0,0.8605060156171978,0.1228417003009307,0.8087761926475169,0.1927105408106034,0.4263224339622773,0.3955381334147549,0.5723300230934486,0.6346187417687575,0.0404595103490741,0.814818387646713,100000,30,10,0.1,5.0,0.1,0,9,0.001,1e-06,0.001,1e-07,1.0,1e-08,adamax,0,0.0,disordered,1,0.3881977929827536,0 days 04:00:08.186527,0.0004617771868723,1.400267188253425,1.289100995965785
179,179,179,179,0.4757236139187883,0.4757236139187883,0.4757236139187883,0.4757236139187883,0.4757236139187883,0.4757236139187883,0.4757236139187883,0.4757236139187883,0.4757236139187883,0.4757236139187883,0.1485429754343267,1.000133551643456,0.2060666381384091,0.3986111119186792,0.4355047918509541,0.1898830397929001,0.1669070689181866,0.1641501075676097,0.7049375019359825,0.9194615306536266,-0.0004243008836719,-0.0004952587849228,525.0,0.0,0.5264111815609723,0.91849143804291,0.1689751393360372,0.4443163223170702,0.9554762399933886,0.6346789436606832,0.5071377741957223,0.470279083869187,0.9150857305175504,0.0077227771562485,100000,30,10,0.1,5.0,0.1,0,9,0.001,1e-06,0.001,1e-07,1.0,1e-08,adamax,0,0.0,disordered,1,0.4701296720042241,0 days 04:00:08.186527,0.0004243250006035,1.2580473226281383,1.2064534983908635
180,180,180,180,0.367392478180207,0.367392478180207,0.367392478180207,0.367392478180207,0.367392478180207,0.367392478180207,0.367392478180207,0.367392478180207,0.367392478180207,0.367392478180207,1.0003793659096358,0.018351313110022,0.0637537734097343,0.0205126305063324,0.557387882726683,0.5403871984221922,0.2222203122285508,0.3653771124608957,0.0889163834029324,0.726958306822328,-0.0005258487466949,-0.0005738242295048,1363.0,0.0,0.9905345325286374,0.4708746949087971,0.8217513147384797,0.4833469202236423,0.8269340621207426,0.0984383469262281,0.4256807315757339,0.770104221625241,0.996373483546578,0.5131814983831814,100000,30,10,0.1,5.0,0.1,0,9,0.001,1e-06,0.001,1e-07,1.0,1e-08,adamax,0,0.0,disordered,1,0.3625230357948321,0 days 04:00:08.186527,0.0005258825341498,1.5532988729664556,1.3234103392427254
181,181,181,181,0.3557150206821381,0.3557150206821381,0.3557150206821381,0.3557150206821381,0.3557150206821381,0.3557150206821381,0.3557150206821381,0.3557150206821381,0.3557150206821381,0.3557150206821381,1.0003854880561358,0.1691951952400653,0.584657079187742,0.1384344039019117,0.1885528489185408,0.1961453850417106,0.6852330788959646,0.3747888820862606,0.1531193938470016,0.1923817345028861,-0.0005581405773165,-0.0006318946612695,480.0,0.0,0.0743252973503707,0.7475382834694912,0.6482748545633997,0.1496609131895748,0.2096219217272472,0.5019083405080652,0.1662058939666842,0.9165163716026364,0.9907703113194848,0.7523977700633425,100000,30,10,0.1,5.0,0.1,0,9,0.001,1e-06,0.001,1e-07,1.0,1e-08,adamax,0,0.0,disordered,1,0.3513349818024779,0 days 04:00:08.186527,0.0005581754166749,1.26869454820479,1.2532989965420875
182,182,182,182,0.3557150206821381,0.3557150206821381,0.3557150206821381,0.3557150206821381,0.3557150206821381,0.3557150206821381,0.3557150206821381,0.3557150206821381,0.3557150206821381,0.3557150206821381,0.9801301529865178,0.0001608002327591,0.9888127118087968,3.1910086577901435e-05,5.598750292426008e-05,0.1733459133483388,0.5508196608841976,0.0349869358867565,0.7395058604346898,0.0004658800835001,-0.0005512299093275,-0.0006081042142545,7771.0,1.0,0.8439922733623291,0.3312196221219013,0.1066804343937446,0.7290186157281227,0.7939751161719123,0.6947801346813404,0.177051440159458,0.0266906115312945,0.5545568602357631,0.1499206963694241,100000,30,10,0.1,5.0,0.1,0,9,0.001,1e-06,0.001,1e-07,1.0,1e-08,adamax,0,0.0,disordered,1,0.3517814044336226,0 days 04:00:08.186527,0.0005512558512388,1.352729308072627,1.2592555586268062
183,183,183,183,0.31260072430687,0.31260072430687,0.31260072430687,0.31260072430687,0.31260072430687,0.31260072430687,0.31260072430687,0.31260072430687,0.31260072430687,0.31260072430687,6.978678033999011e-07,0.0080290026879679,7.730583461564137e-06,0.7294754530334215,5.405296659527746e-06,0.2202010551194375,0.4872886119262034,4.556626411857167e-05,0.3387681294979596,0.0485683677513908,-0.000577036157499,-0.0006710464415424,8476.0,1.0,0.294693182079087,0.4764056245886261,0.2509043791169674,0.932818986572725,0.3214092379050743,0.5609602809118995,0.9729887653335408,0.6708927172949258,0.3857643810724636,0.7530443630890749,100000,30,10,0.1,5.0,0.1,0,9,0.001,1e-06,0.001,1e-07,1.0,1e-08,adamax,0,0.0,disordered,1,0.3132418328217305,0 days 04:00:08.186527,0.0005770369505171,2.244729547881063,1.399153256129364
184,184,184,184,0.2493409369951876,0.2493409369951876,0.2493409369951876,0.2493409369951876,0.2493409369951876,0.2493409369951876,0.2493409369951876,0.2493409369951876,0.2493409369951876,0.2493409369951876,0.1486373523259943,3.780709617789644e-05,0.9422741092158412,0.0165895252419977,3.5621197319260435e-05,6.760768169422362e-05,0.0201737647593541,0.0184483487024337,0.6014331508353242,5.280105817000429e-05,-0.0007167814735804,-0.0009566223753913,8221.0,1.0,0.193543124298731,0.103977241662804,0.038779099627476,0.6678087656439216,0.657988078578443,0.670959148799725,0.6733965454081345,0.5827774663664507,0.9417557313138412,0.4598379478447295,100000,30,10,0.1,5.0,0.1,0,9,0.001,1e-06,0.001,1e-07,1.0,1e-08,adamax,0,0.0,disordered,1,0.2471435254075626,0 days 04:00:08.186527,0.0007167991037077,1.601026289365777,1.2795916930708926
185,185,185,185,0.2575263326771198,0.2575263326771198,0.2575263326771198,0.2575263326771198,0.2575263326771198,0.2575263326771198,0.2575263326771198,0.2575263326771198,0.2575263326771198,0.2575263326771198,0.0597570090387326,0.2208127144787448,0.0893769074722817,0.2444999952397712,2.589040676197166e-05,4.468408719245963e-05,0.2270867060364912,0.3523228454386134,2.956594339454885e-05,0.8853345187084545,-0.000714652387179,-0.0008369619199277,8245.0,1.0,0.1233252313945793,0.2499942574141122,0.4083691459001147,0.6123203267135688,0.3577362877443939,0.4357099077651283,0.2935833985092709,0.7277334408157906,0.845134155030783,0.338783613064323,100000,30,10,0.1,5.0,0.1,0,9,0.001,1e-06,0.001,1e-07,1.0,1e-08,adamax,0,0.0,disordered,1,0.2538234625572593,0 days 04:00:08.186527,0.0007147034545729,1.803929680746678,1.3510529865288263
186,186,186,186,0.367392478180207,0.367392478180207,0.367392478180207,0.367392478180207,0.367392478180207,0.367392478180207,0.367392478180207,0.367392478180207,0.367392478180207,0.367392478180207,0.4299661469811363,0.5405395328660269,1.0001928543508676,0.0365652159885965,0.7415362655275495,0.0009697774992038,0.0070959607848811,0.0010112351328432,0.6579708788494424,0.1209730859322368,-0.000476009197378,-0.0006092921776607,2929.0,0.0,0.8003503170635864,0.1970847602580898,0.9749271752625236,0.356152860257068,0.6614055922360822,0.6022105897609114,0.0821534229842885,0.5858340924685699,0.0466246723891885,0.4855800778680106,100000,30,10,0.1,5.0,0.1,0,9,0.001,1e-06,0.001,1e-07,1.0,1e-08,adamax,0,0.0,disordered,1,0.362149253041681,0 days 04:00:08.186527,0.0004760323034994,1.7110550295934737,1.3686522432240276
187,187,187,187,0.3557150206821381,0.3557150206821381,0.3557150206821381,0.3557150206821381,0.3557150206821381,0.3557150206821381,0.3557150206821381,0.3557150206821381,0.3557150206821381,0.3557150206821381,0.0925832195261668,1.0003941961189082,0.2406881803895706,0.477060178667395,0.2918116642194033,0.1102422754800493,0.1255681470965344,0.1468777608195531,0.4330933914007694,0.474485616257028,-0.0005143259561117,-0.0005656902947003,616.0,0.0,0.5371882984053611,0.951997611074012,0.182133745387985,0.0485946351976115,0.6269918487949945,0.3099575823858593,0.5502766895860995,0.2555058305220564,0.690354676478183,0.1258208526893879,100000,30,10,0.1,5.0,0.1,0,9,0.001,1e-06,0.001,1e-07,1.0,1e-08,adamax,0,0.0,disordered,1,0.3551905671742523,0 days 04:00:08.186527,0.0005143263313167,1.4818910380557848,1.328707442780269
188,188,188,188,0.3794532847236935,0.3794532847236935,0.3794532847236935,0.3794532847236935,0.3794532847236935,0.3794532847236935,0.3794532847236935,0.3794532847236935,0.3794532847236935,0.3794532847236935,0.3696454826658277,0.1467359047987323,0.4440221102557856,0.3459927176436922,0.205980485060693,0.4250632892412736,1.0001386715043517,0.1212363189794909,0.147676506950137,0.1578056682369129,-0.0004815098381394,-0.0005692973373484,511.0,0.0,0.5118869253857486,0.7715420836198362,0.892247253863254,0.3278519753616105,0.5487013173130514,0.9531344850851424,0.1384454988354615,0.830214191649277,0.7327395107432352,0.9660335288182658,100000,30,10,0.1,5.0,0.1,0,9,0.001,1e-06,0.001,1e-07,1.0,1e-08,adamax,0,0.0,disordered,1,0.3802637426142294,0 days 04:00:08.186527,0.0004815105770383,1.4032614747387606,1.33321447577789
189,189,189,189,0.1805148879221106,0.1805148879221106,0.1805148879221106,0.1805148879221106,0.1805148879221106,0.1805148879221106,0.1805148879221106,0.1805148879221106,0.1805148879221106,0.1805148879221106,0.0689002732737849,1.2905779891326918e-05,0.0715891824587415,0.0001731646605491,0.6633526973367303,0.0846857630413639,0.0456555185142121,5.593518674951051e-05,0.2991758409148401,0.0884168842810377,-0.0008691115955892,-0.0010179234542415,8463.0,1.0,0.4885474892180693,0.4552687916562221,0.5453349965360131,0.3611917337246968,0.0583130261082898,0.5685933037770732,0.3898531222958959,0.5053216831123871,0.6995514146566701,0.3938181735900791,100000,30,10,0.1,5.0,0.1,0,9,0.001,1e-06,0.001,1e-07,1.0,1e-08,adamax,0,0.0,disordered,1,0.1779148340321539,0 days 04:00:08.186527,0.000869152963992,2.3845453741160885,1.7389973810870045
190,190,190,190,0.4459627626819087,0.4459627626819087,0.4459627626819087,0.4459627626819087,0.4459627626819087,0.4459627626819087,0.4459627626819087,0.4459627626819087,0.4459627626819087,0.4459627626819087,1.0006083106543966,0.1910362108514896,0.4358199442323092,0.5888946913601251,0.1940054051299188,0.2419365051922194,0.1955620991709652,1.0014498735443609,0.2721841182017763,0.1976131781615892,-0.0004262759818056,-0.0004960000242141,373.0,0.0,0.1621186463421164,0.8307599058240421,0.9442078856421376,0.2347843226477063,0.6108236996679951,0.3773559526274866,0.7018834718502762,0.0546730326301002,0.9194034540657708,0.854608348268091,100000,30,10,0.1,5.0,0.1,0,9,0.001,1e-06,0.001,1e-07,1.0,1e-08,adamax,0,0.0,disordered,1,0.448601749284481,0 days 04:00:08.186527,0.0004262807746155,1.3911145464561119,1.2601850451782577
191,191,191,191,0.293044697697214,0.293044697697214,0.293044697697214,0.293044697697214,0.293044697697214,0.293044697697214,0.293044697697214,0.293044697697214,0.293044697697214,0.293044697697214,0.4457115142569272,0.5203888962071636,4.845733530291599e-05,0.7960827051743792,0.1462281423466499,0.1323677063115105,6.016675220731501e-05,2.980534874803848e-05,0.4115536318322577,0.4812169762599295,-0.0006366560087125,-0.000758775893916,8227.0,1.0,0.1387081230046472,0.6410568369788642,0.3306023906468737,0.2100287729330664,0.8474872128226818,0.7529992406443696,0.5771772316266393,0.6204337554211788,0.8697201396394431,0.3413880117550416,100000,30,10,0.1,5.0,0.1,0,9,0.001,1e-06,0.001,1e-07,1.0,1e-08,adamax,0,0.0,disordered,1,0.2956609372481361,0 days 04:00:08.186527,0.0006366744252017,1.4521741583835002,1.3099533648348543
192,192,192,192,0.1394082826282576,0.1394082826282576,0.1394082826282576,0.1394082826282576,0.1394082826282576,0.1394082826282576,0.1394082826282576,0.1394082826282576,0.1394082826282576,0.1394082826282576,0.2121938743468067,3.925126991030534e-07,0.1599549847652436,2.838269956375136e-07,0.6949391319987013,1.672165958744656e-07,0.1913486612062101,9.999881473039801e-08,0.1844459920067071,2.939196037788736e-07,-0.0009218842522982,-0.0011376935688247,44496.0,0.0,0.4930006569675881,0.2293783972850448,0.4531024331903944,0.1709223691586158,0.3456081147054866,0.6432019355210938,0.2766867791863913,0.6528621810348465,0.7971262366886388,0.6295824775477612,100000,30,10,0.1,5.0,0.1,0,9,0.001,1e-06,0.001,1e-07,1.0,1e-08,adamax,0,0.0,disordered,1,0.1414863820170357,0 days 04:00:08.186527,0.0009219242230868,1.9840773415701978,1.8210537974834626
193,193,193,193,0.31260072430687,0.31260072430687,0.31260072430687,0.31260072430687,0.31260072430687,0.31260072430687,0.31260072430687,0.31260072430687,0.31260072430687,0.31260072430687,0.1373025680359103,0.0002793755951318,0.927751850724077,0.193337160447462,0.2478444762735785,0.8847526640711931,0.0032327115796832,0.0615786691464065,0.0751975904982695,0.1090716143912138,-0.0006033288764721,-0.0007625047078902,7742.0,1.0,0.46928653969985,0.390735095512803,0.0723702891932622,0.7662354457714627,0.9554555810072084,0.241228705435484,0.6963187340726933,0.60276645076222,0.8127417971322611,0.6830013088815216,100000,30,10,0.1,5.0,0.1,0,9,0.001,1e-06,0.001,1e-07,1.0,1e-08,adamax,0,0.0,disordered,1,0.3083886428937782,0 days 04:00:08.186527,0.0006033680903169,1.6618693184048878,1.3817043524129504
194,194,194,194,0.4606028844202396,0.4606028844202396,0.4606028844202396,0.4606028844202396,0.4606028844202396,0.4606028844202396,0.4606028844202396,0.4606028844202396,0.4606028844202396,0.4606028844202396,0.1947053111773045,0.2082441877423596,0.20684053992781,0.2983694560917281,0.2110122216082455,0.6756534975086512,0.1836020401867039,0.1903835117044383,1.000107572561349,0.4049013367817027,-0.0003947329463103,-0.0004480355078599,398.0,0.0,0.1960750665428106,0.1349177742162709,0.3368118541359427,0.1861283494682134,0.6023762430226838,0.0878655252270514,0.6752825814993385,0.7853399182255231,0.0413469873262518,0.8872135498661534,100000,30,10,0.1,5.0,0.1,0,9,0.001,1e-06,0.001,1e-07,1.0,1e-08,adamax,0,0.0,disordered,1,0.4675417907232822,0 days 04:00:08.186527,0.0003947576059568,1.4504269131603051,1.2513709698039621
195,195,195,195,0.4757236139187883,0.4757236139187883,0.4757236139187883,0.4757236139187883,0.4757236139187883,0.4757236139187883,0.4757236139187883,0.4757236139187883,0.4757236139187883,0.4757236139187883,0.7196611005526558,0.6148556395853856,0.2366687684104912,0.404327356211195,0.2417616327191928,0.2818228079950077,0.5177040329320222,0.2362163818859773,0.4019160285994304,1.0003991499895388,-0.0004070747612324,-0.0004436446837719,391.0,0.0,0.8203067955127752,0.0426734613804549,0.5476119930948808,0.0276987578582994,0.476849323850059,0.0810706566252456,0.5758752183135014,0.0770917045106102,0.0891812636734423,0.9707655112111976,100000,30,10,0.1,5.0,0.1,0,9,0.001,1e-06,0.001,1e-07,1.0,1e-08,adamax,0,0.0,disordered,1,0.4786098939595887,0 days 04:00:08.186527,0.00040707979688,1.3899445786873161,1.266775090354535
196,196,196,196,0.2414157116103016,0.2414157116103016,0.2414157116103016,0.2414157116103016,0.2414157116103016,0.2414157116103016,0.2414157116103016,0.2414157116103016,0.2414157116103016,0.2414157116103016,0.1646958131059004,3.235631755929425e-05,0.663982874755576,0.1992005830199079,1.679376918684198e-05,0.6173625448139508,0.0543329770793431,0.0001175836590926,0.0001880502689317,0.5107663625783715,-0.000782008654502,-0.0009669489856502,8575.0,1.0,0.8086431747728513,0.6726456573027725,0.7873534174037112,0.2138068606342079,0.1035298872262434,0.3220818050220797,0.7609848968381185,0.7554276132962582,0.7175991955140247,0.4169878110167524,100000,30,10,0.1,5.0,0.1,0,9,0.001,1e-06,0.001,1e-07,1.0,1e-08,adamax,0,0.0,disordered,1,0.2439788555992195,0 days 04:00:08.186527,0.0007820431518382,1.3083239472388062,1.2957572496304062
197,197,197,197,0.3919100249433399,0.3919100249433399,0.3919100249433399,0.3919100249433399,0.3919100249433399,0.3919100249433399,0.3919100249433399,0.3919100249433399,0.3919100249433399,0.3919100249433399,0.2802346851487253,0.0692436639180668,0.3348271726517742,0.1570034482016339,0.6461340899809505,0.0613290198203246,1.0000736506421308,0.269645465836756,0.039740375956912,0.0419798289050553,-0.0005249873419121,-0.0006558719051519,1338.0,0.0,0.5086903174204658,0.7400016015709628,0.5875236478790725,0.2213090706827494,0.4701230161149549,0.9348430298883496,0.961070735677403,0.0774580871146507,0.1196809759074851,0.0580147337772677,100000,30,10,0.1,5.0,0.1,0,9,0.001,1e-06,0.001,1e-07,1.0,1e-08,adamax,0,0.0,disordered,1,0.3906770053856376,0 days 04:00:08.186527,0.0005249893137855,1.2485649893194262,1.1870769912490355
198,198,198,198,0.4180637241455752,0.4180637241455752,0.4180637241455752,0.4180637241455752,0.4180637241455752,0.4180637241455752,0.4180637241455752,0.4180637241455752,0.4180637241455752,0.4180637241455752,0.1717626373079393,0.4302587563017339,0.2033419821999724,0.1591474205921083,0.8049012866037188,0.2304374782067186,0.3510657862713217,0.2084525338626181,0.2560663062634546,1.0004790882219046,-0.0004661628424604,-0.0005160927788782,444.0,0.0,0.5053224970285753,0.8981542338510546,0.5149285866757037,0.3326697194301049,0.8811087944470062,0.2414535217964392,0.5495248734337503,0.8854725114915851,0.8715760559548247,0.1321769159494964,100000,30,10,0.1,5.0,0.1,0,9,0.001,1e-06,0.001,1e-07,1.0,1e-08,adamax,0,0.0,disordered,1,0.4204093104439937,0 days 04:00:08.186527,0.0004661685217069,1.3352747106325562,1.2552628401991015
199,199,199,199,0.2191196687578146,0.2191196687578146,0.2191196687578146,0.2191196687578146,0.2191196687578146,0.2191196687578146,0.2191196687578146,0.2191196687578146,0.2191196687578146,0.2191196687578146,1.9061326899406205e-06,0.4276481474393467,0.138575235853393,6.0668826487900565e-06,0.2850321642694031,4.001019735581011e-07,0.0823521941794947,0.3371596153015784,0.0666117877508095,0.6785403738508576,-0.0008069166493426,-0.0008838339058885,100000.0,0.0,0.3050751526083735,0.4077745572349009,0.7725284557686096,0.686684721711338,0.5367303424045855,0.3768587937652314,0.2869107062612098,0.5824724774589648,0.8038178801135077,0.3512810604683982,100000,30,10,0.1,5.0,0.1,0,9,0.001,1e-06,0.001,1e-07,1.0,1e-08,adamax,0,0.0,disordered,1,0.2158249203313905,0 days 04:00:08.186527,0.0008069740261003,1.4204095251116773,1.3673500925397177
200,200,200,200,0.367392478180207,0.367392478180207,0.367392478180207,0.367392478180207,0.367392478180207,0.367392478180207,0.367392478180207,0.367392478180207,0.367392478180207,0.367392478180207,0.2615138013939575,0.1470281534090657,0.1270722231261557,0.2078048346016245,0.2314488167924717,0.3576437733837674,0.2473103818681756,0.1527358414518173,0.3044368547191882,1.000629668000191,-0.0005309309165305,-0.0006173031093185,541.0,0.0,0.2841725811036992,0.0098014693381194,0.110380666903483,0.1312510297306344,0.4322052618946842,0.7758345101290121,0.4043857509029754,0.1460427398879018,0.1679213699100826,0.952884908736082,100000,30,10,0.1,5.0,0.1,0,9,0.001,1e-06,0.001,1e-07,1.0,1e-08,adamax,0,0.0,disordered,1,0.3656090396630125,0 days 04:00:08.186527,0.0005309355371654,1.3351140198052605,1.2031975293354775
201,201,201,201,0.2414157116103016,0.2414157116103016,0.2414157116103016,0.2414157116103016,0.2414157116103016,0.2414157116103016,0.2414157116103016,0.2414157116103016,0.2414157116103016,0.2414157116103016,0.1432513985748121,0.8583528788570649,4.108140934284096e-05,0.2791583914913068,0.3109018186176034,2.1678131184950355e-05,7.457122954818339e-06,0.2003543768314544,0.456411724690941,3.847106461211156e-06,-0.0007668779303651,-0.0009137692126969,11998.0,1.0,0.6201842307810612,0.2964785426638304,0.8444660694775874,0.9474444975391232,0.5467043710128199,0.4530432787594874,0.3865609462752719,0.3750887220633633,0.8641334593779851,0.7121169088606202,100000,30,10,0.1,5.0,0.1,0,9,0.001,1e-06,0.001,1e-07,1.0,1e-08,adamax,0,0.0,disordered,1,0.2434047109900847,0 days 04:00:08.186527,0.0007668974125035,1.4931255385187572,1.3572285571643032
202,202,202,202,0.2575263326771198,0.2575263326771198,0.2575263326771198,0.2575263326771198,0.2575263326771198,0.2575263326771198,0.2575263326771198,0.2575263326771198,0.2575263326771198,0.2575263326771198,1.0013338610343692,0.3522493604664841,0.4987374258640692,0.082866854637505,0.0682510643388176,0.0687364685791652,0.0521048860236318,0.3557763627939116,0.0538699441435264,0.469731486788746,-0.0007072021882021,-0.0008525703574323,694.0,0.0,0.9116187399049344,0.0330861618683887,0.1317100749102014,0.5247398946099376,0.586993413190181,0.4302177437931249,0.5175722149699251,0.901339437787484,0.5628716867420183,0.2620706984769563,100000,30,10,0.1,5.0,0.1,0,9,0.001,1e-06,0.001,1e-07,1.0,1e-08,adamax,0,0.0,disordered,1,0.2585799033734443,0 days 04:00:08.186527,0.0007072064414108,1.768330083384801,1.3178053558668748
203,203,203,203,0.2414157116103016,0.2414157116103016,0.2414157116103016,0.2414157116103016,0.2414157116103016,0.2414157116103016,0.2414157116103016,0.2414157116103016,0.2414157116103016,0.2414157116103016,0.0730019584393833,0.3842639877133896,0.0386818046837126,0.0621296566515443,0.0018356738331576,0.7344029513052339,1.0353527454040411e-06,3.975509784983456e-06,8.519161254309816e-07,0.6061966078836266,-0.0006705773064726,-0.0009801815102891,9243.0,1.0,0.4998416118676445,0.2976851522117538,0.6305004038324661,0.5873705253573342,0.7080282063122164,0.9740300030341958,0.4986415638058594,0.0375864993647589,0.4949250184604326,0.5079226609557341,100000,30,10,0.1,5.0,0.1,0,9,0.001,1e-06,0.001,1e-07,1.0,1e-08,adamax,0,0.0,disordered,1,0.2409144350741811,0 days 04:00:08.186527,0.0006705778172009,2.154031882129819,1.4443735663413075
204,204,204,204,0.4913407286296357,0.4913407286296357,0.4913407286296357,0.4913407286296357,0.4913407286296357,0.4913407286296357,0.4913407286296357,0.4913407286296357,0.4913407286296357,0.4913407286296357,0.1860645259951933,0.1039314140261425,1.0001747522765223,0.4108165991750125,0.6868458611686896,0.1691912999214154,0.8953241621728409,0.6124434303538913,0.2004449806236192,0.1794058689541066,-0.000393610084032,-0.0004278753064543,711.0,0.0,0.7907435523960199,0.9276889739859024,0.1612277039736088,0.8859141379692881,0.1726543840939524,0.5902395946811771,0.0046682064387766,0.8449914787022698,0.412171198620191,0.2167115328242185,100000,30,10,0.1,5.0,0.1,0,9,0.001,1e-06,0.001,1e-07,1.0,1e-08,adamax,0,0.0,disordered,1,0.4908818264832757,0 days 04:00:08.186527,0.0003936102205011,1.3433779163600654,1.287594234780328
205,205,205,205,0.3444087275973818,0.3444087275973818,0.3444087275973818,0.3444087275973818,0.3444087275973818,0.3444087275973818,0.3444087275973818,0.3444087275973818,0.3444087275973818,0.3444087275973818,1.0009406948288724,0.4711145807338983,0.1094906867948098,0.1171915897407624,0.1148909141408855,0.0894493425634582,0.8003543850382453,0.2793211299609179,0.2544110028258344,0.203491736747513,-0.0005425637434558,-0.0006161286593753,622.0,0.0,0.9461633176947816,0.0858252645518551,0.3519555683948094,0.4662096657402347,0.2641610423199229,0.3577243023289156,0.8439450561857775,0.1966853652975934,0.5568244398237743,0.2123840167638335,100000,30,10,0.1,5.0,0.1,0,9,0.001,1e-06,0.001,1e-07,1.0,1e-08,adamax,0,0.0,disordered,1,0.3452852296373022,0 days 04:00:08.186527,0.0005425654628389,1.5006091847727403,1.312655777936353
206,206,206,206,0.3557150206821381,0.3557150206821381,0.3557150206821381,0.3557150206821381,0.3557150206821381,0.3557150206821381,0.3557150206821381,0.3557150206821381,0.3557150206821381,0.3557150206821381,0.6206122069922758,4.892534356961922e-06,0.1467025321779603,0.1044782003994928,0.479138604384927,0.1330229565243086,0.8073589420812156,7.467870262668397e-07,0.2855433865039984,0.7616850744107437,-0.0005065071709215,-0.0005649604692451,100000.0,0.0,0.6193251512817038,0.2504078897401338,0.3153846107667606,0.5267904055998419,0.2517950567936714,0.7296339402648715,0.2245900242579696,0.8373230498189689,0.7008026550476931,0.1292264353061747,100000,30,10,0.1,5.0,0.1,0,9,0.001,1e-06,0.001,1e-07,1.0,1e-08,adamax,0,0.0,disordered,1,0.3572205263015574,0 days 04:00:08.186527,0.0005065101190471,1.5282010118785196,1.3363938403929683
207,207,207,207,0.2263129568399526,0.2263129568399526,0.2263129568399526,0.2263129568399526,0.2263129568399526,0.2263129568399526,0.2263129568399526,0.2263129568399526,0.2263129568399526,0.2263129568399526,0.687521778416524,0.1658263317716703,5.066160450277756e-05,0.4633605464938252,0.1403382432280881,3.864609694237196e-05,0.3070378252925712,0.1792089042081495,4.578627697454799e-05,0.6561449564086844,-0.0008083987051916,-0.0009039652532842,8261.0,1.0,0.5201552343639971,0.0661997105179632,0.1721544722467036,0.312892160296816,0.7078524496291896,0.6182809299151276,0.532032312442629,0.1823636503495314,0.297466122530351,0.6865605756254168,100000,30,10,0.1,5.0,0.1,0,9,0.001,1e-06,0.001,1e-07,1.0,1e-08,adamax,0,0.0,disordered,1,0.2268874062450365,0 days 04:00:08.186527,0.0008084013332934,1.3468796866355024,1.3530024714197604
208,208,208,208,0.4180637241455752,0.4180637241455752,0.4180637241455752,0.4180637241455752,0.4180637241455752,0.4180637241455752,0.4180637241455752,0.4180637241455752,0.4180637241455752,0.4180637241455752,0.145541116551053,0.2751843509143398,0.1173773158627927,0.4094842581509778,1.0000885816530272,0.0756536601866802,0.8789046509208464,0.1287492821566397,0.288461674120022,0.1138678912459411,-0.0004539281142345,-0.0004955471288872,882.0,0.0,0.490586013515179,0.3226402252012018,0.0690082719759968,0.0460383384738465,0.9243948450781102,0.4160384084032459,0.892642849940053,0.2427364202596078,0.5902893458566169,0.2554925136067161,100000,30,10,0.1,5.0,0.1,0,9,0.001,1e-06,0.001,1e-07,1.0,1e-08,adamax,0,0.0,disordered,1,0.4200528052034351,0 days 04:00:08.186527,0.0004539314985885,1.3518822364085834,1.2810694926877657
209,209,209,209,0.2659804395593755,0.2659804395593755,0.2659804395593755,0.2659804395593755,0.2659804395593755,0.2659804395593755,0.2659804395593755,0.2659804395593755,0.2659804395593755,0.2659804395593755,0.9228856615070254,0.2650308329570058,0.3531356816501495,0.3418818772083601,0.0740293314443152,0.258440057667638,5.128602901145925e-05,0.4307684989360521,0.2614431299054401,2.8928705650912453e-05,-0.0007056124930953,-0.000799159783318,8176.0,1.0,0.8824369211174049,0.2237432147542696,0.5457548232681747,0.966408500467066,0.7300655008831317,0.55451469704545,0.3642251993788008,0.5299935154653812,0.003964601886879,0.1307005979703461,100000,30,10,0.1,5.0,0.1,0,9,0.001,1e-06,0.001,1e-07,1.0,1e-08,adamax,0,0.0,disordered,1,0.2645340547648989,0 days 04:00:08.186527,0.0007056199587381,1.3658675497461383,1.368512230005081
210,210,210,210,0.3794532847236935,0.3794532847236935,0.3794532847236935,0.3794532847236935,0.3794532847236935,0.3794532847236935,0.3794532847236935,0.3794532847236935,0.3794532847236935,0.3794532847236935,0.0295254791135092,0.0485581750148223,0.0405234060798377,0.6583980105641906,0.0462817776860677,0.3304225902946399,1.0000722820824683,0.2638297252344707,0.0856783516269912,0.0413276110868267,-0.0005252847623392,-0.0006505928423854,1427.0,0.0,0.2790991030065441,0.0468384390791053,0.2382331369006272,0.4210956189228788,0.8581652380491207,0.919041328596542,0.0206468547942875,0.4598981761889207,0.6834911275073907,0.752343177655418,100000,30,10,0.1,5.0,0.1,0,9,0.001,1e-06,0.001,1e-07,1.0,1e-08,adamax,0,0.0,disordered,1,0.3829698614973517,0 days 04:00:08.186527,0.0005253037428284,1.4558575001061427,1.2287820591874936
211,211,211,211,0.0115911961859888,0.0115911961859888,0.0115911961859888,0.0115911961859888,0.0115911961859888,0.0115911961859888,0.0115911961859888,0.0115911961859888,0.0115911961859888,0.0115911961859888,1.89997694474146e-05,0.0344806086223199,0.1381330236767452,0.0001123142164892,1.2091287313807187e-05,2.5667166408187502e-06,0.4306150035940334,1.0898789813412133e-06,1.3247582404575675e-06,1.9127569544000986e-06,-0.0009697999682213,-0.0014827382275736,8117.0,1.0,0.1593110042926907,0.0072366000934332,0.2493808475659444,0.3142001016251147,0.1871628674307952,0.2204804283056316,0.6620003487166186,0.2217289002022189,0.1888468319739497,0.2708439558761873,100000,30,10,0.1,5.0,0.1,0,9,0.001,1e-06,0.001,1e-07,1.0,1e-08,adamax,0,0.0,disordered,1,0.0117751695592936,0 days 04:00:08.186527,0.0009698176160626,2.907891514769176,3.305509501404773
212,212,212,212,0.1692220351641035,0.1692220351641035,0.1692220351641035,0.1692220351641035,0.1692220351641035,0.1692220351641035,0.1692220351641035,0.1692220351641035,0.1692220351641035,0.1692220351641035,6.004006478792986e-06,0.0990013227622575,0.0064484551170992,0.5838041113793621,3.967989923786847e-06,0.0430666776357396,1.2050802844952452e-05,0.000104255311093,0.4335660739528252,0.0152814162335996,-0.0009697703525118,-0.0011995395035093,8668.0,1.0,0.455397885465194,0.1981833967994051,0.4956181222794322,0.936968986660444,0.8217622708517057,0.7513602717091733,0.9424908823824212,0.9216691367522626,0.5530379528488172,0.6917257743704043,100000,30,10,0.1,5.0,0.1,0,9,0.001,1e-06,0.001,1e-07,1.0,1e-08,adamax,0,0.0,disordered,1,0.171059981396216,0 days 04:00:08.186527,0.0009698032654256,1.8937808708228312,1.5047863469616964
213,213,213,213,0.1042404007021555,0.1042404007021555,0.1042404007021555,0.1042404007021555,0.1042404007021555,0.1042404007021555,0.1042404007021555,0.1042404007021555,0.1042404007021555,0.1042404007021555,0.4166919068752098,7.629143894093931e-07,0.4487056186233512,0.2569561808365505,0.0355870672214068,0.0681599404046455,0.0179938311825248,0.1262635131522561,9.999866097754168e-08,0.240488557621883,-0.000873738631446,-0.0010109789190394,54293.0,0.0,0.3526787263580574,0.5383261755672814,0.920654969928161,0.5076198694558568,0.4212669136615909,0.6581423117426194,0.4650690107189882,0.0950751511429794,0.3789402569079488,0.1358529711872043,100000,30,10,0.1,5.0,0.1,0,9,0.001,1e-06,0.001,1e-07,1.0,1e-08,adamax,0,0.0,disordered,1,0.1033974006580998,0 days 04:00:08.186527,0.0008737423410606,2.038470955086448,1.912121774927271
214,214,214,214,0.1988827856988807,0.1988827856988807,0.1988827856988807,0.1988827856988807,0.1988827856988807,0.1988827856988807,0.1988827856988807,0.1988827856988807,0.1988827856988807,0.1988827856988807,0.3492309178870822,0.0005183036055419,0.6245469350798563,5.655001789601426e-05,0.0899891007294938,0.1317305426218101,0.4141819088664681,0.1405639455031588,0.1102275208677841,0.0001220702289243,-0.0008539156836896,-0.0009330929060714,7753.0,1.0,0.914623681246587,0.7408822942823422,0.4393104955811658,0.0707768976316932,0.1130279864224709,0.2624156021116005,0.5242856925683992,0.1061762451345866,0.3628835152626581,0.1810869435269304,100000,30,10,0.1,5.0,0.1,0,9,0.001,1e-06,0.001,1e-07,1.0,1e-08,adamax,0,0.0,disordered,1,0.1962525887749978,0 days 04:00:08.186527,0.000853962037554,1.603141687432194,1.497546732618347
215,215,215,215,0.4606028844202396,0.4606028844202396,0.4606028844202396,0.4606028844202396,0.4606028844202396,0.4606028844202396,0.4606028844202396,0.4606028844202396,0.4606028844202396,0.4606028844202396,0.1947400649084721,0.1940146272463105,0.2305358604864681,1.0005601814499323,0.1780390417647681,0.7932529735387496,0.241603632299794,0.2179857100944338,0.1908255190718818,0.9998964173971157,-0.0004432329101285,-0.0004936201408392,415.0,0.0,0.1040694882091142,0.1207156030198123,0.1205773080414402,0.8314340131623814,0.1801038565742732,0.1114461759198258,0.8308278558558296,0.961011026603638,0.7342278090035012,0.0729623876622924,100000,30,10,0.1,5.0,0.1,0,9,0.001,1e-06,0.001,1e-07,1.0,1e-08,adamax,0,0.0,disordered,1,0.4555496585844998,0 days 04:00:08.186527,0.0004432555127952,1.2583257843033326,1.1928675284716832
216,216,216,216,0.3444087275973818,0.3444087275973818,0.3444087275973818,0.3444087275973818,0.3444087275973818,0.3444087275973818,0.3444087275973818,0.3444087275973818,0.3444087275973818,0.3444087275973818,1.371829017139452e-05,4.396683079988254e-05,2.063979798973632e-05,0.4477145399433744,0.4254723086951625,0.6964294596810844,0.2069852689002496,0.1642163082261214,0.0005294733010147,0.7623573126701579,-0.0005592132122621,-0.0006324309159383,7273.0,1.0,0.135227585489973,0.1455237945638252,0.097818328651009,0.4805453164795235,0.0559177808052885,0.7949178194024896,0.4107411089264134,0.1952745361576933,0.0930262237184345,0.5691464282847171,100000,30,10,0.1,5.0,0.1,0,9,0.001,1e-06,0.001,1e-07,1.0,1e-08,adamax,0,0.0,disordered,1,0.3397713155385107,0 days 04:00:08.186527,0.0005592511621375,1.457558587675112,1.335003551606573
217,217,217,217,0.3026648059395688,0.3026648059395688,0.3026648059395688,0.3026648059395688,0.3026648059395688,0.3026648059395688,0.3026648059395688,0.3026648059395688,0.3026648059395688,0.3026648059395688,0.3826274908203861,6.595661093572313e-05,0.56546032948664,0.4391789348113215,0.0002016003733441,0.0759443275209362,0.3132261723654227,7.211672155265711e-06,0.5659385519675391,6.890019319031316e-06,-0.0005473509641638,-0.0007066983543236,8422.0,1.0,0.7780822486374359,0.5827575179313235,0.2376203456844096,0.8029028204045157,0.5144587734644316,0.5852728529588221,0.90773163704272,0.6753026600541806,0.1166591329730092,0.6944758160683953,100000,30,10,0.1,5.0,0.1,0,9,0.001,1e-06,0.001,1e-07,1.0,1e-08,adamax,0,0.0,disordered,1,0.3065121338031887,0 days 04:00:08.186527,0.0005473698680445,1.894280573782387,1.392364092703362
218,218,218,218,0.5241298302206053,0.5241298302206053,0.5241298302206053,0.5241298302206053,0.5241298302206053,0.5241298302206053,0.5241298302206053,0.5241298302206053,0.5241298302206053,0.5241298302206053,0.6622764687228643,0.3003622094343088,0.2720657578578723,0.3250035560859501,0.3051999398491674,0.5473766363010543,1.000717104213376,0.4367140493456479,0.296193503895713,0.3695894998151709,-0.000387711838057,-0.0004437594439108,307.0,0.0,0.2903939653665163,0.7900091434874791,0.5623982115664938,0.5406843913905252,0.1413538655857303,0.0271220945245717,0.9748166908535594,0.0303579646415819,0.0518069464734765,0.4585185987142001,100000,30,10,0.1,5.0,0.1,0,9,0.001,1e-06,0.001,1e-07,1.0,1e-08,adamax,0,0.0,disordered,1,0.5291917574249317,0 days 04:00:08.186527,0.000387726812125,1.2038200467708688,1.1885274264230812
219,219,219,219,0.2747120789270809,0.2747120789270809,0.2747120789270809,0.2747120789270809,0.2747120789270809,0.2747120789270809,0.2747120789270809,0.2747120789270809,0.2747120789270809,0.2747120789270809,6.882670872120009e-07,0.4182061069531017,0.1538725258547706,0.188108391052803,2.211691252217924e-06,0.075776048792451,1.970787147812123e-07,0.1518565520981258,0.778035913182674,7.272453899393846e-07,-0.0006516253456539,-0.000821099471827,100000.0,0.0,0.9373870480730612,0.541439845201694,0.992234973213659,0.7159409359468822,0.8206692556312501,0.8193095900901667,0.943006272690257,0.9689264863063872,0.3276494541319806,0.7083458703669923,100000,30,10,0.1,5.0,0.1,0,9,0.001,1e-06,0.001,1e-07,1.0,1e-08,adamax,0,0.0,disordered,1,0.2723395051892884,0 days 04:00:08.186527,0.0006516402791915,2.21252552676157,1.3685799911230636
220,220,220,220,0.4047756965997316,0.4047756965997316,0.4047756965997316,0.4047756965997316,0.4047756965997316,0.4047756965997316,0.4047756965997316,0.4047756965997316,0.4047756965997316,0.4047756965997316,0.2579295990139295,0.5341875773840947,0.1980488189202483,0.1103314127204236,0.989061215313944,0.1229343819540985,0.7945114191666752,5.9604727006009085e-06,6.812666106852505e-05,5.792444195555411e-06,-0.0004393726254344,-0.0005622165783329,8243.0,1.0,0.5084046609907297,0.9787623649000357,0.5912992803747523,0.4000301605128264,0.0337555554224702,0.7289475620574137,0.0126671734556811,0.6485375145549263,0.2649876404506113,0.6755883122773291,100000,30,10,0.1,5.0,0.1,0,9,0.001,1e-06,0.001,1e-07,1.0,1e-08,adamax,0,0.0,disordered,1,0.4042781752896558,0 days 04:00:08.186527,0.0004393727106966,1.670768655545618,1.317677247556534
221,221,221,221,0.3026648059395688,0.3026648059395688,0.3026648059395688,0.3026648059395688,0.3026648059395688,0.3026648059395688,0.3026648059395688,0.3026648059395688,0.3026648059395688,0.3026648059395688,0.9343066962318904,0.2904742339062898,0.1439303444123208,2.030391362590396e-05,0.8096424603746799,2.6818845118835613e-05,2.5055483696297066e-05,0.3339198620175142,0.4737443312653796,2.620964852666274e-05,-0.000624429321157,-0.0007721238563198,8249.0,1.0,0.9918198827907344,0.3484962578197382,0.5571793767128005,0.5563311598316637,0.1628741883429298,0.7379079615026909,0.7030663930457914,0.7713941988124761,0.2208141426746092,0.0677345045417457,100000,30,10,0.1,5.0,0.1,0,9,0.001,1e-06,0.001,1e-07,1.0,1e-08,adamax,0,0.0,disordered,1,0.3074522347102219,0 days 04:00:08.186527,0.0006244881947286,1.876890320287088,1.3200455437837617
222,222,222,222,0.0464873370802025,0.0464873370802025,0.0464873370802025,0.0464873370802025,0.0464873370802025,0.0464873370802025,0.0464873370802025,0.0464873370802025,0.0464873370802025,0.0464873370802025,0.1461901823014895,3.813837049791368e-05,5.855695213494091e-06,0.3912487751864761,0.053723091242482,4.518983056051444e-06,3.2057179571876384e-06,3.966740544444458e-06,0.2996592093889404,4.162852315119874e-06,-0.0010090683929329,-0.0013217251124675,8178.0,1.0,0.3937263229318543,0.1172362072779105,0.2767631958326918,0.0169696425388787,0.4022489219427492,0.360677478882739,0.3262305583495524,0.3855598183281474,0.0402466755464366,0.4349757485946594,100000,30,10,0.1,5.0,0.1,0,9,0.001,1e-06,0.001,1e-07,1.0,1e-08,adamax,0,0.0,disordered,1,0.046125062480856,0 days 04:00:08.186527,0.0010090719917238,2.6268083955533363,2.5863803800146474
223,223,223,223,0.2191196687578146,0.2191196687578146,0.2191196687578146,0.2191196687578146,0.2191196687578146,0.2191196687578146,0.2191196687578146,0.2191196687578146,0.2191196687578146,0.2191196687578146,0.2433415958865941,0.1872565901558166,0.2531957344464968,0.0509053457568182,0.3993240690057658,0.0218528893415271,0.3108558949185759,0.0377270118052594,0.4595286408406757,1.2536422515938769e-05,-0.0006979250611077,-0.0007719123564315,8329.0,1.0,0.6537146155742647,0.3242104328068582,0.566660944618112,0.8021387118032729,0.5251025981088469,0.9268620006938288,0.7707486331253395,0.5573566425490262,0.083710156867153,0.4687061008091225,100000,30,10,0.1,5.0,0.1,0,9,0.001,1e-06,0.001,1e-07,1.0,1e-08,adamax,0,0.0,disordered,1,0.2203260607347814,0 days 04:00:08.186527,0.0006979289017092,1.6745682578912042,1.5037298522997016
224,224,224,224,0.3919100249433399,0.3919100249433399,0.3919100249433399,0.3919100249433399,0.3919100249433399,0.3919100249433399,0.3919100249433399,0.3919100249433399,0.3919100249433399,0.3919100249433399,0.7865926009586945,1.0012051114319198,0.4068247258144555,0.1390775270867647,0.6667994262415764,0.3050666306100504,0.1404298274356851,0.150970104028669,0.1336975516408278,0.9061859465168932,-0.0005027973874637,-0.0006106823617023,479.0,0.0,0.0344612358466409,0.9556562375208256,0.0461552314059547,0.2080422743690986,0.182888538163592,0.8612550547128319,0.9076713176225232,0.7260500788554521,0.8534359499340505,0.2604361863396208,100000,30,10,0.1,5.0,0.1,0,9,0.001,1e-06,0.001,1e-07,1.0,1e-08,adamax,0,0.0,disordered,1,0.3935132390063423,0 days 04:00:08.186527,0.0005028009803885,1.253552004447507,1.2102580978538915
225,225,225,225,0.3919100249433399,0.3919100249433399,0.3919100249433399,0.3919100249433399,0.3919100249433399,0.3919100249433399,0.3919100249433399,0.3919100249433399,0.3919100249433399,0.3919100249433399,1.0001924532898494,0.2709688915154257,0.6960536917242692,0.1376299541467272,0.1822471462749171,0.1615291996991111,0.4496783286466537,0.4693996652824448,0.1413525574545924,0.8530387851664185,-0.0005139538007524,-0.00056412171684,454.0,0.0,0.8953795199981,0.1011413368929425,0.3093937870356646,0.8592206377761276,0.6908871214304099,0.9334503857974236,0.8486891703034303,0.2110979491736087,0.4184623937005955,0.9889100188894656,100000,30,10,0.1,5.0,0.1,0,9,0.001,1e-06,0.001,1e-07,1.0,1e-08,adamax,0,0.0,disordered,1,0.38766616043811,0 days 04:00:08.186527,0.0005139787699619,1.3005420381923531,1.240781301485483
226,226,226,226,0.3557150206821381,0.3557150206821381,0.3557150206821381,0.3557150206821381,0.3557150206821381,0.3557150206821381,0.3557150206821381,0.3557150206821381,0.3557150206821381,0.3557150206821381,0.1206637573730779,0.1169354346643907,1.000449748818193,0.6227880107656889,0.0842813747523373,0.3538882530279325,0.1017910447963149,0.2069046928253868,0.2757770047958964,0.1266385672483932,-0.0004965961825803,-0.0005515877380439,636.0,0.0,0.7029882633961682,0.7939055624479926,0.0828351181710876,0.9537513978759496,0.5504452183949765,0.1535995306316145,0.5736723197413477,0.9153875006878254,0.5444825998444183,0.993121278246118,100000,30,10,0.1,5.0,0.1,0,9,0.001,1e-06,0.001,1e-07,1.0,1e-08,adamax,0,0.0,disordered,1,0.3560743065583427,0 days 04:00:08.186527,0.0004965962968801,1.537795934519245,1.354190459301729
227,227,227,227,0.367392478180207,0.367392478180207,0.367392478180207,0.367392478180207,0.367392478180207,0.367392478180207,0.367392478180207,0.367392478180207,0.367392478180207,0.367392478180207,0.0521854408090074,0.3878961888225268,0.0515085034728258,0.6380337132243559,0.2348834749511914,0.0988009721572507,0.1792483083574578,0.5448445017874636,0.1161101685859292,1.0000610104128604,-0.000532169785388,-0.0005902779989688,855.0,0.0,0.9275317473818308,0.4971718245075625,0.9670829696362684,0.7673314384722845,0.2547568216334356,0.098490210601175,0.0272324688657978,0.5214504280051905,0.7549609517339175,0.1307618672497297,100000,30,10,0.1,5.0,0.1,0,9,0.001,1e-06,0.001,1e-07,1.0,1e-08,adamax,0,0.0,disordered,1,0.3678182955867911,0 days 04:00:08.186527,0.0005321700957582,1.369472857313004,1.2255543621481264
228,228,228,228,0.293044697697214,0.293044697697214,0.293044697697214,0.293044697697214,0.293044697697214,0.293044697697214,0.293044697697214,0.293044697697214,0.293044697697214,0.293044697697214,1.000965753626652,0.3523803191531001,0.0731967460432001,0.6482579207530265,0.5130106684110515,0.2675785415419866,0.0892895396787737,0.0752350326998262,0.0698585507205332,0.6019593283152709,-0.0006170282482921,-0.0007360842648617,664.0,0.0,0.2019192370687201,0.9738257135088684,0.8070049822452176,0.3232655752736976,0.942666287822342,0.4773792660807354,0.2539339041208778,0.3450083298787604,0.2721710178793161,0.695103192343459,100000,30,10,0.1,5.0,0.1,0,9,0.001,1e-06,0.001,1e-07,1.0,1e-08,adamax,0,0.0,disordered,1,0.2973274840482605,0 days 04:00:08.186527,0.0006170725342209,1.3429961363806517,1.3458858313316173
229,229,229,229,0.333461801578636,0.333461801578636,0.333461801578636,0.333461801578636,0.333461801578636,0.333461801578636,0.333461801578636,0.333461801578636,0.333461801578636,0.333461801578636,0.3582492810242767,0.0135111633909548,0.0392072047185614,0.0445146982294322,0.0705508607760615,0.1104686415081236,0.1621679511559301,0.0360463342537239,1.000003275887665,0.0876396626876235,-0.0005475022391202,-0.0007012832970789,1852.0,0.0,0.3738620607514251,0.5778116469885942,0.6203660689295584,0.504510367883843,0.4526898545703495,0.3522765421765111,0.2336160401454557,0.0943539969195973,0.6992249408750559,0.0159136325147031,100000,30,10,0.1,5.0,0.1,0,9,0.001,1e-06,0.001,1e-07,1.0,1e-08,adamax,0,0.0,disordered,1,0.3370073472536004,0 days 04:00:08.186527,0.0005475214173052,1.5090151783925694,1.1852106268596767
230,230,230,230,0.2337423870891812,0.2337423870891812,0.2337423870891812,0.2337423870891812,0.2337423870891812,0.2337423870891812,0.2337423870891812,0.2337423870891812,0.2337423870891812,0.2337423870891812,3.359181348715806e-05,3.336177680864169e-05,0.0524194650931703,0.0095121099684394,0.7665192156735153,7.693413903436633e-05,7.42717667378674e-05,0.1400712446364695,0.3542127675647377,0.2006306423766525,-0.0007215493614545,-0.0008604972821485,8117.0,1.0,0.733419644458273,0.7540298348866528,0.8060443633742611,0.6416431025412082,0.9523553741693856,0.3824415633651347,0.4588303912340334,0.2890005676901521,0.0102491746072319,0.4378307091080925,100000,30,10,0.1,5.0,0.1,0,9,0.001,1e-06,0.001,1e-07,1.0,1e-08,adamax,0,0.0,disordered,1,0.2343485933673644,0 days 04:00:08.186527,0.0007215506144603,2.0430660115397017,1.451314555772766
231,231,231,231,0.1042404007021555,0.1042404007021555,0.1042404007021555,0.1042404007021555,0.1042404007021555,0.1042404007021555,0.1042404007021555,0.1042404007021555,0.1042404007021555,0.1042404007021555,1.564644906862024e-05,0.3134156119788202,0.3019631945346738,0.0906822188362063,2.619852862106565e-06,0.0336275977613026,6.207554469934125e-06,0.0199813054502715,0.0103677666161567,0.1296505790367285,-0.0013536210449558,-0.0015890879373799,8367.0,1.0,0.4989893551030308,0.4638998004232579,0.0363402251181919,0.1599930653138644,0.2731509409073254,0.4093936651384934,0.2053063242044668,0.3641622980777784,0.2873065360873149,0.1083947633854334,100000,30,10,0.1,5.0,0.1,0,9,0.001,1e-06,0.001,1e-07,1.0,1e-08,adamax,0,0.0,disordered,1,0.1032456961513313,0 days 04:00:08.186527,0.0013536476886729,2.569015402330668,2.0242589641334234
232,232,232,232,0.1805148879221106,0.1805148879221106,0.1805148879221106,0.1805148879221106,0.1805148879221106,0.1805148879221106,0.1805148879221106,0.1805148879221106,0.1805148879221106,0.1805148879221106,0.3788846059810178,5.305486301608253e-06,0.3841942257650757,4.56646185784949e-06,0.1856472565158397,0.5127388064624804,4.445730115800509e-06,0.0288437402918846,4.019610991697201e-06,0.6793196941547509,-0.0007070268419994,-0.0008880491254659,8759.0,1.0,0.8762896426779009,0.6078379019517387,0.9833838722013164,0.6033553992658931,0.6151744480332769,0.3638928687688877,0.8050107012280634,0.46257811294563,0.8233457583558952,0.467187880323444,100000,30,10,0.1,5.0,0.1,0,9,0.001,1e-06,0.001,1e-07,1.0,1e-08,adamax,0,0.0,disordered,1,0.1804617989181244,0 days 04:00:08.186527,0.0007070268573292,1.8943519464901284,1.69603174181048
233,233,233,233,0.1042404007021555,0.1042404007021555,0.1042404007021555,0.1042404007021555,0.1042404007021555,0.1042404007021555,0.1042404007021555,0.1042404007021555,0.1042404007021555,0.1042404007021555,0.069168357179449,0.096428864761307,0.4328525680313467,0.0004951077767297,0.245860053722303,1.4468667119272198e-06,0.0621716434813264,0.0614835133942658,2.1678165994093765e-06,2.1667164275142146e-06,-0.001340766508112,-0.0016340566905355,9128.0,1.0,0.7391654216140363,0.6624902070156852,0.3966253711726136,0.0910683153333375,0.2326909156195593,0.4405565030924935,0.474846501111212,0.2149263998002676,0.2611191001577414,0.32406667033864,100000,30,10,0.1,5.0,0.1,0,9,0.001,1e-06,0.001,1e-07,1.0,1e-08,adamax,0,0.0,disordered,1,0.1038993925907965,0 days 04:00:08.186527,0.0013407695056518,2.056756032607593,1.939189868524174
234,234,234,234,0.31260072430687,0.31260072430687,0.31260072430687,0.31260072430687,0.31260072430687,0.31260072430687,0.31260072430687,0.31260072430687,0.31260072430687,0.31260072430687,0.3797990053453828,0.2907179926268415,0.3282608275866724,0.1613664612161283,0.0949605195694564,0.4002813554346601,0.1545111055581285,0.1103668832301971,0.1625398590602367,1.0004390603035085,-0.0005859126486494,-0.0006815241265415,719.0,0.0,0.5476708885325725,0.0894110589885438,0.4069143497006983,0.6819223085236259,0.8363983479429605,0.5160144767242176,0.949979402173526,0.7355018799350038,0.7899085260994683,0.1351363732864036,100000,30,10,0.1,5.0,0.1,0,9,0.001,1e-06,0.001,1e-07,1.0,1e-08,adamax,0,0.0,disordered,1,0.3146636541101372,0 days 04:00:08.186527,0.0005859216585127,1.5810828747936208,1.3288045653044924
235,235,235,235,0.3444087275973818,0.3444087275973818,0.3444087275973818,0.3444087275973818,0.3444087275973818,0.3444087275973818,0.3444087275973818,0.3444087275973818,0.3444087275973818,0.3444087275973818,0.0901464686215098,0.7120020245771088,0.3956708225486041,0.1207154579798184,1.000126457779631,0.2046025626111312,0.1241883881696384,0.1656114718395677,0.1241985769323488,0.3446869995997881,-0.0005357795946461,-0.0006066059825628,785.0,0.0,0.5054466145492318,0.0355158673137723,0.6686059503680927,0.3251334369395169,0.8798028165753388,0.1307903418945708,0.0744285519985907,0.3954721885583812,0.1582355029892318,0.5499431101406985,100000,30,10,0.1,5.0,0.1,0,9,0.001,1e-06,0.001,1e-07,1.0,1e-08,adamax,0,0.0,disordered,1,0.3418564597715936,0 days 04:00:08.186527,0.0005357890534692,1.5025464678059355,1.3690064796011745
236,236,236,236,0.3444087275973818,0.3444087275973818,0.3444087275973818,0.3444087275973818,0.3444087275973818,0.3444087275973818,0.3444087275973818,0.3444087275973818,0.3444087275973818,0.3444087275973818,0.442664424290096,0.2583193467326853,0.0228432802957809,0.0128824606894013,0.22192902867195,1.000019516575234,0.0115601877765085,0.261402730460172,0.330211068160463,0.0295261654911418,-0.0005724659623013,-0.0006846471624945,2400.0,0.0,0.4335836390226216,0.0233206750933897,0.2434279857651122,0.1529470534494994,0.178557698236764,0.9864765064167909,0.5802669901481098,0.7786487208669559,0.385326367591873,0.1808871699442573,100000,30,10,0.1,5.0,0.1,0,9,0.001,1e-06,0.001,1e-07,1.0,1e-08,adamax,0,0.0,disordered,1,0.3408769007552483,0 days 04:00:08.186527,0.0005724903468809,1.4015752062147804,1.278402391052105
237,237,237,237,0.4459627626819087,0.4459627626819087,0.4459627626819087,0.4459627626819087,0.4459627626819087,0.4459627626819087,0.4459627626819087,0.4459627626819087,0.4459627626819087,0.4459627626819087,0.2430367877814113,0.3021423682415662,0.1548878749285099,0.658870048438432,0.147263617697414,0.1690654691115955,0.1503898398896377,1.0003801630732825,0.4969801479384637,0.2340646043012316,-0.0004221883705006,-0.0004823740175071,505.0,0.0,0.3356644626741416,0.6958219443032294,0.412754854929284,0.0101844634306326,0.5555004877988412,0.5116245431637026,0.681389258535672,0.0279195512608697,0.8886576664772401,0.4617757620554003,100000,30,10,0.1,5.0,0.1,0,9,0.001,1e-06,0.001,1e-07,1.0,1e-08,adamax,0,0.0,disordered,1,0.4523732084682911,0 days 04:00:08.186527,0.0004222181679405,1.4850823876247676,1.2606583900469617
238,238,238,238,0.4047756965997316,0.4047756965997316,0.4047756965997316,0.4047756965997316,0.4047756965997316,0.4047756965997316,0.4047756965997316,0.4047756965997316,0.4047756965997316,0.4047756965997316,0.1384586428014465,0.1132609535951282,0.8743743806020946,0.1136506743279471,0.1436596970614988,0.7039439704557171,0.4457758051071244,0.1905408577616909,0.1171772655840645,1.00023067628369,-0.0004833411143404,-0.0005290231877223,564.0,0.0,0.3609768275175162,0.289008128569262,0.8497778919538789,0.2650221997416373,0.3000606751089203,0.890549619917677,0.4697969398622841,0.0481888327873848,0.1217279892452802,0.7537796875070989,100000,30,10,0.1,5.0,0.1,0,9,0.001,1e-06,0.001,1e-07,1.0,1e-08,adamax,0,0.0,disordered,1,0.4082892790393073,0 days 04:00:08.186527,0.0004833551975184,1.4206477634475592,1.2737258525697317
239,239,239,239,0.2659804395593755,0.2659804395593755,0.2659804395593755,0.2659804395593755,0.2659804395593755,0.2659804395593755,0.2659804395593755,0.2659804395593755,0.2659804395593755,0.2659804395593755,0.0092261156248657,0.008785044129951,1.0000415366925326,0.0192137858320681,0.4475479653041841,0.0390436448499818,0.0700453892933171,0.0144773032709309,0.0129834598413662,0.828467526456393,-0.0006621937157582,-0.0008693344227116,2241.0,0.0,0.3256504687772292,0.3045053044763848,0.2952510340528028,0.9727208800550315,0.485780485319188,0.8958793515846852,0.794521456410357,0.7877334579722135,0.7770429063710832,0.3059606779942405,100000,30,10,0.1,5.0,0.1,0,9,0.001,1e-06,0.001,1e-07,1.0,1e-08,adamax,0,0.0,disordered,1,0.2629475484768144,0 days 04:00:08.186527,0.0006622177889975,1.802904697626567,1.3867978406609751
240,240,240,240,0.31260072430687,0.31260072430687,0.31260072430687,0.31260072430687,0.31260072430687,0.31260072430687,0.31260072430687,0.31260072430687,0.31260072430687,0.31260072430687,0.193150077037278,0.4841651779019259,0.0382737115672904,0.2682659920205278,0.1054960980190876,0.0294293220841231,0.7311922707065659,0.0260739575605434,0.0350885596639747,1.0000064843185923,-0.0006007421852088,-0.0007103588684278,1498.0,0.0,0.8244392034908372,0.4911312071591382,0.1743065041068486,0.2526191617436665,0.529351337168041,0.4815206204777555,0.9867843901463148,0.6194609079728355,0.6215859920169071,0.0524927380880116,100000,30,10,0.1,5.0,0.1,0,9,0.001,1e-06,0.001,1e-07,1.0,1e-08,adamax,0,0.0,disordered,1,0.3144062022364404,0 days 04:00:08.186527,0.0006007487950067,1.6323947533428043,1.298835472881588
241,241,241,241,0.4757236139187883,0.4757236139187883,0.4757236139187883,0.4757236139187883,0.4757236139187883,0.4757236139187883,0.4757236139187883,0.4757236139187883,0.4757236139187883,0.4757236139187883,0.2787556958273908,0.2230695990260609,0.2332544501768123,0.601648352894073,1.000281957072671,0.1702844207501044,0.2169364444169625,0.463479114526693,0.7054836723793673,0.2194578879230629,-0.0004090937852829,-0.0004427474174922,484.0,0.0,0.067573032072897,0.3021883093028757,0.4478209969175157,0.929205516160431,0.0519727166174219,0.7232004354680686,0.6213470831831388,0.244135003144323,0.9173282488688378,0.3808779113966473,100000,30,10,0.1,5.0,0.1,0,9,0.001,1e-06,0.001,1e-07,1.0,1e-08,adamax,0,0.0,disordered,1,0.4742952299885651,0 days 04:00:08.186527,0.0004090955709779,1.2708396831075541,1.2476700004139574
242,242,242,242,0.3444087275973818,0.3444087275973818,0.3444087275973818,0.3444087275973818,0.3444087275973818,0.3444087275973818,0.3444087275973818,0.3444087275973818,0.3444087275973818,0.3444087275973818,0.6138906762279398,0.3255754240143714,0.2459509572362169,0.1060664148151145,0.6023950965907902,0.1204071417083724,0.4671222315233753,0.1322821371675652,0.0755877451044649,1.0001254694303383,-0.0005707903667184,-0.0006291038196878,845.0,0.0,0.8361096974910278,0.2736123712221463,0.5667415851187126,0.7774686433301689,0.8636305027325928,0.3578680612554048,0.2112459440382831,0.6543765105242911,0.6403701140307498,0.0471057754816398,100000,30,10,0.1,5.0,0.1,0,9,0.001,1e-06,0.001,1e-07,1.0,1e-08,adamax,0,0.0,disordered,1,0.3398658364895139,0 days 04:00:08.186527,0.000570829449298,1.3614784231094927,1.2669546952225066
243,243,243,243,0.4459627626819087,0.4459627626819087,0.4459627626819087,0.4459627626819087,0.4459627626819087,0.4459627626819087,0.4459627626819087,0.4459627626819087,0.4459627626819087,0.4459627626819087,0.0003784428220735,0.7806400134880827,0.3516995583582585,0.4513771561088683,0.1150816709143475,0.6734317251560621,0.0001406647572478,0.4867746234472899,0.7416703275998417,8.397995692508811e-05,-0.0004492426435384,-0.0005052193927998,7719.0,1.0,0.6018484804530835,0.9423163520551128,0.2464685248707037,0.6272551856554093,0.916652850718212,0.3850284656869082,0.8188878601767233,0.8964059679926287,0.0484300356515227,0.293115301790483,100000,30,10,0.1,5.0,0.1,0,9,0.001,1e-06,0.001,1e-07,1.0,1e-08,adamax,0,0.0,disordered,1,0.4463230935489487,0 days 04:00:08.186527,0.0004492427428972,1.4518668745448384,1.2584577499099356
244,244,244,244,0.4317879727332017,0.4317879727332017,0.4317879727332017,0.4317879727332017,0.4317879727332017,0.4317879727332017,0.4317879727332017,0.4317879727332017,0.4317879727332017,0.4317879727332017,0.9900178185627324,0.229657702764547,0.4242755059786391,0.2940785221711688,0.1924163055837271,0.6469280220422885,0.3713669906557746,0.1831784118556504,0.2637020454845614,1.000598735863931,-0.0004674831108517,-0.0005300466870117,410.0,0.0,0.243636751309774,0.9086741710215764,0.6004880466794573,0.1234831925914161,0.3815905620546198,0.2719774145582413,0.9945869699981436,0.8802131913296977,0.850867248391095,0.1092569845101124,100000,30,10,0.1,5.0,0.1,0,9,0.001,1e-06,0.001,1e-07,1.0,1e-08,adamax,0,0.0,disordered,1,0.4289909394863331,0 days 04:00:08.186527,0.0004674912785576,1.2079789932562441,1.1787983700581797
245,245,245,245,0.367392478180207,0.367392478180207,0.367392478180207,0.367392478180207,0.367392478180207,0.367392478180207,0.367392478180207,0.367392478180207,0.367392478180207,0.367392478180207,7.80318880287741e-07,1.7202358613882228e-06,0.0777881581099752,0.6798204914187125,0.1635966836033621,0.2046146360177139,0.0832017668702834,0.2371793089601556,0.3560596902927943,0.9845586453438114,-0.0005163726507527,-0.0005907231975007,100000.0,0.0,0.3814798876274029,0.4411322871244214,0.3227557146861554,0.8861147408234264,0.4552874539031986,0.7646152929540657,0.5824745232374682,0.4026152886684402,0.0886153008960615,0.856369101229503,100000,30,10,0.1,5.0,0.1,0,9,0.001,1e-06,0.001,1e-07,1.0,1e-08,adamax,0,0.0,disordered,1,0.3657607157443822,0 days 04:00:08.186527,0.0005163762924103,1.6716469011231878,1.2942164395650095
246,246,246,246,0.2747120789270809,0.2747120789270809,0.2747120789270809,0.2747120789270809,0.2747120789270809,0.2747120789270809,0.2747120789270809,0.2747120789270809,0.2747120789270809,0.2747120789270809,3.169126087424712e-06,4.483003828563657e-06,6.615728500711545e-06,0.7943087402483283,5.771768500781672e-06,0.7056946600586563,3.466424728213704e-06,4.49019493209732e-05,6.762673203322064e-06,0.4130085824468454,-0.0006407632020972,-0.0008943793327862,8572.0,1.0,0.4806791422147897,0.072793224590257,0.4777851937174479,0.0450081269015736,0.3183553635281133,0.8976339234749199,0.3439072133477977,0.3324293914690569,0.3039366007088133,0.569887898873839,100000,30,10,0.1,5.0,0.1,0,9,0.001,1e-06,0.001,1e-07,1.0,1e-08,adamax,0,0.0,disordered,1,0.2705851048968198,0 days 04:00:08.186527,0.000640801142743,2.421844679199132,1.4586395916215127
247,247,247,247,0.2414157116103016,0.2414157116103016,0.2414157116103016,0.2414157116103016,0.2414157116103016,0.2414157116103016,0.2414157116103016,0.2414157116103016,0.2414157116103016,0.2414157116103016,0.3352413167079643,0.0697936565889975,0.5401030169344021,1.4274701534261564e-07,0.4092065494467657,9.99989665526492e-08,0.2097406634298234,0.1306092259897865,0.0368311409343583,0.7830661092142837,-0.0006928317822011,-0.000795169602053,76738.0,0.0,0.4989958913690794,0.381346565586563,0.8521272269871337,0.4682495285459923,0.8375165347341721,0.403600109263188,0.3514017666271822,0.1762511945620999,0.067595211883687,0.5717102458078651,100000,30,10,0.1,5.0,0.1,0,9,0.001,1e-06,0.001,1e-07,1.0,1e-08,adamax,0,0.0,disordered,1,0.2436221858539846,0 days 04:00:08.186527,0.0006928468916468,1.8095548707378748,1.4735425853945145
248,248,248,248,0.2414157116103016,0.2414157116103016,0.2414157116103016,0.2414157116103016,0.2414157116103016,0.2414157116103016,0.2414157116103016,0.2414157116103016,0.2414157116103016,0.2414157116103016,3.384164883109086e-05,0.2580925509402881,0.2857536659202026,5.872519606952506e-05,0.2713357541603069,0.7178174808303447,1.6469508914795305e-06,1.0291171372886734e-05,1.8433107526746709e-06,0.3744652612975439,-0.0007191972431792,-0.0009383757387071,8550.0,1.0,0.3563021378792804,0.1461079581166916,0.526654999002543,0.7178119387512039,0.6297846379505861,0.0191522600550047,0.3702712376468413,0.6717660864900934,0.3959241965180239,0.439459132931866,100000,30,10,0.1,5.0,0.1,0,9,0.001,1e-06,0.001,1e-07,1.0,1e-08,adamax,0,0.0,disordered,1,0.2444373564592754,0 days 04:00:08.186527,0.0007192315529086,1.8600999022198446,1.4554918502088918
249,249,249,249,0.4459627626819087,0.4459627626819087,0.4459627626819087,0.4459627626819087,0.4459627626819087,0.4459627626819087,0.4459627626819087,0.4459627626819087,0.4459627626819087,0.4459627626819087,1.0007155941253962,0.1665938075021711,0.7116927306756572,0.1938343864998836,0.7319213372798842,0.3508889804703812,0.5357233336563902,0.5602294423511224,0.2351640815150155,0.3017472732692483,-0.0004566856440234,-0.0004812143388106,430.0,0.0,0.7891218488770692,0.1544573202441299,0.1708834652946238,0.767500006808759,0.9200554942008304,0.1642597836479339,0.0582671407789139,0.8168400483419096,0.5670668071585856,0.2440312619042394,100000,30,10,0.1,5.0,0.1,0,9,0.001,1e-06,0.001,1e-07,1.0,1e-08,adamax,0,0.0,disordered,1,0.450359673753044,0 days 04:00:08.186527,0.000456705317378,1.1879705869457664,1.209178001480586
250,250,250,250,0.3919100249433399,0.3919100249433399,0.3919100249433399,0.3919100249433399,0.3919100249433399,0.3919100249433399,0.3919100249433399,0.3919100249433399,0.3919100249433399,0.3919100249433399,0.8548755106251984,0.1169206436393719,1.0002793624485942,0.1618431228718144,0.1342227812084767,0.1384657388108228,0.6086192104251944,0.3953022700231033,0.1185300879842206,0.7468310110824075,-0.0005017430447656,-0.0005592365623122,588.0,0.0,0.0468076571671319,0.5504058783497054,0.1531049502246909,0.9002778045222289,0.9053052331162712,0.7355949843695778,0.9835124135202812,0.3054619161676705,0.1184242592651162,0.6432048685397752,100000,30,10,0.1,5.0,0.1,0,9,0.001,1e-06,0.001,1e-07,1.0,1e-08,adamax,0,0.0,disordered,1,0.3918308958571437,0 days 04:00:08.186527,0.0005017430461347,1.2937212807044542,1.2471915268654947
251,251,251,251,0.5591070776755287,0.5591070776755287,0.5591070776755287,0.5591070776755287,0.5591070776755287,0.5591070776755287,0.5591070776755287,0.5591070776755287,0.5591070776755287,0.5591070776755287,0.031093705646581,0.9732319745763696,0.0337626683038215,0.5679816424090739,0.0009179514548792,0.6576741848764891,0.7777600292903302,0.0007710290369475,0.95022132627934,0.7069620641330586,-0.0003642771283879,-0.0003930894263899,7124.0,1.0,0.244330172172993,0.6954679303535842,0.0732515818752885,0.3424183216010423,0.6576331766972209,0.9369311549104504,0.0856212060585552,0.4517917240877723,0.946169956946712,0.0537779125707414,100000,30,10,0.1,5.0,0.1,0,9,0.001,1e-06,0.001,1e-07,1.0,1e-08,adamax,0,0.0,disordered,1,0.5592331188983489,0 days 04:00:08.186527,0.0003642771792824,1.2901297802222058,1.1805422902316274
252,252,252,252,0.293044697697214,0.293044697697214,0.293044697697214,0.293044697697214,0.293044697697214,0.293044697697214,0.293044697697214,0.293044697697214,0.293044697697214,0.293044697697214,4.817892128470861e-07,1.9699607215290842e-07,9.99977477038261e-08,0.2552375703560254,1.2916151574345674e-07,0.2424504523622591,0.1945982470947412,0.7920917153040449,0.0204712531285804,1.5476645402985443e-06,-0.0006278100445724,-0.0007942866803402,37699.0,0.0,0.4554402937625047,0.7478081669006321,0.4797578563888679,0.8525627461655038,0.4030474540111718,0.3060520678005715,0.0254430929056723,0.4923116383124941,0.9802118305683788,0.9135696880935296,100000,30,10,0.1,5.0,0.1,0,9,0.001,1e-06,0.001,1e-07,1.0,1e-08,adamax,0,0.0,disordered,1,0.2966728201956373,0 days 04:00:08.186527,0.0006278422296427,1.846289639348686,1.3493534387314106
253,253,253,253,0.3228628202536728,0.3228628202536728,0.3228628202536728,0.3228628202536728,0.3228628202536728,0.3228628202536728,0.3228628202536728,0.3228628202536728,0.3228628202536728,0.3228628202536728,0.0638981179694349,0.0567784918412479,0.3443724066287092,1.0000558709944076,0.0543003529747262,0.0610341588112222,0.5916629933674968,0.056203432426431,0.0787366460493564,0.4045575618828276,-0.0005866512125064,-0.0007084153832893,909.0,0.0,0.000768234941632,0.0318791968457493,0.0585939623681758,0.8591093843821155,0.3642848511656624,0.276111667831922,0.742800342020206,0.3379896140391083,0.3829920339198718,0.697626958912838,100000,30,10,0.1,5.0,0.1,0,9,0.001,1e-06,0.001,1e-07,1.0,1e-08,adamax,0,0.0,disordered,1,0.3254258450966755,0 days 04:00:08.186527,0.0005866646318649,1.6558332780482052,1.3565746054264431
254,254,254,254,0.4606028844202396,0.4606028844202396,0.4606028844202396,0.4606028844202396,0.4606028844202396,0.4606028844202396,0.4606028844202396,0.4606028844202396,0.4606028844202396,0.4606028844202396,1.0007293041315413,0.2048543957540859,0.2200530744305937,0.5144347456551865,0.567990546903604,0.2517290779757667,0.2086997218166348,0.7955083835447352,0.3006419381410452,0.6913455859903277,-0.0004141829228347,-0.0004447132438967,355.0,0.0,0.8927029522571527,0.1775640656990037,0.2034948796600576,0.1990368814863647,0.9443271932156678,0.5595442169967103,0.8206666614734891,0.1894438738068623,0.8637899145128142,0.2983505751178661,100000,30,10,0.1,5.0,0.1,0,9,0.001,1e-06,0.001,1e-07,1.0,1e-08,adamax,0,0.0,disordered,1,0.4566457453826739,0 days 04:00:08.186527,0.0004141926107038,1.3013164356616664,1.250226925656678
255,255,255,255,0.3228628202536728,0.3228628202536728,0.3228628202536728,0.3228628202536728,0.3228628202536728,0.3228628202536728,0.3228628202536728,0.3228628202536728,0.3228628202536728,0.3228628202536728,0.217713961529078,0.3298385690371346,0.2236752308437985,0.1112898370679052,1.0003702958867104,0.202841568304061,0.1028546920729106,0.0999071142146604,0.0809082807727753,0.736073282626273,-0.0005645751927067,-0.0006937765347502,610.0,0.0,0.620094130280667,0.2165517394329432,0.5128352867250683,0.7534004633828354,0.1765318319782453,0.964140085186656,0.8489472669069664,0.7034117411247928,0.7537395768310681,0.284153934820696,100000,30,10,0.1,5.0,0.1,0,9,0.001,1e-06,0.001,1e-07,1.0,1e-08,adamax,0,0.0,disordered,1,0.322628173924117,0 days 04:00:08.186527,0.0005645752430072,1.5887109437295428,1.3460311531755758
256,256,256,256,0.4180637241455752,0.4180637241455752,0.4180637241455752,0.4180637241455752,0.4180637241455752,0.4180637241455752,0.4180637241455752,0.4180637241455752,0.4180637241455752,0.4180637241455752,0.7723094053458734,0.0036273244227407,0.0332982855141612,0.0057015082515829,1.0000131301515616,0.0154456749050215,0.6397888008707728,0.432201714881423,0.0101939066761313,0.9111347259573324,-0.0004803256183955,-0.0005446511023166,2654.0,0.0,0.0926599923456954,0.3253723149622051,0.1325561314591513,0.3344508118899171,0.7673368828674216,0.171345108192211,0.0741423907856182,0.8077350598370507,0.9325290066271064,0.4103447885466904,100000,30,10,0.1,5.0,0.1,0,9,0.001,1e-06,0.001,1e-07,1.0,1e-08,adamax,0,0.0,disordered,1,0.4166332346458042,0 days 04:00:08.186527,0.0004803278136063,1.498006854969385,1.2316880979648956
257,257,257,257,0.2837303616516209,0.2837303616516209,0.2837303616516209,0.2837303616516209,0.2837303616516209,0.2837303616516209,0.2837303616516209,0.2837303616516209,0.2837303616516209,0.2837303616516209,0.4249837168921302,1.0005596162566888,0.3438845193190281,0.6504871820371414,0.0688339823430463,0.0847041583422517,0.0617276730921304,0.1440733486940407,0.0594503057438221,0.5427781971476545,-0.0006438214485701,-0.0007827698106281,775.0,0.0,0.2152282906670802,0.8851003106243219,0.0569248119607362,0.3469704817392123,0.8052679974095998,0.7313561010156443,0.7619255532478207,0.4808196668333941,0.7038498972102746,0.3041274037383474,100000,30,10,0.1,5.0,0.1,0,9,0.001,1e-06,0.001,1e-07,1.0,1e-08,adamax,0,0.0,disordered,1,0.2825162112180372,0 days 04:00:08.186527,0.0006438252541958,1.6097106094185196,1.3620872890760172
258,258,258,258,0.4047756965997316,0.4047756965997316,0.4047756965997316,0.4047756965997316,0.4047756965997316,0.4047756965997316,0.4047756965997316,0.4047756965997316,0.4047756965997316,0.4047756965997316,0.1228926947819596,0.1170366013162584,0.1444847835879206,0.1242636046278298,0.120221098304437,0.5705039446568694,0.1053009442569873,1.000092609181466,0.3050835656387115,0.1203002091182677,-0.0004743647018009,-0.0005673140448898,592.0,0.0,0.8654412239970198,0.7879370414502169,0.9421300208264416,0.7655567952170195,0.7283477491541813,0.1894850892328052,0.5692679561641704,0.0757737949846564,0.9170775304514804,0.7980433262342324,100000,30,10,0.1,5.0,0.1,0,9,0.001,1e-06,0.001,1e-07,1.0,1e-08,adamax,0,0.0,disordered,1,0.4023996170861774,0 days 04:00:08.186527,0.0004743701556914,1.61416213774678,1.2746105259903364
259,259,259,259,0.4047756965997316,0.4047756965997316,0.4047756965997316,0.4047756965997316,0.4047756965997316,0.4047756965997316,0.4047756965997316,0.4047756965997316,0.4047756965997316,0.4047756965997316,0.4733536037133525,0.1182486790838539,0.4428490551227106,0.2198333956751567,0.643252070143255,0.1258719379534553,0.1624068035589817,1.0000249259691587,0.0987453136306996,0.1479265596522478,-0.0004857855745859,-0.0005459302479695,732.0,0.0,0.5347384480514644,0.8328512474128952,0.8688294765361098,0.3576412026843396,0.6729904847785244,0.1316870185948778,0.0494690471332501,0.7734713847258656,0.2179444903296191,0.4051685070348134,100000,30,10,0.1,5.0,0.1,0,9,0.001,1e-06,0.001,1e-07,1.0,1e-08,adamax,0,0.0,disordered,1,0.4001624333784008,0 days 04:00:08.186527,0.0004858089451536,1.3757328506829962,1.2943659943220975
260,260,260,260,0.2414157116103016,0.2414157116103016,0.2414157116103016,0.2414157116103016,0.2414157116103016,0.2414157116103016,0.2414157116103016,0.2414157116103016,0.2414157116103016,0.2414157116103016,0.8589739178973945,0.000110435965791,0.3353525683107621,7.024831338042328e-05,0.8388858501754362,9.683505337534756e-06,0.013452455767722,2.8700391025711973e-06,0.212657179812213,1.7358174434236643e-06,-0.0007252689438799,-0.0009636967145999,9211.0,1.0,0.4895244512820976,0.944529780676274,0.7779945093375673,0.548788980306916,0.8087660989410643,0.249111627952104,0.0858929229390899,0.254972155699174,0.5957210477611887,0.3361802632506178,100000,30,10,0.1,5.0,0.1,0,9,0.001,1e-06,0.001,1e-07,1.0,1e-08,adamax,0,0.0,disordered,1,0.2418699765753187,0 days 04:00:08.186527,0.0007252698029102,1.6691401146388098,1.3796344576507964
261,261,261,261,0.1439847952876006,0.1439847952876006,0.1439847952876006,0.1439847952876006,0.1439847952876006,0.1439847952876006,0.1439847952876006,0.1439847952876006,0.1439847952876006,0.1439847952876006,0.8038820606782048,4.544748234394754e-05,0.0785805311971367,0.0677575591908488,0.4496704688469021,0.060417964055596,5.995300179279354e-06,0.1220672383705975,3.568957160938794e-06,0.0990415235567562,-0.0010858818992913,-0.0013484110932778,8789.0,1.0,0.9883799878715483,0.5522747263302411,0.5682927062040893,0.7419191567654806,0.5150272388966293,0.173762931102551,0.2014018916290892,0.4537291805351077,0.2529303537024083,0.2071190140352143,100000,30,10,0.1,5.0,0.1,0,9,0.001,1e-06,0.001,1e-07,1.0,1e-08,adamax,0,0.0,disordered,1,0.1444813587072803,0 days 04:00:08.186527,0.001085884732284,1.8271501031363868,1.6578588529776912
262,262,262,262,0.2191196687578146,0.2191196687578146,0.2191196687578146,0.2191196687578146,0.2191196687578146,0.2191196687578146,0.2191196687578146,0.2191196687578146,0.2191196687578146,0.2191196687578146,0.875958146635117,1.1290564895147988e-06,0.8956678463362707,0.0145046376039197,0.2423965570145603,9.999932508149106e-08,0.0641680475884396,0.1872718470325558,1.2474440728599754e-07,0.3546446242930464,-0.0008050932669499,-0.0009590921918189,46448.0,0.0,0.3677948718250868,0.8022049364481282,0.8649307511344473,0.263361393734891,0.1976445899594007,0.0359647497220525,0.0092730827320837,0.3667459082696913,0.193624417425568,0.5036283345830826,100000,30,10,0.1,5.0,0.1,0,9,0.001,1e-06,0.001,1e-07,1.0,1e-08,adamax,0,0.0,disordered,1,0.2205165482436779,0 days 04:00:08.186527,0.0008051032892035,1.8824389307775478,1.38667444454422
263,263,263,263,0.333461801578636,0.333461801578636,0.333461801578636,0.333461801578636,0.333461801578636,0.333461801578636,0.333461801578636,0.333461801578636,0.333461801578636,0.333461801578636,0.9745521375462028,0.0001191505426254,0.326561630089549,0.0840900412358074,0.1342086700688329,0.8288841004852977,0.1998636612981912,0.0400391100092858,0.5441649046459992,0.1562099793933433,-0.0005551871402737,-0.0006092186659915,6520.0,1.0,0.1314198051986721,0.6267589787464479,0.5573134997452802,0.913913495233418,0.8106934315245854,0.1216145605187998,0.5469880187365489,0.3670105904446643,0.041128447497859,0.5501240844177487,100000,30,10,0.1,5.0,0.1,0,9,0.001,1e-06,0.001,1e-07,1.0,1e-08,adamax,0,0.0,disordered,1,0.3296618348086608,0 days 04:00:08.186527,0.0005552107298811,1.5197469150888272,1.3022102309291899
264,264,264,264,0.4180637241455752,0.4180637241455752,0.4180637241455752,0.4180637241455752,0.4180637241455752,0.4180637241455752,0.4180637241455752,0.4180637241455752,0.4180637241455752,0.4180637241455752,1.000351673309122,0.2672948024258383,0.2031096606983584,0.2082720305619612,0.2060093460698339,0.2218333648730444,0.3400285944183386,0.2928459193206256,0.648622190370858,0.6341979469821926,-0.0004498455975214,-0.0004926302017892,386.0,0.0,0.9756807101632458,0.1452335134155775,0.0049731952874135,0.1983570391565602,0.4297408315359265,0.2642354381906198,0.6932936735933287,0.2672623689173509,0.8626971619102233,0.1282659346033251,100000,30,10,0.1,5.0,0.1,0,9,0.001,1e-06,0.001,1e-07,1.0,1e-08,adamax,0,0.0,disordered,1,0.4138551368530641,0 days 04:00:08.186527,0.0004498598163642,1.3623407135693189,1.2423387696404593
265,265,265,265,0.367392478180207,0.367392478180207,0.367392478180207,0.367392478180207,0.367392478180207,0.367392478180207,0.367392478180207,0.367392478180207,0.367392478180207,0.367392478180207,0.6714617216251733,1.0000067474763192,0.5002067708948598,0.9968655103793522,0.0856425611288062,0.4083589414085106,0.2806736313371962,0.0967758597097743,0.1522322144134123,0.2976873259857543,-0.0005091776793766,-0.0005820919277236,781.0,0.0,0.1554012837198247,0.969377300428406,0.0732914500203085,0.7549998240434538,0.0837677614254499,0.158740130602586,0.6247094369153915,0.8248364219899545,0.61683593577394,0.9963130923697778,100000,30,10,0.1,5.0,0.1,0,9,0.001,1e-06,0.001,1e-07,1.0,1e-08,adamax,0,0.0,disordered,1,0.3653526644569342,0 days 04:00:08.186527,0.0005091830026532,1.2781779586744448,1.3134361197830078
266,266,266,266,0.2837303616516209,0.2837303616516209,0.2837303616516209,0.2837303616516209,0.2837303616516209,0.2837303616516209,0.2837303616516209,0.2837303616516209,0.2837303616516209,0.2837303616516209,1.0003267788716923,0.5501472326398439,0.0399820602625029,0.0512741048211681,0.5559458567637982,0.0422432554102291,0.0979018882880794,0.0423550435687293,0.0801149033883522,0.8438629357881969,-0.0006472937519152,-0.0008289598863823,855.0,0.0,0.9862650632997776,0.1496825260515591,0.4663641044360879,0.4693755395883446,0.1866419388638073,0.658724005284566,0.8699229564331522,0.739314693065344,0.7889120561966407,0.2608953373879905,100000,30,10,0.1,5.0,0.1,0,9,0.001,1e-06,0.001,1e-07,1.0,1e-08,adamax,0,0.0,disordered,1,0.2865477894145168,0 days 04:00:08.186527,0.0006473159394343,1.757770680764416,1.2872577780008971
267,267,267,267,0.4047756965997316,0.4047756965997316,0.4047756965997316,0.4047756965997316,0.4047756965997316,0.4047756965997316,0.4047756965997316,0.4047756965997316,0.4047756965997316,0.4047756965997316,0.1347719906569893,0.7821933543548256,0.128063770144768,0.3842728930483947,0.1935625926546664,0.1699551682434961,0.1804595801595819,0.2274970380186773,1.0003264031773669,0.189827734663902,-0.0004573426681159,-0.0005278079459815,539.0,0.0,0.5658976998449771,0.1771920208128851,0.7632416685987634,0.9303556820469552,0.4980075984843168,0.5180013816179263,0.7386344412351523,0.8936842151923095,0.0920337176574582,0.7535529918836987,100000,30,10,0.1,5.0,0.1,0,9,0.001,1e-06,0.001,1e-07,1.0,1e-08,adamax,0,0.0,disordered,1,0.4046370385083362,0 days 04:00:08.186527,0.0004573426769895,1.4717420453082202,1.2501635251396694
268,268,268,268,0.1265331759388941,0.1265331759388941,0.1265331759388941,0.1265331759388941,0.1265331759388941,0.1265331759388941,0.1265331759388941,0.1265331759388941,0.1265331759388941,0.1265331759388941,1.0001921596497614,0.2041535303688832,0.2264590375827523,0.0231629826548269,0.0182266621184253,0.0168463175886215,0.1498213751526976,0.0195930631678882,0.0288806405267613,0.0323078127112706,-0.0013195785799413,-0.0018893805655762,1054.0,0.0,0.8954766724913747,0.2084573312018964,0.2950824311468091,0.4705927554564316,0.5950447400288534,0.4579302653735336,0.5732551458625734,0.3881864994297214,0.421754827938559,0.3106504491655834,100000,30,10,0.1,5.0,0.1,0,9,0.001,1e-06,0.001,1e-07,1.0,1e-08,adamax,0,0.0,disordered,1,0.1253634745688341,0 days 04:00:08.186527,0.0013196161552593,2.1939032663940785,1.631332523810802
269,269,269,269,0.31260072430687,0.31260072430687,0.31260072430687,0.31260072430687,0.31260072430687,0.31260072430687,0.31260072430687,0.31260072430687,0.31260072430687,0.31260072430687,0.5718719154393697,1.6986052432434989e-06,0.5080644565258652,0.4115517109358216,0.334620540147026,0.6470425975459612,4.457783920441374e-07,5.189465786462913e-07,0.5003829257390925,0.0308857056935453,-0.0006189904687214,-0.0006985022611946,54914.0,1.0,0.6538618646577183,0.9378398401958934,0.9857411687514108,0.3822793335511966,0.0447837545754448,0.6344540443711366,0.9535155505474926,0.9528442754090228,0.6866387119651769,0.374571382510796,100000,30,10,0.1,5.0,0.1,0,9,0.001,1e-06,0.001,1e-07,1.0,1e-08,adamax,0,0.0,disordered,1,0.3146751611369924,0 days 04:00:08.186527,0.0006190013415513,1.2217769810856434,1.2319568611543563
270,270,270,270,0.2493409369951876,0.2493409369951876,0.2493409369951876,0.2493409369951876,0.2493409369951876,0.2493409369951876,0.2493409369951876,0.2493409369951876,0.2493409369951876,0.2493409369951876,0.3361488497879824,0.4658668607203244,6.92491262660075e-06,2.536336909073936e-05,6.958624184595729e-06,0.2135751576170173,0.7804979393137409,5.004082457219863e-06,8.110196963104875e-06,5.966731192926212e-06,-0.0007284643313823,-0.0011035780564505,8721.0,1.0,0.0832200958643163,0.4619080306863552,0.6550143139959383,0.7226245092723456,0.6616841453875995,0.7867142639609922,0.1126774006320914,0.517710147750081,0.4516629498610115,0.5011458474264819,100000,30,10,0.1,5.0,0.1,0,9,0.001,1e-06,0.001,1e-07,1.0,1e-08,adamax,0,0.0,disordered,1,0.2467876941617274,0 days 04:00:08.186527,0.0007284898988568,2.416843103099241,1.409813841699573
271,271,271,271,0.2054117348353062,0.2054117348353062,0.2054117348353062,0.2054117348353062,0.2054117348353062,0.2054117348353062,0.2054117348353062,0.2054117348353062,0.2054117348353062,0.2054117348353062,2.966027825271165e-05,0.7771498738960652,0.0003174154925159,0.5900036523255136,0.0807803153429741,0.083236435495342,1.5795195377985597e-05,1.986373210170645e-05,9.81418756092389e-06,0.6519903012808866,-0.0008445433103747,-0.0010864861502664,8703.0,1.0,0.4659594818300158,0.604678520127203,0.1066072353397643,0.0106474547550092,0.4366853920221658,0.5885711331191602,0.4241803299861904,0.514728566376785,0.4008883582920273,0.8127546735256219,100000,30,10,0.1,5.0,0.1,0,9,0.001,1e-06,0.001,1e-07,1.0,1e-08,adamax,0,0.0,disordered,1,0.2079996412014791,0 days 04:00:08.186527,0.0008445865515175,1.8287962751408933,1.4669010282711552
272,272,272,272,0.3919100249433399,0.3919100249433399,0.3919100249433399,0.3919100249433399,0.3919100249433399,0.3919100249433399,0.3919100249433399,0.3919100249433399,0.3919100249433399,0.3919100249433399,0.3920427830387086,0.8042963791887314,1.1071446003089916e-06,0.6763957449871034,1.752099417986732e-06,0.8931822082124727,0.1608235706010499,0.0737063265875774,0.6491375020417244,4.649101844090347e-07,-0.0004905128089655,-0.0005444606222648,100000.0,0.0,0.8101603872738865,0.151060378924085,0.6237938163812798,0.5232326869776311,0.0560213795149061,0.0880739856496465,0.8140995207742553,0.7159176301300607,0.1578200566934275,0.5868011269753782,100000,30,10,0.1,5.0,0.1,0,9,0.001,1e-06,0.001,1e-07,1.0,1e-08,adamax,0,0.0,disordered,1,0.3972867330312115,0 days 04:00:08.186527,0.0004905472538869,1.4157254761918874,1.2583382741543812
273,273,273,273,0.2575263326771198,0.2575263326771198,0.2575263326771198,0.2575263326771198,0.2575263326771198,0.2575263326771198,0.2575263326771198,0.2575263326771198,0.2575263326771198,0.2575263326771198,0.7665602847246601,0.0710918021233085,6.787495480945475e-06,1.9189504330573324e-05,2.135370387545688e-05,0.8408171979262149,0.1121625113227574,2.7307703704833948e-05,0.1432791127567302,0.2937849795247628,-0.0007137778566059,-0.0009147291709703,8743.0,1.0,0.8935856838618846,0.5232036772996999,0.601254124412449,0.6769815814116454,0.5294803439752425,0.8793058389897858,0.2552990482349658,0.2256741123218106,0.1008685885186569,0.4444062800865939,100000,30,10,0.1,5.0,0.1,0,9,0.001,1e-06,0.001,1e-07,1.0,1e-08,adamax,0,0.0,disordered,1,0.2545195539660116,0 days 04:00:08.186527,0.0007138111398046,1.696325407387813,1.3703780910056496
274,274,274,274,0.2263129568399526,0.2263129568399526,0.2263129568399526,0.2263129568399526,0.2263129568399526,0.2263129568399526,0.2263129568399526,0.2263129568399526,0.2263129568399526,0.2263129568399526,0.2839668294208231,0.0526691290417757,0.3675538997449291,1.0535158794859748e-05,4.8674998831967326e-05,0.283838848209385,0.4073944809977319,5.334856454940171e-05,0.0735873858997877,0.5254940340635895,-0.0007640430438812,-0.0008806572144614,7916.0,1.0,0.3266186604958152,0.4998105982025818,0.1746521771424269,0.4806145190096268,0.4961025453543837,0.3056658187410817,0.8043076207169698,0.5053229983693688,0.5946087624129153,0.952240590006979,100000,30,10,0.1,5.0,0.1,0,9,0.001,1e-06,0.001,1e-07,1.0,1e-08,adamax,0,0.0,disordered,1,0.2255337963198532,0 days 04:00:08.186527,0.0007640456382498,2.2282805471514697,1.5699228909805314
275,275,275,275,0.2837303616516209,0.2837303616516209,0.2837303616516209,0.2837303616516209,0.2837303616516209,0.2837303616516209,0.2837303616516209,0.2837303616516209,0.2837303616516209,0.2837303616516209,1.0002811204568176,0.0124192373896087,0.5965989854671441,0.060577400000623,0.3010962285331616,0.3265133823315613,0.0105430414600257,0.497032980900548,0.0184246275385326,0.0101443543835512,-0.0005792052431199,-0.0007305766224016,1625.0,0.0,0.8769549097354983,0.6449731068224848,0.0053036025347792,0.6442923242156278,0.3049230873607423,0.24701432822798,0.6052588097979229,0.1761206429723647,0.7359420750755481,0.7763506180697476,100000,30,10,0.1,5.0,0.1,0,9,0.001,1e-06,0.001,1e-07,1.0,1e-08,adamax,0,0.0,disordered,1,0.2793906746646206,0 days 04:00:08.186527,0.0005792322176055,2.0494163941685186,1.4671129596751973
276,276,276,276,0.5964184945842456,0.5964184945842456,0.5964184945842456,0.5964184945842456,0.5964184945842456,0.5964184945842456,0.5964184945842456,0.5964184945842456,0.5964184945842456,0.5964184945842456,0.2950636349066435,0.4165941028405283,0.7926603117829514,1.000746999132203,0.2878614487910149,0.2954570536919266,0.2965296137696709,0.917509011777428,0.7192895026196168,0.6238455847861808,-0.000329399138759,-0.0003579429436333,332.0,0.0,0.1378328494587537,0.151966353624163,0.925285077913802,0.0305454210323403,0.7981187024493254,0.7469151591312451,0.7032878921611835,0.0338023897631204,0.9418283836724008,0.20546840028302,100000,30,10,0.1,5.0,0.1,0,9,0.001,1e-06,0.001,1e-07,1.0,1e-08,adamax,0,0.0,disordered,1,0.6037122427575777,0 days 04:00:08.186527,0.0003294173965607,1.205796051185533,1.2037351069404278
277,277,277,277,0.31260072430687,0.31260072430687,0.31260072430687,0.31260072430687,0.31260072430687,0.31260072430687,0.31260072430687,0.31260072430687,0.31260072430687,0.31260072430687,0.4945304806581274,0.2584296492182919,0.0878071317478409,0.1269484443518717,2.7067427659172247e-06,0.0001569378198036,0.0372437532302607,1.0253582406752538e-05,0.939643035854496,9.483343855014476e-06,-0.00063379289529,-0.0008062706901259,9184.0,1.0,0.8728077965440963,0.5007396312109774,0.3256459273497325,0.1748341691579661,0.0114767132297118,0.2342906526973365,0.1162598230412464,0.0066563200512604,0.6648013979836157,0.9771697778493912,100000,30,10,0.1,5.0,0.1,0,9,0.001,1e-06,0.001,1e-07,1.0,1e-08,adamax,0,0.0,disordered,1,0.3137955687037995,0 days 04:00:08.186527,0.0006337971931891,1.9094085069417772,1.21844950619225
278,278,278,278,0.333461801578636,0.333461801578636,0.333461801578636,0.333461801578636,0.333461801578636,0.333461801578636,0.333461801578636,0.333461801578636,0.333461801578636,0.333461801578636,0.6301982782138094,5.674430446946673e-05,0.6112842903747999,0.8224974390864238,0.0001140366167353,2.401799596563552e-05,0.3118243925037048,0.3119729921939468,7.43347986601908e-05,0.6437724051552562,-0.0005831582091518,-0.0006986692499048,8076.0,1.0,0.5144152528968474,0.8204181545276492,0.9703876172775256,0.0807466354298075,0.4254319205126254,0.4217884105482588,0.2487687638254676,0.7175643490057031,0.5537527821643865,0.1679244739437104,100000,30,10,0.1,5.0,0.1,0,9,0.001,1e-06,0.001,1e-07,1.0,1e-08,adamax,0,0.0,disordered,1,0.335035778310257,0 days 04:00:08.186527,0.0005831633188887,1.7724771297033877,1.280662831287926
279,279,279,279,0.3228628202536728,0.3228628202536728,0.3228628202536728,0.3228628202536728,0.3228628202536728,0.3228628202536728,0.3228628202536728,0.3228628202536728,0.3228628202536728,0.3228628202536728,1.0017998409695017,0.2949660873763345,0.5063381672246096,0.5541344154750569,0.1123115143430995,0.6178462751943411,0.2620303022321849,0.1438779098818192,0.1366881191865816,0.1096212101075837,-0.0006129666936362,-0.0007302073438277,518.0,0.0,0.9457826986198424,0.1192835651627532,0.0496830502617905,0.7558344124568469,0.4273698252746744,0.6525989397308843,0.0293280277415377,0.0800179552122662,0.2844917022951683,0.3277155772772908,100000,30,10,0.1,5.0,0.1,0,9,0.001,1e-06,0.001,1e-07,1.0,1e-08,adamax,0,0.0,disordered,1,0.3192939989562487,0 days 04:00:08.186527,0.0006129976447948,1.3272041152423482,1.316563160697735
280,280,280,280,0.367392478180207,0.367392478180207,0.367392478180207,0.367392478180207,0.367392478180207,0.367392478180207,0.367392478180207,0.367392478180207,0.367392478180207,0.367392478180207,0.2760580281042974,0.1068126124927704,0.2480690892899569,1.000203836041797,0.5285161772395716,0.097809635124379,0.5378039074547643,0.3067290533989258,0.0971024651165768,0.0904319022128859,-0.0005199942469006,-0.0006263440733905,710.0,0.0,0.5278125088659839,0.318136568470538,0.2315795162140604,0.9511782787436884,0.1326977726338979,0.5025277899584487,0.223667964909474,0.8118586684336861,0.6191173950887304,0.6204957812457725,100000,30,10,0.1,5.0,0.1,0,9,0.001,1e-06,0.001,1e-07,1.0,1e-08,adamax,0,0.0,disordered,1,0.3685714530506238,0 days 04:00:08.186527,0.0005199962520701,1.4131529124420275,1.34732980008303
281,281,281,281,0.2747120789270809,0.2747120789270809,0.2747120789270809,0.2747120789270809,0.2747120789270809,0.2747120789270809,0.2747120789270809,0.2747120789270809,0.2747120789270809,0.2747120789270809,0.2703269032287977,2.788967919215821e-07,0.7888685402377871,4.036158264702447e-07,0.4126571134050734,0.4751857014448422,0.4474000685000835,1.1523495857380841e-07,0.0673319657395918,9.999974729857237e-08,-0.0006202565926765,-0.0007289669207242,97915.0,0.0,0.435440675338833,0.4582904144594563,0.9921851717130896,0.4248277365856714,0.6574672079546182,0.0881713784179982,0.5245834158918792,0.755821557180018,0.4688493074920858,0.7273168622303527,100000,30,10,0.1,5.0,0.1,0,9,0.001,1e-06,0.001,1e-07,1.0,1e-08,adamax,0,0.0,disordered,1,0.2791680690440787,0 days 04:00:08.186527,0.0006203025001472,1.7288348908188447,1.4869880465991598
282,282,282,282,0.31260072430687,0.31260072430687,0.31260072430687,0.31260072430687,0.31260072430687,0.31260072430687,0.31260072430687,0.31260072430687,0.31260072430687,0.31260072430687,0.9964353825713456,6.929803094669008e-05,0.5495745813061881,4.027103521771733e-05,0.188029927949228,0.7902589144868012,8.2806842764993e-05,0.2886160535571032,0.3940496947085149,0.0002427924747098,-0.0005939625059371,-0.0006633450883652,7382.0,1.0,0.6642606717342343,0.1098898573146673,0.4771317496998679,0.0312014157005438,0.0909429114613579,0.6732269794882545,0.2198682291590735,0.0506398991912545,0.4683997258247909,0.6982124711913849,100000,30,10,0.1,5.0,0.1,0,9,0.001,1e-06,0.001,1e-07,1.0,1e-08,adamax,0,0.0,disordered,1,0.3149548335447346,0 days 04:00:08.186527,0.000593973733152,1.6249342502358923,1.3823855909851792
283,283,283,283,0.2414157116103016,0.2414157116103016,0.2414157116103016,0.2414157116103016,0.2414157116103016,0.2414157116103016,0.2414157116103016,0.2414157116103016,0.2414157116103016,0.2414157116103016,0.4373782108088646,9.15625963101373e-06,0.0725242203368335,1.098255721076516e-05,1.340996179055443e-05,0.4705271357477217,0.006837757877992,0.5292515968385856,0.18890640984332,3.715255316598056e-05,-0.0007563444039044,-0.0008948372745769,8020.0,1.0,0.2801904171648375,0.1906005552455659,0.230797647145204,0.0230889340700155,0.0417394724866417,0.4624317947354035,0.2153979852087361,0.4279799409301008,0.9132574465254402,0.8042383326726235,100000,30,10,0.1,5.0,0.1,0,9,0.001,1e-06,0.001,1e-07,1.0,1e-08,adamax,0,0.0,disordered,1,0.2424926353150489,0 days 04:00:08.186527,0.0007563495641067,1.9890863544174089,1.4223771037459618
284,284,284,284,0.3919100249433399,0.3919100249433399,0.3919100249433399,0.3919100249433399,0.3919100249433399,0.3919100249433399,0.3919100249433399,0.3919100249433399,0.3919100249433399,0.3919100249433399,0.1194983716798976,0.1835716380846622,0.2262134371547657,0.2372624072594994,0.3490836906670504,0.8460398851319239,0.1568127237907925,0.1508556984818578,0.1477682815244678,1.0004114945202007,-0.0004921336820313,-0.0005622393638866,522.0,0.0,0.8267273504991763,0.929023616452101,0.6669769559759705,0.4377045405814164,0.073335824822771,0.7217063751878922,0.111179044306536,0.3033866478777075,0.2806086191107868,0.937853584622824,100000,30,10,0.1,5.0,0.1,0,9,0.001,1e-06,0.001,1e-07,1.0,1e-08,adamax,0,0.0,disordered,1,0.3914565850463966,0 days 04:00:08.186527,0.0004921340482733,1.3171905881042079,1.2733228614355916
285,285,285,285,0.2575263326771198,0.2575263326771198,0.2575263326771198,0.2575263326771198,0.2575263326771198,0.2575263326771198,0.2575263326771198,0.2575263326771198,0.2575263326771198,0.2575263326771198,1.0000375146901317,0.1553799407093291,0.059576775534777,0.5386103285695427,0.0547999614175262,0.5857625915840521,0.1731263106761822,0.065394579027405,0.0956414791615811,0.2835470398637964,-0.0007472533829899,-0.0008609809727755,861.0,0.0,0.8666195092203972,0.2545932023334656,0.3747550301281869,0.4773484970573644,0.0477178302504632,0.0192305137919545,0.5690988942672214,0.500237146077834,0.6294636587888246,0.8784156622342133,100000,30,10,0.1,5.0,0.1,0,9,0.001,1e-06,0.001,1e-07,1.0,1e-08,adamax,0,0.0,disordered,1,0.2569275000572061,0 days 04:00:08.186527,0.0007472546267943,1.3949396565928351,1.3679028695589226
286,286,286,286,0.3557150206821381,0.3557150206821381,0.3557150206821381,0.3557150206821381,0.3557150206821381,0.3557150206821381,0.3557150206821381,0.3557150206821381,0.3557150206821381,0.3557150206821381,0.4703127031913243,0.9177948319350396,0.2951857553654735,1.0000164219070982,0.4205986006249048,0.0229794819510267,0.8130837388550645,0.0100947816462108,0.0155012334696596,0.0152751671657973,-0.0005099366142375,-0.0006291573015957,2360.0,0.0,0.1383305444213748,0.8959807609454241,0.2096072329667661,0.92267898419396,0.1586010092630354,0.3994831424772106,0.7364412446434414,0.2002039593139714,0.1171722651598887,0.2687335756630974,100000,30,10,0.1,5.0,0.1,0,9,0.001,1e-06,0.001,1e-07,1.0,1e-08,adamax,0,0.0,disordered,1,0.359270783156503,0 days 04:00:08.186527,0.000509950771272,1.4763093190576635,1.3465297843474928
287,287,287,287,0.4459627626819087,0.4459627626819087,0.4459627626819087,0.4459627626819087,0.4459627626819087,0.4459627626819087,0.4459627626819087,0.4459627626819087,0.4459627626819087,0.4459627626819087,0.6909663295431866,0.3977500693546664,0.7469422969436719,0.0001547721591749,0.7305632373290718,0.4810346488000916,0.2856070259895406,0.7376032071635198,0.0003681924029035,0.7310311535376824,-0.0004460035397387,-0.0004700346118548,7459.0,1.0,0.3364332254505885,0.8859235799567501,0.250740658592031,0.6818726384248391,0.8348612693863806,0.0133505957865881,0.273762834221375,0.902726656459502,0.5817087775335785,0.1693126927876244,100000,30,10,0.1,5.0,0.1,0,9,0.001,1e-06,0.001,1e-07,1.0,1e-08,adamax,0,0.0,disordered,1,0.4523960583383715,0 days 04:00:08.186527,0.0004460417026047,1.2750715032447162,1.2391981747632854
288,288,288,288,0.5964184945842456,0.5964184945842456,0.5964184945842456,0.5964184945842456,0.5964184945842456,0.5964184945842456,0.5964184945842456,0.5964184945842456,0.5964184945842456,0.5964184945842456,0.140501644016604,0.4125561441262859,0.2076162523818159,0.1839312565430377,0.616925581381677,0.5403372494223457,1.0003185260821088,0.7273615076833415,0.6254554496836662,0.2319115180578863,-0.000328439641993,-0.0003505382797971,814.0,0.0,0.4931705350093037,0.4002097735936605,0.8354219932517978,0.7926098323818732,0.3241779405369809,0.9830646964827148,0.0477884867818838,0.9096517536701376,0.097267032824367,0.5542749186044887,100000,30,10,0.1,5.0,0.1,0,9,0.001,1e-06,0.001,1e-07,1.0,1e-08,adamax,0,0.0,disordered,1,0.5949321032832112,0 days 04:00:08.186527,0.0003284402126304,1.2818949102015582,1.2165828910832635
289,289,289,289,0.2493409369951876,0.2493409369951876,0.2493409369951876,0.2493409369951876,0.2493409369951876,0.2493409369951876,0.2493409369951876,0.2493409369951876,0.2493409369951876,0.2493409369951876,0.1868072161862671,0.468348288976922,3.3717339325744752e-06,0.2402486052132071,0.4802129729584991,7.069002626628312e-07,9.999860357830673e-08,0.5657631077602834,1.2717993883359637e-06,0.1314754980979475,-0.0006893177471958,-0.000796751910399,59685.0,0.0,0.4189021314134399,0.8234209293184693,0.4805061611921127,0.281411924913489,0.7128149525361499,0.3820168994194098,0.4251771273663627,0.8162498580807743,0.3562051574027112,0.530048822740228,100000,30,10,0.1,5.0,0.1,0,9,0.001,1e-06,0.001,1e-07,1.0,1e-08,adamax,0,0.0,disordered,1,0.248381974292196,0 days 04:00:08.186527,0.0006893205799794,2.171347496670673,1.5253562011515704
290,290,290,290,0.3794532847236935,0.3794532847236935,0.3794532847236935,0.3794532847236935,0.3794532847236935,0.3794532847236935,0.3794532847236935,0.3794532847236935,0.3794532847236935,0.3794532847236935,2.667481215677312e-06,0.0521396264703701,0.1455530203066468,8.53783696889904e-07,0.8202673839041068,0.0861954832469085,7.145881429651784e-07,0.9054923716546784,0.3256165078539811,0.0236653612777156,-0.0005023208116547,-0.0006122055408844,100000.0,0.0,0.8087430632572472,0.8267099729670038,0.6836381477745519,0.7098273205737634,0.0951861809945375,0.5452303824885759,0.5979696256481425,0.1411044150060496,0.8883386774979529,0.6756783223405803,100000,30,10,0.1,5.0,0.1,0,9,0.001,1e-06,0.001,1e-07,1.0,1e-08,adamax,0,0.0,disordered,1,0.3768150104166859,0 days 04:00:08.186527,0.000502329588426,2.2920353960473134,1.3111939268293749
291,291,291,291,0.2054117348353062,0.2054117348353062,0.2054117348353062,0.2054117348353062,0.2054117348353062,0.2054117348353062,0.2054117348353062,0.2054117348353062,0.2054117348353062,0.2054117348353062,0.0962832405127419,6.15960619328711e-05,4.310048769783141e-05,0.0603971817853307,0.5787678638035045,0.3844151752150884,5.914492770542314e-05,0.2180962477390976,0.2281589819792065,2.5195670124812007e-05,-0.0007930810093185,-0.0009112216284278,8006.0,1.0,0.1031471938061922,0.1217301673848533,0.1035658471359807,0.1448197919192561,0.58974415378652,0.097546201456495,0.4087798228349987,0.2886613044402275,0.6535582981725113,0.7123341566952256,100000,30,10,0.1,5.0,0.1,0,9,0.001,1e-06,0.001,1e-07,1.0,1e-08,adamax,0,0.0,disordered,1,0.2072798833371857,0 days 04:00:08.186527,0.0007930989837807,1.610740196097034,1.5871055401331517
292,292,292,292,0.2263129568399526,0.2263129568399526,0.2263129568399526,0.2263129568399526,0.2263129568399526,0.2263129568399526,0.2263129568399526,0.2263129568399526,0.2263129568399526,0.2263129568399526,8.927068188068474e-06,4.768055451742752e-06,7.438880913616829e-06,0.1304159637542398,0.4449971219538641,4.692574788023722e-05,0.3337788856842891,0.3914183408860555,2.672000021654173e-05,2.774732734565979e-05,-0.0008259358062755,-0.0010003756316017,8465.0,1.0,0.6383601099847973,0.5954088370670796,0.5562000611310318,0.7675962287549989,0.5012767621670378,0.2140956364946002,0.1094107571203395,0.6000482200302583,0.80501981911651,0.7176535781625706,100000,30,10,0.1,5.0,0.1,0,9,0.001,1e-06,0.001,1e-07,1.0,1e-08,adamax,0,0.0,disordered,1,0.2232543258462713,0 days 04:00:08.186527,0.0008259902733192,1.5286825715862944,1.4011429540831362
293,293,293,293,0.3919100249433399,0.3919100249433399,0.3919100249433399,0.3919100249433399,0.3919100249433399,0.3919100249433399,0.3919100249433399,0.3919100249433399,0.3919100249433399,0.3919100249433399,0.097584160401385,0.0544159478583484,1.0000861392102354,0.3866617366662545,0.9434874885850544,0.1024569668181781,0.1585176701270485,0.2400391283382885,0.4233421856145914,0.2391399586981262,-0.0004590480275647,-0.0005068178429048,915.0,0.0,0.7077978198928584,0.777185446924128,0.0806533994303507,0.8507454167128043,0.031269612594601,0.559562244754216,0.4154770741987346,0.1317667119318895,0.5731232422677263,0.1149883664856494,100000,30,10,0.1,5.0,0.1,0,9,0.001,1e-06,0.001,1e-07,1.0,1e-08,adamax,0,0.0,disordered,1,0.3954749043546854,0 days 04:00:08.186527,0.0004590586058249,1.4234391081014028,1.3378969514473076
294,294,294,294,0.3794532847236935,0.3794532847236935,0.3794532847236935,0.3794532847236935,0.3794532847236935,0.3794532847236935,0.3794532847236935,0.3794532847236935,0.3794532847236935,0.3794532847236935,1.0005741638329286,0.2285694308989025,0.1607922486315726,0.4709083237260861,0.1435296111391102,0.1727605634049684,0.1965272426600933,0.307506755062113,0.5909818643772905,0.6073172566957453,-0.0004940727897083,-0.0005458422688417,471.0,0.0,0.0505762404166152,0.7108632822931158,0.8915345125263209,0.4405463740297752,0.8064621134539653,0.9539262940959512,0.7305731267543529,0.421680384049949,0.9434034429065684,0.2472636957095301,100000,30,10,0.1,5.0,0.1,0,9,0.001,1e-06,0.001,1e-07,1.0,1e-08,adamax,0,0.0,disordered,1,0.3768863569867388,0 days 04:00:08.186527,0.0004940802658808,1.4654102967852816,1.2563611257646694
295,295,295,295,0.1864408533970484,0.1864408533970484,0.1864408533970484,0.1864408533970484,0.1864408533970484,0.1864408533970484,0.1864408533970484,0.1864408533970484,0.1864408533970484,0.1864408533970484,0.873522623425191,4.550511244170612e-06,0.7896235248673346,0.04264553883562,0.2723070538072127,3.0533377006639485e-06,2.646633310562563e-07,0.0325526770831162,1.3499625651177018e-06,9.641428970976115e-07,-0.0009196699280918,-0.0012902864468508,14166.0,1.0,0.2385588070509432,0.6698863231474224,0.8252363919080409,0.2609545946839984,0.3136782132049029,0.0277853878946894,0.0948733749029787,0.3297294529593854,0.0947572752330966,0.0222784833335085,100000,30,10,0.1,5.0,0.1,0,9,0.001,1e-06,0.001,1e-07,1.0,1e-08,adamax,0,0.0,disordered,1,0.1863845149814557,0 days 04:00:08.186527,0.0009196699723512,2.07674886401262,1.513882925129984
296,296,296,296,0.2263129568399526,0.2263129568399526,0.2263129568399526,0.2263129568399526,0.2263129568399526,0.2263129568399526,0.2263129568399526,0.2263129568399526,0.2263129568399526,0.2263129568399526,3.4805272516990944e-05,0.9844296324180916,0.177822900890792,0.0716716899966328,0.3294791656881087,1.6696176356814427e-05,0.3878490802376663,0.1872676558633227,0.0001010479859717,3.5012681037645484e-05,-0.0007229314954328,-0.0009277952321925,8467.0,1.0,0.7705703551273733,0.8833589428933932,0.1365328338943136,0.3429746635592937,0.0158781896217724,0.4205723412559977,0.1194476200617402,0.5680865217585311,0.6773855463639422,0.7161586602233061,100000,30,10,0.1,5.0,0.1,0,9,0.001,1e-06,0.001,1e-07,1.0,1e-08,adamax,0,0.0,disordered,1,0.2236711950965618,0 days 04:00:08.186527,0.0007229557977252,1.706978570404824,1.4818638836782725
297,297,297,297,0.4459627626819087,0.4459627626819087,0.4459627626819087,0.4459627626819087,0.4459627626819087,0.4459627626819087,0.4459627626819087,0.4459627626819087,0.4459627626819087,0.4459627626819087,1.0008968356786434,0.1925136094848407,0.2302439072315514,0.6177197755875165,0.8235914627720556,0.1917546973558388,0.2049162742781991,0.6465269100013674,0.4797398119544236,0.2020324671113482,-0.0004457472555578,-0.0004973032078516,370.0,0.0,0.1043067762860063,0.7991971980520339,0.838332325562638,0.2711926659637083,0.9735475529701468,0.3375149250565232,0.2575527416724514,0.1583268933402386,0.9622367725472548,0.9845068936899845,100000,30,10,0.1,5.0,0.1,0,9,0.001,1e-06,0.001,1e-07,1.0,1e-08,adamax,0,0.0,disordered,1,0.4509839141234883,0 days 04:00:08.186527,0.0004457693976911,1.21422181489606,1.2307016966046638
298,298,298,298,0.4047756965997316,0.4047756965997316,0.4047756965997316,0.4047756965997316,0.4047756965997316,0.4047756965997316,0.4047756965997316,0.4047756965997316,0.4047756965997316,0.4047756965997316,0.9170388819323466,0.0001108199768162,0.9719926045603432,7.517381831903865e-05,6.366439334008019e-05,0.6323409228544516,0.3850883578122547,2.5843630544684265e-05,0.7242419265870574,2.64843312504151e-05,-0.0004947661447526,-0.0005671511613077,7658.0,1.0,0.7833617607353065,0.3001591142917283,0.1863168957933664,0.8160956278075892,0.8195866498882468,0.6917068724736452,0.0141286385790188,0.0897702749266857,0.5713045891257171,0.0394953411916256,100000,30,10,0.1,5.0,0.1,0,9,0.001,1e-06,0.001,1e-07,1.0,1e-08,adamax,0,0.0,disordered,1,0.3992114772370714,0 days 04:00:08.186527,0.0004948033029632,1.328811057664124,1.2187456005285793
299,299,299,299,0.4606028844202396,0.4606028844202396,0.4606028844202396,0.4606028844202396,0.4606028844202396,0.4606028844202396,0.4606028844202396,0.4606028844202396,0.4606028844202396,0.4606028844202396,0.1955533631760309,0.1210831360247799,0.1063280902094276,1.0000483077685631,0.1733605398453165,0.4764599233253621,0.8180077281157364,0.4879901571772546,0.196208915354847,0.121164248819561,-0.0004523011728373,-0.0005106705741956,778.0,0.0,0.8179250197915076,0.9777640393148442,0.9775786952206656,0.829646147129515,0.0386275721174035,0.1134416250312995,0.9788995294148176,0.542143749584765,0.1121834598919309,0.0047986962695082,100000,30,10,0.1,5.0,0.1,0,9,0.001,1e-06,0.001,1e-07,1.0,1e-08,adamax,0,0.0,disordered,1,0.4578513264381443,0 days 04:00:08.186527,0.0004523087881562,1.1506831189176607,1.1660129353582607
300,300,300,300,0.4317879727332017,0.4317879727332017,0.4317879727332017,0.4317879727332017,0.4317879727332017,0.4317879727332017,0.4317879727332017,0.4317879727332017,0.4317879727332017,0.4317879727332017,1.0001184509846857,0.4027337261254414,0.5775176447098538,0.2283218839517733,0.118194663874333,0.7347450793849308,0.1178266032203785,0.7222579492315873,0.3602987330811708,0.1392502184473503,-0.0004573311056723,-0.0005193969688679,563.0,0.0,0.115267005663062,0.8785974091814128,0.2993388859024937,0.7459291170862314,0.937366336734396,0.35489974256256,0.9313564413874184,0.8822250626891953,0.1216177817136735,0.1278319281672717,100000,30,10,0.1,5.0,0.1,0,9,0.001,1e-06,0.001,1e-07,1.0,1e-08,adamax,0,0.0,disordered,1,0.4313613950703915,0 days 04:00:08.186527,0.0004573312051217,1.4205821896202755,1.2574618862678997
301,301,301,301,0.2191196687578146,0.2191196687578146,0.2191196687578146,0.2191196687578146,0.2191196687578146,0.2191196687578146,0.2191196687578146,0.2191196687578146,0.2191196687578146,0.2191196687578146,1.875403154145063e-05,6.801844745146955e-06,1.7133060737717346e-05,0.2032639860012311,0.0373968224014534,0.7158377967854743,0.0012508606046409,0.1785679711833245,0.3382581625988742,3.505820808414397e-05,-0.0007704045370071,-0.0008930807994077,7838.0,1.0,0.9012288743775664,0.8379621667181256,0.8244225168815499,0.6668554539279069,0.9580380097249876,0.4217887832576917,0.8187208922359559,0.7743750860479226,0.4362492184849196,0.2919197500309933,100000,30,10,0.1,5.0,0.1,0,9,0.001,1e-06,0.001,1e-07,1.0,1e-08,adamax,0,0.0,disordered,1,0.2203164646217254,0 days 04:00:08.186527,0.0007704115582794,2.353614741339126,1.5576065072345877
302,302,302,302,0.3557150206821381,0.3557150206821381,0.3557150206821381,0.3557150206821381,0.3557150206821381,0.3557150206821381,0.3557150206821381,0.3557150206821381,0.3557150206821381,0.3557150206821381,1.0005602217858682,0.3495257079679378,0.1338113296399889,0.1227096811974327,0.6127135323331977,0.3346468543302057,0.5286340440188003,0.3021562799589795,0.3084174419550016,0.1540632501768769,-0.0004965392664526,-0.0005301207898209,544.0,0.0,0.1148970826679349,0.9529001346514946,0.8191868690166361,0.7431019824611016,0.2514756636614588,0.820109396472933,0.1962333892589896,0.6352925218784667,0.162132723682877,0.4527068756174857,100000,30,10,0.1,5.0,0.1,0,9,0.001,1e-06,0.001,1e-07,1.0,1e-08,adamax,0,0.0,disordered,1,0.3502446022813803,0 days 04:00:08.186527,0.0004965690984483,1.387844765092253,1.3438718785880672
303,303,303,303,0.4459627626819087,0.4459627626819087,0.4459627626819087,0.4459627626819087,0.4459627626819087,0.4459627626819087,0.4459627626819087,0.4459627626819087,0.4459627626819087,0.4459627626819087,0.1968753125176533,0.2143002149936461,0.1888294741732908,0.180612294780032,0.4631443085857999,0.6007110960721178,0.2987129107067138,0.2349811172674355,0.399435092955296,1.00065673924328,-0.0004457345571978,-0.0005031932668972,443.0,0.0,0.6110690318720912,0.7191537798294915,0.917432036335271,0.9578338934687016,0.7605457635265853,0.0449673550017765,0.3870494664839662,0.7263565217141167,0.8682551861790878,0.0223754131071074,100000,30,10,0.1,5.0,0.1,0,9,0.001,1e-06,0.001,1e-07,1.0,1e-08,adamax,0,0.0,disordered,1,0.4493855808693409,0 days 04:00:08.186527,0.0004457451859408,1.2126541326621154,1.1391806722709659
304,304,304,304,0.333461801578636,0.333461801578636,0.333461801578636,0.333461801578636,0.333461801578636,0.333461801578636,0.333461801578636,0.333461801578636,0.333461801578636,0.333461801578636,1.000132883752118,0.0665994645359288,0.0784597987611751,0.6509601349285101,0.3792679746410297,0.6906746137203853,0.1887605065845965,0.0782840414845566,0.1087325061829226,0.2521832262802649,-0.0006101714387065,-0.0007373855524117,719.0,0.0,0.3994927855175592,0.9352865305331108,0.9276172420620962,0.8841450737133036,0.1531324043775236,0.3220172421923563,0.9279693195160548,0.9198577998286604,0.963700685907931,0.6999404812707226,100000,30,10,0.1,5.0,0.1,0,9,0.001,1e-06,0.001,1e-07,1.0,1e-08,adamax,0,0.0,disordered,1,0.3288064293238567,0 days 04:00:08.186527,0.0006102235980346,1.2481133009980199,1.2313914110520672
305,305,305,305,0.1925613572129196,0.1925613572129196,0.1925613572129196,0.1925613572129196,0.1925613572129196,0.1925613572129196,0.1925613572129196,0.1925613572129196,0.1925613572129196,0.1925613572129196,3.2658420992598266e-06,3.3705605640357093e-06,7.469288037733106e-06,0.7366303529289392,0.1245791328393522,0.393536213037794,0.2402467954543979,1.105897236908448e-05,8.157567533495983e-06,6.71635351658107e-06,-0.0008236872301384,-0.001184643398383,8710.0,1.0,0.7101077891395438,0.252237697223585,0.7103146712793887,0.2631889416072038,0.8420325931618102,0.6049027256782059,0.2835056803091478,0.1485516451166109,0.1243693386886878,0.1530930556237263,100000,30,10,0.1,5.0,0.1,0,9,0.001,1e-06,0.001,1e-07,1.0,1e-08,adamax,0,0.0,disordered,1,0.1920648882033808,0 days 04:00:08.186527,0.000823688649563,1.7433153691372052,1.5484739289529033
306,306,306,306,0.31260072430687,0.31260072430687,0.31260072430687,0.31260072430687,0.31260072430687,0.31260072430687,0.31260072430687,0.31260072430687,0.31260072430687,0.31260072430687,0.7965863333931037,0.2100801847898395,0.0802063653268317,1.000051172640512,0.1662036877412801,0.0288996814175627,0.4947917532291421,0.030555872850367,0.054390811227486,0.4215281318148333,-0.0005839702572209,-0.0007331635759492,1042.0,0.0,0.9161457305298456,0.3687576859935133,0.5669595468352621,0.1470186596387777,0.8967113091031558,0.992002109452133,0.5147490275156694,0.9499885600368956,0.9701136625145927,0.6756551687211889,100000,30,10,0.1,5.0,0.1,0,9,0.001,1e-06,0.001,1e-07,1.0,1e-08,adamax,0,0.0,disordered,1,0.3110001354463413,0 days 04:00:08.186527,0.0005839751603051,1.7792334851582308,1.3746415568632224
307,307,307,307,0.4047756965997316,0.4047756965997316,0.4047756965997316,0.4047756965997316,0.4047756965997316,0.4047756965997316,0.4047756965997316,0.4047756965997316,0.4047756965997316,0.4047756965997316,0.8623182578816723,0.1255067632693594,1.0001040567173474,0.1066996803127908,0.5657248360957294,0.43596846887418,0.2125532116006121,0.2219762870973331,0.56717138164654,0.2427041057952499,-0.0004658063230028,-0.0004915131697796,631.0,0.0,0.1429325326134809,0.6601249582783056,0.1824297694255304,0.8952110001764462,0.8916417348000365,0.1805464910078101,0.3537231622494197,0.6835251509075145,0.2400849932650752,0.8426929876747188,100000,30,10,0.1,5.0,0.1,0,9,0.001,1e-06,0.001,1e-07,1.0,1e-08,adamax,0,0.0,disordered,1,0.4059279261460411,0 days 04:00:08.186527,0.0004658073700394,1.3423811682874396,1.2819676228638168
308,308,308,308,0.293044697697214,0.293044697697214,0.293044697697214,0.293044697697214,0.293044697697214,0.293044697697214,0.293044697697214,0.293044697697214,0.293044697697214,0.293044697697214,0.1415275300206501,0.0389728615083294,0.3053177915583536,0.048090111115932,0.0460543084802948,0.5566540697762583,0.067843649101149,0.0534936608820985,0.1481227670962559,1.000020987773194,-0.0006357616222732,-0.0007982550139477,952.0,0.0,0.5074519866192873,0.6471583160880261,0.455021552701576,0.8081875903544601,0.7914361578902037,0.8042378766844865,0.3651652718958724,0.3576804118279693,0.2426460584093469,0.8995208590171605,100000,30,10,0.1,5.0,0.1,0,9,0.001,1e-06,0.001,1e-07,1.0,1e-08,adamax,0,0.0,disordered,1,0.2968325996555754,0 days 04:00:08.186527,0.0006358003249936,1.624274634046531,1.2845418819610932
309,309,309,309,0.3557150206821381,0.3557150206821381,0.3557150206821381,0.3557150206821381,0.3557150206821381,0.3557150206821381,0.3557150206821381,0.3557150206821381,0.3557150206821381,0.3557150206821381,0.403213312102213,1.5402815003566512e-05,0.7623482609327195,0.2310293719272182,0.3532745614383689,0.3356186281679062,0.5216648676651118,2.240816199966072e-06,0.5384002881967979,0.2785953943407277,-0.0005278758737915,-0.0005484023445228,100000.0,0.0,0.1174960720252522,0.3553229724357469,0.0340966532694543,0.6558326165671662,0.959704573815436,0.535738467449102,0.0348565498696192,0.3526742600511262,0.6617173734036776,0.1614675232629825,100000,30,10,0.1,5.0,0.1,0,9,0.001,1e-06,0.001,1e-07,1.0,1e-08,adamax,0,0.0,disordered,1,0.3555877994365267,0 days 04:00:08.186527,0.0005278759069838,1.3382725668515352,1.2587727752571418
310,310,310,310,0.293044697697214,0.293044697697214,0.293044697697214,0.293044697697214,0.293044697697214,0.293044697697214,0.293044697697214,0.293044697697214,0.293044697697214,0.293044697697214,0.2296224211349515,0.1148565179446176,0.4135870130418306,0.9321202170464628,1.732475440949091e-05,0.2018965335342749,0.4348775402155909,4.425842947300621e-05,0.2379198602161314,0.1081222735476704,-0.0006476106549803,-0.0007546854041109,8232.0,1.0,0.5197121735457872,0.3376557883933568,0.0449962796988543,0.7832399072954109,0.2899752495294391,0.1812937250664439,0.6574280714254463,0.4400644591684004,0.3245048187798456,0.1028207830295079,100000,30,10,0.1,5.0,0.1,0,9,0.001,1e-06,0.001,1e-07,1.0,1e-08,adamax,0,0.0,disordered,1,0.2918701052212789,0 days 04:00:08.186527,0.0006476144061594,1.6116471294643908,1.4097864962436253
311,311,311,311,0.3557150206821381,0.3557150206821381,0.3557150206821381,0.3557150206821381,0.3557150206821381,0.3557150206821381,0.3557150206821381,0.3557150206821381,0.3557150206821381,0.3557150206821381,0.7770056549097535,0.0475368566931837,0.0719484940617137,0.0574412040941946,0.2330152163375039,0.1585136712866322,0.0479287506132547,0.7475925706856198,0.1408925229404884,1.000167860362844,-0.0004854564466737,-0.0005856155997985,881.0,0.0,0.9876947376557084,0.5933871710951234,0.443296832092249,0.5868687191075178,0.453314804225376,0.7892678009461863,0.866126467625619,0.302125317801908,0.9306283022390598,0.2952319883410219,100000,30,10,0.1,5.0,0.1,0,9,0.001,1e-06,0.001,1e-07,1.0,1e-08,adamax,0,0.0,disordered,1,0.3582213455415465,0 days 04:00:08.186527,0.0004854621582471,1.6475715437224236,1.294211982124673
312,312,312,312,0.367392478180207,0.367392478180207,0.367392478180207,0.367392478180207,0.367392478180207,0.367392478180207,0.367392478180207,0.367392478180207,0.367392478180207,0.367392478180207,0.1296531803629225,0.1217746976723349,0.0543369755645583,0.7365487535802827,0.0164629872372746,1.0000156676878242,0.2238588375292724,0.219971080321817,0.0457614106941033,0.017619942414153,-0.000537709407953,-0.0006926864998879,1845.0,0.0,0.6361245354362794,0.9431710141917132,0.6975722156267917,0.0537800377932241,0.6217509280759834,0.8560950824105203,0.0525816180445954,0.2007623652999489,0.4101034939445396,0.3895477103995718,100000,30,10,0.1,5.0,0.1,0,9,0.001,1e-06,0.001,1e-07,1.0,1e-08,adamax,0,0.0,disordered,1,0.3617296445232772,0 days 04:00:08.186527,0.0005377580496567,1.6544563395154142,1.29096703224437
313,313,313,313,0.2121550171362449,0.2121550171362449,0.2121550171362449,0.2121550171362449,0.2121550171362449,0.2121550171362449,0.2121550171362449,0.2121550171362449,0.2121550171362449,0.2121550171362449,1.001287286449131,0.3645054043439446,0.5935447894470491,0.0844937255800557,0.6387392714295541,0.0431570501435969,0.062042401908421,0.0610948422628616,0.0546252862778669,0.0429018168586622,-0.0007698927331884,-0.0010799969171094,708.0,0.0,0.980737881660108,0.0858394690487681,0.1769934947805196,0.6332099416373053,0.1122251248701656,0.6176041322847631,0.631009444277022,0.5521792449310217,0.4219330543777089,0.4688673168649789,100000,30,10,0.1,5.0,0.1,0,9,0.001,1e-06,0.001,1e-07,1.0,1e-08,adamax,0,0.0,disordered,1,0.2112148715576279,0 days 04:00:08.186527,0.0007698966712082,1.7942112705451279,1.4817610079939312
314,314,314,314,0.1306870229743345,0.1306870229743345,0.1306870229743345,0.1306870229743345,0.1306870229743345,0.1306870229743345,0.1306870229743345,0.1306870229743345,0.1306870229743345,0.1306870229743345,0.121548259303384,0.0305930623452507,1.1126953919682513e-05,1.05057873879563e-05,0.4710587423778795,0.0320110541322358,5.608854330487375e-06,4.963102866248432e-06,0.0378687706243821,0.3895055604410115,-0.0011867883746816,-0.0015609610620803,8923.0,1.0,0.3703050703474619,0.3874850378822095,0.3479789844396158,0.3059189782878799,0.1724539557475153,0.5622395210157518,0.6064673032975222,0.5450361405853635,0.5080541627904619,0.8109065812067465,100000,30,10,0.1,5.0,0.1,0,9,0.001,1e-06,0.001,1e-07,1.0,1e-08,adamax,0,0.0,disordered,1,0.1286751741968443,0 days 04:00:08.186527,0.0011868597412473,2.536788439885093,1.7588023491169784
315,315,315,315,0.2337423870891812,0.2337423870891812,0.2337423870891812,0.2337423870891812,0.2337423870891812,0.2337423870891812,0.2337423870891812,0.2337423870891812,0.2337423870891812,0.2337423870891812,1.0000006903914704,0.6304941951251913,0.0588732623221867,0.0331638453853703,0.3593646857186412,0.2334186038093646,0.0103075193581966,0.1079873621110419,0.0105853860741972,0.482293129900715,-0.0006898614211771,-0.0008682560909677,1355.0,0.0,0.912984780874328,0.0623940902494647,0.4053585835436714,0.4702342654072243,0.0989895256344383,0.3329422678595225,0.4177399825672238,0.0405421071775401,0.432598683845726,0.1019778423785265,100000,30,10,0.1,5.0,0.1,0,9,0.001,1e-06,0.001,1e-07,1.0,1e-08,adamax,0,0.0,disordered,1,0.2345654870232643,0 days 04:00:08.186527,0.0006898635964034,1.9418942533698818,1.4760685584326356
316,316,316,316,0.3026648059395688,0.3026648059395688,0.3026648059395688,0.3026648059395688,0.3026648059395688,0.3026648059395688,0.3026648059395688,0.3026648059395688,0.3026648059395688,0.3026648059395688,0.295239458255511,0.1437724585394998,1.1274555137447572e-06,0.0720169611571995,0.5135986898631327,0.4572163421093032,0.0683065974337736,0.8088766409066138,0.0998675543655433,2.2170644605185066e-07,-0.0005728862182119,-0.0006516445272247,100000.0,0.0,0.405697268029329,0.1989959852407393,0.1017426369298778,0.0641453256310438,0.5146914993733146,0.0029436462960327,0.3972314453993447,0.0603402546880796,0.6885300860953525,0.6492587923306573,100000,30,10,0.1,5.0,0.1,0,9,0.001,1e-06,0.001,1e-07,1.0,1e-08,adamax,0,0.0,disordered,1,0.3063775659155096,0 days 04:00:08.186527,0.0005729101868578,1.4641509667118027,1.4037969828279468
317,317,317,317,0.333461801578636,0.333461801578636,0.333461801578636,0.333461801578636,0.333461801578636,0.333461801578636,0.333461801578636,0.333461801578636,0.333461801578636,0.333461801578636,0.0006780391407638,0.4922963053845436,0.1208248951710436,0.9629764184318405,0.0012471999389356,0.1523069092680766,0.2148790591153519,0.3589063872541624,0.5440528208307385,0.0001625063617074,-0.0005292559340082,-0.0005907950417187,7190.0,1.0,0.1534919754584059,0.3637796473777184,0.7238740754382852,0.1280319556986398,0.8128231648965567,0.661485263191831,0.9413380476842622,0.6018492981573823,0.0445902509263321,0.409124444921672,100000,30,10,0.1,5.0,0.1,0,9,0.001,1e-06,0.001,1e-07,1.0,1e-08,adamax,0,0.0,disordered,1,0.336162769105936,0 days 04:00:08.186527,0.000529265431629,1.5917752414791009,1.3464092470383733
318,318,318,318,0.3026648059395688,0.3026648059395688,0.3026648059395688,0.3026648059395688,0.3026648059395688,0.3026648059395688,0.3026648059395688,0.3026648059395688,0.3026648059395688,0.3026648059395688,0.2683440130947906,0.1652787534505348,0.0005704591762512,0.5654527439862774,0.0265853112315817,0.6838227658468583,0.0997675400526615,0.5960543815369219,0.0998462412005365,0.4612514552867378,-0.0005520044107265,-0.0005859103291739,6944.0,1.0,0.6886117898087819,0.4691657950373045,0.3717486040287852,0.2505924859984356,0.6898879593102651,0.1555881240222396,0.7635421211835335,0.280977482261397,0.577472027191234,0.9217754151351226,100000,30,10,0.1,5.0,0.1,0,9,0.001,1e-06,0.001,1e-07,1.0,1e-08,adamax,0,0.0,disordered,1,0.3011935293145007,0 days 04:00:08.186527,0.0005520071910364,1.6140439353662739,1.42474391623821
319,319,319,319,0.2747120789270809,0.2747120789270809,0.2747120789270809,0.2747120789270809,0.2747120789270809,0.2747120789270809,0.2747120789270809,0.2747120789270809,0.2747120789270809,0.2747120789270809,6.930231170314369e-05,0.6418270642945573,0.6403031443205448,0.2166010005634379,0.0916893014892929,0.7319697628716482,7.910082127590148e-06,4.749733407559877e-05,0.2268203690084749,6.945875906196996e-06,-0.0006223407489971,-0.0007937960481472,8263.0,1.0,0.5931649067290381,0.8689594774816964,0.0893756936925884,0.5103121192969601,0.6543576980211803,0.162342821302332,0.6961494560836059,0.6592202247176523,0.4589126607363889,0.7942115492192897,100000,30,10,0.1,5.0,0.1,0,9,0.001,1e-06,0.001,1e-07,1.0,1e-08,adamax,0,0.0,disordered,1,0.2751589240411999,0 days 04:00:08.186527,0.0006223411058717,1.9825462418415298,1.4762150427172958
320,320,320,320,0.3444087275973818,0.3444087275973818,0.3444087275973818,0.3444087275973818,0.3444087275973818,0.3444087275973818,0.3444087275973818,0.3444087275973818,0.3444087275973818,0.3444087275973818,0.8511240625473893,1.0002743816493442,0.4414261316130284,0.9431352325696386,0.0755275549322099,0.7689591065822483,0.0789736758682886,0.1064191856743676,0.117204164839442,0.0898567055831611,-0.0005355518986325,-0.0006494777828397,818.0,0.0,0.003199537400046,0.928440515213488,0.0909687337918507,0.7702590598396649,0.1562516212076992,0.0117843303477425,0.5972891241600773,0.5491985308302156,0.7439735337545018,0.8615405609098814,100000,30,10,0.1,5.0,0.1,0,9,0.001,1e-06,0.001,1e-07,1.0,1e-08,adamax,0,0.0,disordered,1,0.3469953107943098,0 days 04:00:08.186527,0.0005355614658705,1.2990519226519919,1.3220728229445464
321,321,321,321,0.2837303616516209,0.2837303616516209,0.2837303616516209,0.2837303616516209,0.2837303616516209,0.2837303616516209,0.2837303616516209,0.2837303616516209,0.2837303616516209,0.2837303616516209,0.2210280983952841,2.4127805657019703e-05,1.1405479870405107e-05,0.3863986545182927,7.387330736264962e-06,6.75454762038228e-06,0.7618708198446448,0.5467577225825112,0.0641065086386692,5.51276682778481e-05,-0.0005797141495995,-0.0006989150444315,7646.0,1.0,0.466055318132979,0.5253179180471028,0.5880511155909521,0.3335472471302999,0.801002658949726,0.7628449507003233,0.1587745769035796,0.6905607541838444,0.214488915647371,0.2841481238480106,100000,30,10,0.1,5.0,0.1,0,9,0.001,1e-06,0.001,1e-07,1.0,1e-08,adamax,0,0.0,disordered,1,0.2802124740200474,0 days 04:00:08.186527,0.0005797321209969,2.0241104583910197,1.449813940560112
322,322,322,322,0.293044697697214,0.293044697697214,0.293044697697214,0.293044697697214,0.293044697697214,0.293044697697214,0.293044697697214,0.293044697697214,0.293044697697214,0.293044697697214,3.892465126717799e-05,0.0001163445535319,0.2949655090832546,0.0321501241059339,0.8726530854957284,3.189128282338849e-05,4.906689974047987e-05,0.1695303665040676,0.4122735214171668,0.1724409603158554,-0.0006217939019524,-0.000725789997467,7894.0,1.0,0.5742770187319882,0.4401600788869554,0.5778950390465654,0.236398247019809,0.7584946624080231,0.111493950200568,0.0077208357189407,0.2060136306400274,0.5028011774622677,0.8506888888481461,100000,30,10,0.1,5.0,0.1,0,9,0.001,1e-06,0.001,1e-07,1.0,1e-08,adamax,0,0.0,disordered,1,0.2944624769297569,0 days 04:00:08.186527,0.0006217983442598,1.7490920572941728,1.3596211865607135
323,323,323,323,0.3919100249433399,0.3919100249433399,0.3919100249433399,0.3919100249433399,0.3919100249433399,0.3919100249433399,0.3919100249433399,0.3919100249433399,0.3919100249433399,0.3919100249433399,0.0760109042592642,1.0002030452592543,0.4283553587249213,0.5044431614219406,0.1409958892372491,0.0933368646220927,0.0909712949458325,0.0655623032693289,0.924724993482548,0.1412320330819433,-0.0004939454477354,-0.0005956064786486,805.0,0.0,0.3398424630844097,0.087495067664021,0.986555766192252,0.6824529508865177,0.2830754285024608,0.2278360249827873,0.15003468148599,0.1115562661543454,0.7189710713814235,0.1157080665018861,100000,30,10,0.1,5.0,0.1,0,9,0.001,1e-06,0.001,1e-07,1.0,1e-08,adamax,0,0.0,disordered,1,0.3951179595286954,0 days 04:00:08.186527,0.0004939575212296,1.3062906249776967,1.2105119869432144
324,324,324,324,0.4317879727332017,0.4317879727332017,0.4317879727332017,0.4317879727332017,0.4317879727332017,0.4317879727332017,0.4317879727332017,0.4317879727332017,0.4317879727332017,0.4317879727332017,0.0345465765256549,0.0718754193806778,0.0663371462682836,0.3501708031014336,0.0924151257850947,1.0001792056577936,0.2192679280038458,0.6567808145304905,0.3279960222552436,0.0628875814471679,-0.0004817583290288,-0.0005451370879615,1232.0,0.0,0.6796046309791528,0.4021280479214877,0.6274781731105906,0.3678044345162742,0.1170373989192457,0.000376779543783,0.8341296812024206,0.8267187926265982,0.1301655596521703,0.2752386539913387,100000,30,10,0.1,5.0,0.1,0,9,0.001,1e-06,0.001,1e-07,1.0,1e-08,adamax,0,0.0,disordered,1,0.4270392335190392,0 days 04:00:08.186527,0.0004817852217659,1.409111807295189,1.201148363457124
325,325,325,325,0.4317879727332017,0.4317879727332017,0.4317879727332017,0.4317879727332017,0.4317879727332017,0.4317879727332017,0.4317879727332017,0.4317879727332017,0.4317879727332017,0.4317879727332017,0.062708999063901,0.8708458836538209,0.0001721547403185,0.8125287405740275,0.0002146624303831,0.3222669213425903,0.6853136437198315,0.0001548081472441,0.7801400787054938,0.2753272718817074,-0.0004557398142701,-0.0004891433821361,7535.0,1.0,0.4554080665337299,0.9368295464244326,0.3671016505099553,0.5580898519135339,0.0081104213914865,0.059323985739747,0.7380031155235911,0.5128959699620482,0.0656368162927402,0.7228404773351511,100000,30,10,0.1,5.0,0.1,0,9,0.001,1e-06,0.001,1e-07,1.0,1e-08,adamax,0,0.0,disordered,1,0.4279879572324818,0 days 04:00:08.186527,0.0004557531015785,1.3736020629452526,1.2569490603711015
326,326,326,326,0.367392478180207,0.367392478180207,0.367392478180207,0.367392478180207,0.367392478180207,0.367392478180207,0.367392478180207,0.367392478180207,0.367392478180207,0.367392478180207,1.0009047760405327,0.1962867640785492,0.1455612260161322,0.4427952539726697,0.6990700391927037,0.2257422251392099,0.1882444706694721,0.5529060560058469,0.2491756550302612,0.1595251934328846,-0.0005346859926831,-0.0005880862712399,458.0,0.0,0.2031364422457312,0.9018707614095632,0.9880407081382132,0.9495948935198784,0.1822195100280351,0.5922797865020526,0.8776231876952161,0.6254736900968225,0.0675890759560324,0.2609365052536748,100000,30,10,0.1,5.0,0.1,0,9,0.001,1e-06,0.001,1e-07,1.0,1e-08,adamax,0,0.0,disordered,1,0.3685561432628748,0 days 04:00:08.186527,0.0005346877955407,1.260705231609093,1.22550989452574
327,327,327,327,0.1988827856988807,0.1988827856988807,0.1988827856988807,0.1988827856988807,0.1988827856988807,0.1988827856988807,0.1988827856988807,0.1988827856988807,0.1988827856988807,0.1988827856988807,0.594715812811978,3.6500456495527386e-05,0.2599278679847198,0.4644041045211768,9.77180890188469e-06,0.6192200024370371,2.114078554356998e-05,8.325703635499866e-06,1.966729866729537e-05,2.3877015561198973e-06,-0.0009090577099662,-0.0011803873094851,8773.0,1.0,0.6708651192175487,0.3798904811545951,0.1634515878754359,0.5655292443318688,0.85335672271599,0.6804172173888218,0.2640058517854265,0.1926680205666354,0.1105012592568686,0.2748170304402223,100000,30,10,0.1,5.0,0.1,0,9,0.001,1e-06,0.001,1e-07,1.0,1e-08,adamax,0,0.0,disordered,1,0.1994522416670505,0 days 04:00:08.186527,0.0009090599600971,1.4942753577673804,1.3870927646258093
328,328,328,328,0.4180637241455752,0.4180637241455752,0.4180637241455752,0.4180637241455752,0.4180637241455752,0.4180637241455752,0.4180637241455752,0.4180637241455752,0.4180637241455752,0.4180637241455752,0.4230746856597459,0.2007655123632088,0.7556644801379064,0.1711403016226891,0.1897814314278197,0.7386918938754957,0.0001883496712612,0.5550959006971853,0.6061965249872441,0.0001276089040453,-0.0004674956332612,-0.0005118409433715,7585.0,1.0,0.5913625496602415,0.91081656207632,0.2686666960800681,0.7470281040025918,0.9496229651228262,0.366193797425507,0.7740885276701231,0.9923599348274472,0.2437272388690028,0.5477974900858349,100000,30,10,0.1,5.0,0.1,0,9,0.001,1e-06,0.001,1e-07,1.0,1e-08,adamax,0,0.0,disordered,1,0.4188444357798024,0 days 04:00:08.186527,0.0004674963573783,1.5534314630465622,1.2923446200947821
329,329,329,329,0.2414157116103016,0.2414157116103016,0.2414157116103016,0.2414157116103016,0.2414157116103016,0.2414157116103016,0.2414157116103016,0.2414157116103016,0.2414157116103016,0.2414157116103016,1.000220161136082,0.239572872018234,0.488954284354048,0.3552430629030739,0.0547312940883664,0.1696814266426811,0.0510729948291288,0.3504717275112796,0.0742270128791052,0.0800264031492666,-0.000741471898175,-0.0008640580714271,743.0,0.0,0.8752149682278184,0.1381448700139681,0.0758133040206286,0.6383266683789438,0.5939891525517612,0.906578298165276,0.6582655442898885,0.9069714689574804,0.5221224745190275,0.6262047940451518,100000,30,10,0.1,5.0,0.1,0,9,0.001,1e-06,0.001,1e-07,1.0,1e-08,adamax,0,0.0,disordered,1,0.2391095127895023,0 days 04:00:08.186527,0.0007414938299788,1.6738274853250135,1.4424328973778184
330,330,330,330,0.2659804395593755,0.2659804395593755,0.2659804395593755,0.2659804395593755,0.2659804395593755,0.2659804395593755,0.2659804395593755,0.2659804395593755,0.2659804395593755,0.2659804395593755,0.7848817931471739,2.9780966845960128e-05,2.692375521831269e-05,0.7656633413123839,0.1882865327255601,0.3074841940526809,7.484176425490807e-06,0.3759628390124794,6.559492457217839e-06,1.2089789893107478e-05,-0.0006390198855635,-0.0007693874342691,7842.0,1.0,0.8232969732668901,0.41251262654796,0.4059475931685383,0.6991843329844618,0.0604267320994861,0.4620132350119723,0.1492970839202239,0.4656815048165154,0.0134670191414556,0.0510183970435795,100000,30,10,0.1,5.0,0.1,0,9,0.001,1e-06,0.001,1e-07,1.0,1e-08,adamax,0,0.0,disordered,1,0.2621449921122917,0 days 04:00:08.186527,0.0006390537559346,1.7865654238863327,1.4996117029101397
331,331,331,331,0.5241298302206053,0.5241298302206053,0.5241298302206053,0.5241298302206053,0.5241298302206053,0.5241298302206053,0.5241298302206053,0.5241298302206053,0.5241298302206053,0.5241298302206053,0.2385730153659582,0.3274362896965526,0.2748611422036373,0.2503867161247834,0.277745536648423,0.4243667991095547,0.8707377977597126,1.0004859741268866,0.2934880360169197,0.2456400026186873,-0.0003688308193819,-0.0004197515791014,344.0,0.0,0.536388393982969,0.3053922393281979,0.7055390682618229,0.5592864882279562,0.4859573174525038,0.8583701433323171,0.0493544167889244,0.9358299068925108,0.0845266536600494,0.0482046549366537,100000,30,10,0.1,5.0,0.1,0,9,0.001,1e-06,0.001,1e-07,1.0,1e-08,adamax,0,0.0,disordered,1,0.5271273097854222,0 days 04:00:08.186527,0.0003688350570792,1.2915835440200254,1.2292713476766273
332,332,332,332,0.2659804395593755,0.2659804395593755,0.2659804395593755,0.2659804395593755,0.2659804395593755,0.2659804395593755,0.2659804395593755,0.2659804395593755,0.2659804395593755,0.2659804395593755,1.0001383128582373,0.5142809302163845,0.0257851772315893,0.03514184858895,0.1420084943619013,0.0463972740923695,0.6029681584617245,0.0601290669867925,0.3049033023240552,0.2283930375180695,-0.000684304250852,-0.0007667794601385,1064.0,0.0,0.9617674286956964,0.1621724884477942,0.4620096227027535,0.3644529130106786,0.2686226111982106,0.5124319655104431,0.8812699945491104,0.42431576173784,0.6297212890351969,0.955393581696408,100000,30,10,0.1,5.0,0.1,0,9,0.001,1e-06,0.001,1e-07,1.0,1e-08,adamax,0,0.0,disordered,1,0.2675907486857972,0 days 04:00:08.186527,0.0006843129420931,1.7904249172326951,1.37153879200056
333,333,333,333,0.3557150206821381,0.3557150206821381,0.3557150206821381,0.3557150206821381,0.3557150206821381,0.3557150206821381,0.3557150206821381,0.3557150206821381,0.3557150206821381,0.3557150206821381,1.7632716792482293e-05,2.270068703719041e-05,0.2659897861235575,0.1434243045013906,0.9437044430416268,1.4369716678744448e-06,9.023955398198614e-06,2.795273770301066e-06,0.7598390446602513,2.042873032985002e-05,-0.0004953776653531,-0.0006049855202722,10646.0,1.0,0.4497042469890406,0.3253482505283921,0.4834897400149365,0.7968491988537617,0.688499924628667,0.962975038762871,0.3381166078949847,0.9361866226501284,0.3806661149355925,0.0147097345575248,100000,30,10,0.1,5.0,0.1,0,9,0.001,1e-06,0.001,1e-07,1.0,1e-08,adamax,0,0.0,disordered,1,0.3599508955420832,0 days 04:00:08.186527,0.0004953957392012,1.7537241274644415,1.3094813003291823
334,334,334,334,0.2493409369951876,0.2493409369951876,0.2493409369951876,0.2493409369951876,0.2493409369951876,0.2493409369951876,0.2493409369951876,0.2493409369951876,0.2493409369951876,0.2493409369951876,0.3759039425067103,3.4120031330002525e-07,0.7940188734308123,0.1334591686931497,9.999651450620874e-08,0.3075881621047327,1.3918155109387546e-07,0.5731115302457915,0.1465329134173419,1.5998296668280812e-06,-0.0005803057803159,-0.0007398581622948,36581.0,0.0,0.6443951805948647,0.938062625049344,0.2385204668525549,0.8990764351902748,0.840875708159621,0.3190561714951616,0.7838023570358867,0.3253127770916976,0.626623777840479,0.4999209781917535,100000,30,10,0.1,5.0,0.1,0,9,0.001,1e-06,0.001,1e-07,1.0,1e-08,adamax,0,0.0,disordered,1,0.2484904975177558,0 days 04:00:08.186527,0.0005803066805152,2.11139903048599,1.5692425001882377
335,335,335,335,0.4180637241455752,0.4180637241455752,0.4180637241455752,0.4180637241455752,0.4180637241455752,0.4180637241455752,0.4180637241455752,0.4180637241455752,0.4180637241455752,0.4180637241455752,0.2818994301968006,0.1236417011911598,0.1213897755356536,0.4666819677673184,1.0001056949366225,0.0945061789531872,0.0953988813898875,0.9474247234047498,0.0922617408163419,0.1080561837018993,-0.0004657960804942,-0.0005653585104429,676.0,0.0,0.2070485590793764,0.4298706776741199,0.4008442530521944,0.0793860875522738,0.8789597959373368,0.2957190579773816,0.3222527406874543,0.9537524218897822,0.3975478202448212,0.3956564716829931,100000,30,10,0.1,5.0,0.1,0,9,0.001,1e-06,0.001,1e-07,1.0,1e-08,adamax,0,0.0,disordered,1,0.424503843842907,0 days 04:00:08.186527,0.0004658381049543,1.496133391250123,1.284084051119899
336,336,336,336,0.3794532847236935,0.3794532847236935,0.3794532847236935,0.3794532847236935,0.3794532847236935,0.3794532847236935,0.3794532847236935,0.3794532847236935,0.3794532847236935,0.3794532847236935,0.0001334787373571,0.6451592326568322,0.4357881440837625,0.3412608750103303,6.452188886693558e-05,4.856013938357443e-05,0.0427510665398654,0.9595618111433636,1.6108341802735884e-05,0.7581674670439418,-0.0005080870283508,-0.0005984776655397,8053.0,1.0,0.8413761009090188,0.3454709765613912,0.9530615138690972,0.4760561414970066,0.3783757029324619,0.3186624913919835,0.3102674809617397,0.9748663157172384,0.4875944898956392,0.0671753223090636,100000,30,10,0.1,5.0,0.1,0,9,0.001,1e-06,0.001,1e-07,1.0,1e-08,adamax,0,0.0,disordered,1,0.3819621531245278,0 days 04:00:08.186527,0.0005080956479297,1.7062359445481206,1.2717971253821194
337,337,337,337,0.4317879727332017,0.4317879727332017,0.4317879727332017,0.4317879727332017,0.4317879727332017,0.4317879727332017,0.4317879727332017,0.4317879727332017,0.4317879727332017,0.4317879727332017,1.0007213718085428,0.1859467085716918,0.1954393861273569,0.6878496665940557,0.5471286314318148,0.6448173648919916,0.2024414792601295,0.1898122825010365,0.1858616485398083,0.9388989599661904,-0.0004660919880393,-0.0005303338696922,381.0,0.0,0.0778844286610215,0.7790505099511216,0.8987728495583549,0.9598272398828156,0.0721938513714257,0.2522187367307998,0.8293373270005031,0.823164068875351,0.8241548544641216,0.1721168926794182,100000,30,10,0.1,5.0,0.1,0,9,0.001,1e-06,0.001,1e-07,1.0,1e-08,adamax,0,0.0,disordered,1,0.4370686180715936,0 days 04:00:08.186527,0.0004661221946942,1.1546578547817374,1.1531436999255162
338,338,338,338,0.4317879727332017,0.4317879727332017,0.4317879727332017,0.4317879727332017,0.4317879727332017,0.4317879727332017,0.4317879727332017,0.4317879727332017,0.4317879727332017,0.4317879727332017,0.1865578171303727,0.1887071394645061,0.32117679325108,0.2663869684039393,0.1873852916941251,0.5418189040690019,0.2480854599056167,1.000224111047436,0.2443747941521389,0.2049679254465787,-0.0004182021003032,-0.0004777999872995,394.0,0.0,0.7631539558192966,0.7399952386736539,0.9041605805372264,0.4458217289327378,0.6489780362632892,0.2013475648270648,0.7443756164173957,0.0167396116284476,0.8573268392282832,0.6734087743835281,100000,30,10,0.1,5.0,0.1,0,9,0.001,1e-06,0.001,1e-07,1.0,1e-08,adamax,0,0.0,disordered,1,0.4325669579015164,0 days 04:00:08.186527,0.0004182026766968,1.4750803457880253,1.305569265495673
339,339,339,339,0.3026648059395688,0.3026648059395688,0.3026648059395688,0.3026648059395688,0.3026648059395688,0.3026648059395688,0.3026648059395688,0.3026648059395688,0.3026648059395688,0.3026648059395688,1.956906383559521e-05,4.733925878974568e-05,0.2900632011985741,0.3268621988336478,0.0001295881304491,0.0461477381016648,0.6178020582244843,0.0001121876773523,0.2871143688816548,0.7471266568863522,-0.0006333751631819,-0.0007190976169943,7884.0,1.0,0.3139616014133347,0.1998689778605668,0.471898848207234,0.7414945241972167,0.9277437549735172,0.963848396707712,0.5405515801005358,0.2976589969561701,0.1245227184671975,0.72797693986176,100000,30,10,0.1,5.0,0.1,0,9,0.001,1e-06,0.001,1e-07,1.0,1e-08,adamax,0,0.0,disordered,1,0.3020998412596368,0 days 04:00:08.186527,0.0006333762976362,1.265782706587748,1.1902491583910593
340,340,340,340,0.2659804395593755,0.2659804395593755,0.2659804395593755,0.2659804395593755,0.2659804395593755,0.2659804395593755,0.2659804395593755,0.2659804395593755,0.2659804395593755,0.2659804395593755,1.2867247978848151e-05,0.2902224184815146,0.0484884882565584,0.0325431775558348,0.8119242365554846,0.2384863116814327,1.0200607088108068e-05,0.0657003718425688,0.1519298238246116,5.611490898544933e-06,-0.0006903503153586,-0.0009285719315231,8348.0,1.0,0.5957422688107399,0.2192458298268514,0.5352710382292845,0.3931430894054757,0.7941214516773568,0.0841189025502868,0.1914200849215601,0.1801497461003895,0.4802422845777224,0.3288859583636561,100000,30,10,0.1,5.0,0.1,0,9,0.001,1e-06,0.001,1e-07,1.0,1e-08,adamax,0,0.0,disordered,1,0.2667188730558547,0 days 04:00:08.186527,0.0006903520688438,1.8786547306617738,1.4304769096535395
341,341,341,341,0.1638433645577982,0.1638433645577982,0.1638433645577982,0.1638433645577982,0.1638433645577982,0.1638433645577982,0.1638433645577982,0.1638433645577982,0.1638433645577982,0.1638433645577982,1.000151372095409,0.00123256890152,0.0788916217798406,0.0112319447348361,0.0207243661260901,0.5112350895136535,0.2561228052459461,0.0037905534687939,0.0033637120865945,0.1464108882444929,-0.0009675359957826,-0.0011319072730326,3084.0,0.0,0.5925849107716346,0.4858081534111649,0.341949798637866,0.685005136474023,0.5729194668151868,0.125136999131761,0.3767293310563495,0.6051134651189777,0.6221831305477327,0.4595955942335518,100000,30,10,0.1,5.0,0.1,0,9,0.001,1e-06,0.001,1e-07,1.0,1e-08,adamax,0,0.0,disordered,1,0.1653926240530916,0 days 04:00:08.186527,0.0009675579668332,2.3515979745899043,1.7501190514175915
342,342,342,342,0.4459627626819087,0.4459627626819087,0.4459627626819087,0.4459627626819087,0.4459627626819087,0.4459627626819087,0.4459627626819087,0.4459627626819087,0.4459627626819087,0.4459627626819087,0.9208660061594908,0.3502386422611164,0.1222914103783237,0.0838736900838603,1.0001352104122472,0.2281768968342724,0.0534568970308667,0.9758500335483028,0.0615442999543825,0.0992040702880239,-0.0004564112028414,-0.0005503518239999,946.0,0.0,0.1865238175866085,0.8296427029360385,0.5272770425417767,0.6399471536026177,0.8653670293579092,0.0459198818955655,0.1203484935363097,0.7305334372171325,0.1022538031015628,0.0052975996247555,100000,30,10,0.1,5.0,0.1,0,9,0.001,1e-06,0.001,1e-07,1.0,1e-08,adamax,0,0.0,disordered,1,0.4412073010947297,0 days 04:00:08.186527,0.000456432386564,1.404304609797524,1.2324676900898024
343,343,343,343,0.5074705239490462,0.5074705239490462,0.5074705239490462,0.5074705239490462,0.5074705239490462,0.5074705239490462,0.5074705239490462,0.5074705239490462,0.5074705239490462,0.5074705239490462,0.5102292905590514,1.000095056360006,0.2545754749724993,0.4337617186679408,0.3754483221463152,0.2694742185382964,0.9091222093242204,0.3692312352537168,0.2530338090337707,0.8403444845086402,-0.0003934243779642,-0.0004267126370749,305.0,0.0,0.9776680483870748,0.0467950489014082,0.8606952505477922,0.9805012086622972,0.390219118228752,0.6208502393227161,0.1135888671832358,0.9967570285640566,0.8946976850395578,0.2920623406908523,100000,30,10,0.1,5.0,0.1,0,9,0.001,1e-06,0.001,1e-07,1.0,1e-08,adamax,0,0.0,disordered,1,0.5064703965924116,0 days 04:00:08.186527,0.0003934250963382,1.2872470401465654,1.224199825233572
344,344,344,344,0.3557150206821381,0.3557150206821381,0.3557150206821381,0.3557150206821381,0.3557150206821381,0.3557150206821381,0.3557150206821381,0.3557150206821381,0.3557150206821381,0.3557150206821381,0.929728767488189,0.3509004401652022,0.2305307942255299,1.0012617327267157,0.1329439464224131,0.6031744836101335,0.3125607892439389,0.1229519315910782,0.1248614203239368,0.1256944238632508,-0.000537909665847,-0.0006930460153859,471.0,0.0,0.074361974239148,0.7758735334793581,0.9995157093143716,0.1475928570374415,0.8940571106055746,0.8619071253771695,0.2111454491560384,0.183197555349947,0.2008423733888371,0.280720978231278,100000,30,10,0.1,5.0,0.1,0,9,0.001,1e-06,0.001,1e-07,1.0,1e-08,adamax,0,0.0,disordered,1,0.3519103859435328,0 days 04:00:08.186527,0.0005379312968663,1.3172537577253018,1.2951148815516083
345,345,345,345,0.4459627626819087,0.4459627626819087,0.4459627626819087,0.4459627626819087,0.4459627626819087,0.4459627626819087,0.4459627626819087,0.4459627626819087,0.4459627626819087,0.4459627626819087,0.1124222445932448,0.1153560240480875,0.1980502023611898,0.139699101421798,0.0931874679535336,0.7652127339729554,0.6245060589637433,1.0000037296136304,0.0751255148298394,0.0888617569721931,-0.0004221071604324,-0.0004951835208302,869.0,0.0,0.4207873327317154,0.2076104016602467,0.320871791851617,0.5734472061777176,0.5969854144693492,0.9993144961112466,0.1525514997679254,0.8968171322269103,0.2423065908823569,0.2065151825309021,100000,30,10,0.1,5.0,0.1,0,9,0.001,1e-06,0.001,1e-07,1.0,1e-08,adamax,0,0.0,disordered,1,0.4458600268323846,0 days 04:00:08.186527,0.0004221071804812,1.3791033366393368,1.2552388781494956
346,346,346,346,0.1586356533508588,0.1586356533508588,0.1586356533508588,0.1586356533508588,0.1586356533508588,0.1586356533508588,0.1586356533508588,0.1586356533508588,0.1586356533508588,0.1586356533508588,0.4112460529037738,0.1392570291765085,1.0789541851633402e-06,3.323436028295614e-07,9.999857459440037e-08,0.4653519820415014,0.1007175897626431,8.57556531859105e-07,0.0187157081731138,1.1888845270118949e-07,-0.0010907819557289,-0.0014609686777624,27455.0,0.0,0.8860119661176991,0.572004962279185,0.6969367373958665,0.897523977584852,0.7649799658359385,0.754446323966763,0.3374111219513116,0.3178896984180053,0.501173647461315,0.3879353284662319,100000,30,10,0.1,5.0,0.1,0,9,0.001,1e-06,0.001,1e-07,1.0,1e-08,adamax,0,0.0,disordered,1,0.1563046493084967,0 days 04:00:08.186527,0.0010908591348522,1.8474561575227817,1.6176602489144047
347,347,347,347,0.1988827856988807,0.1988827856988807,0.1988827856988807,0.1988827856988807,0.1988827856988807,0.1988827856988807,0.1988827856988807,0.1988827856988807,0.1988827856988807,0.1988827856988807,1.000015291128921,0.0863266545022407,0.0098302088524555,0.1543790019223068,0.1233237755963673,0.1762818743124193,0.0205198204986963,0.2933118737788383,0.2593196165939949,0.0118994938132189,-0.0009168141075137,-0.001074058080156,1881.0,0.0,0.1913509870179872,0.7306430733101946,0.7741768460150538,0.9139358213333044,0.6522178256772622,0.5133894875953481,0.3589098389931033,0.4025354437248277,0.8227530542123174,0.7333263922965245,100000,30,10,0.1,5.0,0.1,0,9,0.001,1e-06,0.001,1e-07,1.0,1e-08,adamax,0,0.0,disordered,1,0.200505806821437,0 days 04:00:08.186527,0.0009168349163208,1.6435899627093813,1.356503473367667
348,348,348,348,0.3557150206821381,0.3557150206821381,0.3557150206821381,0.3557150206821381,0.3557150206821381,0.3557150206821381,0.3557150206821381,0.3557150206821381,0.3557150206821381,0.3557150206821381,0.5721974783264118,0.4601384203779942,0.1039445270569487,0.0821269402366096,0.5281907187432172,0.0821646785946755,0.109407578098549,0.1371119713637813,0.2705605943297575,1.00007386741814,-0.0005318454301307,-0.0006569583651791,636.0,0.0,0.1026974214041941,0.5927944703073608,0.8936856558871041,0.8444982045234292,0.3789456371105481,0.8240578907869724,0.8439965035767805,0.6197296454527124,0.8768345329653551,0.145914166227964,100000,30,10,0.1,5.0,0.1,0,9,0.001,1e-06,0.001,1e-07,1.0,1e-08,adamax,0,0.0,disordered,1,0.3508327795428624,0 days 04:00:08.186527,0.0005318795230269,1.774068624327287,1.2562492256366615
349,349,349,349,0.4606028844202396,0.4606028844202396,0.4606028844202396,0.4606028844202396,0.4606028844202396,0.4606028844202396,0.4606028844202396,0.4606028844202396,0.4606028844202396,0.4606028844202396,0.1971694817672057,2.0041112423845224e-06,4.152349057629365e-06,6.1540802075161336e-06,0.0142411600155677,7.936658946145016e-06,0.5306408542872285,0.209814550189397,0.902056950858053,0.6396029801209167,-0.0004127233992144,-0.0005222145611695,7818.0,1.0,0.937057406305842,0.8475292389473765,0.4040773731846082,0.7993302906265415,0.5030733224482142,0.7910662104807297,0.3254727221014234,0.6560611741909652,0.0698488979961843,0.9809386685044856,100000,30,10,0.1,5.0,0.1,0,9,0.001,1e-06,0.001,1e-07,1.0,1e-08,adamax,0,0.0,disordered,1,0.4547301991716966,0 days 04:00:08.186527,0.0004127457640144,2.1120961457644287,1.2745143165609192
350,350,350,350,0.3026648059395688,0.3026648059395688,0.3026648059395688,0.3026648059395688,0.3026648059395688,0.3026648059395688,0.3026648059395688,0.3026648059395688,0.3026648059395688,0.3026648059395688,5.786874912279663e-06,2.0076258942375025e-05,1.6867518978554907e-05,0.2532993948973477,0.0277409064050027,0.9142009064650424,2.4937129839439658e-05,0.0683786354812393,0.4165894768056782,7.804908810295977e-06,-0.0006424943010612,-0.0007543977673132,8207.0,1.0,0.7142121376511152,0.9059759680177346,0.6580057516563411,0.6802513935552122,0.9007728856788634,0.9960818740771136,0.3720075897920343,0.2961473984048516,0.7517433952079304,0.4817295863675557,100000,30,10,0.1,5.0,0.1,0,9,0.001,1e-06,0.001,1e-07,1.0,1e-08,adamax,0,0.0,disordered,1,0.2980900990834885,0 days 04:00:08.186527,0.0006425501749314,1.80410013228705,1.3297098450481195
351,351,351,351,0.3228628202536728,0.3228628202536728,0.3228628202536728,0.3228628202536728,0.3228628202536728,0.3228628202536728,0.3228628202536728,0.3228628202536728,0.3228628202536728,0.3228628202536728,0.0010525433166278,0.90281419634176,2.113611294812916e-05,0.1110324368656826,0.917498940322388,0.0340166242732112,1.961232277524172e-05,0.4323862692217576,7.886703628590413e-06,0.0739635430052542,-0.0005888255313709,-0.0007362402130556,7838.0,1.0,0.9995033981185528,0.5622808155658906,0.1084108624556785,0.0439609394451656,0.7501179875099128,0.3459297602737141,0.2769296085274552,0.6757370994097468,0.2413182925249379,0.3740589488102697,100000,30,10,0.1,5.0,0.1,0,9,0.001,1e-06,0.001,1e-07,1.0,1e-08,adamax,0,0.0,disordered,1,0.3236934219651858,0 days 04:00:08.186527,0.0005888267880483,1.8862310531127613,1.3514939370275314
352,352,352,352,0.4913407286296357,0.4913407286296357,0.4913407286296357,0.4913407286296357,0.4913407286296357,0.4913407286296357,0.4913407286296357,0.4913407286296357,0.4913407286296357,0.4913407286296357,0.7281976289622645,0.0565711840378099,0.1381148544246814,0.0436695216052882,0.8947066688798857,0.1286320998051158,0.5164346490960048,0.0520351563147413,1.0000586200532164,0.345119616517559,-0.0004012148639102,-0.0004453629763327,1685.0,0.0,0.3790666167503335,0.7797839081968443,0.7197501425464129,0.9206783129372238,0.2792377484538071,0.9961073472526646,0.5419978118075405,0.3625027264274765,0.9411183117264872,0.1771592667526775,100000,30,10,0.1,5.0,0.1,0,9,0.001,1e-06,0.001,1e-07,1.0,1e-08,adamax,0,0.0,disordered,1,0.4839037574398031,0 days 04:00:08.186527,0.0004012492668697,1.5160452668874744,1.2379322846329277
353,353,353,353,0.2837303616516209,0.2837303616516209,0.2837303616516209,0.2837303616516209,0.2837303616516209,0.2837303616516209,0.2837303616516209,0.2837303616516209,0.2837303616516209,0.2837303616516209,1.0000994297207833,0.4083348885992673,0.4216737820817628,0.0924782554248098,0.4457315981249006,0.1027995399000284,0.157348029671682,0.1746300636646691,0.0652498236602854,0.623675052729366,-0.0006305137641489,-0.0007003212008244,679.0,0.0,0.9609075496764068,0.0219261810379189,0.1596152369082298,0.5410236219284826,0.2705640758574288,0.7291979815205126,0.5922223677925774,0.2503032281323029,0.4506949118350623,0.0152389491249703,100000,30,10,0.1,5.0,0.1,0,9,0.001,1e-06,0.001,1e-07,1.0,1e-08,adamax,0,0.0,disordered,1,0.2841861816476799,0 days 04:00:08.186527,0.0006305143113727,1.5545509478969708,1.355231635943574
354,354,354,354,0.2747120789270809,0.2747120789270809,0.2747120789270809,0.2747120789270809,0.2747120789270809,0.2747120789270809,0.2747120789270809,0.2747120789270809,0.2747120789270809,0.2747120789270809,1.0004199695925626,0.4013032433523432,0.3314648029240353,0.6526879562468892,0.063253017722948,0.0805096371275727,0.0772358461725562,0.0877914853386273,0.4563512039155676,0.0705290883552026,-0.0007051425618783,-0.0008539755004705,677.0,0.0,0.9058641925026176,0.0510771506490037,0.3187746718901159,0.906493446160361,0.5180160353870897,0.5450349779852018,0.6495278850206792,0.6994459645029049,0.3226159556358089,0.1183689880690106,100000,30,10,0.1,5.0,0.1,0,9,0.001,1e-06,0.001,1e-07,1.0,1e-08,adamax,0,0.0,disordered,1,0.2708521128825705,0 days 04:00:08.186527,0.0007051961979823,1.329266083353488,1.3240653993196532
355,355,355,355,0.3444087275973818,0.3444087275973818,0.3444087275973818,0.3444087275973818,0.3444087275973818,0.3444087275973818,0.3444087275973818,0.3444087275973818,0.3444087275973818,0.3444087275973818,7.721729803641957e-07,3.70920568766697e-07,0.0557448953728457,0.4186055710235264,0.3717241642735895,0.1702716633352032,1.367243034375509e-07,0.8951623363779512,1.1393060063613013e-07,1.4382170860245377e-07,-0.0005551788198666,-0.0006946860752638,100000.0,0.0,0.6198104917329416,0.4700939253623446,0.6111552889066911,0.9565489554251436,0.5696480438757227,0.196540756699003,0.3369938093317558,0.8787703268969127,0.2609786532194774,0.3049960631597719,100000,30,10,0.1,5.0,0.1,0,9,0.001,1e-06,0.001,1e-07,1.0,1e-08,adamax,0,0.0,disordered,1,0.3411936221203929,0 days 04:00:08.186527,0.0005551951309128,1.841552146712989,1.3096846980233865
356,356,356,356,0.3794532847236935,0.3794532847236935,0.3794532847236935,0.3794532847236935,0.3794532847236935,0.3794532847236935,0.3794532847236935,0.3794532847236935,0.3794532847236935,0.3794532847236935,0.6110061472854377,0.1617553831281683,0.2552132276407249,0.1096578333907851,0.3326187410189876,1.0001741476966908,0.0672181552755376,0.6974154094566501,0.0826216684965825,0.0771845357925789,-0.0005182414942452,-0.0006045466883393,839.0,0.0,0.9431770493886504,0.4790783587164211,0.6846595481514158,0.9334668524075788,0.857403718029288,0.0220751659859762,0.5011079534758528,0.6839860461745928,0.1379182317639302,0.1785523870129954,100000,30,10,0.1,5.0,0.1,0,9,0.001,1e-06,0.001,1e-07,1.0,1e-08,adamax,0,0.0,disordered,1,0.3807773935627256,0 days 04:00:08.186527,0.0005182439685781,1.3245668546521967,1.2700822069538125
357,357,357,357,0.4913407286296357,0.4913407286296357,0.4913407286296357,0.4913407286296357,0.4913407286296357,0.4913407286296357,0.4913407286296357,0.4913407286296357,0.4913407286296357,0.4913407286296357,0.1776724015174862,0.1756330251648914,1.0005239300747817,0.3687906704056016,0.6824509834729245,0.7111115802033328,0.1603323875034312,0.7682512163282296,0.1590783036116934,0.1828177614908107,-0.0004106884806526,-0.0004775044988564,488.0,0.0,0.775264430584093,0.7381296277212435,0.9826254178463568,0.05672478857114,0.0504916323493598,0.9890957275595484,0.7048947848948418,0.0976379162663055,0.6622569556116973,0.6466549941964531,100000,30,10,0.1,5.0,0.1,0,9,0.001,1e-06,0.001,1e-07,1.0,1e-08,adamax,0,0.0,disordered,1,0.4918577618774675,0 days 04:00:08.186527,0.0004106886984294,1.3163632876306641,1.2157619895423675
358,358,358,358,0.367392478180207,0.367392478180207,0.367392478180207,0.367392478180207,0.367392478180207,0.367392478180207,0.367392478180207,0.367392478180207,0.367392478180207,0.367392478180207,0.0934921125068025,0.1013946755083231,0.1267189366479522,0.1935132166719962,0.1232156625297217,0.3503262668609713,1.0002553673739545,0.0836378579733822,0.1869772827209267,0.3213902698843461,-0.0005308263121371,-0.0006275101832477,703.0,0.0,0.6861270467187739,0.8295881718115148,0.7305496771064881,0.5520795230350595,0.3759810318474074,0.198179100436036,0.984206169145878,0.447232072539738,0.271266944019332,0.6508702694567878,100000,30,10,0.1,5.0,0.1,0,9,0.001,1e-06,0.001,1e-07,1.0,1e-08,adamax,0,0.0,disordered,1,0.368819407561308,0 days 04:00:08.186527,0.0005308298867113,1.4210638760294034,1.2552881627392167
359,359,359,359,0.1805148879221106,0.1805148879221106,0.1805148879221106,0.1805148879221106,0.1805148879221106,0.1805148879221106,0.1805148879221106,0.1805148879221106,0.1805148879221106,0.1805148879221106,0.6482595583707809,1.0585476292358669e-07,0.0969256963799506,1.827260698553685e-07,0.5330850798086159,1.3235069331707833e-07,0.0761449269015772,0.3805750834409369,1.057638846406046e-07,0.1719724771284956,-0.0009224624176253,-0.0010486653680214,100000.0,0.0,0.6749796966982027,0.5947421721631754,0.8777561350711153,0.6071992001119455,0.3818902417841148,0.0931114700580979,0.1206871372677993,0.4937852451071219,0.2610920573458406,0.143675143319628,100000,30,10,0.1,5.0,0.1,0,9,0.001,1e-06,0.001,1e-07,1.0,1e-08,adamax,0,0.0,disordered,1,0.1827650280135278,0 days 04:00:08.186527,0.00092250469805,1.7826769253241777,1.560096929405311
360,360,360,360,0.3444087275973818,0.3444087275973818,0.3444087275973818,0.3444087275973818,0.3444087275973818,0.3444087275973818,0.3444087275973818,0.3444087275973818,0.3444087275973818,0.3444087275973818,0.1432570199372078,0.2937383607836237,0.1277999090881803,0.1942498097017158,1.0006480998471126,0.5972711226941118,0.1126697004403937,0.1276028096313015,0.1241667083825755,0.1758613068757834,-0.0005064257418074,-0.000627555361108,509.0,0.0,0.830912931619557,0.4542667875837952,0.7284966939519985,0.8513856976782915,0.0540585049383388,0.9562660513346144,0.5540801259455461,0.3298529147487226,0.4860086620167514,0.2233575742389943,100000,30,10,0.1,5.0,0.1,0,9,0.001,1e-06,0.001,1e-07,1.0,1e-08,adamax,0,0.0,disordered,1,0.3471217636297319,0 days 04:00:08.186527,0.0005064334985949,1.477056354141608,1.3598723809510083
361,361,361,361,0.4047756965997316,0.4047756965997316,0.4047756965997316,0.4047756965997316,0.4047756965997316,0.4047756965997316,0.4047756965997316,0.4047756965997316,0.4047756965997316,0.4047756965997316,0.0413134831857407,0.5498316144071244,0.1888312189252765,0.0004396083344627,1.3793511546289016e-05,0.3912344023525879,1.1613901989202955e-05,0.9210972874641328,0.4265528446447609,0.2438282451171259,-0.0004580028594991,-0.0005183338050606,7551.0,1.0,0.3322550188258053,0.6095934759945512,0.1934417874985552,0.4503599800352695,0.2834719266138154,0.7794971887695216,0.2400318748230032,0.7294470601598501,0.0132393839244975,0.4385159072666922,100000,30,10,0.1,5.0,0.1,0,9,0.001,1e-06,0.001,1e-07,1.0,1e-08,adamax,0,0.0,disordered,1,0.4000492247291449,0 days 04:00:08.186527,0.0004580221480504,1.9388404142884919,1.3342138360776754
362,362,362,362,0.2263129568399526,0.2263129568399526,0.2263129568399526,0.2263129568399526,0.2263129568399526,0.2263129568399526,0.2263129568399526,0.2263129568399526,0.2263129568399526,0.2263129568399526,0.0408421835423306,2.3507413407215203e-05,0.7003642368821142,8.103800402767655e-06,0.0440672835067267,3.263571085170962e-05,0.7249010739474178,2.6309685067608844e-05,7.271167210684131e-05,2.0749317913069263e-05,-0.0007889555960105,-0.0010472150896419,9155.0,1.0,0.4734987759415516,0.406168946043238,0.5189027103983602,0.8452300910015517,0.5229457637404864,0.8171458538819233,0.7296668340702964,0.1960980413704525,0.2983363770931467,0.1577054943448939,100000,30,10,0.1,5.0,0.1,0,9,0.001,1e-06,0.001,1e-07,1.0,1e-08,adamax,0,0.0,disordered,1,0.2282399214561061,0 days 04:00:08.186527,0.0007889753103921,1.687668787371119,1.4752682287601793
363,363,363,363,0.1487115462808952,0.1487115462808952,0.1487115462808952,0.1487115462808952,0.1487115462808952,0.1487115462808952,0.1487115462808952,0.1487115462808952,0.1487115462808952,0.1487115462808952,0.0355155200770111,1.0000221827634492,0.3994893874216711,0.0819737423773129,0.0269161029950996,0.0255158036481231,0.013509513008312,0.0128088056097124,0.0314635985966995,0.3362907011338038,-0.000989759673049,-0.0013719191924612,1435.0,0.0,0.7788070150730986,0.0963064736583216,0.8564363688241255,0.5549408503937954,0.430836957458087,0.5628663925544286,0.5377616424280137,0.6195796401529267,0.5425353416111438,0.306024249914103,100000,30,10,0.1,5.0,0.1,0,9,0.001,1e-06,0.001,1e-07,1.0,1e-08,adamax,0,0.0,disordered,1,0.1479771898719786,0 days 04:00:08.186527,0.0009897652547798,2.010670741286792,1.619322041604428
364,364,364,364,0.4757236139187883,0.4757236139187883,0.4757236139187883,0.4757236139187883,0.4757236139187883,0.4757236139187883,0.4757236139187883,0.4757236139187883,0.4757236139187883,0.4757236139187883,0.2230133865040782,0.2797106925357506,0.3053751895732358,1.001513837230868,0.2427275982498586,0.2527171656653835,0.226376930500403,0.7382115533249689,0.5209862053372902,0.2251745639575358,-0.0004175123708322,-0.0004772024668718,340.0,0.0,0.8986153874068937,0.616815155645467,0.9954409266140332,0.1305664684177212,0.9413896798372886,0.6257868077855991,0.6789169189102235,0.9412139376410446,0.0624637916473289,0.1890294281358702,100000,30,10,0.1,5.0,0.1,0,9,0.001,1e-06,0.001,1e-07,1.0,1e-08,adamax,0,0.0,disordered,1,0.4761215401894871,0 days 04:00:08.186527,0.0004175124467096,1.36668571866618,1.2568498297854505
365,365,365,365,0.3557150206821381,0.3557150206821381,0.3557150206821381,0.3557150206821381,0.3557150206821381,0.3557150206821381,0.3557150206821381,0.3557150206821381,0.3557150206821381,0.3557150206821381,0.1055305934575343,0.440297875168222,0.0002092553112031,0.6527670461741852,7.846953973657379e-05,0.2121712061708024,0.6897214259120672,0.3747682685897299,0.4262931039548762,0.0001041518710146,-0.0005492899782304,-0.0005890119233512,7673.0,1.0,0.5706729312589813,0.2978662262765116,0.0164398885199489,0.2912488115415481,0.6906224920438333,0.6824747546512389,0.0243473179975725,0.3233772157689207,0.8570896250639003,0.6527474104669012,100000,30,10,0.1,5.0,0.1,0,9,0.001,1e-06,0.001,1e-07,1.0,1e-08,adamax,0,0.0,disordered,1,0.3596751751454297,0 days 04:00:08.186527,0.0005493178461949,1.339446480941226,1.2680992295179698
366,366,366,366,0.3557150206821381,0.3557150206821381,0.3557150206821381,0.3557150206821381,0.3557150206821381,0.3557150206821381,0.3557150206821381,0.3557150206821381,0.3557150206821381,0.3557150206821381,0.0492232151116414,0.9840591616622054,0.0995043556007194,0.7251591130145313,0.0675130117117209,0.0599828459569517,0.1089895471757465,0.4241201812744768,0.1304024147847306,1.000040003711672,-0.0005380485310691,-0.0006125785438129,1031.0,0.0,0.6191804671224441,0.97377324147106,0.3286767579782848,0.0832384027838331,0.6200275861014232,0.6401335363741893,0.5480909294992627,0.9544015939487656,0.6804865521266139,0.0678019738405787,100000,30,10,0.1,5.0,0.1,0,9,0.001,1e-06,0.001,1e-07,1.0,1e-08,adamax,0,0.0,disordered,1,0.358724241585325,0 days 04:00:08.186527,0.0005380632645933,1.5749615909186265,1.2563446560803238
367,367,367,367,0.2414157116103016,0.2414157116103016,0.2414157116103016,0.2414157116103016,0.2414157116103016,0.2414157116103016,0.2414157116103016,0.2414157116103016,0.2414157116103016,0.2414157116103016,6.1789806959296775e-06,0.4677321480037964,0.0191198096521029,0.122637544077107,0.5245328957802551,0.1514086959380969,0.0723629810362883,9.387489552139727e-05,0.302544727439677,0.4435567115166148,-0.0007045591897956,-0.000813329129942,8261.0,1.0,0.6476396622361511,0.0664872246066922,0.5704321719943116,0.5026659264789222,0.0028872992005247,0.1965175663336678,0.4185439502633219,0.3193685561421232,0.1329217208895931,0.6168338315513925,100000,30,10,0.1,5.0,0.1,0,9,0.001,1e-06,0.001,1e-07,1.0,1e-08,adamax,0,0.0,disordered,1,0.2453076744152613,0 days 04:00:08.186527,0.0007046100685866,1.9042766161499036,1.4547737871459328
368,368,368,368,0.4180637241455752,0.4180637241455752,0.4180637241455752,0.4180637241455752,0.4180637241455752,0.4180637241455752,0.4180637241455752,0.4180637241455752,0.4180637241455752,0.4180637241455752,0.7303877340585646,0.7890311028904134,0.5652757723690959,0.1730267566885338,0.4429311923291116,0.3073376612055588,0.1655022868368295,0.159763560418617,0.3416927014832223,1.001607262434029,-0.0004724512735924,-0.0005638127112596,445.0,0.0,0.943238717728384,0.039104284294701,0.770642093358219,0.3530056890674251,0.2715969442479642,0.7938128323488172,0.9316915339620816,0.9816024369131277,0.9331484537746048,0.1245746193988084,100000,30,10,0.1,5.0,0.1,0,9,0.001,1e-06,0.001,1e-07,1.0,1e-08,adamax,0,0.0,disordered,1,0.4150798711208825,0 days 04:00:08.186527,0.0004724605459698,1.1871611540454603,1.202425436655722
369,369,369,369,0.2121550171362449,0.2121550171362449,0.2121550171362449,0.2121550171362449,0.2121550171362449,0.2121550171362449,0.2121550171362449,0.2121550171362449,0.2121550171362449,0.2121550171362449,1.000168800552696,0.2479771325298456,0.169802867938451,0.7439335532029043,0.0422990302567134,0.1893725257276932,0.1411518685925978,0.0799869620643906,0.0454224373065205,0.0615992508698457,-0.0008101059636355,-0.0010482961002703,739.0,0.0,0.0112939080882549,0.7475602706104801,0.7640568991220532,0.1490011188859666,0.5727014824881643,0.6440931339590131,0.3824474095003376,0.1690773663209991,0.3398999655537181,0.2816164289292787,100000,30,10,0.1,5.0,0.1,0,9,0.001,1e-06,0.001,1e-07,1.0,1e-08,adamax,0,0.0,disordered,1,0.2110826905010171,0 days 04:00:08.186527,0.0008101115413864,1.672487077419001,1.4837354449649216
370,370,370,370,0.2837303616516209,0.2837303616516209,0.2837303616516209,0.2837303616516209,0.2837303616516209,0.2837303616516209,0.2837303616516209,0.2837303616516209,0.2837303616516209,0.2837303616516209,0.5249287964004816,8.48767038840063e-05,0.4384110129855897,0.2042693624249777,0.0536537594323243,4.4475598927112e-05,0.3550478810555753,0.028235393278949,0.7558542296999238,0.1627213929899493,-0.0005728677350449,-0.0006661397139407,7502.0,1.0,0.0076791210226125,0.2757122259729295,0.2486359202264328,0.6756381518438787,0.6373724969914955,0.6756248000046686,0.29298127280873,0.594573782356606,0.1204389932529523,0.7645327467875227,100000,30,10,0.1,5.0,0.1,0,9,0.001,1e-06,0.001,1e-07,1.0,1e-08,adamax,0,0.0,disordered,1,0.283344437782042,0 days 04:00:08.186527,0.0005728680819584,1.8253990375635107,1.3558532650529518
371,371,371,371,0.2337423870891812,0.2337423870891812,0.2337423870891812,0.2337423870891812,0.2337423870891812,0.2337423870891812,0.2337423870891812,0.2337423870891812,0.2337423870891812,0.2337423870891812,0.3259562577696756,4.359513745251268e-06,0.1194534132071691,0.019349933093282,0.1644954486694135,9.999928976102065e-08,0.25028621113796,0.2367697925151465,1.1666178725020057e-07,0.5505851447985182,-0.0007068984170102,-0.0007900965570331,42528.0,0.0,0.939942823405704,0.7650859415568515,0.7313715691484668,0.5717709554015099,0.7625380508868862,0.4641393591113667,0.257575102546457,0.7786558664111833,0.5170059703423491,0.9251620988818609,100000,30,10,0.1,5.0,0.1,0,9,0.001,1e-06,0.001,1e-07,1.0,1e-08,adamax,0,0.0,disordered,1,0.2302008776335285,0 days 04:00:08.186527,0.0007069362663824,2.1651148289112188,1.5149162906359235
372,372,372,372,0.2837303616516209,0.2837303616516209,0.2837303616516209,0.2837303616516209,0.2837303616516209,0.2837303616516209,0.2837303616516209,0.2837303616516209,0.2837303616516209,0.2837303616516209,1.6260433907172743e-06,0.7336623147908252,1.9406504884402203e-06,0.6100409523816305,0.1247428925399009,0.4629050623741234,0.1925237632959157,0.5809417223494254,6.441031568982579e-07,2.963124584377192e-07,-0.0006546803514581,-0.0007149481359473,100000.0,0.0,0.5867070829368026,0.533994533000577,0.0388040032213391,0.221140534295108,0.7186613988532663,0.4388809807656246,0.9257056476135832,0.615186859144445,0.2639157669577461,0.2450934880507677,100000,30,10,0.1,5.0,0.1,0,9,0.001,1e-06,0.001,1e-07,1.0,1e-08,adamax,0,0.0,disordered,1,0.2857031688631906,0 days 04:00:08.186527,0.0006546918288233,1.3164072809091696,1.3936571856316484
373,373,373,373,0.3228628202536728,0.3228628202536728,0.3228628202536728,0.3228628202536728,0.3228628202536728,0.3228628202536728,0.3228628202536728,0.3228628202536728,0.3228628202536728,0.3228628202536728,0.0819587774678649,0.323727022033382,4.111739288039116e-05,0.2935709728693104,2.1399247711747937e-05,0.7548724553317806,8.804115395621883e-05,0.450028823834895,0.3991668648272033,4.825792821029034e-05,-0.0005967484817195,-0.0006948269261324,7781.0,1.0,0.2915311257963363,0.2171019367945525,0.5316124247090717,0.0846068115191674,0.5784091718602687,0.4289681518042565,0.8788343151379411,0.8907468797284301,0.2971523946037819,0.1908006677512463,100000,30,10,0.1,5.0,0.1,0,9,0.001,1e-06,0.001,1e-07,1.0,1e-08,adamax,0,0.0,disordered,1,0.3205251339403701,0 days 04:00:08.186527,0.0005967603761227,1.7160393870929052,1.3521066425725812
374,374,374,374,0.367392478180207,0.367392478180207,0.367392478180207,0.367392478180207,0.367392478180207,0.367392478180207,0.367392478180207,0.367392478180207,0.367392478180207,0.367392478180207,0.2091199067997428,0.0005444054865864,0.4312639768953434,6.074710006955847e-05,0.3543170819188576,0.3666980934462519,0.0003173470285272,0.0413796165730608,0.5195309123883773,0.8996684524799613,-0.0005308426055803,-0.0006479296340981,8126.0,1.0,0.4219832755495095,0.506328174724403,0.7109783252439936,0.9707250807177435,0.8949805686934579,0.3968997682447035,0.5490804140888205,0.5811396785133526,0.8791075936683179,0.105558755383498,100000,30,10,0.1,5.0,0.1,0,9,0.001,1e-06,0.001,1e-07,1.0,1e-08,adamax,0,0.0,disordered,1,0.3654671583730593,0 days 04:00:08.186527,0.0005308488846675,1.337206429084636,1.1865896902429813
375,375,375,375,0.333461801578636,0.333461801578636,0.333461801578636,0.333461801578636,0.333461801578636,0.333461801578636,0.333461801578636,0.333461801578636,0.333461801578636,0.333461801578636,1.0000385944287151,0.0742637199303874,0.5168054131289007,0.9636425681366486,0.1664234391438539,0.471422541442097,0.102541625363381,0.0891717182900829,0.2152221515129537,0.1311852286081675,-0.0005502360258726,-0.0006475928768459,728.0,0.0,0.8157310583955725,0.2625821000898687,0.107500107434456,0.9801581869007052,0.3472983694743665,0.7478456638335392,0.3634214901784441,0.2906776165045854,0.5433210652185734,0.2329467089404197,100000,30,10,0.1,5.0,0.1,0,9,0.001,1e-06,0.001,1e-07,1.0,1e-08,adamax,0,0.0,disordered,1,0.3378572098845853,0 days 04:00:08.186527,0.0005502688609413,1.4800620005742842,1.3524739293468144
376,376,376,376,0.4317879727332017,0.4317879727332017,0.4317879727332017,0.4317879727332017,0.4317879727332017,0.4317879727332017,0.4317879727332017,0.4317879727332017,0.4317879727332017,0.4317879727332017,0.1147134446381006,1.0000300660527712,0.0776145178165848,0.8630510764415567,0.4891894697991514,0.6145168116066365,0.2497834038153389,0.5320543053731543,0.1730822805478035,0.1035854454837054,-0.0004757332483136,-0.000519040710836,834.0,0.0,0.2444241497926114,0.0508620963129747,0.7146135600942009,0.9213557025394892,0.0049391371660167,0.2883433059584358,0.8698080901838249,0.6009611086345273,0.1285723646794975,0.2403953491724734,100000,30,10,0.1,5.0,0.1,0,9,0.001,1e-06,0.001,1e-07,1.0,1e-08,adamax,0,0.0,disordered,1,0.4290514837824371,0 days 04:00:08.186527,0.0004757422452002,1.2094251991690768,1.2244990808003342
377,377,377,377,0.1535934676510895,0.1535934676510895,0.1535934676510895,0.1535934676510895,0.1535934676510895,0.1535934676510895,0.1535934676510895,0.1535934676510895,0.1535934676510895,0.1535934676510895,0.128264656669726,5.14165115714563e-06,3.9594354269348365e-06,0.6278002670588284,1.9840834178103667e-06,3.329074373123234e-06,2.952644117504011e-07,0.3891383495646703,9.3774876710041e-06,4.809559716124622e-05,-0.0010583883131389,-0.0013027701770456,12335.0,1.0,0.2074476020330385,0.0338475812205937,0.1285958813186927,0.1270902542951092,0.5037976427016844,0.768247250025672,0.5191068701186071,0.6562395971013444,0.8837135889312623,0.7808245670731921,100000,30,10,0.1,5.0,0.1,0,9,0.001,1e-06,0.001,1e-07,1.0,1e-08,adamax,0,0.0,disordered,1,0.1542033134666287,0 days 04:00:08.186527,0.0010583934991787,1.7586191414759462,1.5432261274974375
378,378,378,378,0.5964184945842456,0.5964184945842456,0.5964184945842456,0.5964184945842456,0.5964184945842456,0.5964184945842456,0.5964184945842456,0.5964184945842456,0.5964184945842456,0.5964184945842456,0.2911727931835739,0.7283414166527327,0.6579389609705982,0.6718930095209269,0.2840147255219871,0.8542382967090953,0.3605727030934899,0.3750140879804486,0.6026625572311274,1.0005857317864746,-0.0003302741848012,-0.0003450666102654,353.0,0.0,0.0997593227772318,0.0268519347524667,0.9298496661777996,0.2607789471225706,0.8632480873818676,0.1744944101266712,0.8793302462090203,0.4403183439820408,0.0289125951170617,0.9890317328695384,100000,30,10,0.1,5.0,0.1,0,9,0.001,1e-06,0.001,1e-07,1.0,1e-08,adamax,0,0.0,disordered,1,0.6041603706365687,0 days 04:00:08.186527,0.0003302950354972,1.2601570813957423,1.2148946395155855
379,379,379,379,0.2837303616516209,0.2837303616516209,0.2837303616516209,0.2837303616516209,0.2837303616516209,0.2837303616516209,0.2837303616516209,0.2837303616516209,0.2837303616516209,0.2837303616516209,2.823647541900808e-06,0.4698271580055176,0.7587381005272786,0.349709783848906,0.0606384783269237,1.3779780999758701e-07,0.3058345977825009,9.999878441131185e-08,0.4719939365734484,0.0970447526644982,-0.0006444751285487,-0.0007327755794821,70734.0,0.0,0.1168715186346838,0.0236418087236619,0.8008624272421115,0.3261165967064418,0.0316929200137269,0.0121385674625584,0.4070895425927446,0.105375854119849,0.3521693916782696,0.6865019747544017,100000,30,10,0.1,5.0,0.1,0,9,0.001,1e-06,0.001,1e-07,1.0,1e-08,adamax,0,0.0,disordered,1,0.2871590690793836,0 days 04:00:08.186527,0.0006445067517663,1.8084879727771868,1.3955331122268217
380,380,380,380,0.1394082826282576,0.1394082826282576,0.1394082826282576,0.1394082826282576,0.1394082826282576,0.1394082826282576,0.1394082826282576,0.1394082826282576,0.1394082826282576,0.1394082826282576,0.7535747891643924,0.5140743445523743,2.88719418131461e-05,0.5606887769255672,9.62182025762232e-07,3.268644263403831e-06,1.420526565649648e-06,0.1957116158878333,8.17822807581087e-06,0.0514234265531186,-0.0009356265876415,-0.00134363773719,9355.0,1.0,0.9509689675529264,0.2934854849756927,0.5755475392440509,0.7040855421249729,0.7943149992989771,0.4936219984790373,0.7911589406853283,0.4617548400991511,0.7432089431913926,0.6344691439265372,100000,30,10,0.1,5.0,0.1,0,9,0.001,1e-06,0.001,1e-07,1.0,1e-08,adamax,0,0.0,disordered,1,0.1376287832670052,0 days 04:00:08.186527,0.0009356561738614,2.144174960541242,1.756600491776832
381,381,381,381,0.4757236139187883,0.4757236139187883,0.4757236139187883,0.4757236139187883,0.4757236139187883,0.4757236139187883,0.4757236139187883,0.4757236139187883,0.4757236139187883,0.4757236139187883,0.0361506123933831,0.796520754625189,0.0639151176162639,0.0763657802443725,0.0664166481307987,0.595804862448517,0.0392144503228362,1.0000840920095997,0.5283061991513319,0.4003227745110061,-0.0004051514803656,-0.000455957919974,1293.0,0.0,0.4645925630309526,0.8703766258825952,0.312597817301891,0.3593160199082607,0.4827486753456478,0.0612250360142219,0.5916532212902839,0.0242044295789416,0.8663353398113628,0.3484932886953423,100000,30,10,0.1,5.0,0.1,0,9,0.001,1e-06,0.001,1e-07,1.0,1e-08,adamax,0,0.0,disordered,1,0.4736116858459186,0 days 04:00:08.186527,0.0004051545456635,1.6694384464400913,1.257310767715092
382,382,382,382,0.4606028844202396,0.4606028844202396,0.4606028844202396,0.4606028844202396,0.4606028844202396,0.4606028844202396,0.4606028844202396,0.4606028844202396,0.4606028844202396,0.4606028844202396,0.2403916073775901,0.927527259371756,0.104933835143443,0.0802074916265774,0.0883525535293191,0.5563094964354686,0.7908078788843279,1.0000859491608116,0.059426438962675,0.0674035021242202,-0.0004036739185913,-0.0004797121230914,1082.0,0.0,0.8881877051877,0.1493807642649662,0.71624829296369,0.5855134953816346,0.5668054991174719,0.9065448576640236,0.0867575888476853,0.9177427468321386,0.2804969241390942,0.2538249548089413,100000,30,10,0.1,5.0,0.1,0,9,0.001,1e-06,0.001,1e-07,1.0,1e-08,adamax,0,0.0,disordered,1,0.4658417407105169,0 days 04:00:08.186527,0.0004036895139145,1.3496014358278776,1.2703781506238618
383,383,383,383,0.3919100249433399,0.3919100249433399,0.3919100249433399,0.3919100249433399,0.3919100249433399,0.3919100249433399,0.3919100249433399,0.3919100249433399,0.3919100249433399,0.3919100249433399,0.5471502671174676,0.0106201372683659,0.5137524099236164,0.0941991390696922,0.6617636082347452,0.7735174422217156,0.0001266183025216,0.5529722203143361,0.2317618489811457,6.814096502776658e-05,-0.0005050127344671,-0.0005851914566211,7755.0,1.0,0.6846903811960501,0.4131886612712611,0.1340955673338829,0.5580343537526458,0.8759672619772926,0.0088415666662903,0.4024341209001952,0.1791553579684491,0.7086352018966858,0.7871031607789767,100000,30,10,0.1,5.0,0.1,0,9,0.001,1e-06,0.001,1e-07,1.0,1e-08,adamax,0,0.0,disordered,1,0.3899049891781234,0 days 04:00:08.186527,0.0005050179208723,1.494960473197709,1.2861285386026209
384,384,384,384,0.2263129568399526,0.2263129568399526,0.2263129568399526,0.2263129568399526,0.2263129568399526,0.2263129568399526,0.2263129568399526,0.2263129568399526,0.2263129568399526,0.2263129568399526,1.0001525360937298,0.3359723069469129,0.4090630711794431,0.3698993937650021,0.5086720422197294,0.2953542519275632,0.0100030548772037,0.0683819760325993,0.0200305462177485,0.1125911620266438,-0.0007296613574767,-0.0009117960852534,1855.0,0.0,0.141602596831929,0.8445017164340487,0.3122785108275705,0.7498669802182869,0.1287998260806334,0.4734033912116812,0.649239041295116,0.4950066534014287,0.6892716676081824,0.7752851900829789,100000,30,10,0.1,5.0,0.1,0,9,0.001,1e-06,0.001,1e-07,1.0,1e-08,adamax,0,0.0,disordered,1,0.2264023699590381,0 days 04:00:08.186527,0.0007296613682784,1.5712863100810308,1.5102373507659352
385,385,385,385,0.2337423870891812,0.2337423870891812,0.2337423870891812,0.2337423870891812,0.2337423870891812,0.2337423870891812,0.2337423870891812,0.2337423870891812,0.2337423870891812,0.2337423870891812,0.508522315089933,0.1274578374888534,0.8784001837347898,5.588872642417096e-06,0.3059021154070681,0.0037064398080517,1.1470323725543527e-05,0.283771708277485,7.374859208639109e-06,0.6410184971697228,-0.0007123353302787,-0.0008896644971022,8661.0,1.0,0.9283894315706523,0.6490635800408276,0.1759501685527703,0.7681127069410235,0.4237433273208904,0.6985926672318011,0.6892002298108775,0.8872912225265681,0.5892704824400701,0.2294741203878888,100000,30,10,0.1,5.0,0.1,0,9,0.001,1e-06,0.001,1e-07,1.0,1e-08,adamax,0,0.0,disordered,1,0.2374663638906186,0 days 04:00:08.186527,0.0007123842437127,2.0553139167925254,1.4965359849614936
386,386,386,386,0.2263129568399526,0.2263129568399526,0.2263129568399526,0.2263129568399526,0.2263129568399526,0.2263129568399526,0.2263129568399526,0.2263129568399526,0.2263129568399526,0.2263129568399526,0.3433967252993967,0.0249013631006032,0.0001170622041749,0.6938445392951333,0.3860426243271481,0.1448941788310694,8.623905136787126e-06,0.2865015267458619,1.525517031471542e-05,0.3049068381728206,-0.0007339626533163,-0.0008774654287498,8180.0,1.0,0.4062477741541459,0.6206195937384177,0.5708106848170152,0.1936271183098157,0.824032216762549,0.5794577714532373,0.5768013793246287,0.2050982457879387,0.4916221968829366,0.2686964542861396,100000,30,10,0.1,5.0,0.1,0,9,0.001,1e-06,0.001,1e-07,1.0,1e-08,adamax,0,0.0,disordered,1,0.2253932173993003,0 days 04:00:08.186527,0.0007339663276077,2.040402362075248,1.5780119939337318
387,387,387,387,0.1864408533970484,0.1864408533970484,0.1864408533970484,0.1864408533970484,0.1864408533970484,0.1864408533970484,0.1864408533970484,0.1864408533970484,0.1864408533970484,0.1864408533970484,4.191638950432649e-05,0.2336638293017676,3.852609358503366e-06,0.4597504662144426,0.0211448371642892,4.501851527911031e-06,0.1475057035872555,0.341618568955408,5.983097642200322e-05,4.383362994427771e-05,-0.0008623770512621,-0.0010557283323912,8539.0,1.0,0.3353176670488188,0.3418876984675734,0.6056950274603036,0.3727873636982007,0.8999060160301815,0.7507599098712591,0.9806062698694245,0.6116400008802909,0.4303223165562948,0.3928690888518122,100000,30,10,0.1,5.0,0.1,0,9,0.001,1e-06,0.001,1e-07,1.0,1e-08,adamax,0,0.0,disordered,1,0.1882482557342313,0 days 04:00:08.186527,0.0008623962650855,1.9905663834220064,1.5812897438470526
388,388,388,388,0.4317879727332017,0.4317879727332017,0.4317879727332017,0.4317879727332017,0.4317879727332017,0.4317879727332017,0.4317879727332017,0.4317879727332017,0.4317879727332017,0.4317879727332017,0.732559779031938,0.5412236946623116,0.1927272134062881,0.5706075191905685,1.000955381919109,0.1760279576746815,0.7554642063879623,0.173979205626318,0.1727083389133548,0.17214916631263,-0.0004706895214617,-0.0005555817772204,419.0,0.0,0.0368772763332992,0.7042187498065502,0.3157529253221451,0.0226824501927953,0.9126105342355452,0.2363758633618058,0.0934657012940052,0.7382360921493729,0.7714531340477934,0.7713963860397556,100000,30,10,0.1,5.0,0.1,0,9,0.001,1e-06,0.001,1e-07,1.0,1e-08,adamax,0,0.0,disordered,1,0.4300081718794065,0 days 04:00:08.186527,0.0004706927997881,1.224919875047209,1.253050132427399
389,389,389,389,0.2493409369951876,0.2493409369951876,0.2493409369951876,0.2493409369951876,0.2493409369951876,0.2493409369951876,0.2493409369951876,0.2493409369951876,0.2493409369951876,0.2493409369951876,0.2043944458729832,0.883826235335874,3.8702419321459005e-06,0.4442138472067093,8.102424913124622e-06,8.531862176510792e-06,0.0891570794179983,7.580509548051596e-05,0.5520315639339868,0.0239158053671931,-0.000640187287565,-0.0007995756287603,7994.0,1.0,0.6159471154181675,0.0262046336281953,0.5344485508328887,0.960696137510391,0.4552101955437518,0.2965841288519965,0.5573687571007563,0.6323099431721152,0.2975807642435687,0.7748983341978675,100000,30,10,0.1,5.0,0.1,0,9,0.001,1e-06,0.001,1e-07,1.0,1e-08,adamax,0,0.0,disordered,1,0.248873389449593,0 days 04:00:08.186527,0.0006401878611903,2.3103678501170952,1.428711072921601
390,390,390,390,0.4180637241455752,0.4180637241455752,0.4180637241455752,0.4180637241455752,0.4180637241455752,0.4180637241455752,0.4180637241455752,0.4180637241455752,0.4180637241455752,0.4180637241455752,1.0014125362420725,0.2587098466043393,0.1912970782778869,0.488311380240147,0.1979031714316162,0.6453843640786834,0.3330650248783366,0.1919751833761449,0.2471838302176837,0.9179639296605988,-0.0004790301839244,-0.0005345087766913,387.0,0.0,0.841518314734828,0.0242541429599622,0.1004475902259629,0.500578936546438,0.0589401886932623,0.1958725048835413,0.8725808704046144,0.9985612409743008,0.8424408533718666,0.1644843202275913,100000,30,10,0.1,5.0,0.1,0,9,0.001,1e-06,0.001,1e-07,1.0,1e-08,adamax,0,0.0,disordered,1,0.4197918423584791,0 days 04:00:08.186527,0.0004790334383333,1.2530526061542848,1.1933858019118673
391,391,391,391,0.4913407286296357,0.4913407286296357,0.4913407286296357,0.4913407286296357,0.4913407286296357,0.4913407286296357,0.4913407286296357,0.4913407286296357,0.4913407286296357,0.4913407286296357,0.175879993175671,0.2098578263794555,0.6329828070121217,0.4643124224193184,1.0000632986007325,0.3826083037097664,0.2647505883272326,0.792901716838089,0.2153952063528517,0.283579320338485,-0.000408916435162,-0.0004349971469105,598.0,0.0,0.8038890366662108,0.5819691893112379,0.9948420345429304,0.2824518866017588,0.901054160049732,0.0161443619646516,0.2219817421092476,0.904326725659339,0.5098987108635635,0.2084307679450512,100000,30,10,0.1,5.0,0.1,0,9,0.001,1e-06,0.001,1e-07,1.0,1e-08,adamax,0,0.0,disordered,1,0.4879653246995745,0 days 04:00:08.186527,0.0004089241522168,1.2370514783616637,1.2579030465954122
392,392,392,392,0.3794532847236935,0.3794532847236935,0.3794532847236935,0.3794532847236935,0.3794532847236935,0.3794532847236935,0.3794532847236935,0.3794532847236935,0.3794532847236935,0.3794532847236935,0.1772765194414749,0.2805171019165883,0.04122423335055,0.4533936917247335,0.0542669711990581,1.00005514865014,0.2344808339275139,0.0849987178115108,0.5394920856057631,0.0342041925864141,-0.0005395681261213,-0.0006109999680147,1749.0,0.0,0.6999304023746258,0.3183931156556606,0.589163095201402,0.4156423357712343,0.0804423228665887,0.0639452407496375,0.9134199436822962,0.8685949990490613,0.4580567283612882,0.2402191191679729,100000,30,10,0.1,5.0,0.1,0,9,0.001,1e-06,0.001,1e-07,1.0,1e-08,adamax,0,0.0,disordered,1,0.3785686696790509,0 days 04:00:08.186527,0.0005395693625922,1.3129485890387618,1.2075279355967055
393,393,393,393,0.5241298302206053,0.5241298302206053,0.5241298302206053,0.5241298302206053,0.5241298302206053,0.5241298302206053,0.5241298302206053,0.5241298302206053,0.5241298302206053,0.5241298302206053,0.9107339198310134,0.6095711355821389,0.2349924560738608,0.7534049969642452,0.2354563057590535,0.2988925947325653,0.3987465552007342,1.0010199700273223,0.3925995596741938,0.2476874869853629,-0.000383702095397,-0.0004269964421036,348.0,0.0,0.1331714742981344,0.9575853826117988,0.5403821544940877,0.0077069788216748,0.6256191561345337,0.7575658146244825,0.3039540231419534,0.9799665572099168,0.058976470767368,0.1117238983214603,100000,30,10,0.1,5.0,0.1,0,9,0.001,1e-06,0.001,1e-07,1.0,1e-08,adamax,0,0.0,disordered,1,0.5234673588069908,0 days 04:00:08.186527,0.0003837023690156,1.2818351443608538,1.2069060864814543
394,394,394,394,0.1988827856988807,0.1988827856988807,0.1988827856988807,0.1988827856988807,0.1988827856988807,0.1988827856988807,0.1988827856988807,0.1988827856988807,0.1988827856988807,0.1988827856988807,0.2374914269834875,2.3867456655241585e-05,0.1090166928752274,0.3523663654284004,0.0003060395661019,1.5351351594828924e-05,0.6208801540012113,0.0393636026021564,3.0047537498724666e-05,0.1188868308887855,-0.0009452061338213,-0.0011754029628564,8750.0,1.0,0.603831803552466,0.4624899048622172,0.3695936464390237,0.6963669060780433,0.928911149355404,0.8603804184889041,0.7266129329024038,0.2893298787520199,0.3035754278572405,0.1781486816960641,100000,30,10,0.1,5.0,0.1,0,9,0.001,1e-06,0.001,1e-07,1.0,1e-08,adamax,0,0.0,disordered,1,0.1961353419274174,0 days 04:00:08.186527,0.0009452757863881,1.3266915751116986,1.3315190372320618
395,395,395,395,0.4180637241455752,0.4180637241455752,0.4180637241455752,0.4180637241455752,0.4180637241455752,0.4180637241455752,0.4180637241455752,0.4180637241455752,0.4180637241455752,0.4180637241455752,0.2577798581131569,0.1657171622759568,0.0011918830646334,0.8700087502938573,0.5831263077960737,0.6689061059752385,1.8350387426399443e-05,0.7645129809074093,0.021034218748809,6.629871596083292e-05,-0.000457751281084,-0.0005266943962485,7598.0,1.0,0.8756895613363475,0.6768213378604695,0.5757831895041652,0.0701672526727372,0.8484925448291497,0.1448534997231394,0.5095451291667785,0.9355100792268508,0.3574547742171649,0.4576486448906808,100000,30,10,0.1,5.0,0.1,0,9,0.001,1e-06,0.001,1e-07,1.0,1e-08,adamax,0,0.0,disordered,1,0.4225256543794413,0 days 04:00:08.186527,0.0004577699388862,1.5680980734122452,1.301790857616909
396,396,396,396,0.4047756965997316,0.4047756965997316,0.4047756965997316,0.4047756965997316,0.4047756965997316,0.4047756965997316,0.4047756965997316,0.4047756965997316,0.4047756965997316,0.4047756965997316,1.0004251581777832,0.1473494343575566,0.1662668700692058,0.1592680519673565,0.1604181466773607,0.4742700662975737,0.3075448085854084,0.271671003928827,0.8832296643025199,0.1512312559338662,-0.000472245933109,-0.0005356650683919,448.0,0.0,0.9447030141551648,0.2973425907157143,0.4522681555553598,0.381264433246623,0.407176822363004,0.4311905702831072,0.9909251799832076,0.8054271184567908,0.0408023291092698,0.6091725876977999,100000,30,10,0.1,5.0,0.1,0,9,0.001,1e-06,0.001,1e-07,1.0,1e-08,adamax,0,0.0,disordered,1,0.4042827999170252,0 days 04:00:08.186527,0.0004722461508054,1.2972414107092691,1.2068072969690569
397,397,397,397,0.1925613572129196,0.1925613572129196,0.1925613572129196,0.1925613572129196,0.1925613572129196,0.1925613572129196,0.1925613572129196,0.1925613572129196,0.1925613572129196,0.1925613572129196,2.350931361729167e-05,0.8808918370461478,1.3723657090570297e-05,0.0863385902627376,0.3210137718768162,2.397816628285868e-06,2.173863219217648e-06,0.1518303370823659,3.9492221316649015e-06,1.8579357206831003e-06,-0.0008540486950475,-0.0012038916854368,8512.0,1.0,0.0117547122692966,0.0783087638927918,0.5831792867219203,0.6205908503134709,0.1705372380655809,0.4032293846380065,0.360509845853903,0.7038513879430254,0.4198563038021821,0.3845682407265546,100000,30,10,0.1,5.0,0.1,0,9,0.001,1e-06,0.001,1e-07,1.0,1e-08,adamax,0,0.0,disordered,1,0.193482612800427,0 days 04:00:08.186527,0.0008540534906625,2.344761854836771,1.583905410538095
398,398,398,398,0.2659804395593755,0.2659804395593755,0.2659804395593755,0.2659804395593755,0.2659804395593755,0.2659804395593755,0.2659804395593755,0.2659804395593755,0.2659804395593755,0.2659804395593755,0.1116499179566812,0.1259112692455298,0.4712504618920419,0.017938731792363,0.2704758520317545,0.4245659188986789,1.3055783356686982e-05,0.4688660450220128,0.18642108155264,2.709791361781503e-05,-0.0006668934715374,-0.0007205951545471,7823.0,1.0,0.8254942886658027,0.6685329114974272,0.1107462968168769,0.5398995705201489,0.2246724106827123,0.2698871709329439,0.6128847196823363,0.8651806171917678,0.3588239467283936,0.5217412887033186,100000,30,10,0.1,5.0,0.1,0,9,0.001,1e-06,0.001,1e-07,1.0,1e-08,adamax,0,0.0,disordered,1,0.2682486822712022,0 days 04:00:08.186527,0.0006669081655237,1.8249770383338872,1.423414630515903
399,399,399,399,0.1148471547840287,0.1148471547840287,0.1148471547840287,0.1148471547840287,0.1148471547840287,0.1148471547840287,0.1148471547840287,0.1148471547840287,0.1148471547840287,0.1148471547840287,0.1050551368881368,0.9845449968333976,0.115397788401388,0.1347957584027608,0.2496286991419219,9.999747677546317e-08,0.0862700063003051,1.070275027179141e-07,1.6397957096120409e-07,0.1296405445221101,-0.0010335475963145,-0.001383210603998,36160.0,0.0,0.0780990026556265,0.7741300326825525,0.1734021894217381,0.3985102239098461,0.2744210850174291,0.5193636535366862,0.2995704625754152,0.4683101527284676,0.4409953107360257,0.6131035871577232,100000,30,10,0.1,5.0,0.1,0,9,0.001,1e-06,0.001,1e-07,1.0,1e-08,adamax,0,0.0,disordered,1,0.1165261806045603,0 days 04:00:08.186527,0.0010335765276999,2.0504681547218637,1.7841688656825803
400,400,400,400,0.3228628202536728,0.3228628202536728,0.3228628202536728,0.3228628202536728,0.3228628202536728,0.3228628202536728,0.3228628202536728,0.3228628202536728,0.3228628202536728,0.3228628202536728,0.0307370125278521,0.0782493304977867,0.0476507919968061,0.416332364922265,0.2345230001962744,1.0000377635738955,0.1035571476696816,0.2575933868450613,0.0511236840599452,0.0713277178342991,-0.0005810313590428,-0.0007112640918811,1026.0,0.0,0.6889362944750851,0.5315913557048402,0.7426015513347075,0.89760034510713,0.4578206884284567,0.0327799627638567,0.7668989494699516,0.4590148296163564,0.7825713013777795,0.8535599729288764,100000,30,10,0.1,5.0,0.1,0,9,0.001,1e-06,0.001,1e-07,1.0,1e-08,adamax,0,0.0,disordered,1,0.3206722579252841,0 days 04:00:08.186527,0.0005810403673079,1.7239769388490471,1.3731754923894335
401,401,401,401,0.4180637241455752,0.4180637241455752,0.4180637241455752,0.4180637241455752,0.4180637241455752,0.4180637241455752,0.4180637241455752,0.4180637241455752,0.4180637241455752,0.4180637241455752,0.4128444248142634,0.242482248179829,0.2754820196768979,0.15875173094483,0.1479253861018132,0.1329087786168945,1.0002941599636286,0.2111143076902105,0.1349479482905511,0.9115042314434764,-0.0004812822600057,-0.0005650814054956,500.0,0.0,0.0768661860969489,0.3981452439674036,0.7405724890116195,0.451693757665647,0.4513610953619369,0.4785476144524054,0.9884437030222668,0.2399492332747925,0.1631818548705969,0.7673370133500969,100000,30,10,0.1,5.0,0.1,0,9,0.001,1e-06,0.001,1e-07,1.0,1e-08,adamax,0,0.0,disordered,1,0.411970720189743,0 days 04:00:08.186527,0.0004813250028232,1.3766210544007256,1.2307014860916758
402,402,402,402,0.2659804395593755,0.2659804395593755,0.2659804395593755,0.2659804395593755,0.2659804395593755,0.2659804395593755,0.2659804395593755,0.2659804395593755,0.2659804395593755,0.2659804395593755,0.5739259893443284,0.7392538692917588,0.4076601597013004,3.609146128508189e-07,0.8293635527926431,1.4876846409048137e-06,0.2080064927114235,0.098282053371413,2.3004350451010025e-07,0.3021551811867739,-0.0007143970363867,-0.0008534202121105,100000.0,0.0,0.8394313855581875,0.0456307130379749,0.6133129324395125,0.8572995983522452,0.7181674555528159,0.1473417427558361,0.1679588803086876,0.4458328913533708,0.3733582963325904,0.1682323792248768,100000,30,10,0.1,5.0,0.1,0,9,0.001,1e-06,0.001,1e-07,1.0,1e-08,adamax,0,0.0,disordered,1,0.2634935992280782,0 days 04:00:08.186527,0.0007144204704458,1.4082686209666975,1.3667845110157018
403,403,403,403,0.4047756965997316,0.4047756965997316,0.4047756965997316,0.4047756965997316,0.4047756965997316,0.4047756965997316,0.4047756965997316,0.4047756965997316,0.4047756965997316,0.4047756965997316,0.4805602162199917,0.1325882816414516,0.3341396326358001,0.2456825003726182,1.0003279560297291,0.2279542330253131,0.1959946860954044,0.2754996532978833,0.5943414517271841,0.1373593969885967,-0.0004867127535105,-0.0005209072559133,704.0,0.0,0.5188531758251657,0.1897948285479452,0.0767443040575475,0.490228514256099,0.9394881155284912,0.1529961204234934,0.1987775029263786,0.5108366387648576,0.9481088718036756,0.4515361091385279,100000,30,10,0.1,5.0,0.1,0,9,0.001,1e-06,0.001,1e-07,1.0,1e-08,adamax,0,0.0,disordered,1,0.4059539705702883,0 days 04:00:08.186527,0.0004867141009676,1.2919420368547259,1.2356631333953958
404,404,404,404,0.3026648059395688,0.3026648059395688,0.3026648059395688,0.3026648059395688,0.3026648059395688,0.3026648059395688,0.3026648059395688,0.3026648059395688,0.3026648059395688,0.3026648059395688,0.2545686037862951,0.4195364439440707,2.407096677169637e-05,0.2836357230829879,0.5409199570687192,2.048209111616616e-06,0.4240163092024341,3.282206021647153e-06,0.0562688243012588,4.81973292949572e-05,-0.0005967053757464,-0.0008010295854554,8526.0,1.0,0.2108011008155037,0.5748792763458139,0.3227719804758109,0.114826221392745,0.6288290534653564,0.4344524935734064,0.955836690367052,0.3841124741955217,0.1527400103484669,0.3235214770355218,100000,30,10,0.1,5.0,0.1,0,9,0.001,1e-06,0.001,1e-07,1.0,1e-08,adamax,0,0.0,disordered,1,0.3036057289797924,0 days 04:00:08.186527,0.0005967072516795,2.0712703283259573,1.393528448245915
405,405,405,405,0.2659804395593755,0.2659804395593755,0.2659804395593755,0.2659804395593755,0.2659804395593755,0.2659804395593755,0.2659804395593755,0.2659804395593755,0.2659804395593755,0.2659804395593755,0.2499878753210771,1.7632257557648744e-06,0.428542597475689,2.662163105336387e-07,5.162091182060689e-07,0.1635734041676932,0.0295739391300801,0.6230740149866738,0.231723906560766,0.5145890223935421,-0.0006449843760345,-0.000724714852808,100000.0,0.0,0.478705397109699,0.2896744681672416,0.4236043653007638,0.7058796814751347,0.7649841990679365,0.5913785395004015,0.4819788990360973,0.1144645956674915,0.6681019572037156,0.2315605713434018,100000,30,10,0.1,5.0,0.1,0,9,0.001,1e-06,0.001,1e-07,1.0,1e-08,adamax,0,0.0,disordered,1,0.2647531127068242,0 days 04:00:08.186527,0.0006449882728414,1.613523936204898,1.3602728669112991
406,406,406,406,0.2121550171362449,0.2121550171362449,0.2121550171362449,0.2121550171362449,0.2121550171362449,0.2121550171362449,0.2121550171362449,0.2121550171362449,0.2121550171362449,0.2121550171362449,0.3837285836354352,3.0693620195110985e-05,0.501101308789975,0.3635573922464927,0.0901452501714902,1.763402300473092e-05,0.4811606830630235,3.0729114209568435e-05,0.0562442936376251,0.2140078759147754,-0.000831578206373,-0.0010003307947551,8042.0,1.0,0.7390020615307508,0.9544489617011576,0.8544794496351783,0.2752854311959272,0.4633228012303384,0.4448150007803281,0.7695702694079896,0.4177353826609133,0.3523804298155346,0.5876489041153224,100000,30,10,0.1,5.0,0.1,0,9,0.001,1e-06,0.001,1e-07,1.0,1e-08,adamax,0,0.0,disordered,1,0.2088458172494173,0 days 04:00:08.186527,0.0008316425853191,1.810765333861452,1.5222861254739084
407,407,407,407,0.1586356533508588,0.1586356533508588,0.1586356533508588,0.1586356533508588,0.1586356533508588,0.1586356533508588,0.1586356533508588,0.1586356533508588,0.1586356533508588,0.1586356533508588,0.5860451039906062,1.0391102872929286e-05,1.050067826474738e-05,6.35613427709029e-06,0.5023792560435141,0.1046310152940425,0.3042523311932819,3.459503130838699e-06,9.852789015763852e-06,2.673893003150328e-06,-0.0010029847185215,-0.0013186597932865,8675.0,1.0,0.5700373507724078,0.8437694751711267,0.9270465241719712,0.8580380618820481,0.9901759181550464,0.5752218574086545,0.4132837074807526,0.7075600902013015,0.8685163119647893,0.7130143259681695,100000,30,10,0.1,5.0,0.1,0,9,0.001,1e-06,0.001,1e-07,1.0,1e-08,adamax,0,0.0,disordered,1,0.1582512900715943,0 days 04:00:08.186527,0.0010029863462851,1.9361317046425688,1.57505594482324
408,408,408,408,0.367392478180207,0.367392478180207,0.367392478180207,0.367392478180207,0.367392478180207,0.367392478180207,0.367392478180207,0.367392478180207,0.367392478180207,0.367392478180207,0.0012327927318472,0.5159488213270813,0.7122754141593121,2.012602577752111e-05,0.181739065443031,0.0001878763736171,0.3084826903954967,0.6339183184369298,0.4494014526215192,0.0001276026454357,-0.0005163728892253,-0.00059012829483,7473.0,1.0,0.5777545556052495,0.1626708743365238,0.7240797155870501,0.9090844381539972,0.4600232907566758,0.8684837932574364,0.5933301678821135,0.2654987928559305,0.980302087071833,0.7439096253516175,100000,30,10,0.1,5.0,0.1,0,9,0.001,1e-06,0.001,1e-07,1.0,1e-08,adamax,0,0.0,disordered,1,0.3676257078675837,0 days 04:00:08.186527,0.0005163728198565,1.6905363734666614,1.3324780230514475
409,409,409,409,0.31260072430687,0.31260072430687,0.31260072430687,0.31260072430687,0.31260072430687,0.31260072430687,0.31260072430687,0.31260072430687,0.31260072430687,0.31260072430687,0.8030799692338733,0.0172872114467284,0.13125700963679,0.4085236654107113,3.039581764765628e-07,0.221149647525649,0.148237515469298,0.3023411641236575,0.3037636352245971,0.7093804315776395,-0.0005976511089829,-0.0006561448150203,100000.0,0.0,0.9795252067723554,0.6100530758570066,0.7432085107373737,0.2743893831586442,0.528768332327481,0.3843675888443327,0.685815770505385,0.9425531853188596,0.5579147457481594,0.0067021813154815,100000,30,10,0.1,5.0,0.1,0,9,0.001,1e-06,0.001,1e-07,1.0,1e-08,adamax,0,0.0,disordered,1,0.3111230234164785,0 days 04:00:08.186527,0.0005976554411063,1.8513856234134918,1.3064459221344884
410,410,410,410,0.1186173716452477,0.1186173716452477,0.1186173716452477,0.1186173716452477,0.1186173716452477,0.1186173716452477,0.1186173716452477,0.1186173716452477,0.1186173716452477,0.1186173716452477,0.3269894626632389,0.1062993493232635,0.5977808790312026,3.740111761675943e-06,0.0488070178775973,1.139723775235804e-05,0.5789707026404453,3.039659622429256e-06,0.1069500974409499,3.3491446499186707e-06,-0.000749297470716,-0.0008756581850743,8347.0,1.0,0.3157447487468376,0.5393754406066464,0.7927550561613438,0.5851494185583955,0.2004989269701369,0.6086739255337252,0.8785329218706656,0.5196576168317664,0.8446810793024534,0.5367725491017408,100000,30,10,0.1,5.0,0.1,0,9,0.001,1e-06,0.001,1e-07,1.0,1e-08,adamax,0,0.0,disordered,1,0.1191688932076045,0 days 04:00:08.186527,0.0007492983046347,2.0978827330417382,1.8193018291970855
411,411,411,411,0.4606028844202396,0.4606028844202396,0.4606028844202396,0.4606028844202396,0.4606028844202396,0.4606028844202396,0.4606028844202396,0.4606028844202396,0.4606028844202396,0.4606028844202396,0.7885462053244165,1.0003277024133057,0.4467935577128337,0.3129145387017438,0.27245610532289,0.1708000963999038,0.8445374307573918,0.1736015743482228,0.1939615551356548,0.9326009802266276,-0.000424609255577,-0.000477283202372,431.0,0.0,0.0623806444892994,0.9740497216217924,0.0443351207676094,0.2788677951042795,0.6496983544362016,0.8143035604229114,0.2143998146561042,0.8709662011441918,0.7041999841816713,0.0892101155075248,100000,30,10,0.1,5.0,0.1,0,9,0.001,1e-06,0.001,1e-07,1.0,1e-08,adamax,0,0.0,disordered,1,0.4599949469218131,0 days 04:00:08.186527,0.0004246094895164,1.345522773497433,1.2276725455435473
412,412,412,412,0.4459627626819087,0.4459627626819087,0.4459627626819087,0.4459627626819087,0.4459627626819087,0.4459627626819087,0.4459627626819087,0.4459627626819087,0.4459627626819087,0.4459627626819087,0.7005853807170489,0.1362377763636711,0.3589688108365532,0.1267397059778105,0.8336923224897298,0.1244245330417232,0.8436764613709198,0.1502597718042053,0.1292141071153433,1.000119320046808,-0.0004313525200169,-0.0004833251276852,559.0,0.0,0.443404841571228,0.888556139924945,0.4476377740232786,0.8643357016188029,0.208028473648042,0.8729712189375171,0.6978724220509919,0.0260082553528578,0.1050460408884276,0.7372771680981177,100000,30,10,0.1,5.0,0.1,0,9,0.001,1e-06,0.001,1e-07,1.0,1e-08,adamax,0,0.0,disordered,1,0.4521745195804515,0 days 04:00:08.186527,0.0004313824655088,1.44383255229884,1.2679450936083614
413,413,413,413,0.4317879727332017,0.4317879727332017,0.4317879727332017,0.4317879727332017,0.4317879727332017,0.4317879727332017,0.4317879727332017,0.4317879727332017,0.4317879727332017,0.4317879727332017,0.8490766160545178,0.0449495453702134,1.000025936066396,0.070657320051772,0.0519912349359414,0.3819107945321901,0.8190450375303263,0.0509150697979176,0.6400886630909168,0.1788499890485912,-0.0004498459875955,-0.0004987189462006,1488.0,0.0,0.8387652840941259,0.370744818252592,0.2664376532277743,0.9740513397038838,0.8470511746955247,0.9963015274446064,0.1755721556118751,0.508987638561795,0.097202802981983,0.6792269818519482,100000,30,10,0.1,5.0,0.1,0,9,0.001,1e-06,0.001,1e-07,1.0,1e-08,adamax,0,0.0,disordered,1,0.4331486803864521,0 days 04:00:08.186527,0.000449847602406,1.3464845211365064,1.2467360827821041
414,414,414,414,0.2414157116103016,0.2414157116103016,0.2414157116103016,0.2414157116103016,0.2414157116103016,0.2414157116103016,0.2414157116103016,0.2414157116103016,0.2414157116103016,0.2414157116103016,0.5779326093490873,0.0175853690301118,1.0000824399974295,0.1589002843498389,0.0227733514447197,0.021655845799019,0.4758550430428714,0.0165930631388542,0.0199930013432094,0.0189526982657176,-0.0008221413125564,-0.0011981147700119,1350.0,0.0,0.4061118564358863,0.0850005313577458,0.1526317251226819,0.910299374681492,0.8768903554469762,0.9551525228261156,0.8965535951168451,0.5351546363255458,0.515455733158423,0.5871028732238763,100000,30,10,0.1,5.0,0.1,0,9,0.001,1e-06,0.001,1e-07,1.0,1e-08,adamax,0,0.0,disordered,1,0.2386315506726473,0 days 04:00:08.186527,0.0008221889936052,1.3974169762577924,1.2693377954060576
415,415,415,415,0.367392478180207,0.367392478180207,0.367392478180207,0.367392478180207,0.367392478180207,0.367392478180207,0.367392478180207,0.367392478180207,0.367392478180207,0.367392478180207,0.6711639331518496,0.402710662576099,1.1420938197394377e-06,4.640777031450572e-06,0.5695668522424207,0.8993300719013109,0.0929468229538436,0.6003553547944329,0.0646612605594254,0.3976714885539881,-0.0004705711507598,-0.0005167866514723,100000.0,0.0,0.7668237644363374,0.1977185743600077,0.4451151522347814,0.3975934206429982,0.7896529458900853,0.045998356855588,0.6402027140035832,0.0887070636110953,0.5421498286417926,0.2224473832800946,100000,30,10,0.1,5.0,0.1,0,9,0.001,1e-06,0.001,1e-07,1.0,1e-08,adamax,0,0.0,disordered,1,0.3700481852186925,0 days 04:00:08.186527,0.0004705770657895,1.5156287948254297,1.3551509103858776
416,416,416,416,0.3444087275973818,0.3444087275973818,0.3444087275973818,0.3444087275973818,0.3444087275973818,0.3444087275973818,0.3444087275973818,0.3444087275973818,0.3444087275973818,0.3444087275973818,1.0008875888871274,0.3561249276308057,0.1186954776634743,0.1206943450542383,0.2457747046669685,0.2844787360620016,0.7302367574369437,0.1075475494148276,0.1145960554719951,0.7324524541022227,-0.0005275107327291,-0.0005998594030638,537.0,0.0,0.9775771675428512,0.1337770573080597,0.3215407232104753,0.2104542570814508,0.2592652477594613,0.6798966146732351,0.0686101487521969,0.6204432240171837,0.5210326863650419,0.0479173199134617,100000,30,10,0.1,5.0,0.1,0,9,0.001,1e-06,0.001,1e-07,1.0,1e-08,adamax,0,0.0,disordered,1,0.3460463263569476,0 days 04:00:08.186527,0.0005275142709127,1.4295897544806357,1.3099231059907253
417,417,417,417,0.3026648059395688,0.3026648059395688,0.3026648059395688,0.3026648059395688,0.3026648059395688,0.3026648059395688,0.3026648059395688,0.3026648059395688,0.3026648059395688,0.3026648059395688,0.9613598714663912,0.0427900385746684,0.603046399930349,0.011859304487291,0.254854616244874,0.9842309700356264,2.748198812938835e-05,5.715379176457856e-05,0.113038165255127,0.2630679616113514,-0.0006326958478961,-0.0007578385628409,8470.0,1.0,0.9477142052086226,0.4848109501995765,0.0552227853994373,0.5430994458188134,0.3849288534581921,0.1053313431245639,0.7779611767655182,0.8869022045397801,0.7002695496615222,0.4575697830924936,100000,30,10,0.1,5.0,0.1,0,9,0.001,1e-06,0.001,1e-07,1.0,1e-08,adamax,0,0.0,disordered,1,0.2979522742230555,0 days 04:00:08.186527,0.0006327525227766,1.697742624974969,1.3331510062017347
418,418,418,418,0.4606028844202396,0.4606028844202396,0.4606028844202396,0.4606028844202396,0.4606028844202396,0.4606028844202396,0.4606028844202396,0.4606028844202396,0.4606028844202396,0.4606028844202396,1.0001948414754471,0.2512794420352896,0.2811379216838328,0.2498408964727679,0.3891009108177991,0.2249922509154514,0.2637812654358279,0.2390730659531594,0.5486381549184233,0.8914648018619159,-0.0004339064090879,-0.0004976469890219,344.0,0.0,0.8279043825811457,0.0228108001645128,0.2168319095813321,0.5835180776469203,0.1919119630154349,0.6599521583299469,0.4842590997345396,0.818860080709731,0.9829739193633368,0.0562300084333338,100000,30,10,0.1,5.0,0.1,0,9,0.001,1e-06,0.001,1e-07,1.0,1e-08,adamax,0,0.0,disordered,1,0.4540922627759289,0 days 04:00:08.186527,0.0004339403290001,1.3641943702695403,1.2129677993333332
419,419,419,419,0.333461801578636,0.333461801578636,0.333461801578636,0.333461801578636,0.333461801578636,0.333461801578636,0.333461801578636,0.333461801578636,0.333461801578636,0.333461801578636,0.3759799657195896,0.8020549896955652,0.0712746205629872,0.0003013217037965,0.0525975160827537,0.4236093124820296,0.8309546345517907,0.4070075886483277,7.016516267126969e-05,3.451794024279586e-05,-0.000540691872648,-0.000672790342814,8031.0,1.0,0.7374439039462058,0.0605299613106001,0.5366332415027617,0.3574310256945521,0.477786134856731,0.7429309261481368,0.0060714017867887,0.6322373208429781,0.8776752987789853,0.8889077610091979,100000,30,10,0.1,5.0,0.1,0,9,0.001,1e-06,0.001,1e-07,1.0,1e-08,adamax,0,0.0,disordered,1,0.3318323659792875,0 days 04:00:08.186527,0.0005406960084587,1.5170408590045352,1.370193682552011
420,420,420,420,0.5074705239490462,0.5074705239490462,0.5074705239490462,0.5074705239490462,0.5074705239490462,0.5074705239490462,0.5074705239490462,0.5074705239490462,0.5074705239490462,0.5074705239490462,0.2178503806908316,0.4415386139711009,0.2705910750262026,0.270678509573907,1.000761289171595,0.7774684450822831,0.8670520263232004,0.2291347385363037,0.2605727696558841,0.2502620951970279,-0.0003738683619863,-0.000416980660346,393.0,0.0,0.5089284620972206,0.6478809576340099,0.1556323125427124,0.2068350038228429,0.9780836291940408,0.0356991540319092,0.9092382284920736,0.2672374227202893,0.5307924500262473,0.2355793896833975,100000,30,10,0.1,5.0,0.1,0,9,0.001,1e-06,0.001,1e-07,1.0,1e-08,adamax,0,0.0,disordered,1,0.5127346449995771,0 days 04:00:08.186527,0.0003738811702203,1.2487479935441583,1.2525978673742202
421,421,421,421,0.3919100249433399,0.3919100249433399,0.3919100249433399,0.3919100249433399,0.3919100249433399,0.3919100249433399,0.3919100249433399,0.3919100249433399,0.3919100249433399,0.3919100249433399,1.0018002318260024,0.2584343718876489,0.1652955601992613,0.1871654596985882,0.1683196983115739,0.6892182593522536,0.1722008259943221,0.1617243795476294,0.3247742351187405,0.9012915094326924,-0.0005009466528558,-0.0005882503353687,419.0,0.0,0.0901000589145878,0.8642026280397647,0.6317141650569772,0.876657615352935,0.6312930919644297,0.7195131777345785,0.1178494397021134,0.0080913134267293,0.0872828867116046,0.8508026412379843,100000,30,10,0.1,5.0,0.1,0,9,0.001,1e-06,0.001,1e-07,1.0,1e-08,adamax,0,0.0,disordered,1,0.3969813782564991,0 days 04:00:08.186527,0.0005009796044817,1.3175238310978579,1.2034124312929801
422,422,422,422,0.4913407286296357,0.4913407286296357,0.4913407286296357,0.4913407286296357,0.4913407286296357,0.4913407286296357,0.4913407286296357,0.4913407286296357,0.4913407286296357,0.4913407286296357,0.226734421290889,0.2228012725142014,0.2203717981382915,0.2490444964679903,0.2874691724835985,0.2500463419647397,0.8833398899638228,0.2369308938963876,0.4502347497722344,1.0009278144655165,-0.000414302148234,-0.0004694269606049,367.0,0.0,0.033078484054218,0.097327803329519,0.1038749459723467,0.0650983777042751,0.3313407450886593,0.5978040048406219,0.916582533279836,0.17015582681389,0.0494699350626028,0.9646569145800296,100000,30,10,0.1,5.0,0.1,0,9,0.001,1e-06,0.001,1e-07,1.0,1e-08,adamax,0,0.0,disordered,1,0.4900561950282687,0 days 04:00:08.186527,0.0004143032894548,1.1814643288027757,1.1493512931517766
423,423,423,423,0.4180637241455752,0.4180637241455752,0.4180637241455752,0.4180637241455752,0.4180637241455752,0.4180637241455752,0.4180637241455752,0.4180637241455752,0.4180637241455752,0.4180637241455752,1.000197526602136,0.1541288728176075,0.2878674795934709,0.3893072047321498,0.8589054489146088,0.1606851578610044,0.5521667439000579,0.4500500975909602,0.2201380545909821,0.3620622370537712,-0.0004692119954827,-0.0004949354728801,455.0,0.0,0.1397394755912353,0.7383568155103292,0.9288728859304648,0.410150121628493,0.985694627080419,0.3127921117733295,0.1647179687027753,0.8604756114186567,0.6569436959729558,0.3024521432812769,100000,30,10,0.1,5.0,0.1,0,9,0.001,1e-06,0.001,1e-07,1.0,1e-08,adamax,0,0.0,disordered,1,0.4172073555337787,0 days 04:00:08.186527,0.0004692128205501,1.2572663238184985,1.26364613796672
424,424,424,424,0.2414157116103016,0.2414157116103016,0.2414157116103016,0.2414157116103016,0.2414157116103016,0.2414157116103016,0.2414157116103016,0.2414157116103016,0.2414157116103016,0.2414157116103016,0.0013268503728229,0.5564842435741144,5.2255335429875086e-05,0.0737811784147935,0.1960170802139119,3.468478911579478e-05,0.035876465502633,0.6879942738671917,0.1073837261403327,2.722184825357769e-05,-0.0007505091278493,-0.0009294015378128,8223.0,1.0,0.0392289274013856,0.297639526640463,0.6244075956757914,0.5703928005178455,0.2740402596437613,0.4171649006978538,0.3383073762088127,0.0760985783527971,0.6413694409016957,0.5403388269281143,100000,30,10,0.1,5.0,0.1,0,9,0.001,1e-06,0.001,1e-07,1.0,1e-08,adamax,0,0.0,disordered,1,0.2408849299752565,0 days 04:00:08.186527,0.0007505106998661,1.9397546296000545,1.4131879348667473
425,425,425,425,0.293044697697214,0.293044697697214,0.293044697697214,0.293044697697214,0.293044697697214,0.293044697697214,0.293044697697214,0.293044697697214,0.293044697697214,0.293044697697214,0.853087406247319,2.103188646282946e-06,1.6248362867902797e-05,5.9189149141939e-06,0.1786580649473317,0.7652388106700577,0.2137940938116825,4.010039839867693e-05,0.2538495784885514,0.2087942514332289,-0.000632547272412,-0.0007749176505143,8311.0,1.0,0.868269939434009,0.805147555387551,0.4031840261888079,0.7671894166866913,0.6234453362787614,0.9160253701982888,0.2260529647564922,0.3015135560709335,0.4814674968405427,0.1361810193696396,100000,30,10,0.1,5.0,0.1,0,9,0.001,1e-06,0.001,1e-07,1.0,1e-08,adamax,0,0.0,disordered,1,0.2953234252770294,0 days 04:00:08.186527,0.0006325613150335,1.736175408527637,1.3851891236614644
426,426,426,426,0.367392478180207,0.367392478180207,0.367392478180207,0.367392478180207,0.367392478180207,0.367392478180207,0.367392478180207,0.367392478180207,0.367392478180207,0.367392478180207,0.1281323113580199,0.2690593328860288,0.1604738397777249,0.1506684476333261,1.0015031004987518,0.3695199026435334,0.1415248998768343,0.5396584017155435,0.1755190284854428,0.1368098385827466,-0.0005074799621598,-0.0006059641998608,457.0,0.0,0.5786358154326687,0.3945728051585766,0.7390275440182333,0.8049961602735147,0.097440937207325,0.9958274747499029,0.783059412368617,0.7552922076196017,0.2436965995655647,0.255313277822048,100000,30,10,0.1,5.0,0.1,0,9,0.001,1e-06,0.001,1e-07,1.0,1e-08,adamax,0,0.0,disordered,1,0.3729183640299119,0 days 04:00:08.186527,0.0005075187806855,1.451599181342404,1.3144916378681608
427,427,427,427,0.3228628202536728,0.3228628202536728,0.3228628202536728,0.3228628202536728,0.3228628202536728,0.3228628202536728,0.3228628202536728,0.3228628202536728,0.3228628202536728,0.3228628202536728,1.0010656352088767,0.3118652860075763,0.1094195377363558,0.452399228855288,0.1967383754209204,0.1333160941933401,0.1129290476123508,0.1214858758267677,0.5315095952666089,0.4849620520003349,-0.0005708338681683,-0.0006507733044202,548.0,0.0,0.8780696461448481,0.0474392181398537,0.1213003874962951,0.6042273808478984,0.2366047924505466,0.519481781434452,0.5303635051339174,0.4009237345058491,0.7996211312769392,0.2024393779900505,100000,30,10,0.1,5.0,0.1,0,9,0.001,1e-06,0.001,1e-07,1.0,1e-08,adamax,0,0.0,disordered,1,0.3198465069548698,0 days 04:00:08.186527,0.0005708496724212,1.4331723168745578,1.3180240312811102
428,428,428,428,0.2414157116103016,0.2414157116103016,0.2414157116103016,0.2414157116103016,0.2414157116103016,0.2414157116103016,0.2414157116103016,0.2414157116103016,0.2414157116103016,0.2414157116103016,0.3642233933803829,0.1143814572831886,1.0002894729906378,0.1887602807547657,0.0483697741239168,0.0326084132560874,0.0404571889060314,0.058459844723033,0.0374795409710882,0.6330257873746805,-0.0007530145194084,-0.0010235551735475,999.0,0.0,0.7549940596570428,0.4142712055183708,0.9037871628105756,0.1545010690876436,0.2283075734778952,0.3284351138941715,0.2082114225106698,0.3052946724139943,0.3839912012958899,0.7772702834581381,100000,30,10,0.1,5.0,0.1,0,9,0.001,1e-06,0.001,1e-07,1.0,1e-08,adamax,0,0.0,disordered,1,0.2402199241042374,0 days 04:00:08.186527,0.0007530208910699,1.7650993823922576,1.4156533887282183
429,429,429,429,0.3444087275973818,0.3444087275973818,0.3444087275973818,0.3444087275973818,0.3444087275973818,0.3444087275973818,0.3444087275973818,0.3444087275973818,0.3444087275973818,0.3444087275973818,6.501966924789805e-05,0.0001064747752768,0.3961513285079967,0.000100704231474,0.6681942871203043,0.5420400291312423,0.4342470152652001,0.1899753788428239,0.0001594490847947,0.3947279123397618,-0.0005792806232704,-0.0006663506828658,8266.0,1.0,0.6941896989008876,0.78313027329173,0.5499592443768622,0.2908792486391455,0.14391926437249,0.95166470313576,0.6264611249987306,0.2094205563865516,0.307021602556112,0.5711078240273729,100000,30,10,0.1,5.0,0.1,0,9,0.001,1e-06,0.001,1e-07,1.0,1e-08,adamax,0,0.0,disordered,1,0.3446242126905712,0 days 04:00:08.186527,0.0005792807976627,1.3335802863893167,1.266726126180978
430,430,430,430,0.3026648059395688,0.3026648059395688,0.3026648059395688,0.3026648059395688,0.3026648059395688,0.3026648059395688,0.3026648059395688,0.3026648059395688,0.3026648059395688,0.3026648059395688,0.6529947771387906,0.0267511146154034,0.4829224524504567,3.921697701208856e-05,0.7263437990375029,0.2018796144984332,3.175169617376432e-05,0.0262739415757067,1.0246100306615886e-05,0.9555476037334144,-0.000626342887591,-0.0007823342158081,8157.0,1.0,0.4642153340076552,0.0443982716617367,0.3087127172689884,0.570101021446974,0.8113968835651177,0.1923760426349848,0.2362920343534394,0.4211772546111664,0.2909983679153783,0.8314709667747209,100000,30,10,0.1,5.0,0.1,0,9,0.001,1e-06,0.001,1e-07,1.0,1e-08,adamax,0,0.0,disordered,1,0.3033084966691292,0 days 04:00:08.186527,0.0006263440156864,1.5877062011685532,1.3241869853143364
431,431,431,431,0.2337423870891812,0.2337423870891812,0.2337423870891812,0.2337423870891812,0.2337423870891812,0.2337423870891812,0.2337423870891812,0.2337423870891812,0.2337423870891812,0.2337423870891812,0.0156914938420861,0.2552531187288425,0.0209679468076809,3.186621657036896e-06,0.0663481059560478,2.3930792270417195e-06,0.825751204030724,2.203675607413497e-05,3.7354848939648216e-05,0.0416891041439492,-0.0007725944584637,-0.0010822756143884,8958.0,1.0,0.5534828446122183,0.2175816337899362,0.4906757667783886,0.5199002449135323,0.2671437476940458,0.5979486596090239,0.7718729024134061,0.2164945105461688,0.2999434994304586,0.1533508288995307,100000,30,10,0.1,5.0,0.1,0,9,0.001,1e-06,0.001,1e-07,1.0,1e-08,adamax,0,0.0,disordered,1,0.2321568313835289,0 days 04:00:08.186527,0.0007726065121372,2.4056723515336156,1.4907363571207883
432,432,432,432,0.31260072430687,0.31260072430687,0.31260072430687,0.31260072430687,0.31260072430687,0.31260072430687,0.31260072430687,0.31260072430687,0.31260072430687,0.31260072430687,0.9409197288215844,9.21372140373978e-07,5.913576924164455e-07,0.3539208000486014,0.5131160602575069,0.0844086535087326,3.167406236121089e-07,0.4801099146172998,0.0977500742456113,0.8692793448547079,-0.0005729850979004,-0.0006349610656955,100000.0,0.0,0.3195367682869472,0.7820850369686129,0.7448619599270543,0.9248967866411554,0.3887877573003923,0.0985704167715635,0.1675447666825603,0.5137492964779893,0.1105763306479585,0.7014873931592067,100000,30,10,0.1,5.0,0.1,0,9,0.001,1e-06,0.001,1e-07,1.0,1e-08,adamax,0,0.0,disordered,1,0.3116674879192195,0 days 04:00:08.186527,0.0005729871729698,1.4292401731951496,1.285022789203921
433,433,433,433,0.4459627626819087,0.4459627626819087,0.4459627626819087,0.4459627626819087,0.4459627626819087,0.4459627626819087,0.4459627626819087,0.4459627626819087,0.4459627626819087,0.4459627626819087,0.2126491668643635,0.1887923544662028,0.1805376323466868,0.1879791302043141,0.6665783801839026,0.7103503979104308,1.000925599799925,0.2534539622416893,0.1807410458320195,0.1819452568257013,-0.0004224320925128,-0.0005085099008322,407.0,0.0,0.3016018973615433,0.476151153352352,0.4126774873130205,0.3734420164616533,0.8389299467094694,0.0392879488090178,0.8777632374124122,0.0916045713660271,0.1239922965806723,0.1954247213941399,100000,30,10,0.1,5.0,0.1,0,9,0.001,1e-06,0.001,1e-07,1.0,1e-08,adamax,0,0.0,disordered,1,0.4410784249916518,0 days 04:00:08.186527,0.0004224474313858,1.231407660932264,1.268735995998664
434,434,434,434,0.2747120789270809,0.2747120789270809,0.2747120789270809,0.2747120789270809,0.2747120789270809,0.2747120789270809,0.2747120789270809,0.2747120789270809,0.2747120789270809,0.2747120789270809,4.9456340744120686e-05,0.5318182384562696,0.809711111384608,8.898153487946341e-05,0.0504857120414991,0.6469200867515394,0.0535694146430253,0.4389432435864204,2.4375970811321465e-05,2.037276350858223e-05,-0.000658706892965,-0.0008288962000351,8327.0,1.0,0.8594286123559097,0.978416148156912,0.159424131963394,0.5461449445673813,0.5942946417975588,0.1952037384692118,0.7259240638847196,0.4597594672468109,0.2430679274794144,0.2437548398522748,100000,30,10,0.1,5.0,0.1,0,9,0.001,1e-06,0.001,1e-07,1.0,1e-08,adamax,0,0.0,disordered,1,0.276760840386679,0 days 04:00:08.186527,0.0006587190213347,1.6033367403084993,1.4309311397544637
435,435,435,435,0.333461801578636,0.333461801578636,0.333461801578636,0.333461801578636,0.333461801578636,0.333461801578636,0.333461801578636,0.333461801578636,0.333461801578636,0.333461801578636,0.1054995740068433,1.000647888994072,0.1514463954152015,0.1515782331763308,0.2460555569484275,0.7133045097324417,0.4285617307668031,0.1385475911570342,0.1866947669795907,0.0964429276728419,-0.0005405571326828,-0.000617122996249,536.0,0.0,0.6250640713374368,0.0349049408870774,0.8137461123794502,0.8022082741594044,0.5462395564276872,0.0257210106744134,0.6964174326169836,0.3760781192234548,0.0682837960718534,0.3122274830266416,100000,30,10,0.1,5.0,0.1,0,9,0.001,1e-06,0.001,1e-07,1.0,1e-08,adamax,0,0.0,disordered,1,0.3359613284302902,0 days 04:00:08.186527,0.0005405665783294,1.4733715391419149,1.3544500197053069
436,436,436,436,0.2121550171362449,0.2121550171362449,0.2121550171362449,0.2121550171362449,0.2121550171362449,0.2121550171362449,0.2121550171362449,0.2121550171362449,0.2121550171362449,0.2121550171362449,0.0080422279553114,1.0000178781117357,0.3439490973171004,0.484139892851126,0.0682366356240537,0.2878782101532412,0.0111927308380778,0.0069568346354632,0.0251677994336417,0.0122102923925824,-0.0007977682307228,-0.0010848585570049,2180.0,0.0,0.3944899567097174,0.1226617231760087,0.9475207628202458,0.4260414586930559,0.8100282680279501,0.5975459503621761,0.3816991229716037,0.5126424269200387,0.5061116559125608,0.3788965036930004,100000,30,10,0.1,5.0,0.1,0,9,0.001,1e-06,0.001,1e-07,1.0,1e-08,adamax,0,0.0,disordered,1,0.2149194063593187,0 days 04:00:08.186527,0.0007978093639204,1.6184607789500034,1.4956672548251144
437,437,437,437,0.3557150206821381,0.3557150206821381,0.3557150206821381,0.3557150206821381,0.3557150206821381,0.3557150206821381,0.3557150206821381,0.3557150206821381,0.3557150206821381,0.3557150206821381,0.8752564962250827,0.5367078444866031,0.0859939812585588,0.0837762858047717,0.0864385405768173,0.5884640691914079,0.1122603967383284,0.0900124333866321,0.2689819168992351,1.0000841532302436,-0.0005580476228432,-0.0006848324459021,730.0,0.0,0.1129140091127403,0.8362778527014838,0.5030238399635895,0.5046900374199776,0.4505084098441546,0.4197558374274474,0.9170020334044912,0.9233777662856352,0.7390637377484149,0.0471269589715681,100000,30,10,0.1,5.0,0.1,0,9,0.001,1e-06,0.001,1e-07,1.0,1e-08,adamax,0,0.0,disordered,1,0.3520525088072375,0 days 04:00:08.186527,0.0005580714413653,1.2814122027353974,1.1706971811457794
438,438,438,438,0.293044697697214,0.293044697697214,0.293044697697214,0.293044697697214,0.293044697697214,0.293044697697214,0.293044697697214,0.293044697697214,0.293044697697214,0.293044697697214,0.4087079297876657,0.064967658233625,0.0008130709397056,0.7241392745038348,2.1611346651667027e-06,0.3053860736979924,5.314672826780676e-07,4.173085329732356e-06,0.0653477180759136,0.739496964416216,-0.0005698894968925,-0.0007380938874769,10125.0,1.0,0.3849455089948101,0.6870402996533349,0.5518457225659112,0.8117566407050689,0.2855773821059476,0.8604068336916711,0.3051816407908357,0.4628075398844777,0.2570260760226827,0.7358269282622871,100000,30,10,0.1,5.0,0.1,0,9,0.001,1e-06,0.001,1e-07,1.0,1e-08,adamax,0,0.0,disordered,1,0.2895685256427701,0 days 04:00:08.186527,0.0005699071581152,2.09659367780935,1.443820670078596
439,439,439,439,0.4047756965997316,0.4047756965997316,0.4047756965997316,0.4047756965997316,0.4047756965997316,0.4047756965997316,0.4047756965997316,0.4047756965997316,0.4047756965997316,0.4047756965997316,1.0002369204010182,0.1488122792968171,0.1945798939782324,0.5523470588069631,0.5205838956597897,0.5505457130578058,0.1977228208923525,0.5361465051986013,0.3317408070526313,0.2296428227991589,-0.000472185465869,-0.0004915103678982,443.0,0.0,0.1547908482468332,0.7971521240790802,0.6923985787912933,0.1914895523452701,0.7597127404693617,0.0754586964981677,0.4304434890408789,0.8152005596340461,0.2580527139330374,0.6069905266831779,100000,30,10,0.1,5.0,0.1,0,9,0.001,1e-06,0.001,1e-07,1.0,1e-08,adamax,0,0.0,disordered,1,0.3985290408484705,0 days 04:00:08.186527,0.000472223582967,1.3203290102139078,1.3135517543649227
440,440,440,440,0.3919100249433399,0.3919100249433399,0.3919100249433399,0.3919100249433399,0.3919100249433399,0.3919100249433399,0.3919100249433399,0.3919100249433399,0.3919100249433399,0.3919100249433399,0.1480683213444401,0.4920212961070064,0.2127607460262605,1.000310375706421,0.4589377264384521,0.1326104350719399,0.2470835163766622,0.4597290201812545,0.1708354720635926,0.1926305888661039,-0.0005081808988199,-0.0005921052795658,526.0,0.0,0.4929727807818711,0.0009201373255063,0.4231275840871377,0.9957385943742338,0.0525133950508098,0.1719454362042398,0.0178923526428681,0.5314871003383851,0.2664625904387796,0.0473929502426381,100000,30,10,0.1,5.0,0.1,0,9,0.001,1e-06,0.001,1e-07,1.0,1e-08,adamax,0,0.0,disordered,1,0.3901371194039041,0 days 04:00:08.186527,0.0005081846996549,1.3724176759707587,1.275188969803417
441,441,441,441,0.4180637241455752,0.4180637241455752,0.4180637241455752,0.4180637241455752,0.4180637241455752,0.4180637241455752,0.4180637241455752,0.4180637241455752,0.4180637241455752,0.4180637241455752,8.038169171010344e-05,0.0002944554195986,0.813144704898408,0.3734574004321389,0.9961363517532552,2.4013214637695423e-05,0.5743646706142923,0.3228785282452255,2.2223188464967293e-05,0.776174809725343,-0.0004683115463907,-0.0005121396900821,10944.0,1.0,0.093472536815233,0.0788711661857149,0.6714068463376937,0.1248368096035815,0.9583195585207182,0.5025370125541082,0.3058175143573156,0.904148900983437,0.7832833205337459,0.3469327420832451,100000,30,10,0.1,5.0,0.1,0,9,0.001,1e-06,0.001,1e-07,1.0,1e-08,adamax,0,0.0,disordered,1,0.4189909704244415,0 days 04:00:08.186527,0.000468312356904,1.3297173777080662,1.2855252345222397
442,442,442,442,0.293044697697214,0.293044697697214,0.293044697697214,0.293044697697214,0.293044697697214,0.293044697697214,0.293044697697214,0.293044697697214,0.293044697697214,0.293044697697214,0.000199075216718,0.4657124586505299,0.0001080821495617,0.0004438419825734,0.2987816317103375,0.5896016958560204,0.122718670587137,0.6029113755774987,0.09916526830418,0.4346490841942854,-0.0005812492971221,-0.0006163824040041,7224.0,1.0,0.5858535224651464,0.6297820485179636,0.936713847664752,0.9642983442878172,0.7316120807444645,0.1572315633470487,0.5953399687295066,0.0808829652200129,0.4308987661125483,0.7585813161878658,100000,30,10,0.1,5.0,0.1,0,9,0.001,1e-06,0.001,1e-07,1.0,1e-08,adamax,0,0.0,disordered,1,0.2933375584130695,0 days 04:00:08.186527,0.0005812493154761,1.4499915179044218,1.3598680608933726
443,443,443,443,0.2337423870891812,0.2337423870891812,0.2337423870891812,0.2337423870891812,0.2337423870891812,0.2337423870891812,0.2337423870891812,0.2337423870891812,0.2337423870891812,0.2337423870891812,0.8829972626346183,3.622314011819235e-05,0.4416642671344457,0.2165123547685,0.0001080566343732,3.3724248411799246e-05,0.4447316383799803,0.0664957638527211,3.991742142307477e-05,0.6860114078798999,-0.0007871264603425,-0.0009139623108205,8202.0,1.0,0.8206362599828048,0.3609194732955105,0.2832105456181398,0.7241974383617511,0.9098867768209822,0.8280489583539762,0.6870967866430981,0.3671073857219832,0.3189711500325738,0.7500660878620994,100000,30,10,0.1,5.0,0.1,0,9,0.001,1e-06,0.001,1e-07,1.0,1e-08,adamax,0,0.0,disordered,1,0.2353474064935247,0 days 04:00:08.186527,0.0007871396490874,1.32318971929746,1.311891271257183
444,444,444,444,0.333461801578636,0.333461801578636,0.333461801578636,0.333461801578636,0.333461801578636,0.333461801578636,0.333461801578636,0.333461801578636,0.333461801578636,0.333461801578636,1.000016039479591,0.1590328058344418,0.8967691714416755,0.011350435763512,0.4143880115547652,0.0073715325707157,0.4031474694540644,0.0159636019422796,0.2516335836936514,0.0083149944684561,-0.0005271130009222,-0.0007015608725328,1693.0,0.0,0.6578020412221989,0.0156159215051742,0.5081052609970176,0.9779334025364208,0.2936435467782463,0.962758541716221,0.809461121567692,0.5516756075826977,0.1611862320005465,0.4890303313130391,100000,30,10,0.1,5.0,0.1,0,9,0.001,1e-06,0.001,1e-07,1.0,1e-08,adamax,0,0.0,disordered,1,0.3299162370100462,0 days 04:00:08.186527,0.0005271280149202,1.7026551537065961,1.346703521569044
445,445,445,445,0.4459627626819087,0.4459627626819087,0.4459627626819087,0.4459627626819087,0.4459627626819087,0.4459627626819087,0.4459627626819087,0.4459627626819087,0.4459627626819087,0.4459627626819087,1.0010818327901108,0.5887005755397523,0.1731298107386008,0.1603012224362548,0.9490126979327888,0.2329348160396591,0.7401239312333318,0.2355505325725379,0.201254092640967,0.6626080406477726,-0.0004501559017414,-0.0004879738093484,479.0,0.0,0.9532946051713728,0.0003131124743497,0.3516050939038463,0.3473358016872154,0.8073771264207719,0.0480981719073851,0.2480297017679916,0.907765416744697,0.7624828956394151,0.2814496118970105,100000,30,10,0.1,5.0,0.1,0,9,0.001,1e-06,0.001,1e-07,1.0,1e-08,adamax,0,0.0,disordered,1,0.4516058580979138,0 days 04:00:08.186527,0.0004501863655074,1.2032158369622512,1.2231125993734284
446,446,446,446,0.2337423870891812,0.2337423870891812,0.2337423870891812,0.2337423870891812,0.2337423870891812,0.2337423870891812,0.2337423870891812,0.2337423870891812,0.2337423870891812,0.2337423870891812,0.2989471691160009,0.044975649467429,0.0008791491443578,0.9332648739593732,0.0005212953625713,0.0086968774644041,0.0003826718669713,0.0003771110681763,0.0004412829615496,1.0001422303409884,-0.0006036695270082,-0.0010494310645498,4199.0,0.0,0.7796507173569887,0.9232530201995508,0.9732924538699488,0.980736322933279,0.5384848373059271,0.1096050740299864,0.5221932955930426,0.1617853181353836,0.5412202312016957,0.0769660944416684,100000,30,10,0.1,5.0,0.1,0,9,0.001,1e-06,0.001,1e-07,1.0,1e-08,adamax,0,0.0,disordered,1,0.2345595994842157,0 days 04:00:08.186527,0.0006036702433665,1.935830821563233,1.4101493735416744
447,447,447,447,0.4317879727332017,0.4317879727332017,0.4317879727332017,0.4317879727332017,0.4317879727332017,0.4317879727332017,0.4317879727332017,0.4317879727332017,0.4317879727332017,0.4317879727332017,0.9325776638698182,0.2346708923462643,0.1736652522885163,1.0002862718700591,0.2182436623380497,0.189142151863187,0.1836672659439126,0.1787156454214747,0.6674954702248088,0.6479424680690066,-0.0004540501891248,-0.0005252458280867,417.0,0.0,0.7037686941014033,0.061660572358882,0.2799096842192778,0.8572675068465676,0.1046645108594531,0.206937431389777,0.3659442504613354,0.3463933507961929,0.8130169006915822,0.0778774210044539,100000,30,10,0.1,5.0,0.1,0,9,0.001,1e-06,0.001,1e-07,1.0,1e-08,adamax,0,0.0,disordered,1,0.4341170189004652,0 days 04:00:08.186527,0.000454055058776,1.3075531677703496,1.2321542739047573
448,448,448,448,0.4757236139187883,0.4757236139187883,0.4757236139187883,0.4757236139187883,0.4757236139187883,0.4757236139187883,0.4757236139187883,0.4757236139187883,0.4757236139187883,0.4757236139187883,0.5048481962352401,0.2501259041566137,0.2374609896566075,0.2673487717913963,1.0002345062655205,0.4763638752377035,0.595844900283412,0.2493918371773124,0.2307950226020445,0.7548802046307465,-0.0003945691025871,-0.0004424518085713,327.0,0.0,0.4229366681256271,0.8116326527383245,0.7886301761429226,0.9142708145234216,0.0262067197719819,0.992209734199171,0.4039546520102427,0.9048788601975292,0.9896897703942176,0.4365052446544553,100000,30,10,0.1,5.0,0.1,0,9,0.001,1e-06,0.001,1e-07,1.0,1e-08,adamax,0,0.0,disordered,1,0.4772810343652982,0 days 04:00:08.186527,0.0003945702992323,1.2948776138965878,1.2511285164203223
449,449,449,449,0.1394082826282576,0.1394082826282576,0.1394082826282576,0.1394082826282576,0.1394082826282576,0.1394082826282576,0.1394082826282576,0.1394082826282576,0.1394082826282576,0.1394082826282576,0.1413513310021436,2.5257422787101924e-05,0.7696353139147915,0.1506310782704149,5.4173464403533225e-06,0.2077382319159303,7.585059161517478e-06,1.4431322294110231e-05,5.632744369602013e-06,0.2513770817136737,-0.0010181545385484,-0.0013994140466934,8500.0,1.0,0.5147464514790232,0.4683008204566989,0.9983160563263184,0.5001684696384019,0.6696489443852937,0.4290115074682894,0.7220057119455903,0.6992126266860642,0.7274879920641235,0.573587612359193,100000,30,10,0.1,5.0,0.1,0,9,0.001,1e-06,0.001,1e-07,1.0,1e-08,adamax,0,0.0,disordered,1,0.139531630133642,0 days 04:00:08.186527,0.0010181546380797,2.3136984042213617,1.8725421864880718
450,450,450,450,0.3919100249433399,0.3919100249433399,0.3919100249433399,0.3919100249433399,0.3919100249433399,0.3919100249433399,0.3919100249433399,0.3919100249433399,0.3919100249433399,0.3919100249433399,0.1000847347666857,0.1616436213911398,0.1284832021799591,0.1252091931396586,0.6280212280663748,0.1496507730029208,0.7184889133143114,0.189387967679017,0.1116680540442248,1.0000096089044117,-0.000515037815868,-0.000576118889372,592.0,0.0,0.466624550245058,0.315527619861375,0.5431451327634957,0.547453486818953,0.6094316868658907,0.0549317054565771,0.1009046407449411,0.7392540388606563,0.7443773862062898,0.1267482879028416,100000,30,10,0.1,5.0,0.1,0,9,0.001,1e-06,0.001,1e-07,1.0,1e-08,adamax,0,0.0,disordered,1,0.3882955224396596,0 days 04:00:08.186527,0.0005150564222435,1.3654317921428496,1.2126153052487687
451,451,451,451,0.31260072430687,0.31260072430687,0.31260072430687,0.31260072430687,0.31260072430687,0.31260072430687,0.31260072430687,0.31260072430687,0.31260072430687,0.31260072430687,0.3421983432288333,0.0001192255544213,0.0557709594604612,0.5113835890598437,0.4617356373315404,0.5791834434178188,0.0004737673863332,0.3961224558263727,0.0447089520621978,0.5853377562721104,-0.0005786856635949,-0.0006177812404074,7124.0,1.0,0.7650644696535668,0.9499566543162627,0.9488872576719676,0.5613868915312763,0.1451168311174938,0.7799529869627154,0.5163958172106365,0.9048987933757484,0.5388350963686745,0.2112395965894995,100000,30,10,0.1,5.0,0.1,0,9,0.001,1e-06,0.001,1e-07,1.0,1e-08,adamax,0,0.0,disordered,1,0.3164170596056102,0 days 04:00:08.186527,0.0005787134561577,1.4919687836036066,1.3665374116630433
452,452,452,452,0.4459627626819087,0.4459627626819087,0.4459627626819087,0.4459627626819087,0.4459627626819087,0.4459627626819087,0.4459627626819087,0.4459627626819087,0.4459627626819087,0.4459627626819087,0.1655714700287479,0.9976783414112074,0.305962173734309,0.2684343329614655,1.000018620489139,0.1465978792360919,0.6620474410445357,0.1708777145400182,0.1667720804383234,0.7396447034976954,-0.0004362325656736,-0.0004832716794148,493.0,0.0,0.1177453553882522,0.0239126348933008,0.8926403674049982,0.9220886540303131,0.0942266363060382,0.6818076936469213,0.2951549822402676,0.8738098448736241,0.9661584469603594,0.4505722795694534,100000,30,10,0.1,5.0,0.1,0,9,0.001,1e-06,0.001,1e-07,1.0,1e-08,adamax,0,0.0,disordered,1,0.443928578824012,0 days 04:00:08.186527,0.0004362363887375,1.351118012353224,1.2424870523422407
453,453,453,453,0.3919100249433399,0.3919100249433399,0.3919100249433399,0.3919100249433399,0.3919100249433399,0.3919100249433399,0.3919100249433399,0.3919100249433399,0.3919100249433399,0.3919100249433399,1.0001283239390737,0.0743270957574928,0.7072630111187954,0.0629327086458369,0.6801659200736373,0.3978348159423432,0.2317296058324128,0.2643371544837958,0.5170973640739722,0.0881049549007546,-0.0004791594624774,-0.0005218065427986,795.0,0.0,0.3840881884704785,0.9006194266532634,0.2810278723190802,0.8930288074611739,0.9558931635591684,0.2213844880995963,0.3965795959190823,0.7595521855232363,0.2431609378034048,0.6915815416694344,100000,30,10,0.1,5.0,0.1,0,9,0.001,1e-06,0.001,1e-07,1.0,1e-08,adamax,0,0.0,disordered,1,0.3914466442132209,0 days 04:00:08.186527,0.000479159644282,1.4763517737182155,1.3134084428507014
454,454,454,454,0.3026648059395688,0.3026648059395688,0.3026648059395688,0.3026648059395688,0.3026648059395688,0.3026648059395688,0.3026648059395688,0.3026648059395688,0.3026648059395688,0.3026648059395688,0.9593734018808272,0.0911919285713182,2.488997299180067e-07,7.481789373008846e-07,0.5021971493165314,9.99999548836382e-08,0.4171728904576495,0.0753084682251973,0.6798361130425807,3.92593799295669e-07,-0.0005789527068625,-0.0006625370562091,92185.0,0.0,0.42791317365075,0.96874849649364,0.8592163463148417,0.945903583780766,0.5813822898716197,0.7546952799707574,0.2552831989608274,0.7076528690375721,0.1201963528076732,0.2924443689361549,100000,30,10,0.1,5.0,0.1,0,9,0.001,1e-06,0.001,1e-07,1.0,1e-08,adamax,0,0.0,disordered,1,0.299994488053172,0 days 04:00:08.186527,0.000578965072471,2.0737797371640614,1.3897503209113324
455,455,455,455,0.2191196687578146,0.2191196687578146,0.2191196687578146,0.2191196687578146,0.2191196687578146,0.2191196687578146,0.2191196687578146,0.2191196687578146,0.2191196687578146,0.2191196687578146,0.0136998104484715,1.0000249432332542,0.1026421504623347,0.0507963417138864,0.0378864688414784,0.2593455606789974,0.0452641822652381,0.419328557925452,0.0679039290475259,0.0205504329316642,-0.0008199513189841,-0.0009892852080258,1382.0,0.0,0.6740098869159676,0.872163295086585,0.182000644098114,0.2683975824038445,0.0940214398631992,0.0162079814751568,0.2750322596859617,0.4509305866684251,0.045231324178839,0.1442844224301414,100000,30,10,0.1,5.0,0.1,0,9,0.001,1e-06,0.001,1e-07,1.0,1e-08,adamax,0,0.0,disordered,1,0.22004464858998,0 days 04:00:08.186527,0.000819956416661,1.807558055606751,1.4245584133225555
456,456,456,456,0.4459627626819087,0.4459627626819087,0.4459627626819087,0.4459627626819087,0.4459627626819087,0.4459627626819087,0.4459627626819087,0.4459627626819087,0.4459627626819087,0.4459627626819087,0.1597625497384671,0.2039147423786288,1.0001029502929413,0.5147773972520016,0.176109193766717,0.0898942400278593,0.8844990372079539,0.1234209450921719,0.1442965499801151,0.9501214237786256,-0.0004331891344306,-0.000479818836853,754.0,0.0,0.6837916392513278,0.8630803657467981,0.0409277120260846,0.7619338150511243,0.307383338091152,0.4137215087205969,0.957045628874797,0.3557360703711822,0.1969500116450199,0.8312153463708688,100000,30,10,0.1,5.0,0.1,0,9,0.001,1e-06,0.001,1e-07,1.0,1e-08,adamax,0,0.0,disordered,1,0.4489095415220003,0 days 04:00:08.186527,0.0004331963124065,1.4131907971559396,1.2868549313075657
457,457,457,457,0.3444087275973818,0.3444087275973818,0.3444087275973818,0.3444087275973818,0.3444087275973818,0.3444087275973818,0.3444087275973818,0.3444087275973818,0.3444087275973818,0.3444087275973818,0.7811187150679902,0.0017161268143386,0.000134712422427,0.8526496188383194,0.1383904198095639,0.1703991101832109,0.7053938686062128,0.5858679788251707,0.0003400251903234,9.2171354179861e-05,-0.0005269555892195,-0.0006186411264361,7713.0,1.0,0.2177669361098426,0.6234431765987403,0.6053947014299166,0.1601566044907036,0.7927012450523524,0.6426622147951562,0.0950728100628957,0.7397020715436405,0.3692459504892917,0.3435746887997793,100000,30,10,0.1,5.0,0.1,0,9,0.001,1e-06,0.001,1e-07,1.0,1e-08,adamax,0,0.0,disordered,1,0.3438593100733179,0 days 04:00:08.186527,0.0005269561114681,1.6024130379309833,1.3791196589119874
458,458,458,458,0.2575263326771198,0.2575263326771198,0.2575263326771198,0.2575263326771198,0.2575263326771198,0.2575263326771198,0.2575263326771198,0.2575263326771198,0.2575263326771198,0.2575263326771198,5.054870334347906e-07,0.1306314921995994,6.856415038161396e-07,0.0183354995624082,4.255342237977887e-07,7.459633702548044e-05,9.374067416059558e-07,0.0184085514596867,0.694132186515413,0.0093094115625705,-0.0006761569584479,-0.0010140865314019,9450.0,1.0,0.744955339806984,0.0387392697578511,0.7767177152409553,0.5809292547631857,0.7116122337323907,0.7691133095967271,0.860611359917133,0.8559009912885582,0.2827839154622973,0.5560959213758406,100000,30,10,0.1,5.0,0.1,0,9,0.001,1e-06,0.001,1e-07,1.0,1e-08,adamax,0,0.0,disordered,1,0.2547013862888876,0 days 04:00:08.186527,0.0006761801954845,3.5586868243149534,1.390299408332485
459,459,459,459,0.3794532847236935,0.3794532847236935,0.3794532847236935,0.3794532847236935,0.3794532847236935,0.3794532847236935,0.3794532847236935,0.3794532847236935,0.3794532847236935,0.3794532847236935,0.1355547049211666,3.573602405098516e-06,1.864100585558472e-05,0.242889329875737,9.059174566552486e-06,5.880907922241317e-06,0.7835426870339693,0.5995215750483454,8.94270014900259e-05,0.7931719830467735,-0.0005035741960792,-0.0005821466070505,8208.0,1.0,0.5286465591418159,0.7276876871696233,0.8189582836824862,0.3706032232667328,0.5525082823912467,0.6102544500620954,0.1404390577921855,0.8941345871509079,0.568859738231471,0.1291023971946122,100000,30,10,0.1,5.0,0.1,0,9,0.001,1e-06,0.001,1e-07,1.0,1e-08,adamax,0,0.0,disordered,1,0.3840754316091461,0 days 04:00:08.186527,0.0005036025482245,2.3376626041271455,1.2760149487485213
460,460,460,460,0.2837303616516209,0.2837303616516209,0.2837303616516209,0.2837303616516209,0.2837303616516209,0.2837303616516209,0.2837303616516209,0.2837303616516209,0.2837303616516209,0.2837303616516209,0.0001508303987964,0.0858213756269508,0.0291652847386753,1.000018399927059,0.0019921216632858,0.2110655132910097,0.4047132088811046,0.0254156292242644,0.4248037983898034,0.0008242192337441,-0.0006459569675844,-0.0007147628230095,6193.0,0.0,0.2435611384923325,0.0331865656366267,0.2962405687946099,0.1518495884154276,0.8150201407033651,0.7591303017357368,0.2704798155990582,0.5574417861442812,0.2645835073688937,0.020375681832466,100000,30,10,0.1,5.0,0.1,0,9,0.001,1e-06,0.001,1e-07,1.0,1e-08,adamax,0,0.0,disordered,1,0.2841835325441424,0 days 04:00:08.186527,0.0006459574475998,1.5538023309660853,1.3646004359080075
461,461,461,461,0.4317879727332017,0.4317879727332017,0.4317879727332017,0.4317879727332017,0.4317879727332017,0.4317879727332017,0.4317879727332017,0.4317879727332017,0.4317879727332017,0.4317879727332017,0.4392915513833017,0.0981107602055278,0.0721543664483453,0.0749032928525148,0.3077474143186412,0.1398529270380946,0.9608756704294892,0.3154052292900211,0.0585571751168609,1.000046297827491,-0.0004722114502107,-0.0005577717468085,987.0,0.0,0.3801697260678117,0.6709123530856912,0.5870432899120543,0.5613012497231871,0.4258727804635797,0.784738594981888,0.9556522248295092,0.0793316494791577,0.1144053705724287,0.7099379341190432,100000,30,10,0.1,5.0,0.1,0,9,0.001,1e-06,0.001,1e-07,1.0,1e-08,adamax,0,0.0,disordered,1,0.4313347019105056,0 days 04:00:08.186527,0.0004722116500782,1.3570953059836566,1.1775086796186607
462,462,462,462,0.1148471547840287,0.1148471547840287,0.1148471547840287,0.1148471547840287,0.1148471547840287,0.1148471547840287,0.1148471547840287,0.1148471547840287,0.1148471547840287,0.1148471547840287,0.2285225558354261,4.224846831259509e-07,0.0107733577873512,6.246725129584887e-07,1.842495652776719e-07,1.0227968164738451e-06,9.216145352205312e-07,0.055278524600546,0.138115677225353,7.419929904783228e-06,-0.0011472654532088,-0.0014969242767019,9931.0,1.0,0.7752740383830551,0.4932818110244663,0.1335192256785398,0.3341402676041691,0.4694802362592661,0.6554125830568424,0.3630950522688787,0.5080630355157948,0.739563409263473,0.6888089062772412,100000,30,10,0.1,5.0,0.1,0,9,0.001,1e-06,0.001,1e-07,1.0,1e-08,adamax,0,0.0,disordered,1,0.1162550480945386,0 days 04:00:08.186527,0.001147289204435,2.528494627364382,1.8815300085142692
463,463,463,463,0.367392478180207,0.367392478180207,0.367392478180207,0.367392478180207,0.367392478180207,0.367392478180207,0.367392478180207,0.367392478180207,0.367392478180207,0.367392478180207,3.4333099748609707e-05,4.760339422106348e-05,0.5981704690875461,7.212966999769932e-05,0.3178551140279082,0.9017614349044129,0.6943489380390706,8.345790976714858e-05,7.901864109819511e-05,0.3926829913241172,-0.0005135405402676,-0.0006081080305862,8113.0,1.0,0.2596193309041936,0.2059697623191735,0.5741622249609254,0.8538825750154767,0.9670687845302742,0.1200533504685823,0.7348480970409724,0.2613109981557394,0.2637178971805501,0.5312432564614685,100000,30,10,0.1,5.0,0.1,0,9,0.001,1e-06,0.001,1e-07,1.0,1e-08,adamax,0,0.0,disordered,1,0.3627264725951105,0 days 04:00:08.186527,0.0005135678179882,1.257528582458933,1.2881497449312889
464,464,464,464,0.2337423870891812,0.2337423870891812,0.2337423870891812,0.2337423870891812,0.2337423870891812,0.2337423870891812,0.2337423870891812,0.2337423870891812,0.2337423870891812,0.2337423870891812,1.0012276793824608,0.1440337152867551,0.0918666351865731,0.0610521817032019,0.3791915794406183,0.469184454450657,0.0511834114294544,0.110119475009431,0.1292238335707683,0.0502596448836441,-0.0007897596049473,-0.0009910314807307,674.0,0.0,0.932645968051148,0.2914967231951824,0.1231598496995286,0.3206545213563795,0.3098032991184338,0.89090461258716,0.6652512896982025,0.7242408391894148,0.4341615226130103,0.5561459413349006,100000,30,10,0.1,5.0,0.1,0,9,0.001,1e-06,0.001,1e-07,1.0,1e-08,adamax,0,0.0,disordered,1,0.234391624824963,0 days 04:00:08.186527,0.0007897617510267,1.5418478321506877,1.3724879657970834
465,465,465,465,0.4047756965997316,0.4047756965997316,0.4047756965997316,0.4047756965997316,0.4047756965997316,0.4047756965997316,0.4047756965997316,0.4047756965997316,0.4047756965997316,0.4047756965997316,0.1571941739780682,1.0000299129943404,0.1712454092389126,0.152859722191433,0.8632142261111907,0.1847119242517217,0.2572194507725609,0.7533673139040712,0.1535429227676653,0.1642311272961009,-0.0004689939846854,-0.0005280144471553,431.0,0.0,0.7459158576917373,0.0391726092011945,0.8430621191712668,0.7212368489156964,0.0433107963317149,0.6968845402716777,0.3611057366657977,0.0747471514200509,0.7071534382801876,0.6946291061122937,100000,30,10,0.1,5.0,0.1,0,9,0.001,1e-06,0.001,1e-07,1.0,1e-08,adamax,0,0.0,disordered,1,0.4003695067005252,0 days 04:00:08.186527,0.0004690122523827,1.5562870575711323,1.323908308808239
466,466,466,466,0.2747120789270809,0.2747120789270809,0.2747120789270809,0.2747120789270809,0.2747120789270809,0.2747120789270809,0.2747120789270809,0.2747120789270809,0.2747120789270809,0.2747120789270809,0.3820550654272939,0.2500008632656684,2.0813790564525443e-05,0.0702479645432052,0.058205702223725,0.0001167288178786,2.434981405904925e-05,0.0176488917005065,0.859556223308271,1.0490589872226168e-05,-0.0006547121954442,-0.0008741986446876,8335.0,1.0,0.6229816661606916,0.3127411071731237,0.126650063773247,0.2040038584091258,0.4057406860067404,0.2843393900108888,0.3870401600825397,0.3135591235941246,0.9245701597870538,0.4975954007081968,100000,30,10,0.1,5.0,0.1,0,9,0.001,1e-06,0.001,1e-07,1.0,1e-08,adamax,0,0.0,disordered,1,0.2776412559570109,0 days 04:00:08.186527,0.0006547359713365,2.195325585005289,1.3289343033435788
467,467,467,467,0.2493409369951876,0.2493409369951876,0.2493409369951876,0.2493409369951876,0.2493409369951876,0.2493409369951876,0.2493409369951876,0.2493409369951876,0.2493409369951876,0.2493409369951876,8.598315521248988e-06,0.8739703945910838,2.25477154225639e-05,0.1511347214995575,7.315645104790602e-05,0.3425074230095802,0.2952705222648275,0.0005641363303884,0.3820775927077344,0.2292993377228048,-0.0006634900048111,-0.0007681228027524,7718.0,1.0,0.8737953433263868,0.1062766432838366,0.7946741289460265,0.7805299554881263,0.6448123568991032,0.4396089297284533,0.902481343397564,0.703896263210458,0.4596989301045351,0.8953370057255919,100000,30,10,0.1,5.0,0.1,0,9,0.001,1e-06,0.001,1e-07,1.0,1e-08,adamax,0,0.0,disordered,1,0.2467478781424879,0 days 04:00:08.186527,0.0006635066802903,2.1724412545332283,1.4967623664431897
468,468,468,468,0.3444087275973818,0.3444087275973818,0.3444087275973818,0.3444087275973818,0.3444087275973818,0.3444087275973818,0.3444087275973818,0.3444087275973818,0.3444087275973818,0.3444087275973818,0.1510733423886545,0.5074807519650028,7.837929234918822e-06,5.398163719572586e-06,1.6321300572344624e-05,0.97862465524742,0.0217040446189147,0.3658677558401061,0.4846591311221477,0.203757176343142,-0.0005455831375619,-0.0006058775925443,7655.0,1.0,0.9949998132101932,0.6681975516739568,0.3376225266527735,0.1287229334216706,0.3164210579903985,0.936882357123482,0.5678530723521644,0.3245273557426251,0.8321088777458423,0.4196507972565049,100000,30,10,0.1,5.0,0.1,0,9,0.001,1e-06,0.001,1e-07,1.0,1e-08,adamax,0,0.0,disordered,1,0.3475546182218643,0 days 04:00:08.186527,0.0005455992819273,1.5136915608443253,1.277523345638201
469,469,469,469,0.367392478180207,0.367392478180207,0.367392478180207,0.367392478180207,0.367392478180207,0.367392478180207,0.367392478180207,0.367392478180207,0.367392478180207,0.367392478180207,0.1718657201347264,0.438997736444413,0.0003450602219616,0.0438502771358232,0.6757571408370973,0.0884478002342962,0.5080214455037525,0.258124587606853,0.7195052848250897,0.0004193137434711,-0.0004987328338148,-0.0005357704110692,6927.0,1.0,0.6967560192481035,0.9931992533882544,0.665107672111141,0.7296448784414361,0.283705352205387,0.8509684574128458,0.3699475364425438,0.7060006792933821,0.0611357259679242,0.4277133102603786,100000,30,10,0.1,5.0,0.1,0,9,0.001,1e-06,0.001,1e-07,1.0,1e-08,adamax,0,0.0,disordered,1,0.3617218566381648,0 days 04:00:08.186527,0.0004987689271474,1.685848565070538,1.3676918641666391
470,470,470,470,0.1638433645577982,0.1638433645577982,0.1638433645577982,0.1638433645577982,0.1638433645577982,0.1638433645577982,0.1638433645577982,0.1638433645577982,0.1638433645577982,0.1638433645577982,0.4213950524970888,0.363717987290191,0.2113148684030162,6.761344115481989e-06,0.0137637149783914,1.2319098060120971e-06,0.0037886702882758,8.681069932184272e-06,1.590044593238236e-06,0.8023523628116139,-0.0009270449273222,-0.0012590237282319,9403.0,1.0,0.7239983157707677,0.2314771855184867,0.5424706367753671,0.5839147989903594,0.6756249473948545,0.5644361194816802,0.4467105617646508,0.322566340148118,0.5431721493137949,0.1043161850708106,100000,30,10,0.1,5.0,0.1,0,9,0.001,1e-06,0.001,1e-07,1.0,1e-08,adamax,0,0.0,disordered,1,0.164035958134208,0 days 04:00:08.186527,0.0009270451776161,2.401196665865993,1.5329584167330774
471,471,471,471,0.293044697697214,0.293044697697214,0.293044697697214,0.293044697697214,0.293044697697214,0.293044697697214,0.293044697697214,0.293044697697214,0.293044697697214,0.293044697697214,0.2873475410025254,1.0000504134412187,0.3025642508720122,0.6208126508967747,0.0415368539808644,0.5686126494925835,0.1829684089906083,0.0649954684259535,0.0603828379433285,0.0586248326027631,-0.0006597116030967,-0.0008173119786265,975.0,0.0,0.2713654362592039,0.8913095356498262,0.1177129813092361,0.4868236913432908,0.8883158335726428,0.8056520494654776,0.2562503657366681,0.4310825759753474,0.3116509800447926,0.2401224809601317,100000,30,10,0.1,5.0,0.1,0,9,0.001,1e-06,0.001,1e-07,1.0,1e-08,adamax,0,0.0,disordered,1,0.2901828277693256,0 days 04:00:08.186527,0.0006597364538324,1.3226406852314792,1.356329858284966
472,472,472,472,0.1638433645577982,0.1638433645577982,0.1638433645577982,0.1638433645577982,0.1638433645577982,0.1638433645577982,0.1638433645577982,0.1638433645577982,0.1638433645577982,0.1638433645577982,1.0000323326401086,0.1173562888280598,0.3596616631981397,0.0232750970675824,0.0215377060813295,0.0400545016114807,0.2726586758796622,0.0129127405751196,0.2573889725799083,0.0127915670184685,-0.000911127960373,-0.001113689688754,1135.0,0.0,0.3208213168340968,0.8953943453526839,0.8407594099518141,0.5558073384103739,0.564499311502318,0.4557401793635225,0.6984232093500041,0.8023233264058698,0.4442031573025502,0.7734872626310408,100000,30,10,0.1,5.0,0.1,0,9,0.001,1e-06,0.001,1e-07,1.0,1e-08,adamax,0,0.0,disordered,1,0.1645036359571075,0 days 04:00:08.186527,0.0009111314116557,1.7404290456953004,1.511209259188083
473,473,473,473,0.3026648059395688,0.3026648059395688,0.3026648059395688,0.3026648059395688,0.3026648059395688,0.3026648059395688,0.3026648059395688,0.3026648059395688,0.3026648059395688,0.3026648059395688,0.489273455962496,4.5777347216379176e-05,0.5881550762335498,0.4208516573723633,6.464572012376119e-05,0.112117270874744,2.139427734676019e-05,0.824013812855228,0.0003066879554385,2.29228079761786e-05,-0.0006294189843591,-0.0008105408209559,7920.0,1.0,0.9537679656279108,0.6744471306793219,0.7569087019953686,0.0891109610782433,0.2512353444833607,0.3239010723910901,0.3771656944410246,0.7567947300850265,0.1735663107745412,0.2445927796140452,100000,30,10,0.1,5.0,0.1,0,9,0.001,1e-06,0.001,1e-07,1.0,1e-08,adamax,0,0.0,disordered,1,0.3051067474011694,0 days 04:00:08.186527,0.0006294342872828,1.690379291607135,1.3169570322022326
474,474,474,474,0.0251652705140538,0.0251652705140538,0.0251652705140538,0.0251652705140538,0.0251652705140538,0.0251652705140538,0.0251652705140538,0.0251652705140538,0.0251652705140538,0.0251652705140538,0.0875257059531853,0.1121817852616112,5.739960469191553e-07,0.0903034511765553,7.658283410090941e-07,5.326798550617403e-07,4.398504128863031e-07,0.0706675504391029,6.837306336405138e-07,0.1344418498036186,-0.0010773087629845,-0.0014792710140407,8698.0,1.0,0.476089490215865,0.8330767149942937,0.455771627978325,0.7825993536208345,0.3347703113145619,0.4035683030690843,0.4796998377002315,0.1654700273762235,0.3356515241961211,0.3347824097944684,100000,30,10,0.1,5.0,0.1,0,9,0.001,1e-06,0.001,1e-07,1.0,1e-08,adamax,0,0.0,disordered,1,0.0254869202151875,0 days 04:00:08.186527,0.0010773231021213,2.94599382561498,2.920396779699262
475,475,475,475,0.2659804395593755,0.2659804395593755,0.2659804395593755,0.2659804395593755,0.2659804395593755,0.2659804395593755,0.2659804395593755,0.2659804395593755,0.2659804395593755,0.2659804395593755,8.513512912306208e-07,0.1531756935526304,0.0005520068937576,1.245040448498183e-06,2.633889089911988e-06,0.5868891153514381,0.7400918063180358,0.0404819134959463,8.009461687368741e-05,0.2167964138313878,-0.0006425052466513,-0.0008174924796793,8452.0,1.0,0.5780941768759115,0.1370385939587464,0.7640923412097118,0.7527620385325391,0.6830324751033955,0.3061844786267561,0.8560517643294215,0.3409530270969151,0.334862451366828,0.1729665047251034,100000,30,10,0.1,5.0,0.1,0,9,0.001,1e-06,0.001,1e-07,1.0,1e-08,adamax,0,0.0,disordered,1,0.2659933634764293,0 days 04:00:08.186527,0.0006425052497604,2.3321392836530217,1.4507665595083894
476,476,476,476,0.1225113576604117,0.1225113576604117,0.1225113576604117,0.1225113576604117,0.1225113576604117,0.1225113576604117,0.1225113576604117,0.1225113576604117,0.1225113576604117,0.1225113576604117,1.0000033568035238,0.185613656731874,0.1823820027029599,0.089142425015557,0.0044921141742441,0.0741299508680359,0.0949302704735922,0.0111626754288972,0.0741696948217618,0.0053549511271522,-0.0013149654201653,-0.0017554740045667,2076.0,0.0,0.0449445984067116,0.648959232738285,0.4713664703897545,0.2301438615053004,0.3725707644259585,0.4437124343645714,0.2581506999408183,0.251564609391523,0.0808438171308055,0.1916437933634035,100000,30,10,0.1,5.0,0.1,0,9,0.001,1e-06,0.001,1e-07,1.0,1e-08,adamax,0,0.0,disordered,1,0.1212015029365901,0 days 04:00:08.186527,0.0013150131789505,1.9987036253093902,1.6492058265140668
477,477,477,477,0.2659804395593755,0.2659804395593755,0.2659804395593755,0.2659804395593755,0.2659804395593755,0.2659804395593755,0.2659804395593755,0.2659804395593755,0.2659804395593755,0.2659804395593755,0.4672315481497013,0.1158053302162865,0.2654544850801854,1.009849750759108e-07,0.3024559552312273,9.99995836517684e-08,0.1306684467685796,0.6423894609464476,4.439923223469351e-07,7.358454046982798e-06,-0.0006525812232175,-0.0008218740420915,35625.0,0.0,0.0087265047110913,0.3695896182601051,0.1663083476933545,0.5026550404017353,0.9423979729191996,0.4775835942059916,0.4034967941983547,0.9087119185990504,0.5642523395856806,0.5557390625517705,100000,30,10,0.1,5.0,0.1,0,9,0.001,1e-06,0.001,1e-07,1.0,1e-08,adamax,0,0.0,disordered,1,0.2682606187716734,0 days 04:00:08.186527,0.0006525934736412,2.1154090288919165,1.4429539738167583
478,478,478,478,0.4047756965997316,0.4047756965997316,0.4047756965997316,0.4047756965997316,0.4047756965997316,0.4047756965997316,0.4047756965997316,0.4047756965997316,0.4047756965997316,0.4047756965997316,1.000543661020583,0.1436838779744336,0.7270131988381339,0.6090090936728675,0.2441184065133916,0.5274328194994164,0.7523181807890837,0.1446613952085392,0.1539875386067906,0.1563658822619921,-0.0004805525763764,-0.0005644639756795,455.0,0.0,0.2597035323070243,0.8662398842050749,0.9959946877208136,0.0783039574961678,0.3377482524543131,0.8510442769677045,0.1735191354582377,0.7331148524395593,0.7255326478381177,0.639557314052677,100000,30,10,0.1,5.0,0.1,0,9,0.001,1e-06,0.001,1e-07,1.0,1e-08,adamax,0,0.0,disordered,1,0.4006225910199923,0 days 04:00:08.186527,0.0004805713667971,1.2630987339609343,1.2817941126489534
479,479,479,479,0.2337423870891812,0.2337423870891812,0.2337423870891812,0.2337423870891812,0.2337423870891812,0.2337423870891812,0.2337423870891812,0.2337423870891812,0.2337423870891812,0.2337423870891812,0.6536003688443093,1.5782346405017896e-05,1.4176025230813352e-05,0.2657702107359534,0.0891647250180294,0.5635452325517554,0.3185600104417224,5.665417454819365e-06,1.0397303920403952e-05,4.227106953108827e-06,-0.0007940978706029,-0.0010980636970754,8705.0,1.0,0.3350453199734898,0.6546832366115755,0.6247178878573869,0.7255674606078969,0.4006922202446404,0.6332257548882735,0.0177002496235016,0.0677600047415827,0.1954807478163397,0.0713634191788881,100000,30,10,0.1,5.0,0.1,0,9,0.001,1e-06,0.001,1e-07,1.0,1e-08,adamax,0,0.0,disordered,1,0.2302631998294242,0 days 04:00:08.186527,0.0007941623447927,1.5672227379063752,1.4284620535753323
480,480,480,480,0.3026648059395688,0.3026648059395688,0.3026648059395688,0.3026648059395688,0.3026648059395688,0.3026648059395688,0.3026648059395688,0.3026648059395688,0.3026648059395688,0.3026648059395688,0.2149759887829941,0.2410167435308489,0.82418652975962,0.3100103891873246,0.0514925198559762,0.2769657440374147,0.0168050229129135,0.1741813061721704,0.6184688143093556,4.341584980712031e-06,-0.0006198564877258,-0.000682722109736,100000.0,0.0,0.478435833973823,0.7097997031372616,0.0111277256209176,0.5662747045929442,0.798125165809622,0.4879731883762679,0.7110887173020436,0.8556861258481272,0.4154205646491997,0.0691684154016732,100000,30,10,0.1,5.0,0.1,0,9,0.001,1e-06,0.001,1e-07,1.0,1e-08,adamax,0,0.0,disordered,1,0.2979649192607991,0 days 04:00:08.186527,0.0006199091726193,1.6323904648781675,1.3934385086684222
481,481,481,481,0.2054117348353062,0.2054117348353062,0.2054117348353062,0.2054117348353062,0.2054117348353062,0.2054117348353062,0.2054117348353062,0.2054117348353062,0.2054117348353062,0.2054117348353062,0.2735861884733641,1.83543254517086e-05,0.8688727339328899,4.105756819650462e-05,0.0898431578115302,1.0766560242715772e-05,0.0042726007349542,0.4598089346042655,0.0497211652782123,1.541772288676114e-05,-0.0008853109926822,-0.0011320707298027,8921.0,1.0,0.21481716726873,0.027370347994099,0.2673811318615855,0.8402521137735526,0.6311792806088276,0.7754008736993969,0.7963530460720882,0.6621589030010724,0.3018418328821807,0.4077530885422836,100000,30,10,0.1,5.0,0.1,0,9,0.001,1e-06,0.001,1e-07,1.0,1e-08,adamax,0,0.0,disordered,1,0.204738476878301,0 days 04:00:08.186527,0.0008853141351975,1.6896943398509336,1.3469970460268696
482,482,482,482,0.2414157116103016,0.2414157116103016,0.2414157116103016,0.2414157116103016,0.2414157116103016,0.2414157116103016,0.2414157116103016,0.2414157116103016,0.2414157116103016,0.2414157116103016,8.234161335951928e-05,0.650132886070926,3.948836804168529e-06,0.2675976990642973,3.0567773774830816e-06,0.5847772618259385,2.880869333588902e-06,0.3184268968678616,3.4335552884402416e-06,0.0475194075957573,-0.0006021562815533,-0.000876644196926,8414.0,1.0,0.315598569222289,0.1942469018847711,0.7067296460618379,0.1257908558701507,0.7312760855115343,0.6355366742436587,0.8842038458507566,0.3874426485613825,0.8507308290949293,0.802486585118113,100000,30,10,0.1,5.0,0.1,0,9,0.001,1e-06,0.001,1e-07,1.0,1e-08,adamax,0,0.0,disordered,1,0.2417483084167754,0 days 04:00:08.186527,0.0006021564958086,2.115422877077416,1.5720975584978578
483,483,483,483,0.367392478180207,0.367392478180207,0.367392478180207,0.367392478180207,0.367392478180207,0.367392478180207,0.367392478180207,0.367392478180207,0.367392478180207,0.367392478180207,0.0331719854402786,0.2540512765655383,0.1326445180405475,0.5345684691974665,0.3722540601376418,0.0755083921525978,1.000020658718953,0.1880494462743262,0.0723190287302274,0.1135577195291334,-0.0005281222715235,-0.0006206165873239,1248.0,0.0,0.494292289273477,0.682609900786407,0.3725641663523547,0.0272673938552502,0.5852438550101288,0.3029416083570135,0.7682780523368302,0.0085747911495276,0.1139757795184868,0.2719907458348116,100000,30,10,0.1,5.0,0.1,0,9,0.001,1e-06,0.001,1e-07,1.0,1e-08,adamax,0,0.0,disordered,1,0.363473984445695,0 days 04:00:08.186527,0.0005281446566205,1.5018783323500764,1.338898424751294
484,484,484,484,0.333461801578636,0.333461801578636,0.333461801578636,0.333461801578636,0.333461801578636,0.333461801578636,0.333461801578636,0.333461801578636,0.333461801578636,0.333461801578636,0.2708416375268416,0.3930664031279482,0.0732842210401476,0.5076839645194999,1.0240451176140806e-06,0.7346010180373884,0.0314587383407096,5.37649158180456e-07,0.2433995417361871,0.8712639221859452,-0.0005742410818669,-0.000671126164557,100000.0,0.0,0.4229709442014934,0.7402405870844017,0.9094144345855256,0.4534370584472261,0.8229161262468085,0.656355197498123,0.1309073656753179,0.1402004458444904,0.2807439231489774,0.8956601217678828,100000,30,10,0.1,5.0,0.1,0,9,0.001,1e-06,0.001,1e-07,1.0,1e-08,adamax,0,0.0,disordered,1,0.3364464834104145,0 days 04:00:08.186527,0.0005742589227642,1.4458777578078048,1.277694921173573
485,485,485,485,0.3444087275973818,0.3444087275973818,0.3444087275973818,0.3444087275973818,0.3444087275973818,0.3444087275973818,0.3444087275973818,0.3444087275973818,0.3444087275973818,0.3444087275973818,0.0775460217380031,1.0002740672272987,0.3062877593272192,0.0807916802483167,0.0859865154815727,0.0823552883947717,0.1554901162924925,0.879695753514146,0.1106042917807344,0.1832041010922816,-0.0005447467947983,-0.000679086727844,716.0,0.0,0.0052103594162772,0.0024384183678635,0.8539605659647084,0.7587486691203781,0.8487034707947382,0.7024587747403095,0.8064897356075094,0.096040064869908,0.5781044751257525,0.3557285128888002,100000,30,10,0.1,5.0,0.1,0,9,0.001,1e-06,0.001,1e-07,1.0,1e-08,adamax,0,0.0,disordered,1,0.3459617729264139,0 days 04:00:08.186527,0.000544750588888,1.6217920108766348,1.2796403402144505
486,486,486,486,0.3026648059395688,0.3026648059395688,0.3026648059395688,0.3026648059395688,0.3026648059395688,0.3026648059395688,0.3026648059395688,0.3026648059395688,0.3026648059395688,0.3026648059395688,0.2685978160901038,0.1987398591191907,0.0004094280402734,0.0001826493658216,0.0344060136718458,0.341579821673954,0.4324074172481859,0.0003468779547297,0.4885747398802571,0.5274982646953625,-0.0006157130115217,-0.0007001163639206,7692.0,1.0,0.5352373611196514,0.3138085245158396,0.2168241248413949,0.1832146756250892,0.111436722645928,0.3791756494409032,0.8301401342107841,0.5756462290507317,0.2979740544920835,0.9069290345564972,100000,30,10,0.1,5.0,0.1,0,9,0.001,1e-06,0.001,1e-07,1.0,1e-08,adamax,0,0.0,disordered,1,0.2997090463802615,0 days 04:00:08.186527,0.0006157333008956,1.367870157790781,1.2585713012441482
487,487,487,487,0.1487115462808952,0.1487115462808952,0.1487115462808952,0.1487115462808952,0.1487115462808952,0.1487115462808952,0.1487115462808952,0.1487115462808952,0.1487115462808952,0.1487115462808952,0.5737521861118894,1.6847149643370604e-07,0.1204015989767331,9.998898146824257e-08,1.3753801527421032e-07,1.6958757824561446e-07,0.5303938417298331,6.704620821174771e-07,3.629001084228077e-07,3.631459657759646e-07,-0.0010051120917946,-0.0014775777102499,16950.0,0.0,0.3662335026779724,0.4468067111537439,0.7855805416840606,0.4125200819409031,0.2548748480658125,0.4021089501413448,0.5486725296813683,0.9139300065742512,0.7564984767438613,0.8962173909518593,100000,30,10,0.1,5.0,0.1,0,9,0.001,1e-06,0.001,1e-07,1.0,1e-08,adamax,0,0.0,disordered,1,0.1503366304870819,0 days 04:00:08.186527,0.0010051387023764,2.144994613555148,1.6455735829330889
488,488,488,488,0.3026648059395688,0.3026648059395688,0.3026648059395688,0.3026648059395688,0.3026648059395688,0.3026648059395688,0.3026648059395688,0.3026648059395688,0.3026648059395688,0.3026648059395688,0.0676948617942244,0.0686946263714616,0.0793954722819826,0.2731626659582153,1.0001545935827578,0.237001321369056,0.060820793045887,0.2501456743767266,0.1673254398351981,0.0535615714546953,-0.000619266636947,-0.000776810342652,893.0,0.0,0.5099466331230018,0.4735919599083603,0.4083233663942057,0.1681273293857886,0.8215385562983929,0.0970294966266348,0.2897827467680697,0.2230409716587458,0.5645456657759919,0.6036830194577983,100000,30,10,0.1,5.0,0.1,0,9,0.001,1e-06,0.001,1e-07,1.0,1e-08,adamax,0,0.0,disordered,1,0.2999606372216449,0 days 04:00:08.186527,0.0006192833968122,1.4573849035696518,1.3922033290956133
489,489,489,489,0.2837303616516209,0.2837303616516209,0.2837303616516209,0.2837303616516209,0.2837303616516209,0.2837303616516209,0.2837303616516209,0.2837303616516209,0.2837303616516209,0.2837303616516209,1.4571380286616457e-05,2.7035689535460344e-05,0.070959037325274,5.97452173789067e-05,0.4329425655301827,0.1661648066450121,0.0007466406705901,0.3579214997555755,0.6226879830149049,5.497082384107332e-05,-0.0006320963376299,-0.0007339073305877,7677.0,1.0,0.269830185183328,0.1788124517459227,0.2357624150844014,0.3336217547611876,0.3891640820689176,0.7861287104793945,0.9062220227841236,0.6540003011172316,0.0552854511999436,0.4636160285123724,100000,30,10,0.1,5.0,0.1,0,9,0.001,1e-06,0.001,1e-07,1.0,1e-08,adamax,0,0.0,disordered,1,0.2838863612983924,0 days 04:00:08.186527,0.0006320964294193,1.6126699898426256,1.2288868978171041
490,490,490,490,0.4180637241455752,0.4180637241455752,0.4180637241455752,0.4180637241455752,0.4180637241455752,0.4180637241455752,0.4180637241455752,0.4180637241455752,0.4180637241455752,0.4180637241455752,0.4254685071758158,0.3294555733227884,0.5567669861650025,0.162304504277714,0.1991574868923868,0.1878016967408765,0.2646332778011467,0.2342905983931772,0.4491505887788416,1.000923154940029,-0.0004702314672697,-0.0005516833573284,455.0,0.0,0.4689136373784628,0.8920170040860286,0.32096795300436,0.7187049607086551,0.7888855286745555,0.512166154123716,0.4918572089274071,0.1198997511692875,0.061671327308401,0.9720885810041372,100000,30,10,0.1,5.0,0.1,0,9,0.001,1e-06,0.001,1e-07,1.0,1e-08,adamax,0,0.0,disordered,1,0.4190290198280245,0 days 04:00:08.186527,0.0004702324932523,1.348446174637516,1.220667216652527
491,491,491,491,0.6786773050723289,0.6786773050723289,0.6786773050723289,0.6786773050723289,0.6786773050723289,0.6786773050723289,0.6786773050723289,0.6786773050723289,0.6786773050723289,0.6786773050723289,0.4566362319884464,0.4996219519078787,0.4665426838040189,0.9573098416499806,0.5078831863995581,0.9039277089515938,0.5008332443094538,0.6102289443535375,0.4954972659869918,1.0006254361885216,-0.0002962891817041,-0.0003020984336,187.0,0.0,0.5635966875862833,0.2670546605161175,0.8035496595825786,0.0546817624572014,0.9434314091097408,0.1700249450255782,0.9855642339512826,0.2939539801636963,0.9085108274267332,0.0418157492874561,100000,30,10,0.1,5.0,0.1,0,9,0.001,1e-06,0.001,1e-07,1.0,1e-08,adamax,0,0.0,disordered,1,0.6700555050774104,0 days 04:00:08.186527,0.0002963065915354,1.2457428846857934,1.2111770697305893
492,492,492,492,0.3444087275973818,0.3444087275973818,0.3444087275973818,0.3444087275973818,0.3444087275973818,0.3444087275973818,0.3444087275973818,0.3444087275973818,0.3444087275973818,0.3444087275973818,8.530371347307201e-05,0.184609592557884,0.1187608670384903,0.9238003578061852,5.189894097859342e-05,0.5626130283724683,0.251016409951067,0.3090816710664138,0.4131906387134872,0.0001228053196856,-0.0005585289668484,-0.0006081551215472,7657.0,1.0,0.1454353558572717,0.0381762160982447,0.2866313393220127,0.7544789863006167,0.1546988089103884,0.1323172182467685,0.7117267801151361,0.5607881410253226,0.058666084156174,0.2848001838030859,100000,30,10,0.1,5.0,0.1,0,9,0.001,1e-06,0.001,1e-07,1.0,1e-08,adamax,0,0.0,disordered,1,0.3472913129381906,0 days 04:00:08.186527,0.0005585434516829,1.5366237893644286,1.3163235408488763
493,493,493,493,0.3794532847236935,0.3794532847236935,0.3794532847236935,0.3794532847236935,0.3794532847236935,0.3794532847236935,0.3794532847236935,0.3794532847236935,0.3794532847236935,0.3794532847236935,1.4402837526624153e-05,0.219229147429759,0.1837492611569655,5.618097139622439e-05,4.37747928480164e-05,0.2279833006361251,0.8631892659117472,3.104322780283123e-05,0.6741632118166484,7.399236151193015e-05,-0.0005149087459112,-0.0006040712071141,7791.0,1.0,0.7555647851154688,0.5473565225145267,0.9435050805737084,0.771561222329849,0.7405937992546697,0.8103166757963779,0.0849733834319158,0.3521430743892157,0.8124079306416224,0.2975640905150405,100000,30,10,0.1,5.0,0.1,0,9,0.001,1e-06,0.001,1e-07,1.0,1e-08,adamax,0,0.0,disordered,1,0.3747469938783528,0 days 04:00:08.186527,0.0005149381191129,1.9613365915693954,1.2738158419382495
494,494,494,494,0.3919100249433399,0.3919100249433399,0.3919100249433399,0.3919100249433399,0.3919100249433399,0.3919100249433399,0.3919100249433399,0.3919100249433399,0.3919100249433399,0.3919100249433399,0.1644148960684987,0.0635406839842735,0.6617489024509042,0.063659767830671,0.360938635780364,0.5038437267007518,0.1174999700144132,1.000024622397726,0.108440370949472,0.0849375736961191,-0.0004823781236034,-0.0005490269092168,820.0,0.0,0.4464281301385905,0.6224321748314845,0.1122971306986191,0.6977694787300996,0.3950396829832031,0.8776528213979036,0.4886122252177215,0.0308946940186498,0.751795361244465,0.6927397456998063,100000,30,10,0.1,5.0,0.1,0,9,0.001,1e-06,0.001,1e-07,1.0,1e-08,adamax,0,0.0,disordered,1,0.3907501520076203,0 days 04:00:08.186527,0.0004823796195983,1.6312664253370726,1.3454258197563689
495,495,495,495,0.31260072430687,0.31260072430687,0.31260072430687,0.31260072430687,0.31260072430687,0.31260072430687,0.31260072430687,0.31260072430687,0.31260072430687,0.31260072430687,0.3838178532539631,0.0076182555755436,0.0117281623967545,0.0109450475969123,1.0000137560782576,0.0377956000108184,0.3920377846544325,0.0280763664879582,0.4174931855087331,0.0113935164027933,-0.0005540193277923,-0.0006841615211691,1705.0,0.0,0.9494849847345456,0.811636590478624,0.5665228893220841,0.7819235397398189,0.1950920852207742,0.9073612470162165,0.7653546737569467,0.4945839206501871,0.0407779596741447,0.4142351233312004,100000,30,10,0.1,5.0,0.1,0,9,0.001,1e-06,0.001,1e-07,1.0,1e-08,adamax,0,0.0,disordered,1,0.3115738168046037,0 days 04:00:08.186527,0.0005540206951511,1.8230477048217595,1.3737257977589632
496,496,496,496,0.31260072430687,0.31260072430687,0.31260072430687,0.31260072430687,0.31260072430687,0.31260072430687,0.31260072430687,0.31260072430687,0.31260072430687,0.31260072430687,0.0370969560613801,0.611034710033875,6.78885902485348e-05,0.8774851552892251,0.5118205711125136,3.5515927666420288e-06,0.1741047833327595,4.218636968657437e-06,0.5846099454944979,5.3750753256337566e-05,-0.000545405731655,-0.0006792168391281,7981.0,1.0,0.3535042484970484,0.6620531995427018,0.9880842517880194,0.3135986493894647,0.933431091643605,0.6842137419365485,0.1592815852935352,0.6763240937503852,0.5538886611125697,0.2735114227291052,100000,30,10,0.1,5.0,0.1,0,9,0.001,1e-06,0.001,1e-07,1.0,1e-08,adamax,0,0.0,disordered,1,0.3142898049490829,0 days 04:00:08.186527,0.0005454093856013,1.7298326106001665,1.4019634627405668
497,497,497,497,0.3557150206821381,0.3557150206821381,0.3557150206821381,0.3557150206821381,0.3557150206821381,0.3557150206821381,0.3557150206821381,0.3557150206821381,0.3557150206821381,0.3557150206821381,0.0001056245045205,0.4062330555915685,0.7012120013346048,0.1037400855952579,0.0002553536065322,0.6819110541722279,0.062172227905404,1.5432859476816646e-05,0.6522727494677341,1.0342466198055309e-05,-0.0005371532067492,-0.0006269696147086,7646.0,1.0,0.133063356038502,0.1645701961075513,0.8679442034747825,0.4744179740261339,0.5662040009371612,0.7366603978298915,0.2085849027409158,0.2484993359274289,0.7772139981506381,0.3088217808617497,100000,30,10,0.1,5.0,0.1,0,9,0.001,1e-06,0.001,1e-07,1.0,1e-08,adamax,0,0.0,disordered,1,0.3546058798136371,0 days 04:00:08.186527,0.0005371547463461,1.5772982040264183,1.3003028203227205
498,498,498,498,0.2659804395593755,0.2659804395593755,0.2659804395593755,0.2659804395593755,0.2659804395593755,0.2659804395593755,0.2659804395593755,0.2659804395593755,0.2659804395593755,0.2659804395593755,0.357995266273258,0.9160224873047896,1.6972705656014917e-05,0.2294282812452613,0.5879918655009587,0.0259882932926685,1.8261032798876577e-05,8.095020906005533e-06,0.3257302506473506,7.4184114207065774e-06,-0.0006610687132592,-0.0008439749206551,8183.0,1.0,0.1511325383147743,0.8082834161692315,0.3038834508652234,0.1242761929970105,0.6315405474397277,0.2591674506590259,0.1431606887088047,0.2548469647279749,0.6287139094798047,0.2929084127701069,100000,30,10,0.1,5.0,0.1,0,9,0.001,1e-06,0.001,1e-07,1.0,1e-08,adamax,0,0.0,disordered,1,0.2669400207667348,0 days 04:00:08.186527,0.0006610711892677,2.143907925570301,1.42115913880343
499,499,499,499,0.1487115462808952,0.1487115462808952,0.1487115462808952,0.1487115462808952,0.1487115462808952,0.1487115462808952,0.1487115462808952,0.1487115462808952,0.1487115462808952,0.1487115462808952,0.4515217992977202,1.6093871919462954e-05,0.0256247218867355,0.1729644632686581,5.114771599024923e-06,2.46972223922502e-05,0.1780360725116531,0.0269972725265095,0.3300203191221632,7.255171825474429e-05,-0.0008887768171578,-0.0010162826982999,7634.0,1.0,0.0834227142913034,0.4945478267642822,0.291793899664122,0.1565978688724559,0.5078217290705839,0.3486204132743177,0.5769817632936873,0.7510713306790604,0.4694937053806567,0.8616798220997797,100000,30,10,0.1,5.0,0.1,0,9,0.001,1e-06,0.001,1e-07,1.0,1e-08,adamax,0,0.0,disordered,1,0.1472365942138738,0 days 04:00:08.186527,0.0008887902537416,2.363410403548802,1.7138409181857177
