,Unnamed: 0.3,Unnamed: 0.2,Unnamed: 0.1,Unnamed: 0,Gamma0_1,Gamma0_2,Gamma0_3,Gamma0_4,Gamma0_5,Gamma0_6,Gamma0_7,Gamma0_8,Gamma0_9,Gamma0_10,Gamma1,Gamma2,Gamma3,Gamma4,Gamma5,Gamma6,Gamma7,Gamma8,Gamma9,Gamma10,eta0,eta,count,success,e1,e2,e3,e4,e5,e6,e7,e8,e9,e10,max_iter,min_iter,N,Jmax,alpha,gleak,ex,lk,rate,minGg,maxGg,minGo,maxGo,tol,optim,exfix,exval,profile,seed,Gamma,runtime,ueta,cohlength,ucohlength,keep
0,0,0,0,0,0.4757236139187886,0.4757236139187886,0.4757236139187886,0.4757236139187886,0.4757236139187886,0.4757236139187886,0.4757236139187886,0.4757236139187886,0.4757236139187886,0.4757236139187886,0.3741928954545467,0.3280261587119712,0.2417400891792119,0.301747205876323,0.1937797098792448,0.178582012997609,0.4541578763783803,0.1854670011085713,0.2448241654812994,1.0001026231399657,-0.001368555684496,-0.0014743005152074,429.0,0.0,0.5118216247002567,0.9504636963259352,0.1441596127196337,0.948649447137244,0.3118314520104854,0.4233264489725756,0.8277025938204418,0.4091991363691613,0.5495936876730595,0.0275591132430683,100000,30,10,0.1,1.0,0.1,0,9,0.001,1e-06,0.001,1e-07,1.0,1e-07,adamax,0,0.0,disordered,1,0.4810576777918522,0 days 02:36:32.165057,0.001368604389501,3.276627235745504,3.323854681488724,1.0
1,1,1,1,1,0.1692220351641034,0.1692220351641034,0.1692220351641034,0.1692220351641034,0.1692220351641034,0.1692220351641034,0.1692220351641034,0.1692220351641034,0.1692220351641034,0.1692220351641034,0.0613927919153556,0.0357698215389385,0.027490980965199,1.0017717686917609,0.0275778956204054,0.6757107682224119,0.0279078167722169,0.6237435493483513,0.0276908483326146,0.0277130376148241,-0.0026628728514698,-0.0033315583109018,792.0,0.0,0.7535131086748066,0.5381433132192782,0.3297317164990921,0.7884287034284043,0.303194829291645,0.4534978894806515,0.1340416972471647,0.4031129864471292,0.2034552406761496,0.2623133404418495,100000,30,10,0.1,1.0,0.1,0,9,0.001,1e-06,0.001,1e-07,1.0,1e-07,adamax,0,0.0,disordered,1,0.1672962445279146,0 days 02:36:32.165057,0.0026629408138539,3.2950524537954364,3.1039421827139217,1.0
2,2,2,2,2,0.2121550171362448,0.2121550171362448,0.2121550171362448,0.2121550171362448,0.2121550171362448,0.2121550171362448,0.2121550171362448,0.2121550171362448,0.2121550171362448,0.2121550171362448,0.0307722646836788,0.0381240967726647,0.1006446745490729,1.0000063337431953,0.670268880744081,0.0320591424108983,0.0447305041607648,0.0840677359759297,0.5600535189306252,0.0392508469238012,-0.0022388343164113,-0.0028581053344429,850.0,0.0,0.7503646726300526,0.2804087579860399,0.485190974431635,0.9807371998012386,0.9616571936637868,0.7247899407735336,0.5412268555474342,0.2768912040453708,0.1606520087751268,0.9699254132161326,100000,30,10,0.1,1.0,0.1,0,9,0.001,1e-06,0.001,1e-07,1.0,1e-07,adamax,0,0.0,disordered,1,0.2107852961299231,0 days 02:36:32.165057,0.0022388502790965,3.898554106850271,3.5753264645288176,1.0
3,3,3,3,3,0.4047756965997318,0.4047756965997318,0.4047756965997318,0.4047756965997318,0.4047756965997318,0.4047756965997318,0.4047756965997318,0.4047756965997318,0.4047756965997318,0.4047756965997318,0.1729218065777004,0.2455559862288814,0.2265149101805849,0.985961578186022,0.1652636133592976,1.0004817626643991,0.1989604467884937,0.1655286858789332,0.1700786272504262,0.7853988743489881,-0.001492516647355,-0.0016526207645227,395.0,0.0,0.5160685855478787,0.1158656124707703,0.6234897555375004,0.776683114342298,0.6130033010530405,0.9172977047909028,0.0395928766642028,0.5285892632600216,0.4593358828854037,0.0623495791498756,100000,30,10,0.1,1.0,0.1,0,9,0.001,1e-06,0.001,1e-07,1.0,1e-07,adamax,0,0.0,disordered,1,0.4112810258274127,0 days 02:36:32.165057,0.0014926106735969,3.367967457705993,3.308311240715311,1.0
4,4,4,4,4,0.088694316560147,0.088694316560147,0.088694316560147,0.088694316560147,0.088694316560147,0.088694316560147,0.088694316560147,0.088694316560147,0.088694316560147,0.088694316560147,0.8097575743035073,0.0600018937818606,0.0076266038787184,0.0076491834429048,1.000369729773682,0.0108569300185785,0.1750104683966725,0.0092145795021074,0.0027198385371197,0.0051477834507987,-0.0032748415548679,-0.0041953744760133,1631.0,0.0,0.641328169139375,0.8526328384806567,0.592941018104284,0.2600974477372232,0.8398815210314088,0.5094958815215094,0.510888884466533,0.7530302077021779,0.1479220357849565,0.819626719119277,100000,30,10,0.1,1.0,0.1,0,9,0.001,1e-06,0.001,1e-07,1.0,1e-07,adamax,0,0.0,disordered,1,0.0899631222024552,0 days 02:36:32.165057,0.0032749302488302,3.620907838003952,2.964210452233518,1.0
5,5,5,5,5,0.3444087275973819,0.3444087275973819,0.3444087275973819,0.3444087275973819,0.3444087275973819,0.3444087275973819,0.3444087275973819,0.3444087275973819,0.3444087275973819,0.3444087275973819,0.4346339829487738,0.0697763107530413,0.0242894425181754,0.0221371183325888,0.0359801434829935,0.158942471207528,0.0044507619285997,1.000411280985383,0.0127880953390525,0.8468667737102192,-0.0017059033174599,-0.0020569929704,1887.0,0.0,0.6832869060032571,0.787096941554801,0.1916162590201352,0.80236416113453,0.1913239260572002,0.0815526173635127,0.8552269742870702,0.8612834961776684,0.8765370964165805,0.4719097193587902,100000,30,10,0.1,1.0,0.1,0,9,0.001,1e-06,0.001,1e-07,1.0,1e-07,adamax,0,0.0,disordered,1,0.3484079863898073,0 days 02:36:32.165057,0.0017059589752332,3.126457937876673,3.437246175507169,1.0
6,6,6,6,6,0.1747772774464678,0.1747772774464678,0.1747772774464678,0.1747772774464678,0.1747772774464678,0.1747772774464678,0.1747772774464678,0.1747772774464678,0.1747772774464678,0.1747772774464678,1.0008524506365246,0.9615962851637506,0.3147618534270255,0.1167785435416125,0.0291562454541645,0.047585605002864,0.2741955891513296,0.0700687185288597,0.0330139646086648,0.0302474110165885,-0.0027472456370912,-0.0038299130050729,815.0,0.0,0.2740483886137183,0.0070918286031662,0.6457208955749478,0.719909383508693,0.8355692165002742,0.2818778273645421,0.2152181671629736,0.6393313800665879,0.8050548331450097,0.9636708728449708,100000,30,10,0.1,1.0,0.1,0,9,0.001,1e-06,0.001,1e-07,1.0,1e-07,adamax,0,0.0,disordered,1,0.1768037521848165,0 days 02:36:32.165057,0.0027473374738371,3.28428640498547,3.264125315123851,1.0
7,7,7,7,7,0.2054117348353061,0.2054117348353061,0.2054117348353061,0.2054117348353061,0.2054117348353061,0.2054117348353061,0.2054117348353061,0.2054117348353061,0.2054117348353061,0.2054117348353061,1.0002959248550445,0.6197760653625748,0.0518718211585003,0.0809130296685526,0.0609074705577785,0.2521512102952822,0.0636774021001621,0.9834995908488132,0.0444352415310043,0.0410946924005943,-0.0025292646691931,-0.0033381949221244,696.0,0.0,0.1505248304211774,0.4822123881993365,0.8947158621961735,0.4227169069454373,0.5895020620840481,0.0244906774933632,0.6734598871529389,0.9190886196338224,0.8268253295567211,0.8855202667099468,100000,30,10,0.1,1.0,0.1,0,9,0.001,1e-06,0.001,1e-07,1.0,1e-07,adamax,0,0.0,disordered,1,0.2051100966660486,0 days 02:36:32.165057,0.0025292671573674,3.425176253750261,3.0509650045152976,1.0
8,8,8,8,8,0.2659804395593755,0.2659804395593755,0.2659804395593755,0.2659804395593755,0.2659804395593755,0.2659804395593755,0.2659804395593755,0.2659804395593755,0.2659804395593755,0.2659804395593755,0.2453353407455388,0.070380389337546,0.9922650289980224,0.0698772880204098,0.9965201778031656,0.0810308409375487,1.0006868093091814,0.0704199751613277,0.3858135883665901,0.0696060834503151,-0.0020719464887945,-0.0025595050865513,581.0,0.0,0.6603553805205233,0.2455522672431775,0.7685169988962544,0.2116747426075105,0.8312748346644612,0.0627179225707682,0.8254878133935558,0.1645072664741013,0.3751469964966418,0.3167381665569643,100000,30,10,0.1,1.0,0.1,0,9,0.001,1e-06,0.001,1e-07,1.0,1e-07,adamax,0,0.0,disordered,1,0.2669179901383056,0 days 02:36:32.165057,0.0020719525094726,3.6507039804768255,3.343527351291674,1.0
9,9,9,9,9,0.0382971391404627,0.0382971391404627,0.0382971391404627,0.0382971391404627,0.0382971391404627,0.0382971391404627,0.0382971391404627,0.0382971391404627,0.0382971391404627,0.0382971391404627,1.395837667496099e-06,1.3493775599377031e-06,0.023709711499641,5.471820890117495e-06,0.1651227182297379,0.2756081339806573,0.1768366636870754,3.4850798484194283e-06,1.4874695650479755e-06,1.529522116374429e-06,-0.0052631240051841,-0.0070495570964044,7963.0,1.0,0.6913370352777413,0.1785718781743719,0.3962561622169864,0.0058245951079809,0.2624947127501015,0.4211888142289552,0.1059212367073244,0.6331599460365578,0.3804242698865323,0.7252939380762389,100000,30,10,0.1,1.0,0.1,0,9,0.001,1e-06,0.001,1e-07,1.0,1e-07,adamax,0,0.0,disordered,1,0.0382943664094911,0 days 02:36:32.165057,0.0052631239546665,4.684668104659529,4.344807765480333,1.0
10,10,10,10,10,0.4047756965997318,0.4047756965997318,0.4047756965997318,0.4047756965997318,0.4047756965997318,0.4047756965997318,0.4047756965997318,0.4047756965997318,0.4047756965997318,0.4047756965997318,0.4909004592275635,0.3656289739898982,0.2295787424790045,0.1893106951860855,0.1971047086215275,0.1735704759002303,0.6878445796559245,0.1340212935020541,1.0013197645300749,0.2715486332849377,-0.001416233802223,-0.0016353778900375,495.0,0.0,0.6538660110683944,0.4312267487774062,0.8673205056421992,0.632135117500167,0.8102743521062991,0.341794723940113,0.5436692896684556,0.1962968851147534,0.996141190118628,0.2432154643063271,100000,30,10,0.1,1.0,0.1,0,9,0.001,1e-06,0.001,1e-07,1.0,1e-07,adamax,0,0.0,disordered,1,0.4018568843021927,0 days 02:36:32.165057,0.0014162448829778,3.16366125078683,3.307919972116915,1.0
11,11,11,11,11,0.2747120789270809,0.2747120789270809,0.2747120789270809,0.2747120789270809,0.2747120789270809,0.2747120789270809,0.2747120789270809,0.2747120789270809,0.2747120789270809,0.2747120789270809,0.2983084903119985,0.2945322167796801,0.2361167611770475,0.881896276429798,0.4410447531232418,0.087049716416054,0.2507247287539746,0.0679880750674754,1.0006301912375763,0.0672474142906681,-0.0021448747602874,-0.0023160441010298,657.0,0.0,0.2568674672271027,0.0731900723909659,0.2578031189967366,0.7631285325440532,0.6978935706830813,0.1286732123171694,0.3762385014280942,0.4209213946174629,0.6649842463619607,0.4559289630437488,100000,30,10,0.1,1.0,0.1,0,9,0.001,1e-06,0.001,1e-07,1.0,1e-07,adamax,0,0.0,disordered,1,0.2755518727172508,0 days 02:36:32.165057,0.0021448792349049,3.349967658896016,3.26662078572904,1.0
12,12,12,12,12,0.1225113576604118,0.1225113576604118,0.1225113576604118,0.1225113576604118,0.1225113576604118,0.1225113576604118,0.1225113576604118,0.1225113576604118,0.1225113576604118,0.1225113576604118,0.0399315712492807,1.0013816421558204,0.9969640069928858,0.0384827647024214,0.7323282703365608,0.0147109583655315,0.0156239270014205,0.067673962347744,0.0193688808872637,0.0876605188003565,-0.0030007625090122,-0.0038965926736071,916.0,0.0,0.5865183268255314,0.8396846036089424,0.7264736103123705,0.3650072635085589,0.4483963093444842,0.3676995696900066,0.1097346640066967,0.2032415440873966,0.2838064889441311,0.3141338956023022,100000,30,10,0.1,1.0,0.1,0,9,0.001,1e-06,0.001,1e-07,1.0,1e-07,adamax,0,0.0,disordered,1,0.1209112251833595,0 days 02:36:32.165057,0.003000826098103,3.4216497498162752,3.113907724764211,1.0
13,13,13,13,13,0.293044697697214,0.293044697697214,0.293044697697214,0.293044697697214,0.293044697697214,0.293044697697214,0.293044697697214,0.293044697697214,0.293044697697214,0.293044697697214,1.0002001225477166,0.5418233384444998,0.1945853536344675,0.075167854185922,0.0767899555387472,0.0814944957063387,0.0784077670763777,0.3973604827489399,0.1110806083825558,0.500382616619078,-0.0018871873120697,-0.0020488306956561,591.0,0.0,0.3130478588199377,0.576699716252952,0.9716899756197548,0.774664134923732,0.7911339481728052,0.75926850053958,0.5969877305237564,0.9176922571709129,0.689630155447081,0.500356430736871,100000,30,10,0.1,1.0,0.1,0,9,0.001,1e-06,0.001,1e-07,1.0,1e-07,adamax,0,0.0,disordered,1,0.2906730053646793,0 days 02:36:32.165057,0.0018872158632285,2.8414241957035005,2.9768925320296,1.0
14,14,14,14,14,0.4047756965997318,0.4047756965997318,0.4047756965997318,0.4047756965997318,0.4047756965997318,0.4047756965997318,0.4047756965997318,0.4047756965997318,0.4047756965997318,0.4047756965997318,0.8683889428208635,0.1811203588328129,0.1639335361788709,0.1909358984725455,0.1658971968103864,0.9736771230297686,0.173313994331169,1.002035833977917,0.165881288780099,0.6882023494431652,-0.0015366486198167,-0.0016732977671491,393.0,0.0,0.0770838085005387,0.4884492270855238,0.2128309953403343,0.1326962975467872,0.506064922529373,0.785085292596959,0.2950064428055194,0.7687717599091665,0.5256295231622541,0.1490480233707125,100000,30,10,0.1,1.0,0.1,0,9,0.001,1e-06,0.001,1e-07,1.0,1e-07,adamax,0,0.0,disordered,1,0.4004166268322088,0 days 02:36:32.165057,0.0015366938993308,3.2801585511045146,3.2110427684645724,1.0
15,15,15,15,15,0.0055142057392402,0.0055142057392402,0.0055142057392402,0.0055142057392402,0.0055142057392402,0.0055142057392402,0.0055142057392402,0.0055142057392402,0.0055142057392402,0.0055142057392402,3.87673133205524e-06,1.982886502225121e-07,1.413993411738663e-07,1.2774313376993673e-06,9.99908614339716e-08,6.326659516432369e-07,8.603487491513892e-05,0.0135431492439896,3.340352197693069e-06,0.1069949628344825,-0.0043239602292809,-0.0056670228527996,6503.0,0.0,0.9649677439797356,0.4016362238885175,0.2952342556626958,0.8469983706337296,0.1244603325154798,0.7335904610737034,0.1878247425654683,0.3924917760125824,0.2318998784621384,0.8412279926923869,100000,30,10,0.1,1.0,0.1,0,9,0.001,1e-06,0.001,1e-07,1.0,1e-07,adamax,0,0.0,disordered,1,0.0055153993838402,0 days 02:36:32.165057,0.0043239602139444,3.644031682095654,3.956292773360571,1.0
16,16,16,16,16,0.1535934676510894,0.1535934676510894,0.1535934676510894,0.1535934676510894,0.1535934676510894,0.1535934676510894,0.1535934676510894,0.1535934676510894,0.1535934676510894,0.1535934676510894,1.00014278795301,0.0523434484663371,0.0559462047981484,0.0234018754559145,0.0240303488803738,0.0241961261073671,0.1705466911611116,0.0252792313080253,0.0246093373576201,0.0281169401793989,-0.0026248701550348,-0.0041202196663752,823.0,0.0,0.3900745519398617,0.9746928128822892,0.6252614844151068,0.6936228347029152,0.5215251221324175,0.3089681990755911,0.3955564210524287,0.9409341876619016,0.2012032007246644,0.9882189012202124,100000,30,10,0.1,1.0,0.1,0,9,0.001,1e-06,0.001,1e-07,1.0,1e-07,adamax,0,0.0,disordered,1,0.1535343892794131,0 days 02:36:32.165057,0.0026248704114952,3.752192750668092,3.4382760358167785,1.0
17,17,17,17,17,0.445962762681909,0.445962762681909,0.445962762681909,0.445962762681909,0.445962762681909,0.445962762681909,0.445962762681909,0.445962762681909,0.445962762681909,0.445962762681909,0.1754971198642733,0.2105647980922349,0.1632768786285265,0.1668556990265347,0.1678966503832114,0.1643915552054433,0.1797701924830133,0.1675490951034646,1.000189862384096,0.5562911220850453,-0.0015030091248762,-0.0017150424149358,435.0,0.0,0.7583058620038184,0.3597869264926102,0.6415135895056033,0.3809815392930875,0.38149293263992,0.5038029501945296,0.016722821635377,0.4935715599433962,0.971598413446888,0.2854652287855784,100000,30,10,0.1,1.0,0.1,0,9,0.001,1e-06,0.001,1e-07,1.0,1e-07,adamax,0,0.0,disordered,1,0.4435272996725553,0 days 02:36:32.165057,0.0015030204532406,3.285409905255626,3.451994332726964,1.0
18,18,18,18,18,0.2575263326771197,0.2575263326771197,0.2575263326771197,0.2575263326771197,0.2575263326771197,0.2575263326771197,0.2575263326771197,0.2575263326771197,0.2575263326771197,0.2575263326771197,0.0693030447491474,0.0671360204904781,0.0669496462205746,0.6831000296129095,0.0958963896499599,0.0748659873995457,1.0006354058322902,0.0794117730606648,0.486607835160456,0.1682303258895816,-0.0020934587039032,-0.0023308495769692,590.0,0.0,0.7482179590766121,0.442788890070495,0.2092810426177854,0.9050025708181296,0.0168272846802129,0.3035089265995107,0.9990258823239376,0.2621467961899895,0.849044521859272,0.6056831486557043,100000,30,10,0.1,1.0,0.1,0,9,0.001,1e-06,0.001,1e-07,1.0,1e-07,adamax,0,0.0,disordered,1,0.2547402290808567,0 days 02:36:32.165057,0.0020935166723518,3.803803837469808,3.522173138434912,1.0
19,19,19,19,19,0.2337423870891811,0.2337423870891811,0.2337423870891811,0.2337423870891811,0.2337423870891811,0.2337423870891811,0.2337423870891811,0.2337423870891811,0.2337423870891811,0.2337423870891811,0.0713497813384567,0.0384151402542391,0.0530830036325161,1.0004588276848267,0.0522368290197915,0.4832607444331966,0.4234191643046838,0.6404899773500651,0.0447237952446664,0.0461345079545722,-0.0022688654731481,-0.0025328322164647,781.0,0.0,0.8060357075271236,0.6303177554434782,0.3626968570578484,0.7607887845834825,0.0264845489039723,0.4468129517344519,0.371854569870106,0.4770740056373495,0.1276206864960696,0.2225068659462724,100000,30,10,0.1,1.0,0.1,0,9,0.001,1e-06,0.001,1e-07,1.0,1e-07,adamax,0,0.0,disordered,1,0.2369389133179714,0 days 02:36:32.165057,0.0022689739479872,3.4140860197744263,3.18189384786216,1.0
20,20,20,20,20,0.4047756965997318,0.4047756965997318,0.4047756965997318,0.4047756965997318,0.4047756965997318,0.4047756965997318,0.4047756965997318,0.4047756965997318,0.4047756965997318,0.4047756965997318,0.5185236840577745,0.4495347997687848,0.1758122843389467,0.1617472676527505,1.0015908769413011,0.1553234688350752,0.1610605149735491,0.1797057233090433,0.3983365906607354,0.6415920908503067,-0.0015490702677835,-0.0016745602817826,417.0,0.0,0.5620515900997094,0.3877691156559539,0.7916562055903406,0.6051365892775145,0.8612666847869941,0.7323608373256045,0.601823447758565,0.2876156021959957,0.7827604679261685,0.2512675781710818,100000,30,10,0.1,1.0,0.1,0,9,0.001,1e-06,0.001,1e-07,1.0,1e-07,adamax,0,0.0,disordered,1,0.3991558455501676,0 days 02:36:32.165057,0.0015491450963993,3.105494739860152,3.189636434197871,1.0
21,21,21,21,21,0.2747120789270809,0.2747120789270809,0.2747120789270809,0.2747120789270809,0.2747120789270809,0.2747120789270809,0.2747120789270809,0.2747120789270809,0.2747120789270809,0.2747120789270809,1.000150202958609,0.7007980716651515,0.1606566802710224,0.8561760594727075,0.072039762910656,0.0716797201717226,0.0915777141212602,0.0858606356527915,0.0830909076024041,0.2377865655978511,-0.0020959668209298,-0.0026194103775182,584.0,0.0,0.0752111118144044,0.9628645784432278,0.5400112050964692,0.7738942975498113,0.5292228076303601,0.6115797303718215,0.0338922505165062,0.1867936793538085,0.6746893954347775,0.5705645979524983,100000,30,10,0.1,1.0,0.1,0,9,0.001,1e-06,0.001,1e-07,1.0,1e-07,adamax,0,0.0,disordered,1,0.2751720030855517,0 days 02:36:32.165057,0.0020959676508108,3.229229232753221,3.3592700211165814,1.0
22,22,22,22,22,0.2054117348353061,0.2054117348353061,0.2054117348353061,0.2054117348353061,0.2054117348353061,0.2054117348353061,0.2054117348353061,0.2054117348353061,0.2054117348353061,0.2054117348353061,0.0672464233571085,0.9927043985109804,0.0421610930719856,0.9954096245138538,0.0424096172063318,1.0014426135650625,0.8270692363171711,0.0423219634867535,0.0423375525348099,0.0436697789050617,-0.0022436945054139,-0.003278049429394,689.0,0.0,0.1585550339867126,0.9520292687261848,0.1543536325474043,0.5103032497386853,0.1440028750192576,0.7173717261062347,0.2763130140951527,0.1341339751217832,0.0459871806705156,0.1748355378976236,100000,30,10,0.1,1.0,0.1,0,9,0.001,1e-06,0.001,1e-07,1.0,1e-07,adamax,0,0.0,disordered,1,0.2028706146989312,0 days 02:36:32.165057,0.0022437701122692,3.30619427714794,3.318773769204948,1.0
23,23,23,23,23,0.7722813571388628,0.7722813571388628,0.7722813571388628,0.7722813571388628,0.7722813571388628,0.7722813571388628,0.7722813571388628,0.7722813571388628,0.7722813571388628,0.7722813571388628,0.659951964795401,0.6197717921107971,0.6143749125520137,0.6012642455691208,0.6006734025538665,0.5941635306933131,0.5959057099902685,0.5947402078774079,0.6928935575882973,1.0002521442651582,-0.0009979780628568,-0.0010352016899356,114.0,0.0,0.1917987167235664,0.5369720795717926,0.4510388861713912,0.9572943672535372,0.9541513368666424,0.7965461104684304,0.6715876339807033,0.8450230915683464,0.9387518284798846,0.0226177288870027,100000,30,10,0.1,1.0,0.1,0,9,0.001,1e-06,0.001,1e-07,1.0,1e-07,adamax,0,0.0,disordered,1,0.7611944075281603,0 days 02:36:32.165057,0.0009980524106085,3.189467440407032,3.2766253678729083,1.0
24,24,24,24,24,0.2191196687578145,0.2191196687578145,0.2191196687578145,0.2191196687578145,0.2191196687578145,0.2191196687578145,0.2191196687578145,0.2191196687578145,0.2191196687578145,0.2191196687578145,0.9747899723837212,0.5109759896226558,1.0000327479745492,0.000399753201089,0.000418726246259,0.0016787845038918,0.0047578991488429,0.0461332845160795,0.9924607913052108,0.0011151395254645,-0.0025320271292876,-0.0031659724434403,3593.0,0.0,0.1181052271508587,0.3602638846836431,0.0935868530425997,0.5995244730532772,0.2603642223481086,0.2643397291323255,0.2883279886478656,0.09771565758439,0.7409444532381589,0.6506724295996501,100000,30,10,0.1,1.0,0.1,0,9,0.001,1e-06,0.001,1e-07,1.0,1e-07,adamax,0,0.0,disordered,1,0.2183427802319851,0 days 02:36:32.165057,0.0025320347491826,3.6717094662718575,3.2582825487206657,1.0
25,25,25,25,25,0.1265331759388942,0.1265331759388942,0.1265331759388942,0.1265331759388942,0.1265331759388942,0.1265331759388942,0.1265331759388942,0.1265331759388942,0.1265331759388942,0.1265331759388942,0.1405967452097521,0.1679595813050246,0.0151236468389167,1.0016252525857794,0.0196114925320496,0.0155179637586357,0.0148783959819747,0.0336705803591415,0.0466152757638098,0.0155913045969326,-0.0033165685173022,-0.0049725572570234,929.0,0.0,0.6065080906412624,0.0340455822777754,0.4294641446388775,0.6852035898998426,0.1563466499035863,0.3856578446575508,0.0198341454699368,0.081857997077242,0.2164535799990539,0.4146501611412486,100000,30,10,0.1,1.0,0.1,0,9,0.001,1e-06,0.001,1e-07,1.0,1e-07,adamax,0,0.0,disordered,1,0.1267957957677922,0 days 02:36:32.165057,0.0033165715070991,3.3338928799945857,3.429667915022204,1.0
26,26,26,26,26,0.31260072430687,0.31260072430687,0.31260072430687,0.31260072430687,0.31260072430687,0.31260072430687,0.31260072430687,0.31260072430687,0.31260072430687,0.31260072430687,0.7852271355639087,0.0795999233940238,0.0830970851801894,0.0807054534245481,0.0799851699721383,0.0846962121164329,0.0869023391050515,1.0002890031159628,0.5683585747782324,0.1922616126966395,-0.0016408644701522,-0.0018611529886681,596.0,0.0,0.4632400362873798,0.884521531618113,0.3166584421740133,0.0214638762771913,0.8262233467711652,0.0618469353735727,0.0929919926622283,0.963181716739735,0.7533654181283584,0.337854202779255,100000,30,10,0.1,1.0,0.1,0,9,0.001,1e-06,0.001,1e-07,1.0,1e-07,adamax,0,0.0,disordered,1,0.3096442370435528,0 days 02:36:32.165057,0.0016408916970607,3.4955342962609497,3.485461801772222,1.0
27,27,27,27,27,0.3228628202536728,0.3228628202536728,0.3228628202536728,0.3228628202536728,0.3228628202536728,0.3228628202536728,0.3228628202536728,0.3228628202536728,0.3228628202536728,0.3228628202536728,0.1226511329516602,0.9317926406793277,0.6096938573108464,0.9683418164591872,0.9418619452021638,0.1031925394980365,1.0021341007076645,0.9132254726090434,0.1033620287681676,0.1035307847153532,-0.001640829760474,-0.0020334033675002,498.0,0.0,0.1321788416191956,0.3867305731718615,0.3391948927801735,0.8744412014424732,0.41875301731404,0.082045006015622,0.9268052023585862,0.6223133637152601,0.1167098567810022,0.1131741600464223,100000,30,10,0.1,1.0,0.1,0,9,0.001,1e-06,0.001,1e-07,1.0,1e-07,adamax,0,0.0,disordered,1,0.3236859009832444,0 days 02:36:32.165057,0.0016408313721485,3.799097267094601,3.277456958596878,1.0
28,28,28,28,28,0.2493409369951876,0.2493409369951876,0.2493409369951876,0.2493409369951876,0.2493409369951876,0.2493409369951876,0.2493409369951876,0.2493409369951876,0.2493409369951876,0.2493409369951876,0.5240131320313568,0.6497074234390888,0.1040148854342016,0.0823784618776411,0.136580987953173,0.917962284058392,0.988882718716306,1.000159362719225,0.0602066164733312,0.0598398998162181,-0.002226695293274,-0.0027298072746886,618.0,0.0,0.4659332411642642,0.0920889656891161,0.6317521922027585,0.6163837910949103,0.0320813486181537,0.8074227810412945,0.7867947609394985,0.9153082686153085,0.6703066467384771,0.6928622323352233,100000,30,10,0.1,1.0,0.1,0,9,0.001,1e-06,0.001,1e-07,1.0,1e-07,adamax,0,0.0,disordered,1,0.2455624672229288,0 days 02:36:32.165057,0.0022268205399833,3.609718338695626,3.1300666067864595,1.0
29,29,29,29,29,0.31260072430687,0.31260072430687,0.31260072430687,0.31260072430687,0.31260072430687,0.31260072430687,0.31260072430687,0.31260072430687,0.31260072430687,0.31260072430687,0.09809913777932,0.0984659085986919,0.1009955229072065,1.0004946587506998,0.9962661823987736,0.9904008847563373,0.6001264863351874,0.994528971249142,0.0983919195354191,0.0985283714671383,-0.0015435606433239,-0.0021121116291661,506.0,0.0,0.1637416544531679,0.0238888139788117,0.0655631524184199,0.9644613401603572,0.6457213655596336,0.9469066664934074,0.3493843588720956,0.755221576661414,0.0653989653616667,0.1662051655929711,100000,30,10,0.1,1.0,0.1,0,9,0.001,1e-06,0.001,1e-07,1.0,1e-07,adamax,0,0.0,disordered,1,0.311091980527811,0 days 02:36:32.165057,0.0015435641848719,4.312336329415203,3.582494276710148,1.0
30,30,30,30,30,0.6159977960380164,0.6159977960380164,0.6159977960380164,0.6159977960380164,0.6159977960380164,0.6159977960380164,0.6159977960380164,0.6159977960380164,0.6159977960380164,0.6159977960380164,0.5737622280020525,0.3891378779828859,0.3776604365167672,0.371715316502315,0.3704267758374682,0.371128002458774,1.001205911381761,0.3706270667842032,0.6160007803503074,0.917090306735717,-0.0011719181070729,-0.0012438679133507,220.0,0.0,0.27713333487199,0.5503182517007417,0.55740888009091,0.4989864523070149,0.4244635846320775,0.5757051603390986,0.9666623953878384,0.4580795604861192,0.8374714217984048,0.0558719650318711,100000,30,10,0.1,1.0,0.1,0,9,0.001,1e-06,0.001,1e-07,1.0,1e-07,adamax,0,0.0,disordered,1,0.6235205550176679,0 days 02:36:32.165057,0.0011719771003812,3.181742314354046,3.2871849011052623,1.0
31,31,31,31,31,0.3794532847236936,0.3794532847236936,0.3794532847236936,0.3794532847236936,0.3794532847236936,0.3794532847236936,0.3794532847236936,0.3794532847236936,0.3794532847236936,0.3794532847236936,0.5306054659688632,0.237562482011121,0.173433368222109,0.1612374383131117,0.4007685865707812,1.0004611195648074,0.6212357594819667,0.7235421814551671,0.1726766606556136,0.1556449745948121,-0.0015717489307674,-0.0016841038650956,421.0,0.0,0.3855872572300576,0.5604964436423991,0.6203205556549372,0.2500183399320113,0.3992910134865952,0.94700616873569,0.648850754011949,0.5849662484122946,0.0652987105198409,0.0521762576431477,100000,30,10,0.1,1.0,0.1,0,9,0.001,1e-06,0.001,1e-07,1.0,1e-07,adamax,0,0.0,disordered,1,0.3738837583910882,0 days 02:36:32.165057,0.0015718420037584,3.2434470214262148,3.1951804333537748,1.0
32,32,32,32,32,0.1925613572129195,0.1925613572129195,0.1925613572129195,0.1925613572129195,0.1925613572129195,0.1925613572129195,0.1925613572129195,0.1925613572129195,0.1925613572129195,0.1925613572129195,0.0949038934327738,0.036954525117719,0.3548013446558898,0.0364741254825396,1.0003760552577667,0.0367238766435993,0.9932558760675264,0.0372087651868284,0.0367085664592355,0.0575022044429841,-0.0021551516725982,-0.0034725822230137,719.0,0.0,0.2113984478320646,0.137822775848633,0.9837499292732876,0.0027471476026641,0.3658435291805171,0.0584224496238016,0.6400105583176766,0.0465332020748591,0.0684096355417223,0.0799425056081188,100000,30,10,0.1,1.0,0.1,0,9,0.001,1e-06,0.001,1e-07,1.0,1e-07,adamax,0,0.0,disordered,1,0.1928852903594665,0 days 02:36:32.165057,0.0021551522247292,3.7077620113783336,3.562122399306142,1.0
33,33,33,33,33,0.1586356533508587,0.1586356533508587,0.1586356533508587,0.1586356533508587,0.1586356533508587,0.1586356533508587,0.1586356533508587,0.1586356533508587,0.1586356533508587,0.1586356533508587,1.000278478098251,0.3599580541389187,0.0602003449945116,0.1273964521445716,0.7444537447821069,0.0223514272031368,0.0210130084932203,0.0555073796959637,0.0518195219696651,0.0539296427977458,-0.0028483671146166,-0.0035801448952973,885.0,0.0,0.2717851313028795,0.5763580679966506,0.8054486176308537,0.2671915845012608,0.2831710565694664,0.824482143951937,0.7459483801763226,0.1268147483573346,0.8063489347063569,0.8312511086352812,100000,30,10,0.1,1.0,0.1,0,9,0.001,1e-06,0.001,1e-07,1.0,1e-07,adamax,0,0.0,disordered,1,0.1605104095860695,0 days 02:36:32.165057,0.0028484675962968,2.9324187297120763,3.0136109822956767,1.0
34,34,34,34,34,0.1349772330233939,0.1349772330233939,0.1349772330233939,0.1349772330233939,0.1349772330233939,0.1349772330233939,0.1349772330233939,0.1349772330233939,0.1349772330233939,0.1349772330233939,1.000262793779155,0.1046401820858854,0.2652093526461795,0.3306323234273009,0.0308125520248639,0.0199511463681628,0.0180795177358765,0.0165442019600608,0.015987872197616,0.0181855774031573,-0.0032505158887017,-0.0048012885940078,931.0,0.0,0.1778257835671058,0.6269479985725536,0.1967436218212379,0.2434927120280825,0.494005755328642,0.5222200279508085,0.4790335153981873,0.5411410533042087,0.2131646764254524,0.7785803681279121,100000,30,10,0.1,1.0,0.1,0,9,0.001,1e-06,0.001,1e-07,1.0,1e-07,adamax,0,0.0,disordered,1,0.1330233612660578,0 days 02:36:32.165057,0.0032506824357911,3.4020805314040947,2.983361967206463,1.0
35,35,35,35,35,0.445962762681909,0.445962762681909,0.445962762681909,0.445962762681909,0.445962762681909,0.445962762681909,0.445962762681909,0.445962762681909,0.445962762681909,0.445962762681909,0.8016545470197166,0.6338452333191219,0.1462690146128452,0.174164830287851,0.2130411940029027,0.1503499025983001,0.163413419081477,0.2137558680170704,0.1497616684627175,1.0000597438978682,-0.0014679058809621,-0.0016277268553522,487.0,0.0,0.2778484120286083,0.9126832897191104,0.5151553035895896,0.3036840529445848,0.1743839025083001,0.4852039624160302,0.3762973001513523,0.6230937907219327,0.4984595826229498,0.0369596980006967,100000,30,10,0.1,1.0,0.1,0,9,0.001,1e-06,0.001,1e-07,1.0,1e-07,adamax,0,0.0,disordered,1,0.4506561001179623,0 days 02:36:32.165057,0.0014679542358976,3.096294096386043,3.264577949504336,1.0
36,36,36,36,36,0.1638433645577981,0.1638433645577981,0.1638433645577981,0.1638433645577981,0.1638433645577981,0.1638433645577981,0.1638433645577981,0.1638433645577981,0.1638433645577981,0.1638433645577981,0.0590583513204362,0.0477276823483689,1.0022322038952884,0.7448763388874976,0.7978706799543529,0.0300469794392512,0.0335532062185405,0.1030446451860402,0.0351601529931391,0.0290052388419265,-0.002707731159215,-0.0035977277276236,792.0,0.0,0.8330947688085336,0.0516739391193959,0.8275951638592104,0.8127496434167762,0.9239831252875618,0.6644010411515328,0.1606236341053505,0.4419294114540377,0.4394326601704705,0.6323329864819148,100000,30,10,0.1,1.0,0.1,0,9,0.001,1e-06,0.001,1e-07,1.0,1e-07,adamax,0,0.0,disordered,1,0.1622558822626548,0 days 02:36:32.165057,0.0027077803086041,3.839598330090527,3.2130536321371124,1.0
37,37,37,37,37,0.2263129568399526,0.2263129568399526,0.2263129568399526,0.2263129568399526,0.2263129568399526,0.2263129568399526,0.2263129568399526,0.2263129568399526,0.2263129568399526,0.2263129568399526,0.776098957013891,0.0643227505949975,0.1332488540489128,0.0607006334690035,0.0514843428478749,0.0518819626202596,0.194242601274039,1.0014584650155915,0.0506183317185568,0.0515098751080725,-0.0024976541327791,-0.0037851247735861,650.0,0.0,0.3811375324040436,0.6756780879691183,0.2039073800978377,0.3533507781465587,0.5433134112873544,0.427651051214449,0.1225256507690002,0.9658281207625043,0.6912954021364714,0.8330350777910258,100000,30,10,0.1,1.0,0.1,0,9,0.001,1e-06,0.001,1e-07,1.0,1e-07,adamax,0,0.0,disordered,1,0.2275249229592267,0 days 02:36:32.165057,0.0024976704515928,3.728062877736997,3.3996026557068277,1.0
38,38,38,38,38,0.3557150206821382,0.3557150206821382,0.3557150206821382,0.3557150206821382,0.3557150206821382,0.3557150206821382,0.3557150206821382,0.3557150206821382,0.3557150206821382,0.3557150206821382,0.196148304488604,0.9230812585896436,0.6250787407757779,1.00010264530165,0.1044002524429432,0.6833189397321424,0.2499441192167265,0.8215824772338098,0.1435169353067542,0.3305212045960702,-0.0016444858598682,-0.0017832743980587,532.0,0.0,0.3574607462891465,0.9448959101690874,0.8124471005528425,0.979506245587886,0.1973942523898054,0.4771694766007426,0.3858489940723694,0.613894995603037,0.2502197336679601,0.1004722897506863,100000,30,10,0.1,1.0,0.1,0,9,0.001,1e-06,0.001,1e-07,1.0,1e-07,adamax,0,0.0,disordered,1,0.3566273514923406,0 days 02:36:32.165057,0.0016444877375477,3.516723149222801,3.264904153062051,1.0
39,39,39,39,39,0.2121550171362448,0.2121550171362448,0.2121550171362448,0.2121550171362448,0.2121550171362448,0.2121550171362448,0.2121550171362448,0.2121550171362448,0.2121550171362448,0.2121550171362448,0.09485049033735,0.852806058398387,0.046470807653398,1.0007011736954476,0.0704135738265736,0.0445460044928692,1.0016338867759196,0.3155348233143953,0.0597044322846838,0.0703355089508897,-0.0021547887407138,-0.0027177087259698,674.0,0.0,0.4766165868289146,0.6394719365196334,0.3840154184913098,0.9874393427162872,0.4059887721488981,0.299815542437813,0.8138978250995115,0.466689803032796,0.2732167826992071,0.2864910244716064,100000,30,10,0.1,1.0,0.1,0,9,0.001,1e-06,0.001,1e-07,1.0,1e-07,adamax,0,0.0,disordered,1,0.2136466356244835,0 days 02:36:32.165057,0.0021548082475167,3.217820884628269,3.2199657122546586,1.0
40,40,40,40,40,0.1864408533970483,0.1864408533970483,0.1864408533970483,0.1864408533970483,0.1864408533970483,0.1864408533970483,0.1864408533970483,0.1864408533970483,0.1864408533970483,0.1864408533970483,0.1831077358546614,0.8122823203049331,7.841027833432491e-07,2.0933863567126481e-07,0.5305382847649522,1.4759232282529586e-05,0.0543950011949161,0.4540651965889977,9.999891359379116e-08,0.220027148616551,-0.0025115135209778,-0.0028354340918603,43723.0,0.0,0.9471557892442384,0.961736748159922,0.6462368962429871,0.2787679766747637,0.7113690437189849,0.2167694819361088,0.3220846874139359,0.5417363597027655,0.4011441611645456,0.3510238626345868,100000,30,10,0.1,1.0,0.1,0,9,0.001,1e-06,0.001,1e-07,1.0,1e-07,adamax,0,0.0,disordered,1,0.1867754646632575,0 days 02:36:32.165057,0.0025115148138827,3.234814471998184,3.121682847690363,1.0
41,41,41,41,41,0.6159977960380164,0.6159977960380164,0.6159977960380164,0.6159977960380164,0.6159977960380164,0.6159977960380164,0.6159977960380164,0.6159977960380164,0.6159977960380164,0.6159977960380164,0.2985126332978431,0.3205608396920236,0.3009055139100031,0.3406276854884028,0.349893934480682,0.363014723230486,0.6255299476546098,0.3024365287487854,0.62091996494854,1.0009142942139384,-0.0011408162432588,-0.0012260450627127,314.0,0.0,0.974134429486488,0.170206174479749,0.6137785589494178,0.0385413894838495,0.0917147371339044,0.2099960050117245,0.9916861960144648,0.7264246392278,0.8680380956291989,0.0494837846367165,100000,30,10,0.1,1.0,0.1,0,9,0.001,1e-06,0.001,1e-07,1.0,1e-07,adamax,0,0.0,disordered,1,0.6145919368576865,0 days 02:36:32.165057,0.0011408184117409,3.6384252215331214,3.556179294099366,1.0
42,42,42,42,42,0.3444087275973819,0.3444087275973819,0.3444087275973819,0.3444087275973819,0.3444087275973819,0.3444087275973819,0.3444087275973819,0.3444087275973819,0.3444087275973819,0.3444087275973819,0.1146047926924116,0.1142506571579826,0.115743070853477,1.0013226736605796,0.1223792764031522,0.1147544405713382,0.1253662969198355,0.1159141163171579,0.1494521181679505,0.7797909954175333,-0.0018383438371292,-0.0021292919943578,477.0,0.0,0.6814384526526729,0.4399364794360058,0.4164199485553493,0.7082547942479717,0.3083189505355805,0.5134678232710247,0.2607247218237164,0.3914040705924085,0.5333261752047522,0.1578810028262631,100000,30,10,0.1,1.0,0.1,0,9,0.001,1e-06,0.001,1e-07,1.0,1e-07,adamax,0,0.0,disordered,1,0.3411196532626727,0 days 02:36:32.165057,0.0018383897112268,3.3552046392513426,3.2233768898331285,1.0
43,43,43,43,43,0.3228628202536728,0.3228628202536728,0.3228628202536728,0.3228628202536728,0.3228628202536728,0.3228628202536728,0.3228628202536728,0.3228628202536728,0.3228628202536728,0.3228628202536728,0.1053411790722386,0.3016581881512736,0.6836712140497996,1.0010127162052491,0.9512908539541096,0.6208438059493382,0.9969915850523698,0.1042304181408111,0.103721344448249,0.102625682414402,-0.0018848411464256,-0.0023250778302248,497.0,0.0,0.2761871219052035,0.4204059052215403,0.4727479785281554,0.8000039680110183,0.6429501138675994,0.5624900665221173,0.8698673937003966,0.1973488647767637,0.1040830351780349,0.3937252133677354,100000,30,10,0.1,1.0,0.1,0,9,0.001,1e-06,0.001,1e-07,1.0,1e-07,adamax,0,0.0,disordered,1,0.3210891179644461,0 days 02:36:32.165057,0.0018848565249146,3.8207625507738543,3.275849865865895,1.0
44,44,44,44,44,0.5413360302965377,0.5413360302965377,0.5413360302965377,0.5413360302965377,0.5413360302965377,0.5413360302965377,0.5413360302965377,0.5413360302965377,0.5413360302965377,0.5413360302965377,1.000496670697408,0.2687557686431304,0.2591968074502198,0.3141596655527113,0.2518442751701595,0.2498531810839711,0.2723358391590774,0.7090850637785158,0.3452864260768467,0.9472260160337592,-0.0012908882215064,-0.0013748846807133,335.0,0.0,0.1371899555572782,0.5559810381008665,0.5736433320658848,0.1315935497496901,0.7160539946963933,0.5565394834256112,0.4231819942696411,0.917481773299308,0.8559122943833432,0.2209691637648669,100000,30,10,0.1,1.0,0.1,0,9,0.001,1e-06,0.001,1e-07,1.0,1e-07,adamax,0,0.0,disordered,1,0.5441397288180269,0 days 02:36:32.165057,0.0012908995232198,3.1575583717446123,3.2844418257598837,1.0
45,45,45,45,45,0.445962762681909,0.445962762681909,0.445962762681909,0.445962762681909,0.445962762681909,0.445962762681909,0.445962762681909,0.445962762681909,0.445962762681909,0.445962762681909,0.2039530313110606,0.9661975084810156,0.1988214839356398,0.7172728877679523,0.4398144995403197,0.6130506675980771,0.9319114228529772,1.0018820963813098,0.2008551002518371,0.19992865283618,-0.0014458204416127,-0.0016646476704137,354.0,0.0,0.166583176525819,0.9155364039147176,0.1572518885137706,0.7572063264186215,0.3125170158121136,0.3611853466325139,0.5537246459677773,0.9259641674233372,0.0020568430646198,0.1622873344023199,100000,30,10,0.1,1.0,0.1,0,9,0.001,1e-06,0.001,1e-07,1.0,1e-07,adamax,0,0.0,disordered,1,0.4448518476649889,0 days 02:36:32.165057,0.0014458223828803,3.6803120877913056,3.399187180395148,1.0
46,46,46,46,46,0.1925613572129195,0.1925613572129195,0.1925613572129195,0.1925613572129195,0.1925613572129195,0.1925613572129195,0.1925613572129195,0.1925613572129195,0.1925613572129195,0.1925613572129195,0.0749598405806692,0.1428918207639783,0.3136642750824225,0.7415913359190064,0.1787231515451767,0.0382646599004444,1.000359860984846,0.1202411342195341,0.0436688632963866,0.0702333178975614,-0.0025210767915462,-0.0031324500758728,719.0,0.0,0.7202117786599489,0.3944665294244958,0.2878104198967977,0.9628956581275414,0.2640284233242796,0.7141669578683888,0.964225669092555,0.7627660562464376,0.7094140359205118,0.7232067127676901,100000,30,10,0.1,1.0,0.1,0,9,0.001,1e-06,0.001,1e-07,1.0,1e-07,adamax,0,0.0,disordered,1,0.192132354797256,0 days 02:36:32.165057,0.0025210790586077,3.4928348238038,3.2498954819671697,1.0
47,47,47,47,47,0.3673924781802071,0.3673924781802071,0.3673924781802071,0.3673924781802071,0.3673924781802071,0.3673924781802071,0.3673924781802071,0.3673924781802071,0.3673924781802071,0.3673924781802071,0.3232636198960716,0.1302206554382675,0.2772859162106822,1.0014012502569545,0.9840914404822292,0.9607983758323764,0.888569573898597,0.2653024429090682,0.1360072515128139,0.1300867391877848,-0.0017869629238013,-0.0020391877600844,449.0,0.0,0.8052261068309458,0.2712136489199229,0.6266867251784247,0.802885894043567,0.8882296412968325,0.9058341532080582,0.903896393587496,0.0976337994648727,0.3764060873778814,0.4563920834904191,100000,30,10,0.1,1.0,0.1,0,9,0.001,1e-06,0.001,1e-07,1.0,1e-07,adamax,0,0.0,disordered,1,0.362463804264135,0 days 02:36:32.165057,0.0017870627523187,3.730017728547677,3.353424871990016,1.0
48,48,48,48,48,0.100927151463057,0.100927151463057,0.100927151463057,0.100927151463057,0.100927151463057,0.100927151463057,0.100927151463057,0.100927151463057,0.100927151463057,0.100927151463057,0.2844602651068633,0.0125379306484177,0.0101173786704545,0.0101028333795162,0.0158427427140518,1.00098590167003,0.0115804401985269,0.0805288256216503,0.0100935883748537,0.0213275429746146,-0.003314578294631,-0.004836459666108,998.0,0.0,0.8916854039669163,0.4192536193798634,0.2649121033591305,0.0198587731592583,0.2887542777621654,0.7807241847334279,0.0201709380598515,0.1649939279484876,0.3109684208465644,0.5320110718845206,100000,30,10,0.1,1.0,0.1,0,9,0.001,1e-06,0.001,1e-07,1.0,1e-07,adamax,0,0.0,disordered,1,0.0998379862139792,0 days 02:36:32.165057,0.0033146289632234,3.876284648227329,3.67462977024432,1.0
49,49,49,49,49,0.2493409369951876,0.2493409369951876,0.2493409369951876,0.2493409369951876,0.2493409369951876,0.2493409369951876,0.2493409369951876,0.2493409369951876,0.2493409369951876,0.2493409369951876,0.9525856453061023,0.144607878633275,0.2258673817609503,0.1910092121346072,0.0646782435404315,1.0016585347177247,0.0688041892103353,0.0624362303056372,0.0899780422577627,0.3251297899695349,-0.0021405473866351,-0.0024982555143402,608.0,0.0,0.3630433181948137,0.8826396945897659,0.2074776288518643,0.5616344004190236,0.7778175051376995,0.9296082290939864,0.8734802733413756,0.1355210037406805,0.7918000796455894,0.6753462694980112,100000,30,10,0.1,1.0,0.1,0,9,0.001,1e-06,0.001,1e-07,1.0,1e-07,adamax,0,0.0,disordered,1,0.2525654872907674,0 days 02:36:32.165057,0.0021406321579085,3.162564925857742,3.163875071113235,1.0
50,50,50,50,50,0.31260072430687,0.31260072430687,0.31260072430687,0.31260072430687,0.31260072430687,0.31260072430687,0.31260072430687,0.31260072430687,0.31260072430687,0.31260072430687,0.0989455971887715,0.0972956300831092,0.1043578809964008,0.9869537256224816,0.1083676767492604,0.0978351840002586,0.0964813803396237,1.000556752446605,0.0981595118129795,0.569953017655524,-0.0017341785502916,-0.002115074094577,511.0,0.0,0.4216035573870036,0.0255670989624631,0.1679814709579863,0.7494608262320578,0.0840047677767746,0.3126499249880641,0.2552124382766044,0.7461008968986407,0.3590598291763175,0.0871882409887518,100000,30,10,0.1,1.0,0.1,0,9,0.001,1e-06,0.001,1e-07,1.0,1e-07,adamax,0,0.0,disordered,1,0.3086040989609847,0 days 02:36:32.165057,0.0017342355086829,3.5126684854247032,3.371414453991631,1.0
51,51,51,51,51,0.2493409369951876,0.2493409369951876,0.2493409369951876,0.2493409369951876,0.2493409369951876,0.2493409369951876,0.2493409369951876,0.2493409369951876,0.2493409369951876,0.2493409369951876,0.1393705071930726,0.1354035843076639,0.838842217883034,0.0619629339353824,0.9765472399065288,0.084005966506865,1.0010212261062623,0.7815944080608184,0.0616013705881678,0.0619501134749896,-0.002120696834353,-0.0025620847406042,606.0,0.0,0.3704421018161166,0.3268298767186818,0.7170213673193974,0.3201222201986879,0.6936156490920399,0.538594453433759,0.8877328287244716,0.7333651729435877,0.4079187425363865,0.4849095181984443,100000,30,10,0.1,1.0,0.1,0,9,0.001,1e-06,0.001,1e-07,1.0,1e-07,adamax,0,0.0,disordered,1,0.2523807504607182,0 days 02:36:32.165057,0.002120767585734,3.5006175546227785,3.1081230320658597,1.0
52,52,52,52,52,0.1306870229743344,0.1306870229743344,0.1306870229743344,0.1306870229743344,0.1306870229743344,0.1306870229743344,0.1306870229743344,0.1306870229743344,0.1306870229743344,0.1306870229743344,0.4520004362222344,0.4201572314637704,0.1781024502183114,0.1548584423051363,0.123055645802922,1.0000230786174171,0.0042869363683453,0.0053735863901932,0.0063134041667506,0.0086104353291493,-0.0034677881513977,-0.0044215936297999,1482.0,0.0,0.4713857598653367,0.871702397518525,0.1380361717125459,0.4242300124285143,0.5349120574812903,0.436222832238696,0.5980284679987804,0.4988430954198491,0.4136957426619674,0.6868129726159958,100000,30,10,0.1,1.0,0.1,0,9,0.001,1e-06,0.001,1e-07,1.0,1e-07,adamax,0,0.0,disordered,1,0.1322051035660048,0 days 02:36:32.165057,0.003467882711692,3.018546286761457,3.161997618995925,1.0
53,53,53,53,53,0.3334618015786361,0.3334618015786361,0.3334618015786361,0.3334618015786361,0.3334618015786361,0.3334618015786361,0.3334618015786361,0.3334618015786361,0.3334618015786361,0.3334618015786361,0.7160366656582792,0.1148537675377886,0.1132390080590876,0.111803374130286,0.113138549628582,1.0020502662871509,0.9821075557934394,0.6628515694166099,0.4038426310460647,0.113856677726277,-0.0017290146066393,-0.0019578461793299,482.0,0.0,0.329322465708467,0.6069010136690235,0.7285583473338744,0.1306466357938829,0.326452101504932,0.9447045555986052,0.9660212875626244,0.9923887631356604,0.0425258338882709,0.8265087689118491,100000,30,10,0.1,1.0,0.1,0,9,0.001,1e-06,0.001,1e-07,1.0,1e-07,adamax,0,0.0,disordered,1,0.3321484663834965,0 days 02:36:32.165057,0.0017290199524981,3.740995981961704,3.374130263443653,1.0
54,54,54,54,54,0.2837303616516209,0.2837303616516209,0.2837303616516209,0.2837303616516209,0.2837303616516209,0.2837303616516209,0.2837303616516209,0.2837303616516209,0.2837303616516209,0.2837303616516209,0.0003854447520116,1.5803872723841207e-05,7.170793330879827e-06,6.2578916004219154e-06,7.934004234678725e-06,0.0010586729580896,0.6128876388693129,0.3294492341822668,0.1610523428896108,0.4663321423428668,-0.0017680107060297,-0.0019289726030672,6116.0,1.0,0.9352758069942098,0.901944440055244,0.7149413034806142,0.6756193428878896,0.7196066164883864,0.5748858181470116,0.7884200798433164,0.5019296038006482,0.2259374998912283,0.0943490249781668,100000,30,10,0.1,1.0,0.1,0,9,0.001,1e-06,0.001,1e-07,1.0,1e-07,adamax,0,0.0,disordered,1,0.2793498197172962,0 days 02:36:32.165057,0.0017681152433712,2.6679886424952164,2.8738285043233205,1.0
55,55,55,55,55,0.1988827856988806,0.1988827856988806,0.1988827856988806,0.1988827856988806,0.1988827856988806,0.1988827856988806,0.1988827856988806,0.1988827856988806,0.1988827856988806,0.1988827856988806,3.9069895570059307e-07,1.525158268253436e-07,0.0882087719680282,0.6705978722928994,9.999727831752317e-08,0.4210242709798999,0.4307719872878219,0.0380354058585815,2.9163542382649346e-07,0.4016192420934819,-0.002156071311368,-0.002411969399012,45190.0,0.0,0.9082557233023724,0.7548789814030864,0.177241935760343,0.8224582773234224,0.3003467529241774,0.6356549721085979,0.3561528577486986,0.2141630863306429,0.1756087637828115,0.0709503107444076,100000,30,10,0.1,1.0,0.1,0,9,0.001,1e-06,0.001,1e-07,1.0,1e-07,adamax,0,0.0,disordered,1,0.1979164124715291,0 days 02:36:32.165057,0.0021560827849408,2.991056862346285,2.9661367029894428,1.0
56,56,56,56,56,0.3557150206821382,0.3557150206821382,0.3557150206821382,0.3557150206821382,0.3557150206821382,0.3557150206821382,0.3557150206821382,0.3557150206821382,0.3557150206821382,0.3557150206821382,0.8625657684834102,0.6495031842468895,0.6057948668635538,0.8278313811204938,0.0502780432011525,0.1732996044276922,9.999895843271828e-08,3.522515703960725e-07,0.0091121651704588,0.7752152487838831,-0.0017121581984783,-0.0019274144523896,57534.0,0.0,0.0744385563946585,0.0690902107325821,0.0899187666373716,0.8340292890000545,0.5178083255163458,0.1285840147994693,0.5249946488828098,0.5426298015540887,0.4965920349441739,0.2064863646169302,100000,30,10,0.1,1.0,0.1,0,9,0.001,1e-06,0.001,1e-07,1.0,1e-07,adamax,0,0.0,disordered,1,0.3501278613228351,0 days 02:36:32.165057,0.0017122595957781,2.658666807394741,3.255158511859942,1.0
57,57,57,57,57,0.3673924781802071,0.3673924781802071,0.3673924781802071,0.3673924781802071,0.3673924781802071,0.3673924781802071,0.3673924781802071,0.3673924781802071,0.3673924781802071,0.3673924781802071,0.8880601910925444,0.1140084711742652,0.1304300223045925,0.1296483693327003,1.0018660586879262,0.1549182777068604,0.1116989540914561,0.1331971558841747,0.1967661500016149,0.7374600582512997,-0.0016955875553695,-0.0018724670678345,517.0,0.0,0.4343978872245304,0.8708564535693805,0.3837354777850742,0.5039852429121634,0.9302423990750158,0.2328013979444163,0.7255076868062386,0.4838413345039069,0.7873679132996416,0.3596735148257848,100000,30,10,0.1,1.0,0.1,0,9,0.001,1e-06,0.001,1e-07,1.0,1e-07,adamax,0,0.0,disordered,1,0.366100977274052,0 days 02:36:32.165057,0.0016955918114025,3.4361786848090854,3.2870756138138044,1.0
58,58,58,58,58,0.5413360302965377,0.5413360302965377,0.5413360302965377,0.5413360302965377,0.5413360302965377,0.5413360302965377,0.5413360302965377,0.5413360302965377,0.5413360302965377,0.5413360302965377,0.6723902485614355,0.5271030863089149,0.3256976180894474,0.2880574248905136,0.3134426204987757,0.2861897040686794,0.2857392193527861,0.2874237072485795,0.3358665127997302,1.0005131818379505,-0.0012840602039695,-0.0013925456650877,277.0,0.0,0.5423586148739377,0.3682859436514883,0.8661492404529617,0.9148178896585872,0.6318212838540919,0.9810202364628208,0.7320556819078485,0.8304239319682308,0.8947206498619251,0.2719057617661202,100000,30,10,0.1,1.0,0.1,0,9,0.001,1e-06,0.001,1e-07,1.0,1e-07,adamax,0,0.0,disordered,1,0.5496905250590035,0 days 02:36:32.165057,0.001284156986697,3.049927577927859,3.241010606021799,1.0
59,59,59,59,59,0.1747772774464678,0.1747772774464678,0.1747772774464678,0.1747772774464678,0.1747772774464678,0.1747772774464678,0.1747772774464678,0.1747772774464678,0.1747772774464678,0.1747772774464678,0.0520829576484892,0.0252186099984613,0.3962327668876989,0.0290094819428513,0.8314888840020797,0.0214101001905926,1.0005286770988369,0.0711081376994397,0.0216659604245939,0.0380459754077388,-0.0026004677560861,-0.0033527272803162,910.0,0.0,0.986677930317109,0.3904140233428148,0.4972125438158516,0.1803237316629968,0.8214787850033072,0.3368976266911904,0.6893444454848344,0.2183555948683124,0.3513630605551295,0.3842444862829067,100000,30,10,0.1,1.0,0.1,0,9,0.001,1e-06,0.001,1e-07,1.0,1e-07,adamax,0,0.0,disordered,1,0.1739594031741189,0 days 02:36:32.165057,0.0026004802242317,3.4782711794572765,3.4544045099800287,1.0
60,60,60,60,60,0.31260072430687,0.31260072430687,0.31260072430687,0.31260072430687,0.31260072430687,0.31260072430687,0.31260072430687,0.31260072430687,0.31260072430687,0.31260072430687,0.099680870023183,0.2287916082486149,0.9994378681982942,1.0016187116633224,0.098498649533193,0.0985537024905838,0.476416986122048,0.0974777033267234,0.9485933078337644,0.0997504873776668,-0.001916719813412,-0.0023588095913297,504.0,0.0,0.2366239939357128,0.0350634420691885,0.7702089160972269,0.9503546630566791,0.226247857556275,0.1626513649707077,0.3476041753555777,0.0827660016297126,0.6497328757632396,0.3685525191996099,100000,30,10,0.1,1.0,0.1,0,9,0.001,1e-06,0.001,1e-07,1.0,1e-07,adamax,0,0.0,disordered,1,0.3151548262170699,0 days 02:36:32.165057,0.0019167524774165,3.6579300491698463,3.4890953019256865,1.0
61,61,61,61,61,0.2191196687578145,0.2191196687578145,0.2191196687578145,0.2191196687578145,0.2191196687578145,0.2191196687578145,0.2191196687578145,0.2191196687578145,0.2191196687578145,0.2191196687578145,0.1009742630707495,0.98522984137973,0.9968657269748183,1.0015204025783917,0.8665553446371952,0.7495663263083371,0.0483013172953641,0.0527354412589779,0.0716238509734699,0.047927639708936,-0.0020621220977989,-0.0026579512691077,661.0,0.0,0.5624785542668137,0.9058499863649656,0.8615793288939493,0.9216768590469784,0.9350577167713908,0.5898193600864983,0.5023002858629506,0.0376151656370696,0.1024413113800782,0.5239233948745965,100000,30,10,0.1,1.0,0.1,0,9,0.001,1e-06,0.001,1e-07,1.0,1e-07,adamax,0,0.0,disordered,1,0.219753011880219,0 days 02:36:32.165057,0.0020621260773541,3.95422392282492,3.1358947534530777,1.0
62,62,62,62,62,0.0235909533050863,0.0235909533050863,0.0235909533050863,0.0235909533050863,0.0235909533050863,0.0235909533050863,0.0235909533050863,0.0235909533050863,0.0235909533050863,0.0235909533050863,1.0107724658804214e-06,0.0776039191442213,0.0335600776067358,2.87022899052807e-06,1.3921875030691904e-06,7.490797402921686e-07,1.1858214197619189e-06,0.2510136039623627,1.4657954377895384e-05,1.6904207598246069e-06,-0.0060774832364365,-0.0075742447620701,8145.0,1.0,0.8560083046111611,0.4326345607117319,0.0037293622863878,0.2123031061951699,0.7599704182197689,0.1584179885297779,0.1995763351554023,0.2855360642034483,0.6092833765614685,0.8364055547707432,100000,30,10,0.1,1.0,0.1,0,9,0.001,1e-06,0.001,1e-07,1.0,1e-07,adamax,0,0.0,disordered,1,0.0235409241236505,0 days 02:36:32.165057,0.0060774874313714,4.161227132739965,4.14909209404561,1.0
63,63,63,63,63,0.2414157116103015,0.2414157116103015,0.2414157116103015,0.2414157116103015,0.2414157116103015,0.2414157116103015,0.2414157116103015,0.2414157116103015,0.2414157116103015,0.2414157116103015,0.6896630880884995,0.5283035600818394,0.1367791569655226,0.0568941878554622,0.9964496625518484,1.0015511437845563,0.0880719604696599,0.0610401301144785,0.0603562110886046,0.0613455300761092,-0.0022729466320408,-0.0029319589132782,637.0,0.0,0.2188948374279186,0.5994678737814576,0.5299406131466844,0.4448642064761482,0.5804205236557797,0.8141185235724825,0.2174880566784605,0.4972341508794262,0.0979205611461283,0.5132375550687044,100000,30,10,0.1,1.0,0.1,0,9,0.001,1e-06,0.001,1e-07,1.0,1e-07,adamax,0,0.0,disordered,1,0.2404501302920158,0 days 02:36:32.165057,0.0022729541674725,3.3704797588281004,3.182197688210757,1.0
64,64,64,64,64,0.1148471547840289,0.1148471547840289,0.1148471547840289,0.1148471547840289,0.1148471547840289,0.1148471547840289,0.1148471547840289,0.1148471547840289,0.1148471547840289,0.1148471547840289,8.288740367139228e-06,0.4876650848240579,6.427037165756402e-06,3.0063020272397342e-06,0.1080607598556001,0.1185817800696118,0.3275943804822843,0.2290229225065056,9.414660385719631e-06,1.627140665873693e-05,-0.0036707532658659,-0.0045145428881335,7682.0,1.0,0.7910078573202679,0.998558890651704,0.4756930540857839,0.2966034006997566,0.5795035819171939,0.3717520548106484,0.1170023891195599,0.5244985720304953,0.7991356910058783,0.8911272873731255,100000,30,10,0.1,1.0,0.1,0,9,0.001,1e-06,0.001,1e-07,1.0,1e-07,adamax,0,0.0,disordered,1,0.1132304581257026,0 days 02:36:32.165057,0.0036709020035157,4.166924030445202,3.794468293202596,1.0
65,65,65,65,65,0.3919100249433401,0.3919100249433401,0.3919100249433401,0.3919100249433401,0.3919100249433401,0.3919100249433401,0.3919100249433401,0.3919100249433401,0.3919100249433401,0.3919100249433401,0.0790609117558901,0.0788740882536488,0.0878808875137294,0.130530328218632,0.2129907655542027,0.0788910924560578,0.1097014023550627,0.0821460076426122,0.1929085885988839,1.0002889208112216,-0.0015028446762642,-0.0018125930834116,697.0,0.0,0.9781111877004136,0.367724622858563,0.2516651775815243,0.1108207735463092,0.4362319172994092,0.8070271602470545,0.2346447876245176,0.8495664980662655,0.7117370178186778,0.2009428205260435,100000,30,10,0.1,1.0,0.1,0,9,0.001,1e-06,0.001,1e-07,1.0,1e-07,adamax,0,0.0,disordered,1,0.3966136491128239,0 days 02:36:32.165057,0.001502890589442,3.8910287986472976,3.5239133404364726,1.0
66,66,66,66,66,0.2263129568399526,0.2263129568399526,0.2263129568399526,0.2263129568399526,0.2263129568399526,0.2263129568399526,0.2263129568399526,0.2263129568399526,0.2263129568399526,0.2263129568399526,0.5435064180359988,0.3381022211735895,9.393370315248704e-07,2.0505350465505325e-07,0.0120146926718853,0.5751812481225638,0.1083637505735613,1.0340850591307537e-07,0.827154646994241,9.99942603833844e-08,-0.0016820535842761,-0.0022809536451379,21829.0,0.0,0.6317515391392956,0.8196921827935082,0.9328703661209736,0.1622147636965876,0.8220151936558258,0.775849087831725,0.243721640641587,0.2945814106681431,0.9570840322522522,0.3620160579603561,100000,30,10,0.1,1.0,0.1,0,9,0.001,1e-06,0.001,1e-07,1.0,1e-07,adamax,0,0.0,disordered,1,0.2277849844266846,0 days 02:36:32.165057,0.0016820592754852,2.962585578105746,3.140483661413221,1.0
67,67,67,67,67,0.1394082826282575,0.1394082826282575,0.1394082826282575,0.1394082826282575,0.1394082826282575,0.1394082826282575,0.1394082826282575,0.1394082826282575,0.1394082826282575,0.1394082826282575,1.000221277528942,0.061848517214031,0.3826024297658102,0.1097350509230903,0.1290182648605304,0.032349735753276,0.0217663834518449,0.0171554564212196,0.0164337203028457,0.0194308212492177,-0.0033595782650414,-0.0048335874592138,977.0,0.0,0.2889761052504432,0.7200111192047169,0.1329060104599528,0.4831693166218948,0.3581331262376146,0.5439863429623552,0.6032501438505057,0.6401074539004775,0.4323990581888032,0.8869324087540136,100000,30,10,0.1,1.0,0.1,0,9,0.001,1e-06,0.001,1e-07,1.0,1e-07,adamax,0,0.0,disordered,1,0.1390101463514348,0 days 02:36:32.165057,0.0033595841263657,3.4870499834801314,3.050463616629272,1.0
68,68,68,68,68,0.445962762681909,0.445962762681909,0.445962762681909,0.445962762681909,0.445962762681909,0.445962762681909,0.445962762681909,0.445962762681909,0.445962762681909,0.445962762681909,0.2560968050096211,0.169626841795718,0.194444372216148,0.1751460979804886,0.2057123649860715,0.2238642218979667,0.1802652593853225,0.1782179204370036,0.2089723460797704,1.000384006142816,-0.0014772432890685,-0.0016502818396077,421.0,0.0,0.8356760923639591,0.9333577853920362,0.4459056416232484,0.7300859144743024,0.4306957867862729,0.2787827545306491,0.6518864471172541,0.9459871575106308,0.8043078809051966,0.2852017743720174,100000,30,10,0.1,1.0,0.1,0,9,0.001,1e-06,0.001,1e-07,1.0,1e-07,adamax,0,0.0,disordered,1,0.4405548303178985,0 days 02:36:32.165057,0.0014773038969685,3.367025779206572,3.383675404899121,1.0
69,69,69,69,69,0.1692220351641034,0.1692220351641034,0.1692220351641034,0.1692220351641034,0.1692220351641034,0.1692220351641034,0.1692220351641034,0.1692220351641034,0.1692220351641034,0.1692220351641034,1.0009977173779454,0.3967896490426393,0.1402569048142943,0.031912315171099,0.1546623286247317,0.0284672560230318,0.0286578923395718,0.0286565153648522,0.1285938319622943,0.0291845729356486,-0.0024468797487417,-0.0035988758348437,774.0,0.0,0.2281057563615371,0.771645461188267,0.70512847943679,0.8636017462548002,0.1463616109588943,0.8616792361529133,0.4326254526587491,0.2733454783925543,0.3432446624926287,0.993503904012744,100000,30,10,0.1,1.0,0.1,0,9,0.001,1e-06,0.001,1e-07,1.0,1e-07,adamax,0,0.0,disordered,1,0.1701515218909462,0 days 02:36:32.165057,0.0024468940340813,3.545928498209657,3.3937683719066416,1.0
70,70,70,70,70,0.1692220351641034,0.1692220351641034,0.1692220351641034,0.1692220351641034,0.1692220351641034,0.1692220351641034,0.1692220351641034,0.1692220351641034,0.1692220351641034,0.1692220351641034,2.161660187949929e-05,4.163569177528194e-06,3.007227455558751e-05,0.547466810977372,3.962567455819221e-05,0.0401689437603879,0.1144347237514095,0.5487315355756867,0.1717048842665935,7.678727279735078e-05,-0.0023380875400453,-0.0028740686531081,6566.0,1.0,0.956032125019662,0.0837460354801209,0.3151884677170894,0.7195790246564682,0.0353251316082889,0.0359236544371629,0.0448902934218323,0.8684448332578513,0.333732439660985,0.3187398327715118,100000,30,10,0.1,1.0,0.1,0,9,0.001,1e-06,0.001,1e-07,1.0,1e-07,adamax,0,0.0,disordered,1,0.1686260805418235,0 days 02:36:32.165057,0.0023380917091281,3.776592999819139,3.6265207462604576,1.0
71,71,71,71,71,0.1042404007021556,0.1042404007021556,0.1042404007021556,0.1042404007021556,0.1042404007021556,0.1042404007021556,0.1042404007021556,0.1042404007021556,0.1042404007021556,0.1042404007021556,0.1326638187837239,0.0622708907974934,0.0061172079082001,0.0059500612855026,0.0099165381749886,0.0258556029514714,0.0401059297548248,0.1247712269450547,1.0002292965707182,0.0063977718799933,-0.0031649143860618,-0.0038534690775248,1249.0,0.0,0.7933438210501507,0.3185662914766022,0.7384308555952237,0.3693407284032201,0.2975193133791652,0.3872265142953374,0.1680372426068077,0.0750111463073801,0.8712014465037485,0.8683831797645515,100000,30,10,0.1,1.0,0.1,0,9,0.001,1e-06,0.001,1e-07,1.0,1e-07,adamax,0,0.0,disordered,1,0.1057209954787481,0 days 02:36:32.165057,0.0031650269464878,4.098552406472964,4.058624913403098,1.0
72,72,72,72,72,0.1487115462808951,0.1487115462808951,0.1487115462808951,0.1487115462808951,0.1487115462808951,0.1487115462808951,0.1487115462808951,0.1487115462808951,0.1487115462808951,0.1487115462808951,0.7444896842495182,0.0487122554658311,0.4413074048509016,0.0007800767530065,1.0022021618494157,0.0009841201540064,0.0010530816756666,0.0134226860058499,0.0030555259302003,0.2303563363060483,-0.0027603921970144,-0.0033677008691925,2937.0,0.0,0.4608213428635008,0.6883762257244914,0.862649616262373,0.3907233758976288,0.7118103284257594,0.7547914201079906,0.0780746100305868,0.1381620728272963,0.7503299824856386,0.7056489373809989,100000,30,10,0.1,1.0,0.1,0,9,0.001,1e-06,0.001,1e-07,1.0,1e-07,adamax,0,0.0,disordered,1,0.1505392805602725,0 days 02:36:32.165057,0.0027604650948047,3.2307688102008143,3.103392198162686,1.0
73,73,73,73,73,0.2121550171362448,0.2121550171362448,0.2121550171362448,0.2121550171362448,0.2121550171362448,0.2121550171362448,0.2121550171362448,0.2121550171362448,0.2121550171362448,0.2121550171362448,0.8380997156658289,0.6843371514508908,0.9760004396014076,0.0325457982617663,0.0788309143191748,0.0832458256338283,0.02750539063322,0.1014732794773195,8.417401041663351e-06,1.010157837325302e-05,-0.002631639205486,-0.0039792712348877,7929.0,1.0,0.1852674819801918,0.8267319229556759,0.8009011709823957,0.332743528625158,0.3402819990903042,0.1105719933342548,0.4454831559739022,0.1097612600786275,0.5434071419217806,0.6245833168710772,100000,30,10,0.1,1.0,0.1,0,9,0.001,1e-06,0.001,1e-07,1.0,1e-07,adamax,0,0.0,disordered,1,0.2119989579853428,0 days 02:36:32.165057,0.0026316388379281,3.163732704445867,3.3815463368449743,1.0
74,74,74,74,74,0.1186173716452478,0.1186173716452478,0.1186173716452478,0.1186173716452478,0.1186173716452478,0.1186173716452478,0.1186173716452478,0.1186173716452478,0.1186173716452478,0.1186173716452478,0.6212708452357613,0.9589848994018728,0.1972397206863122,0.1072928437025428,0.2810098668262443,0.0705823405700608,1.1069016513642943e-05,0.1895926880822344,5.932993024477022e-06,6.385153668007459e-06,-0.0031616201702173,-0.0042613130070671,7844.0,1.0,0.5819411427086918,0.0716485438516428,0.6216704469983908,0.7522149311552978,0.1418532078034277,0.5950767958664359,0.8190554752387017,0.1936194413797031,0.9134149207965668,0.971914081414014,100000,30,10,0.1,1.0,0.1,0,9,0.001,1e-06,0.001,1e-07,1.0,1e-07,adamax,0,0.0,disordered,1,0.1182735047149029,0 days 02:36:32.165057,0.0031616240976601,3.1524472332497964,3.058901776298551,1.0
75,75,75,75,75,0.1864408533970483,0.1864408533970483,0.1864408533970483,0.1864408533970483,0.1864408533970483,0.1864408533970483,0.1864408533970483,0.1864408533970483,0.1864408533970483,0.1864408533970483,0.5026090192381123,0.0421148178284224,0.0343842743815808,0.0344947269401799,1.0004575707457954,0.0707938040207867,0.0393200486284826,0.0341462194468669,0.0409516827817102,0.4190236108999102,-0.0024773574459972,-0.002962089296196,734.0,0.0,0.7116445561732289,0.8720357680246629,0.2717827135360652,0.6649683870363727,0.9261442544579104,0.0447290207458562,0.8208245363224256,0.2369231670586005,0.8011131119296838,0.6424195402459892,100000,30,10,0.1,1.0,0.1,0,9,0.001,1e-06,0.001,1e-07,1.0,1e-07,adamax,0,0.0,disordered,1,0.1866542223521189,0 days 02:36:32.165057,0.0024773575624916,3.5172200111758065,3.215767893907556,1.0
76,76,76,76,76,0.1535934676510894,0.1535934676510894,0.1535934676510894,0.1535934676510894,0.1535934676510894,0.1535934676510894,0.1535934676510894,0.1535934676510894,0.1535934676510894,0.1535934676510894,0.314929644574224,0.4121694293366498,0.3631757871521592,0.0446193436918992,0.026447782443258,0.1079949975729702,1.0015395373543672,0.02299408820069,0.1021914012221442,0.0230081827100747,-0.0025391525548479,-0.0035512520193466,825.0,0.0,0.8015446039715485,0.4009949802868912,0.4502160475125643,0.9242973251731486,0.0712337006125366,0.1562007268025876,0.9728324105112393,0.9132513066775164,0.1468680542722815,0.9734592170118912,100000,30,10,0.1,1.0,0.1,0,9,0.001,1e-06,0.001,1e-07,1.0,1e-07,adamax,0,0.0,disordered,1,0.1537954926406682,0 days 02:36:32.165057,0.0025391532556778,3.5364926367513174,3.4691625063670606,1.0
77,77,77,77,77,0.1988827856988806,0.1988827856988806,0.1988827856988806,0.1988827856988806,0.1988827856988806,0.1988827856988806,0.1988827856988806,0.1988827856988806,0.1988827856988806,0.1988827856988806,1.000225074207896,0.4396338808424864,0.039227457717571,0.04073465353227,0.2739936371652289,0.1063626491377323,0.7230746078764263,0.0402051341781707,0.0575472053970652,0.0392288931365248,-0.0023602226725449,-0.0030735270364494,710.0,0.0,0.2654554315187777,0.892106866269302,0.9047752275802584,0.02374579364467,0.0097116349681444,0.3269948613028287,0.9311784773555224,0.7913436883497563,0.386850978460129,0.8580108138212066,100000,30,10,0.1,1.0,0.1,0,9,0.001,1e-06,0.001,1e-07,1.0,1e-07,adamax,0,0.0,disordered,1,0.2009249444570905,0 days 02:36:32.165057,0.0023602787787788,3.636907667054728,3.3818036018553883,1.0
78,78,78,78,78,0.2575263326771197,0.2575263326771197,0.2575263326771197,0.2575263326771197,0.2575263326771197,0.2575263326771197,0.2575263326771197,0.2575263326771197,0.2575263326771197,0.2575263326771197,0.2158274910242499,0.066582083692576,0.116612010891041,1.0012426308433882,0.995061235473532,0.3347392217111721,0.083407536054007,1.0002312555619046,0.066079626549543,0.390121915884588,-0.001658197032397,-0.0019971873111572,593.0,0.0,0.3075618302920075,0.3474174026041087,0.1904783218387498,0.9595511044269076,0.8036306332035066,0.4624248054107556,0.2642765705883787,0.9659796005287032,0.3968199655598801,0.2107055644668479,100000,30,10,0.1,1.0,0.1,0,9,0.001,1e-06,0.001,1e-07,1.0,1e-07,adamax,0,0.0,disordered,1,0.261570993268498,0 days 02:36:32.165057,0.00165823891,3.616203869941977,3.4352480480899805,1.0
79,79,79,79,79,0.2121550171362448,0.2121550171362448,0.2121550171362448,0.2121550171362448,0.2121550171362448,0.2121550171362448,0.2121550171362448,0.2121550171362448,0.2121550171362448,0.2121550171362448,0.9850128182962844,0.3411367546340877,0.2865627742916232,0.5695343066095699,4.268751454006474e-05,0.0195040507413511,0.2573149333296736,0.0774840632445827,4.108412474557007e-05,0.3974558467535751,-0.0024210478760166,-0.002801134869232,6681.0,1.0,0.4246563813836979,0.7191217102511182,0.770684798983071,0.1089855521364941,0.945930767553762,0.6745707526164916,0.0624957620655682,0.8374364376590171,0.9719037368942256,0.8377476422704673,100000,30,10,0.1,1.0,0.1,0,9,0.001,1e-06,0.001,1e-07,1.0,1e-07,adamax,0,0.0,disordered,1,0.2093795198277992,0 days 02:36:32.165057,0.0024211483274577,3.140013234703532,3.1353389591431005,1.0
80,80,80,80,80,0.4757236139187886,0.4757236139187886,0.4757236139187886,0.4757236139187886,0.4757236139187886,0.4757236139187886,0.4757236139187886,0.4757236139187886,0.4757236139187886,0.4757236139187886,0.9427411774213194,0.2543943610000537,0.2675075912287464,0.5328181667652214,0.2229492539481442,0.2508294424436292,1.0012846288966548,0.8152113016557023,0.2253326911117491,0.7840655142268352,-0.0012684500801953,-0.0013359597412097,336.0,0.0,0.0097848792944588,0.4730889081790549,0.5891737739594198,0.8879986937026283,0.5027604854148191,0.0773238153824005,0.933525505036036,0.951735797816364,0.4861622150139764,0.0534427364833297,100000,30,10,0.1,1.0,0.1,0,9,0.001,1e-06,0.001,1e-07,1.0,1e-07,adamax,0,0.0,disordered,1,0.4809481114776294,0 days 02:36:32.165057,0.0012684875042916,3.256007278382271,3.2437404992847467,1.0
81,81,81,81,81,0.3557150206821382,0.3557150206821382,0.3557150206821382,0.3557150206821382,0.3557150206821382,0.3557150206821382,0.3557150206821382,0.3557150206821382,0.3557150206821382,0.3557150206821382,0.1799367953045538,0.1396689618466816,1.00129612800775,0.1836939282983909,0.3689924389997406,0.1193838003197373,0.149819425485667,0.6325770466261027,0.1209805959658747,0.6458691439388056,-0.0016270176394966,-0.0017659236242304,477.0,0.0,0.8388906791646739,0.7416726764410203,0.9712340798009208,0.0073136945373993,0.4354944495200968,0.2838023986323703,0.1077050956833312,0.7351346026730965,0.3412149163770641,0.0389691391211579,100000,30,10,0.1,1.0,0.1,0,9,0.001,1e-06,0.001,1e-07,1.0,1e-07,adamax,0,0.0,disordered,1,0.3508251045615491,0 days 02:36:32.165057,0.00162709514095,3.403196086750853,3.371101970445552,1.0
82,82,82,82,82,0.293044697697214,0.293044697697214,0.293044697697214,0.293044697697214,0.293044697697214,0.293044697697214,0.293044697697214,0.293044697697214,0.293044697697214,0.293044697697214,1.0011910110229385,0.266153422671261,0.0955572053494639,0.109192470255927,0.0853490169940294,0.0970184056876037,0.2696676644562748,0.1163759664517319,0.2588420313694001,0.3826850725899814,-0.0019392421034618,-0.0021073100478144,535.0,0.0,0.1336268057264049,0.8060002972277002,0.60587101798938,0.2150506251736147,0.6960422280017734,0.1304047937127705,0.6731877575019788,0.6550402554226945,0.0055257315325957,0.5115154737487803,100000,30,10,0.1,1.0,0.1,0,9,0.001,1e-06,0.001,1e-07,1.0,1e-07,adamax,0,0.0,disordered,1,0.2901887835840697,0 days 02:36:32.165057,0.0019392831490573,3.16257061462683,3.295795169650414,1.0
83,83,83,83,83,0.293044697697214,0.293044697697214,0.293044697697214,0.293044697697214,0.293044697697214,0.293044697697214,0.293044697697214,0.293044697697214,0.293044697697214,0.293044697697214,0.388530835092657,0.4909974364633258,0.4577820855462593,1.0000265481478976,0.6044657075371185,0.8898475093569388,0.3034240149343843,0.139501607092828,0.0817924044591696,0.0735689326036204,-0.0019027397498216,-0.0021772269957461,684.0,0.0,0.7263154319326705,0.7585337396231457,0.7057083392270682,0.8850456138709182,0.7562078404723139,0.9219899000274794,0.414807003582114,0.0341609866651546,0.1810034150072165,0.2877822813860587,100000,30,10,0.1,1.0,0.1,0,9,0.001,1e-06,0.001,1e-07,1.0,1e-07,adamax,0,0.0,disordered,1,0.2961550293599739,0 days 02:36:32.165057,0.001902799058078,3.256230680014803,3.0641192685130614,1.0
84,84,84,84,84,0.3026648059395688,0.3026648059395688,0.3026648059395688,0.3026648059395688,0.3026648059395688,0.3026648059395688,0.3026648059395688,0.3026648059395688,0.3026648059395688,0.3026648059395688,0.8409542944502999,0.4982868772729871,0.1536820157304798,0.0914651709337598,0.093622161494873,0.6957796731700653,1.0004740112796735,0.8837401917191853,0.0934243896373831,0.0903534906160581,-0.0019890871681223,-0.0023279600659594,528.0,0.0,0.0417916138033247,0.1081595418560484,0.5187791211329045,0.2524893831318888,0.2855351348958012,0.7414695266286413,0.854679634313597,0.8620398082340321,0.3706215974025555,0.709630073307115,100000,30,10,0.1,1.0,0.1,0,9,0.001,1e-06,0.001,1e-07,1.0,1e-07,adamax,0,0.0,disordered,1,0.3062647235059334,0 days 02:36:32.165057,0.0019891571282432,3.452033895877197,3.1121552423211742,1.0
85,85,85,85,85,0.3026648059395688,0.3026648059395688,0.3026648059395688,0.3026648059395688,0.3026648059395688,0.3026648059395688,0.3026648059395688,0.3026648059395688,0.3026648059395688,0.3026648059395688,4.355298300097443e-05,1.171987547026239e-05,0.0093769398463324,0.3442754114433849,6.334789510202043e-05,0.1376246797386051,9.456127051446627e-05,2.120480740906303e-05,6.654648459638861e-05,0.8945906990307516,-0.0018621220898113,-0.0021815842996971,6797.0,1.0,0.8523046329128582,0.1509575400611467,0.2005536674721244,0.6479602930950665,0.2655503599204205,0.1926771538050761,0.367520227322573,0.0159832471722322,0.4383192764607815,0.0472699422103378,100000,30,10,0.1,1.0,0.1,0,9,0.001,1e-06,0.001,1e-07,1.0,1e-07,adamax,0,0.0,disordered,1,0.3022125618520624,0 days 02:36:32.165057,0.0018621233868411,3.2306177787565398,3.342320415281834,1.0
86,86,86,86,86,0.4757236139187886,0.4757236139187886,0.4757236139187886,0.4757236139187886,0.4757236139187886,0.4757236139187886,0.4757236139187886,0.4757236139187886,0.4757236139187886,0.4757236139187886,0.3645859997768281,0.2774477553750117,0.292485707946412,0.257552822263335,0.3076055195480705,0.5558453919979813,0.2226947230170067,1.0010206124006944,0.6335343219949452,0.4802242376991968,-0.0014167444668503,-0.0014832111078265,329.0,0.0,0.2447102483994975,0.2175422008613383,0.3294452338784563,0.1253899564827365,0.4711964164244566,0.6878566433246712,0.338928923504192,0.9271932187857496,0.8597668788883609,0.3060151354329368,100000,30,10,0.1,1.0,0.1,0,9,0.001,1e-06,0.001,1e-07,1.0,1e-07,adamax,0,0.0,disordered,1,0.4764196934914991,0 days 02:36:32.165057,0.0014167459685951,3.272829048386443,3.2900774723152124,1.0
87,87,87,87,87,0.2337423870891811,0.2337423870891811,0.2337423870891811,0.2337423870891811,0.2337423870891811,0.2337423870891811,0.2337423870891811,0.2337423870891811,0.2337423870891811,0.2337423870891811,1.0001293837557237,0.171732445280089,0.1088607911022736,0.1359737190233392,0.0546921811575974,0.994431400202994,0.068880622999459,0.0831060924782107,0.0537566951459673,0.0580153381084906,-0.0023299843468882,-0.0034522480777784,634.0,0.0,0.038900403522143,0.7681917007692237,0.2400123129050898,0.3321610405787516,0.5793352263468351,0.998879676887163,0.2996775666119918,0.4685230029239946,0.6274508828630837,0.6833723791568794,100000,30,10,0.1,1.0,0.1,0,9,0.001,1e-06,0.001,1e-07,1.0,1e-07,adamax,0,0.0,disordered,1,0.23487185465823,0 days 02:36:32.165057,0.0023299956252767,3.3872581087811104,3.2069594688796004,1.0
88,88,88,88,88,0.2575263326771197,0.2575263326771197,0.2575263326771197,0.2575263326771197,0.2575263326771197,0.2575263326771197,0.2575263326771197,0.2575263326771197,0.2575263326771197,0.2575263326771197,1.0001974340823323,0.2717769375138694,0.2380612380247689,0.208730486444545,0.3594747602904725,0.5321246721673695,0.988024975544904,0.0537053204385074,0.0571907791788844,0.0601878359009081,-0.002314254387593,-0.0029471055092658,682.0,0.0,0.2121661834498004,0.595321747502258,0.5441064429064965,0.6585798628076089,0.114996975033249,0.126294515936877,0.9755274904159574,0.8213015645453736,0.8275573150954998,0.9341044081009072,100000,30,10,0.1,1.0,0.1,0,9,0.001,1e-06,0.001,1e-07,1.0,1e-07,adamax,0,0.0,disordered,1,0.2596297735344736,0 days 02:36:32.165057,0.0023143041094761,3.429529995197073,3.2899776972081023,1.0
89,89,89,89,89,0.3228628202536728,0.3228628202536728,0.3228628202536728,0.3228628202536728,0.3228628202536728,0.3228628202536728,0.3228628202536728,0.3228628202536728,0.3228628202536728,0.3228628202536728,0.0001901768488863,4.803040704464277e-05,0.0001357431067879,0.0002401146724358,0.0017325337935149,1.0002906159638003,0.0011569983783486,0.6194957232778022,0.154867384791556,0.6085428455511438,-0.0016841857859378,-0.0019497617309127,4474.0,0.0,0.9606477600179142,0.3934875320999323,0.7540671762368577,0.6416200925555191,0.5598502694613712,0.6793483833215337,0.3194334511245228,0.8621787179353753,0.4070223282075782,0.1481786877104517,100000,30,10,0.1,1.0,0.1,0,9,0.001,1e-06,0.001,1e-07,1.0,1e-07,adamax,0,0.0,disordered,1,0.321730858509423,0 days 02:36:32.165057,0.0016841897758032,3.152670923182101,3.2168067337515827,1.0
90,90,90,90,90,0.2747120789270809,0.2747120789270809,0.2747120789270809,0.2747120789270809,0.2747120789270809,0.2747120789270809,0.2747120789270809,0.2747120789270809,0.2747120789270809,0.2747120789270809,1.0002392703524974,0.5878819687785278,0.7420451001580595,0.0692789324077827,0.1872559172874371,0.4279611769484363,0.068392325442831,0.0849930198853559,0.1182623988427757,0.319913523477229,-0.0020232556218283,-0.0022862094373571,617.0,0.0,0.01098085101386,0.6391893320658769,0.2316316889649254,0.9560655599081944,0.195004457412108,0.3161794080516598,0.9841316837334272,0.5198546202904285,0.9220245989560004,0.781437673828669,100000,30,10,0.1,1.0,0.1,0,9,0.001,1e-06,0.001,1e-07,1.0,1e-07,adamax,0,0.0,disordered,1,0.2779850094974066,0 days 02:36:32.165057,0.0020233271308521,3.056000987867639,3.1582284944644896,1.0
91,91,91,91,91,0.559107077675529,0.559107077675529,0.559107077675529,0.559107077675529,0.559107077675529,0.559107077675529,0.559107077675529,0.559107077675529,0.559107077675529,0.559107077675529,0.5278986004545271,0.3355156174070687,0.2944902900588492,1.0007992990095258,0.2593271244650965,0.2810424757067603,0.2737971617870714,0.2665901142126509,0.7092479191896682,0.8309751196441744,-0.0012767043102083,-0.0013578463203939,343.0,0.0,0.1189656934694649,0.2159834369804282,0.3871775574072005,0.8809562507227594,0.3339882823452316,0.463082038554324,0.4807654820193242,0.3247552471025198,0.7864852844832143,0.0548267275661812,100000,30,10,0.1,1.0,0.1,0,9,0.001,1e-06,0.001,1e-07,1.0,1e-07,adamax,0,0.0,disordered,1,0.5586900779058563,0 days 02:36:32.165057,0.0012767040872147,3.132242862775066,3.2857839936759685,1.0
92,92,92,92,92,0.2493409369951876,0.2493409369951876,0.2493409369951876,0.2493409369951876,0.2493409369951876,0.2493409369951876,0.2493409369951876,0.2493409369951876,0.2493409369951876,0.2493409369951876,0.9220546336179132,0.5433023627086947,0.1255491137978788,0.0625518723594152,0.0615204066355175,0.0763326383501741,0.0686332735525282,1.001992171659571,0.0682594220650557,0.079442695845945,-0.0021398985486218,-0.0029837152551445,608.0,0.0,0.2259101612470958,0.8250852070925885,0.6163417034041984,0.51182482978383,0.3695079637628718,0.1301395767928599,0.4567843092033645,0.9870944758123702,0.5950884747622851,0.5765793507415918,100000,30,10,0.1,1.0,0.1,0,9,0.001,1e-06,0.001,1e-07,1.0,1e-07,adamax,0,0.0,disordered,1,0.2524779561206741,0 days 02:36:32.165057,0.0021399717303063,3.32509342879312,3.2882700057527208,1.0
93,93,93,93,93,0.4913407286296359,0.4913407286296359,0.4913407286296359,0.4913407286296359,0.4913407286296359,0.4913407286296359,0.4913407286296359,0.4913407286296359,0.4913407286296359,0.4913407286296359,0.1926283189291708,0.1534644541574242,0.9953107982489916,0.2634253405271404,0.1230380442144802,0.1729464997230139,0.13173244837515,0.1686605755130865,0.4081857050000083,1.0003177876240084,-0.0013442686103625,-0.0015005290505894,601.0,0.0,0.9901185849563507,0.8854033802553948,0.9991993182784584,0.9536333395616264,0.6674968517385982,0.3053121936604561,0.6281431780271564,0.3482098358137734,0.810769530791913,0.1373004610757547,100000,30,10,0.1,1.0,0.1,0,9,0.001,1e-06,0.001,1e-07,1.0,1e-07,adamax,0,0.0,disordered,1,0.4980739635110106,0 days 02:36:32.165057,0.0013443429944115,3.190010906995953,3.2502340957396494,1.0
94,94,94,94,94,0.2121550171362448,0.2121550171362448,0.2121550171362448,0.2121550171362448,0.2121550171362448,0.2121550171362448,0.2121550171362448,0.2121550171362448,0.2121550171362448,0.2121550171362448,0.4701052484500512,0.4406394674751519,0.0451991642882384,0.2736451038953085,0.0531681851939947,0.045614855714992,1.0020957016625611,0.4913982746280643,0.0453752228186023,0.048429409131856,-0.0023188212469537,-0.0028533501747844,675.0,0.0,0.4625463334785304,0.8407760221468864,0.4545120864552048,0.6010178494198809,0.098282937984683,0.2851049834564449,0.954485228687717,0.6569395453324917,0.3649391687249511,0.5168811759658247,100000,30,10,0.1,1.0,0.1,0,9,0.001,1e-06,0.001,1e-07,1.0,1e-07,adamax,0,0.0,disordered,1,0.2093228745016449,0 days 02:36:32.165057,0.002318905609848,3.478553725771718,3.3184645307159863,1.0
95,95,95,95,95,0.2263129568399526,0.2263129568399526,0.2263129568399526,0.2263129568399526,0.2263129568399526,0.2263129568399526,0.2263129568399526,0.2263129568399526,0.2263129568399526,0.2263129568399526,0.0614750753118854,0.5318441439975247,0.7736885030918158,0.0348472836341355,0.0350053574108051,1.000208754053615,0.7234971520445314,0.7569687674716176,0.0349761785855546,0.0364926455222333,-0.0022721359039765,-0.0026349469406174,812.0,0.0,0.7748685781334842,0.7874703499468639,0.8279679389790622,0.2896426787975475,0.2383059387980907,0.6385084824992602,0.5272006473755549,0.5648867514980614,0.2146149182040537,0.3186241281654006,100000,30,10,0.1,1.0,0.1,0,9,0.001,1e-06,0.001,1e-07,1.0,1e-07,adamax,0,0.0,disordered,1,0.2244854689442849,0 days 02:36:32.165057,0.0022721690106301,3.5899367759625784,3.116632668050662,1.0
96,96,96,96,96,0.2837303616516209,0.2837303616516209,0.2837303616516209,0.2837303616516209,0.2837303616516209,0.2837303616516209,0.2837303616516209,0.2837303616516209,0.2837303616516209,0.2837303616516209,0.0997529978369853,0.0791575111509513,0.9447722758161532,0.0996485114848842,1.0003447498278104,0.0780210246224298,0.7996699670949503,1.0015600302941996,0.079401385956958,0.0864340999498418,-0.0017613640460829,-0.0022021221225894,561.0,0.0,0.7520531805662839,0.3583232572055379,0.7574855506164321,0.0466446628262281,0.9508661797045698,0.208073038688888,0.4782076330508558,0.9208852532322118,0.2534796826385556,0.22738427258263,100000,30,10,0.1,1.0,0.1,0,9,0.001,1e-06,0.001,1e-07,1.0,1e-07,adamax,0,0.0,disordered,1,0.2828823424773137,0 days 02:36:32.165057,0.0017613667370124,3.671069758460959,3.376195087478336,1.0
97,97,97,97,97,0.1925613572129195,0.1925613572129195,0.1925613572129195,0.1925613572129195,0.1925613572129195,0.1925613572129195,0.1925613572129195,0.1925613572129195,0.1925613572129195,0.1925613572129195,0.1479067846473171,1.0469809507591745e-06,6.867281549986624e-07,6.405853543457365e-07,0.0132929270271372,4.763059041616341e-07,2.0885488272550285e-07,8.97037338441965e-06,0.1524686423340368,0.5893472148831762,-0.0022157485252496,-0.0028184348757931,8202.0,1.0,0.9856407059323568,0.9044301672206756,0.5322461972191177,0.0610219450589694,0.6046687082088471,0.2515781875767063,0.2140104759049822,0.9321430366726656,0.6194232422172982,0.4440395249769181,100000,30,10,0.1,1.0,0.1,0,9,0.001,1e-06,0.001,1e-07,1.0,1e-07,adamax,0,0.0,disordered,1,0.1917653183253027,0 days 02:36:32.165057,0.0022157546592,3.242396052472282,3.5566952907706275,1.0
98,98,98,98,98,0.4180637241455754,0.4180637241455754,0.4180637241455754,0.4180637241455754,0.4180637241455754,0.4180637241455754,0.4180637241455754,0.4180637241455754,0.4180637241455754,0.4180637241455754,1.0003296161049426,0.4832380994680272,0.1864859755766336,0.1653383037807608,0.2022888876517163,0.1534100775940969,0.1755834812309107,0.146775998620389,0.2834844940933209,0.7800425536002539,-0.001585429965402,-0.0016909617861885,485.0,0.0,0.0626588585856636,0.3716213986030104,0.863983149761172,0.302676282624697,0.3227942730688419,0.6068560668114126,0.2521406786205266,0.5569347628095851,0.7686825338221793,0.2866737766544271,100000,30,10,0.1,1.0,0.1,0,9,0.001,1e-06,0.001,1e-07,1.0,1e-07,adamax,0,0.0,disordered,1,0.4181192306815743,0 days 02:36:32.165057,0.0015854299810548,3.165129641959254,3.236889306520788,1.0
99,99,99,99,99,0.1988827856988806,0.1988827856988806,0.1988827856988806,0.1988827856988806,0.1988827856988806,0.1988827856988806,0.1988827856988806,0.1988827856988806,0.1988827856988806,0.1988827856988806,0.597723090825166,0.3063629388862243,0.3353739133134757,0.4520609927570883,0.5727983433930585,0.1906185608136136,0.259011529627891,0.3704820487953066,3.37242865238973e-05,3.967862752756031e-05,-0.0025726180044515,-0.0030565024636971,7582.0,1.0,0.4727508707947953,0.5762673366342947,0.363331391445274,0.2236183745546042,0.1144018670174983,0.5654837920917276,0.937429217870874,0.0187662025074489,0.8656634618701456,0.9624731102430444,100000,30,10,0.1,1.0,0.1,0,9,0.001,1e-06,0.001,1e-07,1.0,1e-07,adamax,0,0.0,disordered,1,0.1989603522039512,0 days 02:36:32.165057,0.0025726183283245,3.291229725094244,3.2888270229000254,1.0
100,100,100,100,100,0.2414157116103015,0.2414157116103015,0.2414157116103015,0.2414157116103015,0.2414157116103015,0.2414157116103015,0.2414157116103015,0.2414157116103015,0.2414157116103015,0.2414157116103015,0.905374513415188,0.8778804287139481,2.026975859351082e-06,1.7354948659897596e-07,9.995595674131865e-08,3.421488249428042e-07,0.0042553099585338,2.985468471588667e-06,2.1301944606359225e-06,0.5259746492719458,-0.0022589851369293,-0.0031721948387776,7824.0,0.0,0.5423265014841474,0.967883458447882,0.7047824365175038,0.5452252080293496,0.4636750178949943,0.4663990069336898,0.6819967270741285,0.2345053687759503,0.7154011245036019,0.490989737027474,100000,30,10,0.1,1.0,0.1,0,9,0.001,1e-06,0.001,1e-07,1.0,1e-07,adamax,0,0.0,disordered,1,0.2451132893266833,0 days 02:36:32.165057,0.002259113293695,2.7311161400560837,3.180752713015818,1.0
101,101,101,101,101,0.293044697697214,0.293044697697214,0.293044697697214,0.293044697697214,0.293044697697214,0.293044697697214,0.293044697697214,0.293044697697214,0.293044697697214,0.293044697697214,0.1177528056625495,0.297854968551872,0.0845158797579788,0.0868886810347913,0.0900511767575744,0.1037564413414278,0.5833183413090504,0.1171070693894977,1.001119891672592,0.1510831035768779,-0.0019687953796776,-0.0022444269455889,548.0,0.0,0.6746622185381884,0.9408617504122404,0.2334536817920307,0.4032255184610195,0.2751601289752232,0.0526764147171315,0.6220897071828432,0.628520015007522,0.9994108501412068,0.6010269037381571,100000,30,10,0.1,1.0,0.1,0,9,0.001,1e-06,0.001,1e-07,1.0,1e-07,adamax,0,0.0,disordered,1,0.2926170927640691,0 days 02:36:32.165057,0.0019687956625079,3.7050866318548046,3.5887881155313406,1.0
102,102,102,102,102,0.0235909533050863,0.0235909533050863,0.0235909533050863,0.0235909533050863,0.0235909533050863,0.0235909533050863,0.0235909533050863,0.0235909533050863,0.0235909533050863,0.0235909533050863,1.3928958371113004e-06,1.290977372144226e-06,0.0113841288207373,0.0397374614578742,0.0659661169836826,8.203171218057037e-06,1.8939597128725324e-06,1.1880785856608505e-06,4.727940349327952e-05,0.2141797836109528,-0.0022815698396803,-0.0031373029935513,7465.0,1.0,0.3961064626087849,0.9011587193387256,0.0153843211944366,0.3027069692435673,0.7519290472142671,0.1614870135216741,0.3612359751794584,0.8490636365580233,0.3446746493451292,0.242960708934384,100000,30,10,0.1,1.0,0.1,0,9,0.001,1e-06,0.001,1e-07,1.0,1e-07,adamax,0,0.0,disordered,1,0.0233098979630873,0 days 02:36:32.165057,0.0022815925748287,4.435125702652476,4.111244416823523,1.0
103,103,103,103,103,0.2747120789270809,0.2747120789270809,0.2747120789270809,0.2747120789270809,0.2747120789270809,0.2747120789270809,0.2747120789270809,0.2747120789270809,0.2747120789270809,0.2747120789270809,0.1245048519335786,0.1265218927288575,1.998581681977875e-07,9.999892173231088e-08,1.4115096298375114e-07,0.079345388346647,1.1863121962849355e-05,0.6158056373295917,0.1268741975768325,0.5819166127021222,-0.0019428286949391,-0.0021745232361494,25055.0,0.0,0.8905882682808496,0.0774172052746193,0.856691807280719,0.3153846173974736,0.2077847171545707,0.4878787630597822,0.4834181147525649,0.9646969872568616,0.7525046995401022,0.4601224335495554,100000,30,10,0.1,1.0,0.1,0,9,0.001,1e-06,0.001,1e-07,1.0,1e-07,adamax,0,0.0,disordered,1,0.2737788670962675,0 days 02:36:32.165057,0.0019428344868884,3.470256046228,3.5061626596650743,1.0
104,104,104,104,104,0.2575263326771197,0.2575263326771197,0.2575263326771197,0.2575263326771197,0.2575263326771197,0.2575263326771197,0.2575263326771197,0.2575263326771197,0.2575263326771197,0.2575263326771197,0.0675024780166199,0.0677757695343364,0.9959914075932226,0.0658143376156047,0.9818503117432746,0.863369704301961,1.0021450237837284,0.066976646199362,0.0666011878002298,0.1485009408206333,-0.0019649250057857,-0.0025167547418287,595.0,0.0,0.559448179377736,0.3183682671306512,0.9827215923343974,0.3859388031179065,0.8856894269797009,0.6560771856866561,0.9161440724365804,0.3545676606804618,0.4166964266045845,0.3693269630957549,100000,30,10,0.1,1.0,0.1,0,9,0.001,1e-06,0.001,1e-07,1.0,1e-07,adamax,0,0.0,disordered,1,0.2544042981442185,0 days 02:36:32.165057,0.0019649776937675,3.99134864272374,3.364453121714752,1.0
105,105,105,105,105,0.1638433645577981,0.1638433645577981,0.1638433645577981,0.1638433645577981,0.1638433645577981,0.1638433645577981,0.1638433645577981,0.1638433645577981,0.1638433645577981,0.1638433645577981,0.2732954379744495,0.5859812291607516,0.0475131212862141,0.0347849030929411,1.0005012424264357,0.0920152911996395,0.0316096039502344,0.0367133423983664,0.154671529226559,0.0338322173246372,-0.0025956100057139,-0.0029335185807564,884.0,0.0,0.8270428182013859,0.9531227652913028,0.8245693322036489,0.4514212725251594,0.8290967274280593,0.7301863689728796,0.5191332376501886,0.1834950095969402,0.2378709334464719,0.7037642552418423,100000,30,10,0.1,1.0,0.1,0,9,0.001,1e-06,0.001,1e-07,1.0,1e-07,adamax,0,0.0,disordered,1,0.1625027354835997,0 days 02:36:32.165057,0.0025956344776885,3.306037724685725,3.074812907103281,1.0
106,106,106,106,106,0.1988827856988806,0.1988827856988806,0.1988827856988806,0.1988827856988806,0.1988827856988806,0.1988827856988806,0.1988827856988806,0.1988827856988806,0.1988827856988806,0.1988827856988806,0.1315022079587289,0.7085262742911996,1.0002527057504818,0.817858663062417,0.6539090130638467,0.3578017043537795,0.0392464021977893,0.0389088425631366,0.0424361016955607,0.0432115037669323,-0.0024073685103762,-0.0031541464147715,704.0,0.0,0.1987394069753326,0.5603459846190683,0.8041887075195945,0.6538980773741612,0.6097557171857994,0.2577333633717787,0.119935968613166,0.0339098497467681,0.0463400935683828,0.2317624605308721,100000,30,10,0.1,1.0,0.1,0,9,0.001,1e-06,0.001,1e-07,1.0,1e-07,adamax,0,0.0,disordered,1,0.1995848463174352,0 days 02:36:32.165057,0.0024073744131993,3.699125985891098,3.18062168316924,1.0
107,107,107,107,107,0.31260072430687,0.31260072430687,0.31260072430687,0.31260072430687,0.31260072430687,0.31260072430687,0.31260072430687,0.31260072430687,0.31260072430687,0.31260072430687,0.2400721848072528,0.0971670214407876,0.0968838514148411,0.0966901672338596,0.0989459234986756,1.0017931604346684,0.89475057940351,0.1124122961649393,0.1139936934934329,0.5254406426093989,-0.001838437710999,-0.0020842148914866,509.0,0.0,0.5576826791052716,0.4236802611593196,0.2040989308365327,0.3026871386777993,0.4612512907545262,0.798942229904156,0.6559291488966292,0.0409055308440315,0.4815189960665327,0.1859971408619078,100000,30,10,0.1,1.0,0.1,0,9,0.001,1e-06,0.001,1e-07,1.0,1e-07,adamax,0,0.0,disordered,1,0.3107620935652957,0 days 02:36:32.165057,0.0018384508670063,3.494188436152497,3.3262843409877307,1.0
108,108,108,108,108,0.0621709028616382,0.0621709028616382,0.0621709028616382,0.0621709028616382,0.0621709028616382,0.0621709028616382,0.0621709028616382,0.0621709028616382,0.0621709028616382,0.0621709028616382,0.3969935061376609,8.095574561230453e-06,0.0098733992814454,0.0013288055577256,5.039018288497223e-07,5.34805794743294e-07,9.997601531489937e-08,4.581944587500769e-07,0.0069663614754543,6.472010120178362e-06,-0.0045288727173666,-0.0069315381899744,7085.0,0.0,0.8548328677142727,0.8849042337673497,0.5546647111131409,0.7364080424825971,0.686781002516244,0.8168348678564569,0.2788157443291197,0.2292883141352593,0.7463090556139563,0.9590819260938424,100000,30,10,0.1,1.0,0.1,0,9,0.001,1e-06,0.001,1e-07,1.0,1e-07,adamax,0,0.0,disordered,1,0.0622187109052815,0 days 02:36:32.165057,0.0045288728593642,3.396861548668854,3.281953453573289,1.0
109,109,109,109,109,0.2747120789270809,0.2747120789270809,0.2747120789270809,0.2747120789270809,0.2747120789270809,0.2747120789270809,0.2747120789270809,0.2747120789270809,0.2747120789270809,0.2747120789270809,0.8735527123311109,0.1678935766929902,0.0786093619409563,0.0762355616325616,0.8423324146999874,0.082184812074008,0.0748816677816023,0.0747663609573636,1.0005957478796557,0.0759063465495698,-0.002171090286951,-0.0028632558956831,565.0,0.0,0.2298178228373562,0.5677739835398896,0.5442195125318621,0.3735582233951082,0.7502377867354061,0.1317663476758382,0.3717770738280922,0.4310672285924066,0.9529997793113488,0.6843037903798886,100000,30,10,0.1,1.0,0.1,0,9,0.001,1e-06,0.001,1e-07,1.0,1e-07,adamax,0,0.0,disordered,1,0.2738790680779053,0 days 02:36:32.165057,0.0021710948097122,3.5579028351801374,3.268846036470344,1.0
110,110,110,110,110,0.1864408533970483,0.1864408533970483,0.1864408533970483,0.1864408533970483,0.1864408533970483,0.1864408533970483,0.1864408533970483,0.1864408533970483,0.1864408533970483,0.1864408533970483,0.0661996101677748,0.7321035631307033,0.0345220371759165,0.0351767704015545,0.034632871497186,0.0395231511020502,0.7421774823253234,1.0012282330936324,0.0380753911689311,0.1573910587333587,-0.0025076754698305,-0.0030184653715501,732.0,0.0,0.7109588786233508,0.9997911436030892,0.2267787050296258,0.6035266324041912,0.1076616957623852,0.1624966741586189,0.6961278409738247,0.8259834276770187,0.6357975895967353,0.5797828945619068,100000,30,10,0.1,1.0,0.1,0,9,0.001,1e-06,0.001,1e-07,1.0,1e-07,adamax,0,0.0,disordered,1,0.1872274224532028,0 days 02:36:32.165057,0.0025076845020213,3.7272095070603486,3.4338892401987806,1.0
111,111,111,111,111,0.091605984754437,0.091605984754437,0.091605984754437,0.091605984754437,0.091605984754437,0.091605984754437,0.091605984754437,0.091605984754437,0.091605984754437,0.091605984754437,0.5028981372082348,0.5702770345788855,2.507350139250423e-06,1.0380218979971549e-07,0.0120210571485716,2.1745305375152298e-07,8.917699583658946e-07,0.0198569274676297,0.006663303956008,1.945092753129424e-06,-0.0034494597304081,-0.0052472942520077,8763.0,1.0,0.790630726295852,0.9562374211517236,0.9255221732521834,0.8087770068293173,0.4321179044971832,0.7663340080029579,0.2338323123187341,0.904048678156823,0.2797343041595618,0.9803847111856008,100000,30,10,0.1,1.0,0.1,0,9,0.001,1e-06,0.001,1e-07,1.0,1e-07,adamax,0,0.0,disordered,1,0.0919332503941996,0 days 02:36:32.165057,0.0034494676728756,3.3123784213407963,3.1474340206451434,1.0
112,112,112,112,112,0.3334618015786361,0.3334618015786361,0.3334618015786361,0.3334618015786361,0.3334618015786361,0.3334618015786361,0.3334618015786361,0.3334618015786361,0.3334618015786361,0.3334618015786361,0.1997304801448251,0.1118806608509017,0.1117015583995134,0.9783408516880424,0.1106603229646433,0.1107502574733427,0.9934535480845512,1.0009312516689617,0.1097367460034081,0.1116713570678995,-0.001764139882999,-0.0024769761327143,481.0,0.0,0.3016832549624413,0.2640832767535498,0.3363274420383708,0.4851418951388808,0.2002006434705995,0.2637231920312685,0.8842365683840808,0.9313198157180764,0.1553798826124388,0.4413512264260195,100000,30,10,0.1,1.0,0.1,0,9,0.001,1e-06,0.001,1e-07,1.0,1e-07,adamax,0,0.0,disordered,1,0.328403630849612,0 days 02:36:32.165057,0.0017642192447389,3.663285951441979,3.4376619932484624,1.0
113,113,113,113,113,0.1265331759388942,0.1265331759388942,0.1265331759388942,0.1265331759388942,0.1265331759388942,0.1265331759388942,0.1265331759388942,0.1265331759388942,0.1265331759388942,0.1265331759388942,1.000585410429924,0.0871846383472085,0.101060547362824,0.0768596348666358,0.0143354027420194,0.0141309046781644,0.0254078555361383,0.0143070487405909,0.0140749739610258,0.0151956950455583,-0.0032429054749435,-0.0052256145646469,949.0,0.0,0.4198464085418141,0.8282891159533825,0.6604139492479763,0.4080416756397663,0.788695792970943,0.6051509888335281,0.2093610962463399,0.7926281560532956,0.4656375164822883,0.8869505002259676,100000,30,10,0.1,1.0,0.1,0,9,0.001,1e-06,0.001,1e-07,1.0,1e-07,adamax,0,0.0,disordered,1,0.1278672778015171,0 days 02:36:32.165057,0.0032429783080753,3.142900854497257,3.104638495334373,1.0
114,114,114,114,114,0.0977192128371799,0.0977192128371799,0.0977192128371799,0.0977192128371799,0.0977192128371799,0.0977192128371799,0.0977192128371799,0.0977192128371799,0.0977192128371799,0.0977192128371799,0.5776573018797228,0.8120794720083655,1.250754215924208e-06,1.3507254953386484e-07,1.1189979396609725e-07,1.345405092380539e-07,0.0008922851216096,3.821548925258058e-06,0.0862258529406558,4.838605922333655e-06,-0.0036337257907934,-0.0056033367374467,8200.0,1.0,0.6652286902850271,0.1511461071182099,0.7566756965413822,0.5812057528556136,0.5415794581404321,0.4197375547591516,0.66289024476234,0.063289788225274,0.5038335624770842,0.935506718815235,100000,30,10,0.1,1.0,0.1,0,9,0.001,1e-06,0.001,1e-07,1.0,1e-07,adamax,0,0.0,disordered,1,0.0992272858967523,0 days 02:36:32.165057,0.0036338950856567,3.658249738247121,3.428157269807175,1.0
115,115,115,115,115,0.4047756965997318,0.4047756965997318,0.4047756965997318,0.4047756965997318,0.4047756965997318,0.4047756965997318,0.4047756965997318,0.4047756965997318,0.4047756965997318,0.4047756965997318,0.1638242907987613,0.1673670627470131,0.4873166695135876,0.9812215845552852,0.179028783640403,0.5416840935370142,1.0008428605231516,0.9714261142774524,0.1752896819809037,0.1629182429321455,-0.0017206032259254,-0.0019055779081571,406.0,0.0,0.2048671372175592,0.137013393890617,0.4105203445189851,0.5195104419443821,0.3765258345746637,0.4839410295657812,0.6746681273088498,0.7927785685533543,0.0515914868847581,0.3817122140834397,100000,30,10,0.1,1.0,0.1,0,9,0.001,1e-06,0.001,1e-07,1.0,1e-07,adamax,0,0.0,disordered,1,0.4002826755715249,0 days 02:36:32.165057,0.0017206697426341,3.573631846610792,3.253617155226381,1.0
116,116,116,116,116,0.1306870229743344,0.1306870229743344,0.1306870229743344,0.1306870229743344,0.1306870229743344,0.1306870229743344,0.1306870229743344,0.1306870229743344,0.1306870229743344,0.1306870229743344,0.4577644827419336,1.0009903330813632,0.2266819977868874,0.0172287393687884,0.01387191976891,0.0254531257079829,0.0223053976072853,0.4290119108815736,0.0198951739181094,0.0301505167177837,-0.002914063338244,-0.0036638120903175,976.0,0.0,0.6192309160099487,0.0209156604668269,0.949196085805464,0.6408209766622542,0.4850036743611498,0.4483143018991906,0.1472576819398338,0.0662550030853231,0.6809667073821352,0.923986139489024,100000,30,10,0.1,1.0,0.1,0,9,0.001,1e-06,0.001,1e-07,1.0,1e-07,adamax,0,0.0,disordered,1,0.1299748623661085,0 days 02:36:32.165057,0.0029140758146737,3.7900837357764,3.731131462947781,1.0
117,117,117,117,117,0.5413360302965377,0.5413360302965377,0.5413360302965377,0.5413360302965377,0.5413360302965377,0.5413360302965377,0.5413360302965377,0.5413360302965377,0.5413360302965377,0.5413360302965377,0.2550262611635898,0.2710592558131097,0.3483649663428955,0.2960704493992382,0.2586568672361024,0.2629794290361217,0.3189038036246223,0.2730883964803198,0.4223730352054454,1.000106504978012,-0.0013046351986715,-0.0013951740089397,373.0,0.0,0.79236850187799,0.021454334921551,0.0389684819440877,0.5126584980908546,0.5732641256148879,0.6063464038688403,0.8760248254439775,0.897865788127695,0.9892944308928155,0.3336362814836187,100000,30,10,0.1,1.0,0.1,0,9,0.001,1e-06,0.001,1e-07,1.0,1e-07,adamax,0,0.0,disordered,1,0.5459587267974607,0 days 02:36:32.165057,0.0013046666143198,3.400616332732214,3.434890129931892,1.0
118,118,118,118,118,0.1925613572129195,0.1925613572129195,0.1925613572129195,0.1925613572129195,0.1925613572129195,0.1925613572129195,0.1925613572129195,0.1925613572129195,0.1925613572129195,0.1925613572129195,0.6027246579396858,0.9568390265048892,0.0385932671221925,0.0757925644062057,1.0009846348537883,0.0371300799172828,0.0394186639267619,0.0756198105725742,0.0397823638210854,0.0381187544182804,-0.002602146130043,-0.0038455394383379,723.0,0.0,0.4685438744054826,0.993629312938368,0.7003627951620519,0.0574349150226748,0.9095515927383748,0.6166727366896131,0.1937122517675252,0.3477290547245186,0.5776592921086124,0.6527664441151828,100000,30,10,0.1,1.0,0.1,0,9,0.001,1e-06,0.001,1e-07,1.0,1e-07,adamax,0,0.0,disordered,1,0.1934916238547645,0 days 02:36:32.165057,0.002602161151419,3.413036001495654,3.3833572039568214,1.0
119,119,119,119,119,0.1747772774464678,0.1747772774464678,0.1747772774464678,0.1747772774464678,0.1747772774464678,0.1747772774464678,0.1747772774464678,0.1747772774464678,0.1747772774464678,0.1747772774464678,0.868428698688961,0.2211239858676258,0.1902640727058659,1.0006566280149227,0.0287200390279143,0.043010137689716,0.4081850199523292,0.0277918383606376,0.0275806306597461,0.0283504474938743,-0.0027889662394462,-0.0040099805799267,799.0,0.0,0.410728475381375,0.7443590959461956,0.5328265257248977,0.9747578061892131,0.8534960630493873,0.1500965432951359,0.1030876914121305,0.8535295930326651,0.6077306724577283,0.9762235664604278,100000,30,10,0.1,1.0,0.1,0,9,0.001,1e-06,0.001,1e-07,1.0,1e-07,adamax,0,0.0,disordered,1,0.1734494253259608,0 days 02:36:32.165057,0.0027890095031112,3.3225669880997786,3.2781070920492232,1.0
120,120,120,120,120,0.559107077675529,0.559107077675529,0.559107077675529,0.559107077675529,0.559107077675529,0.559107077675529,0.559107077675529,0.559107077675529,0.559107077675529,0.559107077675529,0.571628731500764,0.4126138949717396,0.4213163453227953,0.2926718543440819,0.2377235556559683,0.23119345082987,0.2161638537546326,0.1539725350452715,0.5503672010352251,1.0001931210061137,-0.0012799635967218,-0.0013505880088386,559.0,0.0,0.435834779462619,0.1792983733266665,0.0369883463752735,0.7685847217103081,0.0835179293669268,0.6439031526829808,0.5635435668373796,0.739568320401929,0.943891263002008,0.2365214903841666,100000,30,10,0.1,1.0,0.1,0,9,0.001,1e-06,0.001,1e-07,1.0,1e-07,adamax,0,0.0,disordered,1,0.5678952472580916,0 days 02:36:32.165057,0.001280063721328,3.210409115122827,3.4033160928841366,1.0
121,121,121,121,121,0.2575263326771197,0.2575263326771197,0.2575263326771197,0.2575263326771197,0.2575263326771197,0.2575263326771197,0.2575263326771197,0.2575263326771197,0.2575263326771197,0.2575263326771197,0.0699115684964658,0.8487810683876083,0.0670732396269154,0.0673800159988384,0.0676109630475716,1.0002111023989022,0.8698204023678285,0.0758189716382062,0.2933921499024334,0.1192488839599629,-0.0020245917475028,-0.0024428850667125,592.0,0.0,0.4826040926959499,0.7515620687294599,0.2023581685917818,0.0920116234928242,0.1380229866068717,0.9316879857781158,0.7894252030152007,0.2004108507488413,0.0158897298359887,0.6378190116729733,100000,30,10,0.1,1.0,0.1,0,9,0.001,1e-06,0.001,1e-07,1.0,1e-07,adamax,0,0.0,disordered,1,0.260588047765385,0 days 02:36:32.165057,0.0020246414983811,3.896602030657085,3.5912058337673485,1.0
122,122,122,122,122,0.2337423870891811,0.2337423870891811,0.2337423870891811,0.2337423870891811,0.2337423870891811,0.2337423870891811,0.2337423870891811,0.2337423870891811,0.2337423870891811,0.2337423870891811,0.8391194604522998,0.6650313074758403,0.6346166970144425,0.6540701952896727,0.7406764124701027,0.000330026252959,0.2228238601354479,3.608934396101551e-05,4.302014575098002e-05,0.2165802660269006,-0.0022894327762697,-0.0026457976845176,7079.0,1.0,0.3219068800907684,0.227954613732546,0.1995556372938079,0.4722253635804095,0.3422514539903797,0.9402172918894702,0.5658874773949365,0.9001261446978802,0.9246386652645656,0.9001324900548501,100000,30,10,0.1,1.0,0.1,0,9,0.001,1e-06,0.001,1e-07,1.0,1e-07,adamax,0,0.0,disordered,1,0.2362975196186805,0 days 02:36:32.165057,0.0022894948162527,2.7741079047475705,3.0061429454067303,1.0
123,123,123,123,123,0.2837303616516209,0.2837303616516209,0.2837303616516209,0.2837303616516209,0.2837303616516209,0.2837303616516209,0.2837303616516209,0.2837303616516209,0.2837303616516209,0.2837303616516209,0.5017715620620857,0.0613449526314895,0.0326309883464088,0.0206280171195132,1.0002325729462036,0.1472997285588438,0.0514565410141841,0.0815254161127975,0.2747177645237496,0.4471773311303886,-0.0020805929368277,-0.0022138127348287,1141.0,0.0,0.4983454905287332,0.5832895646919062,0.5342589017236986,0.0202634807373287,0.9464100576900564,0.1510903531028005,0.5534559105858134,0.682647856788838,0.7863061131620858,0.5422231796108453,100000,30,10,0.1,1.0,0.1,0,9,0.001,1e-06,0.001,1e-07,1.0,1e-07,adamax,0,0.0,disordered,1,0.2872043387806773,0 days 02:36:32.165057,0.002080674392524,3.502310090191975,3.366350193526326,1.0
124,124,124,124,124,0.3228628202536728,0.3228628202536728,0.3228628202536728,0.3228628202536728,0.3228628202536728,0.3228628202536728,0.3228628202536728,0.3228628202536728,0.3228628202536728,0.3228628202536728,0.2942780962864516,0.7650934992120365,0.3995040815686554,0.5660899986045591,1.0004818013257577,0.0960243595256844,0.6438506463380474,0.1003234895705014,0.2019660161690608,0.2467345645988918,-0.0017768460554642,-0.0019217980068418,531.0,0.0,0.6391108790301397,0.8271093594992666,0.6435283568596154,0.6668418155384968,0.8540520560504438,0.0734116669155326,0.518521050809158,0.0265520237612418,0.1513861713431294,0.0285064142169597,100000,30,10,0.1,1.0,0.1,0,9,0.001,1e-06,0.001,1e-07,1.0,1e-07,adamax,0,0.0,disordered,1,0.3211491422659291,0 days 02:36:32.165057,0.0017768608373265,3.212449785529909,3.1076534608042814,1.0
125,125,125,125,125,0.6159977960380164,0.6159977960380164,0.6159977960380164,0.6159977960380164,0.6159977960380164,0.6159977960380164,0.6159977960380164,0.6159977960380164,0.6159977960380164,0.6159977960380164,0.3818439705643368,0.4131016488473782,0.4000055502643345,0.3749808725748358,0.3763185993576535,0.3992860538194153,0.3859909261218222,0.3755188682544004,0.5076887179554662,1.0014812589665756,-0.0011937577053217,-0.0012911228168747,216.0,0.0,0.8662414965178878,0.329738218002739,0.5211312073463263,0.7872579379890905,0.688896824749785,0.9263145604956078,0.4898036887229915,0.7024378150343941,0.8677546688910042,0.1071970230385482,100000,30,10,0.1,1.0,0.1,0,9,0.001,1e-06,0.001,1e-07,1.0,1e-07,adamax,0,0.0,disordered,1,0.6130305230985967,0 days 02:36:32.165057,0.0011937676428255,3.294274280126737,3.355437486276688,1.0
126,126,126,126,126,0.4180637241455754,0.4180637241455754,0.4180637241455754,0.4180637241455754,0.4180637241455754,0.4180637241455754,0.4180637241455754,0.4180637241455754,0.4180637241455754,0.4180637241455754,0.1757389699065928,0.2275234016790182,0.4558335291572118,0.174268617959971,0.9712684419015272,0.1759564742375445,0.1960221686444589,1.0007322102789034,0.1857327875516689,0.757149441782196,-0.0014317647604199,-0.0015813190011944,380.0,0.0,0.4698551588747217,0.0879942584045,0.5569643621342539,0.3133533464336471,0.8404982731519823,0.4683808695028418,0.16289530068774,0.8733791351470347,0.4258654966885558,0.0197112421874458,100000,30,10,0.1,1.0,0.1,0,9,0.001,1e-06,0.001,1e-07,1.0,1e-07,adamax,0,0.0,disordered,1,0.4215990157973613,0 days 02:36:32.165057,0.0014317886737303,3.388684940750721,3.3060419209875733,1.0
127,127,127,127,127,0.0977192128371799,0.0977192128371799,0.0977192128371799,0.0977192128371799,0.0977192128371799,0.0977192128371799,0.0977192128371799,0.0977192128371799,0.0977192128371799,0.0977192128371799,0.5105238111947871,0.0378650678104086,0.0186776462253522,0.1609871406622799,0.0156268795883681,0.0206301082048526,1.0005891478280813,0.0133306930748751,0.0127530542255194,0.0122265509841423,-0.0037030194643974,-0.005282906892365,1030.0,0.0,0.2686888585870096,0.3830994218100014,0.0262443207348223,0.1401115351915322,0.2965088687873769,0.3375832951584115,0.4375794644216485,0.2976178144068799,0.3206682412694038,0.4620787748246554,100000,30,10,0.1,1.0,0.1,0,9,0.001,1e-06,0.001,1e-07,1.0,1e-07,adamax,0,0.0,disordered,1,0.0988240724920568,0 days 02:36:32.165057,0.0037030703003343,3.0673339854695,2.849996291911528,1.0
128,128,128,128,128,0.1586356533508587,0.1586356533508587,0.1586356533508587,0.1586356533508587,0.1586356533508587,0.1586356533508587,0.1586356533508587,0.1586356533508587,0.1586356533508587,0.1586356533508587,1.0012952058440898,0.1379904038747405,0.0256844602267682,0.0327899662930553,0.0592645241801759,0.0572057897585853,0.1091682336595392,0.1354939066510682,0.1181723980560468,0.0686848451358562,-0.0029462453094728,-0.0034734767680641,810.0,0.0,0.3519327463102876,0.7497859477666411,0.781070814915798,0.0176659638470567,0.1620922119128206,0.1018191438928746,0.3528687006585745,0.3562605533678569,0.7492930954460025,0.729520125674327,100000,30,10,0.1,1.0,0.1,0,9,0.001,1e-06,0.001,1e-07,1.0,1e-07,adamax,0,0.0,disordered,1,0.1600707498552001,0 days 02:36:32.165057,0.0029463035460714,3.8204222696613943,3.6063288268575184,1.0
129,129,129,129,129,0.1864408533970483,0.1864408533970483,0.1864408533970483,0.1864408533970483,0.1864408533970483,0.1864408533970483,0.1864408533970483,0.1864408533970483,0.1864408533970483,0.1864408533970483,0.0375857544287488,0.0344386466348201,0.034161853738151,1.000494359941008,0.0344678612721641,0.0341548400587678,0.0357329273350048,0.10505367213267,0.5283727489501785,0.0820570210403129,-0.0024615358600244,-0.0029485402320765,737.0,0.0,0.8824147325613924,0.6829980203089694,0.5955341403008954,0.9943332014900896,0.641966715068702,0.3894717582066502,0.3047671450549398,0.0357513358910965,0.9441383821019348,0.7526396033854349,100000,30,10,0.1,1.0,0.1,0,9,0.001,1e-06,0.001,1e-07,1.0,1e-07,adamax,0,0.0,disordered,1,0.1858206694323208,0 days 02:36:32.165057,0.0024615420572246,3.784041596352049,3.5806557556274528,1.0
130,130,130,130,130,0.3026648059395688,0.3026648059395688,0.3026648059395688,0.3026648059395688,0.3026648059395688,0.3026648059395688,0.3026648059395688,0.3026648059395688,0.3026648059395688,0.3026648059395688,0.3639875616034264,0.6796917991941255,0.6446946799713174,0.0919116619402327,1.0005370009525876,0.7602127740169077,0.2451891329890261,0.3740985913432056,0.1439132962577286,0.1856529803527203,-0.0016931076983352,-0.0018177771665849,520.0,0.0,0.3770744740385141,0.8750264088387725,0.762923530257859,0.4651733664606914,0.9557833448132416,0.8923995250960749,0.4460462226478133,0.427009935517979,0.1516958500288139,0.1024071282176544,100000,30,10,0.1,1.0,0.1,0,9,0.001,1e-06,0.001,1e-07,1.0,1e-07,adamax,0,0.0,disordered,1,0.3074719512816885,0 days 02:36:32.165057,0.001693212717776,3.224643353440437,3.113480961589972,1.0
131,131,131,131,131,0.31260072430687,0.31260072430687,0.31260072430687,0.31260072430687,0.31260072430687,0.31260072430687,0.31260072430687,0.31260072430687,0.31260072430687,0.31260072430687,0.5129353300652286,0.4721773357162865,0.6009641912962159,0.3456312912661469,0.9530944020569984,0.0967687342169402,1.0020117951589005,0.5153729832523789,0.1380862795757624,0.2450061705815556,-0.0017997544930928,-0.0019071995066485,520.0,0.0,0.3572105858326114,0.2145963222654221,0.0686048753592449,0.7354797423575674,0.9611756267230732,0.6873883811420436,0.9074324780725448,0.8703669412946711,0.6460543691700241,0.5226129115246972,100000,30,10,0.1,1.0,0.1,0,9,0.001,1e-06,0.001,1e-07,1.0,1e-07,adamax,0,0.0,disordered,1,0.3082111217373622,0 days 02:36:32.165057,0.0017998363764324,3.2416747179608727,3.1613479322151004,1.0
132,132,132,132,132,0.4180637241455754,0.4180637241455754,0.4180637241455754,0.4180637241455754,0.4180637241455754,0.4180637241455754,0.4180637241455754,0.4180637241455754,0.4180637241455754,0.4180637241455754,0.5130006872830113,0.1930135363762006,0.1626567181577898,0.1871465082487211,0.218685018846336,1.001755192176462,0.3001492292671572,0.7019058786011861,0.1832173974805973,0.7625161495629906,-0.0014674702039892,-0.0015370367150684,416.0,0.0,0.3579013924678206,0.4949761755722949,0.3212519515014987,0.1720666773180067,0.4953270051382947,0.6611575082946666,0.5853151200539239,0.7378227930383214,0.3359702633489273,9.60405599956804e-05,100000,30,10,0.1,1.0,0.1,0,9,0.001,1e-06,0.001,1e-07,1.0,1e-07,adamax,0,0.0,disordered,1,0.4238001235788123,0 days 02:36:32.165057,0.0014675515383564,3.1734321691828566,3.181865194997913,1.0
133,133,133,133,133,0.1439847952876005,0.1439847952876005,0.1439847952876005,0.1439847952876005,0.1439847952876005,0.1439847952876005,0.1439847952876005,0.1439847952876005,0.1439847952876005,0.1439847952876005,0.931759655222028,0.5012051880620965,0.2336364677157552,0.2116610657913319,1.630328781147607e-05,0.0505544778625777,0.0878437144363686,0.346418710899796,1.556587895646107e-05,4.896350081938365e-05,-0.0031547138634348,-0.0041553676485353,7709.0,1.0,0.212659523709593,0.2896953747711416,0.553104867010391,0.389451515347593,0.6576718802427545,0.2239429185820662,0.4680172846291024,0.0022461445398733,0.6863003978230826,0.865358765091174,100000,30,10,0.1,1.0,0.1,0,9,0.001,1e-06,0.001,1e-07,1.0,1e-07,adamax,0,0.0,disordered,1,0.1430667193190762,0 days 02:36:32.165057,0.0031547499744681,3.4327269944918646,3.065312139628088,1.0
134,134,134,134,134,0.2337423870891811,0.2337423870891811,0.2337423870891811,0.2337423870891811,0.2337423870891811,0.2337423870891811,0.2337423870891811,0.2337423870891811,0.2337423870891811,0.2337423870891811,0.1713530032995667,1.0004253591634091,0.0690945324875006,0.9596993016663722,0.0556783372145075,0.0668807805139935,0.0972850953921378,0.4358949471015875,0.0916978172463604,0.0874936027335585,-0.0024456378601247,-0.0029537932511878,636.0,0.0,0.8586576209689326,0.8746833990846345,0.1961319899414358,0.981421288630042,0.551370055537916,0.1855797904828828,0.0910540624549163,0.0709756771489656,0.6369673359898222,0.6285879455462029,100000,30,10,0.1,1.0,0.1,0,9,0.001,1e-06,0.001,1e-07,1.0,1e-07,adamax,0,0.0,disordered,1,0.2301412166321391,0 days 02:36:32.165057,0.0024457938631921,3.856243357304638,3.5499809023572837,1.0
135,135,135,135,135,0.0480134292365344,0.0480134292365344,0.0480134292365344,0.0480134292365344,0.0480134292365344,0.0480134292365344,0.0480134292365344,0.0480134292365344,0.0480134292365344,0.0480134292365344,0.1389925465527337,0.1213885282946941,4.958474140869996e-07,2.309090092462317e-07,2.953286703227652e-07,1.8300229318570386e-07,3.1273334018680106e-07,0.0072092154260514,0.0232979617517986,1.1457732219491422e-06,-0.0041898085175902,-0.0065761557427417,8473.0,1.0,0.7867578153046024,0.6586148779360064,0.5194036064022658,0.1628216458053162,0.7344738470457473,0.0040607791752594,0.6603056326225697,0.1653106406351319,0.158812500494112,0.9060919823220174,100000,30,10,0.1,1.0,0.1,0,9,0.001,1e-06,0.001,1e-07,1.0,1e-07,adamax,0,0.0,disordered,1,0.0476042023754289,0 days 02:36:32.165057,0.0041898573432121,3.663409287250511,3.710674130146192,1.0
136,136,136,136,136,0.1535934676510894,0.1535934676510894,0.1535934676510894,0.1535934676510894,0.1535934676510894,0.1535934676510894,0.1535934676510894,0.1535934676510894,0.1535934676510894,0.1535934676510894,0.0376644663252621,0.0305334378641735,0.0241975131035743,0.2675797744822999,0.3149049193193246,0.0336378199065656,0.1920990695675418,0.0364946516213338,1.0004530237513345,0.1200847582017313,-0.0017074873685371,-0.0021606526437838,817.0,0.0,0.9272687987305654,0.7202854143764663,0.2286132749517861,0.4693763724185115,0.3461982610739972,0.1176045480895723,0.2368161436599996,0.05796887217318,0.9722989391173464,0.2362951831663555,100000,30,10,0.1,1.0,0.1,0,9,0.001,1e-06,0.001,1e-07,1.0,1e-07,adamax,0,0.0,disordered,1,0.1560365171665604,0 days 02:36:32.165057,0.0017075133757736,3.261056426749504,3.3831100910515306,1.0
137,137,137,137,137,0.1487115462808951,0.1487115462808951,0.1487115462808951,0.1487115462808951,0.1487115462808951,0.1487115462808951,0.1487115462808951,0.1487115462808951,0.1487115462808951,0.1487115462808951,0.7301772321874787,0.6320453923347623,0.3173848369524379,0.202954207226217,6.838617834787946e-06,6.57512010487545e-06,0.2928220737540237,1.0244378767917982e-05,4.71510412723712e-06,8.30285816316861e-06,-0.0032789558425447,-0.0044861079093807,7952.0,1.0,0.3871303033300499,0.2466130384795043,0.6512560958980139,0.5625293241165457,0.7656657950986049,0.0114169824866066,0.204675351213916,0.5987377284896298,0.576566930148022,0.8244385564254193,100000,30,10,0.1,1.0,0.1,0,9,0.001,1e-06,0.001,1e-07,1.0,1e-07,adamax,0,0.0,disordered,1,0.1477238083802108,0 days 02:36:32.165057,0.0032789945042058,3.3167839205062384,3.2108791444375826,1.0
138,138,138,138,138,0.3228628202536728,0.3228628202536728,0.3228628202536728,0.3228628202536728,0.3228628202536728,0.3228628202536728,0.3228628202536728,0.3228628202536728,0.3228628202536728,0.3228628202536728,0.7202873192436243,0.1549598428594452,0.1871200466816411,0.9880951807427168,0.105182240024895,1.0014924824618017,0.1345881196528973,0.1277250908798068,0.1624464837102755,0.4372885379589246,-0.0018717846136794,-0.0021069425314643,492.0,0.0,0.080546864575358,0.3711524930990902,0.4037561394020001,0.5130269217785087,0.3514292192289528,0.734669791447239,0.1043126694432297,0.0606265487732715,0.3134969656943688,0.08936835835602,100000,30,10,0.1,1.0,0.1,0,9,0.001,1e-06,0.001,1e-07,1.0,1e-07,adamax,0,0.0,disordered,1,0.3274806770732472,0 days 02:36:32.165057,0.0018718956258777,3.2416037611346518,3.1990474834878424,1.0
139,139,139,139,139,0.3794532847236936,0.3794532847236936,0.3794532847236936,0.3794532847236936,0.3794532847236936,0.3794532847236936,0.3794532847236936,0.3794532847236936,0.3794532847236936,0.3794532847236936,0.6545578611826128,0.1417873696726828,0.18003158317764,0.1142998397393282,0.0880773056634682,0.0940051970040219,0.1162533404473278,1.0008089476308586,0.1050990413271317,0.7880995858453801,-0.0016683844028862,-0.0018644950282425,631.0,0.0,0.3924113107452132,0.5784304362761635,0.0841896335863821,0.4597958892749636,0.5553176384279525,0.5645392862095029,0.0302027113843083,0.7732342916221171,0.7219944120767331,0.2970111784747991,100000,30,10,0.1,1.0,0.1,0,9,0.001,1e-06,0.001,1e-07,1.0,1e-07,adamax,0,0.0,disordered,1,0.3750116203606919,0 days 02:36:32.165057,0.0016684473048356,3.231926811794045,3.289356418323869,1.0
140,140,140,140,140,0.31260072430687,0.31260072430687,0.31260072430687,0.31260072430687,0.31260072430687,0.31260072430687,0.31260072430687,0.31260072430687,0.31260072430687,0.31260072430687,0.1706730356383534,0.7581948951835125,0.2939792710083832,0.0963365234844139,0.9781961048206544,0.097242204202719,1.0007464725647377,0.9300495614926166,0.0974307106369056,0.0972113642710444,-0.0017554237931961,-0.0021643884585557,512.0,0.0,0.4713454304536444,0.7391818794487419,0.8340747307980766,0.2477164179479444,0.7708320963728408,0.4241983695702475,0.9531604880370382,0.8783654950164146,0.3579915231080731,0.3598325142224708,100000,30,10,0.1,1.0,0.1,0,9,0.001,1e-06,0.001,1e-07,1.0,1e-07,adamax,0,0.0,disordered,1,0.3102885861221774,0 days 02:36:32.165057,0.0017554459919338,3.60589462353014,3.217984901238134,1.0
141,141,141,141,141,0.2337423870891811,0.2337423870891811,0.2337423870891811,0.2337423870891811,0.2337423870891811,0.2337423870891811,0.2337423870891811,0.2337423870891811,0.2337423870891811,0.2337423870891811,0.2389263371735095,0.9405935361864888,0.0918511594894087,0.0308175287724972,1.0001954369349115,0.6479618457570082,0.0191266531723869,0.2686394735164894,0.0514796543507763,0.3301495596968919,-0.0021507094619084,-0.0022581368404212,1503.0,0.0,0.4858358613989018,0.9606447966726998,0.1439805411979351,0.5489012665123931,0.6477107544433567,0.7200550744245918,0.0671148507380147,0.5993153176299014,0.4504410344368798,0.3394168925365474,100000,30,10,0.1,1.0,0.1,0,9,0.001,1e-06,0.001,1e-07,1.0,1e-07,adamax,0,0.0,disordered,1,0.2315370116318197,0 days 02:36:32.165057,0.0021507524685442,3.375355740775417,3.2083392184268,1.0
142,142,142,142,142,0.1076624177045492,0.1076624177045492,0.1076624177045492,0.1076624177045492,0.1076624177045492,0.1076624177045492,0.1076624177045492,0.1076624177045492,0.1076624177045492,0.1076624177045492,0.0899885800457917,0.01168137855292,0.0131365081470139,0.0707147881162375,1.0009062165193188,0.0176947804109545,0.0233400208930374,0.0908846386658508,0.0359082128083569,0.0464487194669027,-0.0034571434590808,-0.0042643577053593,1016.0,0.0,0.970535745395725,0.1060291218306453,0.708691782471572,0.20436046231027,0.9481022894736189,0.5003145590931377,0.4533875913258531,0.2485016800118726,0.5337793923358432,0.8643289560409935,100000,30,10,0.1,1.0,0.1,0,9,0.001,1e-06,0.001,1e-07,1.0,1e-07,adamax,0,0.0,disordered,1,0.1072146638353497,0 days 02:36:32.165057,0.0034571536225719,4.349886295802875,3.720177024704515,1.0
143,143,143,143,143,0.2263129568399526,0.2263129568399526,0.2263129568399526,0.2263129568399526,0.2263129568399526,0.2263129568399526,0.2263129568399526,0.2263129568399526,0.2263129568399526,0.2263129568399526,0.962140625159007,0.109663098633428,0.0682189440481789,0.1515400308095422,1.002057664010972,0.0624133146851832,0.6311738875931235,0.1897752027606127,0.0607895013101234,0.0515195468860018,-0.0023428926925894,-0.0029768820896842,648.0,0.0,0.0720732812115272,0.6582265017536821,0.1465543869611854,0.2250704739888461,0.8538524976332683,0.0722715630299145,0.7316708832017987,0.0578531237565792,0.5095432760207479,0.6235079875011236,100000,30,10,0.1,1.0,0.1,0,9,0.001,1e-06,0.001,1e-07,1.0,1e-07,adamax,0,0.0,disordered,1,0.2282984529797425,0 days 02:36:32.165057,0.0023429360441066,3.7530182594987394,3.3022587702306763,1.0
144,144,144,144,144,0.1349772330233939,0.1349772330233939,0.1349772330233939,0.1349772330233939,0.1349772330233939,0.1349772330233939,0.1349772330233939,0.1349772330233939,0.1349772330233939,0.1349772330233939,1.0010530275643783,0.0515057262584481,0.3205217244038038,0.0516584995803832,0.0527862668051348,0.0175609056294057,0.0178530669872279,0.035584920459933,0.4001926440258699,0.0176656760600568,-0.0024134963658319,-0.0038160844312136,882.0,0.0,0.1469985366622423,0.8021095935456756,0.2210107799811463,0.475682485797211,0.2402812112931351,0.7635859224107355,0.2511413197970664,0.262182598526722,0.012176776794017,0.8998375981764654,100000,30,10,0.1,1.0,0.1,0,9,0.001,1e-06,0.001,1e-07,1.0,1e-07,adamax,0,0.0,disordered,1,0.1337770262330272,0 days 02:36:32.165057,0.0024135341907203,3.7981932084107775,3.2928804709273893,1.0
145,145,145,145,145,0.2837303616516209,0.2837303616516209,0.2837303616516209,0.2837303616516209,0.2837303616516209,0.2837303616516209,0.2837303616516209,0.2837303616516209,0.2837303616516209,0.2837303616516209,0.2844222810500149,0.3545138852829541,0.9816015052510024,0.2399026821334545,1.0021300240186584,0.2724762235770787,0.9976493119673536,0.2003631108340001,0.0932274002568233,0.1038295726404846,-0.0017700667876922,-0.0021208164840942,548.0,0.0,0.0335969627568926,0.3145864476464628,0.6470071622065572,0.3320857338144194,0.5972060998913077,0.3645648731152949,0.8799511230920498,0.1589792162923121,0.0184104311826945,0.0997000036646228,100000,30,10,0.1,1.0,0.1,0,9,0.001,1e-06,0.001,1e-07,1.0,1e-07,adamax,0,0.0,disordered,1,0.2862177016525404,0 days 02:36:32.165057,0.0017700897505093,3.367674901760805,3.2284623407234,1.0
146,146,146,146,146,0.1747772774464678,0.1747772774464678,0.1747772774464678,0.1747772774464678,0.1747772774464678,0.1747772774464678,0.1747772774464678,0.1747772774464678,0.1747772774464678,0.1747772774464678,0.5618350549653283,0.2063673749991677,0.1837347236511081,1.0003353191852438,0.047197311445941,0.0302245453591075,0.0303027024680218,0.0404365865780462,0.2636154026331572,0.030644669974828,-0.0024309729561244,-0.0032600626064023,762.0,0.0,0.5239920370250133,0.592268699619776,0.8339028183744194,0.9546479818986864,0.401304424874914,0.8236951744580298,0.4051697468493412,0.3706570239468989,0.1326942880592098,0.8686533835131917,100000,30,10,0.1,1.0,0.1,0,9,0.001,1e-06,0.001,1e-07,1.0,1e-07,adamax,0,0.0,disordered,1,0.1752959817150917,0 days 02:36:32.165057,0.0024309757773456,3.4438634778143475,3.321175967452444,1.0
147,147,147,147,147,0.2837303616516209,0.2837303616516209,0.2837303616516209,0.2837303616516209,0.2837303616516209,0.2837303616516209,0.2837303616516209,0.2837303616516209,0.2837303616516209,0.2837303616516209,0.9004189771161683,0.2265556882892027,0.1330805287847126,0.6049755111876038,1.9855329424831946e-07,0.2167103089403177,2.3909331828571774e-07,9.999772843290589e-08,2.118010698463925e-07,0.6099552505621706,-0.0020294033529122,-0.002389474961942,16996.0,0.0,0.3361072638152569,0.6466911011130169,0.5171654789011755,0.9968375249315816,0.2556339822243743,0.5514986455993405,0.7896322571214801,0.1910809996479252,0.8231738011496573,0.5581697323222211,100000,30,10,0.1,1.0,0.1,0,9,0.001,1e-06,0.001,1e-07,1.0,1e-07,adamax,0,0.0,disordered,1,0.2816237505237498,0 days 02:36:32.165057,0.0020294311683113,2.976681793601484,3.2474735424853423,1.0
148,148,148,148,148,0.3026648059395688,0.3026648059395688,0.3026648059395688,0.3026648059395688,0.3026648059395688,0.3026648059395688,0.3026648059395688,0.3026648059395688,0.3026648059395688,0.3026648059395688,0.9886278940384794,0.4904635617728437,0.1138929741729152,0.1297383115323929,0.0913203730108145,1.0013151511088665,0.1131103807058972,0.2420620083846665,0.1249218790810025,0.1525303596830865,-0.0019988786266672,-0.0023692939346291,527.0,0.0,0.103519069386064,0.9680567674181526,0.4118515661605675,0.475406182769067,0.7844622831603345,0.9646372922171242,0.2455385262562845,0.1361654883223276,0.7447308953008215,0.6770375078933076,100000,30,10,0.1,1.0,0.1,0,9,0.001,1e-06,0.001,1e-07,1.0,1e-07,adamax,0,0.0,disordered,1,0.303616645103794,0 days 02:36:32.165057,0.0019988850208818,3.376829095326644,3.351794036991942,1.0
149,149,149,149,149,0.3334618015786361,0.3334618015786361,0.3334618015786361,0.3334618015786361,0.3334618015786361,0.3334618015786361,0.3334618015786361,0.3334618015786361,0.3334618015786361,0.3334618015786361,0.4987048169016714,0.3055929107654586,0.5763836266401732,0.2765938998475049,0.1043301167576406,1.0007795658565406,0.6422484650974709,0.2957437252921293,0.349743880644696,0.236779338405143,-0.0017380319799954,-0.0017752243598286,503.0,0.0,0.4465205431987034,0.6476068992896135,0.9441499806395016,0.8419109783899698,0.5682197133325374,0.9086267688539756,0.9129114718218536,0.7711556229430179,0.1185609555698687,0.5617089206843101,100000,30,10,0.1,1.0,0.1,0,9,0.001,1e-06,0.001,1e-07,1.0,1e-07,adamax,0,0.0,disordered,1,0.3299796848554271,0 days 02:36:32.165057,0.0017380700104785,3.287345745273909,3.1339088199788074,1.0
150,150,150,150,150,0.2575263326771197,0.2575263326771197,0.2575263326771197,0.2575263326771197,0.2575263326771197,0.2575263326771197,0.2575263326771197,0.2575263326771197,0.2575263326771197,0.2575263326771197,0.3496272183532766,1.0011533386542233,0.4531096628365653,0.8453926265966756,0.9126209010496356,0.1200379109715095,0.0661984639093581,0.0659645287815552,0.065394317832929,0.066033550717215,-0.0022867160597714,-0.0030295938588132,594.0,0.0,0.6072668886067614,0.87933478726849,0.5162298994322575,0.6125897757826202,0.7151638936978153,0.0838712936818407,0.056342943723363,0.0303978264254882,0.1068354634281478,0.2554841462687353,100000,30,10,0.1,1.0,0.1,0,9,0.001,1e-06,0.001,1e-07,1.0,1e-07,adamax,0,0.0,disordered,1,0.2542347966008925,0 days 02:36:32.165057,0.0022868298978901,3.4180193584086487,3.2447071374931533,1.0
151,151,151,151,151,0.2054117348353061,0.2054117348353061,0.2054117348353061,0.2054117348353061,0.2054117348353061,0.2054117348353061,0.2054117348353061,0.2054117348353061,0.2054117348353061,0.2054117348353061,1.000859000504373,0.1435810842133387,0.0417376884240428,0.0572190920761131,0.2825009898408692,0.1771570941724622,0.4253152925536109,0.6490865287102434,0.0407139116194118,0.0524768109108832,-0.0023958217928648,-0.0031491044405413,701.0,0.0,0.0483867910215433,0.5964463432981612,0.5722891842830293,0.4552914594104414,0.0089493536422102,0.519182761157155,0.1263686231862464,0.0051056795481539,0.7962273903844265,0.9106530114529016,100000,30,10,0.1,1.0,0.1,0,9,0.001,1e-06,0.001,1e-07,1.0,1e-07,adamax,0,0.0,disordered,1,0.2079261558335632,0 days 02:36:32.165057,0.0023959042378243,3.705999602792112,3.471848187890526,1.0
152,152,152,152,152,0.2263129568399526,0.2263129568399526,0.2263129568399526,0.2263129568399526,0.2263129568399526,0.2263129568399526,0.2263129568399526,0.2263129568399526,0.2263129568399526,0.2263129568399526,1.0015953075669666,0.1625032145320908,0.454457292826565,0.0529220022410251,0.0508659502049211,0.0512739024312554,0.9510613728207662,0.0579178719514954,0.1632981150175256,0.05033151841026,-0.0021933460142707,-0.003009013557683,656.0,0.0,0.0723200974103522,0.658998149581024,0.0532868940139118,0.5821887559626637,0.6239116307216966,0.5867520196653536,0.9903001071880349,0.6136513534513286,0.1661334633397303,0.9328109107570048,100000,30,10,0.1,1.0,0.1,0,9,0.001,1e-06,0.001,1e-07,1.0,1e-07,adamax,0,0.0,disordered,1,0.2237506906702244,0 days 02:36:32.165057,0.0021934151316887,3.37232897832407,3.1251786531344083,1.0
153,153,153,153,153,0.4757236139187886,0.4757236139187886,0.4757236139187886,0.4757236139187886,0.4757236139187886,0.4757236139187886,0.4757236139187886,0.4757236139187886,0.4757236139187886,0.4757236139187886,0.7507257125482178,0.0226634341904627,0.0298636987236531,1.000002322075842,0.0640706488686119,0.0736145236801645,0.0710600859790595,0.1555158639852887,0.8147228373576527,0.7093428284969291,-0.0014820099944424,-0.0016219523993071,1409.0,0.0,0.29901133171327,0.5394260265834436,0.4325121818691179,0.8067388614302226,0.0840030486225367,0.3676129766955708,0.4427155432827598,0.5974138281036413,0.9079079158391044,0.3014981368667159,100000,30,10,0.1,1.0,0.1,0,9,0.001,1e-06,0.001,1e-07,1.0,1e-07,adamax,0,0.0,disordered,1,0.4731329017861384,0 days 02:36:32.165057,0.0014820230476676,3.346423768362573,3.3462555426842715,1.0
154,154,154,154,154,0.2837303616516209,0.2837303616516209,0.2837303616516209,0.2837303616516209,0.2837303616516209,0.2837303616516209,0.2837303616516209,0.2837303616516209,0.2837303616516209,0.2837303616516209,1.0000182269790705,0.003276699292385,0.1827120115616523,0.0048958084029055,0.0115892688746764,0.0023752180073742,0.0080625167893682,0.3717542614403489,0.1626290397855196,0.5533520742630882,-0.0019015541583153,-0.0020563087173453,2146.0,0.0,0.3455366874625925,0.6720061274811792,0.2089574176435983,0.5098825266275231,0.3197210689074721,0.6237500993301396,0.5805693899218535,0.6859106949974794,0.4296962777480695,0.2336463865548357,100000,30,10,0.1,1.0,0.1,0,9,0.001,1e-06,0.001,1e-07,1.0,1e-07,adamax,0,0.0,disordered,1,0.2836471568332722,0 days 02:36:32.165057,0.0019015541112117,2.945848290154892,3.0689423531780817,1.0
155,155,155,155,155,0.1925613572129195,0.1925613572129195,0.1925613572129195,0.1925613572129195,0.1925613572129195,0.1925613572129195,0.1925613572129195,0.1925613572129195,0.1925613572129195,0.1925613572129195,1.000000229403845,0.1130211731078662,0.137653658969074,0.2305787545530559,0.0365520893476393,0.0355641983615209,0.5368973514589312,0.0422800568417805,0.0476968986893633,0.0451421975505261,-0.0027486336466708,-0.0036754733837951,735.0,0.0,0.0146175265289446,0.6015984339091843,0.2248147000656325,0.0048262758819638,0.3750287433963313,0.2741317771676971,0.6827360577876453,0.2977948399612876,0.3676598657762004,0.7239127119229027,100000,30,10,0.1,1.0,0.1,0,9,0.001,1e-06,0.001,1e-07,1.0,1e-07,adamax,0,0.0,disordered,1,0.1950480590798516,0 days 02:36:32.165057,0.0027487494273654,3.550572815866191,3.1758628027164466,1.0
156,156,156,156,156,0.3334618015786361,0.3334618015786361,0.3334618015786361,0.3334618015786361,0.3334618015786361,0.3334618015786361,0.3334618015786361,0.3334618015786361,0.3334618015786361,0.3334618015786361,0.3208846426705911,0.1090832296568835,0.4366286646935524,0.9753550870931196,0.9980096278950624,0.9708342962247012,0.109591851830532,1.000484898537103,0.1093486185738325,0.1106985133160577,-0.0016832500735863,-0.0020939834246652,487.0,0.0,0.6741544028160474,0.1607312564006348,0.5868115455253371,0.9328341831477888,0.9093519296579587,0.8493826043383815,0.2820135684768482,0.9595891417266345,0.1996494980015776,0.4018801330862289,100000,30,10,0.1,1.0,0.1,0,9,0.001,1e-06,0.001,1e-07,1.0,1e-07,adamax,0,0.0,disordered,1,0.330577607895303,0 days 02:36:32.165057,0.0016832753529751,3.6845171690326577,3.28859442384302,1.0
157,157,157,157,157,0.2659804395593755,0.2659804395593755,0.2659804395593755,0.2659804395593755,0.2659804395593755,0.2659804395593755,0.2659804395593755,0.2659804395593755,0.2659804395593755,0.2659804395593755,1.000359126067491,0.3955263038442972,0.0699462156370082,0.0688152467315288,0.1631914739366421,0.8430207840433622,0.1192925030281941,0.0728624632754471,0.4529913770700793,0.1272791251286097,-0.0021607598355359,-0.0024394076990206,594.0,0.0,0.1141341583754927,0.5656113337886529,0.7226522394674271,0.6876340767555652,0.007187578936125,0.98246869559216,0.310009802920434,0.7413852582866136,0.9266026353270806,0.7801669171634159,100000,30,10,0.1,1.0,0.1,0,9,0.001,1e-06,0.001,1e-07,1.0,1e-07,adamax,0,0.0,disordered,1,0.2620421477456958,0 days 02:36:32.165057,0.0021608924720895,3.327361109523181,3.1551283852537577,1.0
158,158,158,158,158,0.1692220351641034,0.1692220351641034,0.1692220351641034,0.1692220351641034,0.1692220351641034,0.1692220351641034,0.1692220351641034,0.1692220351641034,0.1692220351641034,0.1692220351641034,0.7936919548868491,0.6100238827747806,0.8852237632775289,0.5757555105099038,9.220154601421188e-07,4.706355824976777e-05,1.8606120895840208e-07,8.869352765394779e-07,8.266498149198644e-07,5.046605368598908e-06,-0.0028928034776879,-0.004638986328734,8213.0,1.0,0.5232404430410416,0.5386586716387549,0.1437732186149335,0.3820729563996142,0.8225019757503876,0.6811834984210781,0.6635233381008597,0.6814304294317084,0.34954178502582,0.9802030403849948,100000,30,10,0.1,1.0,0.1,0,9,0.001,1e-06,0.001,1e-07,1.0,1e-07,adamax,0,0.0,disordered,1,0.1695379477123521,0 days 02:36:32.165057,0.0028928076404675,3.2254237809065005,3.308720913766101,1.0
159,159,159,159,159,0.3673924781802071,0.3673924781802071,0.3673924781802071,0.3673924781802071,0.3673924781802071,0.3673924781802071,0.3673924781802071,0.3673924781802071,0.3673924781802071,0.3673924781802071,0.2014880702094136,0.13601296297636,0.7792639574454101,0.1341162003654182,1.0010250475746647,0.3749405757952187,0.1667582355051206,0.1342663579533108,0.907464319407146,0.2462705960604071,-0.0015036462087787,-0.0017421750194941,441.0,0.0,0.3362982768544122,0.1871303691083415,0.668718141104379,0.1691920119746617,0.9752731285769424,0.575521730097716,0.1201417383412377,0.0236185122231495,0.6012062097735446,0.0421495147407849,100000,30,10,0.1,1.0,0.1,0,9,0.001,1e-06,0.001,1e-07,1.0,1e-07,adamax,0,0.0,disordered,1,0.371406852888384,0 days 02:36:32.165057,0.001503673335951,3.417461951510369,3.379591541125322,1.0
160,160,160,160,160,0.3794532847236936,0.3794532847236936,0.3794532847236936,0.3794532847236936,0.3794532847236936,0.3794532847236936,0.3794532847236936,0.3794532847236936,0.3794532847236936,0.3794532847236936,0.1674345409672594,0.7453811699909408,0.70515405931845,0.632520144519655,0.1418641703064828,0.9968434419962426,0.5163785657946295,1.0003039691643456,0.149809182466147,0.1802056511745429,-0.0014621416912341,-0.0016539688625973,430.0,0.0,0.0524429278030924,0.4124428301893003,0.4482890215201537,0.8289626115560034,0.1293951612755517,0.8683324006829127,0.4050021225416482,0.852980275804317,0.1513459287390148,0.0480696667768623,100000,30,10,0.1,1.0,0.1,0,9,0.001,1e-06,0.001,1e-07,1.0,1e-07,adamax,0,0.0,disordered,1,0.377686886698284,0 days 02:36:32.165057,0.0014621492237337,3.5356545173285405,3.2481036954705083,1.0
161,161,161,161,161,0.0395543624473469,0.0395543624473469,0.0395543624473469,0.0395543624473469,0.0395543624473469,0.0395543624473469,0.0395543624473469,0.0395543624473469,0.0395543624473469,0.0395543624473469,0.1077912864803207,0.0813094647996528,0.0098615607476003,0.0023034438657077,1.0001426529595898,0.1049078648471461,0.0358369942082098,0.0031152232199484,0.0022081216284538,0.0033397346942001,-0.0033813695156732,-0.0043745557653735,1414.0,0.0,0.4358259875344775,0.2156529926634499,0.4782527400504889,0.8201964792407497,0.8854287803570929,0.0868148262342157,0.2570898639873892,0.3048608686626178,0.1743675687195556,0.4670284280399481,100000,30,10,0.1,1.0,0.1,0,9,0.001,1e-06,0.001,1e-07,1.0,1e-07,adamax,0,0.0,disordered,1,0.0391871769832145,0 days 02:36:32.165057,0.0033814124929776,3.988005491471606,4.014622228110834,1.0
162,162,162,162,162,0.2337423870891811,0.2337423870891811,0.2337423870891811,0.2337423870891811,0.2337423870891811,0.2337423870891811,0.2337423870891811,0.2337423870891811,0.2337423870891811,0.2337423870891811,0.9590564250735965,0.0370293381194777,0.4542845067324148,0.4838273126350545,0.4470448597010331,0.0001030304129597,0.4024315593129982,0.2972085667901976,0.0001572648697154,7.659283484064293e-05,-0.0022844723891653,-0.0026597651481252,7227.0,1.0,0.0535861127015699,0.197278859615948,0.065128392987102,0.4569324761981242,0.9399879068391092,0.1531331495662983,0.8871418143478639,0.3157644446371223,0.7471306209072098,0.8426267670549912,100000,30,10,0.1,1.0,0.1,0,9,0.001,1e-06,0.001,1e-07,1.0,1e-07,adamax,0,0.0,disordered,1,0.2314987295202932,0 days 02:36:32.165057,0.0022845299614795,3.177677650470497,3.0818204407676784,1.0
163,163,163,163,163,0.3026648059395688,0.3026648059395688,0.3026648059395688,0.3026648059395688,0.3026648059395688,0.3026648059395688,0.3026648059395688,0.3026648059395688,0.3026648059395688,0.3026648059395688,0.0942093215481872,0.9820845086157354,0.1920597000809005,1.001769447787343,0.8678161966961486,0.0926560834992035,0.1123554713964241,0.0967700508705841,0.2672064489544025,0.3941640471563158,-0.0018982431591904,-0.0021026228374603,521.0,0.0,0.6050421877711433,0.7192556857432617,0.6321210957287544,0.930584437182522,0.77873739577466,0.4202621431901127,0.2909495185500346,0.1568346606596754,0.5121337977031166,0.2291368689240009,100000,30,10,0.1,1.0,0.1,0,9,0.001,1e-06,0.001,1e-07,1.0,1e-07,adamax,0,0.0,disordered,1,0.3030353620785591,0 days 02:36:32.165057,0.0018982434510823,3.436734159826764,3.146216820037607,1.0
164,164,164,164,164,0.4180637241455754,0.4180637241455754,0.4180637241455754,0.4180637241455754,0.4180637241455754,0.4180637241455754,0.4180637241455754,0.4180637241455754,0.4180637241455754,0.4180637241455754,1.0001900169122122,0.3112652266767499,0.17292631991326,0.1713397366934093,0.3806588420924566,0.1719048531205849,0.2041128802593293,0.1758645926349505,0.1731736276339663,0.849749841678632,-0.0015436252304898,-0.0017048430371754,386.0,0.0,0.2348572092197005,0.8820484141316075,0.6997460033703966,0.5394646261123279,0.8431326722381455,0.5253805104147993,0.3944293509038648,0.6855071109125144,0.6087880351081263,0.2085078479663953,100000,30,10,0.1,1.0,0.1,0,9,0.001,1e-06,0.001,1e-07,1.0,1e-07,adamax,0,0.0,disordered,1,0.4129936290929296,0 days 02:36:32.165057,0.0015436891724618,3.064581055096788,3.1743490198119733,1.0
165,165,165,165,165,0.2747120789270809,0.2747120789270809,0.2747120789270809,0.2747120789270809,0.2747120789270809,0.2747120789270809,0.2747120789270809,0.2747120789270809,0.2747120789270809,0.2747120789270809,0.5288617622576753,0.1126471904329652,0.1104427673050072,0.7267526796388558,0.0738865250989793,0.8772057581914381,1.00186877510398,0.0732689040771248,0.1191667344828688,0.0749175770524211,-0.0020297741019649,-0.0024935769971969,572.0,0.0,0.3185811314592214,0.5609879301131608,0.2186413794508285,0.9168829225602444,0.0443029206182613,0.8763618463029645,0.9799138945563578,0.6152402498943469,0.2118946172780164,0.8097544677218037,100000,30,10,0.1,1.0,0.1,0,9,0.001,1e-06,0.001,1e-07,1.0,1e-07,adamax,0,0.0,disordered,1,0.2769470405793794,0 days 02:36:32.165057,0.0020298088627282,3.716406743614269,3.3375045669179797,1.0
166,166,166,166,166,0.3557150206821382,0.3557150206821382,0.3557150206821382,0.3557150206821382,0.3557150206821382,0.3557150206821382,0.3557150206821382,0.3557150206821382,0.3557150206821382,0.3557150206821382,0.4148577260820926,0.1390821967343611,0.1302303825472151,0.1199757116563702,1.000027392692479,0.1213526696424397,0.1217467861499888,0.8052240375281249,0.6501849262501003,0.2589000446811934,-0.0016121361024529,-0.0017813503989968,473.0,0.0,0.4413341943052026,0.7124486303836971,0.3226652389525126,0.2214514698981701,0.9542381762038586,0.0757471606529122,0.0580890142398927,0.7827809055843171,0.7755035132004612,0.311476070621168,100000,30,10,0.1,1.0,0.1,0,9,0.001,1e-06,0.001,1e-07,1.0,1e-07,adamax,0,0.0,disordered,1,0.3546654457043541,0 days 02:36:32.165057,0.0016121385275549,3.5021262006769875,3.4539566954664047,1.0
167,167,167,167,167,0.2837303616516209,0.2837303616516209,0.2837303616516209,0.2837303616516209,0.2837303616516209,0.2837303616516209,0.2837303616516209,0.2837303616516209,0.2837303616516209,0.2837303616516209,0.2342284180683653,0.5695477087112086,0.4459277056242763,0.7015093432640247,0.0949486420991356,1.002136892506594,0.0799937227790267,0.7816569433320164,0.0803564827813291,0.0809615224907732,-0.0019566351929724,-0.0024085208086597,547.0,0.0,0.3740591998252107,0.6879268482728742,0.5997951354240146,0.6484783877139965,0.4353325034398152,0.9802432834230916,0.1479879525046613,0.6317385122222028,0.2061123790086017,0.3348588103989253,100000,30,10,0.1,1.0,0.1,0,9,0.001,1e-06,0.001,1e-07,1.0,1e-07,adamax,0,0.0,disordered,1,0.2865668850554965,0 days 02:36:32.165057,0.0019566799899643,3.4934786011729058,3.2486492503943176,1.0
168,168,168,168,168,0.1925613572129195,0.1925613572129195,0.1925613572129195,0.1925613572129195,0.1925613572129195,0.1925613572129195,0.1925613572129195,0.1925613572129195,0.1925613572129195,0.1925613572129195,0.8773810655011351,0.4733728798360517,0.0729525362268634,0.0168652042039836,1.0004731744150477,0.0226164708056625,0.9929061233409172,0.1004229033955012,0.0368527624318978,0.0235592470967262,-0.0026721974964481,-0.0032788884994941,1197.0,0.0,0.2975240377828509,0.8251332946474925,0.5799405734400951,0.3307931135673814,0.5355832957790975,0.4612390833904831,0.5441377875523028,0.2375414068801772,0.3740625086331685,0.4584177799823629,100000,30,10,0.1,1.0,0.1,0,9,0.001,1e-06,0.001,1e-07,1.0,1e-07,adamax,0,0.0,disordered,1,0.1939183630604184,0 days 02:36:32.165057,0.0026722236425445,3.2319421926948078,3.0715624790398244,1.0
169,169,169,169,169,0.2493409369951876,0.2493409369951876,0.2493409369951876,0.2493409369951876,0.2493409369951876,0.2493409369951876,0.2493409369951876,0.2493409369951876,0.2493409369951876,0.2493409369951876,0.3062229190503571,0.2946382924872213,1.0002636437487626,0.0621253352323416,0.98858574438394,0.0722683602311077,0.0618262275966976,0.9951540588647004,0.0688821985361928,0.0625147757833599,-0.0021602497410019,-0.002827490761632,606.0,0.0,0.0831945352188586,0.0143439525158265,0.5936357353255101,0.2070699824562814,0.8021815598294975,0.0250590579178283,0.2232035242133819,0.629867870135683,0.1319975124791029,0.4207087845975831,100000,30,10,0.1,1.0,0.1,0,9,0.001,1e-06,0.001,1e-07,1.0,1e-07,adamax,0,0.0,disordered,1,0.2493747952103853,0 days 02:36:32.165057,0.0021602497573136,3.4490891970546915,3.348569142507337,1.0
170,170,170,170,170,0.2493409369951876,0.2493409369951876,0.2493409369951876,0.2493409369951876,0.2493409369951876,0.2493409369951876,0.2493409369951876,0.2493409369951876,0.2493409369951876,0.2493409369951876,0.2941117673597544,0.0589889076704974,0.1263817035670235,1.0001021471851723,0.0451543875376283,0.0311251920373337,0.954647248172946,0.1233628524187389,0.466548461471818,0.0507545687640529,-0.0021643846967319,-0.0023590341943311,968.0,0.0,0.2982748638429793,0.2685307756252719,0.2349098781636482,0.9759423060107242,0.3196653215726728,0.1178753135315892,0.9152367962235946,0.1583504969113206,0.7366984727215286,0.6588236811461464,100000,30,10,0.1,1.0,0.1,0,9,0.001,1e-06,0.001,1e-07,1.0,1e-07,adamax,0,0.0,disordered,1,0.2469260293779487,0 days 02:36:32.165057,0.0021644359029522,3.343959746188629,3.2682064206871804,1.0
171,171,171,171,171,0.2054117348353061,0.2054117348353061,0.2054117348353061,0.2054117348353061,0.2054117348353061,0.2054117348353061,0.2054117348353061,0.2054117348353061,0.2054117348353061,0.2054117348353061,0.217323689053051,0.2216666398809328,0.0441058891003742,0.0474952178818825,0.4941462816430112,0.0450434281070137,0.0540705434522103,1.0005999115291753,0.0844849240628022,0.0893920909555026,-0.0023077471751365,-0.0027897025330228,688.0,0.0,0.7176553027169862,0.7733546933724372,0.1803030141992587,0.0373033824959746,0.430733016562524,0.4448800669236115,0.2366174382110738,0.8100134516481061,0.1090222125241248,0.4975099164328231,100000,30,10,0.1,1.0,0.1,0,9,0.001,1e-06,0.001,1e-07,1.0,1e-07,adamax,0,0.0,disordered,1,0.2054461033787126,0 days 02:36:32.165057,0.0023077471349571,3.595024991809036,3.5638177841871133,1.0
172,172,172,172,172,0.4757236139187886,0.4757236139187886,0.4757236139187886,0.4757236139187886,0.4757236139187886,0.4757236139187886,0.4757236139187886,0.4757236139187886,0.4757236139187886,0.4757236139187886,0.2189281569535454,0.2762497465195467,1.0016641739987686,0.2170428674260147,0.2175071083518088,0.2431292597825188,0.2174830170015191,0.2186077223462524,0.3187176334213853,0.9274759768940108,-0.0014411094233922,-0.0015938771893279,339.0,0.0,0.5284651505940233,0.0093609338845411,0.8109055433193368,0.3581794790344946,0.4580439539978584,0.1608263990130709,0.3991063375864195,0.4525286946393249,0.6023069119094718,0.035474026553562,100000,30,10,0.1,1.0,0.1,0,9,0.001,1e-06,0.001,1e-07,1.0,1e-07,adamax,0,0.0,disordered,1,0.4830523102788708,0 days 02:36:32.165057,0.0014412211791607,3.3981563096613248,3.370364263917963,1.0
173,173,173,173,173,0.1586356533508587,0.1586356533508587,0.1586356533508587,0.1586356533508587,0.1586356533508587,0.1586356533508587,0.1586356533508587,0.1586356533508587,0.1586356533508587,0.1586356533508587,1.0007738196674791,0.676420949686218,0.0432382995578987,0.0347787661549368,0.0693519889689445,0.0381765017776511,0.1124593594777232,0.0241153764051733,0.0271467235165024,0.0515794928876059,-0.0027274010078522,-0.003488430643486,840.0,0.0,0.4274371712514283,0.4890100407897844,0.952522855058305,0.5957157030603453,0.6857109384559829,0.4401872814632463,0.4937840073436988,0.9825465245862512,0.4150828601514071,0.9937436869423648,100000,30,10,0.1,1.0,0.1,0,9,0.001,1e-06,0.001,1e-07,1.0,1e-07,adamax,0,0.0,disordered,1,0.1585204339080974,0 days 02:36:32.165057,0.0027274010080997,3.2512653192843177,3.210322272196658,1.0
174,174,174,174,174,0.2054117348353061,0.2054117348353061,0.2054117348353061,0.2054117348353061,0.2054117348353061,0.2054117348353061,0.2054117348353061,0.2054117348353061,0.2054117348353061,0.2054117348353061,1.000037512727899,0.0463883954945385,0.0602585132853419,0.002062027908957,0.0047264468863397,0.2165494105497489,0.0038374719319677,0.0487360737396633,0.0148083970988438,0.4137839329401174,-0.0024420932666037,-0.0028025201021699,2203.0,0.0,0.6094596160979363,0.9163674550166016,0.5768442817305188,0.8217032618458111,0.8222158042742835,0.3857264901761283,0.3292363001418678,0.9395865128303924,0.3293178926786093,0.783446533920661,100000,30,10,0.1,1.0,0.1,0,9,0.001,1e-06,0.001,1e-07,1.0,1e-07,adamax,0,0.0,disordered,1,0.2028610440625254,0 days 02:36:32.165057,0.0024421692152603,2.9016230792503093,3.2208917054234463,1.0
175,175,175,175,175,0.2337423870891811,0.2337423870891811,0.2337423870891811,0.2337423870891811,0.2337423870891811,0.2337423870891811,0.2337423870891811,0.2337423870891811,0.2337423870891811,0.2337423870891811,0.8602182335818802,0.2236393012192157,0.2688234869952082,0.3208696920529364,0.3961893633897517,1.0007555021790322,0.0547187326503524,0.0617361211445102,0.0649382396607401,0.053146335348127,-0.0024792532965491,-0.0032953042943462,646.0,0.0,0.1774196680395805,0.4891163999656509,0.3778665678222679,0.2759589605081787,0.2380782979215288,0.96516904812237,0.6688371881424954,0.4650183949765281,0.5728452462119683,0.8455036735849303,100000,30,10,0.1,1.0,0.1,0,9,0.001,1e-06,0.001,1e-07,1.0,1e-07,adamax,0,0.0,disordered,1,0.2348047945006867,0 days 02:36:32.165057,0.0024792669963495,3.422359996615961,3.270595554143355,1.0
176,176,176,176,176,0.1692220351641034,0.1692220351641034,0.1692220351641034,0.1692220351641034,0.1692220351641034,0.1692220351641034,0.1692220351641034,0.1692220351641034,0.1692220351641034,0.1692220351641034,0.1089988425136248,0.0305936149479066,0.0289475006191653,1.0000835768164134,0.6176450374762553,0.7020961580885438,0.0291591521622877,0.02847374532846,0.028179621600962,0.0283027251441627,-0.0025912503079617,-0.0036605251833565,776.0,0.0,0.6768301855369802,0.128394532188094,0.2108679393843456,0.8913321666978421,0.5576828798014435,0.5904742904835077,0.1629920281794145,0.1370148768163365,0.2166959455232863,0.3254470036324582,100000,30,10,0.1,1.0,0.1,0,9,0.001,1e-06,0.001,1e-07,1.0,1e-07,adamax,0,0.0,disordered,1,0.1673465129922002,0 days 02:36:32.165057,0.0025912976097012,3.738745514222557,3.46112364555275,1.0
177,177,177,177,177,0.4606028844202398,0.4606028844202398,0.4606028844202398,0.4606028844202398,0.4606028844202398,0.4606028844202398,0.4606028844202398,0.4606028844202398,0.4606028844202398,0.4606028844202398,0.293065588342649,0.2825621514709595,0.2136747413942014,0.2099589625702035,0.2104485377871144,1.00154923914012,0.2382091730741342,0.2139308790938098,0.3036297229715748,0.8530143167476936,-0.0014412890264808,-0.0015785742054243,339.0,0.0,0.5589067116449552,0.3724356813618187,0.6775240946536062,0.4312975026180609,0.5143280187607449,0.9518875125215324,0.0422314303022974,0.6368393993461833,0.73620322449266,0.1801180898408009,100000,30,10,0.1,1.0,0.1,0,9,0.001,1e-06,0.001,1e-07,1.0,1e-07,adamax,0,0.0,disordered,1,0.4582732303065557,0 days 02:36:32.165057,0.0014412984617639,3.321355967184538,3.349074052069649,1.0
178,178,178,178,178,0.0160106446131831,0.0160106446131831,0.0160106446131831,0.0160106446131831,0.0160106446131831,0.0160106446131831,0.0160106446131831,0.0160106446131831,0.0160106446131831,0.0160106446131831,0.0357227884363742,0.0331606829414018,2.906698882096612e-06,1.947190621156764e-06,0.0355600076849077,2.570145729234356e-06,0.0642670245983174,4.050755234129916e-06,1.595985977329188e-06,2.417511799585964e-06,-0.0055550275036347,-0.0061730418830576,7207.0,1.0,0.8605060156171978,0.1228417003009307,0.8087761926475169,0.1927105408106034,0.4263224339622773,0.3955381334147549,0.5723300230934486,0.6346187417687575,0.0404595103490741,0.814818387646713,100000,30,10,0.1,1.0,0.1,0,9,0.001,1e-06,0.001,1e-07,1.0,1e-07,adamax,0,0.0,disordered,1,0.0161127170796127,0 days 02:36:32.165057,0.0055550400804583,3.933091708966597,3.91960629968666,1.0
179,179,179,179,179,0.6786773050723283,0.6786773050723283,0.6786773050723283,0.6786773050723283,0.6786773050723283,0.6786773050723283,0.6786773050723283,0.6786773050723283,0.6786773050723283,0.6786773050723283,0.4898620333018658,0.434817526350208,0.4475261709571586,0.4398253014700525,0.4635245434852812,0.4186187708650432,0.420216450663571,0.4210345064167168,0.7619697076076397,1.000106717469079,-0.00110194116746,-0.0011714639335223,209.0,0.0,0.5264111815609723,0.91849143804291,0.1689751393360372,0.4443163223170702,0.9554762399933886,0.6346789436606832,0.5071377741957223,0.470279083869187,0.9150857305175504,0.0077227771562485,100000,30,10,0.1,1.0,0.1,0,9,0.001,1e-06,0.001,1e-07,1.0,1e-07,adamax,0,0.0,disordered,1,0.6765187867778764,0 days 02:36:32.165057,0.0011019454294709,3.3024362968672056,3.380011338922128,1.0
180,180,180,180,180,0.3444087275973819,0.3444087275973819,0.3444087275973819,0.3444087275973819,0.3444087275973819,0.3444087275973819,0.3444087275973819,0.3444087275973819,0.3444087275973819,0.3444087275973819,4.926161549363462e-06,0.0011962399155489,2.94454231310306e-06,0.0039395916316284,2.296138726230573e-06,1.830250676190242e-06,4.044744923985628e-06,4.096743729184158e-06,0.5715215963327859,0.4910997412323122,-0.0017614355947479,-0.002486195179466,7500.0,1.0,0.9905345325286374,0.4708746949087971,0.8217513147384797,0.4833469202236423,0.8269340621207426,0.0984383469262281,0.4256807315757339,0.770104221625241,0.996373483546578,0.5131814983831814,100000,30,10,0.1,1.0,0.1,0,9,0.001,1e-06,0.001,1e-07,1.0,1e-07,adamax,0,0.0,disordered,1,0.3429404430806032,0 days 02:36:32.165057,0.0017614441085108,2.8002958826857136,3.523931998245967,1.0
181,181,181,181,181,0.3444087275973819,0.3444087275973819,0.3444087275973819,0.3444087275973819,0.3444087275973819,0.3444087275973819,0.3444087275973819,0.3444087275973819,0.3444087275973819,0.3444087275973819,1.000888512897156,0.2952533416437266,0.120133310913575,0.1180192447224561,0.1179531409706529,0.1183610309247747,0.1196250858760329,0.902747632953638,0.8566978323882576,0.1181331859628063,-0.0018502370646791,-0.0021573150766991,468.0,0.0,0.0743252973503707,0.7475382834694912,0.6482748545633997,0.1496609131895748,0.2096219217272472,0.5019083405080652,0.1662058939666842,0.9165163716026364,0.9907703113194848,0.7523977700633425,100000,30,10,0.1,1.0,0.1,0,9,0.001,1e-06,0.001,1e-07,1.0,1e-07,adamax,0,0.0,disordered,1,0.345862066403904,0 days 02:36:32.165057,0.0018502460858111,3.6024296312545987,3.361981628677541,1.0
182,182,182,182,182,0.31260072430687,0.31260072430687,0.31260072430687,0.31260072430687,0.31260072430687,0.31260072430687,0.31260072430687,0.31260072430687,0.31260072430687,0.31260072430687,0.0970163799040503,0.101486191466312,0.0977543748962863,0.2198834474983446,1.000699194840755,0.2908453176402257,0.2312393229308394,0.0982706271426237,0.7359096293418456,0.1756581115425574,-0.0017300003781885,-0.0019836464782954,506.0,0.0,0.8439922733623291,0.3312196221219013,0.1066804343937446,0.7290186157281227,0.7939751161719123,0.6947801346813404,0.177051440159458,0.0266906115312945,0.5545568602357631,0.1499206963694241,100000,30,10,0.1,1.0,0.1,0,9,0.001,1e-06,0.001,1e-07,1.0,1e-07,adamax,0,0.0,disordered,1,0.3169882676161569,0 days 02:36:32.165057,0.0017300615042066,3.4982093624192987,3.378939093243496,1.0
183,183,183,183,183,0.2263129568399526,0.2263129568399526,0.2263129568399526,0.2263129568399526,0.2263129568399526,0.2263129568399526,0.2263129568399526,0.2263129568399526,0.2263129568399526,0.2263129568399526,0.6373805471694821,0.1693931096422132,0.2457268049425957,0.9004944068428475,0.0930989004948755,0.0990567391417993,1.0008413493433168,0.0514303860010882,0.0570681119316045,0.0507997234004434,-0.0023061269287676,-0.0031255938407636,651.0,0.0,0.294693182079087,0.4764056245886261,0.2509043791169674,0.932818986572725,0.3214092379050743,0.5609602809118995,0.9729887653335408,0.6708927172949258,0.3857643810724636,0.7530443630890749,100000,30,10,0.1,1.0,0.1,0,9,0.001,1e-06,0.001,1e-07,1.0,1e-07,adamax,0,0.0,disordered,1,0.2295653057278135,0 days 02:36:32.165057,0.0023062266069629,3.3014813483856145,3.215793794528603,1.0
184,184,184,184,184,0.4317879727332019,0.4317879727332019,0.4317879727332019,0.4317879727332019,0.4317879727332019,0.4317879727332019,0.4317879727332019,0.4317879727332019,0.4317879727332019,0.4317879727332019,1.0001188728781272,0.8375788602581127,0.8676780855104737,0.1499883325652004,0.0795901872232588,0.0747479988745471,0.0770068819922195,0.0878163902962653,0.5242340067792853,0.6260963466983758,-0.0015609772386245,-0.0016598925615596,834.0,0.0,0.193543124298731,0.103977241662804,0.038779099627476,0.6678087656439216,0.657988078578443,0.670959148799725,0.6733965454081345,0.5827774663664507,0.9417557313138412,0.4598379478447295,100000,30,10,0.1,1.0,0.1,0,9,0.001,1e-06,0.001,1e-07,1.0,1e-07,adamax,0,0.0,disordered,1,0.4341074289179941,0 days 02:36:32.165057,0.0015609892813847,2.928340205529325,3.192772967725282,1.0
185,185,185,185,185,0.4317879727332019,0.4317879727332019,0.4317879727332019,0.4317879727332019,0.4317879727332019,0.4317879727332019,0.4317879727332019,0.4317879727332019,0.4317879727332019,0.4317879727332019,0.7309896339841313,0.2884569753918621,0.2513006642885284,0.3082275259601006,0.0944143632430503,0.2062625435036021,0.0540051570693845,1.0016241732059197,0.7987883191237805,0.3249256598586801,-0.0015612520428003,-0.0016632801059232,1043.0,0.0,0.1233252313945793,0.2499942574141122,0.4083691459001147,0.6123203267135688,0.3577362877443939,0.4357099077651283,0.2935833985092709,0.7277334408157906,0.845134155030783,0.338783613064323,100000,30,10,0.1,1.0,0.1,0,9,0.001,1e-06,0.001,1e-07,1.0,1e-07,adamax,0,0.0,disordered,1,0.4369650135518163,0 days 02:36:32.165057,0.0015613162862345,3.1164080462319563,3.202787209301807,1.0
186,186,186,186,186,0.1747772774464678,0.1747772774464678,0.1747772774464678,0.1747772774464678,0.1747772774464678,0.1747772774464678,0.1747772774464678,0.1747772774464678,0.1747772774464678,0.1747772774464678,0.0313823815119424,0.0406518995994252,1.001536633000343,0.0710768824693635,0.2719018301763901,0.0315330689448888,0.0411577169868664,0.0353620894000352,0.0485046871687097,0.3038901887418413,-0.002357492979638,-0.002792941435843,757.0,0.0,0.8003503170635864,0.1970847602580898,0.9749271752625236,0.356152860257068,0.6614055922360822,0.6022105897609114,0.0821534229842885,0.5858340924685699,0.0466246723891885,0.4855800778680106,100000,30,10,0.1,1.0,0.1,0,9,0.001,1e-06,0.001,1e-07,1.0,1e-07,adamax,0,0.0,disordered,1,0.1724267718115658,0 days 02:36:32.165057,0.0023575478039286,3.3919258920538238,3.3693089113744006,1.0
187,187,187,187,187,0.4180637241455754,0.4180637241455754,0.4180637241455754,0.4180637241455754,0.4180637241455754,0.4180637241455754,0.4180637241455754,0.4180637241455754,0.4180637241455754,0.4180637241455754,0.3330045523689737,0.5754752631643166,0.0908454298089855,0.3945176492986431,0.0595628041342612,0.0906567869992813,0.0417902876033343,0.0689803624369732,0.1455610835152615,1.000251285158309,-0.0015240245311177,-0.0017088988708468,1080.0,0.0,0.5371882984053611,0.951997611074012,0.182133745387985,0.0485946351976115,0.6269918487949945,0.3099575823858593,0.5502766895860995,0.2555058305220564,0.690354676478183,0.1258208526893879,100000,30,10,0.1,1.0,0.1,0,9,0.001,1e-06,0.001,1e-07,1.0,1e-07,adamax,0,0.0,disordered,1,0.421360199351422,0 days 02:36:32.165057,0.0015240469006172,3.3543266763411625,3.4075838278195465,1.0
188,188,188,188,188,0.1349772330233939,0.1349772330233939,0.1349772330233939,0.1349772330233939,0.1349772330233939,0.1349772330233939,0.1349772330233939,0.1349772330233939,0.1349772330233939,0.1349772330233939,0.8419683301947866,0.2129322688600819,0.0787414737510036,0.0203975173975788,1.0011161809809692,0.0175402614875801,0.0352412218365692,0.0382081286091959,0.0240835615789704,0.0209790933455715,-0.0033421842759051,-0.0042450880844333,952.0,0.0,0.5118869253857486,0.7715420836198362,0.892247253863254,0.3278519753616105,0.5487013173130514,0.9531344850851424,0.1384454988354615,0.830214191649277,0.7327395107432352,0.9660335288182658,100000,30,10,0.1,1.0,0.1,0,9,0.001,1e-06,0.001,1e-07,1.0,1e-07,adamax,0,0.0,disordered,1,0.1333521101320005,0 days 02:36:32.165057,0.0033423071226542,3.028284961062858,3.021277680985864,1.0
189,189,189,189,189,0.2837303616516209,0.2837303616516209,0.2837303616516209,0.2837303616516209,0.2837303616516209,0.2837303616516209,0.2837303616516209,0.2837303616516209,0.2837303616516209,0.2837303616516209,0.5028114713333474,0.1569377835603306,9.998424365473545e-08,1.1635574869829833e-07,1.6843267306567757e-07,1.570543105257743e-07,2.160024479032479e-07,0.0305423874077008,0.3347624253862225,0.5047045252375151,-0.0021345393122485,-0.0024060717159893,15675.0,0.0,0.4885474892180693,0.4552687916562221,0.5453349965360131,0.3611917337246968,0.0583130261082898,0.5685933037770732,0.3898531222958959,0.5053216831123871,0.6995514146566701,0.3938181735900791,100000,30,10,0.1,1.0,0.1,0,9,0.001,1e-06,0.001,1e-07,1.0,1e-07,adamax,0,0.0,disordered,1,0.2822162995636316,0 days 02:36:32.165057,0.002134553620743,2.8939940443926178,3.2003253687042807,1.0
190,190,190,190,190,0.2054117348353061,0.2054117348353061,0.2054117348353061,0.2054117348353061,0.2054117348353061,0.2054117348353061,0.2054117348353061,0.2054117348353061,0.2054117348353061,0.2054117348353061,1.0007027676986406,0.3728519453492698,0.0429455398080141,0.1686197034228313,0.0424477098786207,0.0499352876460474,0.0919461662768799,0.1248410002483228,0.1241217048909317,0.1075179427712039,-0.0024108897371911,-0.0029694147898536,687.0,0.0,0.1621186463421164,0.8307599058240421,0.9442078856421376,0.2347843226477063,0.6108236996679951,0.3773559526274866,0.7018834718502762,0.0546730326301002,0.9194034540657708,0.854608348268091,100000,30,10,0.1,1.0,0.1,0,9,0.001,1e-06,0.001,1e-07,1.0,1e-07,adamax,0,0.0,disordered,1,0.2067497164756848,0 days 02:36:32.165057,0.0024109120528764,3.547605207578377,3.3393531356209856,1.0
191,191,191,191,191,0.4757236139187886,0.4757236139187886,0.4757236139187886,0.4757236139187886,0.4757236139187886,0.4757236139187886,0.4757236139187886,0.4757236139187886,0.4757236139187886,0.4757236139187886,1.00048947050988,0.2642123762874471,0.3189675956256126,0.3531017759287064,0.3891134727096624,0.2325961029339194,0.2277830448097717,0.2268927030834328,0.3140677794351586,0.8322706052324047,-0.0014674083687584,-0.0015450921914823,349.0,0.0,0.1387081230046472,0.6410568369788642,0.3306023906468737,0.2100287729330664,0.8474872128226818,0.7529992406443696,0.5771772316266393,0.6204337554211788,0.8697201396394431,0.3413880117550416,100000,30,10,0.1,1.0,0.1,0,9,0.001,1e-06,0.001,1e-07,1.0,1e-07,adamax,0,0.0,disordered,1,0.4727141158556446,0 days 02:36:32.165057,0.001467426280731,3.169093962710496,3.2498389545384185,1.0
192,192,192,192,192,0.2337423870891811,0.2337423870891811,0.2337423870891811,0.2337423870891811,0.2337423870891811,0.2337423870891811,0.2337423870891811,0.2337423870891811,0.2337423870891811,0.2337423870891811,0.2362465139646945,0.2085785187760367,0.0538430403442233,0.0477075395568678,0.0462799987164294,1.000030636970087,0.0482341812473075,0.435631760816262,0.8808991257668757,0.0559880467877485,-0.0024639670857531,-0.0026798452198047,713.0,0.0,0.4930006569675881,0.2293783972850448,0.4531024331903944,0.1709223691586158,0.3456081147054866,0.6432019355210938,0.2766867791863913,0.6528621810348465,0.7971262366886388,0.6295824775477612,100000,30,10,0.1,1.0,0.1,0,9,0.001,1e-06,0.001,1e-07,1.0,1e-07,adamax,0,0.0,disordered,1,0.234398756340912,0 days 02:36:32.165057,0.0024639706377178,3.5336205646190115,3.205346967092775,1.0
193,193,193,193,193,0.2493409369951876,0.2493409369951876,0.2493409369951876,0.2493409369951876,0.2493409369951876,0.2493409369951876,0.2493409369951876,0.2493409369951876,0.2493409369951876,0.2493409369951876,0.590527352120205,0.5045472609319459,0.7229089683369342,0.1129737130780388,1.0000361812931853,0.1424920107507691,0.0580777189984874,0.0788697036061223,0.0923207609643378,0.3131423290457267,-0.0022816316289942,-0.0025065502967534,647.0,0.0,0.46928653969985,0.390735095512803,0.0723702891932622,0.7662354457714627,0.9554555810072084,0.241228705435484,0.6963187340726933,0.60276645076222,0.8127417971322611,0.6830013088815216,100000,30,10,0.1,1.0,0.1,0,9,0.001,1e-06,0.001,1e-07,1.0,1e-07,adamax,0,0.0,disordered,1,0.2501242426650961,0 days 02:36:32.165057,0.0022816366823062,3.243943030593126,3.266325544811377,1.0
194,194,194,194,194,0.1747772774464678,0.1747772774464678,0.1747772774464678,0.1747772774464678,0.1747772774464678,0.1747772774464678,0.1747772774464678,0.1747772774464678,0.1747772774464678,0.1747772774464678,0.7670153256396618,0.549299668550223,0.4543575748788416,0.4696748590169837,0.3277632252642096,0.4647581754799623,0.1279154156456462,9.489954306065845e-06,0.1453816975381987,1.626104795872123e-05,-0.0024624742482248,-0.0030909230684376,7836.0,1.0,0.1960750665428106,0.1349177742162709,0.3368118541359427,0.1861283494682134,0.6023762430226838,0.0878655252270514,0.6752825814993385,0.7853399182255231,0.0413469873262518,0.8872135498661534,100000,30,10,0.1,1.0,0.1,0,9,0.001,1e-06,0.001,1e-07,1.0,1e-07,adamax,0,0.0,disordered,1,0.1737043643422591,0 days 02:36:32.165057,0.0024624983634433,3.123547896859697,3.0381939256751447,1.0
195,195,195,195,195,0.1225113576604118,0.1225113576604118,0.1225113576604118,0.1225113576604118,0.1225113576604118,0.1225113576604118,0.1225113576604118,0.1225113576604118,0.1225113576604118,0.1225113576604118,1.893071552234023e-07,1.7925256126656388e-07,1.207975340796915e-07,1.267516158556711e-07,9.999376782431952e-08,0.0188076025741532,0.0061334699267475,2.0262717887805296e-06,0.6316263874517292,0.1388959352117121,-0.0024858597519072,-0.0038608498674987,9970.0,0.0,0.8203067955127752,0.0426734613804549,0.5476119930948808,0.0276987578582994,0.476849323850059,0.0810706566252456,0.5758752183135014,0.0770917045106102,0.0891812636734423,0.9707655112111976,100000,30,10,0.1,1.0,0.1,0,9,0.001,1e-06,0.001,1e-07,1.0,1e-07,adamax,0,0.0,disordered,1,0.1236567505953023,0 days 02:36:32.165057,0.002485883331094,4.080671241749241,4.215790756190554,1.0
196,196,196,196,196,0.2414157116103015,0.2414157116103015,0.2414157116103015,0.2414157116103015,0.2414157116103015,0.2414157116103015,0.2414157116103015,0.2414157116103015,0.2414157116103015,0.2414157116103015,0.1962989610430885,9.508562097022066e-06,1.0037001546780947e-06,2.276081411186176e-07,3.502456506238255e-07,0.0013899253302315,9.094974686842136e-06,1.906945509280476e-05,0.0944643374598574,0.6537821118449512,-0.0020221630658892,-0.002584601572376,7727.0,1.0,0.8086431747728513,0.6726456573027725,0.7873534174037112,0.2138068606342079,0.1035298872262434,0.3220818050220797,0.7609848968381185,0.7554276132962582,0.7175991955140247,0.4169878110167524,100000,30,10,0.1,1.0,0.1,0,9,0.001,1e-06,0.001,1e-07,1.0,1e-07,adamax,0,0.0,disordered,1,0.2431526902501441,0 days 02:36:32.165057,0.0020221811591861,2.891543998895288,3.387158783576317,1.0
197,197,197,197,197,0.4047756965997318,0.4047756965997318,0.4047756965997318,0.4047756965997318,0.4047756965997318,0.4047756965997318,0.4047756965997318,0.4047756965997318,0.4047756965997318,0.4047756965997318,0.3424418811952006,0.899623122658114,0.9597271888055954,0.1651343710887526,0.9471584563086346,1.0011030954202031,0.9991269562609754,0.1851583302193857,0.1625100138216543,0.1908217122936522,-0.0015156067146391,-0.0018153000541014,396.0,0.0,0.5086903174204658,0.7400016015709628,0.5875236478790725,0.2213090706827494,0.4701230161149549,0.9348430298883496,0.961070735677403,0.0774580871146507,0.1196809759074851,0.0580147337772677,100000,30,10,0.1,1.0,0.1,0,9,0.001,1e-06,0.001,1e-07,1.0,1e-07,adamax,0,0.0,disordered,1,0.4045823814591071,0 days 02:36:32.165057,0.0015156069799773,3.5455553092757244,3.3338203884802886,1.0
198,198,198,198,198,0.596418494584246,0.596418494584246,0.596418494584246,0.596418494584246,0.596418494584246,0.596418494584246,0.596418494584246,0.596418494584246,0.596418494584246,0.596418494584246,0.546272217866762,0.3406425059324725,0.3670682284437813,0.3746473272359727,0.3404324628099405,0.3661316926041303,0.3565454995147525,0.3460824516201138,0.4822726472357668,1.0006431512724614,-0.0011994158104654,-0.0012900002749342,245.0,0.0,0.5053224970285753,0.8981542338510546,0.5149285866757037,0.3326697194301049,0.8811087944470062,0.2414535217964392,0.5495248734337503,0.8854725114915851,0.8715760559548247,0.1321769159494964,100000,30,10,0.1,1.0,0.1,0,9,0.001,1e-06,0.001,1e-07,1.0,1e-07,adamax,0,0.0,disordered,1,0.5974628572824093,0 days 02:36:32.165057,0.001199417729368,3.290798884434543,3.374564603398521,1.0
199,199,199,199,199,0.3919100249433401,0.3919100249433401,0.3919100249433401,0.3919100249433401,0.3919100249433401,0.3919100249433401,0.3919100249433401,0.3919100249433401,0.3919100249433401,0.3919100249433401,1.0000653443557823,0.6273373329403071,0.0641126642314588,0.0576580828497147,0.0573287265369586,0.0943759721661025,0.1137150776759123,0.1060942025985674,0.1099809671587637,0.8802616925800801,-0.0017012681858199,-0.0019053100399799,834.0,0.0,0.3050751526083735,0.4077745572349009,0.7725284557686096,0.686684721711338,0.5367303424045855,0.3768587937652314,0.2869107062612098,0.5824724774589648,0.8038178801135077,0.3512810604683982,100000,30,10,0.1,1.0,0.1,0,9,0.001,1e-06,0.001,1e-07,1.0,1e-07,adamax,0,0.0,disordered,1,0.3862852954154628,0 days 02:36:32.165057,0.0017013684456811,3.228898047945248,3.223333007473294,1.0
200,200,200,200,200,0.1805148879221106,0.1805148879221106,0.1805148879221106,0.1805148879221106,0.1805148879221106,0.1805148879221106,0.1805148879221106,0.1805148879221106,0.1805148879221106,0.1805148879221106,0.6138087543845338,0.6259616818833091,0.4495109927668366,0.4546772173791529,0.3647464640517652,0.0131794457032772,0.1260745905703716,0.2237555859926522,0.6127963259218059,7.660332591882387e-05,-0.0022280139566762,-0.0025554387802983,7017.0,1.0,0.2841725811036992,0.0098014693381194,0.110380666903483,0.1312510297306344,0.4322052618946842,0.7758345101290121,0.4043857509029754,0.1460427398879018,0.1679213699100826,0.952884908736082,100000,30,10,0.1,1.0,0.1,0,9,0.001,1e-06,0.001,1e-07,1.0,1e-07,adamax,0,0.0,disordered,1,0.1797162928447937,0 days 02:36:32.165057,0.0022280229652459,3.5094518147935503,3.3608036831916794,1.0
201,201,201,201,201,0.2121550171362448,0.2121550171362448,0.2121550171362448,0.2121550171362448,0.2121550171362448,0.2121550171362448,0.2121550171362448,0.2121550171362448,0.2121550171362448,0.2121550171362448,0.0545111621586647,0.1791198364070165,0.938580597222165,0.9829295659872463,0.0447087116646818,0.0446398867726558,0.0443231792089462,0.0440474167515222,1.002303586237404,0.0455461157065431,-0.0024973709556406,-0.0034004849705379,682.0,0.0,0.6201842307810612,0.2964785426638304,0.8444660694775874,0.9474444975391232,0.5467043710128199,0.4530432787594874,0.3865609462752719,0.3750887220633633,0.8641334593779851,0.7121169088606202,100000,30,10,0.1,1.0,0.1,0,9,0.001,1e-06,0.001,1e-07,1.0,1e-07,adamax,0,0.0,disordered,1,0.2155093563442607,0 days 02:36:32.165057,0.0024975072215991,3.7646363288046714,3.423472667277879,1.0
202,202,202,202,202,0.31260072430687,0.31260072430687,0.31260072430687,0.31260072430687,0.31260072430687,0.31260072430687,0.31260072430687,0.31260072430687,0.31260072430687,0.31260072430687,0.1002403879333812,0.087268867801626,0.1444519462473471,0.1881349940204441,0.1345894647989053,0.0872622666146584,0.0884123454655725,1.00029565863485,0.0948846011306973,0.6768667620319653,-0.0017643500798388,-0.0020636013300388,552.0,0.0,0.9116187399049344,0.0330861618683887,0.1317100749102014,0.5247398946099376,0.586993413190181,0.4302177437931249,0.5175722149699251,0.901339437787484,0.5628716867420183,0.2620706984769563,100000,30,10,0.1,1.0,0.1,0,9,0.001,1e-06,0.001,1e-07,1.0,1e-07,adamax,0,0.0,disordered,1,0.3126275136536633,0 days 02:36:32.165057,0.0017643500877834,3.572128598295357,3.479447885962857,1.0
203,203,203,203,203,0.2191196687578145,0.2191196687578145,0.2191196687578145,0.2191196687578145,0.2191196687578145,0.2191196687578145,0.2191196687578145,0.2191196687578145,0.2191196687578145,0.2191196687578145,0.04850131468007,0.0608514141687304,0.7397431121539493,0.6066716553640376,0.9740130093033154,1.0013316087764872,0.0475248925914787,0.0482940020226712,0.0490201070657768,0.0677385238610471,-0.0022836157088086,-0.0032100872073791,667.0,0.0,0.4998416118676445,0.2976851522117538,0.6305004038324661,0.5873705253573342,0.7080282063122164,0.9740300030341958,0.4986415638058594,0.0375864993647589,0.4949250184604326,0.5079226609557341,100000,30,10,0.1,1.0,0.1,0,9,0.001,1e-06,0.001,1e-07,1.0,1e-07,adamax,0,0.0,disordered,1,0.2210811572223497,0 days 02:36:32.165057,0.0022836549291309,3.860880992494196,3.3078743686901944,1.0
204,204,204,204,204,0.2837303616516209,0.2837303616516209,0.2837303616516209,0.2837303616516209,0.2837303616516209,0.2837303616516209,0.2837303616516209,0.2837303616516209,0.2837303616516209,0.2837303616516209,0.6254591106082268,0.0151682879405579,0.016447891758121,0.0125581838214359,0.012251787899495,1.000918272560085,0.0277135158409271,0.2592697964772087,0.6246920767335616,0.0256129747782634,-0.0018175963682361,-0.002095312408466,1399.0,0.0,0.7907435523960199,0.9276889739859024,0.1612277039736088,0.8859141379692881,0.1726543840939524,0.5902395946811771,0.0046682064387766,0.8449914787022698,0.412171198620191,0.2167115328242185,100000,30,10,0.1,1.0,0.1,0,9,0.001,1e-06,0.001,1e-07,1.0,1e-07,adamax,0,0.0,disordered,1,0.2859543380979478,0 days 02:36:32.165057,0.0018176242801689,3.2765426758716307,3.328728614646051,1.0
205,205,205,205,205,0.2837303616516209,0.2837303616516209,0.2837303616516209,0.2837303616516209,0.2837303616516209,0.2837303616516209,0.2837303616516209,0.2837303616516209,0.2837303616516209,0.2837303616516209,0.002831067464796,0.0009064402164763,0.0323753586229426,0.0320736947827487,0.0019571009712052,0.0014193003481052,0.0214722932799173,0.0031985238552936,0.0063380473416721,1.0002345089049531,-0.0018733864733772,-0.0023916505807485,2510.0,0.0,0.9461633176947816,0.0858252645518551,0.3519555683948094,0.4662096657402347,0.2641610423199229,0.3577243023289156,0.8439450561857775,0.1966853652975934,0.5568244398237743,0.2123840167638335,100000,30,10,0.1,1.0,0.1,0,9,0.001,1e-06,0.001,1e-07,1.0,1e-07,adamax,0,0.0,disordered,1,0.2841641206591301,0 days 02:36:32.165057,0.0018733876009626,3.421576641903092,3.534745230888598,1.0
206,206,206,206,206,0.4757236139187886,0.4757236139187886,0.4757236139187886,0.4757236139187886,0.4757236139187886,0.4757236139187886,0.4757236139187886,0.4757236139187886,0.4757236139187886,0.4757236139187886,0.1759378540605679,0.2121078800391334,0.2148087406164122,0.1553845694426953,0.1663566928737698,0.2978597983050163,0.1684566063942077,1.0004254886987831,0.1811720124594208,0.9896355939759476,-0.0013931057999213,-0.0015281585942747,560.0,0.0,0.6193251512817038,0.2504078897401338,0.3153846107667606,0.5267904055998419,0.2517950567936714,0.7296339402648715,0.2245900242579696,0.8373230498189689,0.7008026550476931,0.1292264353061747,100000,30,10,0.1,1.0,0.1,0,9,0.001,1e-06,0.001,1e-07,1.0,1e-07,adamax,0,0.0,disordered,1,0.4755425114289911,0 days 02:36:32.165057,0.0013931059559693,3.362802880217488,3.3685522093494886,1.0
207,207,207,207,207,0.1864408533970483,0.1864408533970483,0.1864408533970483,0.1864408533970483,0.1864408533970483,0.1864408533970483,0.1864408533970483,0.1864408533970483,0.1864408533970483,0.1864408533970483,0.0701577247265926,0.0607007167864302,0.1174758127078461,0.1337230781225757,0.8885985749746003,1.0014335024511123,0.0340132632897987,0.0383927570801,0.0556090130650655,0.0347706601868667,-0.0028161527143678,-0.0037612115721891,739.0,0.0,0.5201552343639971,0.0661997105179632,0.1721544722467036,0.312892160296816,0.7078524496291896,0.6182809299151276,0.532032312442629,0.1823636503495314,0.297466122530351,0.6865605756254168,100000,30,10,0.1,1.0,0.1,0,9,0.001,1e-06,0.001,1e-07,1.0,1e-07,adamax,0,0.0,disordered,1,0.1879946664137779,0 days 02:36:32.165057,0.0028161973646271,3.916527094487355,3.4107179649216337,1.0
208,208,208,208,208,0.3444087275973819,0.3444087275973819,0.3444087275973819,0.3444087275973819,0.3444087275973819,0.3444087275973819,0.3444087275973819,0.3444087275973819,0.3444087275973819,0.3444087275973819,0.1189219328123587,0.1181059577156024,0.118452360105559,0.1189459764274293,1.000395380158132,0.1607577602007347,0.9948328964741472,0.118192226118477,0.7207062546511542,0.1318447937615809,-0.0016999683875938,-0.0020266168046756,465.0,0.0,0.490586013515179,0.3226402252012018,0.0690082719759968,0.0460383384738465,0.9243948450781102,0.4160384084032459,0.892642849940053,0.2427364202596078,0.5902893458566169,0.2554925136067161,100000,30,10,0.1,1.0,0.1,0,9,0.001,1e-06,0.001,1e-07,1.0,1e-07,adamax,0,0.0,disordered,1,0.3403751995568121,0 days 02:36:32.165057,0.0017000165737269,3.678720961972416,3.5331203416099504,1.0
209,209,209,209,209,0.3228628202536728,0.3228628202536728,0.3228628202536728,0.3228628202536728,0.3228628202536728,0.3228628202536728,0.3228628202536728,0.3228628202536728,0.3228628202536728,0.3228628202536728,0.1040467324775983,0.1043747212122624,0.1728955006812592,1.0015030703668146,0.1083247386826538,0.1949024691007486,0.4130828098887334,0.7719223093548777,0.1121507009847372,0.1097285511254694,-0.0017675112168927,-0.0019714007508047,493.0,0.0,0.8824369211174049,0.2237432147542696,0.5457548232681747,0.966408500467066,0.7300655008831317,0.55451469704545,0.3642251993788008,0.5299935154653812,0.003964601886879,0.1307005979703461,100000,30,10,0.1,1.0,0.1,0,9,0.001,1e-06,0.001,1e-07,1.0,1e-07,adamax,0,0.0,disordered,1,0.3228385716923153,0 days 02:36:32.165057,0.0017675112233668,3.373170025643262,3.186404771309214,1.0
210,210,210,210,210,0.2337423870891811,0.2337423870891811,0.2337423870891811,0.2337423870891811,0.2337423870891811,0.2337423870891811,0.2337423870891811,0.2337423870891811,0.2337423870891811,0.2337423870891811,0.4662547621214825,0.4960084297147212,0.228750684435131,0.1715010338337715,0.5456874581309642,1.0002815338760571,0.2029079356141675,0.1140889887906317,0.0903922818042542,0.0463499222759234,-0.0023331558190028,-0.0026901908395831,821.0,0.0,0.2790991030065441,0.0468384390791053,0.2382331369006272,0.4210956189228788,0.8581652380491207,0.919041328596542,0.0206468547942875,0.4598981761889207,0.6834911275073907,0.752343177655418,100000,30,10,0.1,1.0,0.1,0,9,0.001,1e-06,0.001,1e-07,1.0,1e-07,adamax,0,0.0,disordered,1,0.2366961616195784,0 days 02:36:32.165057,0.0023332509359099,3.32262572602054,3.266107749951261,1.0
211,211,211,211,211,0.1747772774464678,0.1747772774464678,0.1747772774464678,0.1747772774464678,0.1747772774464678,0.1747772774464678,0.1747772774464678,0.1747772774464678,0.1747772774464678,0.1747772774464678,0.3334367183842667,0.3035991634066147,0.1063648465254503,0.9953081481428048,0.0304895581614507,0.0303504413841466,1.0013035478989831,0.0302266643968187,0.0301951480403676,0.035829728996144,-0.0025879614545769,-0.0040137608122437,762.0,0.0,0.1593110042926907,0.0072366000934332,0.2493808475659444,0.3142001016251147,0.1871628674307952,0.2204804283056316,0.6620003487166186,0.2217289002022189,0.1888468319739497,0.2708439558761873,100000,30,10,0.1,1.0,0.1,0,9,0.001,1e-06,0.001,1e-07,1.0,1e-07,adamax,0,0.0,disordered,1,0.1727247792631003,0 days 02:36:32.165057,0.0025880215175743,2.8286717381480284,3.0808840977637195,1.0
212,212,212,212,212,0.2747120789270809,0.2747120789270809,0.2747120789270809,0.2747120789270809,0.2747120789270809,0.2747120789270809,0.2747120789270809,0.2747120789270809,0.2747120789270809,0.2747120789270809,0.1545192000163743,0.371496611800672,0.1761728988879344,0.8133102924069908,0.8598206754973404,0.238142830772153,1.0006509607140086,0.7360895278108529,0.0747632041880135,0.073051327293422,-0.0020436465812522,-0.0023088411905568,575.0,0.0,0.455397885465194,0.1981833967994051,0.4956181222794322,0.936968986660444,0.8217622708517057,0.7513602717091733,0.9424908823824212,0.9216691367522626,0.5530379528488172,0.6917257743704043,100000,30,10,0.1,1.0,0.1,0,9,0.001,1e-06,0.001,1e-07,1.0,1e-07,adamax,0,0.0,disordered,1,0.2783672761130092,0 days 02:36:32.165057,0.0020437327766421,3.5403996886731486,3.1096978547458773,1.0
213,213,213,213,213,0.293044697697214,0.293044697697214,0.293044697697214,0.293044697697214,0.293044697697214,0.293044697697214,0.293044697697214,0.293044697697214,0.293044697697214,0.293044697697214,0.5270475016509729,0.1102939951918044,1.0023020660772202,0.0860170046071484,0.0861826781871797,0.997894680837206,0.0876598663386289,0.1154912351635983,0.1082156393535317,0.5481016340824681,-0.0018682273943653,-0.002124422554055,535.0,0.0,0.3526787263580574,0.5383261755672814,0.920654969928161,0.5076198694558568,0.4212669136615909,0.6581423117426194,0.4650690107189882,0.0950751511429794,0.3789402569079488,0.1358529711872043,100000,30,10,0.1,1.0,0.1,0,9,0.001,1e-06,0.001,1e-07,1.0,1e-07,adamax,0,0.0,disordered,1,0.2925591370524417,0 days 02:36:32.165057,0.0018682288903084,2.973669314369731,3.107802804112784,1.0
214,214,214,214,214,0.2263129568399526,0.2263129568399526,0.2263129568399526,0.2263129568399526,0.2263129568399526,0.2263129568399526,0.2263129568399526,0.2263129568399526,0.2263129568399526,0.2263129568399526,0.2123790955198043,0.3977364187721406,0.047678721125332,0.0455264750260294,0.0570242361510447,0.0446959733631036,1.0017073933003644,0.0576677945308354,0.0934116641438595,0.3930723374441024,-0.0022902698926169,-0.0025605344137557,706.0,0.0,0.914623681246587,0.7408822942823422,0.4393104955811658,0.0707768976316932,0.1130279864224709,0.2624156021116005,0.5242856925683992,0.1061762451345866,0.3628835152626581,0.1810869435269304,100000,30,10,0.1,1.0,0.1,0,9,0.001,1e-06,0.001,1e-07,1.0,1e-07,adamax,0,0.0,disordered,1,0.2277893806121925,0 days 02:36:32.165057,0.0022902891096651,3.3650434098998736,3.2826851275295823,1.0
215,215,215,215,215,0.559107077675529,0.559107077675529,0.559107077675529,0.559107077675529,0.559107077675529,0.559107077675529,0.559107077675529,0.559107077675529,0.559107077675529,0.559107077675529,0.3270442372096998,0.2713274930880259,0.3103381598154654,0.4530930651671074,0.2364022134665287,0.2452473789988111,0.7775341000268914,1.000346165319637,0.5707632099929963,0.7049514268939813,-0.0011827618456853,-0.0012321129840519,403.0,0.0,0.1040694882091142,0.1207156030198123,0.1205773080414402,0.8314340131623814,0.1801038565742732,0.1114461759198258,0.8308278558558296,0.961011026603638,0.7342278090035012,0.0729623876622924,100000,30,10,0.1,1.0,0.1,0,9,0.001,1e-06,0.001,1e-07,1.0,1e-07,adamax,0,0.0,disordered,1,0.5573841705057748,0 days 02:36:32.165057,0.0011827643586129,3.332110132619937,3.366362184496047,1.0
216,216,216,216,216,0.1747772774464678,0.1747772774464678,0.1747772774464678,0.1747772774464678,0.1747772774464678,0.1747772774464678,0.1747772774464678,0.1747772774464678,0.1747772774464678,0.1747772774464678,0.6528928567287617,0.3848011509702291,0.3839355339078011,0.0508959110509131,0.0418602892701043,1.000305948239788,0.029980632712347,0.0350955907016992,0.044244801570353,0.030152143217663,-0.0025264533431977,-0.0037109211147418,765.0,0.0,0.135227585489973,0.1455237945638252,0.097818328651009,0.4805453164795235,0.0559177808052885,0.7949178194024896,0.4107411089264134,0.1952745361576933,0.0930262237184345,0.5691464282847171,100000,30,10,0.1,1.0,0.1,0,9,0.001,1e-06,0.001,1e-07,1.0,1e-07,adamax,0,0.0,disordered,1,0.1726204943126547,0 days 02:36:32.165057,0.0025265027205239,3.4411060593713074,3.355715407415864,1.0
217,217,217,217,217,0.1805148879221106,0.1805148879221106,0.1805148879221106,0.1805148879221106,0.1805148879221106,0.1805148879221106,0.1805148879221106,0.1805148879221106,0.1805148879221106,0.1805148879221106,0.0787136461189936,0.043316391255708,0.0623651536106857,0.9873900065277236,0.0349109992877243,0.0425587391851353,1.001204532985634,0.0321529602479231,0.0514803998879908,0.0327316944039255,-0.0023627099618684,-0.0036060327253995,749.0,0.0,0.7780822486374359,0.5827575179313235,0.2376203456844096,0.8029028204045157,0.5144587734644316,0.5852728529588221,0.90773163704272,0.6753026600541806,0.1166591329730092,0.6944758160683953,100000,30,10,0.1,1.0,0.1,0,9,0.001,1e-06,0.001,1e-07,1.0,1e-07,adamax,0,0.0,disordered,1,0.1821562101245792,0 days 02:36:32.165057,0.0023627385684081,3.558455886290499,3.2802990966354173,1.0
218,218,218,218,218,0.2493409369951876,0.2493409369951876,0.2493409369951876,0.2493409369951876,0.2493409369951876,0.2493409369951876,0.2493409369951876,0.2493409369951876,0.2493409369951876,0.2493409369951876,0.1039852761048179,1.0020535017391836,0.9098963610975824,0.8976327999871281,0.0612125971866001,0.0639972820452312,1.0009883539326792,0.06434871754653,0.0749594478928817,0.2157390193073904,-0.0019980505559524,-0.0026143892543888,606.0,0.0,0.2903939653665163,0.7900091434874791,0.5623982115664938,0.5406843913905252,0.1413538655857303,0.0271220945245717,0.9748166908535594,0.0303579646415819,0.0518069464734765,0.4585185987142001,100000,30,10,0.1,1.0,0.1,0,9,0.001,1e-06,0.001,1e-07,1.0,1e-07,adamax,0,0.0,disordered,1,0.253332261310174,0 days 02:36:32.165057,0.0019981398978809,3.8450289630834,3.4734238858249555,1.0
219,219,219,219,219,0.3228628202536728,0.3228628202536728,0.3228628202536728,0.3228628202536728,0.3228628202536728,0.3228628202536728,0.3228628202536728,0.3228628202536728,0.3228628202536728,0.3228628202536728,0.356796672118595,0.4718823981293544,0.0735773486814127,0.0439032973705851,0.0579359270498946,0.0396392463414064,1.0001830586828448,0.2717360001186728,0.3570718708074309,0.4247104905425274,-0.0019389614115798,-0.0019932720085254,1225.0,0.0,0.9373870480730612,0.541439845201694,0.992234973213659,0.7159409359468822,0.8206692556312501,0.8193095900901667,0.943006272690257,0.9689264863063872,0.3276494541319806,0.7083458703669923,100000,30,10,0.1,1.0,0.1,0,9,0.001,1e-06,0.001,1e-07,1.0,1e-07,adamax,0,0.0,disordered,1,0.3261174266901651,0 days 02:36:32.165057,0.0019390157874063,3.1557336036645367,3.2580715948131087,1.0
220,220,220,220,220,0.1747772774464678,0.1747772774464678,0.1747772774464678,0.1747772774464678,0.1747772774464678,0.1747772774464678,0.1747772774464678,0.1747772774464678,0.1747772774464678,0.1747772774464678,0.4343361359043065,1.000305386263978,0.0328504434570373,0.0304720028849544,0.0313069694391119,0.6750510382981803,0.1266693342625451,0.0302838700203884,0.0344408403435223,0.0328563548092929,-0.0026925103468252,-0.0035250145151081,757.0,0.0,0.5084046609907297,0.9787623649000357,0.5912992803747523,0.4000301605128264,0.0337555554224702,0.7289475620574137,0.0126671734556811,0.6485375145549263,0.2649876404506113,0.6755883122773291,100000,30,10,0.1,1.0,0.1,0,9,0.001,1e-06,0.001,1e-07,1.0,1e-07,adamax,0,0.0,disordered,1,0.1746511857680946,0 days 02:36:32.165057,0.002692510505699,3.411599645081824,3.3465908949116563,1.0
221,221,221,221,221,0.3673924781802071,0.3673924781802071,0.3673924781802071,0.3673924781802071,0.3673924781802071,0.3673924781802071,0.3673924781802071,0.3673924781802071,0.3673924781802071,0.3673924781802071,3.186546023780012e-05,1.0242960729415913e-05,3.080206975431601e-05,0.465489798256477,0.0001226017592399,0.7934419082670693,0.6896532215141318,0.8390401447738504,0.1107051008817497,0.4117516444355087,-0.0015689097113642,-0.001766769553809,6432.0,1.0,0.9918198827907344,0.3484962578197382,0.5571793767128005,0.5563311598316637,0.1628741883429298,0.7379079615026909,0.7030663930457914,0.7713941988124761,0.2208141426746092,0.0677345045417457,100000,30,10,0.1,1.0,0.1,0,9,0.001,1e-06,0.001,1e-07,1.0,1e-07,adamax,0,0.0,disordered,1,0.3675293136757535,0 days 02:36:32.165057,0.0015689098883115,3.437190197882164,3.3429157988007,1.0
222,222,222,222,222,0.0188169442497055,0.0188169442497055,0.0188169442497055,0.0188169442497055,0.0188169442497055,0.0188169442497055,0.0188169442497055,0.0188169442497055,0.0188169442497055,0.0188169442497055,4.187241438160518e-06,6.184031356226295e-05,0.1618148580726403,0.3010472314703071,0.0163804231568939,8.949572623286437e-07,1.4331686316805972e-06,0.0001198535260427,2.7847993553785453e-06,4.326279929386276e-06,-0.0038333410667685,-0.0046322924979818,7071.0,1.0,0.3937263229318543,0.1172362072779105,0.2767631958326918,0.0169696425388787,0.4022489219427492,0.360677478882739,0.3262305583495524,0.3855598183281474,0.0402466755464366,0.4349757485946594,100000,30,10,0.1,1.0,0.1,0,9,0.001,1e-06,0.001,1e-07,1.0,1e-07,adamax,0,0.0,disordered,1,0.0190401392400094,0 days 02:36:32.165057,0.0038334057604545,3.633945124594451,3.418032087744141,1.0
223,223,223,223,223,0.2414157116103015,0.2414157116103015,0.2414157116103015,0.2414157116103015,0.2414157116103015,0.2414157116103015,0.2414157116103015,0.2414157116103015,0.2414157116103015,0.2414157116103015,0.1068260230751786,0.0736638365377332,0.0939711306298587,0.993996585672476,0.0581384087807626,1.002206377980657,0.8965236170478195,0.0926226792776987,0.1878491635017296,0.1414228670503642,-0.0019970955594569,-0.002310634919273,624.0,0.0,0.6537146155742647,0.3242104328068582,0.566660944618112,0.8021387118032729,0.5251025981088469,0.9268620006938288,0.7707486331253395,0.5573566425490262,0.083710156867153,0.4687061008091225,100000,30,10,0.1,1.0,0.1,0,9,0.001,1e-06,0.001,1e-07,1.0,1e-07,adamax,0,0.0,disordered,1,0.2398785769696996,0 days 02:36:32.165057,0.001997109553369,3.445252203851996,3.162583726586988,1.0
224,224,224,224,224,0.5074705239490465,0.5074705239490465,0.5074705239490465,0.5074705239490465,0.5074705239490465,0.5074705239490465,0.5074705239490465,0.5074705239490465,0.5074705239490465,0.5074705239490465,1.0019336917199886,0.2528380594650345,0.3142155740628979,0.3468153423820942,0.3787065206203199,0.2676052514159557,0.2520998386325784,0.2508371612835209,0.3541274846685742,0.9036439601961572,-0.0012961565008477,-0.0013764601722472,307.0,0.0,0.0344612358466409,0.9556562375208256,0.0461552314059547,0.2080422743690986,0.182888538163592,0.8612550547128319,0.9076713176225232,0.7260500788554521,0.8534359499340505,0.2604361863396208,100000,30,10,0.1,1.0,0.1,0,9,0.001,1e-06,0.001,1e-07,1.0,1e-07,adamax,0,0.0,disordered,1,0.5003126287225507,0 days 02:36:32.165057,0.0012962233014146,3.2800290460966552,3.3399315415506963,1.0
225,225,225,225,225,0.1265331759388942,0.1265331759388942,0.1265331759388942,0.1265331759388942,0.1265331759388942,0.1265331759388942,0.1265331759388942,0.1265331759388942,0.1265331759388942,0.1265331759388942,0.1004658695281494,0.0163767368185609,0.3723106966986862,0.0502570698713467,0.0202673227833436,1.00040261555936,0.0155167652991227,0.0157273201936751,0.0635407061025403,0.0155082305595672,-0.0028591607441262,-0.0041676679632727,910.0,0.0,0.8953795199981,0.1011413368929425,0.3093937870356646,0.8592206377761276,0.6908871214304099,0.9334503857974236,0.8486891703034303,0.2110979491736087,0.4184623937005955,0.9889100188894656,100000,30,10,0.1,1.0,0.1,0,9,0.001,1e-06,0.001,1e-07,1.0,1e-07,adamax,0,0.0,disordered,1,0.1274344043958647,0 days 02:36:32.165057,0.0028591872715857,3.7204055276627983,3.5368855242798216,1.0
226,226,226,226,226,0.100927151463057,0.100927151463057,0.100927151463057,0.100927151463057,0.100927151463057,0.100927151463057,0.100927151463057,0.100927151463057,0.100927151463057,0.100927151463057,0.563014708534081,0.280860979496692,1.000262472901954,0.0145463071851239,0.0061282962781695,0.033108490149136,0.207861872214797,0.0088165404657228,0.0054495146035703,0.0095425233962243,-0.0035375997994285,-0.004737126809241,1292.0,0.0,0.7029882633961682,0.7939055624479926,0.0828351181710876,0.9537513978759496,0.5504452183949765,0.1535995306316145,0.5736723197413477,0.9153875006878254,0.5444825998444183,0.993121278246118,100000,30,10,0.1,1.0,0.1,0,9,0.001,1e-06,0.001,1e-07,1.0,1e-07,adamax,0,0.0,disordered,1,0.1006197181283876,0 days 02:36:32.165057,0.0035376079640809,3.3185381968428733,3.2501023054565787,1.0
227,227,227,227,227,0.4606028844202398,0.4606028844202398,0.4606028844202398,0.4606028844202398,0.4606028844202398,0.4606028844202398,0.4606028844202398,0.4606028844202398,0.4606028844202398,0.4606028844202398,0.2073687726816,0.2074169835203927,1.0014005652704028,0.2071724720128037,0.2380933948138613,0.2319895466470537,0.2246879992606111,0.4052994728785408,0.5665227516781903,0.6223001071141798,-0.0014372731026575,-0.0015485957193623,345.0,0.0,0.9275317473818308,0.4971718245075625,0.9670829696362684,0.7673314384722845,0.2547568216334356,0.098490210601175,0.0272324688657978,0.5214504280051905,0.7549609517339175,0.1307618672497297,100000,30,10,0.1,1.0,0.1,0,9,0.001,1e-06,0.001,1e-07,1.0,1e-07,adamax,0,0.0,disordered,1,0.4556868083268313,0 days 02:36:32.165057,0.0014373173080353,3.495245601439744,3.432570138927931,1.0
228,228,228,228,228,0.2659804395593755,0.2659804395593755,0.2659804395593755,0.2659804395593755,0.2659804395593755,0.2659804395593755,0.2659804395593755,0.2659804395593755,0.2659804395593755,0.2659804395593755,0.7697770816647393,0.8721393734630797,0.4901534687482701,0.1027902062945658,1.0000337107180854,0.0687680367229758,0.0698586602245275,0.0764999308345524,0.1037866238359108,0.0717646064603974,-0.0022072471138396,-0.0028735562355948,589.0,0.0,0.2019192370687201,0.9738257135088684,0.8070049822452176,0.3232655752736976,0.942666287822342,0.4773792660807354,0.2539339041208778,0.3450083298787604,0.2721710178793161,0.695103192343459,100000,30,10,0.1,1.0,0.1,0,9,0.001,1e-06,0.001,1e-07,1.0,1e-07,adamax,0,0.0,disordered,1,0.2694392834753241,0 days 02:36:32.165057,0.0022073459313953,3.4556802398790043,3.393883107212518,1.0
229,229,229,229,229,0.4317879727332019,0.4317879727332019,0.4317879727332019,0.4317879727332019,0.4317879727332019,0.4317879727332019,0.4317879727332019,0.4317879727332019,0.4317879727332019,0.4317879727332019,0.8739910235621604,0.2266668365776614,0.0076018210121249,0.0065448862253952,0.0071800467416543,0.0124436801470192,0.0354418688871708,0.026237320382571,0.2381059447120594,1.0004685210087267,-0.0014455293893243,-0.0017441388819783,1813.0,0.0,0.3738620607514251,0.5778116469885942,0.6203660689295584,0.504510367883843,0.4526898545703495,0.3522765421765111,0.2336160401454557,0.0943539969195973,0.6992249408750559,0.0159136325147031,100000,30,10,0.1,1.0,0.1,0,9,0.001,1e-06,0.001,1e-07,1.0,1e-07,adamax,0,0.0,disordered,1,0.429734110665337,0 days 02:36:32.165057,0.0014455374770948,2.862937751043124,3.2104654406975386,1.0
230,230,230,230,230,0.2121550171362448,0.2121550171362448,0.2121550171362448,0.2121550171362448,0.2121550171362448,0.2121550171362448,0.2121550171362448,0.2121550171362448,0.2121550171362448,0.2121550171362448,0.1988415015022326,0.4298872862024607,0.9299910443677604,0.1201909712368135,1.0009166769602282,0.0934779888469928,0.409484939266898,0.0441724742177949,0.0666505567600938,0.0513877279210348,-0.0022519070638144,-0.0027582059446623,693.0,0.0,0.733419644458273,0.7540298348866528,0.8060443633742611,0.6416431025412082,0.9523553741693856,0.3824415633651347,0.4588303912340334,0.2890005676901521,0.0102491746072319,0.4378307091080925,100000,30,10,0.1,1.0,0.1,0,9,0.001,1e-06,0.001,1e-07,1.0,1e-07,adamax,0,0.0,disordered,1,0.2149015906397807,0 days 02:36:32.165057,0.0022519768564905,3.295991785451714,3.096955335902385,1.0
231,231,231,231,231,0.1805148879221106,0.1805148879221106,0.1805148879221106,0.1805148879221106,0.1805148879221106,0.1805148879221106,0.1805148879221106,0.1805148879221106,0.1805148879221106,0.1805148879221106,0.119549392357171,9.99553719854256e-08,1.781406901061095e-07,0.0061886757638486,1.426898043113065e-06,1.687745993871005e-07,0.0004884111913017,0.1034876337439995,9.41911025155693e-06,0.5733058976155744,-0.0024203891005272,-0.0028150561167368,9478.0,0.0,0.4989893551030308,0.4638998004232579,0.0363402251181919,0.1599930653138644,0.2731509409073254,0.4093936651384934,0.2053063242044668,0.3641622980777784,0.2873065360873149,0.1083947633854334,100000,30,10,0.1,1.0,0.1,0,9,0.001,1e-06,0.001,1e-07,1.0,1e-07,adamax,0,0.0,disordered,1,0.1803853089794437,0 days 02:36:32.165057,0.0024203895115835,2.9801620937191693,2.994432322037215,1.0
232,232,232,232,232,0.2837303616516209,0.2837303616516209,0.2837303616516209,0.2837303616516209,0.2837303616516209,0.2837303616516209,0.2837303616516209,0.2837303616516209,0.2837303616516209,0.2837303616516209,0.0803961348830241,0.078670891864542,1.0011521005047157,0.0967051768029153,0.1075501621129288,0.1018624970993023,0.0804549204047274,0.0964961622056885,0.1808032843542497,0.5939583090379366,-0.0019847625004184,-0.0022708209580593,553.0,0.0,0.8762896426779009,0.6078379019517387,0.9833838722013164,0.6033553992658931,0.6151744480332769,0.3638928687688877,0.8050107012280634,0.46257811294563,0.8233457583558952,0.467187880323444,100000,30,10,0.1,1.0,0.1,0,9,0.001,1e-06,0.001,1e-07,1.0,1e-07,adamax,0,0.0,disordered,1,0.2856172871867839,0 days 02:36:32.165057,0.0019847823805166,3.506952596534018,3.286731639480966,1.0
233,233,233,233,233,0.1306870229743344,0.1306870229743344,0.1306870229743344,0.1306870229743344,0.1306870229743344,0.1306870229743344,0.1306870229743344,0.1306870229743344,0.1306870229743344,0.1306870229743344,0.0830583313690432,0.1542522848140002,0.0213957765170368,0.0091828387900752,0.0106734859637675,1.0006103245892854,0.7286852812552448,0.0265477667886021,0.0102770223618162,0.0111705181754487,-0.003136000280172,-0.0038828763047485,1148.0,0.0,0.7391654216140363,0.6624902070156852,0.3966253711726136,0.0910683153333375,0.2326909156195593,0.4405565030924935,0.474846501111212,0.2149263998002676,0.2611191001577414,0.32406667033864,100000,30,10,0.1,1.0,0.1,0,9,0.001,1e-06,0.001,1e-07,1.0,1e-07,adamax,0,0.0,disordered,1,0.1320756190752072,0 days 02:36:32.165057,0.0031360527028092,3.2702715521280066,3.1191232245852167,1.0
234,234,234,234,234,0.5774615152359819,0.5774615152359819,0.5774615152359819,0.5774615152359819,0.5774615152359819,0.5774615152359819,0.5774615152359819,0.5774615152359819,0.5774615152359819,0.5774615152359819,0.4067992589262085,0.4153101290430137,0.3765673329122767,0.3502391227579826,0.349063809159622,0.3441343031009982,0.5276337675263127,0.3280244438610039,0.3681324740547901,1.0001841853558235,-0.0012280609649071,-0.0013112966588359,247.0,0.0,0.5476708885325725,0.0894110589885438,0.4069143497006983,0.6819223085236259,0.8363983479429605,0.5160144767242176,0.949979402173526,0.7355018799350038,0.7899085260994683,0.1351363732864036,100000,30,10,0.1,1.0,0.1,0,9,0.001,1e-06,0.001,1e-07,1.0,1e-07,adamax,0,0.0,disordered,1,0.5756138409866141,0 days 02:36:32.165057,0.0012280643946193,3.171180657143273,3.2970194949020564,1.0
235,235,235,235,235,0.1638433645577981,0.1638433645577981,0.1638433645577981,0.1638433645577981,0.1638433645577981,0.1638433645577981,0.1638433645577981,0.1638433645577981,0.1638433645577981,0.1638433645577981,0.0266921059405292,0.0358822295478408,1.0013260354119402,0.0263443268070605,0.9931779405165876,0.0279815845599368,0.0556473054408278,0.0265261847226752,0.026469170254686,0.0263280415018965,-0.002691434306493,-0.004732128499616,792.0,0.0,0.5054466145492318,0.0355158673137723,0.6686059503680927,0.3251334369395169,0.8798028165753388,0.1307903418945708,0.0744285519985907,0.3954721885583812,0.1582355029892318,0.5499431101406985,100000,30,10,0.1,1.0,0.1,0,9,0.001,1e-06,0.001,1e-07,1.0,1e-07,adamax,0,0.0,disordered,1,0.1621300018726279,0 days 02:36:32.165057,0.0026914784905097,4.423996795576527,3.692567058364744,1.0
236,236,236,236,236,0.3228628202536728,0.3228628202536728,0.3228628202536728,0.3228628202536728,0.3228628202536728,0.3228628202536728,0.3228628202536728,0.3228628202536728,0.3228628202536728,0.3228628202536728,0.1267778609953257,0.1030733932933802,0.1048949283059301,0.1040132965426346,0.1044907576441609,1.002156618591215,0.9431832164846128,1.001351008389661,0.1049453333638653,0.3820790605472393,-0.0016558777277485,-0.0020023681151445,495.0,0.0,0.4335836390226216,0.0233206750933897,0.2434279857651122,0.1529470534494994,0.178557698236764,0.9864765064167909,0.5802669901481098,0.7786487208669559,0.385326367591873,0.1808871699442573,100000,30,10,0.1,1.0,0.1,0,9,0.001,1e-06,0.001,1e-07,1.0,1e-07,adamax,0,0.0,disordered,1,0.3259668661324998,0 days 02:36:32.165057,0.0016559080599263,3.861083611438508,3.485856603254076,1.0
237,237,237,237,237,0.3444087275973819,0.3444087275973819,0.3444087275973819,0.3444087275973819,0.3444087275973819,0.3444087275973819,0.3444087275973819,0.3444087275973819,0.3444087275973819,0.3444087275973819,1.0000851057355498,0.0362373634024897,0.055571138450994,0.0311277431441652,0.0901410042351352,0.0739102606981107,0.0854885190303834,0.0388891036508068,0.3925661123975046,0.5747843602892437,-0.0017982978527936,-0.0019799565932878,1212.0,0.0,0.3356644626741416,0.6958219443032294,0.412754854929284,0.0101844634306326,0.5555004877988412,0.5116245431637026,0.681389258535672,0.0279195512608697,0.8886576664772401,0.4617757620554003,100000,30,10,0.1,1.0,0.1,0,9,0.001,1e-06,0.001,1e-07,1.0,1e-07,adamax,0,0.0,disordered,1,0.3493019373253306,0 days 02:36:32.165057,0.0017984057634774,3.3409190576287924,3.3422062513684594,1.0
238,238,238,238,238,0.2337423870891811,0.2337423870891811,0.2337423870891811,0.2337423870891811,0.2337423870891811,0.2337423870891811,0.2337423870891811,0.2337423870891811,0.2337423870891811,0.2337423870891811,0.1443403520263525,0.1680668038127822,0.8186529589326021,0.0664734067691549,0.1066664125908787,1.0002450038787642,0.1040374607675612,0.1118953466573386,0.369453664580984,0.0490048946086883,-0.002222685601176,-0.002566844801553,748.0,0.0,0.3609768275175162,0.289008128569262,0.8497778919538789,0.2650221997416373,0.3000606751089203,0.890549619917677,0.4697969398622841,0.0481888327873848,0.1217279892452802,0.7537796875070989,100000,30,10,0.1,1.0,0.1,0,9,0.001,1e-06,0.001,1e-07,1.0,1e-07,adamax,0,0.0,disordered,1,0.2352939708180619,0 days 02:36:32.165057,0.002222708759616,3.539175676534368,3.4627359685923538,1.0
239,239,239,239,239,0.4606028844202398,0.4606028844202398,0.4606028844202398,0.4606028844202398,0.4606028844202398,0.4606028844202398,0.4606028844202398,0.4606028844202398,0.4606028844202398,0.4606028844202398,0.8262179662935141,0.5175192427784963,0.6851512505982509,0.2437113394455527,0.2233284579048908,0.1582941221157354,0.1443339322157759,0.1447778094715448,0.1491751607707646,1.000023415905551,-0.0014259564795591,-0.0015441041238082,504.0,0.0,0.3256504687772292,0.3045053044763848,0.2952510340528028,0.9727208800550315,0.485780485319188,0.8958793515846852,0.794521456410357,0.7877334579722135,0.7770429063710832,0.3059606779942405,100000,30,10,0.1,1.0,0.1,0,9,0.001,1e-06,0.001,1e-07,1.0,1e-07,adamax,0,0.0,disordered,1,0.4545754187602543,0 days 02:36:32.165057,0.0014260227721176,2.94576366202646,3.2283394560728222,1.0
240,240,240,240,240,0.5074705239490465,0.5074705239490465,0.5074705239490465,0.5074705239490465,0.5074705239490465,0.5074705239490465,0.5074705239490465,0.5074705239490465,0.5074705239490465,0.5074705239490465,0.2552738550290221,0.2554122102506345,0.2779125027662085,0.2764211334081097,0.256667767017349,0.2557645775590899,1.0011563619126582,0.2576625192522311,0.2796714067426399,0.96670483951788,-0.0013270994659729,-0.0015013431396109,298.0,0.0,0.8244392034908372,0.4911312071591382,0.1743065041068486,0.2526191617436665,0.529351337168041,0.4815206204777555,0.9867843901463148,0.6194609079728355,0.6215859920169071,0.0524927380880116,100000,30,10,0.1,1.0,0.1,0,9,0.001,1e-06,0.001,1e-07,1.0,1e-07,adamax,0,0.0,disordered,1,0.5098630075602927,0 days 02:36:32.165057,0.0013271078915705,3.45772534343968,3.400458169048762,1.0
241,241,241,241,241,0.3794532847236936,0.3794532847236936,0.3794532847236936,0.3794532847236936,0.3794532847236936,0.3794532847236936,0.3794532847236936,0.3794532847236936,0.3794532847236936,0.3794532847236936,0.6303668296691389,0.1379815879393336,0.4436750338809179,0.504746835788065,0.1479265828278998,0.4697473001883971,0.7225169357209784,0.1182042473892164,1.0011190087832182,0.1959956281564002,-0.0015689619080452,-0.0017742610010125,511.0,0.0,0.067573032072897,0.3021883093028757,0.4478209969175157,0.929205516160431,0.0519727166174219,0.7232004354680686,0.6213470831831388,0.244135003144323,0.9173282488688378,0.3808779113966473,100000,30,10,0.1,1.0,0.1,0,9,0.001,1e-06,0.001,1e-07,1.0,1e-07,adamax,0,0.0,disordered,1,0.3758344751789454,0 days 02:36:32.165057,0.0015689920325127,3.444619420216456,3.268312072869179,1.0
242,242,242,242,242,0.4913407286296359,0.4913407286296359,0.4913407286296359,0.4913407286296359,0.4913407286296359,0.4913407286296359,0.4913407286296359,0.4913407286296359,0.4913407286296359,0.4913407286296359,0.2285521714946819,0.2511473207613956,0.2298387150978272,0.2503910591546092,0.6086254722548502,0.2431713260167152,0.2618680852157353,0.2210148522965857,0.3176420823776598,1.0001179793266723,-0.0013548928983621,-0.0014907099721704,349.0,0.0,0.8361096974910278,0.2736123712221463,0.5667415851187126,0.7774686433301689,0.8636305027325928,0.3578680612554048,0.2112459440382831,0.6543765105242911,0.6403701140307498,0.0471057754816398,100000,30,10,0.1,1.0,0.1,0,9,0.001,1e-06,0.001,1e-07,1.0,1e-07,adamax,0,0.0,disordered,1,0.4992998252315433,0 days 02:36:32.165057,0.0013549986347323,3.388783060101838,3.35022514055792,1.0
243,243,243,243,243,0.445962762681909,0.445962762681909,0.445962762681909,0.445962762681909,0.445962762681909,0.445962762681909,0.445962762681909,0.445962762681909,0.445962762681909,0.445962762681909,0.5818338651791356,0.2141504226759996,0.1905080364543776,0.6916239976607752,0.2051210439911274,0.1910312737439433,1.0008454491074568,0.998760054045988,0.1954135524852475,0.1950599008717186,-0.0014807935573591,-0.0016578380529062,371.0,0.0,0.6018484804530835,0.9423163520551128,0.2464685248707037,0.6272551856554093,0.916652850718212,0.3850284656869082,0.8188878601767233,0.8964059679926287,0.0484300356515227,0.293115301790483,100000,30,10,0.1,1.0,0.1,0,9,0.001,1e-06,0.001,1e-07,1.0,1e-07,adamax,0,0.0,disordered,1,0.440269285901013,0 days 02:36:32.165057,0.001480860936797,3.434638109424419,3.351513205961689,1.0
244,244,244,244,244,0.6159977960380164,0.6159977960380164,0.6159977960380164,0.6159977960380164,0.6159977960380164,0.6159977960380164,0.6159977960380164,0.6159977960380164,0.6159977960380164,0.6159977960380164,0.9095889302315692,0.3537538010880793,0.3671395633621625,0.3922024784094467,0.4064100082146294,0.4011133561133497,0.5039869987042579,0.356669646154787,0.4894107033379021,1.0017246486912403,-0.0011399712438915,-0.0011978427272497,245.0,0.0,0.243636751309774,0.9086741710215764,0.6004880466794573,0.1234831925914161,0.3815905620546198,0.2719774145582413,0.9945869699981436,0.8802131913296977,0.850867248391095,0.1092569845101124,100000,30,10,0.1,1.0,0.1,0,9,0.001,1e-06,0.001,1e-07,1.0,1e-07,adamax,0,0.0,disordered,1,0.6257670859339352,0 days 02:36:32.165057,0.0011400636733677,3.3471373154334727,3.399062243929269,1.0
245,245,245,245,245,0.1747772774464678,0.1747772774464678,0.1747772774464678,0.1747772774464678,0.1747772774464678,0.1747772774464678,0.1747772774464678,0.1747772774464678,0.1747772774464678,0.1747772774464678,0.8064451758512676,0.462103443886274,0.4779639448990269,0.5742342830334088,0.1291364738900672,1.2853881293834353e-05,1.0599879261560792e-05,4.382173798832175e-06,3.746859718213457e-06,1.5007012794809448e-05,-0.0025116511132669,-0.0035354557130398,7628.0,1.0,0.3814798876274029,0.4411322871244214,0.3227557146861554,0.8861147408234264,0.4552874539031986,0.7646152929540657,0.5824745232374682,0.4026152886684402,0.0886153008960615,0.856369101229503,100000,30,10,0.1,1.0,0.1,0,9,0.001,1e-06,0.001,1e-07,1.0,1e-07,adamax,0,0.0,disordered,1,0.1749856238271457,0 days 02:36:32.165057,0.0025116514571531,3.374006929604695,3.281199504446947,1.0
246,246,246,246,246,0.0370798762916816,0.0370798762916816,0.0370798762916816,0.0370798762916816,0.0370798762916816,0.0370798762916816,0.0370798762916816,0.0370798762916816,0.0370798762916816,0.0370798762916816,0.1706694378002419,0.3901050931353624,0.0036592461645401,0.0372995817403546,0.001718819378628,1.0009983920474257,0.0016108253158055,0.001747947620507,0.0015169532770077,0.0029300919327238,-0.004142480960198,-0.0061386359575731,1467.0,0.0,0.4806791422147897,0.072793224590257,0.4777851937174479,0.0450081269015736,0.3183553635281133,0.8976339234749199,0.3439072133477977,0.3324293914690569,0.3039366007088133,0.569887898873839,100000,30,10,0.1,1.0,0.1,0,9,0.001,1e-06,0.001,1e-07,1.0,1e-07,adamax,0,0.0,disordered,1,0.0375467806430851,0 days 02:36:32.165057,0.0041425575666569,3.5214565695846693,3.660063913312949,1.0
247,247,247,247,247,0.0325856247615322,0.0325856247615322,0.0325856247615322,0.0325856247615322,0.0325856247615322,0.0325856247615322,0.0325856247615322,0.0325856247615322,0.0325856247615322,0.0325856247615322,0.0014084362967354,0.1236907940208324,0.0051474272001174,0.0013297236495358,1.0001018117803957,0.0010647864052401,0.0010425196816592,0.0010227046508952,0.0014503150741384,0.0135363076048621,-0.0029944615126711,-0.0047656101698567,1499.0,0.0,0.4989958913690794,0.381346565586563,0.8521272269871337,0.4682495285459923,0.8375165347341721,0.403600109263188,0.3514017666271822,0.1762511945620999,0.067595211883687,0.5717102458078651,100000,30,10,0.1,1.0,0.1,0,9,0.001,1e-06,0.001,1e-07,1.0,1e-07,adamax,0,0.0,disordered,1,0.032789770960771,0 days 02:36:32.165057,0.0029944682508497,3.908184676141045,3.938874464051208,1.0
248,248,248,248,248,0.2054117348353061,0.2054117348353061,0.2054117348353061,0.2054117348353061,0.2054117348353061,0.2054117348353061,0.2054117348353061,0.2054117348353061,0.2054117348353061,0.2054117348353061,0.1255005591043662,0.2386987910057192,0.3643765462446987,0.9874137508592262,0.3811883173451583,0.0908523744249742,0.0417343431347253,1.0022542565825951,0.0415336736830791,0.0419576346496584,-0.0024260688735453,-0.003060433101695,693.0,0.0,0.3563021378792804,0.1461079581166916,0.526654999002543,0.7178119387512039,0.6297846379505861,0.0191522600550047,0.3702712376468413,0.6717660864900934,0.3959241965180239,0.439459132931866,100000,30,10,0.1,1.0,0.1,0,9,0.001,1e-06,0.001,1e-07,1.0,1e-07,adamax,0,0.0,disordered,1,0.2064118706001938,0 days 02:36:32.165057,0.0024260819273225,3.4584826720264523,3.1389398227954963,1.0
249,249,249,249,249,0.2837303616516209,0.2837303616516209,0.2837303616516209,0.2837303616516209,0.2837303616516209,0.2837303616516209,0.2837303616516209,0.2837303616516209,0.2837303616516209,0.2837303616516209,0.0806741310956584,0.0793337251971188,0.0796464896083577,0.0807407092079123,1.0013624806105232,0.0796191307029205,0.0793301475412768,0.1001464900857409,0.6009774516087965,0.1512951819493908,-0.0017512995356613,-0.002075983192021,554.0,0.0,0.7891218488770692,0.1544573202441299,0.1708834652946238,0.767500006808759,0.9200554942008304,0.1642597836479339,0.0582671407789139,0.8168400483419096,0.5670668071585856,0.2440312619042394,100000,30,10,0.1,1.0,0.1,0,9,0.001,1e-06,0.001,1e-07,1.0,1e-07,adamax,0,0.0,disordered,1,0.2811409451697924,0 days 02:36:32.165057,0.0017513261752408,3.5181027415143924,3.4764035361526853,1.0
250,250,250,250,250,0.3794532847236936,0.3794532847236936,0.3794532847236936,0.3794532847236936,0.3794532847236936,0.3794532847236936,0.3794532847236936,0.3794532847236936,0.3794532847236936,0.3794532847236936,0.8304490430762287,0.1840650651176906,0.1467020693249781,1.0000789569345254,0.9943283501263732,0.4874971972051726,0.9946887129173694,0.1547193646140377,0.2115411265576474,0.1476914430355966,-0.0016841033286216,-0.0019613640094584,423.0,0.0,0.0468076571671319,0.5504058783497054,0.1531049502246909,0.9002778045222289,0.9053052331162712,0.7355949843695778,0.9835124135202812,0.3054619161676705,0.1184242592651162,0.6432048685397752,100000,30,10,0.1,1.0,0.1,0,9,0.001,1e-06,0.001,1e-07,1.0,1e-07,adamax,0,0.0,disordered,1,0.3790771887416913,0 days 02:36:32.165057,0.0016841040766965,3.6919032775700287,3.3527513557634445,1.0
251,251,251,251,251,0.596418494584246,0.596418494584246,0.596418494584246,0.596418494584246,0.596418494584246,0.596418494584246,0.596418494584246,0.596418494584246,0.596418494584246,0.596418494584246,0.5718656099718948,0.3019232748993641,0.2577402475626729,0.2735872270929299,0.275280469877538,1.0001794868773315,0.2556578516186036,0.2789282839820459,0.9159100882585997,0.800638361944178,-0.0011573839334493,-0.0012374248275359,435.0,0.0,0.244330172172993,0.6954679303535842,0.0732515818752885,0.3424183216010423,0.6576331766972209,0.9369311549104504,0.0856212060585552,0.4517917240877723,0.946169956946712,0.0537779125707414,100000,30,10,0.1,1.0,0.1,0,9,0.001,1e-06,0.001,1e-07,1.0,1e-07,adamax,0,0.0,disordered,1,0.5940360257366811,0 days 02:36:32.165057,0.0011573899859102,3.3411971946352605,3.4007098284163098,1.0
252,252,252,252,252,0.1864408533970483,0.1864408533970483,0.1864408533970483,0.1864408533970483,0.1864408533970483,0.1864408533970483,0.1864408533970483,0.1864408533970483,0.1864408533970483,0.1864408533970483,1.000019122673018,0.1517260812446738,0.026676632101829,0.0313771353578676,0.0188327085997806,0.0190017798499849,0.1324398681431448,0.1087617844968552,0.6063518892658762,0.0215734233284621,-0.0026115312062708,-0.0030691542797058,993.0,0.0,0.4554402937625047,0.7478081669006321,0.4797578563888679,0.8525627461655038,0.4030474540111718,0.3060520678005715,0.0254430929056723,0.4923116383124941,0.9802118305683788,0.9135696880935296,100000,30,10,0.1,1.0,0.1,0,9,0.001,1e-06,0.001,1e-07,1.0,1e-07,adamax,0,0.0,disordered,1,0.1851372785472686,0 days 02:36:32.165057,0.0026115586212303,3.628926596571937,3.425854595993516,1.0
253,253,253,253,253,0.2493409369951876,0.2493409369951876,0.2493409369951876,0.2493409369951876,0.2493409369951876,0.2493409369951876,0.2493409369951876,0.2493409369951876,0.2493409369951876,0.2493409369951876,0.7764358339756592,0.5323102789114633,0.5046635560099166,1.0008206824185752,0.0803962363235525,0.0593481014038974,0.814701491447546,0.0605569677316998,0.0723359603228946,0.078436807241329,-0.0022750922020016,-0.0027970468995041,635.0,0.0,0.000768234941632,0.0318791968457493,0.0585939623681758,0.8591093843821155,0.3642848511656624,0.276111667831922,0.742800342020206,0.3379896140391083,0.3829920339198718,0.697626958912838,100000,30,10,0.1,1.0,0.1,0,9,0.001,1e-06,0.001,1e-07,1.0,1e-07,adamax,0,0.0,disordered,1,0.2523955942612504,0 days 02:36:32.165057,0.0022751812824928,3.269730440428984,3.216512490453622,1.0
254,254,254,254,254,0.31260072430687,0.31260072430687,0.31260072430687,0.31260072430687,0.31260072430687,0.31260072430687,0.31260072430687,0.31260072430687,0.31260072430687,0.31260072430687,0.0944330673297812,0.0939408731525567,0.1013345516271692,0.0960032951491384,1.0000986358688122,0.3846375527050851,0.0953533139851435,0.1090176805594636,0.6130006933656172,0.2761959637569671,-0.0015903832918376,-0.001860049077368,521.0,0.0,0.8927029522571527,0.1775640656990037,0.2034948796600576,0.1990368814863647,0.9443271932156678,0.5595442169967103,0.8206666614734891,0.1894438738068623,0.8637899145128142,0.2983505751178661,100000,30,10,0.1,1.0,0.1,0,9,0.001,1e-06,0.001,1e-07,1.0,1e-07,adamax,0,0.0,disordered,1,0.3089351235806953,0 days 02:36:32.165057,0.0015904125560697,3.879698348208071,3.567025337661681,1.0
255,255,255,255,255,0.445962762681909,0.445962762681909,0.445962762681909,0.445962762681909,0.445962762681909,0.445962762681909,0.445962762681909,0.445962762681909,0.445962762681909,0.445962762681909,0.327649803186303,0.3211071029434226,0.2648351609650997,0.2104464342446629,0.233422409753726,1.0019268210068817,0.2744594333776537,0.1969753423349653,0.2050074700750503,0.8718121870242834,-0.0014756330503373,-0.0015920936271671,355.0,0.0,0.620094130280667,0.2165517394329432,0.5128352867250683,0.7534004633828354,0.1765318319782453,0.964140085186656,0.8489472669069664,0.7034117411247928,0.7537395768310681,0.284153934820696,100000,30,10,0.1,1.0,0.1,0,9,0.001,1e-06,0.001,1e-07,1.0,1e-07,adamax,0,0.0,disordered,1,0.4396559239572833,0 days 02:36:32.165057,0.0014757172847612,3.2850783661284004,3.314599995152032,1.0
256,256,256,256,256,0.4047756965997318,0.4047756965997318,0.4047756965997318,0.4047756965997318,0.4047756965997318,0.4047756965997318,0.4047756965997318,0.4047756965997318,0.4047756965997318,0.4047756965997318,0.6379685016144211,0.1628709679342058,0.1616152516678166,0.163015890618864,0.855055470724046,0.1610087079168027,0.1601560729283755,0.9937755449236336,1.0004099441652523,0.2084878054821785,-0.0015326721246397,-0.0017849307503397,402.0,0.0,0.0926599923456954,0.3253723149622051,0.1325561314591513,0.3344508118899171,0.7673368828674216,0.171345108192211,0.0741423907856182,0.8077350598370507,0.9325290066271064,0.4103447885466904,100000,30,10,0.1,1.0,0.1,0,9,0.001,1e-06,0.001,1e-07,1.0,1e-07,adamax,0,0.0,disordered,1,0.4086976014616158,0 days 02:36:32.165057,0.001532703805326,3.510540276741907,3.33270359527427,1.0
257,257,257,257,257,0.3794532847236936,0.3794532847236936,0.3794532847236936,0.3794532847236936,0.3794532847236936,0.3794532847236936,0.3794532847236936,0.3794532847236936,0.3794532847236936,0.3794532847236936,1.0002457736863568,0.1430771799506023,0.2458034032984658,0.4513562594294673,0.1432188800846456,0.1413785832001963,0.141166886636734,0.170490187385188,0.1861286384442287,0.7898582685756491,-0.001612691094916,-0.0017664909822926,431.0,0.0,0.2152282906670802,0.8851003106243219,0.0569248119607362,0.3469704817392123,0.8052679974095998,0.7313561010156443,0.7619255532478207,0.4808196668333941,0.7038498972102746,0.3041274037383474,100000,30,10,0.1,1.0,0.1,0,9,0.001,1e-06,0.001,1e-07,1.0,1e-07,adamax,0,0.0,disordered,1,0.3782831990968673,0 days 02:36:32.165057,0.0016126963564577,3.021996208399817,3.2083015438648226,1.0
258,258,258,258,258,0.1638433645577981,0.1638433645577981,0.1638433645577981,0.1638433645577981,0.1638433645577981,0.1638433645577981,0.1638433645577981,0.1638433645577981,0.1638433645577981,0.1638433645577981,0.1121095838695274,0.1037821110960583,1.0007125670852697,0.0259290762988034,0.0254541728824679,0.0256343267133302,0.0253580982578967,0.0269004273655649,0.2299011190859835,0.1066910116596272,-0.0028068432238434,-0.0032775781800172,805.0,0.0,0.8654412239970198,0.7879370414502169,0.9421300208264416,0.7655567952170195,0.7283477491541813,0.1894850892328052,0.5692679561641704,0.0757737949846564,0.9170775304514804,0.7980433262342324,100000,30,10,0.1,1.0,0.1,0,9,0.001,1e-06,0.001,1e-07,1.0,1e-07,adamax,0,0.0,disordered,1,0.1648570529224195,0 days 02:36:32.165057,0.0028068689867763,3.399762058753452,3.428141581042499,1.0
259,259,259,259,259,0.2414157116103015,0.2414157116103015,0.2414157116103015,0.2414157116103015,0.2414157116103015,0.2414157116103015,0.2414157116103015,0.2414157116103015,0.2414157116103015,0.2414157116103015,0.1481060461931817,0.7644032595346995,0.926932060769734,0.0584081084321368,0.9546089496872756,0.0577247326061686,0.0696505158958091,1.0023018386449378,0.0581312768333834,0.0616029345646545,-0.0021406347812666,-0.0028897334468618,619.0,0.0,0.5347384480514644,0.8328512474128952,0.8688294765361098,0.3576412026843396,0.6729904847785244,0.1316870185948778,0.0494690471332501,0.7734713847258656,0.2179444903296191,0.4051685070348134,100000,30,10,0.1,1.0,0.1,0,9,0.001,1e-06,0.001,1e-07,1.0,1e-07,adamax,0,0.0,disordered,1,0.2411593606584642,0 days 02:36:32.165057,0.0021406350198873,3.786597125796409,3.317808051156371,1.0
260,260,260,260,260,0.3026648059395688,0.3026648059395688,0.3026648059395688,0.3026648059395688,0.3026648059395688,0.3026648059395688,0.3026648059395688,0.3026648059395688,0.3026648059395688,0.3026648059395688,0.1725249173491169,0.9447355458122896,0.8846258856871775,0.2298116878481338,1.0001904550873302,0.0920217157841255,0.0899475938430443,0.0911834065732041,0.9084396012636948,0.0937066725450407,-0.001974532454667,-0.0023669341808271,524.0,0.0,0.4895244512820976,0.944529780676274,0.7779945093375673,0.548788980306916,0.8087660989410643,0.249111627952104,0.0858929229390899,0.254972155699174,0.5957210477611887,0.3361802632506178,100000,30,10,0.1,1.0,0.1,0,9,0.001,1e-06,0.001,1e-07,1.0,1e-07,adamax,0,0.0,disordered,1,0.3001131681267296,0 days 02:36:32.165057,0.0019745686790354,3.587459961580369,3.33261497531692,1.0
261,261,261,261,261,0.1864408533970483,0.1864408533970483,0.1864408533970483,0.1864408533970483,0.1864408533970483,0.1864408533970483,0.1864408533970483,0.1864408533970483,0.1864408533970483,0.1864408533970483,0.2922726030104851,0.1374592141174284,0.0137499071746572,1.0004651328310044,0.1795361773706764,0.0425295002405553,0.0177367028298339,0.5562890583554104,0.0158634113660873,0.2072728112804435,-0.0024053260691311,-0.0027509046008405,1161.0,0.0,0.9883799878715483,0.5522747263302411,0.5682927062040893,0.7419191567654806,0.5150272388966293,0.173762931102551,0.2014018916290892,0.4537291805351077,0.2529303537024083,0.2071190140352143,100000,30,10,0.1,1.0,0.1,0,9,0.001,1e-06,0.001,1e-07,1.0,1e-07,adamax,0,0.0,disordered,1,0.1881398303595567,0 days 02:36:32.165057,0.0024053674784156,3.0499185412561456,3.1140394618196865,1.0
262,262,262,262,262,0.1265331759388942,0.1265331759388942,0.1265331759388942,0.1265331759388942,0.1265331759388942,0.1265331759388942,0.1265331759388942,0.1265331759388942,0.1265331759388942,0.1265331759388942,0.0271223836311274,0.9806715087532384,1.0017407846330144,0.0163431609013204,0.0170341659339512,0.0188003349558722,0.1666342819655558,0.110652812544217,0.0162867640028486,0.0158034048241396,-0.0028895312351959,-0.0043655594272282,904.0,0.0,0.3677948718250868,0.8022049364481282,0.8649307511344473,0.263361393734891,0.1976445899594007,0.0359647497220525,0.0092730827320837,0.3667459082696913,0.193624417425568,0.5036283345830826,100000,30,10,0.1,1.0,0.1,0,9,0.001,1e-06,0.001,1e-07,1.0,1e-07,adamax,0,0.0,disordered,1,0.1260905163335795,0 days 02:36:32.165057,0.0028895339877062,3.6978926601190296,3.661322607838658,1.0
263,263,263,263,263,0.2191196687578145,0.2191196687578145,0.2191196687578145,0.2191196687578145,0.2191196687578145,0.2191196687578145,0.2191196687578145,0.2191196687578145,0.2191196687578145,0.2191196687578145,0.9032807223907696,0.2278706011739614,0.064336658419823,1.0022248389462844,0.9858262862111912,0.1118512176418859,0.1004907956794922,0.0475825312368358,0.0635719629283797,0.0627887150127277,-0.002150958067174,-0.0028096272458539,667.0,0.0,0.1314198051986721,0.6267589787464479,0.5573134997452802,0.913913495233418,0.8106934315245854,0.1216145605187998,0.5469880187365489,0.3670105904446643,0.041128447497859,0.5501240844177487,100000,30,10,0.1,1.0,0.1,0,9,0.001,1e-06,0.001,1e-07,1.0,1e-07,adamax,0,0.0,disordered,1,0.2197482304933806,0 days 02:36:32.165057,0.002150960310205,3.4458912447794057,3.300045256211839,1.0
264,264,264,264,264,0.445962762681909,0.445962762681909,0.445962762681909,0.445962762681909,0.445962762681909,0.445962762681909,0.445962762681909,0.445962762681909,0.445962762681909,0.445962762681909,0.0361849830141736,0.0353024930455582,0.0472682939803361,0.0708366511091812,0.2031532850533897,0.0639824265160413,0.0997521962930595,0.0629457149615544,0.2839992489607494,1.0005696182693058,-0.0013874204757499,-0.0016635261711813,1100.0,0.0,0.9756807101632458,0.1452335134155775,0.0049731952874135,0.1983570391565602,0.4297408315359265,0.2642354381906198,0.6932936735933287,0.2672623689173509,0.8626971619102233,0.1282659346033251,100000,30,10,0.1,1.0,0.1,0,9,0.001,1e-06,0.001,1e-07,1.0,1e-07,adamax,0,0.0,disordered,1,0.4477265757124896,0 days 02:36:32.165057,0.0013874250745598,4.278674469446778,3.5687441483988973,1.0
265,265,265,265,265,0.1747772774464678,0.1747772774464678,0.1747772774464678,0.1747772774464678,0.1747772774464678,0.1747772774464678,0.1747772774464678,0.1747772774464678,0.1747772774464678,0.1747772774464678,1.0017078841694589,0.0850594844274595,0.5884238358448693,0.0553285151126656,0.3017983618738927,0.4579232720948952,0.0682076032799588,0.0335091035031303,0.0302125312838139,0.0295231424320364,-0.0027181076701747,-0.0040212723289747,769.0,0.0,0.1554012837198247,0.969377300428406,0.0732914500203085,0.7549998240434538,0.0837677614254499,0.158740130602586,0.6247094369153915,0.8248364219899545,0.61683593577394,0.9963130923697778,100000,30,10,0.1,1.0,0.1,0,9,0.001,1e-06,0.001,1e-07,1.0,1e-07,adamax,0,0.0,disordered,1,0.1748078189411299,0 days 02:36:32.165057,0.0027181077354122,3.796044003438883,3.122034456800732,1.0
266,266,266,266,266,0.445962762681909,0.445962762681909,0.445962762681909,0.445962762681909,0.445962762681909,0.445962762681909,0.445962762681909,0.445962762681909,0.445962762681909,0.445962762681909,0.1723998838180272,0.17883203130254,0.2086574822835431,0.2184277024226057,0.2361261013709623,0.1830953595494829,0.1727232100282556,0.1730168112861575,0.2270102659583215,1.0007694888362073,-0.001473258025864,-0.0016880119917563,415.0,0.0,0.9862650632997776,0.1496825260515591,0.4663641044360879,0.4693755395883446,0.1866419388638073,0.658724005284566,0.8699229564331522,0.739314693065344,0.7889120561966407,0.2608953373879905,100000,30,10,0.1,1.0,0.1,0,9,0.001,1e-06,0.001,1e-07,1.0,1e-07,adamax,0,0.0,disordered,1,0.4423093402273313,0 days 02:36:32.165057,0.0014732866414743,3.6991787012499606,3.4924421508161223,1.0
267,267,267,267,267,0.2493409369951876,0.2493409369951876,0.2493409369951876,0.2493409369951876,0.2493409369951876,0.2493409369951876,0.2493409369951876,0.2493409369951876,0.2493409369951876,0.2493409369951876,0.2455176274235208,0.5294927003547455,0.2876476832308081,1.0010615014205562,0.0600788919589217,0.0608187813063925,0.1184868504657197,0.99108915662227,0.3062224255917521,0.0649825386948883,-0.0020703850446218,-0.0023373426284378,616.0,0.0,0.5658976998449771,0.1771920208128851,0.7632416685987634,0.9303556820469552,0.4980075984843168,0.5180013816179263,0.7386344412351523,0.8936842151923095,0.0920337176574582,0.7535529918836987,100000,30,10,0.1,1.0,0.1,0,9,0.001,1e-06,0.001,1e-07,1.0,1e-07,adamax,0,0.0,disordered,1,0.248029278306211,0 days 02:36:32.165057,0.002070397899721,3.444864189245922,3.3040366526102147,1.0
268,268,268,268,268,0.1535934676510894,0.1535934676510894,0.1535934676510894,0.1535934676510894,0.1535934676510894,0.1535934676510894,0.1535934676510894,0.1535934676510894,0.1535934676510894,0.1535934676510894,0.0001026198061543,2.2565823288687368e-05,0.030705088779782,0.0917387391443336,0.6020326449907203,2.938608634043877e-05,0.7351291874646848,2.5460817221198245e-05,2.850589094546837e-05,0.3876280402555187,-0.0026641233952852,-0.0030109434096167,6103.0,1.0,0.8954766724913747,0.2084573312018964,0.2950824311468091,0.4705927554564316,0.5950447400288534,0.4579302653735336,0.5732551458625734,0.3881864994297214,0.421754827938559,0.3106504491655834,100000,30,10,0.1,1.0,0.1,0,9,0.001,1e-06,0.001,1e-07,1.0,1e-07,adamax,0,0.0,disordered,1,0.1513659878343281,0 days 02:36:32.165057,0.0026642183743732,3.525643593813269,3.2016707043197137,1.0
269,269,269,269,269,0.3334618015786361,0.3334618015786361,0.3334618015786361,0.3334618015786361,0.3334618015786361,0.3334618015786361,0.3334618015786361,0.3334618015786361,0.3334618015786361,0.3334618015786361,1.0001166942854256,0.0806937620335203,0.0370454419848859,0.067138457403091,0.0695395958005045,0.0267565737638606,0.0251980708652264,0.1982749796085382,0.1764205839202589,0.7647780437933996,-0.0016516998830653,-0.0018221549134662,1133.0,0.0,0.6538618646577183,0.9378398401958934,0.9857411687514108,0.3822793335511966,0.0447837545754448,0.6344540443711366,0.9535155505474926,0.9528442754090228,0.6866387119651769,0.374571382510796,100000,30,10,0.1,1.0,0.1,0,9,0.001,1e-06,0.001,1e-07,1.0,1e-07,adamax,0,0.0,disordered,1,0.3293307968518343,0 days 02:36:32.165057,0.001651757551403,3.087577573199228,3.306708209493982,1.0
270,270,270,270,270,0.2493409369951876,0.2493409369951876,0.2493409369951876,0.2493409369951876,0.2493409369951876,0.2493409369951876,0.2493409369951876,0.2493409369951876,0.2493409369951876,0.2493409369951876,0.8367385598598034,0.2442646539953394,0.2459385028228683,0.9932932121721288,0.1755686161511035,1.0011320926020844,0.162348916810581,0.1813674277187983,0.0663826147653481,0.0866147507848561,-0.0022457331607337,-0.002640214639138,607.0,0.0,0.0832200958643163,0.4619080306863552,0.6550143139959383,0.7226245092723456,0.6616841453875995,0.7867142639609922,0.1126774006320914,0.517710147750081,0.4516629498610115,0.5011458474264819,100000,30,10,0.1,1.0,0.1,0,9,0.001,1e-06,0.001,1e-07,1.0,1e-07,adamax,0,0.0,disordered,1,0.249319737640055,0 days 02:36:32.165057,0.0022457331105159,3.1939694834558825,3.031610625665968,1.0
271,271,271,271,271,0.0977192128371799,0.0977192128371799,0.0977192128371799,0.0977192128371799,0.0977192128371799,0.0977192128371799,0.0977192128371799,0.0977192128371799,0.0977192128371799,0.0977192128371799,0.5017700354420543,0.122349769011545,0.3798944792462469,0.6451713832187501,0.0195733422220627,3.8597455795232425e-07,3.249804613151151e-07,5.169184578637234e-07,3.31141513911642e-07,2.866317968658914e-06,-0.0040209984172873,-0.0058362807131204,8318.0,1.0,0.4659594818300158,0.604678520127203,0.1066072353397643,0.0106474547550092,0.4366853920221658,0.5885711331191602,0.4241803299861904,0.514728566376785,0.4008883582920273,0.8127546735256219,100000,30,10,0.1,1.0,0.1,0,9,0.001,1e-06,0.001,1e-07,1.0,1e-07,adamax,0,0.0,disordered,1,0.0977015342649677,0 days 02:36:32.165057,0.004020998499876,3.232258818337387,3.304002684983457,1.0
272,272,272,272,272,0.1747772774464678,0.1747772774464678,0.1747772774464678,0.1747772774464678,0.1747772774464678,0.1747772774464678,0.1747772774464678,0.1747772774464678,0.1747772774464678,0.1747772774464678,0.0368828422589751,0.0308365718246838,0.0318386125702713,0.0302709542902593,0.0307879492301763,0.0309473576237769,1.000894889697395,0.0907800466531561,0.0306551967442099,0.307026207358643,-0.002394788642469,-0.0029911366221077,760.0,0.0,0.8101603872738865,0.151060378924085,0.6237938163812798,0.5232326869776311,0.0560213795149061,0.0880739856496465,0.8140995207742553,0.7159176301300607,0.1578200566934275,0.5868011269753782,100000,30,10,0.1,1.0,0.1,0,9,0.001,1e-06,0.001,1e-07,1.0,1e-07,adamax,0,0.0,disordered,1,0.1729082485271214,0 days 02:36:32.165057,0.0023948184347266,3.53776974745398,3.5650472259977515,1.0
273,273,273,273,273,0.2263129568399526,0.2263129568399526,0.2263129568399526,0.2263129568399526,0.2263129568399526,0.2263129568399526,0.2263129568399526,0.2263129568399526,0.2263129568399526,0.2263129568399526,0.0570631210828765,0.0496512446971239,0.6301935113272255,0.8127908436556905,0.2099958978649311,1.0001575682351216,0.0745371948465706,0.0496309734081462,0.0643635772082554,0.0491176532060037,-0.002312573724953,-0.0030309266201574,662.0,0.0,0.8935856838618846,0.5232036772996999,0.601254124412449,0.6769815814116454,0.5294803439752425,0.8793058389897858,0.2552990482349658,0.2256741123218106,0.1008685885186569,0.4444062800865939,100000,30,10,0.1,1.0,0.1,0,9,0.001,1e-06,0.001,1e-07,1.0,1e-07,adamax,0,0.0,disordered,1,0.2285082598449652,0 days 02:36:32.165057,0.0023126189283739,3.577081360385374,3.328711419680893,1.0
274,274,274,274,274,0.1692220351641034,0.1692220351641034,0.1692220351641034,0.1692220351641034,0.1692220351641034,0.1692220351641034,0.1692220351641034,0.1692220351641034,0.1692220351641034,0.1692220351641034,0.7959460165583981,0.4019324583145672,0.5507957566773816,0.3328213626085169,0.3578145170911683,0.3745071738234583,2.447238005910542e-05,0.0001310662851581,0.0464661912337088,1.8668458566747896e-05,-0.0030242797980343,-0.0036961966485785,7769.0,1.0,0.3266186604958152,0.4998105982025818,0.1746521771424269,0.4806145190096268,0.4961025453543837,0.3056658187410817,0.8043076207169698,0.5053229983693688,0.5946087624129153,0.952240590006979,100000,30,10,0.1,1.0,0.1,0,9,0.001,1e-06,0.001,1e-07,1.0,1e-07,adamax,0,0.0,disordered,1,0.1686199022033589,0 days 02:36:32.165057,0.0030242888513994,3.385407048347936,3.115516581659476,1.0
275,275,275,275,275,0.0221151239972548,0.0221151239972548,0.0221151239972548,0.0221151239972548,0.0221151239972548,0.0221151239972548,0.0221151239972548,0.0221151239972548,0.0221151239972548,0.0221151239972548,0.0237592499889663,2.053148655355977e-06,8.648231359862777e-07,0.0327427694861827,1.57084316455962e-07,1.5744442031918658e-07,5.779156939837774e-07,9.454475040948858e-07,0.0257603830206894,3.1667547315683995e-06,-0.0057623282304207,-0.0062524270724274,7270.0,1.0,0.8769549097354983,0.6449731068224848,0.0053036025347792,0.6442923242156278,0.3049230873607423,0.24701432822798,0.6052588097979229,0.1761206429723647,0.7359420750755481,0.7763506180697476,100000,30,10,0.1,1.0,0.1,0,9,0.001,1e-06,0.001,1e-07,1.0,1e-07,adamax,0,0.0,disordered,1,0.022029592529306,0 days 02:36:32.165057,0.0057623351312341,3.817079462518385,4.010268610313953,1.0
276,276,276,276,276,0.4047756965997318,0.4047756965997318,0.4047756965997318,0.4047756965997318,0.4047756965997318,0.4047756965997318,0.4047756965997318,0.4047756965997318,0.4047756965997318,0.4047756965997318,0.1532328965597932,0.1691233555828518,0.8031142072155572,0.1518088594020842,0.5002394444690125,0.2873831574927364,0.9726188705610196,0.1499083427829297,1.0020543886933029,0.2508685678654682,-0.0013241932823305,-0.0015438619367549,434.0,0.0,0.1378328494587537,0.151966353624163,0.925285077913802,0.0305454210323403,0.7981187024493254,0.7469151591312451,0.7032878921611835,0.0338023897631204,0.9418283836724008,0.20546840028302,100000,30,10,0.1,1.0,0.1,0,9,0.001,1e-06,0.001,1e-07,1.0,1e-07,adamax,0,0.0,disordered,1,0.4042029672485022,0 days 02:36:32.165057,0.0013241938831481,3.647807703753621,3.3648411077632328,1.0
277,277,277,277,277,0.1076624177045492,0.1076624177045492,0.1076624177045492,0.1076624177045492,0.1076624177045492,0.1076624177045492,0.1076624177045492,0.1076624177045492,0.1076624177045492,0.1076624177045492,9.694322144188251e-07,9.475359274652084e-07,1.7605749780964637e-07,9.99580915594624e-08,1.0403679010963836e-06,1.50653559202294e-06,6.4082415956383445e-06,5.306982745164096e-05,0.2226659019574205,7.116955892388198e-06,-0.0028196686856173,-0.0052614551733266,8031.0,0.0,0.8728077965440963,0.5007396312109774,0.3256459273497325,0.1748341691579661,0.0114767132297118,0.2342906526973365,0.1162598230412464,0.0066563200512604,0.6648013979836157,0.9771697778493912,100000,30,10,0.1,1.0,0.1,0,9,0.001,1e-06,0.001,1e-07,1.0,1e-07,adamax,0,0.0,disordered,1,0.1061803854773777,0 days 02:36:32.165057,0.0028197219174414,4.4322978340481445,4.31629623166886,1.0
278,278,278,278,278,0.3794532847236936,0.3794532847236936,0.3794532847236936,0.3794532847236936,0.3794532847236936,0.3794532847236936,0.3794532847236936,0.3794532847236936,0.3794532847236936,0.3794532847236936,0.1649540077309747,0.5154274822020534,1.0005993993786448,0.1869268100762358,0.1419906817531171,0.142258907009537,0.1655825002241673,0.6661957795786831,0.1481817791368316,0.7443147393057148,-0.0016182476123575,-0.001764439133275,428.0,0.0,0.5144152528968474,0.8204181545276492,0.9703876172775256,0.0807466354298075,0.4254319205126254,0.4217884105482588,0.2487687638254676,0.7175643490057031,0.5537527821643865,0.1679244739437104,100000,30,10,0.1,1.0,0.1,0,9,0.001,1e-06,0.001,1e-07,1.0,1e-07,adamax,0,0.0,disordered,1,0.3809595610449007,0 days 02:36:32.165057,0.0016182537332692,3.4499634922661824,3.362266615219845,1.0
279,279,279,279,279,0.1805148879221106,0.1805148879221106,0.1805148879221106,0.1805148879221106,0.1805148879221106,0.1805148879221106,0.1805148879221106,0.1805148879221106,0.1805148879221106,0.1805148879221106,5.013308323381033e-05,0.0114875745403533,6.23969928939741e-05,0.3027913441441673,2.80886070069372e-05,0.940185915480451,8.172603759769805e-05,0.0937276716495138,0.1506720812200057,4.461424078984261e-05,-0.0025313265206438,-0.0031980819995225,6592.0,1.0,0.9457826986198424,0.1192835651627532,0.0496830502617905,0.7558344124568469,0.4273698252746744,0.6525989397308843,0.0293280277415377,0.0800179552122662,0.2844917022951683,0.3277155772772908,100000,30,10,0.1,1.0,0.1,0,9,0.001,1e-06,0.001,1e-07,1.0,1e-07,adamax,0,0.0,disordered,1,0.1832941736699523,0 days 02:36:32.165057,0.0025314461083015,3.441848515948749,3.485071808304899,1.0
280,280,280,280,280,0.2054117348353061,0.2054117348353061,0.2054117348353061,0.2054117348353061,0.2054117348353061,0.2054117348353061,0.2054117348353061,0.2054117348353061,0.2054117348353061,0.2054117348353061,0.0429928024949688,0.0637222832773875,0.1938025131667593,0.998967097383634,0.0771934308965495,0.0419155611604667,0.0496026589659763,1.0016839261943238,0.0492361832919748,0.0568238125721951,-0.0024727711216678,-0.0032628029907224,693.0,0.0,0.5278125088659839,0.318136568470538,0.2315795162140604,0.9511782787436884,0.1326977726338979,0.5025277899584487,0.223667964909474,0.8118586684336861,0.6191173950887304,0.6204957812457725,100000,30,10,0.1,1.0,0.1,0,9,0.001,1e-06,0.001,1e-07,1.0,1e-07,adamax,0,0.0,disordered,1,0.2040968718207206,0 days 02:36:32.165057,0.0024727934377685,3.6946823160226665,3.42154624394363,1.0
281,281,281,281,281,0.1925613572129195,0.1925613572129195,0.1925613572129195,0.1925613572129195,0.1925613572129195,0.1925613572129195,0.1925613572129195,0.1925613572129195,0.1925613572129195,0.1925613572129195,0.466623914440256,0.2550333136343758,0.999709236802022,0.0779634779547753,0.068100515088201,0.0478129313069164,0.0382895598312649,1.0006045099376566,0.0410142723614936,0.0361118858858258,-0.0027421569568683,-0.0034748241846869,727.0,0.0,0.435440675338833,0.4582904144594563,0.9921851717130896,0.4248277365856714,0.6574672079546182,0.0881713784179982,0.5245834158918792,0.755821557180018,0.4688493074920858,0.7273168622303527,100000,30,10,0.1,1.0,0.1,0,9,0.001,1e-06,0.001,1e-07,1.0,1e-07,adamax,0,0.0,disordered,1,0.1929044714113482,0 days 02:36:32.165057,0.0027421584925011,3.383235975066611,3.258322265941493,1.0
282,282,282,282,282,0.0601948197382726,0.0601948197382726,0.0601948197382726,0.0601948197382726,0.0601948197382726,0.0601948197382726,0.0601948197382726,0.0601948197382726,0.0601948197382726,0.0601948197382726,0.0061218922025832,0.0036536988675134,0.0056004330867834,0.0061197015614674,0.0605381114872778,1.0017769577932412,0.0967210095653487,0.1923047988958149,0.003648899238457,0.0045317313018218,-0.004240528394079,-0.0061241989930151,1235.0,0.0,0.6642606717342343,0.1098898573146673,0.4771317496998679,0.0312014157005438,0.0909429114613579,0.6732269794882545,0.2198682291590735,0.0506398991912545,0.4683997258247909,0.6982124711913849,100000,30,10,0.1,1.0,0.1,0,9,0.001,1e-06,0.001,1e-07,1.0,1e-07,adamax,0,0.0,disordered,1,0.0602404008951004,0 days 02:36:32.165057,0.0042405288509459,4.771954149162816,3.7137163359069074,1.0
283,283,283,283,283,0.2837303616516209,0.2837303616516209,0.2837303616516209,0.2837303616516209,0.2837303616516209,0.2837303616516209,0.2837303616516209,0.2837303616516209,0.2837303616516209,0.2837303616516209,0.509171784887452,0.3979827765549231,0.3584185266941074,0.440480040029449,0.4490012615095125,0.0004533980059771,0.1699815728124123,0.0015562733391049,0.933526617354434,0.0994662843472618,-0.0022145638600098,-0.0025037026555949,5692.0,1.0,0.2801904171648375,0.1906005552455659,0.230797647145204,0.0230889340700155,0.0417394724866417,0.4624317947354035,0.2153979852087361,0.4279799409301008,0.9132574465254402,0.8042383326726235,100000,30,10,0.1,1.0,0.1,0,9,0.001,1e-06,0.001,1e-07,1.0,1e-07,adamax,0,0.0,disordered,1,0.2880922119174935,0 days 02:36:32.165057,0.0022147272133387,3.3193909833617545,3.2745392288615225,1.0
284,284,284,284,284,0.088694316560147,0.088694316560147,0.088694316560147,0.088694316560147,0.088694316560147,0.088694316560147,0.088694316560147,0.088694316560147,0.088694316560147,0.088694316560147,0.0405561662305782,0.488920102089002,2.113044672716088e-07,2.1926211659464306e-07,1.9283299287689058e-07,2.035421747116389e-07,0.0010482550804377,0.007451578234052,5.796376097392786e-06,7.428014651614943e-07,-0.0031364049683107,-0.0050490136553195,8843.0,1.0,0.8267273504991763,0.929023616452101,0.6669769559759705,0.4377045405814164,0.073335824822771,0.7217063751878922,0.111179044306536,0.3033866478777075,0.2806086191107868,0.937853584622824,100000,30,10,0.1,1.0,0.1,0,9,0.001,1e-06,0.001,1e-07,1.0,1e-07,adamax,0,0.0,disordered,1,0.0878571938802889,0 days 02:36:32.165057,0.0031364425791874,3.595311291686979,3.827209062029844,1.0
285,285,285,285,285,0.0145319752423689,0.0145319752423689,0.0145319752423689,0.0145319752423689,0.0145319752423689,0.0145319752423689,0.0145319752423689,0.0145319752423689,0.0145319752423689,0.0145319752423689,1.1908387865431785e-07,1.2586894261459726e-07,0.0259173247135594,0.0249503651746603,7.307872010183965e-07,0.1585109613750788,0.0726017405866862,2.531939048938668e-06,2.3962453283090803e-07,9.99272004629928e-08,-0.0072412925416186,-0.0088832360441237,10134.0,0.0,0.8666195092203972,0.2545932023334656,0.3747550301281869,0.4773484970573644,0.0477178302504632,0.0192305137919545,0.5690988942672214,0.500237146077834,0.6294636587888246,0.8784156622342133,100000,30,10,0.1,1.0,0.1,0,9,0.001,1e-06,0.001,1e-07,1.0,1e-07,adamax,0,0.0,disordered,1,0.0146927879765511,0 days 02:36:32.165057,0.0072413766733865,5.159698148707435,4.87251625413473,1.0
286,286,286,286,286,0.1925613572129195,0.1925613572129195,0.1925613572129195,0.1925613572129195,0.1925613572129195,0.1925613572129195,0.1925613572129195,0.1925613572129195,0.1925613572129195,0.1925613572129195,0.2851060419412635,0.9926880931449072,0.0369386106825032,0.9829054884976748,0.0365232395027004,0.8862459254584865,1.0007656284235331,0.038172284420484,0.0363601670108817,0.0364508300933669,-0.0020854795709988,-0.0030825700921508,720.0,0.0,0.1383305444213748,0.8959807609454241,0.2096072329667661,0.92267898419396,0.1586010092630354,0.3994831424772106,0.7364412446434414,0.2002039593139714,0.1171722651598887,0.2687335756630974,100000,30,10,0.1,1.0,0.1,0,9,0.001,1e-06,0.001,1e-07,1.0,1e-07,adamax,0,0.0,disordered,1,0.1954072751037559,0 days 02:36:32.165057,0.0020855427723898,3.4631134928709977,3.315716387341836,1.0
287,287,287,287,287,0.3794532847236936,0.3794532847236936,0.3794532847236936,0.3794532847236936,0.3794532847236936,0.3794532847236936,0.3794532847236936,0.3794532847236936,0.3794532847236936,0.3794532847236936,1.0009682644699205,0.1372383684687711,0.1995132295090461,0.140734955327889,0.1352156919592731,0.1561406811208801,0.1618188423041312,0.1391202745015858,0.4240534022353273,0.6100967515098707,-0.0015099453062558,-0.0016248172004263,451.0,0.0,0.3364332254505885,0.8859235799567501,0.250740658592031,0.6818726384248391,0.8348612693863806,0.0133505957865881,0.273762834221375,0.902726656459502,0.5817087775335785,0.1693126927876244,100000,30,10,0.1,1.0,0.1,0,9,0.001,1e-06,0.001,1e-07,1.0,1e-07,adamax,0,0.0,disordered,1,0.3757575638210004,0 days 02:36:32.165057,0.0015099786400003,3.2049131844489294,3.342775778291783,1.0
288,288,288,288,288,0.3334618015786361,0.3334618015786361,0.3334618015786361,0.3334618015786361,0.3334618015786361,0.3334618015786361,0.3334618015786361,0.3334618015786361,0.3334618015786361,0.3334618015786361,0.1129797780576192,0.1126507300179646,0.9971920668357016,0.986677460584674,0.1078561783514306,1.000042880273506,0.1234464577729695,0.996239481862394,0.1383109185229897,0.1523460112726248,-0.0017579354432815,-0.0020758463980005,488.0,0.0,0.4931705350093037,0.4002097735936605,0.8354219932517978,0.7926098323818732,0.3241779405369809,0.9830646964827148,0.0477884867818838,0.9096517536701376,0.097267032824367,0.5542749186044887,100000,30,10,0.1,1.0,0.1,0,9,0.001,1e-06,0.001,1e-07,1.0,1e-07,adamax,0,0.0,disordered,1,0.3318977672394712,0 days 02:36:32.165057,0.001757943093595,3.904819428822525,3.371363620636111,1.0
289,289,289,289,289,0.2191196687578145,0.2191196687578145,0.2191196687578145,0.2191196687578145,0.2191196687578145,0.2191196687578145,0.2191196687578145,0.2191196687578145,0.2191196687578145,0.2191196687578145,0.5910832065272308,0.3728193239655019,0.05027648618619,0.0475021185942828,0.9562210335067504,0.0473242132447814,0.0474834778782087,1.0002604337516312,0.0470778201274629,0.0489020441125028,-0.0023725748735602,-0.0033568244199807,665.0,0.0,0.4189021314134399,0.8234209293184693,0.4805061611921127,0.281411924913489,0.7128149525361499,0.3820168994194098,0.4251771273663627,0.8162498580807743,0.3562051574027112,0.530048822740228,100000,30,10,0.1,1.0,0.1,0,9,0.001,1e-06,0.001,1e-07,1.0,1e-07,adamax,0,0.0,disordered,1,0.2193705590568365,0 days 02:36:32.165057,0.0023725751279887,3.305373133890469,3.215148228912035,1.0
290,290,290,290,290,0.1747772774464678,0.1747772774464678,0.1747772774464678,0.1747772774464678,0.1747772774464678,0.1747772774464678,0.1747772774464678,0.1747772774464678,0.1747772774464678,0.1747772774464678,0.4721347333923966,1.3817746466510972e-07,9.9926787379146e-08,1.2484201000281478e-07,5.150540469891505e-07,3.281939153114635e-07,9.97412113921385e-05,0.0100555108406288,2.062224266636048e-05,0.4522378435639197,-0.0026653590372745,-0.0038489183050177,7626.0,0.0,0.8087430632572472,0.8267099729670038,0.6836381477745519,0.7098273205737634,0.0951861809945375,0.5452303824885759,0.5979696256481425,0.1411044150060496,0.8883386774979529,0.6756783223405803,100000,30,10,0.1,1.0,0.1,0,9,0.001,1e-06,0.001,1e-07,1.0,1e-07,adamax,0,0.0,disordered,1,0.176308619026486,0 days 02:36:32.165057,0.0026653973995177,3.1407836265966163,3.401045197132789,1.0
291,291,291,291,291,0.1805148879221106,0.1805148879221106,0.1805148879221106,0.1805148879221106,0.1805148879221106,0.1805148879221106,0.1805148879221106,0.1805148879221106,0.1805148879221106,0.1805148879221106,0.8776779480202467,0.6451965296844293,0.6096643485336943,0.5584594772708702,1.5173132066239845e-05,0.1793635840243482,6.659243442766386e-05,0.2113007183458911,1.0597685130986306e-05,0.0001036784834549,-0.0028416275207725,-0.0036681300272997,7571.0,1.0,0.1031471938061922,0.1217301673848533,0.1035658471359807,0.1448197919192561,0.58974415378652,0.097546201456495,0.4087798228349987,0.2886613044402275,0.6535582981725113,0.7123341566952256,100000,30,10,0.1,1.0,0.1,0,9,0.001,1e-06,0.001,1e-07,1.0,1e-07,adamax,0,0.0,disordered,1,0.1832200205112091,0 days 02:36:32.165057,0.002841786738214,3.245675275211435,3.0516079061274595,1.0
292,292,292,292,292,0.1349772330233939,0.1349772330233939,0.1349772330233939,0.1349772330233939,0.1349772330233939,0.1349772330233939,0.1349772330233939,0.1349772330233939,0.1349772330233939,0.1349772330233939,0.5216522903619483,0.2922858051398961,0.1819534888120863,2.26175327746462e-05,2.2425744380058552e-05,5.21428859160224e-06,3.589919222659825e-06,0.1235035867695353,2.940704795620516e-05,0.3018380900311971,-0.003159717568861,-0.003594521556822,6828.0,1.0,0.6383601099847973,0.5954088370670796,0.5562000611310318,0.7675962287549989,0.5012767621670378,0.2140956364946002,0.1094107571203395,0.6000482200302583,0.80501981911651,0.7176535781625706,100000,30,10,0.1,1.0,0.1,0,9,0.001,1e-06,0.001,1e-07,1.0,1e-07,adamax,0,0.0,disordered,1,0.1371216728972769,0 days 02:36:32.165057,0.0031598835803072,3.3261176383303392,3.1556028453351312,1.0
293,293,293,293,293,0.3334618015786361,0.3334618015786361,0.3334618015786361,0.3334618015786361,0.3334618015786361,0.3334618015786361,0.3334618015786361,0.3334618015786361,0.3334618015786361,0.3334618015786361,0.1059629057206901,0.4533936065855162,0.0978355197526709,1.00097661757695,0.1345745182304312,0.1066287883435597,0.1096640541673481,0.1164978892335044,0.365806251459389,0.5450076927682636,-0.0016864490027954,-0.0018599369006939,553.0,0.0,0.7077978198928584,0.777185446924128,0.0806533994303507,0.8507454167128043,0.031269612594601,0.559562244754216,0.4154770741987346,0.1317667119318895,0.5731232422677263,0.1149883664856494,100000,30,10,0.1,1.0,0.1,0,9,0.001,1e-06,0.001,1e-07,1.0,1e-07,adamax,0,0.0,disordered,1,0.3385772160947032,0 days 02:36:32.165057,0.0016865327135719,3.540209453964804,3.3338494902389955,1.0
294,294,294,294,294,0.5241298302206057,0.5241298302206057,0.5241298302206057,0.5241298302206057,0.5241298302206057,0.5241298302206057,0.5241298302206057,0.5241298302206057,0.5241298302206057,0.5241298302206057,1.001071249721796,0.380809557028288,0.2764496439496171,0.3030627599425498,0.2765800633362394,0.2913453163549634,0.2755382739992925,0.2924470543077346,0.5400781538471411,0.7962584330476868,-0.0012704052905596,-0.0013568238312075,283.0,0.0,0.0505762404166152,0.7108632822931158,0.8915345125263209,0.4405463740297752,0.8064621134539653,0.9539262940959512,0.7305731267543529,0.421680384049949,0.9434034429065684,0.2472636957095301,100000,30,10,0.1,1.0,0.1,0,9,0.001,1e-06,0.001,1e-07,1.0,1e-07,adamax,0,0.0,disordered,1,0.5231233082323422,0 days 02:36:32.165057,0.0012704071762107,3.0655862132601728,3.2150732671343727,1.0
295,295,295,295,295,0.2493409369951876,0.2493409369951876,0.2493409369951876,0.2493409369951876,0.2493409369951876,0.2493409369951876,0.2493409369951876,0.2493409369951876,0.2493409369951876,0.2493409369951876,0.1704758164497962,0.8159744103603017,1.0012714600775452,0.1254373385377273,0.4079051336926284,0.0608556055112206,0.0529683662558051,0.928395915631101,0.067061899154503,0.2023443501009428,-0.0020697028652199,-0.0024395585000076,673.0,0.0,0.2385588070509432,0.6698863231474224,0.8252363919080409,0.2609545946839984,0.3136782132049029,0.0277853878946894,0.0948733749029787,0.3297294529593854,0.0947572752330966,0.0222784833335085,100000,30,10,0.1,1.0,0.1,0,9,0.001,1e-06,0.001,1e-07,1.0,1e-07,adamax,0,0.0,disordered,1,0.2510497256492148,0 days 02:36:32.165057,0.0020697262464319,3.289983335039322,3.215361758831452,1.0
296,296,296,296,296,0.1148471547840289,0.1148471547840289,0.1148471547840289,0.1148471547840289,0.1148471547840289,0.1148471547840289,0.1148471547840289,0.1148471547840289,0.1148471547840289,0.1148471547840289,0.01262525264955,1.001022694798661,0.0359870248504739,0.071112440776616,0.0134768046214485,0.1395824331257493,0.2159375165681091,0.1222474269990979,0.0079693547467091,0.0515591558244944,-0.0036327795229327,-0.004294786480703,1212.0,0.0,0.7705703551273733,0.8833589428933932,0.1365328338943136,0.3429746635592937,0.0158781896217724,0.4205723412559977,0.1194476200617402,0.5680865217585311,0.6773855463639422,0.7161586602233061,100000,30,10,0.1,1.0,0.1,0,9,0.001,1e-06,0.001,1e-07,1.0,1e-07,adamax,0,0.0,disordered,1,0.1137766433371447,0 days 02:36:32.165057,0.0036328458342245,4.325730724745535,3.8782043337038767,1.0
297,297,297,297,297,0.1988827856988806,0.1988827856988806,0.1988827856988806,0.1988827856988806,0.1988827856988806,0.1988827856988806,0.1988827856988806,0.1988827856988806,0.1988827856988806,0.1988827856988806,1.0017638707233292,0.3428976379769354,0.1197620612912956,0.3004394388295989,0.0404759135836703,0.041349336761493,0.149886236924584,0.6215236408679438,0.0464191634666517,0.0554171074012613,-0.00228863531807,-0.0032261944292856,702.0,0.0,0.1043067762860063,0.7991971980520339,0.838332325562638,0.2711926659637083,0.9735475529701468,0.3375149250565232,0.2575527416724514,0.1583268933402386,0.9622367725472548,0.9845068936899845,100000,30,10,0.1,1.0,0.1,0,9,0.001,1e-06,0.001,1e-07,1.0,1e-07,adamax,0,0.0,disordered,1,0.2013109496509944,0 days 02:36:32.165057,0.0022887202381068,3.3521931743038924,3.3923780971138746,1.0
298,298,298,298,298,0.3919100249433401,0.3919100249433401,0.3919100249433401,0.3919100249433401,0.3919100249433401,0.3919100249433401,0.3919100249433401,0.3919100249433401,0.3919100249433401,0.3919100249433401,0.153655921765954,0.1597982138129944,0.153835044690594,1.001433285016034,1.0019322819901997,0.2299839270584057,0.204462275254307,0.1695966458916861,0.6314994804214765,0.3761612281273859,-0.0015034387258829,-0.0016395266177028,408.0,0.0,0.7833617607353065,0.3001591142917283,0.1863168957933664,0.8160956278075892,0.8195866498882468,0.6917068724736452,0.0141286385790188,0.0897702749266857,0.5713045891257171,0.0394953411916256,100000,30,10,0.1,1.0,0.1,0,9,0.001,1e-06,0.001,1e-07,1.0,1e-07,adamax,0,0.0,disordered,1,0.3900920499993338,0 days 02:36:32.165057,0.0015034457983022,3.582427087359536,3.395944810872267,1.0
299,299,299,299,299,0.2837303616516209,0.2837303616516209,0.2837303616516209,0.2837303616516209,0.2837303616516209,0.2837303616516209,0.2837303616516209,0.2837303616516209,0.2837303616516209,0.2837303616516209,0.7392803305256941,0.0776983594394714,0.0721980051062764,1.0007054134922135,0.0714432087020264,0.0711158456549363,0.181396235083608,0.8715806694876599,0.0710092693576009,0.2223938917838981,-0.0016007112331865,-0.0019029502120655,604.0,0.0,0.8179250197915076,0.9777640393148442,0.9775786952206656,0.829646147129515,0.0386275721174035,0.1134416250312995,0.9788995294148176,0.542143749584765,0.1121834598919309,0.0047986962695082,100000,30,10,0.1,1.0,0.1,0,9,0.001,1e-06,0.001,1e-07,1.0,1e-07,adamax,0,0.0,disordered,1,0.2855016021243837,0 days 02:36:32.165057,0.0016007234387359,3.003484059017726,3.081654522023688,1.0
300,300,300,300,300,0.4180637241455754,0.4180637241455754,0.4180637241455754,0.4180637241455754,0.4180637241455754,0.4180637241455754,0.4180637241455754,0.4180637241455754,0.4180637241455754,0.4180637241455754,0.1930748424601091,1.0020785291445125,0.2469960126557526,0.9733122345035046,0.2380800418900044,0.2435366641280918,0.999979455636522,0.9851237917266716,0.1745048350981748,0.1735801175037768,-0.0013628338031657,-0.0015521382074179,383.0,0.0,0.115267005663062,0.8785974091814128,0.2993388859024937,0.7459291170862314,0.937366336734396,0.35489974256256,0.9313564413874184,0.8822250626891953,0.1216177817136735,0.1278319281672717,100000,30,10,0.1,1.0,0.1,0,9,0.001,1e-06,0.001,1e-07,1.0,1e-07,adamax,0,0.0,disordered,1,0.4216042999231086,0 days 02:36:32.165057,0.0013628539333995,3.5982741011786814,3.3020803918271,1.0
301,301,301,301,301,0.2747120789270809,0.2747120789270809,0.2747120789270809,0.2747120789270809,0.2747120789270809,0.2747120789270809,0.2747120789270809,0.2747120789270809,0.2747120789270809,0.2747120789270809,0.296188077765546,0.1049613386712245,0.0704810138223782,0.085800475179887,1.001116591848617,0.0701929016965644,0.4651776461932231,0.5150641112451991,0.0722284618739724,0.4312429750934118,-0.0018473252022492,-0.0019704822101615,592.0,0.0,0.9012288743775664,0.8379621667181256,0.8244225168815499,0.6668554539279069,0.9580380097249876,0.4217887832576917,0.8187208922359559,0.7743750860479226,0.4362492184849196,0.2919197500309933,100000,30,10,0.1,1.0,0.1,0,9,0.001,1e-06,0.001,1e-07,1.0,1e-07,adamax,0,0.0,disordered,1,0.2748391124726615,0 days 02:36:32.165057,0.0018473252254164,3.041743609958532,2.9903007928828984,1.0
302,302,302,302,302,0.3026648059395688,0.3026648059395688,0.3026648059395688,0.3026648059395688,0.3026648059395688,0.3026648059395688,0.3026648059395688,0.3026648059395688,0.3026648059395688,0.3026648059395688,0.7822948000174899,0.6795506268196444,0.4975379781450699,0.3833770339212311,0.0756204219931272,1.0007224752011914,0.0749398110079445,0.6695792073304762,0.0801078312016865,0.1039507945139752,-0.0018833305986024,-0.0022019241460273,606.0,0.0,0.1148970826679349,0.9529001346514946,0.8191868690166361,0.7431019824611016,0.2514756636614588,0.820109396472933,0.1962333892589896,0.6352925218784667,0.162132723682877,0.4527068756174857,100000,30,10,0.1,1.0,0.1,0,9,0.001,1e-06,0.001,1e-07,1.0,1e-07,adamax,0,0.0,disordered,1,0.304636566059998,0 days 02:36:32.165057,0.0018833465342433,3.339602629730804,3.3278188331575334,1.0
303,303,303,303,303,0.6571057546036269,0.6571057546036269,0.6571057546036269,0.6571057546036269,0.6571057546036269,0.6571057546036269,0.6571057546036269,0.6571057546036269,0.6571057546036269,0.6571057546036269,0.468377616240448,0.4260272744545352,0.4329570692832259,0.4461078559259709,0.4057215347473377,0.4331065592709185,0.4270099371854559,0.4078410353343463,0.6288811415531149,1.0015692718861282,-0.0011185651956666,-0.001189648296467,209.0,0.0,0.6110690318720912,0.7191537798294915,0.917432036335271,0.9578338934687016,0.7605457635265853,0.0449673550017765,0.3870494664839662,0.7263565217141167,0.8682551861790878,0.0223754131071074,100000,30,10,0.1,1.0,0.1,0,9,0.001,1e-06,0.001,1e-07,1.0,1e-07,adamax,0,0.0,disordered,1,0.6471238443105083,0 days 02:36:32.165057,0.0011186531427395,3.2789743946962164,3.3578030501144585,1.0
304,304,304,304,304,0.293044697697214,0.293044697697214,0.293044697697214,0.293044697697214,0.293044697697214,0.293044697697214,0.293044697697214,0.293044697697214,0.293044697697214,0.293044697697214,1.0005817421455376,0.1723911782675012,0.0867025683328605,0.0894861678444804,0.133488719498293,0.2132888045039088,0.0844180634123746,0.0844122143507131,0.0854046517605828,0.6191943877832474,-0.0019398314087319,-0.0022859124918646,540.0,0.0,0.3994927855175592,0.9352865305331108,0.9276172420620962,0.8841450737133036,0.1531324043775236,0.3220172421923563,0.9279693195160548,0.9198577998286604,0.963700685907931,0.6999404812707226,100000,30,10,0.1,1.0,0.1,0,9,0.001,1e-06,0.001,1e-07,1.0,1e-07,adamax,0,0.0,disordered,1,0.2888321051550737,0 days 02:36:32.165057,0.0019399311993441,3.1766738797322485,3.258513951711284,1.0
305,305,305,305,305,0.1864408533970483,0.1864408533970483,0.1864408533970483,0.1864408533970483,0.1864408533970483,0.1864408533970483,0.1864408533970483,0.1864408533970483,0.1864408533970483,0.1864408533970483,0.1030259199995063,0.0353455706771523,0.9948630425500836,0.0351258941625194,1.0003530587082583,0.4635236837469293,0.3517065310554909,0.0415576332404474,0.0373638498522132,0.059253855655281,-0.0023374816476038,-0.002944387302678,731.0,0.0,0.7101077891395438,0.252237697223585,0.7103146712793887,0.2631889416072038,0.8420325931618102,0.6049027256782059,0.2835056803091478,0.1485516451166109,0.1243693386886878,0.1530930556237263,100000,30,10,0.1,1.0,0.1,0,9,0.001,1e-06,0.001,1e-07,1.0,1e-07,adamax,0,0.0,disordered,1,0.1855933854069372,0 days 02:36:32.165057,0.0023374915333925,3.347273144030033,3.07402776540935,1.0
306,306,306,306,306,0.2837303616516209,0.2837303616516209,0.2837303616516209,0.2837303616516209,0.2837303616516209,0.2837303616516209,0.2837303616516209,0.2837303616516209,0.2837303616516209,0.2837303616516209,1.0664853225047143e-06,1.205622710769375e-06,0.4206236171037997,0.6644031113113914,2.068142416269765e-07,0.3158516781593066,0.0569043816873931,9.999303286088414e-08,1.132697712452574e-07,0.731501979716967,-0.0019629901628842,-0.0022139433463777,20469.0,0.0,0.9161457305298456,0.3687576859935133,0.5669595468352621,0.1470186596387777,0.8967113091031558,0.992002109452133,0.5147490275156694,0.9499885600368956,0.9701136625145927,0.6756551687211889,100000,30,10,0.1,1.0,0.1,0,9,0.001,1e-06,0.001,1e-07,1.0,1e-07,adamax,0,0.0,disordered,1,0.2838558792808004,0 days 02:36:32.165057,0.0019629900499915,3.395647106214789,3.437258820872409,1.0
307,307,307,307,307,0.2054117348353061,0.2054117348353061,0.2054117348353061,0.2054117348353061,0.2054117348353061,0.2054117348353061,0.2054117348353061,0.2054117348353061,0.2054117348353061,0.2054117348353061,1.0003874560959394,0.0952780360656054,0.1013865236657642,0.9358127631174936,0.8014152229824134,0.0643653871674156,0.1813962271600044,0.0322701510051463,0.0769382977031921,0.0348013108143481,-0.0023406897519525,-0.0031300621495191,808.0,0.0,0.1429325326134809,0.6601249582783056,0.1824297694255304,0.8952110001764462,0.8916417348000365,0.1805464910078101,0.3537231622494197,0.6835251509075145,0.2400849932650752,0.8426929876747188,100000,30,10,0.1,1.0,0.1,0,9,0.001,1e-06,0.001,1e-07,1.0,1e-07,adamax,0,0.0,disordered,1,0.2072741736782891,0 days 02:36:32.165057,0.0023407279252717,3.6701805663324687,3.347383803438285,1.0
308,308,308,308,308,0.1692220351641034,0.1692220351641034,0.1692220351641034,0.1692220351641034,0.1692220351641034,0.1692220351641034,0.1692220351641034,0.1692220351641034,0.1692220351641034,0.1692220351641034,0.5705106065118146,0.1896672647803198,0.0796808497661878,0.3922326091700499,1.0005168014694852,0.0277758495591055,0.0278341605604627,0.0390684751327334,0.2238826623273954,0.0275396545314037,-0.0026082705960111,-0.0032953955417261,788.0,0.0,0.5074519866192873,0.6471583160880261,0.455021552701576,0.8081875903544601,0.7914361578902037,0.8042378766844865,0.3651652718958724,0.3576804118279693,0.2426460584093469,0.8995208590171605,100000,30,10,0.1,1.0,0.1,0,9,0.001,1e-06,0.001,1e-07,1.0,1e-07,adamax,0,0.0,disordered,1,0.1699275446594879,0 days 02:36:32.165057,0.0026082806674876,3.534451947439874,3.253668836029804,1.0
309,309,309,309,309,0.4317879727332019,0.4317879727332019,0.4317879727332019,0.4317879727332019,0.4317879727332019,0.4317879727332019,0.4317879727332019,0.4317879727332019,0.4317879727332019,0.4317879727332019,0.6056764841409976,0.248912059637118,0.2501643539292316,0.3827192818825774,1.0007642049689032,0.2075122613631085,0.2028645327970341,0.2122139945895552,0.5548527627486282,0.5204458120774059,-0.0015102391440863,-0.0015994765287035,364.0,0.0,0.1174960720252522,0.3553229724357469,0.0340966532694543,0.6558326165671662,0.959704573815436,0.535738467449102,0.0348565498696192,0.3526742600511262,0.6617173734036776,0.1614675232629825,100000,30,10,0.1,1.0,0.1,0,9,0.001,1e-06,0.001,1e-07,1.0,1e-07,adamax,0,0.0,disordered,1,0.4273056578789364,0 days 02:36:32.165057,0.0015102842148513,3.3196569084280307,3.352026808573995,1.0
310,310,310,310,310,0.2747120789270809,0.2747120789270809,0.2747120789270809,0.2747120789270809,0.2747120789270809,0.2747120789270809,0.2747120789270809,0.2747120789270809,0.2747120789270809,0.2747120789270809,0.0770335544376328,0.0758598701890255,0.0788154240866927,0.9994865649028016,0.0741948820864385,0.0900805307755079,1.0010046188074049,0.1453675989899732,0.0823048284707734,0.5535365244226599,-0.0018911906516209,-0.0021989812069391,566.0,0.0,0.5197121735457872,0.3376557883933568,0.0449962796988543,0.7832399072954109,0.2899752495294391,0.1812937250664439,0.6574280714254463,0.4400644591684004,0.3245048187798456,0.1028207830295079,100000,30,10,0.1,1.0,0.1,0,9,0.001,1e-06,0.001,1e-07,1.0,1e-07,adamax,0,0.0,disordered,1,0.276432414433224,0 days 02:36:32.165057,0.001891204119961,3.531408931558135,3.2990175936013317,1.0
311,311,311,311,311,0.3673924781802071,0.3673924781802071,0.3673924781802071,0.3673924781802071,0.3673924781802071,0.3673924781802071,0.3673924781802071,0.3673924781802071,0.3673924781802071,0.3673924781802071,0.0563163733575721,0.0583703456744733,0.1116222538695361,0.1847740335791801,0.124646161918813,0.0628701649683757,0.0566878006036435,0.1064925314723314,0.2016572646257712,1.0005781995412883,-0.0015062320793332,-0.0017929765226319,816.0,0.0,0.9876947376557084,0.5933871710951234,0.443296832092249,0.5868687191075178,0.453314804225376,0.7892678009461863,0.866126467625619,0.302125317801908,0.9306283022390598,0.2952319883410219,100000,30,10,0.1,1.0,0.1,0,9,0.001,1e-06,0.001,1e-07,1.0,1e-07,adamax,0,0.0,disordered,1,0.3724840345552549,0 days 02:36:32.165057,0.0015062768499779,3.619740870516306,3.4030616635060387,1.0
312,312,312,312,312,0.2659804395593755,0.2659804395593755,0.2659804395593755,0.2659804395593755,0.2659804395593755,0.2659804395593755,0.2659804395593755,0.2659804395593755,0.2659804395593755,0.2659804395593755,0.1084792319667069,1.000843747302298,0.708662098777956,0.0719287673956163,0.3857527626591754,0.9824188708022934,0.0732986456471055,0.1939204059758233,0.1458735723495664,0.1030607443143368,-0.0021569448081223,-0.0024993263734676,584.0,0.0,0.6361245354362794,0.9431710141917132,0.6975722156267917,0.0537800377932241,0.6217509280759834,0.8560950824105203,0.0525816180445954,0.2007623652999489,0.4101034939445396,0.3895477103995718,100000,30,10,0.1,1.0,0.1,0,9,0.001,1e-06,0.001,1e-07,1.0,1e-07,adamax,0,0.0,disordered,1,0.2633131453795326,0 days 02:36:32.165057,0.0021569989991798,3.676019783415247,3.387097750107247,1.0
313,313,313,313,313,0.1042404007021556,0.1042404007021556,0.1042404007021556,0.1042404007021556,0.1042404007021556,0.1042404007021556,0.1042404007021556,0.1042404007021556,0.1042404007021556,0.1042404007021556,5.25079472541369e-05,2.470145080933332e-05,0.0193236605125589,0.1409056810425456,2.853234677935293e-05,0.2990820489002179,0.3268544344669564,0.2556151100325248,0.0002705286746625,0.0400935873648588,-0.0031162900228171,-0.003286300627422,6187.0,1.0,0.980737881660108,0.0858394690487681,0.1769934947805196,0.6332099416373053,0.1122251248701656,0.6176041322847631,0.631009444277022,0.5521792449310217,0.4219330543777089,0.4688673168649789,100000,30,10,0.1,1.0,0.1,0,9,0.001,1e-06,0.001,1e-07,1.0,1e-07,adamax,0,0.0,disordered,1,0.1048919130028419,0 days 02:36:32.165057,0.003116305181979,3.709008284047529,3.419982594620251,1.0
314,314,314,314,314,0.1394082826282575,0.1394082826282575,0.1394082826282575,0.1394082826282575,0.1394082826282575,0.1394082826282575,0.1394082826282575,0.1394082826282575,0.1394082826282575,0.1394082826282575,0.6313334223916208,0.4009678933045041,0.3968142274683643,0.4148578798748027,0.459896016172501,0.0770326870357033,2.37579006618385e-06,6.603160267735027e-07,9.748560593459212e-07,9.71988643456936e-06,-0.0034825659298943,-0.0046186213169961,7904.0,1.0,0.3703050703474619,0.3874850378822095,0.3479789844396158,0.3059189782878799,0.1724539557475153,0.5622395210157518,0.6064673032975222,0.5450361405853635,0.5080541627904619,0.8109065812067465,100000,30,10,0.1,1.0,0.1,0,9,0.001,1e-06,0.001,1e-07,1.0,1e-07,adamax,0,0.0,disordered,1,0.1377764762091346,0 days 02:36:32.165057,0.0034826763380418,2.958310776023519,2.9723445121048435,1.0
315,315,315,315,315,0.2575263326771197,0.2575263326771197,0.2575263326771197,0.2575263326771197,0.2575263326771197,0.2575263326771197,0.2575263326771197,0.2575263326771197,0.2575263326771197,0.2575263326771197,0.4263974781424994,0.4877036513383108,0.2530150210654524,2.04745951583062e-05,9.532670961925396e-06,0.054924815862845,1.3635895896766594e-05,7.446874623730814e-06,2.0421341348635508e-05,0.8042896247088043,-0.002023033378656,-0.0025108346271346,6755.0,1.0,0.912984780874328,0.0623940902494647,0.4053585835436714,0.4702342654072243,0.0989895256344383,0.3329422678595225,0.4177399825672238,0.0405421071775401,0.432598683845726,0.1019778423785265,100000,30,10,0.1,1.0,0.1,0,9,0.001,1e-06,0.001,1e-07,1.0,1e-07,adamax,0,0.0,disordered,1,0.2610485472204278,0 days 02:36:32.165057,0.0020231074689811,2.8051445448767542,3.365612065631523,1.0
316,316,316,316,316,0.1925613572129195,0.1925613572129195,0.1925613572129195,0.1925613572129195,0.1925613572129195,0.1925613572129195,0.1925613572129195,0.1925613572129195,0.1925613572129195,0.1925613572129195,0.3328519793634741,0.3614623642832369,0.3244561854114086,0.3151728726015696,0.0560067214540178,0.0413562744104694,0.0368631551375987,0.0409726297659339,1.000800781717891,0.0363776226191399,-0.0028229905458971,-0.0033132853396254,723.0,0.0,0.405697268029329,0.1989959852407393,0.1017426369298778,0.0641453256310438,0.5146914993733146,0.0029436462960327,0.3972314453993447,0.0603402546880796,0.6885300860953525,0.6492587923306573,100000,30,10,0.1,1.0,0.1,0,9,0.001,1e-06,0.001,1e-07,1.0,1e-07,adamax,0,0.0,disordered,1,0.1898524725018094,0 days 02:36:32.165057,0.002823143649519,3.609192903443005,3.4207507184521795,1.0
317,317,317,317,317,0.3334618015786361,0.3334618015786361,0.3334618015786361,0.3334618015786361,0.3334618015786361,0.3334618015786361,0.3334618015786361,0.3334618015786361,0.3334618015786361,0.3334618015786361,0.3111130912890071,0.1476031375978464,0.8887710698056626,0.1109484132622478,0.9916271172651034,0.7539095484943084,1.001409624222968,0.479502695507104,0.1446179033218035,0.1309786382908538,-0.001708687457136,-0.0018716861636406,477.0,0.0,0.1534919754584059,0.3637796473777184,0.7238740754382852,0.1280319556986398,0.8128231648965567,0.661485263191831,0.9413380476842622,0.6018492981573823,0.0445902509263321,0.409124444921672,100000,30,10,0.1,1.0,0.1,0,9,0.001,1e-06,0.001,1e-07,1.0,1e-07,adamax,0,0.0,disordered,1,0.3337947755385498,0 days 02:36:32.165057,0.0017086880935577,3.649371078019095,3.2463795738752608,1.0
318,318,318,318,318,0.100927151463057,0.100927151463057,0.100927151463057,0.100927151463057,0.100927151463057,0.100927151463057,0.100927151463057,0.100927151463057,0.100927151463057,0.100927151463057,0.3024146964150906,0.3490863912174638,0.3627091973051051,0.4085147224963598,0.1099153874402681,0.1449573371466669,9.73576086872864e-06,0.1105968805911248,8.071172578905835e-06,9.549938959882915e-06,-0.0038045441177992,-0.0045296903353049,7992.0,1.0,0.6886117898087819,0.4691657950373045,0.3717486040287852,0.2505924859984356,0.6898879593102651,0.1555881240222396,0.7635421211835335,0.280977482261397,0.577472027191234,0.9217754151351226,100000,30,10,0.1,1.0,0.1,0,9,0.001,1e-06,0.001,1e-07,1.0,1e-07,adamax,0,0.0,disordered,1,0.10124804612342,0 days 02:36:32.165057,0.0038045510212758,3.5850010385832576,3.469312420476868,1.0
319,319,319,319,319,0.1042404007021556,0.1042404007021556,0.1042404007021556,0.1042404007021556,0.1042404007021556,0.1042404007021556,0.1042404007021556,0.1042404007021556,0.1042404007021556,0.1042404007021556,0.7648663043209417,0.058906916232567,0.2385183303283878,0.0399903496811819,0.1159430409239795,0.4844837450355004,2.1405545890743e-06,3.216858015542469e-06,3.611428006123674e-06,2.421642732745842e-05,-0.0037791316294253,-0.004913735596883,7479.0,1.0,0.5931649067290381,0.8689594774816964,0.0893756936925884,0.5103121192969601,0.6543576980211803,0.162342821302332,0.6961494560836059,0.6592202247176523,0.4589126607363889,0.7942115492192897,100000,30,10,0.1,1.0,0.1,0,9,0.001,1e-06,0.001,1e-07,1.0,1e-07,adamax,0,0.0,disordered,1,0.103427814136668,0 days 02:36:32.165057,0.0037791797336645,3.11994917405836,3.150353347248932,1.0
320,320,320,320,320,0.1864408533970483,0.1864408533970483,0.1864408533970483,0.1864408533970483,0.1864408533970483,0.1864408533970483,0.1864408533970483,0.1864408533970483,0.1864408533970483,0.1864408533970483,1.0014161752531754,0.25285976399367,0.5237395344451018,0.0352012243383235,0.2633885968642983,0.4855204884299245,0.0410352238905718,0.0446481041249979,0.037320217348607,0.0393289634811077,-0.0026431092491108,-0.0038226175097713,735.0,0.0,0.003199537400046,0.928440515213488,0.0909687337918507,0.7702590598396649,0.1562516212076992,0.0117843303477425,0.5972891241600773,0.5491985308302156,0.7439735337545018,0.8615405609098814,100000,30,10,0.1,1.0,0.1,0,9,0.001,1e-06,0.001,1e-07,1.0,1e-07,adamax,0,0.0,disordered,1,0.1892235714114788,0 days 02:36:32.165057,0.0026432724124936,3.497385428862508,3.070525603552718,1.0
321,321,321,321,321,0.2747120789270809,0.2747120789270809,0.2747120789270809,0.2747120789270809,0.2747120789270809,0.2747120789270809,0.2747120789270809,0.2747120789270809,0.2747120789270809,0.2747120789270809,0.2226720647099806,0.4300227853939861,0.6619988513178161,0.0761622224851905,1.001687099714507,0.9915523892068944,0.0743664083434681,0.9008344398461712,0.0755644504495831,0.0760158738065769,-0.0019610570435641,-0.0024982717949778,565.0,0.0,0.466055318132979,0.5253179180471028,0.5880511155909521,0.3335472471302999,0.801002658949726,0.7628449507003233,0.1587745769035796,0.6905607541838444,0.214488915647371,0.2841481238480106,100000,30,10,0.1,1.0,0.1,0,9,0.001,1e-06,0.001,1e-07,1.0,1e-07,adamax,0,0.0,disordered,1,0.2775315616989332,0 days 02:36:32.165057,0.0019611028339334,3.5456102648684267,3.1600572637791444,1.0
322,322,322,322,322,0.0977192128371799,0.0977192128371799,0.0977192128371799,0.0977192128371799,0.0977192128371799,0.0977192128371799,0.0977192128371799,0.0977192128371799,0.0977192128371799,0.0977192128371799,0.4775461860245421,0.3680313974668408,0.1603136070076141,5.467790910584451e-06,6.955900358876562e-06,3.8869309282453486e-06,3.5450074241728453e-06,0.3577487137126106,1.070168551012417e-05,6.729738883101524e-06,-0.0035503554357225,-0.004474463100627,8036.0,1.0,0.5742770187319882,0.4401600788869554,0.5778950390465654,0.236398247019809,0.7584946624080231,0.111493950200568,0.0077208357189407,0.2060136306400274,0.5028011774622677,0.8506888888481461,100000,30,10,0.1,1.0,0.1,0,9,0.001,1e-06,0.001,1e-07,1.0,1e-07,adamax,0,0.0,disordered,1,0.097184697857823,0 days 02:36:32.165057,0.0035503754102117,3.6967034893336193,3.459800270642442,1.0
323,323,323,323,323,0.3919100249433401,0.3919100249433401,0.3919100249433401,0.3919100249433401,0.3919100249433401,0.3919100249433401,0.3919100249433401,0.3919100249433401,0.3919100249433401,0.3919100249433401,0.1572730901049957,0.1859855494980785,1.000036925786359,0.6894202551698072,0.1682109637326758,0.1807102895875808,0.1685097146724923,0.1546484257172336,0.9895995717028162,0.2281080674419712,-0.0015219295937031,-0.0018154967745544,405.0,0.0,0.3398424630844097,0.087495067664021,0.986555766192252,0.6824529508865177,0.2830754285024608,0.2278360249827873,0.15003468148599,0.1115562661543454,0.7189710713814235,0.1157080665018861,100000,30,10,0.1,1.0,0.1,0,9,0.001,1e-06,0.001,1e-07,1.0,1e-07,adamax,0,0.0,disordered,1,0.3930576743502702,0 days 02:36:32.165057,0.0015219324584074,3.4832486668028118,3.4568884772193145,1.0
324,324,324,324,324,0.3026648059395688,0.3026648059395688,0.3026648059395688,0.3026648059395688,0.3026648059395688,0.3026648059395688,0.3026648059395688,0.3026648059395688,0.3026648059395688,0.3026648059395688,0.0915383460015147,0.0965317812094774,0.8895635391500202,0.3554156074497252,0.0902853276549646,0.0898793730664614,1.000613854064009,0.9915770864986908,0.0918205274040202,0.0910788440561595,-0.0017796853543237,-0.002386340237481,526.0,0.0,0.6796046309791528,0.4021280479214877,0.6274781731105906,0.3678044345162742,0.1170373989192457,0.000376779543783,0.8341296812024206,0.8267187926265982,0.1301655596521703,0.2752386539913387,100000,30,10,0.1,1.0,0.1,0,9,0.001,1e-06,0.001,1e-07,1.0,1e-07,adamax,0,0.0,disordered,1,0.3068918464768136,0 days 02:36:32.165057,0.0017797476350967,3.647403180555447,3.467886081987903,1.0
325,325,325,325,325,0.1692220351641034,0.1692220351641034,0.1692220351641034,0.1692220351641034,0.1692220351641034,0.1692220351641034,0.1692220351641034,0.1692220351641034,0.1692220351641034,0.1692220351641034,0.3954780864323675,1.0009185174850137,0.0820777399629242,0.0303913904282711,0.0278119727261398,0.0289787621628137,0.9687878102378338,0.0297616338178723,0.054387990471039,0.0282350323978951,-0.0026082640309436,-0.0034321314931331,782.0,0.0,0.4554080665337299,0.9368295464244326,0.3671016505099553,0.5580898519135339,0.0081104213914865,0.059323985739747,0.7380031155235911,0.5128959699620482,0.0656368162927402,0.7228404773351511,100000,30,10,0.1,1.0,0.1,0,9,0.001,1e-06,0.001,1e-07,1.0,1e-07,adamax,0,0.0,disordered,1,0.1708953812532082,0 days 02:36:32.165057,0.0026083203439539,3.688910877098845,3.457326108535102,1.0
326,326,326,326,326,0.3557150206821382,0.3557150206821382,0.3557150206821382,0.3557150206821382,0.3557150206821382,0.3557150206821382,0.3557150206821382,0.3557150206821382,0.3557150206821382,0.3557150206821382,0.1979346007090117,1.0010315582613474,0.8782033062597239,0.1413964391867244,0.1184100201155093,0.9632890267948424,0.8390565161607648,0.8464206148725474,0.1179113557654086,0.1188003068052679,-0.0015825253666464,-0.0018314979392743,481.0,0.0,0.2031364422457312,0.9018707614095632,0.9880407081382132,0.9495948935198784,0.1822195100280351,0.5922797865020526,0.8776231876952161,0.6254736900968225,0.0675890759560324,0.2609365052536748,100000,30,10,0.1,1.0,0.1,0,9,0.001,1e-06,0.001,1e-07,1.0,1e-07,adamax,0,0.0,disordered,1,0.3561530310097064,0 days 02:36:32.165057,0.0015825255928772,3.773436382926342,3.294148671459885,1.0
327,327,327,327,327,0.1988827856988806,0.1988827856988806,0.1988827856988806,0.1988827856988806,0.1988827856988806,0.1988827856988806,0.1988827856988806,0.1988827856988806,0.1988827856988806,0.1988827856988806,0.5511168774519577,0.0402322256421359,0.0397090621252589,0.9886886947226254,1.0004596343111618,0.8678204938677961,0.0790804985550797,0.0404981936839977,0.0411767888590647,0.046456055913909,-0.0023942671858647,-0.0033515202666945,701.0,0.0,0.6708651192175487,0.3798904811545951,0.1634515878754359,0.5655292443318688,0.85335672271599,0.6804172173888218,0.2640058517854265,0.1926680205666354,0.1105012592568686,0.2748170304402223,100000,30,10,0.1,1.0,0.1,0,9,0.001,1e-06,0.001,1e-07,1.0,1e-07,adamax,0,0.0,disordered,1,0.1990273709807909,0 days 02:36:32.165057,0.0023942671900057,3.6597132274823,3.2958627550401123,1.0
328,328,328,328,328,0.3673924781802071,0.3673924781802071,0.3673924781802071,0.3673924781802071,0.3673924781802071,0.3673924781802071,0.3673924781802071,0.3673924781802071,0.3673924781802071,0.3673924781802071,0.2270290992110083,0.4746085224127672,0.1292181115565522,0.6064566226145152,0.8909276182519804,0.1291008548961136,0.8421616727985953,1.001227347373491,0.1297120912362703,0.137269079390824,-0.0017521822177609,-0.0020034537378994,454.0,0.0,0.5913625496602415,0.91081656207632,0.2686666960800681,0.7470281040025918,0.9496229651228262,0.366193797425507,0.7740885276701231,0.9923599348274472,0.2437272388690028,0.5477974900858349,100000,30,10,0.1,1.0,0.1,0,9,0.001,1e-06,0.001,1e-07,1.0,1e-07,adamax,0,0.0,disordered,1,0.362439094435324,0 days 02:36:32.165057,0.0017522736079521,3.680540700118271,3.353545573639868,1.0
329,329,329,329,329,0.2263129568399526,0.2263129568399526,0.2263129568399526,0.2263129568399526,0.2263129568399526,0.2263129568399526,0.2263129568399526,0.2263129568399526,0.2263129568399526,0.2263129568399526,0.05145007331255,0.0502917955735543,0.3540973366805626,0.0911947966017812,0.0510802702886292,1.001901193354659,0.0504697626026003,0.9796694253070272,0.0563238923711748,0.0506231766222751,-0.0023167057151991,-0.0031371797299169,656.0,0.0,0.8752149682278184,0.1381448700139681,0.0758133040206286,0.6383266683789438,0.5939891525517612,0.906578298165276,0.6582655442898885,0.9069714689574804,0.5221224745190275,0.6262047940451518,100000,30,10,0.1,1.0,0.1,0,9,0.001,1e-06,0.001,1e-07,1.0,1e-07,adamax,0,0.0,disordered,1,0.2271069545778388,0 days 02:36:32.165057,0.0023167116587068,3.611297215839136,3.425980451151056,1.0
330,330,330,330,330,0.2414157116103015,0.2414157116103015,0.2414157116103015,0.2414157116103015,0.2414157116103015,0.2414157116103015,0.2414157116103015,0.2414157116103015,0.2414157116103015,0.2414157116103015,4.584613591450421e-06,0.0044306194457929,3.888995516082964e-05,2.6214156089229947e-05,2.92395498116309e-05,0.4989672756685148,0.1751774249008325,0.9717424227396978,0.0438384313912286,0.0007591589628551,-0.0020402497712425,-0.0025537410909001,7110.0,1.0,0.8232969732668901,0.41251262654796,0.4059475931685383,0.6991843329844618,0.0604267320994861,0.4620132350119723,0.1492970839202239,0.4656815048165154,0.0134670191414556,0.0510183970435795,100000,30,10,0.1,1.0,0.1,0,9,0.001,1e-06,0.001,1e-07,1.0,1e-07,adamax,0,0.0,disordered,1,0.2426178185134474,0 days 02:36:32.165057,0.0020402582244381,3.06520776661339,3.195491858268451,1.0
331,331,331,331,331,0.3557150206821382,0.3557150206821382,0.3557150206821382,0.3557150206821382,0.3557150206821382,0.3557150206821382,0.3557150206821382,0.3557150206821382,0.3557150206821382,0.3557150206821382,0.4392300695453376,0.2162448876883108,0.6478459553693834,0.6503136270782442,0.6407386059672855,1.0016255663899092,0.1236534586139285,0.9869158003126908,0.1260008630936717,0.1313314442881745,-0.0014917260567496,-0.0018222167451122,457.0,0.0,0.536388393982969,0.3053922393281979,0.7055390682618229,0.5592864882279562,0.4859573174525038,0.8583701433323171,0.0493544167889244,0.9358299068925108,0.0845266536600494,0.0482046549366537,100000,30,10,0.1,1.0,0.1,0,9,0.001,1e-06,0.001,1e-07,1.0,1e-07,adamax,0,0.0,disordered,1,0.3592456954722277,0 days 02:36:32.165057,0.0014917563486884,3.360970664097818,3.1924566451025105,1.0
332,332,332,332,332,0.0115911961859888,0.0115911961859888,0.0115911961859888,0.0115911961859888,0.0115911961859888,0.0115911961859888,0.0115911961859888,0.0115911961859888,0.0115911961859888,0.0115911961859888,7.18734399073049e-07,1.854849926379501e-06,0.0406524062118406,1.5714563448687276e-05,0.1400417961119404,0.0875610434239402,6.116157091277464e-07,0.0037387365345081,2.113735626779254e-06,4.6387284176876813e-07,-0.0072548382233232,-0.0088469286965705,8235.0,1.0,0.9617674286956964,0.1621724884477942,0.4620096227027535,0.3644529130106786,0.2686226111982106,0.5124319655104431,0.8812699945491104,0.42431576173784,0.6297212890351969,0.955393581696408,100000,30,10,0.1,1.0,0.1,0,9,0.001,1e-06,0.001,1e-07,1.0,1e-07,adamax,0,0.0,disordered,1,0.011613028639131,0 days 02:36:32.165057,0.0072548417931792,5.017907126262918,4.793583358009777,1.0
333,333,333,333,333,0.445962762681909,0.445962762681909,0.445962762681909,0.445962762681909,0.445962762681909,0.445962762681909,0.445962762681909,0.445962762681909,0.445962762681909,0.445962762681909,0.198943515432835,0.1968010928355299,0.3057775090760606,0.8110518412613617,0.5732643692168361,1.0016753763062978,0.1950610873037254,0.999665869898152,0.1978877600710671,0.726787851066026,-0.0013339596777096,-0.0014520422539292,360.0,0.0,0.4497042469890406,0.3253482505283921,0.4834897400149365,0.7968491988537617,0.688499924628667,0.962975038762871,0.3381166078949847,0.9361866226501284,0.3806661149355925,0.0147097345575248,100000,30,10,0.1,1.0,0.1,0,9,0.001,1e-06,0.001,1e-07,1.0,1e-07,adamax,0,0.0,disordered,1,0.4446254884257141,0 days 02:36:32.165057,0.0013339636536848,3.414288350464714,3.2121624003866622,1.0
334,334,334,334,334,0.2191196687578145,0.2191196687578145,0.2191196687578145,0.2191196687578145,0.2191196687578145,0.2191196687578145,0.2191196687578145,0.2191196687578145,0.2191196687578145,0.2191196687578145,0.6172058350885307,0.0882428129237911,0.0750974277511753,1.0012025534215414,0.0492997966033961,0.0479801093430192,0.0875122490727022,0.0495698131077401,0.2906909740407178,0.2541859834286,-0.0022723480842836,-0.0024745427860449,661.0,0.0,0.6443951805948647,0.938062625049344,0.2385204668525549,0.8990764351902748,0.840875708159621,0.3190561714951616,0.7838023570358867,0.3253127770916976,0.626623777840479,0.4999209781917535,100000,30,10,0.1,1.0,0.1,0,9,0.001,1e-06,0.001,1e-07,1.0,1e-07,adamax,0,0.0,disordered,1,0.2190635551725209,0 days 02:36:32.165057,0.002272348256738,3.0919007147690327,3.153932725709999,1.0
335,335,335,335,335,0.1225113576604118,0.1225113576604118,0.1225113576604118,0.1225113576604118,0.1225113576604118,0.1225113576604118,0.1225113576604118,0.1225113576604118,0.1225113576604118,0.1225113576604118,0.6302105567209682,0.4992174114389257,0.0160203565155874,0.0177986219002862,0.9840115471994942,0.0161681308703036,0.016206716955768,1.000789081553454,0.0157907428993477,0.0539905522066453,-0.0021753134974563,-0.0034861339061818,920.0,0.0,0.2070485590793764,0.4298706776741199,0.4008442530521944,0.0793860875522738,0.8789597959373368,0.2957190579773816,0.3222527406874543,0.9537524218897822,0.3975478202448212,0.3956564716829931,100000,30,10,0.1,1.0,0.1,0,9,0.001,1e-06,0.001,1e-07,1.0,1e-07,adamax,0,0.0,disordered,1,0.1230008638277549,0 days 02:36:32.165057,0.002175318360451,3.2281010975636577,3.4050319495941905,1.0
336,336,336,336,336,0.4047756965997318,0.4047756965997318,0.4047756965997318,0.4047756965997318,0.4047756965997318,0.4047756965997318,0.4047756965997318,0.4047756965997318,0.4047756965997318,0.4047756965997318,0.1974605780075115,0.1763147009065316,0.6015229137636223,0.1650304144643087,0.1636758836743704,0.1635428331266848,0.1636286023312478,1.0001674771617155,0.1778442786819996,0.8150166466998847,-0.0014556645512241,-0.001653801455352,394.0,0.0,0.8413761009090188,0.3454709765613912,0.9530615138690972,0.4760561414970066,0.3783757029324619,0.3186624913919835,0.3102674809617397,0.9748663157172384,0.4875944898956392,0.0671753223090636,100000,30,10,0.1,1.0,0.1,0,9,0.001,1e-06,0.001,1e-07,1.0,1e-07,adamax,0,0.0,disordered,1,0.4047958587013407,0 days 02:36:32.165057,0.0014556645559361,3.335668952396684,3.3451214900914046,1.0
337,337,337,337,337,0.5413360302965377,0.5413360302965377,0.5413360302965377,0.5413360302965377,0.5413360302965377,0.5413360302965377,0.5413360302965377,0.5413360302965377,0.5413360302965377,0.5413360302965377,1.0014649854985378,0.2957622466971776,0.2869020501242921,0.2871103498349496,0.3217044201172122,0.331562345471973,0.2878884356170291,0.2902066962138375,0.382132577451731,0.9870449373683065,-0.001226611157667,-0.0013310038206836,276.0,0.0,0.0778844286610215,0.7790505099511216,0.8987728495583549,0.9598272398828156,0.0721938513714257,0.2522187367307998,0.8293373270005031,0.823164068875351,0.8241548544641216,0.1721168926794182,100000,30,10,0.1,1.0,0.1,0,9,0.001,1e-06,0.001,1e-07,1.0,1e-07,adamax,0,0.0,disordered,1,0.5357242263472468,0 days 02:36:32.165057,0.0012266468255194,3.2135246039374854,3.33919998185828,1.0
338,338,338,338,338,0.1805148879221106,0.1805148879221106,0.1805148879221106,0.1805148879221106,0.1805148879221106,0.1805148879221106,0.1805148879221106,0.1805148879221106,0.1805148879221106,0.1805148879221106,0.1337202926062311,0.063739636493776,0.482525325073158,3.0197250519113304e-06,3.678648453575984e-06,7.471343471643596e-07,5.084434990945075e-06,3.0254768425754955e-06,0.0178513739653564,0.4483206130997127,-0.0025959303039485,-0.0030615423761946,7423.0,1.0,0.7631539558192966,0.7399952386736539,0.9041605805372264,0.4458217289327378,0.6489780362632892,0.2013475648270648,0.7443756164173957,0.0167396116284476,0.8573268392282832,0.6734087743835281,100000,30,10,0.1,1.0,0.1,0,9,0.001,1e-06,0.001,1e-07,1.0,1e-07,adamax,0,0.0,disordered,1,0.1818330629769567,0 days 02:36:32.165057,0.0025959629644566,3.065448920918957,3.3042536301573224,1.0
339,339,339,339,339,0.2575263326771197,0.2575263326771197,0.2575263326771197,0.2575263326771197,0.2575263326771197,0.2575263326771197,0.2575263326771197,0.2575263326771197,0.2575263326771197,0.2575263326771197,0.4147846709989147,0.3453313649388078,0.0716721869209151,0.5812268431534844,1.000081123535395,1.002142106516312,0.0660684037626269,0.0844374053201878,0.1888807277728332,0.0660614223412113,-0.002041092795122,-0.0026074920559067,594.0,0.0,0.3139616014133347,0.1998689778605668,0.471898848207234,0.7414945241972167,0.9277437549735172,0.963848396707712,0.5405515801005358,0.2976589969561701,0.1245227184671975,0.72797693986176,100000,30,10,0.1,1.0,0.1,0,9,0.001,1e-06,0.001,1e-07,1.0,1e-07,adamax,0,0.0,disordered,1,0.2613962344057728,0 days 02:36:32.165057,0.0020411820761383,3.523148459188501,3.317667956003009,1.0
340,340,340,340,340,0.2263129568399526,0.2263129568399526,0.2263129568399526,0.2263129568399526,0.2263129568399526,0.2263129568399526,0.2263129568399526,0.2263129568399526,0.2263129568399526,0.2263129568399526,0.0536436084006577,0.0517578130836363,0.7123299646381055,0.0587746199943595,1.0004344201968598,0.0697196811701044,0.0568056912796596,0.0514961890775077,0.658468528056595,0.0533637837531148,-0.0024110738643876,-0.0029874066786043,647.0,0.0,0.5957422688107399,0.2192458298268514,0.5352710382292845,0.3931430894054757,0.7941214516773568,0.0841189025502868,0.1914200849215601,0.1801497461003895,0.4802422845777224,0.3288859583636561,100000,30,10,0.1,1.0,0.1,0,9,0.001,1e-06,0.001,1e-07,1.0,1e-07,adamax,0,0.0,disordered,1,0.2294859521276743,0 days 02:36:32.165057,0.0024111750250337,3.5707133312365174,3.4548485504958326,1.0
341,341,341,341,341,0.1925613572129195,0.1925613572129195,0.1925613572129195,0.1925613572129195,0.1925613572129195,0.1925613572129195,0.1925613572129195,0.1925613572129195,0.1925613572129195,0.1925613572129195,0.3517430093929317,0.3607667437229057,0.7712786673174981,9.716484018341763e-07,9.998121985764006e-08,0.0072721031662553,0.0263121843558945,1.0410548060367237e-07,1.0586309837565285e-07,0.5228365082603651,-0.0025691549968668,-0.0031544492671458,11555.0,0.0,0.5925849107716346,0.4858081534111649,0.341949798637866,0.685005136474023,0.5729194668151868,0.125136999131761,0.3767293310563495,0.6051134651189777,0.6221831305477327,0.4595955942335518,100000,30,10,0.1,1.0,0.1,0,9,0.001,1e-06,0.001,1e-07,1.0,1e-07,adamax,0,0.0,disordered,1,0.1901832596505445,0 days 02:36:32.165057,0.0025692281292787,2.6414170345379384,3.065916658338947,1.0
342,342,342,342,342,0.0235909533050863,0.0235909533050863,0.0235909533050863,0.0235909533050863,0.0235909533050863,0.0235909533050863,0.0235909533050863,0.0235909533050863,0.0235909533050863,0.0235909533050863,1.0147212565941428e-06,8.571349304966139e-07,6.642246202175439e-07,0.0069278602736456,0.0292911623847556,1.5010433893973934e-07,9.990500191145181e-08,1.215355474539109e-06,0.0304403599895224,0.3742148342543724,-0.0018528675504504,-0.0034913206533732,7660.0,0.0,0.1865238175866085,0.8296427029360385,0.5272770425417767,0.6399471536026177,0.8653670293579092,0.0459198818955655,0.1203484935363097,0.7305334372171325,0.1022538031015628,0.0052975996247555,100000,30,10,0.1,1.0,0.1,0,9,0.001,1e-06,0.001,1e-07,1.0,1e-07,adamax,0,0.0,disordered,1,0.0239676063161245,0 days 02:36:32.165057,0.0018529103461351,4.403797852219789,4.546537740321601,1.0
343,343,343,343,343,0.4317879727332019,0.4317879727332019,0.4317879727332019,0.4317879727332019,0.4317879727332019,0.4317879727332019,0.4317879727332019,0.4317879727332019,0.4317879727332019,0.4317879727332019,0.1786141964651021,0.169826147881806,0.1278031183833765,0.1232651158187919,0.1506104382760053,0.1357779211531203,0.1599329870494872,0.127696347999521,0.2803108629649485,1.0001263440082389,-0.0013878428456448,-0.0015965799882479,543.0,0.0,0.9776680483870748,0.0467950489014082,0.8606952505477922,0.9805012086622972,0.390219118228752,0.6208502393227161,0.1135888671832358,0.9967570285640566,0.8946976850395578,0.2920623406908523,100000,30,10,0.1,1.0,0.1,0,9,0.001,1e-06,0.001,1e-07,1.0,1e-07,adamax,0,0.0,disordered,1,0.4373772911284919,0 days 02:36:32.165057,0.0013878963984698,3.3843364289507205,3.482963536935889,1.0
344,344,344,344,344,0.3026648059395688,0.3026648059395688,0.3026648059395688,0.3026648059395688,0.3026648059395688,0.3026648059395688,0.3026648059395688,0.3026648059395688,0.3026648059395688,0.3026648059395688,0.4849216333191952,0.8813932035406634,0.9912098516594644,0.1171757396475179,1.0015503110668826,0.9506205882767168,0.0985389208540651,0.0909901081204393,0.0897654908648087,0.0936614541398558,-0.001849587611951,-0.0024008417900091,526.0,0.0,0.074361974239148,0.7758735334793581,0.9995157093143716,0.1475928570374415,0.8940571106055746,0.8619071253771695,0.2111454491560384,0.183197555349947,0.2008423733888371,0.280720978231278,100000,30,10,0.1,1.0,0.1,0,9,0.001,1e-06,0.001,1e-07,1.0,1e-07,adamax,0,0.0,disordered,1,0.2990032297986425,0 days 02:36:32.165057,0.0018496600896893,3.4064330400682667,3.341917449520792,1.0
345,345,345,345,345,0.3228628202536728,0.3228628202536728,0.3228628202536728,0.3228628202536728,0.3228628202536728,0.3228628202536728,0.3228628202536728,0.3228628202536728,0.3228628202536728,0.3228628202536728,0.4518243329439486,0.1042667620999594,0.1045838993815254,0.9949943809537708,0.9746963050661872,0.9895885001981188,0.1070701546729529,1.0008865717987618,0.1053448885207783,0.111818614377945,-0.0016621998496308,-0.0021155460980915,493.0,0.0,0.4207873327317154,0.2076104016602467,0.320871791851617,0.5734472061777176,0.5969854144693492,0.9993144961112466,0.1525514997679254,0.8968171322269103,0.2423065908823569,0.2065151825309021,100000,30,10,0.1,1.0,0.1,0,9,0.001,1e-06,0.001,1e-07,1.0,1e-07,adamax,0,0.0,disordered,1,0.3264046710683532,0 days 02:36:32.165057,0.0016622452727836,3.7257206952036097,3.319725965958283,1.0
346,346,346,346,346,0.2337423870891811,0.2337423870891811,0.2337423870891811,0.2337423870891811,0.2337423870891811,0.2337423870891811,0.2337423870891811,0.2337423870891811,0.2337423870891811,0.2337423870891811,0.0575461064898044,0.0542796264446066,0.1885241441854971,1.0022768525110934,0.484064527968147,0.4551306097366301,0.0854558534346254,0.0866663769400437,0.2107318518314566,0.2413377587733189,-0.0022653795854204,-0.0023994669839386,636.0,0.0,0.8860119661176991,0.572004962279185,0.6969367373958665,0.897523977584852,0.7649799658359385,0.754446323966763,0.3374111219513116,0.3178896984180053,0.501173647461315,0.3879353284662319,100000,30,10,0.1,1.0,0.1,0,9,0.001,1e-06,0.001,1e-07,1.0,1e-07,adamax,0,0.0,disordered,1,0.2325683343058086,0 days 02:36:32.165057,0.0022653950464152,3.318708974676821,3.0635696992706403,1.0
347,347,347,347,347,0.2493409369951876,0.2493409369951876,0.2493409369951876,0.2493409369951876,0.2493409369951876,0.2493409369951876,0.2493409369951876,0.2493409369951876,0.2493409369951876,0.2493409369951876,0.980368151595624,0.2635114604231549,0.0647318117374296,1.0021237457777794,0.0607688711818371,0.0606738128048505,0.0639639579617134,0.0722015745487684,0.2603809694437212,0.1031443862706652,-0.0023889697673524,-0.0029717538516456,611.0,0.0,0.1913509870179872,0.7306430733101946,0.7741768460150538,0.9139358213333044,0.6522178256772622,0.5133894875953481,0.3589098389931033,0.4025354437248277,0.8227530542123174,0.7333263922965245,100000,30,10,0.1,1.0,0.1,0,9,0.001,1e-06,0.001,1e-07,1.0,1e-07,adamax,0,0.0,disordered,1,0.2485534148484246,0 days 02:36:32.165057,0.0023889758407086,3.273193401280043,3.1556409514008528,1.0
348,348,348,348,348,0.596418494584246,0.596418494584246,0.596418494584246,0.596418494584246,0.596418494584246,0.596418494584246,0.596418494584246,0.596418494584246,0.596418494584246,0.596418494584246,0.9974010264206424,0.4310945296967197,0.3468385774367301,0.3465746517879466,0.3758147788682958,0.3473060529712927,0.3484883612526864,0.3460775111090594,0.4785412055023408,1.0000109907864243,-0.0011766891378214,-0.0012641661261588,235.0,0.0,0.1026974214041941,0.5927944703073608,0.8936856558871041,0.8444982045234292,0.3789456371105481,0.8240578907869724,0.8439965035767805,0.6197296454527124,0.8768345329653551,0.145914166227964,100000,30,10,0.1,1.0,0.1,0,9,0.001,1e-06,0.001,1e-07,1.0,1e-07,adamax,0,0.0,disordered,1,0.6041050991547411,0 days 02:36:32.165057,0.0011767498805117,3.070073377411446,3.232947064868771,1.0
349,349,349,349,349,0.0382971391404627,0.0382971391404627,0.0382971391404627,0.0382971391404627,0.0382971391404627,0.0382971391404627,0.0382971391404627,0.0382971391404627,0.0382971391404627,0.0382971391404627,0.0374077524695075,1.0012475465326065,0.0006201524923425,0.0007833585850232,0.0002668594513423,0.0002313357005433,0.000227111859315,0.0006501193528998,0.0005468004842325,0.0004774780135286,-0.0043873470113529,-0.0073215668071008,2231.0,0.0,0.937057406305842,0.8475292389473765,0.4040773731846082,0.7993302906265415,0.5030733224482142,0.7910662104807297,0.3254727221014234,0.6560611741909652,0.0698488979961843,0.9809386685044856,100000,30,10,0.1,1.0,0.1,0,9,0.001,1e-06,0.001,1e-07,1.0,1e-07,adamax,0,0.0,disordered,1,0.0387824538704301,0 days 02:36:32.165057,0.0043874058476214,3.786072522302909,3.751312333739903,1.0
350,350,350,350,350,0.3228628202536728,0.3228628202536728,0.3228628202536728,0.3228628202536728,0.3228628202536728,0.3228628202536728,0.3228628202536728,0.3228628202536728,0.3228628202536728,0.3228628202536728,0.2457847494305219,0.6555821949490142,0.1160104226996232,0.1231369895129744,1.0009357030881163,0.9733381807971916,0.1015805654315565,0.1011290618136378,0.5400823962919736,0.1058420709585764,-0.0019242181644672,-0.0021831367958262,503.0,0.0,0.7142121376511152,0.9059759680177346,0.6580057516563411,0.6802513935552122,0.9007728856788634,0.9960818740771136,0.3720075897920343,0.2961473984048516,0.7517433952079304,0.4817295863675557,100000,30,10,0.1,1.0,0.1,0,9,0.001,1e-06,0.001,1e-07,1.0,1e-07,adamax,0,0.0,disordered,1,0.319071104729059,0 days 02:36:32.165057,0.0019242937265563,3.422472363900768,3.275917060810037,1.0
351,351,351,351,351,0.1925613572129195,0.1925613572129195,0.1925613572129195,0.1925613572129195,0.1925613572129195,0.1925613572129195,0.1925613572129195,0.1925613572129195,0.1925613572129195,0.1925613572129195,0.2099535604787037,0.0637408598749835,0.0318736062834572,0.0391167992362784,0.7083473324007836,0.0695979158480664,0.032246662183857,1.0003059571960788,0.0326604284656342,0.0331866639659166,-0.0024250960028662,-0.0032283555469115,781.0,0.0,0.9995033981185528,0.5622808155658906,0.1084108624556785,0.0439609394451656,0.7501179875099128,0.3459297602737141,0.2769296085274552,0.6757370994097468,0.2413182925249379,0.3740589488102697,100000,30,10,0.1,1.0,0.1,0,9,0.001,1e-06,0.001,1e-07,1.0,1e-07,adamax,0,0.0,disordered,1,0.189977007795613,0 days 02:36:32.165057,0.002425172347046,3.494830578418306,3.5233570025080647,1.0
352,352,352,352,352,0.5241298302206057,0.5241298302206057,0.5241298302206057,0.5241298302206057,0.5241298302206057,0.5241298302206057,0.5241298302206057,0.5241298302206057,0.5241298302206057,0.5241298302206057,1.0003071541044712,0.2451186940292413,0.2055447311243474,0.1616477025458311,0.1603693826450131,0.1493058697029445,0.2365763009736699,0.1637087807428801,0.4244088425548496,0.98585887856938,-0.0012651159150113,-0.0013765982630037,682.0,0.0,0.3790666167503335,0.7797839081968443,0.7197501425464129,0.9206783129372238,0.2792377484538071,0.9961073472526646,0.5419978118075405,0.3625027264274765,0.9411183117264872,0.1771592667526775,100000,30,10,0.1,1.0,0.1,0,9,0.001,1e-06,0.001,1e-07,1.0,1e-07,adamax,0,0.0,disordered,1,0.5170401091945152,0 days 02:36:32.165057,0.0012651773955689,3.0771009879706863,3.2987699363231977,1.0
353,353,353,353,353,0.3919100249433401,0.3919100249433401,0.3919100249433401,0.3919100249433401,0.3919100249433401,0.3919100249433401,0.3919100249433401,0.3919100249433401,0.3919100249433401,0.3919100249433401,1.4996352155270588e-05,5.596755077509746e-06,0.0097557973238173,9.029677773065847e-06,0.0196509225113617,0.2029399033767777,3.538834100211673e-05,0.0224048015737577,0.2657444904774741,0.9710622297021032,-0.0015726514892906,-0.0018492262638057,6817.0,1.0,0.9609075496764068,0.0219261810379189,0.1596152369082298,0.5410236219284826,0.2705640758574288,0.7291979815205126,0.5922223677925774,0.2503032281323029,0.4506949118350623,0.0152389491249703,100000,30,10,0.1,1.0,0.1,0,9,0.001,1e-06,0.001,1e-07,1.0,1e-07,adamax,0,0.0,disordered,1,0.3872890769215689,0 days 02:36:32.165057,0.0015727096874128,3.696895197885064,3.4021561858011804,1.0
354,354,354,354,354,0.31260072430687,0.31260072430687,0.31260072430687,0.31260072430687,0.31260072430687,0.31260072430687,0.31260072430687,0.31260072430687,0.31260072430687,0.31260072430687,0.0934833705184811,0.0959905748136168,0.0950877105331527,1.0020224351743947,0.1785685027749003,0.1705085970271846,0.2576929060638506,0.4792992611976337,0.1243975066817743,0.5936340898717448,-0.0016988238108578,-0.0018054277523539,520.0,0.0,0.9058641925026176,0.0510771506490037,0.3187746718901159,0.906493446160361,0.5180160353870897,0.5450349779852018,0.6495278850206792,0.6994459645029049,0.3226159556358089,0.1183689880690106,100000,30,10,0.1,1.0,0.1,0,9,0.001,1e-06,0.001,1e-07,1.0,1e-07,adamax,0,0.0,disordered,1,0.3159065188774139,0 days 02:36:32.165057,0.0016988694271458,3.569239555405038,3.2964594384705004,1.0
355,355,355,355,355,0.1988827856988806,0.1988827856988806,0.1988827856988806,0.1988827856988806,0.1988827856988806,0.1988827856988806,0.1988827856988806,0.1988827856988806,0.1988827856988806,0.1988827856988806,0.1525734432599116,0.0550736005980235,0.614690190937259,1.0021830827464515,0.4086425262014519,0.0627718223951036,0.0548971202928064,0.9867777530501296,0.0559995856152298,0.0439347537840018,-0.002006131047303,-0.0026618630067443,703.0,0.0,0.6198104917329416,0.4700939253623446,0.6111552889066911,0.9565489554251436,0.5696480438757227,0.196540756699003,0.3369938093317558,0.8787703268969127,0.2609786532194774,0.3049960631597719,100000,30,10,0.1,1.0,0.1,0,9,0.001,1e-06,0.001,1e-07,1.0,1e-07,adamax,0,0.0,disordered,1,0.2018412034698713,0 days 02:36:32.165057,0.0020061832514886,3.268104174891592,3.158398859966532,1.0
356,356,356,356,356,0.3444087275973819,0.3444087275973819,0.3444087275973819,0.3444087275973819,0.3444087275973819,0.3444087275973819,0.3444087275973819,0.3444087275973819,0.3444087275973819,0.3444087275973819,0.117481178536588,0.164725757921778,0.1478137796158579,1.0003668746192504,0.4331464549992708,0.1301304062415532,0.6261089594091743,0.7984243036237982,0.1203416210909254,0.1200625768402902,-0.0017237153647603,-0.0019313486158128,466.0,0.0,0.9431770493886504,0.4790783587164211,0.6846595481514158,0.9334668524075788,0.857403718029288,0.0220751659859762,0.5011079534758528,0.6839860461745928,0.1379182317639302,0.1785523870129954,100000,30,10,0.1,1.0,0.1,0,9,0.001,1e-06,0.001,1e-07,1.0,1e-07,adamax,0,0.0,disordered,1,0.3400063314244813,0 days 02:36:32.165057,0.0017237944654326,3.41255059680988,3.275878280333722,1.0
357,357,357,357,357,0.1487115462808951,0.1487115462808951,0.1487115462808951,0.1487115462808951,0.1487115462808951,0.1487115462808951,0.1487115462808951,0.1487115462808951,0.1487115462808951,0.1487115462808951,0.1609904653649037,0.0346933990149706,1.0017443678908136,0.0369567024728284,0.0549679241910514,0.9749596695777656,0.0236989762643012,0.1219142576376915,0.0348426181939696,0.1324582694054486,-0.0025420162394265,-0.0032229095048653,850.0,0.0,0.775264430584093,0.7381296277212435,0.9826254178463568,0.05672478857114,0.0504916323493598,0.9890957275595484,0.7048947848948418,0.0976379162663055,0.6622569556116973,0.6466549941964531,100000,30,10,0.1,1.0,0.1,0,9,0.001,1e-06,0.001,1e-07,1.0,1e-07,adamax,0,0.0,disordered,1,0.1476726779064247,0 days 02:36:32.165057,0.0025420345801035,3.7965556394257898,3.3153019137271835,1.0
358,358,358,358,358,0.1925613572129195,0.1925613572129195,0.1925613572129195,0.1925613572129195,0.1925613572129195,0.1925613572129195,0.1925613572129195,0.1925613572129195,0.1925613572129195,0.1925613572129195,0.1201193069278999,0.969411640093857,0.9799549152428152,0.0369826212344354,0.0362863677926138,0.0440571039501921,1.0006473823978037,0.0363097386107897,0.0426770720731283,0.0375124293558102,-0.0024941783918289,-0.0038859725722175,723.0,0.0,0.6861270467187739,0.8295881718115148,0.7305496771064881,0.5520795230350595,0.3759810318474074,0.198179100436036,0.984206169145878,0.447232072539738,0.271266944019332,0.6508702694567878,100000,30,10,0.1,1.0,0.1,0,9,0.001,1e-06,0.001,1e-07,1.0,1e-07,adamax,0,0.0,disordered,1,0.1911926898783395,0 days 02:36:32.165057,0.0024941986852985,3.847570274560263,3.303528343886273,1.0
359,359,359,359,359,0.2191196687578145,0.2191196687578145,0.2191196687578145,0.2191196687578145,0.2191196687578145,0.2191196687578145,0.2191196687578145,0.2191196687578145,0.2191196687578145,0.2191196687578145,0.0981452139802073,0.0742274577599108,1.0008006404435894,0.1309405359398115,0.1029351111788436,0.0608883730863595,0.0658508872121927,0.497054572915124,0.0705743771446915,0.3345986220639274,-0.0021519271765467,-0.0024024925568257,663.0,0.0,0.6749796966982027,0.5947421721631754,0.8777561350711153,0.6071992001119455,0.3818902417841148,0.0931114700580979,0.1206871372677993,0.4937852451071219,0.2610920573458406,0.143675143319628,100000,30,10,0.1,1.0,0.1,0,9,0.001,1e-06,0.001,1e-07,1.0,1e-07,adamax,0,0.0,disordered,1,0.2192493630909662,0 days 02:36:32.165057,0.0021519274872666,3.0523666287809426,3.1263593082793686,1.0
360,360,360,360,360,0.31260072430687,0.31260072430687,0.31260072430687,0.31260072430687,0.31260072430687,0.31260072430687,0.31260072430687,0.31260072430687,0.31260072430687,0.31260072430687,0.1454654383693122,0.095472757554229,0.1909176533393123,1.0008088434865887,0.1399450051123588,0.8062601258249611,0.1024051639127953,0.1364988492687939,0.108494667682102,0.6082593072849253,-0.0018227325832045,-0.0019703771385851,518.0,0.0,0.830912931619557,0.4542667875837952,0.7284966939519985,0.8513856976782915,0.0540585049383388,0.9562660513346144,0.5540801259455461,0.3298529147487226,0.4860086620167514,0.2233575742389943,100000,30,10,0.1,1.0,0.1,0,9,0.001,1e-06,0.001,1e-07,1.0,1e-07,adamax,0,0.0,disordered,1,0.3094596935815799,0 days 02:36:32.165057,0.0018227809461085,3.433329389128331,3.2189575779899413,1.0
361,361,361,361,361,0.3026648059395688,0.3026648059395688,0.3026648059395688,0.3026648059395688,0.3026648059395688,0.3026648059395688,0.3026648059395688,0.3026648059395688,0.3026648059395688,0.3026648059395688,0.2352580133347696,0.687224234063443,0.0906438804700056,0.5081806693788875,0.0915509515260151,0.9895797591806552,0.0901743039514448,1.000168638171676,0.1384261582656104,0.0948908558259144,-0.0019667574268384,-0.0024164750729875,524.0,0.0,0.3322550188258053,0.6095934759945512,0.1934417874985552,0.4503599800352695,0.2834719266138154,0.7794971887695216,0.2400318748230032,0.7294470601598501,0.0132393839244975,0.4385159072666922,100000,30,10,0.1,1.0,0.1,0,9,0.001,1e-06,0.001,1e-07,1.0,1e-07,adamax,0,0.0,disordered,1,0.304780029758685,0 days 02:36:32.165057,0.0019667822946228,3.5505587179568097,3.333305286425726,1.0
362,362,362,362,362,0.3228628202536728,0.3228628202536728,0.3228628202536728,0.3228628202536728,0.3228628202536728,0.3228628202536728,0.3228628202536728,0.3228628202536728,0.3228628202536728,0.3228628202536728,0.2865649152269611,0.1046384987470088,0.5263243320058533,1.0004138941834992,0.2291237563313252,0.9920448518395,0.7720818248727122,0.1395506485732535,0.1444372314167011,0.3434524285701471,-0.0017682539624505,-0.0019074725316488,495.0,0.0,0.4734987759415516,0.406168946043238,0.5189027103983602,0.8452300910015517,0.5229457637404864,0.8171458538819233,0.7296668340702964,0.1960980413704525,0.2983363770931467,0.1577054943448939,100000,30,10,0.1,1.0,0.1,0,9,0.001,1e-06,0.001,1e-07,1.0,1e-07,adamax,0,0.0,disordered,1,0.3235314404879753,0 days 02:36:32.165057,0.0017682563944987,3.4271911146125458,3.160726617961186,1.0
363,363,363,363,363,0.2414157116103015,0.2414157116103015,0.2414157116103015,0.2414157116103015,0.2414157116103015,0.2414157116103015,0.2414157116103015,0.2414157116103015,0.2414157116103015,0.2414157116103015,0.0576116183440855,0.0652047712788903,1.000318014021809,0.0583261347594354,0.059884091732003,0.0572725874775261,0.0571090825356546,0.0591534057008649,0.0632386489496591,0.6440492335609416,-0.0020816254632254,-0.0025048456322067,624.0,0.0,0.7788070150730986,0.0963064736583216,0.8564363688241255,0.5549408503937954,0.430836957458087,0.5628663925544286,0.5377616424280137,0.6195796401529267,0.5425353416111438,0.306024249914103,100000,30,10,0.1,1.0,0.1,0,9,0.001,1e-06,0.001,1e-07,1.0,1e-07,adamax,0,0.0,disordered,1,0.2421796687413897,0 days 02:36:32.165057,0.0020816302636146,3.678287274590472,3.168378969664272,1.0
364,364,364,364,364,0.4757236139187886,0.4757236139187886,0.4757236139187886,0.4757236139187886,0.4757236139187886,0.4757236139187886,0.4757236139187886,0.4757236139187886,0.4757236139187886,0.4757236139187886,0.3043516911201518,0.4252292109736986,0.2684172046896999,0.2219616324428445,0.2237654905311486,0.6664533824916989,0.8171719276264291,1.0005386087401675,0.2269113799774946,0.2252531293426982,-0.001399152534293,-0.0015450759976848,334.0,0.0,0.8986153874068937,0.616815155645467,0.9954409266140332,0.1305664684177212,0.9413896798372886,0.6257868077855991,0.6789169189102235,0.9412139376410446,0.0624637916473289,0.1890294281358702,100000,30,10,0.1,1.0,0.1,0,9,0.001,1e-06,0.001,1e-07,1.0,1e-07,adamax,0,0.0,disordered,1,0.4714671641874499,0 days 02:36:32.165057,0.0013991852708146,3.3335361128464305,3.340000761156805,1.0
365,365,365,365,365,0.2263129568399526,0.2263129568399526,0.2263129568399526,0.2263129568399526,0.2263129568399526,0.2263129568399526,0.2263129568399526,0.2263129568399526,0.2263129568399526,0.2263129568399526,0.1056180888120732,0.0466846953119666,0.0965635442552326,0.0767141562727657,0.9682841724672177,0.566992741872573,0.0730738877492765,0.0493603580967952,1.0007464896530744,0.0508825590303963,-0.002349300681194,-0.0027092208974255,708.0,0.0,0.5706729312589813,0.2978662262765116,0.0164398885199489,0.2912488115415481,0.6906224920438333,0.6824747546512389,0.0243473179975725,0.3233772157689207,0.8570896250639003,0.6527474104669012,100000,30,10,0.1,1.0,0.1,0,9,0.001,1e-06,0.001,1e-07,1.0,1e-07,adamax,0,0.0,disordered,1,0.2286928084372028,0 days 02:36:32.165057,0.0023493624388338,3.965203453046569,3.4411549582337506,1.0
366,366,366,366,366,0.5413360302965377,0.5413360302965377,0.5413360302965377,0.5413360302965377,0.5413360302965377,0.5413360302965377,0.5413360302965377,0.5413360302965377,0.5413360302965377,0.5413360302965377,0.3632259946716407,0.3347952165169228,0.299055116830331,0.3325758874847691,0.2830936827353117,0.2818361480282634,0.2825012550025147,0.7310363165790076,0.3096115028138537,1.0001729727150854,-0.0012466141858119,-0.0013537672007953,283.0,0.0,0.6191804671224441,0.97377324147106,0.3286767579782848,0.0832384027838331,0.6200275861014232,0.6401335363741893,0.5480909294992627,0.9544015939487656,0.6804865521266139,0.0678019738405787,100000,30,10,0.1,1.0,0.1,0,9,0.001,1e-06,0.001,1e-07,1.0,1e-07,adamax,0,0.0,disordered,1,0.5460770049767953,0 days 02:36:32.165057,0.0012466416897398,3.3230730920143023,3.378538339464117,1.0
367,367,367,367,367,0.0140700808560268,0.0140700808560268,0.0140700808560268,0.0140700808560268,0.0140700808560268,0.0140700808560268,0.0140700808560268,0.0140700808560268,0.0140700808560268,0.0140700808560268,0.0013008918970691,1.0021112973791693,0.0005248577419378,0.0002292716505493,0.0003533143557506,0.0069112359208566,0.0112668415945183,0.0004094545367718,0.0003158997182377,0.0003626826118096,-0.0053140681916737,-0.0073352384013511,1864.0,0.0,0.6476396622361511,0.0664872246066922,0.5704321719943116,0.5026659264789222,0.0028872992005247,0.1965175663336678,0.4185439502633219,0.3193685561421232,0.1329217208895931,0.6168338315513925,100000,30,10,0.1,1.0,0.1,0,9,0.001,1e-06,0.001,1e-07,1.0,1e-07,adamax,0,0.0,disordered,1,0.0142052328116357,0 days 02:36:32.165057,0.0053140899743238,3.9315314681006224,3.933938455180024,1.0
368,368,368,368,368,0.6571057546036269,0.6571057546036269,0.6571057546036269,0.6571057546036269,0.6571057546036269,0.6571057546036269,0.6571057546036269,0.6571057546036269,0.6571057546036269,0.6571057546036269,0.4269705624599615,0.459544930026176,0.4271126354092387,0.4590234107897925,0.4611456161267025,0.4277929638805152,0.4280237634716115,0.4320977281798895,0.5569992919414609,1.0002742849357809,-0.0011002805596935,-0.0011744514647902,186.0,0.0,0.943238717728384,0.039104284294701,0.770642093358219,0.3530056890674251,0.2715969442479642,0.7938128323488172,0.9316915339620816,0.9816024369131277,0.9331484537746048,0.1245746193988084,100000,30,10,0.1,1.0,0.1,0,9,0.001,1e-06,0.001,1e-07,1.0,1e-07,adamax,0,0.0,disordered,1,0.6520121176944733,0 days 02:36:32.165057,0.0011003026002962,3.4444284502465528,3.46386110394249,1.0
369,369,369,369,369,0.2659804395593755,0.2659804395593755,0.2659804395593755,0.2659804395593755,0.2659804395593755,0.2659804395593755,0.2659804395593755,0.2659804395593755,0.2659804395593755,0.2659804395593755,1.000531224674796,0.479577357954365,0.2753000588482058,0.0612407090832309,0.3510869440372511,0.5664663125988363,0.061957249266654,0.0848424251408982,0.0854514886852901,0.1956392352227635,-0.0020538415438744,-0.0023828311697799,664.0,0.0,0.0112939080882549,0.7475602706104801,0.7640568991220532,0.1490011188859666,0.5727014824881643,0.6440931339590131,0.3824474095003376,0.1690773663209991,0.3398999655537181,0.2816164289292787,100000,30,10,0.1,1.0,0.1,0,9,0.001,1e-06,0.001,1e-07,1.0,1e-07,adamax,0,0.0,disordered,1,0.2670288472553998,0 days 02:36:32.165057,0.0020538485403195,3.0281875686480606,3.1276278102860102,1.0
370,370,370,370,370,0.1988827856988806,0.1988827856988806,0.1988827856988806,0.1988827856988806,0.1988827856988806,0.1988827856988806,0.1988827856988806,0.1988827856988806,0.1988827856988806,0.1988827856988806,0.9370292291472834,0.4480379984699531,0.4356541250841001,0.2452002422449271,1.0019197311610606,0.038491375431104,0.0478362403658171,0.0398868582655749,0.0406627979730904,0.0378099933461816,-0.0024515794653486,-0.003314667471072,720.0,0.0,0.0076791210226125,0.2757122259729295,0.2486359202264328,0.6756381518438787,0.6373724969914955,0.6756248000046686,0.29298127280873,0.594573782356606,0.1204389932529523,0.7645327467875227,100000,30,10,0.1,1.0,0.1,0,9,0.001,1e-06,0.001,1e-07,1.0,1e-07,adamax,0,0.0,disordered,1,0.1994543668743015,0 days 02:36:32.165057,0.0024515837967551,3.177281053669024,3.035976664220329,1.0
371,371,371,371,371,0.0123647223505371,0.0123647223505371,0.0123647223505371,0.0123647223505371,0.0123647223505371,0.0123647223505371,0.0123647223505371,0.0123647223505371,0.0123647223505371,0.0123647223505371,0.0736866509974825,0.0779220241825927,1.0361393910579175e-06,1.0187058320212393e-07,9.992730447421176e-08,0.0001081096427184,1.7781109691971338e-07,2.7253499702479825e-07,0.0014694300641734,8.965080059740677e-07,-0.0064427934718908,-0.0094015173002118,6886.0,0.0,0.939942823405704,0.7650859415568515,0.7313715691484668,0.5717709554015099,0.7625380508868862,0.4641393591113667,0.257575102546457,0.7786558664111833,0.5170059703423491,0.9251620988818609,100000,30,10,0.1,1.0,0.1,0,9,0.001,1e-06,0.001,1e-07,1.0,1e-07,adamax,0,0.0,disordered,1,0.0124081817070839,0 days 02:36:32.165057,0.0064427968942908,3.137533807875497,3.6425559960197775,1.0
372,372,372,372,372,0.2747120789270809,0.2747120789270809,0.2747120789270809,0.2747120789270809,0.2747120789270809,0.2747120789270809,0.2747120789270809,0.2747120789270809,0.2747120789270809,0.2747120789270809,0.2165966805180881,0.0896091497335261,0.0749947752129841,0.0754154620290083,0.9965038853928566,0.1584509900187511,1.0006391966063812,0.5557067912807947,0.102063608679365,0.1123304285603969,-0.0018958098895351,-0.0022103640788529,562.0,0.0,0.5867070829368026,0.533994533000577,0.0388040032213391,0.221140534295108,0.7186613988532663,0.4388809807656246,0.9257056476135832,0.615186859144445,0.2639157669577461,0.2450934880507677,100000,30,10,0.1,1.0,0.1,0,9,0.001,1e-06,0.001,1e-07,1.0,1e-07,adamax,0,0.0,disordered,1,0.2774557527021903,0 days 02:36:32.165057,0.0018958525260608,3.4771871782464143,3.3243065317201235,1.0
373,373,373,373,373,0.3919100249433401,0.3919100249433401,0.3919100249433401,0.3919100249433401,0.3919100249433401,0.3919100249433401,0.3919100249433401,0.3919100249433401,0.3919100249433401,0.3919100249433401,0.1555348641906027,0.1547977662498814,1.0007843370173046,0.1527202846655846,0.9923808338170416,0.2422002680663207,1.0003268756294943,0.9882858641374096,0.1520833557377441,0.194633660888432,-0.0015574161208341,-0.0018301959354495,410.0,0.0,0.2915311257963363,0.2171019367945525,0.5316124247090717,0.0846068115191674,0.5784091718602687,0.4289681518042565,0.8788343151379411,0.8907468797284301,0.2971523946037819,0.1908006677512463,100000,30,10,0.1,1.0,0.1,0,9,0.001,1e-06,0.001,1e-07,1.0,1e-07,adamax,0,0.0,disordered,1,0.3903724884528304,0 days 02:36:32.165057,0.0015574213522072,3.701521322027828,3.310139172296577,1.0
374,374,374,374,374,0.6159977960380164,0.6159977960380164,0.6159977960380164,0.6159977960380164,0.6159977960380164,0.6159977960380164,0.6159977960380164,0.6159977960380164,0.6159977960380164,0.6159977960380164,0.4677720386120557,0.3866469946237192,0.3755760038944249,0.5067993485845345,0.3779919701593828,0.3612762072354734,0.3463210355885881,0.3422729601139895,0.5801949094276261,1.0009227568932275,-0.0011884148284403,-0.0012650052145096,255.0,0.0,0.4219832755495095,0.506328174724403,0.7109783252439936,0.9707250807177435,0.8949805686934579,0.3968997682447035,0.5490804140888205,0.5811396785133526,0.8791075936683179,0.105558755383498,100000,30,10,0.1,1.0,0.1,0,9,0.001,1e-06,0.001,1e-07,1.0,1e-07,adamax,0,0.0,disordered,1,0.6226778457510133,0 days 02:36:32.165057,0.0011884643862442,3.184400011436591,3.298511569307774,1.0
375,375,375,375,375,0.31260072430687,0.31260072430687,0.31260072430687,0.31260072430687,0.31260072430687,0.31260072430687,0.31260072430687,0.31260072430687,0.31260072430687,0.31260072430687,0.0976874530966433,0.0969179902403231,0.1168662377724192,1.000728338007401,0.104077920533127,0.2315692421086858,0.1207439060232551,0.1130256745256091,0.3310744667748823,0.4900205253038426,-0.0018633595699648,-0.0020769233864918,507.0,0.0,0.8157310583955725,0.2625821000898687,0.107500107434456,0.9801581869007052,0.3472983694743665,0.7478456638335392,0.3634214901784441,0.2906776165045854,0.5433210652185734,0.2329467089404197,100000,30,10,0.1,1.0,0.1,0,9,0.001,1e-06,0.001,1e-07,1.0,1e-07,adamax,0,0.0,disordered,1,0.3135453926908605,0 days 02:36:32.165057,0.0018633653012205,3.537295627432761,3.414967866672096,1.0
376,376,376,376,376,0.2414157116103015,0.2414157116103015,0.2414157116103015,0.2414157116103015,0.2414157116103015,0.2414157116103015,0.2414157116103015,0.2414157116103015,0.2414157116103015,0.2414157116103015,0.0586252789429531,0.0766732403958873,1.0007756725871442,0.9500784681366304,0.0650646842148377,0.11245066253518,0.9675798888696622,0.960783282169418,0.0583529566557089,0.0583502462068835,-0.0018213972622783,-0.0025021264417466,620.0,0.0,0.2444241497926114,0.0508620963129747,0.7146135600942009,0.9213557025394892,0.0049391371660167,0.2883433059584358,0.8698080901838249,0.6009611086345273,0.1285723646794975,0.2403953491724734,100000,30,10,0.1,1.0,0.1,0,9,0.001,1e-06,0.001,1e-07,1.0,1e-07,adamax,0,0.0,disordered,1,0.2452498691763775,0 days 02:36:32.165057,0.0018214595041228,3.977221078134945,3.469167834436459,1.0
377,377,377,377,377,0.2575263326771197,0.2575263326771197,0.2575263326771197,0.2575263326771197,0.2575263326771197,0.2575263326771197,0.2575263326771197,0.2575263326771197,0.2575263326771197,0.2575263326771197,0.658082770819684,0.582499948803036,0.4431377772645919,0.442390188220777,0.2126448136991795,0.6727374269914543,0.0450289351991852,0.0382096862037076,1.002068794192773,0.0476561379150647,-0.0022516046964481,-0.0025700356942053,878.0,0.0,0.2074476020330385,0.0338475812205937,0.1285958813186927,0.1270902542951092,0.5037976427016844,0.768247250025672,0.5191068701186071,0.6562395971013444,0.8837135889312623,0.7808245670731921,100000,30,10,0.1,1.0,0.1,0,9,0.001,1e-06,0.001,1e-07,1.0,1e-07,adamax,0,0.0,disordered,1,0.2535325880137962,0 days 02:36:32.165057,0.0022517576661581,3.0677401238610336,2.969390739976284,1.0
378,378,378,378,378,0.1747772774464678,0.1747772774464678,0.1747772774464678,0.1747772774464678,0.1747772774464678,0.1747772774464678,0.1747772774464678,0.1747772774464678,0.1747772774464678,0.1747772774464678,1.0010108213767657,0.9893726967500468,0.2465634873236841,0.412970313866476,0.0329657807772459,0.2306580715053032,0.0307785428902106,0.0371792165980513,0.3330834064396231,0.0314620246858461,-0.0021265245819226,-0.0030002644239846,763.0,0.0,0.0997593227772318,0.0268519347524667,0.9298496661777996,0.2607789471225706,0.8632480873818676,0.1744944101266712,0.8793302462090203,0.4403183439820408,0.0289125951170617,0.9890317328695384,100000,30,10,0.1,1.0,0.1,0,9,0.001,1e-06,0.001,1e-07,1.0,1e-07,adamax,0,0.0,disordered,1,0.1734568148557345,0 days 02:36:32.165057,0.0021265546485933,3.380698017759102,3.2575556977012496,1.0
379,379,379,379,379,0.1988827856988806,0.1988827856988806,0.1988827856988806,0.1988827856988806,0.1988827856988806,0.1988827856988806,0.1988827856988806,0.1988827856988806,0.1988827856988806,0.1988827856988806,0.735380765188894,0.6465100450954328,0.5749999264997293,5.837131560215571e-05,5.113057276867711e-05,0.1613730630626834,0.1566350232548329,0.0994194613108406,0.1113362930440072,0.0004099847867085,-0.002682614158855,-0.0031689670296614,7258.0,1.0,0.1168715186346838,0.0236418087236619,0.8008624272421115,0.3261165967064418,0.0316929200137269,0.0121385674625584,0.4070895425927446,0.105375854119849,0.3521693916782696,0.6865019747544017,100000,30,10,0.1,1.0,0.1,0,9,0.001,1e-06,0.001,1e-07,1.0,1e-07,adamax,0,0.0,disordered,1,0.1980270581604573,0 days 02:36:32.165057,0.0026826277788194,3.4613040600294545,3.4529411637414564,1.0
380,380,380,380,380,0.1148471547840289,0.1148471547840289,0.1148471547840289,0.1148471547840289,0.1148471547840289,0.1148471547840289,0.1148471547840289,0.1148471547840289,0.1148471547840289,0.1148471547840289,3.882806172059347e-06,5.709636098052105e-06,0.2859741169685481,0.0398680647107234,4.419459495389169e-06,3.1354065613444367e-06,9.00265323104194e-06,3.885592763732223e-06,0.0459161910573269,0.3813070513729147,-0.003056637589742,-0.0038482962176464,6836.0,1.0,0.9509689675529264,0.2934854849756927,0.5755475392440509,0.7040855421249729,0.7943149992989771,0.4936219984790373,0.7911589406853283,0.4617548400991511,0.7432089431913926,0.6344691439265372,100000,30,10,0.1,1.0,0.1,0,9,0.001,1e-06,0.001,1e-07,1.0,1e-07,adamax,0,0.0,disordered,1,0.1161400033109485,0 days 02:36:32.165057,0.0030566840201163,4.02026007119407,3.2571909210716004,1.0
381,381,381,381,381,0.3673924781802071,0.3673924781802071,0.3673924781802071,0.3673924781802071,0.3673924781802071,0.3673924781802071,0.3673924781802071,0.3673924781802071,0.3673924781802071,0.3673924781802071,1.0002156663826198,0.0272879912659873,0.0384770735765492,0.0831356534561665,0.1312392001358108,0.0327412992608827,0.1612996392257852,0.0411847116865304,0.252099760740021,0.6741470061120804,-0.0017153301455713,-0.0019500621114734,1200.0,0.0,0.4645925630309526,0.8703766258825952,0.312597817301891,0.3593160199082607,0.4827486753456478,0.0612250360142219,0.5916532212902839,0.0242044295789416,0.8663353398113628,0.3484932886953423,100000,30,10,0.1,1.0,0.1,0,9,0.001,1e-06,0.001,1e-07,1.0,1e-07,adamax,0,0.0,disordered,1,0.3636679519572049,0 days 02:36:32.165057,0.0017153759040143,3.5288275110000398,3.4372370373563084,1.0
382,382,382,382,382,0.31260072430687,0.31260072430687,0.31260072430687,0.31260072430687,0.31260072430687,0.31260072430687,0.31260072430687,0.31260072430687,0.31260072430687,0.31260072430687,0.0983232907067819,0.0939493112170398,0.093823578142805,0.2979324629448426,0.3716310883927784,1.0004365248187554,0.1196541400728887,0.8264005827180012,0.2061669091222761,0.1042800350128657,-0.0017445089670621,-0.0019761408338412,521.0,0.0,0.8881877051877,0.1493807642649662,0.71624829296369,0.5855134953816346,0.5668054991174719,0.9065448576640236,0.0867575888476853,0.9177427468321386,0.2804969241390942,0.2538249548089413,100000,30,10,0.1,1.0,0.1,0,9,0.001,1e-06,0.001,1e-07,1.0,1e-07,adamax,0,0.0,disordered,1,0.3168698238349231,0 days 02:36:32.165057,0.0017445962441668,3.447483157378639,3.323680012679891,1.0
383,383,383,383,383,0.1439847952876005,0.1439847952876005,0.1439847952876005,0.1439847952876005,0.1439847952876005,0.1439847952876005,0.1439847952876005,0.1439847952876005,0.1439847952876005,0.1439847952876005,1.721968564060206e-05,6.731088488233153e-06,8.791168241490801e-06,0.0963273405117209,0.702988922621987,0.0048190670798002,0.1653079086705447,0.3785565426547548,1.71407523068985e-05,0.0527623482818232,-0.0031906037250977,-0.0041700957525234,7107.0,1.0,0.6846903811960501,0.4131886612712611,0.1340955673338829,0.5580343537526458,0.8759672619772926,0.0088415666662903,0.4024341209001952,0.1791553579684491,0.7086352018966858,0.7871031607789767,100000,30,10,0.1,1.0,0.1,0,9,0.001,1e-06,0.001,1e-07,1.0,1e-07,adamax,0,0.0,disordered,1,0.1424386238376349,0 days 02:36:32.165057,0.0031906907703591,4.212950186505057,3.648753096690209,1.0
384,384,384,384,384,0.1692220351641034,0.1692220351641034,0.1692220351641034,0.1692220351641034,0.1692220351641034,0.1692220351641034,0.1692220351641034,0.1692220351641034,0.1692220351641034,0.1692220351641034,1.0000378330016153,0.2186308409210537,0.3681749608955341,0.0293933082500181,0.1566279036653138,0.073737462512793,0.0344040841108605,0.0292149049894682,0.029805132573041,0.035198589030355,-0.0029549417022205,-0.004442244545147,774.0,0.0,0.141602596831929,0.8445017164340487,0.3122785108275705,0.7498669802182869,0.1287998260806334,0.4734033912116812,0.649239041295116,0.4950066534014287,0.6892716676081824,0.7752851900829789,100000,30,10,0.1,1.0,0.1,0,9,0.001,1e-06,0.001,1e-07,1.0,1e-07,adamax,0,0.0,disordered,1,0.1670003676304788,0 days 02:36:32.165057,0.0029550718689473,3.060538571861259,3.007702829700714,1.0
385,385,385,385,385,0.3673924781802071,0.3673924781802071,0.3673924781802071,0.3673924781802071,0.3673924781802071,0.3673924781802071,0.3673924781802071,0.3673924781802071,0.3673924781802071,0.3673924781802071,0.0697336546765974,3.191901099786441e-05,5.986630792692107e-06,1.7889674929269986e-07,9.997277508742677e-08,1.6477707467373916e-07,1.7243050763801267e-06,0.7040891036456055,0.1806620372727108,0.7842687412743006,-0.0016055825627326,-0.0019414775001492,8873.0,0.0,0.9283894315706523,0.6490635800408276,0.1759501685527703,0.7681127069410235,0.4237433273208904,0.6985926672318011,0.6892002298108775,0.8872912225265681,0.5892704824400701,0.2294741203878888,100000,30,10,0.1,1.0,0.1,0,9,0.001,1e-06,0.001,1e-07,1.0,1e-07,adamax,0,0.0,disordered,1,0.3659479463866745,0 days 02:36:32.165057,0.0016055906604734,2.7188047563337325,3.301305743976837,1.0
386,386,386,386,386,0.2659804395593755,0.2659804395593755,0.2659804395593755,0.2659804395593755,0.2659804395593755,0.2659804395593755,0.2659804395593755,0.2659804395593755,0.2659804395593755,0.2659804395593755,0.6984363449506317,0.0881713641423018,0.0722355646637367,0.0717962753180935,1.0012673572831403,0.1353744337444735,0.0708300311306258,0.0960605442785626,0.145710856629379,0.4915299426037144,-0.0020222903801588,-0.0022768812512096,576.0,0.0,0.4062477741541459,0.6206195937384177,0.5708106848170152,0.1936271183098157,0.824032216762549,0.5794577714532373,0.5768013793246287,0.2050982457879387,0.4916221968829366,0.2686964542861396,100000,30,10,0.1,1.0,0.1,0,9,0.001,1e-06,0.001,1e-07,1.0,1e-07,adamax,0,0.0,disordered,1,0.2660819600404904,0 days 02:36:32.165057,0.0020222905671048,3.0433247521756157,3.107606978780204,1.0
387,387,387,387,387,0.2659804395593755,0.2659804395593755,0.2659804395593755,0.2659804395593755,0.2659804395593755,0.2659804395593755,0.2659804395593755,0.2659804395593755,0.2659804395593755,0.2659804395593755,0.1197098292928277,0.0778891843543697,0.9417551847836904,0.0722622014077408,1.001697714078014,0.8100311442452647,0.9152090701104668,0.4915152274891587,0.0846579037243203,0.095496885980965,-0.0019154085728148,-0.0022290591189118,579.0,0.0,0.3353176670488188,0.3418876984675734,0.6056950274603036,0.3727873636982007,0.8999060160301815,0.7507599098712591,0.9806062698694245,0.6116400008802909,0.4303223165562948,0.3928690888518122,100000,30,10,0.1,1.0,0.1,0,9,0.001,1e-06,0.001,1e-07,1.0,1e-07,adamax,0,0.0,disordered,1,0.2627866863671824,0 days 02:36:32.165057,0.0019154628585386,3.562739963393806,3.1626965951883808,1.0
388,388,388,388,388,0.2337423870891811,0.2337423870891811,0.2337423870891811,0.2337423870891811,0.2337423870891811,0.2337423870891811,0.2337423870891811,0.2337423870891811,0.2337423870891811,0.2337423870891811,1.0016255724720735,0.2565103115820782,0.3470062968183807,0.6481919692554079,0.2043648150654965,0.0563429434552106,0.5311607712350634,0.1130816920083887,0.0619909771036339,0.1115952804990704,-0.0022843813138092,-0.0026884743264796,645.0,0.0,0.0368772763332992,0.7042187498065502,0.3157529253221451,0.0226824501927953,0.9126105342355452,0.2363758633618058,0.0934657012940052,0.7382360921493729,0.7714531340477934,0.7713963860397556,100000,30,10,0.1,1.0,0.1,0,9,0.001,1e-06,0.001,1e-07,1.0,1e-07,adamax,0,0.0,disordered,1,0.2355408016416161,0 days 02:36:32.165057,0.002284416605208,3.250873518244948,3.2623017400199323,1.0
389,389,389,389,389,0.1225113576604118,0.1225113576604118,0.1225113576604118,0.1225113576604118,0.1225113576604118,0.1225113576604118,0.1225113576604118,0.1225113576604118,0.1225113576604118,0.1225113576604118,0.1472347688875474,0.580478058610095,0.0239823696250326,1.000010948727398,0.0138210235988823,0.0177002609985193,0.1322842513019693,0.0136920406686079,0.0107816756592315,0.0112670556461945,-0.0031024372505351,-0.0044390103704469,1082.0,0.0,0.6159471154181675,0.0262046336281953,0.5344485508328887,0.960696137510391,0.4552101955437518,0.2965841288519965,0.5573687571007563,0.6323099431721152,0.2975807642435687,0.7748983341978675,100000,30,10,0.1,1.0,0.1,0,9,0.001,1e-06,0.001,1e-07,1.0,1e-07,adamax,0,0.0,disordered,1,0.1214136383069601,0 days 02:36:32.165057,0.0031024776498781,3.4958469971461086,3.5058736685596323,1.0
390,390,390,390,390,0.5413360302965377,0.5413360302965377,0.5413360302965377,0.5413360302965377,0.5413360302965377,0.5413360302965377,0.5413360302965377,0.5413360302965377,0.5413360302965377,0.5413360302965377,0.2859943642840201,0.2943140506122678,0.3171138201710888,0.3310289873474773,0.3086455897840878,0.3200682420805462,0.3645818788618832,1.00145997903994,0.5595032648031195,0.7142650803011859,-0.0012330993927853,-0.0013006049853326,277.0,0.0,0.841518314734828,0.0242541429599622,0.1004475902259629,0.500578936546438,0.0589401886932623,0.1958725048835413,0.8725808704046144,0.9985612409743008,0.8424408533718666,0.1644843202275913,100000,30,10,0.1,1.0,0.1,0,9,0.001,1e-06,0.001,1e-07,1.0,1e-07,adamax,0,0.0,disordered,1,0.5387239114458657,0 days 02:36:32.165057,0.0012331058922813,3.6363441072244855,3.5567982751792235,1.0
391,391,391,391,391,0.31260072430687,0.31260072430687,0.31260072430687,0.31260072430687,0.31260072430687,0.31260072430687,0.31260072430687,0.31260072430687,0.31260072430687,0.31260072430687,0.3075085828751532,0.2992339458407,0.682972652228275,1.8141083303429872e-06,5.348452174365675e-07,9.99607690535108e-08,5.398290681376594e-06,7.1829584771390495e-06,0.7150274358494378,0.151912940126258,-0.0016804162530363,-0.0019861249968632,10571.0,0.0,0.8038890366662108,0.5819691893112379,0.9948420345429304,0.2824518866017588,0.901054160049732,0.0161443619646516,0.2219817421092476,0.904326725659339,0.5098987108635635,0.2084307679450512,100000,30,10,0.1,1.0,0.1,0,9,0.001,1e-06,0.001,1e-07,1.0,1e-07,adamax,0,0.0,disordered,1,0.3094172781813477,0 days 02:36:32.165057,0.0016804544328853,2.9217700027844,3.3463178534784346,1.0
392,392,392,392,392,0.3334618015786361,0.3334618015786361,0.3334618015786361,0.3334618015786361,0.3334618015786361,0.3334618015786361,0.3334618015786361,0.3334618015786361,0.3334618015786361,0.3334618015786361,0.1312300024679787,0.1109665463059255,0.746356007908328,0.1129035422839309,0.1096140977461667,0.1127157198821139,1.0007103268406157,0.9207615039161255,0.1385101489412445,0.3580356490395152,-0.0016990558644965,-0.0019410306917313,480.0,0.0,0.6999304023746258,0.3183931156556606,0.589163095201402,0.4156423357712343,0.0804423228665887,0.0639452407496375,0.9134199436822962,0.8685949990490613,0.4580567283612882,0.2402191191679729,100000,30,10,0.1,1.0,0.1,0,9,0.001,1e-06,0.001,1e-07,1.0,1e-07,adamax,0,0.0,disordered,1,0.3338027065422497,0 days 02:36:32.165057,0.0016990565764731,3.660080108632482,3.485169009468284,1.0
393,393,393,393,393,0.3444087275973819,0.3444087275973819,0.3444087275973819,0.3444087275973819,0.3444087275973819,0.3444087275973819,0.3444087275973819,0.3444087275973819,0.3444087275973819,0.3444087275973819,0.1318478730839533,0.986959572544566,1.0001997180299578,0.1188908785069042,0.9933362189015282,0.9991392883032132,0.3170876111811355,1.0000359661517837,0.1197447421758877,0.1184707467354607,-0.0014466858066486,-0.0018398897887156,465.0,0.0,0.1331714742981344,0.9575853826117988,0.5403821544940877,0.0077069788216748,0.6256191561345337,0.7575658146244825,0.3039540231419534,0.9799665572099168,0.058976470767368,0.1117238983214603,100000,30,10,0.1,1.0,0.1,0,9,0.001,1e-06,0.001,1e-07,1.0,1e-07,adamax,0,0.0,disordered,1,0.3446366056398271,0 days 02:36:32.165057,0.0014466860410435,3.926985260913221,3.4186413195199963,1.0
394,394,394,394,394,0.3026648059395688,0.3026648059395688,0.3026648059395688,0.3026648059395688,0.3026648059395688,0.3026648059395688,0.3026648059395688,0.3026648059395688,0.3026648059395688,0.3026648059395688,0.3166003424741693,0.1561707576503161,0.0929889321426163,1.0013590740570335,1.000493390110189,0.971865645465026,0.708722879861703,0.0956877832382192,0.0986140926047289,0.3393239951831708,-0.0017803103915282,-0.0019887560145952,520.0,0.0,0.603831803552466,0.4624899048622172,0.3695936464390237,0.6963669060780433,0.928911149355404,0.8603804184889041,0.7266129329024038,0.2893298787520199,0.3035754278572405,0.1781486816960641,100000,30,10,0.1,1.0,0.1,0,9,0.001,1e-06,0.001,1e-07,1.0,1e-07,adamax,0,0.0,disordered,1,0.3029098784307417,0 days 02:36:32.165057,0.0017803104744376,3.573798537754261,3.153684674757965,1.0
395,395,395,395,395,0.1988827856988806,0.1988827856988806,0.1988827856988806,0.1988827856988806,0.1988827856988806,0.1988827856988806,0.1988827856988806,0.1988827856988806,0.1988827856988806,0.1988827856988806,0.0478478954549528,0.1062421177068953,0.0383226642876529,0.037072208515324,0.9729557408742616,0.1235616280389295,0.0889413659817654,1.0005260130787783,0.0725463826367,0.0408686093894662,-0.0021789076686994,-0.0027429585108331,727.0,0.0,0.8756895613363475,0.6768213378604695,0.5757831895041652,0.0701672526727372,0.8484925448291497,0.1448534997231394,0.5095451291667785,0.9355100792268508,0.3574547742171649,0.4576486448906808,100000,30,10,0.1,1.0,0.1,0,9,0.001,1e-06,0.001,1e-07,1.0,1e-07,adamax,0,0.0,disordered,1,0.1992488910678377,0 days 02:36:32.165057,0.002178909042065,3.419127641300596,3.3438232466571804,1.0
396,396,396,396,396,0.2054117348353061,0.2054117348353061,0.2054117348353061,0.2054117348353061,0.2054117348353061,0.2054117348353061,0.2054117348353061,0.2054117348353061,0.2054117348353061,0.2054117348353061,0.1017717233960416,0.0459277798288458,0.0916375125978479,0.0479441758745102,0.0440908452538109,0.0424205812078964,1.0010914801766106,0.7781790091996005,0.280266288541117,0.0425617819345446,-0.0020267673991885,-0.002623285654602,691.0,0.0,0.9447030141551648,0.2973425907157143,0.4522681555553598,0.381264433246623,0.407176822363004,0.4311905702831072,0.9909251799832076,0.8054271184567908,0.0408023291092698,0.6091725876977999,100000,30,10,0.1,1.0,0.1,0,9,0.001,1e-06,0.001,1e-07,1.0,1e-07,adamax,0,0.0,disordered,1,0.2054699153705376,0 days 02:36:32.165057,0.00202676747699,4.006682741501933,3.7090987738893686,1.0
397,397,397,397,397,0.2493409369951876,0.2493409369951876,0.2493409369951876,0.2493409369951876,0.2493409369951876,0.2493409369951876,0.2493409369951876,0.2493409369951876,0.2493409369951876,0.2493409369951876,0.8457146367172443,0.5488388255917409,0.3736852952176249,0.3033345026119689,0.1051774995664775,0.080163347071196,0.0600237019828032,1.001545030906777,0.0722445084879246,0.1134397265344113,-0.0021434942673248,-0.0025671319276458,618.0,0.0,0.0117547122692966,0.0783087638927918,0.5831792867219203,0.6205908503134709,0.1705372380655809,0.4032293846380065,0.360509845853903,0.7038513879430254,0.4198563038021821,0.3845682407265546,100000,30,10,0.1,1.0,0.1,0,9,0.001,1e-06,0.001,1e-07,1.0,1e-07,adamax,0,0.0,disordered,1,0.2515218542704623,0 days 02:36:32.165057,0.0021435291764577,2.982150165695149,3.0446898607955144,1.0
398,398,398,398,398,0.2191196687578145,0.2191196687578145,0.2191196687578145,0.2191196687578145,0.2191196687578145,0.2191196687578145,0.2191196687578145,0.2191196687578145,0.2191196687578145,0.2191196687578145,0.0585301603348484,0.0451355663232963,0.0439988295619069,0.0554338055716363,0.0436208421750114,0.0433857144846719,0.840847889133048,1.000793034862228,0.0441084582176024,0.044947059348536,-0.0024038020158306,-0.0032448960123384,702.0,0.0,0.8254942886658027,0.6685329114974272,0.1107462968168769,0.5398995705201489,0.2246724106827123,0.2698871709329439,0.6128847196823363,0.8651806171917678,0.3588239467283936,0.5217412887033186,100000,30,10,0.1,1.0,0.1,0,9,0.001,1e-06,0.001,1e-07,1.0,1e-07,adamax,0,0.0,disordered,1,0.2221914486402254,0 days 02:36:32.165057,0.0024038972478178,3.588332401631312,3.507095427652516,1.0
399,399,399,399,399,0.1586356533508587,0.1586356533508587,0.1586356533508587,0.1586356533508587,0.1586356533508587,0.1586356533508587,0.1586356533508587,0.1586356533508587,0.1586356533508587,0.1586356533508587,1.0003227326722923,0.3446038986405269,0.1746184737120086,0.1954480325076444,0.2501010643336429,0.0253524964680764,0.022721625208789,0.0244640737429062,0.0236526210086749,0.0284664966484117,-0.0030500197950776,-0.004317573428061,852.0,0.0,0.0780990026556265,0.7741300326825525,0.1734021894217381,0.3985102239098461,0.2744210850174291,0.5193636535366862,0.2995704625754152,0.4683101527284676,0.4409953107360257,0.6131035871577232,100000,30,10,0.1,1.0,0.1,0,9,0.001,1e-06,0.001,1e-07,1.0,1e-07,adamax,0,0.0,disordered,1,0.1600791506706922,0 days 02:36:32.165057,0.003050079032479,2.998330988373383,2.928892724030298,1.0
400,400,400,400,400,0.1076624177045492,0.1076624177045492,0.1076624177045492,0.1076624177045492,0.1076624177045492,0.1076624177045492,0.1076624177045492,0.1076624177045492,0.1076624177045492,0.1076624177045492,0.2527713624516287,0.192091347931491,0.0437308556266961,1.0020460664794213,0.0243759672245983,0.3499648234076761,0.0123291272424323,0.0336478814338874,0.0157869742901215,0.01870244849749,-0.0036932209408586,-0.0048279355669076,966.0,0.0,0.6889362944750851,0.5315913557048402,0.7426015513347075,0.89760034510713,0.4578206884284567,0.0327799627638567,0.7668989494699516,0.4590148296163564,0.7825713013777795,0.8535599729288764,100000,30,10,0.1,1.0,0.1,0,9,0.001,1e-06,0.001,1e-07,1.0,1e-07,adamax,0,0.0,disordered,1,0.1081532300430633,0 days 02:36:32.165057,0.0036932362662713,3.2772010235600364,3.065375918222065,1.0
401,401,401,401,401,0.2747120789270809,0.2747120789270809,0.2747120789270809,0.2747120789270809,0.2747120789270809,0.2747120789270809,0.2747120789270809,0.2747120789270809,0.2747120789270809,0.2747120789270809,0.9101067593025062,0.2993916129407015,0.4022641426467284,0.074852265715414,0.074672330046092,0.0746953027058376,1.0007586745989874,0.1023351504567619,0.2238941916399928,0.0747807317557417,-0.0020529853201265,-0.0026514040762622,566.0,0.0,0.0768661860969489,0.3981452439674036,0.7405724890116195,0.451693757665647,0.4513610953619369,0.4785476144524054,0.9884437030222668,0.2399492332747925,0.1631818548705969,0.7673370133500969,100000,30,10,0.1,1.0,0.1,0,9,0.001,1e-06,0.001,1e-07,1.0,1e-07,adamax,0,0.0,disordered,1,0.2782651990384479,0 days 02:36:32.165057,0.002053068523216,3.4707218313782118,3.3007450374598064,1.0
402,402,402,402,402,0.2747120789270809,0.2747120789270809,0.2747120789270809,0.2747120789270809,0.2747120789270809,0.2747120789270809,0.2747120789270809,0.2747120789270809,0.2747120789270809,0.2747120789270809,0.0790663646375313,0.0773947667954874,0.0808094026541415,1.0005912141800488,0.4109505376955649,0.1357967758972672,0.1813359442025263,0.1930788013790985,0.0878255271015283,0.5224289210334305,-0.0019576916859556,-0.0021241348117454,564.0,0.0,0.8394313855581875,0.0456307130379749,0.6133129324395125,0.8572995983522452,0.7181674555528159,0.1473417427558361,0.1679588803086876,0.4458328913533708,0.3733582963325904,0.1682323792248768,100000,30,10,0.1,1.0,0.1,0,9,0.001,1e-06,0.001,1e-07,1.0,1e-07,adamax,0,0.0,disordered,1,0.2708592347964362,0 days 02:36:32.165057,0.0019577763847828,3.4325746200139524,3.272814645465301,1.0
403,403,403,403,403,0.2747120789270809,0.2747120789270809,0.2747120789270809,0.2747120789270809,0.2747120789270809,0.2747120789270809,0.2747120789270809,0.2747120789270809,0.2747120789270809,0.2747120789270809,0.0759622520698354,0.0755970619842714,0.10531342936725,0.0921705647497931,0.9058959906866564,0.0829569655160451,0.0888136848086462,0.0942785300966976,1.0008624449584962,0.1790381916029464,-0.0017739947728518,-0.0022085049474273,566.0,0.0,0.5188531758251657,0.1897948285479452,0.0767443040575475,0.490228514256099,0.9394881155284912,0.1529961204234934,0.1987775029263786,0.5108366387648576,0.9481088718036756,0.4515361091385279,100000,30,10,0.1,1.0,0.1,0,9,0.001,1e-06,0.001,1e-07,1.0,1e-07,adamax,0,0.0,disordered,1,0.2762269497319965,0 days 02:36:32.165057,0.0017740002498562,3.577192828345146,3.5110695710830706,1.0
404,404,404,404,404,0.2493409369951876,0.2493409369951876,0.2493409369951876,0.2493409369951876,0.2493409369951876,0.2493409369951876,0.2493409369951876,0.2493409369951876,0.2493409369951876,0.2493409369951876,0.5863615411898752,0.4622784105275236,0.0670329684296434,0.0622316995893177,0.9588775255201148,0.0657442077204531,1.0003642162207809,0.0881819545919143,0.0864829665450389,0.0909385033349592,-0.00203409931281,-0.0026518827139252,603.0,0.0,0.2108011008155037,0.5748792763458139,0.3227719804758109,0.114826221392745,0.6288290534653564,0.4344524935734064,0.955836690367052,0.3841124741955217,0.1527400103484669,0.3235214770355218,100000,30,10,0.1,1.0,0.1,0,9,0.001,1e-06,0.001,1e-07,1.0,1e-07,adamax,0,0.0,disordered,1,0.2509231176695358,0 days 02:36:32.165057,0.0020341162766896,3.182508049000864,3.2675136618836884,1.0
405,405,405,405,405,0.3444087275973819,0.3444087275973819,0.3444087275973819,0.3444087275973819,0.3444087275973819,0.3444087275973819,0.3444087275973819,0.3444087275973819,0.3444087275973819,0.3444087275973819,0.2758381100049852,0.2414636621940776,0.1896619015982125,0.35280493348508,1.0022167104859685,0.1236409652550667,0.1386278163450949,0.1372743213661479,0.3587946871553802,0.5042257539624518,-0.0017214886568743,-0.0018528505210405,467.0,0.0,0.478705397109699,0.2896744681672416,0.4236043653007638,0.7058796814751347,0.7649841990679365,0.5913785395004015,0.4819788990360973,0.1144645956674915,0.6681019572037156,0.2315605713434018,100000,30,10,0.1,1.0,0.1,0,9,0.001,1e-06,0.001,1e-07,1.0,1e-07,adamax,0,0.0,disordered,1,0.3478133502467003,0 days 02:36:32.165057,0.0017215292484642,3.157108176996756,3.193093204625001,1.0
406,406,406,406,406,0.1747772774464678,0.1747772774464678,0.1747772774464678,0.1747772774464678,0.1747772774464678,0.1747772774464678,0.1747772774464678,0.1747772774464678,0.1747772774464678,0.1747772774464678,0.1338277722552996,0.9166656657710516,0.3090088236292831,0.0673581035449242,0.0623677904376809,0.0304062505709134,1.0013358199164812,0.0303973288233912,0.0302859523279991,0.0308196440824457,-0.0027788350374189,-0.0039541850879738,758.0,0.0,0.7390020615307508,0.9544489617011576,0.8544794496351783,0.2752854311959272,0.4633228012303384,0.4448150007803281,0.7695702694079896,0.4177353826609133,0.3523804298155346,0.5876489041153224,100000,30,10,0.1,1.0,0.1,0,9,0.001,1e-06,0.001,1e-07,1.0,1e-07,adamax,0,0.0,disordered,1,0.1763691871898758,0 days 02:36:32.165057,0.0027788818075018,3.586796036978524,3.259640580076524,1.0
407,407,407,407,407,0.2414157116103015,0.2414157116103015,0.2414157116103015,0.2414157116103015,0.2414157116103015,0.2414157116103015,0.2414157116103015,0.2414157116103015,0.2414157116103015,0.2414157116103015,0.661266156807579,0.1474300994088485,0.8530788416747077,0.0592492834851166,1.0011098876310829,0.0785886120531704,0.0902090355729614,0.1293563111816275,0.065087197434411,0.3839511723926537,-0.0023556996426891,-0.0025770703665853,627.0,0.0,0.5700373507724078,0.8437694751711267,0.9270465241719712,0.8580380618820481,0.9901759181550464,0.5752218574086545,0.4132837074807526,0.7075600902013015,0.8685163119647893,0.7130143259681695,100000,30,10,0.1,1.0,0.1,0,9,0.001,1e-06,0.001,1e-07,1.0,1e-07,adamax,0,0.0,disordered,1,0.2422972586690695,0 days 02:36:32.165057,0.0023557103531076,3.2907446371860583,3.096982576760742,1.0
408,408,408,408,408,0.2191196687578145,0.2191196687578145,0.2191196687578145,0.2191196687578145,0.2191196687578145,0.2191196687578145,0.2191196687578145,0.2191196687578145,0.2191196687578145,0.2191196687578145,0.8012798988475106,1.000309621998899,0.2562620605588458,0.0373161593104827,0.0939353372083362,0.0377379517312946,0.0481870827589946,0.0375458644463636,0.0453939276157187,0.486064040339723,-0.0022352006426082,-0.0025515076931403,806.0,0.0,0.5777545556052495,0.1626708743365238,0.7240797155870501,0.9090844381539972,0.4600232907566758,0.8684837932574364,0.5933301678821135,0.2654987928559305,0.980302087071833,0.7439096253516175,100000,30,10,0.1,1.0,0.1,0,9,0.001,1e-06,0.001,1e-07,1.0,1e-07,adamax,0,0.0,disordered,1,0.2226313382207713,0 days 02:36:32.165057,0.0022353156537403,3.1427771417281387,3.240402282083852,1.0
409,409,409,409,409,0.5241298302206057,0.5241298302206057,0.5241298302206057,0.5241298302206057,0.5241298302206057,0.5241298302206057,0.5241298302206057,0.5241298302206057,0.5241298302206057,0.5241298302206057,0.2774196432393089,0.2683252208904382,0.2594612683597986,0.2745300511672272,0.2597423185085508,0.2596119299493107,0.2623378850241256,0.8085137548282703,0.2666727456786885,1.0010240411699671,-0.0012780864855522,-0.0014112584071952,304.0,0.0,0.9795252067723554,0.6100530758570066,0.7432085107373737,0.2743893831586442,0.528768332327481,0.3843675888443327,0.685815770505385,0.9425531853188596,0.5579147457481594,0.0067021813154815,100000,30,10,0.1,1.0,0.1,0,9,0.001,1e-06,0.001,1e-07,1.0,1e-07,adamax,0,0.0,disordered,1,0.51762224807598,0 days 02:36:32.165057,0.0012781460796139,3.306458977059064,3.3424828277797687,1.0
410,410,410,410,410,0.293044697697214,0.293044697697214,0.293044697697214,0.293044697697214,0.293044697697214,0.293044697697214,0.293044697697214,0.293044697697214,0.293044697697214,0.293044697697214,0.9101490696667088,0.3629415273032184,0.0743624284308737,0.0733863944409288,0.1065027101523797,0.085209080504188,1.0007279680963883,0.08924615137917,0.1401585018350086,0.5184940137402618,-0.0019630781921622,-0.0021448884354377,604.0,0.0,0.3157447487468376,0.5393754406066464,0.7927550561613438,0.5851494185583955,0.2004989269701369,0.6086739255337252,0.8785329218706656,0.5196576168317664,0.8446810793024534,0.5367725491017408,100000,30,10,0.1,1.0,0.1,0,9,0.001,1e-06,0.001,1e-07,1.0,1e-07,adamax,0,0.0,disordered,1,0.2941850391556148,0 days 02:36:32.165057,0.0019630844700343,3.260878509677072,3.1339931387220528,1.0
411,411,411,411,411,0.5074705239490465,0.5074705239490465,0.5074705239490465,0.5074705239490465,0.5074705239490465,0.5074705239490465,0.5074705239490465,0.5074705239490465,0.5074705239490465,0.5074705239490465,1.0008437847353204,0.2493018918637226,0.2997994807409384,0.3409599392886809,0.2717286665168977,0.2467063290817044,0.2726453705890013,0.2509095141570984,0.3768373718001071,0.9341242173622964,-0.0012513463866805,-0.0013487988306666,316.0,0.0,0.0623806444892994,0.9740497216217924,0.0443351207676094,0.2788677951042795,0.6496983544362016,0.8143035604229114,0.2143998146561042,0.8709662011441918,0.7041999841816713,0.0892101155075248,100000,30,10,0.1,1.0,0.1,0,9,0.001,1e-06,0.001,1e-07,1.0,1e-07,adamax,0,0.0,disordered,1,0.5043278181439881,0 days 02:36:32.165057,0.0012513565772933,3.234448652130393,3.327638065512712,1.0
412,412,412,412,412,0.2263129568399526,0.2263129568399526,0.2263129568399526,0.2263129568399526,0.2263129568399526,0.2263129568399526,0.2263129568399526,0.2263129568399526,0.2263129568399526,0.2263129568399526,0.4631014888166939,0.5012374976656635,0.0507445501914359,0.6693245887247011,0.0641370507949257,1.0006217347235509,0.048177380351522,0.0481573933557084,0.2002776885085335,0.0504963521418561,-0.002079201647937,-0.002652175592164,672.0,0.0,0.443404841571228,0.888556139924945,0.4476377740232786,0.8643357016188029,0.208028473648042,0.8729712189375171,0.6978724220509919,0.0260082553528578,0.1050460408884276,0.7372771680981177,100000,30,10,0.1,1.0,0.1,0,9,0.001,1e-06,0.001,1e-07,1.0,1e-07,adamax,0,0.0,disordered,1,0.2240174697789223,0 days 02:36:32.165057,0.0020792331989337,3.5348570253303864,3.3220138462176174,1.0
413,413,413,413,413,0.2837303616516209,0.2837303616516209,0.2837303616516209,0.2837303616516209,0.2837303616516209,0.2837303616516209,0.2837303616516209,0.2837303616516209,0.2837303616516209,0.2837303616516209,0.2846018175055782,0.0792485149981314,0.0833900970303786,1.0017662813472967,0.9133326712130004,0.9735536631655924,0.0929686185025765,0.0841028569284295,0.1015486904851451,0.0790765005990748,-0.0020052217778076,-0.0026165966144987,555.0,0.0,0.8387652840941259,0.370744818252592,0.2664376532277743,0.9740513397038838,0.8470511746955247,0.9963015274446064,0.1755721556118751,0.508987638561795,0.097202802981983,0.6792269818519482,100000,30,10,0.1,1.0,0.1,0,9,0.001,1e-06,0.001,1e-07,1.0,1e-07,adamax,0,0.0,disordered,1,0.2812760063013874,0 days 02:36:32.165057,0.0020052546177097,3.959839823150878,3.589129481158707,1.0
414,414,414,414,414,0.31260072430687,0.31260072430687,0.31260072430687,0.31260072430687,0.31260072430687,0.31260072430687,0.31260072430687,0.31260072430687,0.31260072430687,0.31260072430687,0.3084096815153595,0.4849659723451396,0.467653254107974,0.8295054242117611,0.795713698747956,1.00018135332829,0.7607605180447197,0.0866841801658713,0.0746102945006206,0.0818439010645258,-0.0019137015424523,-0.0022968000953053,648.0,0.0,0.4061118564358863,0.0850005313577458,0.1526317251226819,0.910299374681492,0.8768903554469762,0.9551525228261156,0.8965535951168451,0.5351546363255458,0.515455733158423,0.5871028732238763,100000,30,10,0.1,1.0,0.1,0,9,0.001,1e-06,0.001,1e-07,1.0,1e-07,adamax,0,0.0,disordered,1,0.3080450710139637,0 days 02:36:32.165057,0.001913816846327,3.56208667800813,3.332969258180264,1.0
415,415,415,415,415,0.2575263326771197,0.2575263326771197,0.2575263326771197,0.2575263326771197,0.2575263326771197,0.2575263326771197,0.2575263326771197,0.2575263326771197,0.2575263326771197,0.2575263326771197,0.066560054153081,0.0657870576660362,0.0675994260511321,0.0762741077854496,1.0004871636599235,0.0728043028489232,0.0908469441711195,0.0756029709441202,0.2735154310016441,0.4215230948834263,-0.0019759320181123,-0.002263659903882,590.0,0.0,0.7668237644363374,0.1977185743600077,0.4451151522347814,0.3975934206429982,0.7896529458900853,0.045998356855588,0.6402027140035832,0.0887070636110953,0.5421498286417926,0.2224473832800946,100000,30,10,0.1,1.0,0.1,0,9,0.001,1e-06,0.001,1e-07,1.0,1e-07,adamax,0,0.0,disordered,1,0.2604171046167878,0 days 02:36:32.165057,0.001975977421815,3.682493360159485,3.397316559406044,1.0
416,416,416,416,416,0.3919100249433401,0.3919100249433401,0.3919100249433401,0.3919100249433401,0.3919100249433401,0.3919100249433401,0.3919100249433401,0.3919100249433401,0.3919100249433401,0.3919100249433401,0.1545261999475234,0.0735103025443722,0.1222436054814675,0.1511148708796721,0.2486152541154467,0.1410337116888921,0.1208088646957289,0.1006240896363848,0.1530838810952311,1.000075542278872,-0.0015474873252266,-0.0017331615542533,729.0,0.0,0.9775771675428512,0.1337770573080597,0.3215407232104753,0.2104542570814508,0.2592652477594613,0.6798966146732351,0.0686101487521969,0.6204432240171837,0.5210326863650419,0.0479173199134617,100000,30,10,0.1,1.0,0.1,0,9,0.001,1e-06,0.001,1e-07,1.0,1e-07,adamax,0,0.0,disordered,1,0.3937602966182997,0 days 02:36:32.165057,0.0015474950959325,3.674688415917727,3.479338015282699,1.0
417,417,417,417,417,0.2414157116103015,0.2414157116103015,0.2414157116103015,0.2414157116103015,0.2414157116103015,0.2414157116103015,0.2414157116103015,0.2414157116103015,0.2414157116103015,0.2414157116103015,1.895383604044901e-05,9.136704608562694e-06,5.572350038784058e-06,0.0369260855800144,1.5896221595513167e-05,0.0097603177480011,0.167051936043764,0.578204657067018,0.0762400568730888,0.5646667171609604,-0.0020306526497436,-0.0024348198415131,6833.0,1.0,0.9477142052086226,0.4848109501995765,0.0552227853994373,0.5430994458188134,0.3849288534581921,0.1053313431245639,0.7779611767655182,0.8869022045397801,0.7002695496615222,0.4575697830924936,100000,30,10,0.1,1.0,0.1,0,9,0.001,1e-06,0.001,1e-07,1.0,1e-07,adamax,0,0.0,disordered,1,0.2436260500886682,0 days 02:36:32.165057,0.0020306858651915,3.899719019493992,3.603086654982732,1.0
418,418,418,418,418,0.7009570091165607,0.7009570091165607,0.7009570091165607,0.7009570091165607,0.7009570091165607,0.7009570091165607,0.7009570091165607,0.7009570091165607,0.7009570091165607,0.7009570091165607,0.4531859147468842,0.4798423920676674,0.4855275915641959,0.4524836992791405,0.4764158274798415,0.4534450875646985,0.4578124987067253,0.4583510408300428,0.8164457587706828,1.00082322151369,-0.0010830425958013,-0.0011513048608859,189.0,0.0,0.8279043825811457,0.0228108001645128,0.2168319095813321,0.5835180776469203,0.1919119630154349,0.6599521583299469,0.4842590997345396,0.818860080709731,0.9829739193633368,0.0562300084333338,100000,30,10,0.1,1.0,0.1,0,9,0.001,1e-06,0.001,1e-07,1.0,1e-07,adamax,0,0.0,disordered,1,0.6985350706884131,0 days 02:36:32.165057,0.0010830465783149,3.4599822000403315,3.476621917968435,1.0
419,419,419,419,419,0.1265331759388942,0.1265331759388942,0.1265331759388942,0.1265331759388942,0.1265331759388942,0.1265331759388942,0.1265331759388942,0.1265331759388942,0.1265331759388942,0.1265331759388942,0.1792854053478982,0.5437960454088685,0.1436740656499018,0.1663358951492023,0.099823687416857,0.0571328418633329,0.0865054035165618,0.0121823557946076,1.0014631122454396,0.0130048746354298,-0.0033249627709755,-0.0037053199680665,1108.0,0.0,0.7374439039462058,0.0605299613106001,0.5366332415027617,0.3574310256945521,0.477786134856731,0.7429309261481368,0.0060714017867887,0.6322373208429781,0.8776752987789853,0.8889077610091979,100000,30,10,0.1,1.0,0.1,0,9,0.001,1e-06,0.001,1e-07,1.0,1e-07,adamax,0,0.0,disordered,1,0.1267156424419455,0 days 02:36:32.165057,0.0033249631545628,3.6744704750683512,3.502379798449238,1.0
420,420,420,420,420,0.3334618015786361,0.3334618015786361,0.3334618015786361,0.3334618015786361,0.3334618015786361,0.3334618015786361,0.3334618015786361,0.3334618015786361,0.3334618015786361,0.3334618015786361,0.1152117919355185,0.8457810204550541,0.1110376312727297,0.1118722345984845,0.9963243782141268,0.1196211073015324,1.002236218756592,0.1109827623727588,0.7709568878573103,0.1226058749713835,-0.0017344833242676,-0.002030160548373,478.0,0.0,0.5089284620972206,0.6478809576340099,0.1556323125427124,0.2068350038228429,0.9780836291940408,0.0356991540319092,0.9092382284920736,0.2672374227202893,0.5307924500262473,0.2355793896833975,100000,30,10,0.1,1.0,0.1,0,9,0.001,1e-06,0.001,1e-07,1.0,1e-07,adamax,0,0.0,disordered,1,0.3333392118671265,0 days 02:36:32.165057,0.0017344834955853,3.6715779184775994,3.483959734944307,1.0
421,421,421,421,421,0.2575263326771197,0.2575263326771197,0.2575263326771197,0.2575263326771197,0.2575263326771197,0.2575263326771197,0.2575263326771197,0.2575263326771197,0.2575263326771197,0.2575263326771197,1.0006308927440972,0.4881918441186343,0.1232713944743119,0.9712237911409112,0.0666240657578844,0.0666216470452138,0.0665219023317408,0.0760211379700227,0.4041050764029373,0.0672343001420697,-0.0018998818587679,-0.0026777259901327,589.0,0.0,0.0901000589145878,0.8642026280397647,0.6317141650569772,0.876657615352935,0.6312930919644297,0.7195131777345785,0.1178494397021134,0.0080913134267293,0.0872828867116046,0.8508026412379843,100000,30,10,0.1,1.0,0.1,0,9,0.001,1e-06,0.001,1e-07,1.0,1e-07,adamax,0,0.0,disordered,1,0.2596551529252093,0 days 02:36:32.165057,0.0018999078752398,3.624606816816925,3.5932682411346164,1.0
422,422,422,422,422,0.1988827856988806,0.1988827856988806,0.1988827856988806,0.1988827856988806,0.1988827856988806,0.1988827856988806,0.1988827856988806,0.1988827856988806,0.1988827856988806,0.1988827856988806,0.9256970233167848,0.0835907118812165,5.6424016616833696e-05,0.4503613272466123,0.597527279983444,0.5608704057640607,1.922577637034357e-05,5.28534240944066e-05,0.7636280193492119,2.242813480365678e-05,-0.0020023411493437,-0.0024994171922505,7453.0,1.0,0.033078484054218,0.097327803329519,0.1038749459723467,0.0650983777042751,0.3313407450886593,0.5978040048406219,0.916582533279836,0.17015582681389,0.0494699350626028,0.9646569145800296,100000,30,10,0.1,1.0,0.1,0,9,0.001,1e-06,0.001,1e-07,1.0,1e-07,adamax,0,0.0,disordered,1,0.1980522142805298,0 days 02:36:32.165057,0.0020023498625196,3.121422698644318,3.1183926723978166,1.0
423,423,423,423,423,0.3673924781802071,0.3673924781802071,0.3673924781802071,0.3673924781802071,0.3673924781802071,0.3673924781802071,0.3673924781802071,0.3673924781802071,0.3673924781802071,0.3673924781802071,1.0007491089333638,0.4371472808627011,0.1474171947269379,0.1257573957124117,0.1653466548125801,0.1372944670275099,0.1457617510072082,0.2373319371199867,0.3819222524271265,0.467629812520365,-0.001578919491714,-0.0016747841224394,466.0,0.0,0.1397394755912353,0.7383568155103292,0.9288728859304648,0.410150121628493,0.985694627080419,0.3127921117733295,0.1647179687027753,0.8604756114186567,0.6569436959729558,0.3024521432812769,100000,30,10,0.1,1.0,0.1,0,9,0.001,1e-06,0.001,1e-07,1.0,1e-07,adamax,0,0.0,disordered,1,0.3638729033833485,0 days 02:36:32.165057,0.0015789526237754,3.173324531784936,3.283826851832512,1.0
424,424,424,424,424,0.2054117348353061,0.2054117348353061,0.2054117348353061,0.2054117348353061,0.2054117348353061,0.2054117348353061,0.2054117348353061,0.2054117348353061,0.2054117348353061,0.2054117348353061,1.0002181067798803,0.5061598773705104,0.1836788869802929,0.0384784240591254,0.0447162229321219,0.0487478354924669,0.0485872162655992,0.0513841819184982,0.127839604892705,0.2003583286907949,-0.0025793194846368,-0.0029864864972393,730.0,0.0,0.0392289274013856,0.297639526640463,0.6244075956757914,0.5703928005178455,0.2740402596437613,0.4171649006978538,0.3383073762088127,0.0760985783527971,0.6413694409016957,0.5403388269281143,100000,30,10,0.1,1.0,0.1,0,9,0.001,1e-06,0.001,1e-07,1.0,1e-07,adamax,0,0.0,disordered,1,0.2038287369647839,0 days 02:36:32.165057,0.0025793607517695,3.1888681618878008,3.0572601777055604,1.0
425,425,425,425,425,0.3919100249433401,0.3919100249433401,0.3919100249433401,0.3919100249433401,0.3919100249433401,0.3919100249433401,0.3919100249433401,0.3919100249433401,0.3919100249433401,0.3919100249433401,0.2204778531200103,0.2289885806906889,0.14624072555523,0.7263375715525712,0.1469199418182339,1.0014181673431035,0.187878939271643,0.1775773382213118,0.188997890137857,0.6972946089779235,-0.0016465689402897,-0.0017651455538679,430.0,0.0,0.868269939434009,0.805147555387551,0.4031840261888079,0.7671894166866913,0.6234453362787614,0.9160253701982888,0.2260529647564922,0.3015135560709335,0.4814674968405427,0.1361810193696396,100000,30,10,0.1,1.0,0.1,0,9,0.001,1e-06,0.001,1e-07,1.0,1e-07,adamax,0,0.0,disordered,1,0.3886747556996944,0 days 02:36:32.165057,0.001646602554413,3.280096663238442,3.2351522322882507,1.0
426,426,426,426,426,0.3444087275973819,0.3444087275973819,0.3444087275973819,0.3444087275973819,0.3444087275973819,0.3444087275973819,0.3444087275973819,0.3444087275973819,0.3444087275973819,0.3444087275973819,0.4420680887253749,0.1219359823912294,0.7567927335948331,0.6408869059853753,0.132373545826773,1.0009026611919172,0.8341472772446339,0.8023641973392464,0.1223173642273667,0.1199695419657636,-0.0016565499356416,-0.0018256088739523,463.0,0.0,0.5786358154326687,0.3945728051585766,0.7390275440182333,0.8049961602735147,0.097440937207325,0.9958274747499029,0.783059412368617,0.7552922076196017,0.2436965995655647,0.255313277822048,100000,30,10,0.1,1.0,0.1,0,9,0.001,1e-06,0.001,1e-07,1.0,1e-07,adamax,0,0.0,disordered,1,0.3473358299859887,0 days 02:36:32.165057,0.0016565831100136,3.6486221190053754,3.229464991379388,1.0
427,427,427,427,427,0.4180637241455754,0.4180637241455754,0.4180637241455754,0.4180637241455754,0.4180637241455754,0.4180637241455754,0.4180637241455754,0.4180637241455754,0.4180637241455754,0.4180637241455754,0.0534426934015702,0.053659061511163,0.0958582551934035,0.060906198482564,0.1003325999458421,0.0642452323872746,0.0639221272325012,0.0759356558818997,0.2312369634938097,1.0000214036438582,-0.0015365420412868,-0.0018623395707,888.0,0.0,0.8780696461448481,0.0474392181398537,0.1213003874962951,0.6042273808478984,0.2366047924505466,0.519481781434452,0.5303635051339174,0.4009237345058491,0.7996211312769392,0.2024393779900505,100000,30,10,0.1,1.0,0.1,0,9,0.001,1e-06,0.001,1e-07,1.0,1e-07,adamax,0,0.0,disordered,1,0.4226503684929155,0 days 02:36:32.165057,0.0015365884377978,3.999157443896489,3.506815094511222,1.0
428,428,428,428,428,0.1349772330233939,0.1349772330233939,0.1349772330233939,0.1349772330233939,0.1349772330233939,0.1349772330233939,0.1349772330233939,0.1349772330233939,0.1349772330233939,0.1349772330233939,0.0185872052484288,0.0179135848652642,1.0014455324039917,0.0235504788763789,0.0490076872738923,0.0375961879772196,0.0354069603312509,0.0389392091393206,0.0858948335864585,0.0196420529028346,-0.0033308804612464,-0.0049300246164667,877.0,0.0,0.7549940596570428,0.4142712055183708,0.9037871628105756,0.1545010690876436,0.2283075734778952,0.3284351138941715,0.2082114225106698,0.3052946724139943,0.3839912012958899,0.7772702834581381,100000,30,10,0.1,1.0,0.1,0,9,0.001,1e-06,0.001,1e-07,1.0,1e-07,adamax,0,0.0,disordered,1,0.1368304256468905,0 days 02:36:32.165057,0.0033309864573344,4.620727092345201,3.842606538425664,1.0
429,429,429,429,429,0.1692220351641034,0.1692220351641034,0.1692220351641034,0.1692220351641034,0.1692220351641034,0.1692220351641034,0.1692220351641034,0.1692220351641034,0.1692220351641034,0.1692220351641034,0.1092608200823121,0.9905590532289408,0.0286730271392185,0.0283741284235828,0.0292891295112485,1.0014888470394123,0.308073243773138,0.0363443372999303,0.0430634269678346,0.0294124812141639,-0.0026248320107379,-0.0036086468664661,775.0,0.0,0.6941896989008876,0.78313027329173,0.5499592443768622,0.2908792486391455,0.14391926437249,0.95166470313576,0.6264611249987306,0.2094205563865516,0.307021602556112,0.5711078240273729,100000,30,10,0.1,1.0,0.1,0,9,0.001,1e-06,0.001,1e-07,1.0,1e-07,adamax,0,0.0,disordered,1,0.1687357551628039,0 days 02:36:32.165057,0.0026248350748614,3.7582096509252536,3.3708912870040417,1.0
430,430,430,430,430,0.1349772330233939,0.1349772330233939,0.1349772330233939,0.1349772330233939,0.1349772330233939,0.1349772330233939,0.1349772330233939,0.1349772330233939,0.1349772330233939,0.1349772330233939,1.709517180871385e-06,0.0907388715202022,1.5323927313190038e-06,0.7746309696022495,0.0812944084357038,5.658047710090397e-06,1.8055535450912888e-06,2.179527765030366e-06,0.3936246415600607,9.834445841185778e-05,-0.002989624765276,-0.0034129447324496,7628.0,1.0,0.4642153340076552,0.0443982716617367,0.3087127172689884,0.570101021446974,0.8113968835651177,0.1923760426349848,0.2362920343534394,0.4211772546111664,0.2909983679153783,0.8314709667747209,100000,30,10,0.1,1.0,0.1,0,9,0.001,1e-06,0.001,1e-07,1.0,1e-07,adamax,0,0.0,disordered,1,0.1333559720923481,0 days 02:36:32.165057,0.0029897063641186,3.768515500607872,3.529723471752819,1.0
431,431,431,431,431,0.31260072430687,0.31260072430687,0.31260072430687,0.31260072430687,0.31260072430687,0.31260072430687,0.31260072430687,0.31260072430687,0.31260072430687,0.31260072430687,0.199286079194495,0.0936604575438408,0.637614806951138,1.0004759240427812,0.0934603222223582,0.9805867226630428,0.9800510570325636,0.0962511511012201,0.101534206504166,0.3639867125504089,-0.0019066611968351,-0.0021786136954825,526.0,0.0,0.5534828446122183,0.2175816337899362,0.4906757667783886,0.5199002449135323,0.2671437476940458,0.5979486596090239,0.7718729024134061,0.2164945105461688,0.2999434994304586,0.1533508288995307,100000,30,10,0.1,1.0,0.1,0,9,0.001,1e-06,0.001,1e-07,1.0,1e-07,adamax,0,0.0,disordered,1,0.3165241349391371,0 days 02:36:32.165057,0.0019067461761465,3.532127965595733,3.2176973537584552,1.0
432,432,432,432,432,0.2337423870891811,0.2337423870891811,0.2337423870891811,0.2337423870891811,0.2337423870891811,0.2337423870891811,0.2337423870891811,0.2337423870891811,0.2337423870891811,0.2337423870891811,0.4646707729981023,0.5679051259332732,0.5637547364963291,1.001731795227939,0.0708395177032961,0.0885118899660078,0.153142549453064,0.0658962567771806,0.0843375460574479,0.0537330439961729,-0.0023354397385623,-0.0029643366824325,656.0,0.0,0.3195367682869472,0.7820850369686129,0.7448619599270543,0.9248967866411554,0.3887877573003923,0.0985704167715635,0.1675447666825603,0.5137492964779893,0.1105763306479585,0.7014873931592067,100000,30,10,0.1,1.0,0.1,0,9,0.001,1e-06,0.001,1e-07,1.0,1e-07,adamax,0,0.0,disordered,1,0.2323641044791716,0 days 02:36:32.165057,0.0023354604242305,3.597986154476699,3.488743029985383,1.0
433,433,433,433,433,0.2837303616516209,0.2837303616516209,0.2837303616516209,0.2837303616516209,0.2837303616516209,0.2837303616516209,0.2837303616516209,0.2837303616516209,0.2837303616516209,0.2837303616516209,0.0857557232054049,0.9932686551118264,0.9818832153916354,0.5427163884903738,0.9902936494016902,0.0841601427145145,1.0022089526932625,0.0816927822085405,0.0801711286033824,0.0799459465572878,-0.0019127045195001,-0.0027113492439901,550.0,0.0,0.3016018973615433,0.476151153352352,0.4126774873130205,0.3734420164616533,0.8389299467094694,0.0392879488090178,0.8777632374124122,0.0916045713660271,0.1239922965806723,0.1954247213941399,100000,30,10,0.1,1.0,0.1,0,9,0.001,1e-06,0.001,1e-07,1.0,1e-07,adamax,0,0.0,disordered,1,0.2795443284453793,0 days 02:36:32.165057,0.0019127986328583,3.971560197851325,3.326413806172161,1.0
434,434,434,434,434,0.2191196687578145,0.2191196687578145,0.2191196687578145,0.2191196687578145,0.2191196687578145,0.2191196687578145,0.2191196687578145,0.2191196687578145,0.2191196687578145,0.2191196687578145,0.0486916946860533,1.0010701704832894,0.0654590944133237,0.233511678387454,0.1936172682238579,0.0530252182168057,0.4121142694693112,0.3841424245678818,0.0779864644281336,0.081270968029215,-0.0022074852851225,-0.002458483094769,657.0,0.0,0.8594286123559097,0.978416148156912,0.159424131963394,0.5461449445673813,0.5942946417975588,0.1952037384692118,0.7259240638847196,0.4597594672468109,0.2430679274794144,0.2437548398522748,100000,30,10,0.1,1.0,0.1,0,9,0.001,1e-06,0.001,1e-07,1.0,1e-07,adamax,0,0.0,disordered,1,0.2205474839448031,0 days 02:36:32.165057,0.0022075058428296,3.355442062823216,3.223040583406434,1.0
435,435,435,435,435,0.2414157116103015,0.2414157116103015,0.2414157116103015,0.2414157116103015,0.2414157116103015,0.2414157116103015,0.2414157116103015,0.2414157116103015,0.2414157116103015,0.2414157116103015,0.0928605978989757,0.0618922035920702,1.0005591554782816,0.9891233029017024,0.124880082799239,0.0583314335333491,0.7548739384333516,0.1536169903696139,0.0653130738863302,0.0995520764991773,-0.0021099615964683,-0.0025185273846203,617.0,0.0,0.6250640713374368,0.0349049408870774,0.8137461123794502,0.8022082741594044,0.5462395564276872,0.0257210106744134,0.6964174326169836,0.3760781192234548,0.0682837960718534,0.3122274830266416,100000,30,10,0.1,1.0,0.1,0,9,0.001,1e-06,0.001,1e-07,1.0,1e-07,adamax,0,0.0,disordered,1,0.2393963241242117,0 days 02:36:32.165057,0.0021099914793071,3.5631513632975538,3.2793708185873154,1.0
436,436,436,436,436,0.2493409369951876,0.2493409369951876,0.2493409369951876,0.2493409369951876,0.2493409369951876,0.2493409369951876,0.2493409369951876,0.2493409369951876,0.2493409369951876,0.2493409369951876,0.5307118478660672,0.6614297260409533,0.8259696836613493,0.1547149122745996,0.7156271793338024,0.0020174731647612,9.99991193911212e-08,0.0614953595327525,1.822929205347265e-07,0.4458165793155086,-0.0020833715633737,-0.002409845229057,54686.0,0.0,0.3944899567097174,0.1226617231760087,0.9475207628202458,0.4260414586930559,0.8100282680279501,0.5975459503621761,0.3816991229716037,0.5126424269200387,0.5061116559125608,0.3788965036930004,100000,30,10,0.1,1.0,0.1,0,9,0.001,1e-06,0.001,1e-07,1.0,1e-07,adamax,0,0.0,disordered,1,0.2520641568354644,0 days 02:36:32.165057,0.0020834173004358,2.9245373497580363,3.234563131246246,1.0
437,437,437,437,437,0.6362198492657486,0.6362198492657486,0.6362198492657486,0.6362198492657486,0.6362198492657486,0.6362198492657486,0.6362198492657486,0.6362198492657486,0.6362198492657486,0.6362198492657486,0.9890510771036932,0.4037744973494722,0.4122481252849314,0.4120634461397909,0.4188052455287248,0.4277274627554036,0.4502616770352206,0.4046317225486575,0.408215911331536,1.0008937240735465,-0.0011301594071707,-0.0011953611843227,199.0,0.0,0.1129140091127403,0.8362778527014838,0.5030238399635895,0.5046900374199776,0.4505084098441546,0.4197558374274474,0.9170020334044912,0.9233777662856352,0.7390637377484149,0.0471269589715681,100000,30,10,0.1,1.0,0.1,0,9,0.001,1e-06,0.001,1e-07,1.0,1e-07,adamax,0,0.0,disordered,1,0.6329984975584287,0 days 02:36:32.165057,0.0011301679604489,3.2038404339836117,3.292053797811482,1.0
438,438,438,438,438,0.2191196687578145,0.2191196687578145,0.2191196687578145,0.2191196687578145,0.2191196687578145,0.2191196687578145,0.2191196687578145,0.2191196687578145,0.2191196687578145,0.2191196687578145,0.6443840207743163,0.1621671618712951,0.0581293749445465,0.9871224094300308,0.0523299569368703,1.000844471902018,0.0675352324900718,0.0574997092064365,0.0744077774991054,0.0484017544549764,-0.0025478076371708,-0.0033333723196026,664.0,0.0,0.3849455089948101,0.6870402996533349,0.5518457225659112,0.8117566407050689,0.2855773821059476,0.8604068336916711,0.3051816407908357,0.4628075398844777,0.2570260760226827,0.7358269282622871,100000,30,10,0.1,1.0,0.1,0,9,0.001,1e-06,0.001,1e-07,1.0,1e-07,adamax,0,0.0,disordered,1,0.2187060116800422,0 days 02:36:32.165057,0.0025478092698343,3.724948146327121,3.2771195217612665,1.0
439,439,439,439,439,0.2575263326771197,0.2575263326771197,0.2575263326771197,0.2575263326771197,0.2575263326771197,0.2575263326771197,0.2575263326771197,0.2575263326771197,0.2575263326771197,0.2575263326771197,0.903754632371816,0.6020517234863267,0.2860176554803309,0.0362811556339398,0.7889653893253461,0.1126923332516589,0.0403522065622561,1.000429012960269,0.075811803903034,0.0349902139919637,-0.0021502283754467,-0.0025145153650832,922.0,0.0,0.1547908482468332,0.7971521240790802,0.6923985787912933,0.1914895523452701,0.7597127404693617,0.0754586964981677,0.4304434890408789,0.8152005596340461,0.2580527139330374,0.6069905266831779,100000,30,10,0.1,1.0,0.1,0,9,0.001,1e-06,0.001,1e-07,1.0,1e-07,adamax,0,0.0,disordered,1,0.2601801519545817,0 days 02:36:32.165057,0.0021502788115864,3.519752334303259,3.324090196130076,1.0
440,440,440,440,440,0.2414157116103015,0.2414157116103015,0.2414157116103015,0.2414157116103015,0.2414157116103015,0.2414157116103015,0.2414157116103015,0.2414157116103015,0.2414157116103015,0.2414157116103015,0.0775291674085054,0.0597478947180044,0.0863732656004294,1.0021904329807343,0.0771537408388201,0.0593839358381834,0.0732195074591673,0.6512872751198988,0.064934506395278,0.4932045892706923,-0.0019011147097513,-0.0022468801553531,620.0,0.0,0.4929727807818711,0.0009201373255063,0.4231275840871377,0.9957385943742338,0.0525133950508098,0.1719454362042398,0.0178923526428681,0.5314871003383851,0.2664625904387796,0.0473929502426381,100000,30,10,0.1,1.0,0.1,0,9,0.001,1e-06,0.001,1e-07,1.0,1e-07,adamax,0,0.0,disordered,1,0.2445348185592903,0 days 02:36:32.165057,0.001901164238316,3.488232512006553,3.5179648546799207,1.0
441,441,441,441,441,0.4047756965997318,0.4047756965997318,0.4047756965997318,0.4047756965997318,0.4047756965997318,0.4047756965997318,0.4047756965997318,0.4047756965997318,0.4047756965997318,0.4047756965997318,0.2550819495335041,0.2665613544065738,0.505173058173759,0.1721991321436929,0.9527035315529304,0.265617501588723,0.1687706828582962,1.000211655701693,0.5680668558775979,0.3451588377584338,-0.0014958887773382,-0.0015554112078075,400.0,0.0,0.093472536815233,0.0788711661857149,0.6714068463376937,0.1248368096035815,0.9583195585207182,0.5025370125541082,0.3058175143573156,0.904148900983437,0.7832833205337459,0.3469327420832451,100000,30,10,0.1,1.0,0.1,0,9,0.001,1e-06,0.001,1e-07,1.0,1e-07,adamax,0,0.0,disordered,1,0.408958621990346,0 days 02:36:32.165057,0.0014959255779019,3.354965504991594,3.2893351503804817,1.0
442,442,442,442,442,0.1439847952876005,0.1439847952876005,0.1439847952876005,0.1439847952876005,0.1439847952876005,0.1439847952876005,0.1439847952876005,0.1439847952876005,0.1439847952876005,0.1439847952876005,0.2926279465163117,0.1479097403968689,0.9104598240862378,1.0010518904794534,0.0208018925632828,0.0205686212886038,0.0213896914133934,0.0235348821048776,0.0415552304707839,0.0204559023755438,-0.0026928094967186,-0.0040087862718444,848.0,0.0,0.5858535224651464,0.6297820485179636,0.936713847664752,0.9642983442878172,0.7316120807444645,0.1572315633470487,0.5953399687295066,0.0808829652200129,0.4308987661125483,0.7585813161878658,100000,30,10,0.1,1.0,0.1,0,9,0.001,1e-06,0.001,1e-07,1.0,1e-07,adamax,0,0.0,disordered,1,0.1433960653165235,0 days 02:36:32.165057,0.0026928154981307,3.501127300710457,3.358416384594158,1.0
443,443,443,443,443,0.1692220351641034,0.1692220351641034,0.1692220351641034,0.1692220351641034,0.1692220351641034,0.1692220351641034,0.1692220351641034,0.1692220351641034,0.1692220351641034,0.1692220351641034,0.04007350459768,0.0288010462422673,0.0513116581209815,0.7737274384971154,1.0018261299521207,0.974692807627784,0.0284025209477986,0.0283194973018284,0.0324411446432645,0.0285243615045708,-0.00261429627242,-0.0040094460835001,779.0,0.0,0.8206362599828048,0.3609194732955105,0.2832105456181398,0.7241974383617511,0.9098867768209822,0.8280489583539762,0.6870967866430981,0.3671073857219832,0.3189711500325738,0.7500660878620994,100000,30,10,0.1,1.0,0.1,0,9,0.001,1e-06,0.001,1e-07,1.0,1e-07,adamax,0,0.0,disordered,1,0.1678103577921003,0 days 02:36:32.165057,0.0026143190190234,4.356240430982707,3.362627440993753,1.0
444,444,444,444,444,0.2191196687578145,0.2191196687578145,0.2191196687578145,0.2191196687578145,0.2191196687578145,0.2191196687578145,0.2191196687578145,0.2191196687578145,0.2191196687578145,0.2191196687578145,0.0610617875519201,0.0619859825452588,0.0488338532558832,1.0013930510152032,0.0674862049282887,0.9904359199426171,0.9300415203161096,0.0911195401050087,0.0945093907568829,0.0840275628236592,-0.0020329675973443,-0.0025407166671167,666.0,0.0,0.6578020412221989,0.0156159215051742,0.5081052609970176,0.9779334025364208,0.2936435467782463,0.962758541716221,0.809461121567692,0.5516756075826977,0.1611862320005465,0.4890303313130391,100000,30,10,0.1,1.0,0.1,0,9,0.001,1e-06,0.001,1e-07,1.0,1e-07,adamax,0,0.0,disordered,1,0.2185017720155871,0 days 02:36:32.165057,0.0020329695229072,3.946075041499657,3.3967481526005394,1.0
445,445,445,445,445,0.31260072430687,0.31260072430687,0.31260072430687,0.31260072430687,0.31260072430687,0.31260072430687,0.31260072430687,0.31260072430687,0.31260072430687,0.31260072430687,5.124773804042419e-06,3.31249668035926e-06,0.0086882043172233,2.796836530224648e-05,6.661019281626159e-05,0.1907827923269003,5.807837688029777e-06,3.0708077110261848e-06,0.8917388397073608,2.678803152280516e-05,-0.0016116996175291,-0.0023421748698214,7761.0,1.0,0.9532946051713728,0.0003131124743497,0.3516050939038463,0.3473358016872154,0.8073771264207719,0.0480981719073851,0.2480297017679916,0.907765416744697,0.7624828956394151,0.2814496118970105,100000,30,10,0.1,1.0,0.1,0,9,0.001,1e-06,0.001,1e-07,1.0,1e-07,adamax,0,0.0,disordered,1,0.3130407181021226,0 days 02:36:32.165057,0.0016117002797248,3.12872223002802,3.639404682208286,1.0
446,446,446,446,446,0.4047756965997318,0.4047756965997318,0.4047756965997318,0.4047756965997318,0.4047756965997318,0.4047756965997318,0.4047756965997318,0.4047756965997318,0.4047756965997318,0.4047756965997318,0.1648935732066727,0.9913187603003946,1.001470195575282,0.9879463325698348,0.1618149749345367,0.1813235132065385,0.1633534624794153,0.1832107138059081,0.2835656416307607,0.6995487822387568,-0.0015171542663367,-0.0016843336307074,398.0,0.0,0.7796507173569887,0.9232530201995508,0.9732924538699488,0.980736322933279,0.5384848373059271,0.1096050740299864,0.5221932955930426,0.1617853181353836,0.5412202312016957,0.0769660944416684,100000,30,10,0.1,1.0,0.1,0,9,0.001,1e-06,0.001,1e-07,1.0,1e-07,adamax,0,0.0,disordered,1,0.3993539779709828,0 days 02:36:32.165057,0.0015172221549614,3.485040924202921,3.190629046759526,1.0
447,447,447,447,447,0.5074705239490465,0.5074705239490465,0.5074705239490465,0.5074705239490465,0.5074705239490465,0.5074705239490465,0.5074705239490465,0.5074705239490465,0.5074705239490465,0.5074705239490465,0.1665974081634455,0.1786722811706393,0.1764197628887191,1.0019130288003324,0.1951341860127378,0.1920504016459049,0.1892739660215392,0.1748833401985267,0.8515563884192623,0.7746146647054231,-0.0013561564026509,-0.0015000272236565,504.0,0.0,0.7037686941014033,0.061660572358882,0.2799096842192778,0.8572675068465676,0.1046645108594531,0.206937431389777,0.3659442504613354,0.3463933507961929,0.8130169006915822,0.0778774210044539,100000,30,10,0.1,1.0,0.1,0,9,0.001,1e-06,0.001,1e-07,1.0,1e-07,adamax,0,0.0,disordered,1,0.5151044906122845,0 days 02:36:32.165057,0.0013562469402482,3.5634068751359464,3.485251715626475,1.0
448,448,448,448,448,0.4317879727332019,0.4317879727332019,0.4317879727332019,0.4317879727332019,0.4317879727332019,0.4317879727332019,0.4317879727332019,0.4317879727332019,0.4317879727332019,0.4317879727332019,1.0008465792812271,0.2046878098357496,0.1888597704692666,0.1701106555206061,0.2036761587846023,0.1641192158681363,0.2031219267757231,0.1665451735618558,0.2695662553351985,0.917416287081842,-0.0014496070772537,-0.0016133089407985,421.0,0.0,0.4229366681256271,0.8116326527383245,0.7886301761429226,0.9142708145234216,0.0262067197719819,0.992209734199171,0.4039546520102427,0.9048788601975292,0.9896897703942176,0.4365052446544553,100000,30,10,0.1,1.0,0.1,0,9,0.001,1e-06,0.001,1e-07,1.0,1e-07,adamax,0,0.0,disordered,1,0.4359352549700325,0 days 02:36:32.165057,0.0014496409148794,3.083879889967771,3.3060762772788377,1.0
449,449,449,449,449,0.2263129568399526,0.2263129568399526,0.2263129568399526,0.2263129568399526,0.2263129568399526,0.2263129568399526,0.2263129568399526,0.2263129568399526,0.2263129568399526,0.2263129568399526,0.5664284290223244,0.4103015049043324,0.7332081427799955,0.1170325985102972,7.817247341578558e-07,0.0498185299672827,1.2877877569936905e-07,9.998703007766785e-08,1.7341383757707736e-07,0.4289118219123108,-0.0023102455375848,-0.0028521499228012,10665.0,0.0,0.5147464514790232,0.4683008204566989,0.9983160563263184,0.5001684696384019,0.6696489443852937,0.4290115074682894,0.7220057119455903,0.6992126266860642,0.7274879920641235,0.573587612359193,100000,30,10,0.1,1.0,0.1,0,9,0.001,1e-06,0.001,1e-07,1.0,1e-07,adamax,0,0.0,disordered,1,0.2242221802491983,0 days 02:36:32.165057,0.0023102826702507,2.584084153911218,3.078588397053879,1.0
450,450,450,450,450,0.445962762681909,0.445962762681909,0.445962762681909,0.445962762681909,0.445962762681909,0.445962762681909,0.445962762681909,0.445962762681909,0.445962762681909,0.445962762681909,0.6003958337098306,0.4453677196309414,0.1390656455971326,0.1003808265188698,0.0924258280196231,0.104084053609426,0.1093831864211675,0.0678620928209875,0.2810000103834892,1.0000320785227896,-0.0014124089142555,-0.0015810322604161,897.0,0.0,0.466624550245058,0.315527619861375,0.5431451327634957,0.547453486818953,0.6094316868658907,0.0549317054565771,0.1009046407449411,0.7392540388606563,0.7443773862062898,0.1267482879028416,100000,30,10,0.1,1.0,0.1,0,9,0.001,1e-06,0.001,1e-07,1.0,1e-07,adamax,0,0.0,disordered,1,0.4505627082553236,0 days 02:36:32.165057,0.001412441197084,3.1658388738311034,3.339562391831552,1.0
451,451,451,451,451,0.3557150206821382,0.3557150206821382,0.3557150206821382,0.3557150206821382,0.3557150206821382,0.3557150206821382,0.3557150206821382,0.3557150206821382,0.3557150206821382,0.3557150206821382,0.2985147057117189,0.3097780828716325,0.1379537974789667,0.0265101913114793,0.0466086877258377,0.7124581393439112,0.0219790381761858,1.0007628542518414,0.0244367911571673,0.767158784122863,-0.0015893474948948,-0.0018370498106833,1229.0,0.0,0.7650644696535668,0.9499566543162627,0.9488872576719676,0.5613868915312763,0.1451168311174938,0.7799529869627154,0.5163958172106365,0.9048987933757484,0.5388350963686745,0.2112395965894995,100000,30,10,0.1,1.0,0.1,0,9,0.001,1e-06,0.001,1e-07,1.0,1e-07,adamax,0,0.0,disordered,1,0.3592590751719442,0 days 02:36:32.165057,0.0015893844768207,3.1676192089725905,3.2254776024444776,1.0
452,452,452,452,452,0.445962762681909,0.445962762681909,0.445962762681909,0.445962762681909,0.445962762681909,0.445962762681909,0.445962762681909,0.445962762681909,0.445962762681909,0.445962762681909,1.0000330018181032,0.9470520490471168,0.3244325871892858,0.1867773503347829,0.2458400742704571,0.2220424102593694,0.2242601581264155,0.1881688972458051,0.3003377313093349,0.7800442206182558,-0.001440637368335,-0.0015323862565855,382.0,0.0,0.1177453553882522,0.0239126348933008,0.8926403674049982,0.9220886540303131,0.0942266363060382,0.6818076936469213,0.2951549822402676,0.8738098448736241,0.9661584469603594,0.4505722795694534,100000,30,10,0.1,1.0,0.1,0,9,0.001,1e-06,0.001,1e-07,1.0,1e-07,adamax,0,0.0,disordered,1,0.446632302208611,0 days 02:36:32.165057,0.0014406385991298,3.2671737418799576,3.3553095981142755,1.0
453,453,453,453,453,0.2337423870891811,0.2337423870891811,0.2337423870891811,0.2337423870891811,0.2337423870891811,0.2337423870891811,0.2337423870891811,0.2337423870891811,0.2337423870891811,0.2337423870891811,0.1830784769609993,0.5438594506793528,0.0433614600037696,0.9676755749145034,1.0000027546504835,0.0517854527146332,0.1227509987444524,0.3459210761957604,0.0647269379891079,0.0727434548432432,-0.0022203993208763,-0.0025045559130286,734.0,0.0,0.3840881884704785,0.9006194266532634,0.2810278723190802,0.8930288074611739,0.9558931635591684,0.2213844880995963,0.3965795959190823,0.7595521855232363,0.2431609378034048,0.6915815416694344,100000,30,10,0.1,1.0,0.1,0,9,0.001,1e-06,0.001,1e-07,1.0,1e-07,adamax,0,0.0,disordered,1,0.2360284919084251,0 days 02:36:32.165057,0.0022204458846695,3.5768653783990083,3.3446711223276573,1.0
454,454,454,454,454,0.31260072430687,0.31260072430687,0.31260072430687,0.31260072430687,0.31260072430687,0.31260072430687,0.31260072430687,0.31260072430687,0.31260072430687,0.31260072430687,0.2689178579306728,0.7012743550912311,0.3205271566231191,0.5183182501025988,0.4746626083751014,0.7634564559844119,0.0863428259922562,1.0006285990415151,0.0863806125252713,0.0881677246078838,-0.0017432695213913,-0.0021152089648009,558.0,0.0,0.42791317365075,0.96874849649364,0.8592163463148417,0.945903583780766,0.5813822898716197,0.7546952799707574,0.2552831989608274,0.7076528690375721,0.1201963528076732,0.2924443689361549,100000,30,10,0.1,1.0,0.1,0,9,0.001,1e-06,0.001,1e-07,1.0,1e-07,adamax,0,0.0,disordered,1,0.3161401208506424,0 days 02:36:32.165057,0.001743315436381,3.4664062996301794,3.1830148283690063,1.0
455,455,455,455,455,0.2659804395593755,0.2659804395593755,0.2659804395593755,0.2659804395593755,0.2659804395593755,0.2659804395593755,0.2659804395593755,0.2659804395593755,0.2659804395593755,0.2659804395593755,0.1216424489168258,1.000533136806522,0.1128838855862371,0.5314197848942886,0.0632632253171466,0.0632891817562095,0.9493947597995748,0.8784940821347977,0.0627393322526641,0.0637658125816212,-0.0022129915395027,-0.0027765941375348,627.0,0.0,0.6740098869159676,0.872163295086585,0.182000644098114,0.2683975824038445,0.0940214398631992,0.0162079814751568,0.2750322596859617,0.4509305866684251,0.045231324178839,0.1442844224301414,100000,30,10,0.1,1.0,0.1,0,9,0.001,1e-06,0.001,1e-07,1.0,1e-07,adamax,0,0.0,disordered,1,0.2651797764716461,0 days 02:36:32.165057,0.0022129961467798,3.543563069500055,3.391503342597335,1.0
456,456,456,456,456,0.1925613572129195,0.1925613572129195,0.1925613572129195,0.1925613572129195,0.1925613572129195,0.1925613572129195,0.1925613572129195,0.1925613572129195,0.1925613572129195,0.1925613572129195,0.2270663508824251,0.5227310013645662,0.0961669023804944,0.0376425542958175,0.0390592083513289,0.0462007495615205,1.0011926542651346,0.0572342338046506,0.2537273941882206,0.0436243325103588,-0.0024697441662842,-0.0030945870413156,718.0,0.0,0.6837916392513278,0.8630803657467981,0.0409277120260846,0.7619338150511243,0.307383338091152,0.4137215087205969,0.957045628874797,0.3557360703711822,0.1969500116450199,0.8312153463708688,100000,30,10,0.1,1.0,0.1,0,9,0.001,1e-06,0.001,1e-07,1.0,1e-07,adamax,0,0.0,disordered,1,0.1956161224695023,0 days 02:36:32.165057,0.0024698745733101,3.807715694307074,3.490201198464807,1.0
457,457,457,457,457,0.2747120789270809,0.2747120789270809,0.2747120789270809,0.2747120789270809,0.2747120789270809,0.2747120789270809,0.2747120789270809,0.2747120789270809,0.2747120789270809,0.2747120789270809,0.7084158096057315,0.2764046874884676,0.1229753169022136,0.0741594343574201,1.0021307594301851,0.2956249997283844,0.0968433979149257,0.589556197282558,0.1403728071076223,0.1216460935347479,-0.0020046614112513,-0.0021851049748178,567.0,0.0,0.2177669361098426,0.6234431765987403,0.6053947014299166,0.1601566044907036,0.7927012450523524,0.6426622147951562,0.0950728100628957,0.7397020715436405,0.3692459504892917,0.3435746887997793,100000,30,10,0.1,1.0,0.1,0,9,0.001,1e-06,0.001,1e-07,1.0,1e-07,adamax,0,0.0,disordered,1,0.275798947934176,0 days 02:36:32.165057,0.0020046690445864,3.279660822538283,3.178234247718978,1.0
458,458,458,458,458,0.3334618015786361,0.3334618015786361,0.3334618015786361,0.3334618015786361,0.3334618015786361,0.3334618015786361,0.3334618015786361,0.3334618015786361,0.3334618015786361,0.3334618015786361,0.1297554562978673,0.174256615132354,0.6270429191098346,0.0636682696550355,0.8287589403317722,0.8116677252828177,1.0003415625951118,0.7430591090657741,0.1141656587420188,0.0800121386970759,-0.0018913068267152,-0.0020024550294793,774.0,0.0,0.744955339806984,0.0387392697578511,0.7767177152409553,0.5809292547631857,0.7116122337323907,0.7691133095967271,0.860611359917133,0.8559009912885582,0.2827839154622973,0.5560959213758406,100000,30,10,0.1,1.0,0.1,0,9,0.001,1e-06,0.001,1e-07,1.0,1e-07,adamax,0,0.0,disordered,1,0.3321743424451551,0 days 02:36:32.165057,0.0018913154010906,3.7017311388492704,3.252881576246239,1.0
459,459,459,459,459,0.4047756965997318,0.4047756965997318,0.4047756965997318,0.4047756965997318,0.4047756965997318,0.4047756965997318,0.4047756965997318,0.4047756965997318,0.4047756965997318,0.4047756965997318,0.8755622963154474,0.1918100196353059,9.999981470416869e-08,2.016136033455224e-07,0.0789316810706666,0.0111115418314115,1.324265463165609e-07,0.2625516122443748,0.2243341810995835,0.9066804344950004,-0.0014915908863252,-0.0016643800284361,73744.0,0.0,0.5286465591418159,0.7276876871696233,0.8189582836824862,0.3706032232667328,0.5525082823912467,0.6102544500620954,0.1404390577921855,0.8941345871509079,0.568859738231471,0.1291023971946122,100000,30,10,0.1,1.0,0.1,0,9,0.001,1e-06,0.001,1e-07,1.0,1e-07,adamax,0,0.0,disordered,1,0.3996079059587039,0 days 02:36:32.165057,0.0014916498605877,3.0452141353748114,3.231675496621283,1.0
460,460,460,460,460,0.3444087275973819,0.3444087275973819,0.3444087275973819,0.3444087275973819,0.3444087275973819,0.3444087275973819,0.3444087275973819,0.3444087275973819,0.3444087275973819,0.3444087275973819,0.196332309316145,0.1980318853416044,0.1276339774920633,0.1207445574259581,0.9982209782689528,0.9834420333935052,0.120362325645684,1.000041440490275,0.1186712698135861,0.5038818625287916,-0.0016144885574635,-0.0018669823654789,462.0,0.0,0.2435611384923325,0.0331865656366267,0.2962405687946099,0.1518495884154276,0.8150201407033651,0.7591303017357368,0.2704798155990582,0.5574417861442812,0.2645835073688937,0.020375681832466,100000,30,10,0.1,1.0,0.1,0,9,0.001,1e-06,0.001,1e-07,1.0,1e-07,adamax,0,0.0,disordered,1,0.3495467521430064,0 days 02:36:32.165057,0.001614571052736,3.375168430089204,3.311499639319586,1.0
461,461,461,461,461,0.3228628202536728,0.3228628202536728,0.3228628202536728,0.3228628202536728,0.3228628202536728,0.3228628202536728,0.3228628202536728,0.3228628202536728,0.3228628202536728,0.3228628202536728,0.5713320267888384,0.6007827886423057,0.1043645188053041,0.1040086612807032,0.1022259712054297,1.000748560795971,0.999503859234848,0.1361577722651371,0.3317817875238983,0.1048600322384474,-0.0018988856529113,-0.0022604247962998,500.0,0.0,0.3801697260678117,0.6709123530856912,0.5870432899120543,0.5613012497231871,0.4258727804635797,0.784738594981888,0.9556522248295092,0.0793316494791577,0.1144053705724287,0.7099379341190432,100000,30,10,0.1,1.0,0.1,0,9,0.001,1e-06,0.001,1e-07,1.0,1e-07,adamax,0,0.0,disordered,1,0.3275090727006897,0 days 02:36:32.165057,0.0018989942872229,3.715878083090015,3.4048338726026874,1.0
462,462,462,462,462,0.0663198120221266,0.0663198120221266,0.0663198120221266,0.0663198120221266,0.0663198120221266,0.0663198120221266,0.0663198120221266,0.0663198120221266,0.0663198120221266,0.0663198120221266,2.250145935483948e-06,2.238932332424647e-06,4.319240180382666e-06,0.3739053360803397,0.1138713589730791,2.049199924704194e-05,0.0664862403057025,9.479843993826836e-06,3.940424773229997e-06,0.1966084681747245,-0.0039937703842229,-0.0048236115326451,7547.0,1.0,0.7752740383830551,0.4932818110244663,0.1335192256785398,0.3341402676041691,0.4694802362592661,0.6554125830568424,0.3630950522688787,0.5080630355157948,0.739563409263473,0.6888089062772412,100000,30,10,0.1,1.0,0.1,0,9,0.001,1e-06,0.001,1e-07,1.0,1e-07,adamax,0,0.0,disordered,1,0.0653872380854705,0 days 02:36:32.165057,0.0039938415818848,4.449877203393533,3.6914432122789815,1.0
463,463,463,463,463,0.2493409369951876,0.2493409369951876,0.2493409369951876,0.2493409369951876,0.2493409369951876,0.2493409369951876,0.2493409369951876,0.2493409369951876,0.2493409369951876,0.2493409369951876,0.0631831006140325,0.0711779983112106,0.563863632469762,1.0005177897411848,0.9999621528795082,0.0799706550899742,0.9583590000579412,0.0616741464267542,0.0613895479009454,0.067377815462512,-0.00215877861992,-0.0028314433582989,607.0,0.0,0.2596193309041936,0.2059697623191735,0.5741622249609254,0.8538825750154767,0.9670687845302742,0.1200533504685823,0.7348480970409724,0.2613109981557394,0.2637178971805501,0.5312432564614685,100000,30,10,0.1,1.0,0.1,0,9,0.001,1e-06,0.001,1e-07,1.0,1e-07,adamax,0,0.0,disordered,1,0.246884333191524,0 days 02:36:32.165057,0.0021588236607644,4.017777373786236,3.396163575787879,1.0
464,464,464,464,464,0.1439847952876005,0.1439847952876005,0.1439847952876005,0.1439847952876005,0.1439847952876005,0.1439847952876005,0.1439847952876005,0.1439847952876005,0.1439847952876005,0.1439847952876005,8.794792071140526e-06,1.3514071224139105e-05,8.348774500114706e-06,0.057539569229557,0.0067528663402445,3.0227297996617444e-05,0.376525180691007,0.6199172771162338,1.4192154725423284e-05,0.0156152461845205,-0.0026811057251128,-0.0035684961454105,7276.0,1.0,0.932645968051148,0.2914967231951824,0.1231598496995286,0.3206545213563795,0.3098032991184338,0.89090461258716,0.6652512896982025,0.7242408391894148,0.4341615226130103,0.5561459413349006,100000,30,10,0.1,1.0,0.1,0,9,0.001,1e-06,0.001,1e-07,1.0,1e-07,adamax,0,0.0,disordered,1,0.1452450224157263,0 days 02:36:32.165057,0.0026811381084442,3.5693739884314604,3.554952272175517,1.0
465,465,465,465,465,0.1265331759388942,0.1265331759388942,0.1265331759388942,0.1265331759388942,0.1265331759388942,0.1265331759388942,0.1265331759388942,0.1265331759388942,0.1265331759388942,0.1265331759388942,0.0729852294957264,0.407298247771443,1.000386701245622,0.0216490677836017,0.0998166703947955,0.0158589897469434,0.0158920752735085,0.0601929072763341,0.017109125611402,0.1259094939786453,-0.0031195739093933,-0.0042310320344569,899.0,0.0,0.7459158576917373,0.0391726092011945,0.8430621191712668,0.7212368489156964,0.0433107963317149,0.6968845402716777,0.3611057366657977,0.0747471514200509,0.7071534382801876,0.6946291061122937,100000,30,10,0.1,1.0,0.1,0,9,0.001,1e-06,0.001,1e-07,1.0,1e-07,adamax,0,0.0,disordered,1,0.1271659432181094,0 days 02:36:32.165057,0.003119588164364,3.5994340103707967,3.344206372557174,1.0
466,466,466,466,466,0.2575263326771197,0.2575263326771197,0.2575263326771197,0.2575263326771197,0.2575263326771197,0.2575263326771197,0.2575263326771197,0.2575263326771197,0.2575263326771197,0.2575263326771197,0.0670498122665633,0.0665693346982407,0.0664293048888958,0.0702823919324755,0.5921460310111056,0.0682985638350123,0.0664856076725722,0.0655978847127282,1.0006438982026689,0.0668570420087536,-0.0020774074805945,-0.0030537416075877,593.0,0.0,0.6229816661606916,0.3127411071731237,0.126650063773247,0.2040038584091258,0.4057406860067404,0.2843393900108888,0.3870401600825397,0.3135591235941246,0.9245701597870538,0.4975954007081968,100000,30,10,0.1,1.0,0.1,0,9,0.001,1e-06,0.001,1e-07,1.0,1e-07,adamax,0,0.0,disordered,1,0.259144188330156,0 days 02:36:32.165057,0.0020774180762658,3.61001419803072,3.4915799174105584,1.0
467,467,467,467,467,0.100927151463057,0.100927151463057,0.100927151463057,0.100927151463057,0.100927151463057,0.100927151463057,0.100927151463057,0.100927151463057,0.100927151463057,0.100927151463057,0.1433451672988555,0.6215626738783135,0.3049793593080734,0.0464215639666721,0.0102080626383403,0.0112374681123563,1.0016621433551411,0.0128067906867555,0.0122321015732887,0.0112963899146825,-0.0034432592675634,-0.004428558164518,1007.0,0.0,0.8737953433263868,0.1062766432838366,0.7946741289460265,0.7805299554881263,0.6448123568991032,0.4396089297284533,0.902481343397564,0.703896263210458,0.4596989301045351,0.8953370057255919,100000,30,10,0.1,1.0,0.1,0,9,0.001,1e-06,0.001,1e-07,1.0,1e-07,adamax,0,0.0,disordered,1,0.099906176395114,0 days 02:36:32.165057,0.0034432946167454,3.591276563892021,3.1196529067191423,1.0
468,468,468,468,468,0.2659804395593755,0.2659804395593755,0.2659804395593755,0.2659804395593755,0.2659804395593755,0.2659804395593755,0.2659804395593755,0.2659804395593755,0.2659804395593755,0.2659804395593755,0.0382930247555009,0.0465556365801221,0.0407958159093384,0.0388265161187678,0.0386630829708536,0.0392975030855569,0.6822561506503771,0.0382474010221312,1.0001205887009272,0.0917102193374104,-0.0019153345840131,-0.0026196651319069,841.0,0.0,0.9949998132101932,0.6681975516739568,0.3376225266527735,0.1287229334216706,0.3164210579903985,0.936882357123482,0.5678530723521644,0.3245273557426251,0.8321088777458423,0.4196507972565049,100000,30,10,0.1,1.0,0.1,0,9,0.001,1e-06,0.001,1e-07,1.0,1e-07,adamax,0,0.0,disordered,1,0.2694050324220299,0 days 02:36:32.165057,0.0019153832961798,3.4756410770603274,3.5595100647210494,1.0
469,469,469,469,469,0.293044697697214,0.293044697697214,0.293044697697214,0.293044697697214,0.293044697697214,0.293044697697214,0.293044697697214,0.293044697697214,0.293044697697214,0.293044697697214,0.3301137843778525,0.6204038646884931,0.1900157562550462,0.3470708353032199,0.086636785715559,1.0001962554542865,0.0845163309647474,0.876619025180328,0.1071924009651633,0.0999817359377868,-0.0019185305435544,-0.0022084751664326,542.0,0.0,0.6967560192481035,0.9931992533882544,0.665107672111141,0.7296448784414361,0.283705352205387,0.8509684574128458,0.3699475364425438,0.7060006792933821,0.0611357259679242,0.4277133102603786,100000,30,10,0.1,1.0,0.1,0,9,0.001,1e-06,0.001,1e-07,1.0,1e-07,adamax,0,0.0,disordered,1,0.2963337009402886,0 days 02:36:32.165057,0.0019185833992748,3.3539362594640125,3.2128076029729176,1.0
470,470,470,470,470,0.3794532847236936,0.3794532847236936,0.3794532847236936,0.3794532847236936,0.3794532847236936,0.3794532847236936,0.3794532847236936,0.3794532847236936,0.3794532847236936,0.3794532847236936,0.0921771365928933,0.1633459110746075,0.0905811879160238,0.0861964172938695,1.000868327929154,0.0844225752712379,0.0837327433612529,0.1023539735266797,0.1344818973880802,0.9261893842631476,-0.0016535374994329,-0.0019611636050114,653.0,0.0,0.7239983157707677,0.2314771855184867,0.5424706367753671,0.5839147989903594,0.6756249473948545,0.5644361194816802,0.4467105617646508,0.322566340148118,0.5431721493137949,0.1043161850708106,100000,30,10,0.1,1.0,0.1,0,9,0.001,1e-06,0.001,1e-07,1.0,1e-07,adamax,0,0.0,disordered,1,0.3824372267643001,0 days 02:36:32.165057,0.0016535658167304,3.0833304778800548,3.189155684039666,1.0
471,471,471,471,471,0.2575263326771197,0.2575263326771197,0.2575263326771197,0.2575263326771197,0.2575263326771197,0.2575263326771197,0.2575263326771197,0.2575263326771197,0.2575263326771197,0.2575263326771197,0.3864151874814834,0.9292367494946088,0.1969811468682368,0.0665377362602292,0.9891921196303048,1.0000109784051725,0.0670930714579999,0.2343872726400097,0.0918943325113303,0.1945838352866465,-0.001951957241951,-0.0022458767798475,591.0,0.0,0.2713654362592039,0.8913095356498262,0.1177129813092361,0.4868236913432908,0.8883158335726428,0.8056520494654776,0.2562503657366681,0.4310825759753474,0.3116509800447926,0.2401224809601317,100000,30,10,0.1,1.0,0.1,0,9,0.001,1e-06,0.001,1e-07,1.0,1e-07,adamax,0,0.0,disordered,1,0.2556435108346498,0 days 02:36:32.165057,0.0019519784116602,3.2926214180024096,3.2369144334017577,1.0
472,472,472,472,472,0.2191196687578145,0.2191196687578145,0.2191196687578145,0.2191196687578145,0.2191196687578145,0.2191196687578145,0.2191196687578145,0.2191196687578145,0.2191196687578145,0.2191196687578145,1.0007282129497637,0.3630491323095743,0.0436364482002471,0.0429380876461395,0.0442073354956496,0.0472152701263443,0.1711199427294747,0.1264750668588577,0.077174146485987,0.1305389982801884,-0.0025635311605218,-0.0030904041560139,712.0,0.0,0.3208213168340968,0.8953943453526839,0.8407594099518141,0.5558073384103739,0.564499311502318,0.4557401793635225,0.6984232093500041,0.8023233264058698,0.4442031573025502,0.7734872626310408,100000,30,10,0.1,1.0,0.1,0,9,0.001,1e-06,0.001,1e-07,1.0,1e-07,adamax,0,0.0,disordered,1,0.2204890400576813,0 days 02:36:32.165057,0.0025635538678581,3.1746278120762508,3.156892404087892,1.0
473,473,473,473,473,0.2659804395593755,0.2659804395593755,0.2659804395593755,0.2659804395593755,0.2659804395593755,0.2659804395593755,0.2659804395593755,0.2659804395593755,0.2659804395593755,0.2659804395593755,0.050299055039625,0.0910127702964129,0.1970521876737185,0.076239337633994,0.0521908915124799,1.000221686651371,0.5607742006700577,0.9829623676915344,0.0541814158171778,0.0501757299710607,-0.0020324684209528,-0.0024121791208178,738.0,0.0,0.9537679656279108,0.6744471306793219,0.7569087019953686,0.0891109610782433,0.2512353444833607,0.3239010723910901,0.3771656944410246,0.7567947300850265,0.1735663107745412,0.2445927796140452,100000,30,10,0.1,1.0,0.1,0,9,0.001,1e-06,0.001,1e-07,1.0,1e-07,adamax,0,0.0,disordered,1,0.2641782819068267,0 days 02:36:32.165057,0.002032491297863,3.475271398031916,3.39239293212758,1.0
474,474,474,474,474,0.1925613572129195,0.1925613572129195,0.1925613572129195,0.1925613572129195,0.1925613572129195,0.1925613572129195,0.1925613572129195,0.1925613572129195,0.1925613572129195,0.1925613572129195,0.1302430024049967,0.997492344630182,0.037018520667391,1.002084831557969,0.0368881303145554,0.0908102229126615,0.9860521133203528,0.0876026944563314,0.0844788694522299,0.0837437001106836,-0.0025601405709005,-0.0030680681574597,719.0,0.0,0.476089490215865,0.8330767149942937,0.455771627978325,0.7825993536208345,0.3347703113145619,0.4035683030690843,0.4796998377002315,0.1654700273762235,0.3356515241961211,0.3347824097944684,100000,30,10,0.1,1.0,0.1,0,9,0.001,1e-06,0.001,1e-07,1.0,1e-07,adamax,0,0.0,disordered,1,0.1931037176350778,0 days 02:36:32.165057,0.0025601444387074,3.121053176002389,3.128082069558718,1.0
475,475,475,475,475,0.293044697697214,0.293044697697214,0.293044697697214,0.293044697697214,0.293044697697214,0.293044697697214,0.293044697697214,0.293044697697214,0.293044697697214,0.293044697697214,0.1274995608077149,0.1262728242155524,0.9701820167262332,0.9751914318628154,0.8812283615875586,0.0892716069489524,1.0019747886385575,0.0875421018264771,0.0868231376649146,0.3985878512365523,-0.0018165881956113,-0.0021003297813911,536.0,0.0,0.5780941768759115,0.1370385939587464,0.7640923412097118,0.7527620385325391,0.6830324751033955,0.3061844786267561,0.8560517643294215,0.3409530270969151,0.334862451366828,0.1729665047251034,100000,30,10,0.1,1.0,0.1,0,9,0.001,1e-06,0.001,1e-07,1.0,1e-07,adamax,0,0.0,disordered,1,0.2944558538140452,0 days 02:36:32.165057,0.0018165966853136,3.6414072740066894,3.196657748185441,1.0
476,476,476,476,476,0.2191196687578145,0.2191196687578145,0.2191196687578145,0.2191196687578145,0.2191196687578145,0.2191196687578145,0.2191196687578145,0.2191196687578145,0.2191196687578145,0.2191196687578145,1.0004813988391552,0.4063896706993874,0.0513469317641507,0.0373012384282916,0.0504223689077448,0.5368036310012075,0.1387405505391773,0.1364397663280734,0.0715626685249185,0.0974893782087341,-0.0023452265723747,-0.0027484316927613,778.0,0.0,0.0449445984067116,0.648959232738285,0.4713664703897545,0.2301438615053004,0.3725707644259585,0.4437124343645714,0.2581506999408183,0.251564609391523,0.0808438171308055,0.1916437933634035,100000,30,10,0.1,1.0,0.1,0,9,0.001,1e-06,0.001,1e-07,1.0,1e-07,adamax,0,0.0,disordered,1,0.2191552573725776,0 days 02:36:32.165057,0.0023452266125634,2.8443946621435483,3.0242253131166814,1.0
477,477,477,477,477,0.2337423870891811,0.2337423870891811,0.2337423870891811,0.2337423870891811,0.2337423870891811,0.2337423870891811,0.2337423870891811,0.2337423870891811,0.2337423870891811,0.2337423870891811,0.9321067889728448,0.2247376961856322,0.2853095205588095,0.0640847734352726,0.986183088556456,0.0540813205518415,0.0532818476511726,1.000219696645223,0.053473091772408,0.0641519673949233,-0.0020599686402019,-0.0029317783329296,639.0,0.0,0.0087265047110913,0.3695896182601051,0.1663083476933545,0.5026550404017353,0.9423979729191996,0.4775835942059916,0.4034967941983547,0.9087119185990504,0.5642523395856806,0.5557390625517705,100000,30,10,0.1,1.0,0.1,0,9,0.001,1e-06,0.001,1e-07,1.0,1e-07,adamax,0,0.0,disordered,1,0.2303667120049944,0 days 02:36:32.165057,0.002060040331321,3.0155910424908896,3.0438881124443906,1.0
478,478,478,478,478,0.2263129568399526,0.2263129568399526,0.2263129568399526,0.2263129568399526,0.2263129568399526,0.2263129568399526,0.2263129568399526,0.2263129568399526,0.2263129568399526,0.2263129568399526,1.0005262616602069,0.1961823713420138,0.3944336758204193,0.0844029877097662,0.3687690836289343,0.0803528831651477,0.1339039128753256,0.1056875199745733,0.0692812684926406,0.309337036510444,-0.0022623300418476,-0.0025495358416169,663.0,0.0,0.2597035323070243,0.8662398842050749,0.9959946877208136,0.0783039574961678,0.3377482524543131,0.8510442769677045,0.1735191354582377,0.7331148524395593,0.7255326478381177,0.639557314052677,100000,30,10,0.1,1.0,0.1,0,9,0.001,1e-06,0.001,1e-07,1.0,1e-07,adamax,0,0.0,disordered,1,0.2244509282942936,0 days 02:36:32.165057,0.0022623672418933,3.175688368672888,3.253799434418473,1.0
479,479,479,479,479,0.293044697697214,0.293044697697214,0.293044697697214,0.293044697697214,0.293044697697214,0.293044697697214,0.293044697697214,0.293044697697214,0.293044697697214,0.293044697697214,0.0973988849984975,0.9974717838734116,1.0002402312735663,0.9980751847061832,0.3601158294130768,0.9593777118651332,0.0983364424304058,0.1075290087254417,0.1001187812815912,0.3031453533026336,-0.0019260200988125,-0.0021821154035049,535.0,0.0,0.3350453199734898,0.6546832366115755,0.6247178878573869,0.7255674606078969,0.4006922202446404,0.6332257548882735,0.0177002496235016,0.0677600047415827,0.1954807478163397,0.0713634191788881,100000,30,10,0.1,1.0,0.1,0,9,0.001,1e-06,0.001,1e-07,1.0,1e-07,adamax,0,0.0,disordered,1,0.2892041173196281,0 days 02:36:32.165057,0.0019260995464472,3.8024123358127033,3.1632750618731484,1.0
480,480,480,480,480,0.4317879727332019,0.4317879727332019,0.4317879727332019,0.4317879727332019,0.4317879727332019,0.4317879727332019,0.4317879727332019,0.4317879727332019,0.4317879727332019,0.4317879727332019,0.5057684261160407,0.136495203288249,0.1687253946988774,0.1189357004666975,1.00083742796016,0.0805520828211473,0.8332147624858198,0.8531141142109304,0.0988961455388584,0.806920555308742,-0.0014256116769495,-0.0015221859658883,732.0,0.0,0.478435833973823,0.7097997031372616,0.0111277256209176,0.5662747045929442,0.798125165809622,0.4879731883762679,0.7110887173020436,0.8556861258481272,0.4154205646491997,0.0691684154016732,100000,30,10,0.1,1.0,0.1,0,9,0.001,1e-06,0.001,1e-07,1.0,1e-07,adamax,0,0.0,disordered,1,0.4290012544742906,0 days 02:36:32.165057,0.0014256264600585,3.207615851043993,3.2337285594373286,1.0
481,481,481,481,481,0.2837303616516209,0.2837303616516209,0.2837303616516209,0.2837303616516209,0.2837303616516209,0.2837303616516209,0.2837303616516209,0.2837303616516209,0.2837303616516209,0.2837303616516209,0.0894326265629369,0.1748557467967801,0.1605001862718643,1.0001135914727572,0.8006383929430286,0.9920397607656608,0.9645255557836012,0.7490347172834528,0.0790082479569783,0.0787871250582455,-0.0018630177183579,-0.0021797934337794,555.0,0.0,0.21481716726873,0.027370347994099,0.2673811318615855,0.8402521137735526,0.6311792806088276,0.7754008736993969,0.7963530460720882,0.6621589030010724,0.3018418328821807,0.4077530885422836,100000,30,10,0.1,1.0,0.1,0,9,0.001,1e-06,0.001,1e-07,1.0,1e-07,adamax,0,0.0,disordered,1,0.2868024656370331,0 days 02:36:32.165057,0.0018630642495117,3.83911308223676,3.195344494169629,1.0
482,482,482,482,482,0.2054117348353061,0.2054117348353061,0.2054117348353061,0.2054117348353061,0.2054117348353061,0.2054117348353061,0.2054117348353061,0.2054117348353061,0.2054117348353061,0.2054117348353061,0.8452786699178596,0.6947327778319895,0.1698055081058227,0.373123823185739,0.043347743677546,0.0418225923422731,1.0003651207936028,0.0700950366561246,0.0691234389940593,0.139437001440907,-0.0024786743536575,-0.0028871081919123,703.0,0.0,0.315598569222289,0.1942469018847711,0.7067296460618379,0.1257908558701507,0.7312760855115343,0.6355366742436587,0.8842038458507566,0.3874426485613825,0.8507308290949293,0.802486585118113,100000,30,10,0.1,1.0,0.1,0,9,0.001,1e-06,0.001,1e-07,1.0,1e-07,adamax,0,0.0,disordered,1,0.2079960992755824,0 days 02:36:32.165057,0.0024787659994103,3.147170863068063,3.03595029669132,1.0
483,483,483,483,483,0.2414157116103015,0.2414157116103015,0.2414157116103015,0.2414157116103015,0.2414157116103015,0.2414157116103015,0.2414157116103015,0.2414157116103015,0.2414157116103015,0.2414157116103015,0.3652509192666167,0.1572356343536126,0.0759428064188347,0.0606927845289063,0.9969035083120472,0.0580353710371006,1.0008162159199132,0.0955460548404839,0.0671166382987263,0.0584871034914675,-0.0021254978021285,-0.0029171974912144,619.0,0.0,0.494292289273477,0.682609900786407,0.3725641663523547,0.0272673938552502,0.5852438550101288,0.3029416083570135,0.7682780523368302,0.0085747911495276,0.1139757795184868,0.2719907458348116,100000,30,10,0.1,1.0,0.1,0,9,0.001,1e-06,0.001,1e-07,1.0,1e-07,adamax,0,0.0,disordered,1,0.2405899369639072,0 days 02:36:32.165057,0.0021255025657748,3.4234250145499807,3.335055090674936,1.0
484,484,484,484,484,0.1638433645577981,0.1638433645577981,0.1638433645577981,0.1638433645577981,0.1638433645577981,0.1638433645577981,0.1638433645577981,0.1638433645577981,0.1638433645577981,0.1638433645577981,1.000003229819562,0.1986171054843714,0.8329196619083339,0.0175317212023536,0.012562835131032,0.0111143334997679,0.011166803484385,0.0115375960006049,0.0727511116297586,0.0132066201545889,-0.0024620947689334,-0.003489722576675,1164.0,0.0,0.4229709442014934,0.7402405870844017,0.9094144345855256,0.4534370584472261,0.8229161262468085,0.656355197498123,0.1309073656753179,0.1402004458444904,0.2807439231489774,0.8956601217678828,100000,30,10,0.1,1.0,0.1,0,9,0.001,1e-06,0.001,1e-07,1.0,1e-07,adamax,0,0.0,disordered,1,0.1650261047038961,0 days 02:36:32.165057,0.0024621170041528,3.651479198547964,3.467544313595177,1.0
485,485,485,485,485,0.3919100249433401,0.3919100249433401,0.3919100249433401,0.3919100249433401,0.3919100249433401,0.3919100249433401,0.3919100249433401,0.3919100249433401,0.3919100249433401,0.3919100249433401,0.6448367042673568,0.6307644766626723,0.6609595990955602,0.3183700098128548,1.0007539934902965,0.1664532644290778,0.5225741570934439,0.1620626438622744,0.3081537483466463,0.3401183473807592,-0.0015943771671364,-0.0016666342700176,492.0,0.0,0.0052103594162772,0.0024384183678635,0.8539605659647084,0.7587486691203781,0.8487034707947382,0.7024587747403095,0.8064897356075094,0.096040064869908,0.5781044751257525,0.3557285128888002,100000,30,10,0.1,1.0,0.1,0,9,0.001,1e-06,0.001,1e-07,1.0,1e-07,adamax,0,0.0,disordered,1,0.3893768616260381,0 days 02:36:32.165057,0.001594392946196,3.2720656915692907,3.265575967289407,1.0
486,486,486,486,486,0.1692220351641034,0.1692220351641034,0.1692220351641034,0.1692220351641034,0.1692220351641034,0.1692220351641034,0.1692220351641034,0.1692220351641034,0.1692220351641034,0.1692220351641034,9.942672389134031e-06,3.138708854656756e-06,3.563860961815708e-06,1.183516599725284e-05,0.9032126436596012,0.4011637440146839,0.2169275834964879,4.004957534342816e-06,9.576826182053585e-06,2.92187328447642e-05,-0.0027098276511064,-0.0033969600569707,7516.0,1.0,0.5352373611196514,0.3138085245158396,0.2168241248413949,0.1832146756250892,0.111436722645928,0.3791756494409032,0.8301401342107841,0.5756462290507317,0.2979740544920835,0.9069290345564972,100000,30,10,0.1,1.0,0.1,0,9,0.001,1e-06,0.001,1e-07,1.0,1e-07,adamax,0,0.0,disordered,1,0.1718184263065766,0 days 02:36:32.165057,0.0027099610893646,3.807307729462141,3.528344869104575,1.0
487,487,487,487,487,0.1988827856988806,0.1988827856988806,0.1988827856988806,0.1988827856988806,0.1988827856988806,0.1988827856988806,0.1988827856988806,0.1988827856988806,0.1988827856988806,0.1988827856988806,0.8249212417188028,0.4199605733049416,0.0654674443746488,0.0384703703945489,0.0447200195627156,0.0952408392997044,0.1564093359295585,1.0018239771638322,0.0388519798681024,0.0383340380158278,-0.002804136434385,-0.0036894356017027,716.0,0.0,0.3662335026779724,0.4468067111537439,0.7855805416840606,0.4125200819409031,0.2548748480658125,0.4021089501413448,0.5486725296813683,0.9139300065742512,0.7564984767438613,0.8962173909518593,100000,30,10,0.1,1.0,0.1,0,9,0.001,1e-06,0.001,1e-07,1.0,1e-07,adamax,0,0.0,disordered,1,0.1962247387659439,0 days 02:36:32.165057,0.0028042735719446,3.5673804733470478,3.166308622516925,1.0
488,488,488,488,488,0.1439847952876005,0.1439847952876005,0.1439847952876005,0.1439847952876005,0.1439847952876005,0.1439847952876005,0.1439847952876005,0.1439847952876005,0.1439847952876005,0.1439847952876005,0.2479606484355702,0.0196066287894532,0.019686471789131,0.0199019301221691,1.000411090562027,0.0351633037817171,0.0988347902827625,0.2045886589426666,0.0280868419276733,0.0415980013923333,-0.0031548775839017,-0.0043187248144035,866.0,0.0,0.5099466331230018,0.4735919599083603,0.4083233663942057,0.1681273293857886,0.8215385562983929,0.0970294966266348,0.2897827467680697,0.2230409716587458,0.5645456657759919,0.6036830194577983,100000,30,10,0.1,1.0,0.1,0,9,0.001,1e-06,0.001,1e-07,1.0,1e-07,adamax,0,0.0,disordered,1,0.1433557075017872,0 days 02:36:32.165057,0.003154886936319,3.740834624806871,3.56322950077119,1.0
489,489,489,489,489,0.2837303616516209,0.2837303616516209,0.2837303616516209,0.2837303616516209,0.2837303616516209,0.2837303616516209,0.2837303616516209,0.2837303616516209,0.2837303616516209,0.2837303616516209,0.3496559436572917,0.1308043177538291,0.0997183574497966,0.0841123002888599,0.1481721283547925,1.0005370357397867,0.9983812841936996,0.7072339626110338,0.1359406886429252,0.0798757092217309,-0.0018551564123074,-0.0021922270450698,550.0,0.0,0.269830185183328,0.1788124517459227,0.2357624150844014,0.3336217547611876,0.3891640820689176,0.7861287104793945,0.9062220227841236,0.6540003011172316,0.0552854511999436,0.4636160285123724,100000,30,10,0.1,1.0,0.1,0,9,0.001,1e-06,0.001,1e-07,1.0,1e-07,adamax,0,0.0,disordered,1,0.2879453161631104,0 days 02:36:32.165057,0.0018552329538894,3.547805188526413,3.287783521179807,1.0
490,490,490,490,490,0.1148471547840289,0.1148471547840289,0.1148471547840289,0.1148471547840289,0.1148471547840289,0.1148471547840289,0.1148471547840289,0.1148471547840289,0.1148471547840289,0.1148471547840289,1.0017064407667804,0.1148975862790056,0.2079119318922307,0.0139463042309195,0.0127020787095733,0.0128288119844033,0.0127681766912754,0.0144743023590225,0.2577113631683402,0.0142090370828058,-0.0026248756266012,-0.0040867612044207,954.0,0.0,0.4689136373784628,0.8920170040860286,0.32096795300436,0.7187049607086551,0.7888855286745555,0.512166154123716,0.4918572089274071,0.1198997511692875,0.061671327308401,0.9720885810041372,100000,30,10,0.1,1.0,0.1,0,9,0.001,1e-06,0.001,1e-07,1.0,1e-07,adamax,0,0.0,disordered,1,0.1141568885148785,0 days 02:36:32.165057,0.002624896089856,3.894985807702044,3.4048570969278207,1.0
491,491,491,491,491,0.5413360302965377,0.5413360302965377,0.5413360302965377,0.5413360302965377,0.5413360302965377,0.5413360302965377,0.5413360302965377,0.5413360302965377,0.5413360302965377,0.5413360302965377,0.7536449292611586,0.0605705946128881,0.480522119021795,0.1221626900836913,0.121568596031084,0.0901623783617053,0.0468956196570335,0.0984107078756751,0.5224173347917259,1.0001359063261022,-0.0011604082560529,-0.0012814385889369,1122.0,0.0,0.5635966875862833,0.2670546605161175,0.8035496595825786,0.0546817624572014,0.9434314091097408,0.1700249450255782,0.9855642339512826,0.2939539801636963,0.9085108274267332,0.0418157492874561,100000,30,10,0.1,1.0,0.1,0,9,0.001,1e-06,0.001,1e-07,1.0,1e-07,adamax,0,0.0,disordered,1,0.5429576153050115,0 days 02:36:32.165057,0.0011604101895953,3.3161028345793158,3.4242194769303924,1.0
492,492,492,492,492,0.2337423870891811,0.2337423870891811,0.2337423870891811,0.2337423870891811,0.2337423870891811,0.2337423870891811,0.2337423870891811,0.2337423870891811,0.2337423870891811,0.2337423870891811,0.0683830230747775,0.0690589961544888,0.5633309274228749,0.931541263002464,0.0537350394189297,0.0536494667325448,0.9841706298358894,1.001768037842457,0.0537397183475924,0.0544294270305096,-0.0020081288895124,-0.0027825236286793,639.0,0.0,0.1454353558572717,0.0381762160982447,0.2866313393220127,0.7544789863006167,0.1546988089103884,0.1323172182467685,0.7117267801151361,0.5607881410253226,0.058666084156174,0.2848001838030859,100000,30,10,0.1,1.0,0.1,0,9,0.001,1e-06,0.001,1e-07,1.0,1e-07,adamax,0,0.0,disordered,1,0.2339638026608858,0 days 02:36:32.165057,0.0020081289536139,3.674778141701062,3.326092478524507,1.0
493,493,493,493,493,0.3557150206821382,0.3557150206821382,0.3557150206821382,0.3557150206821382,0.3557150206821382,0.3557150206821382,0.3557150206821382,0.3557150206821382,0.3557150206821382,0.3557150206821382,0.181701254462427,0.2395280758396832,1.0002597276408198,0.0789557814940315,0.8641365133504225,0.0015262202748882,0.0035093015190425,0.0117392504591777,0.0035279567947593,0.9774937457978312,-0.0016243225205176,-0.0019508482974371,2693.0,0.0,0.7555647851154688,0.5473565225145267,0.9435050805737084,0.771561222329849,0.7405937992546697,0.8103166757963779,0.0849733834319158,0.3521430743892157,0.8124079306416224,0.2975640905150405,100000,30,10,0.1,1.0,0.1,0,9,0.001,1e-06,0.001,1e-07,1.0,1e-07,adamax,0,0.0,disordered,1,0.3501359839313811,0 days 02:36:32.165057,0.001624400493136,3.017357471256521,3.264286710387665,1.0
494,494,494,494,494,0.1988827856988806,0.1988827856988806,0.1988827856988806,0.1988827856988806,0.1988827856988806,0.1988827856988806,0.1988827856988806,0.1988827856988806,0.1988827856988806,0.1988827856988806,0.6121817038401653,0.1262973158001773,0.2457510363313947,0.0404591087447865,0.0391278748273953,1.002209943981156,0.0569609642260361,0.0643386326147486,0.0526691619865218,0.1705647544905557,-0.0025902764845672,-0.0031650222631902,705.0,0.0,0.4464281301385905,0.6224321748314845,0.1122971306986191,0.6977694787300996,0.3950396829832031,0.8776528213979036,0.4886122252177215,0.0308946940186498,0.751795361244465,0.6927397456998063,100000,30,10,0.1,1.0,0.1,0,9,0.001,1e-06,0.001,1e-07,1.0,1e-07,adamax,0,0.0,disordered,1,0.1963405338726485,0 days 02:36:32.165057,0.0025903853780184,3.43022202953737,3.263407358858863,1.0
495,495,495,495,495,0.2121550171362448,0.2121550171362448,0.2121550171362448,0.2121550171362448,0.2121550171362448,0.2121550171362448,0.2121550171362448,0.2121550171362448,0.2121550171362448,0.2121550171362448,0.0673653890207278,0.0012178261116276,0.001084455541929,0.0015582905458606,0.0082268074487255,1.0001413973503817,0.4055758230158055,0.0381531142220654,0.2524523485613021,0.2019507916041471,-0.0020608622770745,-0.0022819950166707,2312.0,0.0,0.9494849847345456,0.811636590478624,0.5665228893220841,0.7819235397398189,0.1950920852207742,0.9073612470162165,0.7653546737569467,0.4945839206501871,0.0407779596741447,0.4142351233312004,100000,30,10,0.1,1.0,0.1,0,9,0.001,1e-06,0.001,1e-07,1.0,1e-07,adamax,0,0.0,disordered,1,0.2094657550877056,0 days 02:36:32.165057,0.0020609190659729,2.783824865414061,3.0954521022105346,1.0
496,496,496,496,496,0.31260072430687,0.31260072430687,0.31260072430687,0.31260072430687,0.31260072430687,0.31260072430687,0.31260072430687,0.31260072430687,0.31260072430687,0.31260072430687,0.670242248900264,0.1372824783276588,0.9464645895522732,0.1426520049948618,1.0015803199976243,0.0963266290746912,0.1206058543373085,0.1104749934581405,0.1138612431937932,0.6435589434056992,-0.0017309016196132,-0.0019103636878331,511.0,0.0,0.3535042484970484,0.6620531995427018,0.9880842517880194,0.3135986493894647,0.933431091643605,0.6842137419365485,0.1592815852935352,0.6763240937503852,0.5538886611125697,0.2735114227291052,100000,30,10,0.1,1.0,0.1,0,9,0.001,1e-06,0.001,1e-07,1.0,1e-07,adamax,0,0.0,disordered,1,0.315372627467533,0 days 02:36:32.165057,0.0017309309846579,3.225518621415894,3.202300368176787,1.0
497,497,497,497,497,0.3228628202536728,0.3228628202536728,0.3228628202536728,0.3228628202536728,0.3228628202536728,0.3228628202536728,0.3228628202536728,0.3228628202536728,0.3228628202536728,0.3228628202536728,0.2931555441203755,0.2970106204119886,0.804004252876211,0.5038178060841533,0.4354348067626064,0.3590277778287766,0.1050860055186612,0.0854440441274748,1.002114687918434,0.1225121155260594,-0.0016731263874915,-0.0019561084769314,578.0,0.0,0.133063356038502,0.1645701961075513,0.8679442034747825,0.4744179740261339,0.5662040009371612,0.7366603978298915,0.2085849027409158,0.2484993359274289,0.7772139981506381,0.3088217808617497,100000,30,10,0.1,1.0,0.1,0,9,0.001,1e-06,0.001,1e-07,1.0,1e-07,adamax,0,0.0,disordered,1,0.3238151472500939,0 days 02:36:32.165057,0.0016731283197203,3.432268797893268,3.3025543771354657,1.0
498,498,498,498,498,0.293044697697214,0.293044697697214,0.293044697697214,0.293044697697214,0.293044697697214,0.293044697697214,0.293044697697214,0.293044697697214,0.293044697697214,0.293044697697214,0.7977349752755022,0.4097052255092223,0.0816479143351518,0.0980723336273522,0.3083685754252374,0.1133545671804547,0.0837642090303395,0.07957799624437,1.0002233192049,0.1186083496927391,-0.0019608835947246,-0.0022811381295576,567.0,0.0,0.1511325383147743,0.8082834161692315,0.3038834508652234,0.1242761929970105,0.6315405474397277,0.2591674506590259,0.1431606887088047,0.2548469647279749,0.6287139094798047,0.2929084127701069,100000,30,10,0.1,1.0,0.1,0,9,0.001,1e-06,0.001,1e-07,1.0,1e-07,adamax,0,0.0,disordered,1,0.296730692911645,0 days 02:36:32.165057,0.0019609507271798,3.1921098311498493,3.299931283682976,1.0
499,499,499,499,499,0.1925613572129195,0.1925613572129195,0.1925613572129195,0.1925613572129195,0.1925613572129195,0.1925613572129195,0.1925613572129195,0.1925613572129195,0.1925613572129195,0.1925613572129195,1.000423215503747,0.2413790876986525,0.3264690772730947,0.3994976267551391,0.0369438252200528,0.086908769358583,0.0520459781603755,0.2668764863349285,0.0441073245295687,0.0397959402026975,-0.0027671829924022,-0.0034426639479128,780.0,0.0,0.0834227142913034,0.4945478267642822,0.291793899664122,0.1565978688724559,0.5078217290705839,0.3486204132743177,0.5769817632936873,0.7510713306790604,0.4694937053806567,0.8616798220997797,100000,30,10,0.1,1.0,0.1,0,9,0.001,1e-06,0.001,1e-07,1.0,1e-07,adamax,0,0.0,disordered,1,0.1925742727275807,0 days 02:36:32.165057,0.0027671829465341,3.0840873531565154,2.959702580178445,1.0
