,Unnamed: 0.17,Unnamed: 0.16,Unnamed: 0.15,Unnamed: 0.14,Unnamed: 0.13,Unnamed: 0.12,Unnamed: 0.11,Unnamed: 0.10,Unnamed: 0.9,Unnamed: 0.8,Unnamed: 0.7,Unnamed: 0.6,Unnamed: 0.5,Unnamed: 0.4,Unnamed: 0.3,Unnamed: 0.2,Unnamed: 0.1,Unnamed: 0,Gamma0_1,Gamma0_2,Gamma0_3,Gamma0_4,Gamma0_5,Gamma0_6,Gamma0_7,Gamma0_8,Gamma0_9,Gamma0_10,Gamma0_11,Gamma0_12,Gamma1,Gamma2,Gamma3,Gamma4,Gamma5,Gamma6,Gamma7,Gamma8,Gamma9,Gamma10,Gamma11,Gamma12,eta0,eta,count,success,e1,e2,e3,e4,e5,e6,e7,e8,e9,e10,e11,e12,max_iter,min_iter,N,Jmax,alpha,gleak,ex,lk,rate,minGg,maxGg,minGo,maxGo,tol,optim,exfix,exval,profile,seed,Gamma,runtime,cohlength,ucohlength,ueta,keep
0,0,0,0,0,0,0,0,0,0,0,0,0,0,0,0,0,0,0,0.2414157116103016,0.2414157116103016,0.2414157116103016,0.2414157116103016,0.2414157116103016,0.2414157116103016,0.2414157116103016,0.2414157116103016,0.2414157116103016,0.2414157116103016,0.2414157116103016,0.2414157116103016,0.8722673923735866,0.0758084084581362,0.164467351652005,1.0018350854518192,0.082976761224059,0.0963793007116839,0.0899707835078285,0.0442510843865959,0.1312861404150063,0.0421479713121498,0.2283769633240081,0.3667353856518974,-0.0017580366603988,-0.0018780074688425,942.0,0.0,0.5118216247002567,0.9504636963259352,0.1441596127196337,0.948649447137244,0.3118314520104854,0.4233264489725756,0.8277025938204418,0.4091991363691613,0.5495936876730595,0.0275591132430683,0.7535131086748066,0.5381433132192782,100000,30,12,0.1,1.0,0.1,0,11,0.001,1e-06,0.001,1e-07,1.0,1e-07,adamax,0,0.0,disordered,1,0.2395392752015895,0 days 09:57:56.608079,3.987472925863689,3.899082486425996,0.0017580366603988,1.0
1,1,1,1,1,1,1,1,1,1,1,1,1,1,1,1,1,1,1,0.1394082826282576,0.1394082826282576,0.1394082826282576,0.1394082826282576,0.1394082826282576,0.1394082826282576,0.1394082826282576,0.1394082826282576,0.1394082826282576,0.1394082826282576,0.1394082826282576,0.1394082826282576,1.0004235870478042,0.0246289346886872,0.079558160337887,0.0628537846482778,0.1345897238758892,0.0364178336982815,0.0330064497047908,0.0656299994061825,0.017179492135388,0.0316056508713584,0.1812614342860918,0.0830163945328068,-0.0023981852511828,-0.0030438771976577,924.0,0.0,0.3297317164990921,0.7884287034284043,0.303194829291645,0.4534978894806515,0.1340416972471647,0.4031129864471292,0.2034552406761496,0.2623133404418495,0.7503646726300526,0.2804087579860399,0.485190974431635,0.9807371998012386,100000,30,12,0.1,1.0,0.1,0,11,0.001,1e-06,0.001,1e-07,1.0,1e-07,adamax,0,0.0,disordered,1,0.1395531112547111,0 days 09:57:56.608079,4.580229793056233,3.9312179573490895,0.0023981852511828,1.0
2,2,2,2,2,2,2,2,2,2,2,2,2,2,2,2,2,2,2,0.0779441575040493,0.0779441575040493,0.0779441575040493,0.0779441575040493,0.0779441575040493,0.0779441575040493,0.0779441575040493,0.0779441575040493,0.0779441575040493,0.0779441575040493,0.0779441575040493,0.0779441575040493,0.0819605000816037,0.0055561608210775,0.0057424916651111,0.0057100844975915,0.0219683702249738,1.001385763138236,0.0093978273076768,0.0136144982646282,0.1685948515547256,0.0092405726565429,0.0053761565641482,0.0057385805209266,-0.0033143666039503,-0.0046247780824653,1163.0,0.0,0.9616571936637868,0.7247899407735336,0.5412268555474342,0.2768912040453708,0.1606520087751268,0.9699254132161326,0.5160685855478787,0.1158656124707703,0.6234897555375004,0.776683114342298,0.6130033010530405,0.9172977047909028,100000,30,12,0.1,1.0,0.1,0,11,0.001,1e-06,0.001,1e-07,1.0,1e-07,adamax,0,0.0,disordered,1,0.0778116144066121,0 days 09:57:56.608079,4.924890464397401,4.183551345263597,0.0033143666039503,1.0
3,3,3,3,3,3,3,3,3,3,3,3,3,3,3,3,3,3,3,0.2191196687578146,0.2191196687578146,0.2191196687578146,0.2191196687578146,0.2191196687578146,0.2191196687578146,0.2191196687578146,0.2191196687578146,0.2191196687578146,0.2191196687578146,0.2191196687578146,0.2191196687578146,1.0003735098877828,0.2023078737347817,0.1490115841673637,0.3377076295109808,0.0596804875662678,0.9899034713117628,0.0478058388902172,0.0468750112556044,0.987376827561658,0.0467006392602428,0.0465432086340628,0.0470460167446571,-0.0019879807269857,-0.0029105304376633,669.0,0.0,0.0395928766642028,0.5285892632600216,0.4593358828854037,0.0623495791498756,0.641328169139375,0.8526328384806567,0.592941018104284,0.2600974477372232,0.8398815210314088,0.5094958815215094,0.510888884466533,0.7530302077021779,100000,30,12,0.1,1.0,0.1,0,11,0.001,1e-06,0.001,1e-07,1.0,1e-07,adamax,0,0.0,disordered,1,0.2159412260705714,0 days 09:57:56.608079,3.8178313842249696,3.575650184785445,0.0019879807269857,1.0
4,4,4,4,4,4,4,4,4,4,4,4,4,4,4,4,4,4,4,0.367392478180207,0.367392478180207,0.367392478180207,0.367392478180207,0.367392478180207,0.367392478180207,0.367392478180207,0.367392478180207,0.367392478180207,0.367392478180207,0.367392478180207,0.367392478180207,1.0017518088435118,0.2088827999116622,0.1378321743520396,0.1385692422118382,0.1779009563551427,0.1378844772592134,0.1756742213769338,0.1884255765502133,0.1340272727428918,0.1345200029488725,0.1464900296194379,0.8086736962500188,-0.0013025411315801,-0.0014976181517924,439.0,0.0,0.1479220357849565,0.819626719119277,0.6832869060032571,0.787096941554801,0.1916162590201352,0.80236416113453,0.1913239260572002,0.0815526173635127,0.8552269742870702,0.8612834961776684,0.8765370964165805,0.4719097193587902,100000,30,12,0.1,1.0,0.1,0,11,0.001,1e-06,0.001,1e-07,1.0,1e-07,adamax,0,0.0,disordered,1,0.3678488961873924,0 days 09:57:56.608079,3.8040345807757214,3.876894609028111,0.0013025411315801,1.0
5,5,5,5,5,5,5,5,5,5,5,5,5,5,5,5,5,5,5,0.4047756965997316,0.4047756965997316,0.4047756965997316,0.4047756965997316,0.4047756965997316,0.4047756965997316,0.4047756965997316,0.4047756965997316,0.4047756965997316,0.4047756965997316,0.4047756965997316,0.4047756965997316,0.1662215034659264,0.2848917367368499,0.8171003628063201,0.7430297318254485,0.6234474947419502,0.1615619180633921,0.1613582849146092,0.860419311052288,1.0012057893471082,0.998159928317556,0.1622642241285434,0.166698847484103,-0.001288564427633,-0.0014723327279397,401.0,0.0,0.2740483886137183,0.0070918286031662,0.6457208955749478,0.719909383508693,0.8355692165002742,0.2818778273645421,0.2152181671629736,0.6393313800665879,0.8050548331450097,0.9636708728449708,0.1505248304211774,0.4822123881993365,100000,30,12,0.1,1.0,0.1,0,11,0.001,1e-06,0.001,1e-07,1.0,1e-07,adamax,0,0.0,disordered,1,0.4086078975819689,0 days 09:57:56.608079,4.316395160537311,3.914709739511204,0.001288564427633,1.0
6,6,6,6,6,6,6,6,6,6,6,6,6,6,6,6,6,6,6,0.4047756965997316,0.4047756965997316,0.4047756965997316,0.4047756965997316,0.4047756965997316,0.4047756965997316,0.4047756965997316,0.4047756965997316,0.4047756965997316,0.4047756965997316,0.4047756965997316,0.4047756965997316,0.1627420820022583,0.1727034714608241,0.1648160076337587,0.190535781535625,0.1604929147837486,1.0006626421643103,0.2133658581851439,0.4982550774739305,0.1668880153675476,0.1934757224542281,0.4339938642239282,0.6572379219749842,-0.0011839428933544,-0.0012880835423143,405.0,0.0,0.8947158621961735,0.4227169069454373,0.5895020620840481,0.0244906774933632,0.6734598871529389,0.9190886196338224,0.8268253295567211,0.8855202667099468,0.6603553805205233,0.2455522672431775,0.7685169988962544,0.2116747426075105,100000,30,12,0.1,1.0,0.1,0,11,0.001,1e-06,0.001,1e-07,1.0,1e-07,adamax,0,0.0,disordered,1,0.398482321355547,0 days 09:57:56.608079,3.998141965510564,3.910699958289836,0.0011839428933544,1.0
7,7,7,7,7,7,7,7,7,7,7,7,7,7,7,7,7,7,7,0.1225113576604117,0.1225113576604117,0.1225113576604117,0.1225113576604117,0.1225113576604117,0.1225113576604117,0.1225113576604117,0.1225113576604117,0.1225113576604117,0.1225113576604117,0.1225113576604117,0.1225113576604117,0.1406922165749163,0.0033264533762572,0.65643204127234,0.350049614990258,0.0050190232319259,0.0082982042537841,1.0005677717979802,0.1284933818250165,0.0030960822712125,0.0020788638676881,0.061414680705627,0.004043966103861,-0.0024430869528429,-0.0032129030459863,2058.0,0.0,0.8312748346644612,0.0627179225707682,0.8254878133935558,0.1645072664741013,0.3751469964966418,0.3167381665569643,0.6913370352777413,0.1785718781743719,0.3962561622169864,0.0058245951079809,0.2624947127501015,0.4211888142289552,100000,30,12,0.1,1.0,0.1,0,11,0.001,1e-06,0.001,1e-07,1.0,1e-07,adamax,0,0.0,disordered,1,0.122896373717061,0 days 09:57:56.608079,3.751032673581943,3.7792202429437287,0.0024430869528429,1.0
8,8,8,8,8,8,8,8,8,8,8,8,8,8,8,8,8,8,8,0.3919100249433399,0.3919100249433399,0.3919100249433399,0.3919100249433399,0.3919100249433399,0.3919100249433399,0.3919100249433399,0.3919100249433399,0.3919100249433399,0.3919100249433399,0.3919100249433399,0.3919100249433399,0.9798866222009884,0.2840155652828864,0.2156829071180549,0.2889458308792525,0.1705686728936676,0.150406651648339,1.0008644955254542,0.1516318230004252,0.7375371839371513,0.191618994676449,0.163941690144922,0.7270482620488726,-0.0012572009720452,-0.0013443746369127,414.0,0.0,0.1059212367073244,0.6331599460365578,0.3804242698865323,0.7252939380762389,0.6538660110683944,0.4312267487774062,0.8673205056421992,0.632135117500167,0.8102743521062991,0.341794723940113,0.5436692896684556,0.1962968851147534,100000,30,12,0.1,1.0,0.1,0,11,0.001,1e-06,0.001,1e-07,1.0,1e-07,adamax,0,0.0,disordered,1,0.3954508207585306,0 days 09:57:56.608079,3.602536261666011,3.62150333460224,0.0012572009720452,1.0
9,9,9,9,9,9,9,9,9,9,9,9,9,9,9,9,9,9,9,0.2054117348353062,0.2054117348353062,0.2054117348353062,0.2054117348353062,0.2054117348353062,0.2054117348353062,0.2054117348353062,0.2054117348353062,0.2054117348353062,0.2054117348353062,0.2054117348353062,0.2054117348353062,6.167424329629715e-05,1.1744199359912176e-05,0.0130893377430359,5.433395406941318e-06,5.143574997015226e-06,0.0821947392692988,1.1259524834020582e-05,3.353711382988718e-06,6.002451853851098e-06,0.2331109669709728,0.2496839196772616,0.4244979516304906,-0.0019456618762243,-0.0023359883991369,6421.0,1.0,0.996141190118628,0.2432154643063271,0.2568674672271027,0.0731900723909659,0.2578031189967366,0.7631285325440532,0.6978935706830813,0.1286732123171694,0.3762385014280942,0.4209213946174629,0.6649842463619607,0.4559289630437488,100000,30,12,0.1,1.0,0.1,0,11,0.001,1e-06,0.001,1e-07,1.0,1e-07,adamax,0,0.0,disordered,1,0.2060622628039524,0 days 09:57:56.608079,4.60700821961988,4.228706960515931,0.0019456618762243,1.0
10,10,10,10,10,10,10,10,10,10,10,10,10,10,10,10,10,10,10,0.0001796838390767,0.0001796838390767,0.0001796838390767,0.0001796838390767,0.0001796838390767,0.0001796838390767,0.0001796838390767,0.0001796838390767,0.0001796838390767,0.0001796838390767,0.0001796838390767,0.0001796838390767,3.610270662392549e-07,0.0312342089506072,0.0001514119672529,2.587353846388861e-07,2.146275407652743e-07,2.634597453887299e-07,2.092759158084812e-07,0.00028154262892,0.0009569779600168,5.387143519095879e-07,9.99114229907945e-08,1.1402810005019333e-07,-0.0044569757516968,-0.0057123181704263,5216.0,0.0,0.5865183268255314,0.8396846036089424,0.7264736103123705,0.3650072635085589,0.4483963093444842,0.3676995696900066,0.1097346640066967,0.2032415440873966,0.2838064889441311,0.3141338956023022,0.3130478588199377,0.576699716252952,100000,30,12,0.1,1.0,0.1,0,11,0.001,1e-06,0.001,1e-07,1.0,1e-07,adamax,0,0.0,disordered,1,0.0001798188353753,0 days 09:57:56.608079,4.745102760837819,4.694912130182309,0.0044569757516967,1.0
11,11,11,11,11,11,11,11,11,11,11,11,11,11,11,11,11,11,11,0.2337423870891812,0.2337423870891812,0.2337423870891812,0.2337423870891812,0.2337423870891812,0.2337423870891812,0.2337423870891812,0.2337423870891812,0.2337423870891812,0.2337423870891812,0.2337423870891812,0.2337423870891812,0.0720124808263056,0.0782089743938404,0.0554286977008726,0.0528024566436337,0.0505388948635881,1.0010440826076732,0.2879932340892637,0.1100572885972775,0.090354247910026,0.409676815279005,0.1435059093616791,0.2776274868753051,-0.0015484875462869,-0.0016482831139686,662.0,0.0,0.9716899756197548,0.774664134923732,0.7911339481728052,0.75926850053958,0.5969877305237564,0.9176922571709129,0.689630155447081,0.500356430736871,0.0770838085005387,0.4884492270855238,0.2128309953403343,0.1326962975467872,100000,30,12,0.1,1.0,0.1,0,11,0.001,1e-06,0.001,1e-07,1.0,1e-07,adamax,0,0.0,disordered,1,0.2354256881202226,0 days 09:57:56.608079,3.282406773805884,3.352998581199336,0.0015484875462869,1.0
12,12,12,12,12,12,12,12,12,12,12,12,12,12,12,12,12,12,12,0.2121550171362449,0.2121550171362449,0.2121550171362449,0.2121550171362449,0.2121550171362449,0.2121550171362449,0.2121550171362449,0.2121550171362449,0.2121550171362449,0.2121550171362449,0.2121550171362449,0.2121550171362449,0.770237967806855,0.0833847230951867,0.1431772686301051,0.0463063033194742,0.0446731784948898,0.0446868422157115,1.0018717445724794,0.0519766238062885,0.0665563390155459,0.052760624743728,0.0662364033109177,0.2897807878341816,-0.0018283769556655,-0.0021405134413624,676.0,0.0,0.506064922529373,0.785085292596959,0.2950064428055194,0.7687717599091665,0.5256295231622541,0.1490480233707125,0.9649677439797356,0.4016362238885175,0.2952342556626958,0.8469983706337296,0.1244603325154798,0.7335904610737034,100000,30,12,0.1,1.0,0.1,0,11,0.001,1e-06,0.001,1e-07,1.0,1e-07,adamax,0,0.0,disordered,1,0.2121798656015623,0 days 09:57:56.608079,4.050668585594267,3.911450896666023,0.0018283769556655,1.0
13,13,13,13,13,13,13,13,13,13,13,13,13,13,13,13,13,13,13,0.2121550171362449,0.2121550171362449,0.2121550171362449,0.2121550171362449,0.2121550171362449,0.2121550171362449,0.2121550171362449,0.2121550171362449,0.2121550171362449,0.2121550171362449,0.2121550171362449,0.2121550171362449,0.9171403194640484,0.4768489183658915,0.6002311632626468,0.1391270408597299,0.0494716481152659,1.0003939024031698,0.0444149337302617,0.0441750378572028,0.043837700654919,0.0616191317721118,0.1191820413956266,0.0441048023225082,-0.0019576477723656,-0.0026560207603861,680.0,0.0,0.1878247425654683,0.3924917760125824,0.2318998784621384,0.8412279926923869,0.3900745519398617,0.9746928128822892,0.6252614844151068,0.6936228347029152,0.5215251221324175,0.3089681990755911,0.3955564210524287,0.9409341876619016,100000,30,12,0.1,1.0,0.1,0,11,0.001,1e-06,0.001,1e-07,1.0,1e-07,adamax,0,0.0,disordered,1,0.2089293263834806,0 days 09:57:56.608079,4.01088826911244,3.7684819430629855,0.0019576477723656,1.0
14,14,14,14,14,14,14,14,14,14,14,14,14,14,14,14,14,14,14,0.4606028844202396,0.4606028844202396,0.4606028844202396,0.4606028844202396,0.4606028844202396,0.4606028844202396,0.4606028844202396,0.4606028844202396,0.4606028844202396,0.4606028844202396,0.4606028844202396,0.4606028844202396,1.0010623403123369,0.4211925734034835,0.2091255169621995,0.2275439450041015,0.2082651763349229,0.2121912845409718,0.212657715568037,0.2096633736358363,0.228940849439648,0.2118582939802258,0.8097501208560028,0.5971997304128798,-0.0011418909611023,-0.001255497000157,343.0,0.0,0.2012032007246644,0.9882189012202124,0.7583058620038184,0.3597869264926102,0.6415135895056033,0.3809815392930875,0.38149293263992,0.5038029501945296,0.016722821635377,0.4935715599433962,0.971598413446888,0.2854652287855784,100000,30,12,0.1,1.0,0.1,0,11,0.001,1e-06,0.001,1e-07,1.0,1e-07,adamax,0,0.0,disordered,1,0.4656631954824689,0 days 09:57:56.608079,3.7411512082021328,3.9350790007947607,0.0011418909611023,1.0
15,15,15,15,15,15,15,15,15,15,15,15,15,15,15,15,15,15,15,0.2337423870891812,0.2337423870891812,0.2337423870891812,0.2337423870891812,0.2337423870891812,0.2337423870891812,0.2337423870891812,0.2337423870891812,0.2337423870891812,0.2337423870891812,0.2337423870891812,0.2337423870891812,0.3636640444052978,0.4327436475425041,0.5796282366141253,0.0558313621999245,0.1372566584357564,0.0602370966942789,1.0012788931451624,0.121264837550385,0.0576851224502345,0.0684700472034762,0.0695246077104327,0.4568798015532906,-0.0018052258512453,-0.0020116531965087,643.0,0.0,0.7482179590766121,0.442788890070495,0.2092810426177854,0.9050025708181296,0.0168272846802129,0.3035089265995107,0.9990258823239376,0.2621467961899895,0.849044521859272,0.6056831486557043,0.8060357075271236,0.6303177554434782,100000,30,12,0.1,1.0,0.1,0,11,0.001,1e-06,0.001,1e-07,1.0,1e-07,adamax,0,0.0,disordered,1,0.2309240601033848,0 days 09:57:56.608079,3.960501473712837,3.9668749820915448,0.0018052258512453,1.0
16,16,16,16,16,16,16,16,16,16,16,16,16,16,16,16,16,16,16,0.2121550171362449,0.2121550171362449,0.2121550171362449,0.2121550171362449,0.2121550171362449,0.2121550171362449,0.2121550171362449,0.2121550171362449,0.2121550171362449,0.2121550171362449,0.2121550171362449,0.2121550171362449,1.0001266419554744,0.0250738671735884,0.272260844331068,0.0275707298890639,0.0386119113731263,0.0845831169419185,0.0350901956455035,0.0455020197739756,0.1179136705515785,0.0276733287043494,0.5494312464626303,0.1120176449093403,-0.0020811440984819,-0.0024173142952474,967.0,0.0,0.3626968570578484,0.7607887845834825,0.0264845489039723,0.4468129517344519,0.371854569870106,0.4770740056373495,0.1276206864960696,0.2225068659462724,0.5620515900997094,0.3877691156559539,0.7916562055903406,0.6051365892775145,100000,30,12,0.1,1.0,0.1,0,11,0.001,1e-06,0.001,1e-07,1.0,1e-07,adamax,0,0.0,disordered,1,0.2101725190686176,0 days 09:57:56.608079,4.219739806282863,3.902598631629293,0.0020811440984819,1.0
17,17,17,17,17,17,17,17,17,17,17,17,17,17,17,17,17,17,17,0.1864408533970484,0.1864408533970484,0.1864408533970484,0.1864408533970484,0.1864408533970484,0.1864408533970484,0.1864408533970484,0.1864408533970484,0.1864408533970484,0.1864408533970484,0.1864408533970484,0.1864408533970484,0.0564771145485119,0.3422554243770253,0.0330856273612314,0.0332853089816945,0.0336444086799601,0.0333316248646063,0.0767709978066517,1.0002134925366144,0.0344378148266916,0.4677849021253596,0.034886709440114,0.0363931848079819,-0.002113464316539,-0.0026397283175804,755.0,0.0,0.8612666847869941,0.7323608373256045,0.601823447758565,0.2876156021959957,0.7827604679261685,0.2512675781710818,0.0752111118144044,0.9628645784432278,0.5400112050964692,0.7738942975498113,0.5292228076303601,0.6115797303718215,100000,30,12,0.1,1.0,0.1,0,11,0.001,1e-06,0.001,1e-07,1.0,1e-07,adamax,0,0.0,disordered,1,0.1870257577976035,0 days 09:57:56.608079,3.908734786039105,3.903003371369993,0.002113464316539,1.0
18,18,18,18,18,18,18,18,18,18,18,18,18,18,18,18,18,18,18,0.3026648059395688,0.3026648059395688,0.3026648059395688,0.3026648059395688,0.3026648059395688,0.3026648059395688,0.3026648059395688,0.3026648059395688,0.3026648059395688,0.3026648059395688,0.3026648059395688,0.3026648059395688,0.3761682533526186,0.161984455535472,0.8901815639599691,0.5915159187802935,0.0921794049373847,0.99233663941875,0.0920408484790094,0.9900064296628656,0.0922977313254983,1.0021330965227642,0.1270365493253604,0.2397761920243296,-0.001381052113675,-0.0016145640954624,519.0,0.0,0.0338922505165062,0.1867936793538085,0.6746893954347775,0.5705645979524983,0.1585550339867126,0.9520292687261848,0.1543536325474043,0.5103032497386853,0.1440028750192576,0.7173717261062347,0.2763130140951527,0.1341339751217832,100000,30,12,0.1,1.0,0.1,0,11,0.001,1e-06,0.001,1e-07,1.0,1e-07,adamax,0,0.0,disordered,1,0.3049640777533199,0 days 09:57:56.608079,3.9274250986802666,3.819898737864782,0.001381052113675,1.0
19,19,19,19,19,19,19,19,19,19,19,19,19,19,19,19,19,19,19,0.7477346305177579,0.7477346305177579,0.7477346305177579,0.7477346305177579,0.7477346305177579,0.7477346305177579,0.7477346305177579,0.7477346305177579,0.7477346305177579,0.7477346305177579,0.7477346305177579,0.7477346305177579,0.6170501013528976,0.5869764443483854,0.5807185253484225,0.5790876409584294,0.5718307360162789,0.5669500158438382,0.5670297274207243,0.553513780205109,0.5539771253142834,0.5532856888857589,0.7274669694757416,1.000340067057643,-0.000798510334724,-0.0008302914512462,132.0,0.0,0.0459871806705156,0.1748355378976236,0.1917987167235664,0.5369720795717926,0.4510388861713912,0.9572943672535372,0.9541513368666424,0.7965461104684304,0.6715876339807033,0.8450230915683464,0.9387518284798846,0.0226177288870027,100000,30,12,0.1,1.0,0.1,0,11,0.001,1e-06,0.001,1e-07,1.0,1e-07,adamax,0,0.0,disordered,1,0.748581559527656,0 days 09:57:56.608079,3.686986809424517,3.81891194573599,0.000798510334724,1.0
20,20,20,20,20,20,20,20,20,20,20,20,20,20,20,20,20,20,20,0.5074705239490462,0.5074705239490462,0.5074705239490462,0.5074705239490462,0.5074705239490462,0.5074705239490462,0.5074705239490462,0.5074705239490462,0.5074705239490462,0.5074705239490462,0.5074705239490462,0.5074705239490462,0.7860969810733553,0.287186249788698,0.3351797444887666,0.2364227872406411,0.2378812675289604,0.2475573080153485,0.2539592623365009,0.2753338454883782,1.0011769006814095,0.2377577212932406,0.2666036945428485,0.988133405613522,-0.0010785330521749,-0.001165671179328,337.0,0.0,0.1181052271508587,0.3602638846836431,0.0935868530425997,0.5995244730532772,0.2603642223481086,0.2643397291323255,0.2883279886478656,0.09771565758439,0.7409444532381589,0.6506724295996501,0.6065080906412624,0.0340455822777754,100000,30,12,0.1,1.0,0.1,0,11,0.001,1e-06,0.001,1e-07,1.0,1e-07,adamax,0,0.0,disordered,1,0.5054071634280354,0 days 09:57:56.608079,3.8025082319394494,3.8562656067676944,0.0010785330521749,1.0
21,21,21,21,21,21,21,21,21,21,21,21,21,21,21,21,21,21,21,0.3919100249433399,0.3919100249433399,0.3919100249433399,0.3919100249433399,0.3919100249433399,0.3919100249433399,0.3919100249433399,0.3919100249433399,0.3919100249433399,0.3919100249433399,0.3919100249433399,0.3919100249433399,0.4159637261412383,0.2081648711998334,0.1584686290041715,0.1878157971782444,0.1646685806879741,0.1606327805337039,0.1491714910511168,0.508406928981851,0.2600600469880863,1.0010698191486511,0.1599758892425856,0.6735091764782212,-0.0012333009227489,-0.0013625599928357,419.0,0.0,0.4294641446388775,0.6852035898998426,0.1563466499035863,0.3856578446575508,0.0198341454699368,0.081857997077242,0.2164535799990539,0.4146501611412486,0.4632400362873798,0.884521531618113,0.3166584421740133,0.0214638762771913,100000,30,12,0.1,1.0,0.1,0,11,0.001,1e-06,0.001,1e-07,1.0,1e-07,adamax,0,0.0,disordered,1,0.3940554133995534,0 days 09:57:56.608079,3.865143366872954,3.924068850897797,0.0012333009227489,1.0
22,22,22,22,22,22,22,22,22,22,22,22,22,22,22,22,22,22,22,0.3557150206821381,0.3557150206821381,0.3557150206821381,0.3557150206821381,0.3557150206821381,0.3557150206821381,0.3557150206821381,0.3557150206821381,0.3557150206821381,0.3557150206821381,0.3557150206821381,0.3557150206821381,0.1237768032782049,0.1236116397009434,0.1719069270082589,1.0015767890888083,0.1877024460124775,0.148297730949262,0.1527633517680352,0.136481155055193,0.1244309548394282,0.9062553359949164,0.1297506546083469,0.7240886141457902,-0.0012490051430725,-0.0014213862983652,458.0,0.0,0.8262233467711652,0.0618469353735727,0.0929919926622283,0.963181716739735,0.7533654181283584,0.337854202779255,0.1321788416191956,0.3867305731718615,0.3391948927801735,0.8744412014424732,0.41875301731404,0.082045006015622,100000,30,12,0.1,1.0,0.1,0,11,0.001,1e-06,0.001,1e-07,1.0,1e-07,adamax,0,0.0,disordered,1,0.3512854977744762,0 days 09:57:56.608079,3.985991429746401,4.008897112489422,0.0012490051430725,1.0
23,23,23,23,23,23,23,23,23,23,23,23,23,23,23,23,23,23,23,0.0408528580392855,0.0408528580392855,0.0408528580392855,0.0408528580392855,0.0408528580392855,0.0408528580392855,0.0408528580392855,0.0408528580392855,0.0408528580392855,0.0408528580392855,0.0408528580392855,0.0408528580392855,6.351585752357385e-07,5.59009987767857e-07,1.1846547595059997e-07,1.7142742123976761e-07,2.952499887193889e-06,0.0128245476837746,0.1267727643249231,0.2415221122174289,0.2072397395599253,9.05827000207028e-07,7.131292331466984e-07,5.762768771243791e-07,-0.0040801538938386,-0.0063331222960459,8325.0,1.0,0.9268052023585862,0.6223133637152601,0.1167098567810022,0.1131741600464223,0.4659332411642642,0.0920889656891161,0.6317521922027585,0.6163837910949103,0.0320813486181537,0.8074227810412945,0.7867947609394985,0.9153082686153085,100000,30,12,0.1,1.0,0.1,0,11,0.001,1e-06,0.001,1e-07,1.0,1e-07,adamax,0,0.0,disordered,1,0.0410482939542477,0 days 09:57:56.608079,5.819009464582416,5.299414855504303,0.0040801538938387,1.0
24,24,24,24,24,24,24,24,24,24,24,24,24,24,24,24,24,24,24,0.333461801578636,0.333461801578636,0.333461801578636,0.333461801578636,0.333461801578636,0.333461801578636,0.333461801578636,0.333461801578636,0.333461801578636,0.333461801578636,0.333461801578636,0.333461801578636,0.2867557396409359,0.1751739869976509,0.1113048704265157,0.1115614224906309,0.1120104634368011,1.0010649279380963,0.6012177125620479,0.9927365841198332,0.4137445277005687,0.9666613999355426,0.1121983525682468,0.1121913917409581,-0.0012746689263288,-0.0015658586487804,478.0,0.0,0.6703066467384771,0.6928622323352233,0.1637416544531679,0.0238888139788117,0.0655631524184199,0.9644613401603572,0.6457213655596336,0.9469066664934074,0.3493843588720956,0.755221576661414,0.0653989653616667,0.1662051655929711,100000,30,12,0.1,1.0,0.1,0,11,0.001,1e-06,0.001,1e-07,1.0,1e-07,adamax,0,0.0,disordered,1,0.3333593665015322,0 days 09:57:56.608079,4.367947217088137,4.082683425993057,0.0012746689263288,1.0
25,25,25,25,25,25,25,25,25,25,25,25,25,25,25,25,25,25,25,0.2747120789270809,0.2747120789270809,0.2747120789270809,0.2747120789270809,0.2747120789270809,0.2747120789270809,0.2747120789270809,0.2747120789270809,0.2747120789270809,0.2747120789270809,0.2747120789270809,0.2747120789270809,0.7136713735314331,0.1958299116078586,0.8374949178644249,0.077124338224288,0.0756132437090584,0.400580550886696,0.9948913038824452,0.0748924009160829,1.0013790571447372,0.207150862697514,0.0743239419320895,0.0746096865017917,-0.0016908685756066,-0.0022393575648959,565.0,0.0,0.27713333487199,0.5503182517007417,0.55740888009091,0.4989864523070149,0.4244635846320775,0.5757051603390986,0.9666623953878384,0.4580795604861192,0.8374714217984048,0.0558719650318711,0.3855872572300576,0.5604964436423991,100000,30,12,0.1,1.0,0.1,0,11,0.001,1e-06,0.001,1e-07,1.0,1e-07,adamax,0,0.0,disordered,1,0.2711809369845504,0 days 09:57:56.608079,4.029780077554302,3.797703960639274,0.0016908685756066,1.0
26,26,26,26,26,26,26,26,26,26,26,26,26,26,26,26,26,26,26,0.4606028844202396,0.4606028844202396,0.4606028844202396,0.4606028844202396,0.4606028844202396,0.4606028844202396,0.4606028844202396,0.4606028844202396,0.4606028844202396,0.4606028844202396,0.4606028844202396,0.4606028844202396,0.2302827285393029,0.2146252091002712,0.2365168534070214,0.7155132600548093,0.3471368106266927,0.3436981423006103,0.2424267744908804,0.2398066792294524,0.2537330655875881,0.2313964459866944,1.0018140987021993,0.594289852650487,-0.0009938584679694,-0.001101275104431,336.0,0.0,0.6203205556549372,0.2500183399320113,0.3992910134865952,0.94700616873569,0.648850754011949,0.5849662484122946,0.0652987105198409,0.0521762576431477,0.2113984478320646,0.137822775848633,0.9837499292732876,0.0027471476026641,100000,30,12,0.1,1.0,0.1,0,11,0.001,1e-06,0.001,1e-07,1.0,1e-07,adamax,0,0.0,disordered,1,0.4628698221010322,0 days 09:57:56.608079,3.9151639727220986,3.972432325128232,0.0009938584679694,1.0
27,27,27,27,27,27,27,27,27,27,27,27,27,27,27,27,27,27,27,0.1638433645577982,0.1638433645577982,0.1638433645577982,0.1638433645577982,0.1638433645577982,0.1638433645577982,0.1638433645577982,0.1638433645577982,0.1638433645577982,0.1638433645577982,0.1638433645577982,0.1638433645577982,0.7083987519379163,0.8498150704286552,1.9602198793765225e-07,1.3055987552471205e-06,3.1212546828759263e-06,0.1164857955912059,0.1764452501554901,1.6806431944694157e-07,0.6170222658634638,2.375004741807944e-07,0.231774589907302,9.999688013771625e-08,-0.0021767567680348,-0.0026598856349975,30876.0,0.0,0.3658435291805171,0.0584224496238016,0.6400105583176766,0.0465332020748591,0.0684096355417223,0.0799425056081188,0.2717851313028795,0.5763580679966506,0.8054486176308537,0.2671915845012608,0.2831710565694664,0.824482143951937,100000,30,12,0.1,1.0,0.1,0,11,0.001,1e-06,0.001,1e-07,1.0,1e-07,adamax,0,0.0,disordered,1,0.1629956931779972,0 days 09:57:56.608079,4.323690831620548,4.055077924208251,0.0021767567680348,1.0
28,28,28,28,28,28,28,28,28,28,28,28,28,28,28,28,28,28,28,0.1265331759388941,0.1265331759388941,0.1265331759388941,0.1265331759388941,0.1265331759388941,0.1265331759388941,0.1265331759388941,0.1265331759388941,0.1265331759388941,0.1265331759388941,0.1265331759388941,0.1265331759388941,0.0186034401476835,0.0164533139475646,1.0022191682227624,0.9778489017794508,0.1294286630886481,0.0164999413221089,0.0175547505904551,0.0530681882289335,0.1171457470074755,0.0168105893799848,0.0207021059090023,0.1361814707056603,-0.0025292377262334,-0.0035658064642631,903.0,0.0,0.7459483801763226,0.1268147483573346,0.8063489347063569,0.8312511086352812,0.1778257835671058,0.6269479985725536,0.1967436218212379,0.2434927120280825,0.494005755328642,0.5222200279508085,0.4790335153981873,0.5411410533042087,100000,30,12,0.1,1.0,0.1,0,11,0.001,1e-06,0.001,1e-07,1.0,1e-07,adamax,0,0.0,disordered,1,0.1264034270768169,0 days 09:57:56.608079,4.728354608656337,3.826896675721025,0.0025292377262334,1.0
29,29,29,29,29,29,29,29,29,29,29,29,29,29,29,29,29,29,29,0.4459627626819087,0.4459627626819087,0.4459627626819087,0.4459627626819087,0.4459627626819087,0.4459627626819087,0.4459627626819087,0.4459627626819087,0.4459627626819087,0.4459627626819087,0.4459627626819087,0.4459627626819087,0.939512552688133,0.2008262110577692,0.2166521072696589,1.0015275661722485,0.1962732718185328,0.2070299637869483,0.2310133271306283,0.1960804060187601,0.1985158041897185,0.1974368025006567,0.2001759607667964,0.927246453441636,-0.0011679978780191,-0.0013101961458916,356.0,0.0,0.2131646764254524,0.7785803681279121,0.2778484120286083,0.9126832897191104,0.5151553035895896,0.3036840529445848,0.1743839025083001,0.4852039624160302,0.3762973001513523,0.6230937907219327,0.4984595826229498,0.0369596980006967,100000,30,12,0.1,1.0,0.1,0,11,0.001,1e-06,0.001,1e-07,1.0,1e-07,adamax,0,0.0,disordered,1,0.4416262946320284,0 days 09:57:56.608079,3.801598512653552,3.811640597531449,0.0011679978780191,1.0
30,30,30,30,30,30,30,30,30,30,30,30,30,30,30,30,30,30,30,0.1535934676510895,0.1535934676510895,0.1535934676510895,0.1535934676510895,0.1535934676510895,0.1535934676510895,0.1535934676510895,0.1535934676510895,0.1535934676510895,0.1535934676510895,0.1535934676510895,0.1535934676510895,0.0245380201086899,0.0463690466391621,1.0003348842014983,0.999203312864369,0.9877531704593492,0.0235025074431824,0.0302059127467532,0.0327909915235661,0.0293359859671321,0.0249949274463375,0.0241046930711061,0.0340155978006857,-0.002341946059004,-0.0035095902223032,825.0,0.0,0.8330947688085336,0.0516739391193959,0.8275951638592104,0.8127496434167762,0.9239831252875618,0.6644010411515328,0.1606236341053505,0.4419294114540377,0.4394326601704705,0.6323329864819148,0.3811375324040436,0.6756780879691183,100000,30,12,0.1,1.0,0.1,0,11,0.001,1e-06,0.001,1e-07,1.0,1e-07,adamax,0,0.0,disordered,1,0.1540379313871574,0 days 09:57:56.608079,4.74658728389726,3.822198341592703,0.002341946059004,1.0
31,31,31,31,31,31,31,31,31,31,31,31,31,31,31,31,31,31,31,0.2191196687578146,0.2191196687578146,0.2191196687578146,0.2191196687578146,0.2191196687578146,0.2191196687578146,0.2191196687578146,0.2191196687578146,0.2191196687578146,0.2191196687578146,0.2191196687578146,0.2191196687578146,1.0002660486950947,0.5754750412735347,0.5237257681172546,0.586638290100259,0.852365858889088,0.1604222222143762,0.0517626137682714,0.0641515650690549,0.1353742145526638,0.0566194053844238,0.0506015540420566,0.062036084486799,-0.0019853356194365,-0.0024718701405847,764.0,0.0,0.2039073800978377,0.3533507781465587,0.5433134112873544,0.427651051214449,0.1225256507690002,0.9658281207625043,0.6912954021364714,0.8330350777910258,0.3574607462891465,0.9448959101690874,0.8124471005528425,0.979506245587886,100000,30,12,0.1,1.0,0.1,0,11,0.001,1e-06,0.001,1e-07,1.0,1e-07,adamax,0,0.0,disordered,1,0.2199467494275576,0 days 09:57:56.608079,3.499153073201731,3.61194575899513,0.0019853356194365,1.0
32,32,32,32,32,32,32,32,32,32,32,32,32,32,32,32,32,32,32,0.31260072430687,0.31260072430687,0.31260072430687,0.31260072430687,0.31260072430687,0.31260072430687,0.31260072430687,0.31260072430687,0.31260072430687,0.31260072430687,0.31260072430687,0.31260072430687,0.7366420858910022,0.1899749579363463,0.1023985458217827,0.9686669168569688,0.0975665871529368,0.0967441077764666,0.27454572725834,0.9892572363249752,0.0977332445115559,1.0013060808617045,0.0981801802567172,0.2269844781523294,-0.001429732841019,-0.0017900730198251,506.0,0.0,0.1973942523898054,0.4771694766007426,0.3858489940723694,0.613894995603037,0.2502197336679601,0.1004722897506863,0.4766165868289146,0.6394719365196334,0.3840154184913098,0.9874393427162872,0.4059887721488981,0.299815542437813,100000,30,12,0.1,1.0,0.1,0,11,0.001,1e-06,0.001,1e-07,1.0,1e-07,adamax,0,0.0,disordered,1,0.3130378008458427,0 days 09:57:56.608079,3.802045558270743,3.741655965688336,0.001429732841019,1.0
33,33,33,33,33,33,33,33,33,33,33,33,33,33,33,33,33,33,33,0.2054117348353062,0.2054117348353062,0.2054117348353062,0.2054117348353062,0.2054117348353062,0.2054117348353062,0.2054117348353062,0.2054117348353062,0.2054117348353062,0.2054117348353062,0.2054117348353062,0.2054117348353062,0.056118179938191,0.0423995748344238,0.04237006987534,0.0432656348332842,0.9982813398955364,1.0013111520983593,0.541432150683658,0.0433029873413644,0.7564039308391531,0.0451050437652292,0.0465601598319905,0.0437648228960712,-0.0019075018555366,-0.0026212054247504,690.0,0.0,0.8138978250995115,0.466689803032796,0.2732167826992071,0.2864910244716064,0.9471557892442384,0.961736748159922,0.6462368962429871,0.2787679766747637,0.7113690437189849,0.2167694819361088,0.3220846874139359,0.5417363597027655,100000,30,12,0.1,1.0,0.1,0,11,0.001,1e-06,0.001,1e-07,1.0,1e-07,adamax,0,0.0,disordered,1,0.2077220309470907,0 days 09:57:56.608079,4.53135327600572,4.1138077813679566,0.0019075018555366,1.0
34,34,34,34,34,34,34,34,34,34,34,34,34,34,34,34,34,34,34,0.615997796038016,0.615997796038016,0.615997796038016,0.615997796038016,0.615997796038016,0.615997796038016,0.615997796038016,0.615997796038016,0.615997796038016,0.615997796038016,0.615997796038016,0.615997796038016,0.4129637085282827,0.3905959351197874,0.3526328977462786,0.3094804940753453,0.3248352103909961,0.3253984526823372,0.3303580230103935,0.3379078038907155,0.7823403924045781,0.2907557662438384,0.6357425486202914,1.0004817546223457,-0.0009046641939054,-0.0009596431758605,328.0,0.0,0.4011441611645456,0.3510238626345868,0.974134429486488,0.170206174479749,0.6137785589494178,0.0385413894838495,0.0917147371339044,0.2099960050117245,0.9916861960144648,0.7264246392278,0.8680380956291989,0.0494837846367165,100000,30,12,0.1,1.0,0.1,0,11,0.001,1e-06,0.001,1e-07,1.0,1e-07,adamax,0,0.0,disordered,1,0.6244839269659657,0 days 09:57:56.608079,4.006362864964711,4.053320712852921,0.0009046641939054,1.0
35,35,35,35,35,35,35,35,35,35,35,35,35,35,35,35,35,35,35,0.1638433645577982,0.1638433645577982,0.1638433645577982,0.1638433645577982,0.1638433645577982,0.1638433645577982,0.1638433645577982,0.1638433645577982,0.1638433645577982,0.1638433645577982,0.1638433645577982,0.1638433645577982,0.0286273346120613,0.0279952146009049,0.0392546457672127,1.000918056619897,0.031087168817053,0.3968778468675676,0.0280185033761949,0.0292530355795783,0.9973726588338664,0.0946541585457791,0.0376089699813515,0.0277639106218597,-0.0023963162473486,-0.0030525333554649,787.0,0.0,0.6814384526526729,0.4399364794360058,0.4164199485553493,0.7082547942479717,0.3083189505355805,0.5134678232710247,0.2607247218237164,0.3914040705924085,0.5333261752047522,0.1578810028262631,0.2761871219052035,0.4204059052215403,100000,30,12,0.1,1.0,0.1,0,11,0.001,1e-06,0.001,1e-07,1.0,1e-07,adamax,0,0.0,disordered,1,0.1639772348944499,0 days 09:57:56.608079,3.857107735659174,3.5488308070953014,0.0023963162473486,1.0
36,36,36,36,36,36,36,36,36,36,36,36,36,36,36,36,36,36,36,0.4047756965997316,0.4047756965997316,0.4047756965997316,0.4047756965997316,0.4047756965997316,0.4047756965997316,0.4047756965997316,0.4047756965997316,0.4047756965997316,0.4047756965997316,0.4047756965997316,0.4047756965997316,0.4205115872192557,0.7397042367886423,0.16335488010009,0.1625537693178756,1.0019346552832016,0.1880036489636234,0.2042516893969446,0.1724242868294138,0.1993276806990014,0.1651090423811117,0.2061849086693614,0.8325997066851939,-0.0012820361556359,-0.0014130051083057,399.0,0.0,0.4727479785281554,0.8000039680110183,0.6429501138675994,0.5624900665221173,0.8698673937003966,0.1973488647767637,0.1040830351780349,0.3937252133677354,0.1371899555572782,0.5559810381008665,0.5736433320658848,0.1315935497496901,100000,30,12,0.1,1.0,0.1,0,11,0.001,1e-06,0.001,1e-07,1.0,1e-07,adamax,0,0.0,disordered,1,0.4057801728039399,0 days 09:57:56.608079,3.970877208949541,3.8976499059673233,0.0012820361556359,1.0
37,37,37,37,37,37,37,37,37,37,37,37,37,37,37,37,37,37,37,0.2414157116103016,0.2414157116103016,0.2414157116103016,0.2414157116103016,0.2414157116103016,0.2414157116103016,0.2414157116103016,0.2414157116103016,0.2414157116103016,0.2414157116103016,0.2414157116103016,0.2414157116103016,0.1139178455614018,0.3466943985056612,0.0594617002137962,1.0011969226896498,0.9819414737706637,0.0572644370888126,0.0570143146226132,0.9754265270702293,0.0732995126951977,0.8921712920448323,0.0580551326659999,0.0577794822286578,-0.0016344978833168,-0.0021579953972349,624.0,0.0,0.7160539946963933,0.5565394834256112,0.4231819942696411,0.917481773299308,0.8559122943833432,0.2209691637648669,0.166583176525819,0.9155364039147176,0.1572518885137706,0.7572063264186215,0.3125170158121136,0.3611853466325139,100000,30,12,0.1,1.0,0.1,0,11,0.001,1e-06,0.001,1e-07,1.0,1e-07,adamax,0,0.0,disordered,1,0.2387294760770972,0 days 09:57:56.608079,4.278148961879499,3.863192860880177,0.0016344978833168,1.0
38,38,38,38,38,38,38,38,38,38,38,38,38,38,38,38,38,38,38,0.2191196687578146,0.2191196687578146,0.2191196687578146,0.2191196687578146,0.2191196687578146,0.2191196687578146,0.2191196687578146,0.2191196687578146,0.2191196687578146,0.2191196687578146,0.2191196687578146,0.2191196687578146,0.6425609891252676,3.122270433110447e-07,1.4603158393864496e-05,0.5765212450418181,4.667171467919118e-07,0.416338312307633,0.4446689631292934,1.5358642272884766e-07,1.170159756591993e-06,1.1479157988707065e-07,9.997292404553533e-08,0.4937870191922041,-0.0018769771894219,-0.0022255566136836,12078.0,0.0,0.5537246459677773,0.9259641674233372,0.0020568430646198,0.1622873344023199,0.7202117786599489,0.3944665294244958,0.2878104198967977,0.9628956581275414,0.2640284233242796,0.7141669578683888,0.964225669092555,0.7627660562464376,100000,30,12,0.1,1.0,0.1,0,11,0.001,1e-06,0.001,1e-07,1.0,1e-07,adamax,0,0.0,disordered,1,0.2163140965460779,0 days 09:57:56.608079,4.48922398391956,4.047534819215144,0.0018769771894219,1.0
39,39,39,39,39,39,39,39,39,39,39,39,39,39,39,39,39,39,39,0.367392478180207,0.367392478180207,0.367392478180207,0.367392478180207,0.367392478180207,0.367392478180207,0.367392478180207,0.367392478180207,0.367392478180207,0.367392478180207,0.367392478180207,0.367392478180207,0.3183550501467194,0.4226195936432459,0.6517342859562114,0.1246511824651509,0.3102286266286698,1.0004013632614568,0.980325810109178,0.944119373606254,0.8651243155787246,0.3053684463781442,0.1283587689891147,0.1249986204213508,-0.0014087938558501,-0.001571189616363,467.0,0.0,0.7094140359205118,0.7232067127676901,0.8052261068309458,0.2712136489199229,0.6266867251784247,0.802885894043567,0.8882296412968325,0.9058341532080582,0.903896393587496,0.0976337994648727,0.3764060873778814,0.4563920834904191,100000,30,12,0.1,1.0,0.1,0,11,0.001,1e-06,0.001,1e-07,1.0,1e-07,adamax,0,0.0,disordered,1,0.3686998922329297,0 days 09:57:56.608079,4.204934986160698,3.8449048164326207,0.0014087938558501,1.0
40,40,40,40,40,40,40,40,40,40,40,40,40,40,40,40,40,40,40,0.0150090327557973,0.0150090327557973,0.0150090327557973,0.0150090327557973,0.0150090327557973,0.0150090327557973,0.0150090327557973,0.0150090327557973,0.0150090327557973,0.0150090327557973,0.0150090327557973,0.0150090327557973,0.0613453603850355,1.690214407389729e-07,9.990283579247096e-08,2.814564307682556e-07,7.164133428150784e-07,5.469180179934193e-07,3.393494936544419e-07,0.00167336961139,0.0093080262518687,5.4701055661436896e-05,1.4174263659877154e-06,5.528131046545631e-06,-0.0050736569321925,-0.0079530353755329,5680.0,0.0,0.8916854039669163,0.4192536193798634,0.2649121033591305,0.0198587731592583,0.2887542777621654,0.7807241847334279,0.0201709380598515,0.1649939279484876,0.3109684208465644,0.5320110718845206,0.3630433181948137,0.8826396945897659,100000,30,12,0.1,1.0,0.1,0,11,0.001,1e-06,0.001,1e-07,1.0,1e-07,adamax,0,0.0,disordered,1,0.0148917265762982,0 days 09:57:56.608079,4.366072011507753,5.132811954548447,0.0050736569321925,1.0
41,41,41,41,41,41,41,41,41,41,41,41,41,41,41,41,41,41,41,0.2191196687578146,0.2191196687578146,0.2191196687578146,0.2191196687578146,0.2191196687578146,0.2191196687578146,0.2191196687578146,0.2191196687578146,0.2191196687578146,0.2191196687578146,0.2191196687578146,0.2191196687578146,0.7554991633307426,0.2496327331851673,0.1648114546256758,1.00211286372915,0.9995342008926836,0.0615167628396889,0.9939385009089368,0.0474347227821226,0.0477034097074519,0.0537373534787504,0.1714329305462508,0.0479366554139809,-0.0017106086111187,-0.0021996955467547,668.0,0.0,0.2074776288518643,0.5616344004190236,0.7778175051376995,0.9296082290939864,0.8734802733413756,0.1355210037406805,0.7918000796455894,0.6753462694980112,0.4216035573870036,0.0255670989624631,0.1679814709579863,0.7494608262320578,100000,30,12,0.1,1.0,0.1,0,11,0.001,1e-06,0.001,1e-07,1.0,1e-07,adamax,0,0.0,disordered,1,0.2225040662834383,0 days 09:57:56.608079,4.216060148788478,3.7683947631238106,0.0017106086111187,1.0
42,42,42,42,42,42,42,42,42,42,42,42,42,42,42,42,42,42,42,0.2121550171362449,0.2121550171362449,0.2121550171362449,0.2121550171362449,0.2121550171362449,0.2121550171362449,0.2121550171362449,0.2121550171362449,0.2121550171362449,0.2121550171362449,0.2121550171362449,0.2121550171362449,1.0006292777682653,0.583960560685016,0.5747131818072193,0.0444750958145877,0.068574496977118,0.0984022283314325,0.2006455011987466,0.1506150452493447,0.0447700993965626,0.0472753434899834,0.0656203118830231,0.3885232499457807,-0.001911268935441,-0.0021448522709884,754.0,0.0,0.0840047677767746,0.3126499249880641,0.2552124382766044,0.7461008968986407,0.3590598291763175,0.0871882409887518,0.3704421018161166,0.3268298767186818,0.7170213673193974,0.3201222201986879,0.6936156490920399,0.538594453433759,100000,30,12,0.1,1.0,0.1,0,11,0.001,1e-06,0.001,1e-07,1.0,1e-07,adamax,0,0.0,disordered,1,0.2131574670677856,0 days 09:57:56.608079,3.5894642067780835,3.5526006360395805,0.001911268935441,1.0
43,43,43,43,43,43,43,43,43,43,43,43,43,43,43,43,43,43,43,0.1638433645577982,0.1638433645577982,0.1638433645577982,0.1638433645577982,0.1638433645577982,0.1638433645577982,0.1638433645577982,0.1638433645577982,0.1638433645577982,0.1638433645577982,0.1638433645577982,0.1638433645577982,0.1892642708119068,0.0272989824588401,0.0268714072271143,0.0269246376721205,0.0270244445233718,1.0002162992696535,0.053523346219035,0.0368488556995562,0.0270686017417854,0.0268180164103409,0.0271572983124653,0.3322929000632839,-0.0022540496582246,-0.0028611250301513,786.0,0.0,0.8877328287244716,0.7333651729435877,0.4079187425363865,0.4849095181984443,0.4713857598653367,0.871702397518525,0.1380361717125459,0.4242300124285143,0.5349120574812903,0.436222832238696,0.5980284679987804,0.4988430954198491,100000,30,12,0.1,1.0,0.1,0,11,0.001,1e-06,0.001,1e-07,1.0,1e-07,adamax,0,0.0,disordered,1,0.1636120905059755,0 days 09:57:56.608079,4.165693316841865,3.853947387490768,0.0022540496582246,1.0
44,44,44,44,44,44,44,44,44,44,44,44,44,44,44,44,44,44,44,0.3228628202536728,0.3228628202536728,0.3228628202536728,0.3228628202536728,0.3228628202536728,0.3228628202536728,0.3228628202536728,0.3228628202536728,0.3228628202536728,0.3228628202536728,0.3228628202536728,0.3228628202536728,0.8205269500737172,0.1087860701297814,0.1045129113062572,0.1037534683032274,0.1051835114380689,0.1038980477019838,0.1034028291575339,1.0022937522255877,0.9974274818404956,0.6757042777376041,0.4384008456899985,0.1058584349027507,-0.0014287051842549,-0.001627980045509,497.0,0.0,0.4136957426619674,0.6868129726159958,0.329322465708467,0.6069010136690235,0.7285583473338744,0.1306466357938829,0.326452101504932,0.9447045555986052,0.9660212875626244,0.9923887631356604,0.0425258338882709,0.8265087689118491,100000,30,12,0.1,1.0,0.1,0,11,0.001,1e-06,0.001,1e-07,1.0,1e-07,adamax,0,0.0,disordered,1,0.3198799853957244,0 days 09:57:56.608079,4.341711355016407,3.937803285863655,0.0014287051842548,1.0
45,45,45,45,45,45,45,45,45,45,45,45,45,45,45,45,45,45,45,0.1306870229743345,0.1306870229743345,0.1306870229743345,0.1306870229743345,0.1306870229743345,0.1306870229743345,0.1306870229743345,0.1306870229743345,0.1306870229743345,0.1306870229743345,0.1306870229743345,0.1306870229743345,0.3891699319760743,0.0625578224084843,1.3232913000020065e-06,1.123997662728948e-06,7.586170683005292e-07,8.952083000746674e-07,6.678497320612315e-07,1.2139416680262624e-06,1.747296883617313e-06,1.0848551180971793e-06,2.935921918784573e-06,0.3785147101645515,-0.0023206288175572,-0.0036219496464414,7698.0,1.0,0.9352758069942098,0.901944440055244,0.7149413034806142,0.6756193428878896,0.7196066164883864,0.5748858181470116,0.7884200798433164,0.5019296038006482,0.2259374998912283,0.0943490249781668,0.9082557233023724,0.7548789814030864,100000,30,12,0.1,1.0,0.1,0,11,0.001,1e-06,0.001,1e-07,1.0,1e-07,adamax,0,0.0,disordered,1,0.1316391697838687,0 days 09:57:56.608079,3.5871981844550627,4.004703086632519,0.0023206288175572,1.0
46,46,46,46,46,46,46,46,46,46,46,46,46,46,46,46,46,46,46,0.1805148879221106,0.1805148879221106,0.1805148879221106,0.1805148879221106,0.1805148879221106,0.1805148879221106,0.1805148879221106,0.1805148879221106,0.1805148879221106,0.1805148879221106,0.1805148879221106,0.1805148879221106,1.0022789244163643,0.121567459375047,0.0674784628068368,0.0323665895310561,0.032553247634299,0.032498508956594,0.0324907158404437,0.0343083511927536,0.0381478368825004,0.1731253881284567,0.5109798738299135,0.0324626277313817,-0.0018345581916038,-0.0024576780772899,747.0,0.0,0.177241935760343,0.8224582773234224,0.3003467529241774,0.6356549721085979,0.3561528577486986,0.2141630863306429,0.1756087637828115,0.0709503107444076,0.0744385563946585,0.0690902107325821,0.0899187666373716,0.8340292890000545,100000,30,12,0.1,1.0,0.1,0,11,0.001,1e-06,0.001,1e-07,1.0,1e-07,adamax,0,0.0,disordered,1,0.1829931019182773,0 days 09:57:56.608079,4.609188991794341,4.198051532518178,0.0018345581916038,1.0
47,47,47,47,47,47,47,47,47,47,47,47,47,47,47,47,47,47,47,0.5074705239490462,0.5074705239490462,0.5074705239490462,0.5074705239490462,0.5074705239490462,0.5074705239490462,0.5074705239490462,0.5074705239490462,0.5074705239490462,0.5074705239490462,0.5074705239490462,0.5074705239490462,0.3205555888479898,0.3588276067239633,0.2293418885239856,0.2523242643608557,0.198702629311421,0.220067800092691,0.1904913897879407,1.0020345908731711,0.2030190498632217,0.1971818161945309,0.7808933019430553,0.7480763262244804,-0.0011058708555524,-0.0012061495028238,424.0,0.0,0.5178083255163458,0.1285840147994693,0.5249946488828098,0.5426298015540887,0.4965920349441739,0.2064863646169302,0.4343978872245304,0.8708564535693805,0.3837354777850742,0.5039852429121634,0.9302423990750158,0.2328013979444163,100000,30,12,0.1,1.0,0.1,0,11,0.001,1e-06,0.001,1e-07,1.0,1e-07,adamax,0,0.0,disordered,1,0.5043200113976661,0 days 09:57:56.608079,3.745756966333488,3.923594059496802,0.0011058708555524,1.0
48,48,48,48,48,48,48,48,48,48,48,48,48,48,48,48,48,48,48,0.1988827856988807,0.1988827856988807,0.1988827856988807,0.1988827856988807,0.1988827856988807,0.1988827856988807,0.1988827856988807,0.1988827856988807,0.1988827856988807,0.1988827856988807,0.1988827856988807,0.1988827856988807,0.2786542744482057,0.2365591431738841,0.0914826102734,0.0407828110907559,0.0436325361817974,0.0771410874558884,0.9735321607550732,0.9941301887606996,0.0403182814640738,1.0005862278507194,0.0387924600410507,0.0392682822365935,-0.0021312583772368,-0.002830857374832,709.0,0.0,0.7255076868062386,0.4838413345039069,0.7873679132996416,0.3596735148257848,0.5423586148739377,0.3682859436514883,0.8661492404529617,0.9148178896585872,0.6318212838540919,0.9810202364628208,0.7320556819078485,0.8304239319682308,100000,30,12,0.1,1.0,0.1,0,11,0.001,1e-06,0.001,1e-07,1.0,1e-07,adamax,0,0.0,disordered,1,0.1963558062073088,0 days 09:57:56.608079,4.267336180039565,3.722504136499728,0.0021312583772368,1.0
49,49,49,49,49,49,49,49,49,49,49,49,49,49,49,49,49,49,49,0.1988827856988807,0.1988827856988807,0.1988827856988807,0.1988827856988807,0.1988827856988807,0.1988827856988807,0.1988827856988807,0.1988827856988807,0.1988827856988807,0.1988827856988807,0.1988827856988807,0.1988827856988807,0.0447558304535694,0.0502233120391138,1.0003935899255274,0.0401179026702283,0.4975533693155635,0.0421813947034458,1.0010659788847789,0.0383965396197065,0.898198077122466,0.0514098891029798,0.0384284317849457,0.0505769747338883,-0.0019377790878448,-0.0025109551498248,714.0,0.0,0.8947206498619251,0.2719057617661202,0.986677930317109,0.3904140233428148,0.4972125438158516,0.1803237316629968,0.8214787850033072,0.3368976266911904,0.6893444454848344,0.2183555948683124,0.3513630605551295,0.3842444862829067,100000,30,12,0.1,1.0,0.1,0,11,0.001,1e-06,0.001,1e-07,1.0,1e-07,adamax,0,0.0,disordered,1,0.198678688117839,0 days 09:57:56.608079,4.061720300032578,3.900917767805309,0.0019377790878448,1.0
50,50,50,50,50,50,50,50,50,50,50,50,50,50,50,50,50,50,50,0.1925613572129196,0.1925613572129196,0.1925613572129196,0.1925613572129196,0.1925613572129196,0.1925613572129196,0.1925613572129196,0.1925613572129196,0.1925613572129196,0.1925613572129196,0.1925613572129196,0.1925613572129196,1.0000189532991342,0.9745244988009611,0.037672692394253,0.727831511202601,0.0281830747748405,0.0362673763951086,0.3017129525747053,0.360881041493332,0.0151313981534969,0.0469695909547798,0.0458289853163203,0.0284021952571557,-0.0021330810484355,-0.0027069780367254,1293.0,0.0,0.2366239939357128,0.0350634420691885,0.7702089160972269,0.9503546630566791,0.226247857556275,0.1626513649707077,0.3476041753555777,0.0827660016297126,0.6497328757632396,0.3685525191996099,0.5624785542668137,0.9058499863649656,100000,30,12,0.1,1.0,0.1,0,11,0.001,1e-06,0.001,1e-07,1.0,1e-07,adamax,0,0.0,disordered,1,0.191629066368788,0 days 09:57:56.608079,4.378441501953391,4.056982659983013,0.0021330810484355,1.0
51,51,51,51,51,51,51,51,51,51,51,51,51,51,51,51,51,51,51,0.2747120789270809,0.2747120789270809,0.2747120789270809,0.2747120789270809,0.2747120789270809,0.2747120789270809,0.2747120789270809,0.2747120789270809,0.2747120789270809,0.2747120789270809,0.2747120789270809,0.2747120789270809,0.0439783715655061,0.9792400643941144,0.6991126500889129,0.0709244399048256,0.5180086525131752,0.0366918451710744,0.035487634255439,1.0001705279566386,0.9326274516432432,0.6961337070485561,0.0383956733086288,0.0343089176127998,-0.0015064385506406,-0.0017504687619144,920.0,0.0,0.8615793288939493,0.9216768590469784,0.9350577167713908,0.5898193600864983,0.5023002858629506,0.0376151656370696,0.1024413113800782,0.5239233948745965,0.8560083046111611,0.4326345607117319,0.0037293622863878,0.2123031061951699,100000,30,12,0.1,1.0,0.1,0,11,0.001,1e-06,0.001,1e-07,1.0,1e-07,adamax,0,0.0,disordered,1,0.270427890736552,0 days 09:57:56.608079,4.032687806175344,3.770173577195117,0.0015064385506406,1.0
52,52,52,52,52,52,52,52,52,52,52,52,52,52,52,52,52,52,52,0.1186173716452477,0.1186173716452477,0.1186173716452477,0.1186173716452477,0.1186173716452477,0.1186173716452477,0.1186173716452477,0.1186173716452477,0.1186173716452477,0.1186173716452477,0.1186173716452477,0.1186173716452477,0.0184167007369312,0.0140366627761208,0.0310090893807689,0.1966761792533999,0.0505739240028397,1.000368500171252,0.0199666959119864,0.013968182566718,0.0138876210347549,0.0137704476100579,0.0145814709411743,0.0137066338398555,-0.0030527069217878,-0.0054502599896453,933.0,0.0,0.7599704182197689,0.1584179885297779,0.1995763351554023,0.2855360642034483,0.6092833765614685,0.8364055547707432,0.2188948374279186,0.5994678737814576,0.5299406131466844,0.4448642064761482,0.5804205236557797,0.8141185235724825,100000,30,12,0.1,1.0,0.1,0,11,0.001,1e-06,0.001,1e-07,1.0,1e-07,adamax,0,0.0,disordered,1,0.119044388495867,0 days 09:57:56.608079,4.989813742924109,4.165184523056964,0.0030527069217878,1.0
53,53,53,53,53,53,53,53,53,53,53,53,53,53,53,53,53,53,53,0.1988827856988807,0.1988827856988807,0.1988827856988807,0.1988827856988807,0.1988827856988807,0.1988827856988807,0.1988827856988807,0.1988827856988807,0.1988827856988807,0.1988827856988807,0.1988827856988807,0.1988827856988807,0.8038589804030075,0.0541836660964615,0.1488225842136822,0.0400408318968283,1.0001284907079868,0.9976125279790248,0.0403393793730549,0.0396372409148061,0.985706401217212,0.0396057135037251,0.0437416014526548,0.0394427078020551,-0.0018844862638573,-0.0027756925444717,704.0,0.0,0.2174880566784605,0.4972341508794262,0.0979205611461283,0.5132375550687044,0.7910078573202679,0.998558890651704,0.4756930540857839,0.2966034006997566,0.5795035819171939,0.3717520548106484,0.1170023891195599,0.5244985720304953,100000,30,12,0.1,1.0,0.1,0,11,0.001,1e-06,0.001,1e-07,1.0,1e-07,adamax,0,0.0,disordered,1,0.1977157392469169,0 days 09:57:56.608079,3.94792434214902,3.794693072096311,0.0018844862638573,1.0
54,54,54,54,54,54,54,54,54,54,54,54,54,54,54,54,54,54,54,0.4047756965997316,0.4047756965997316,0.4047756965997316,0.4047756965997316,0.4047756965997316,0.4047756965997316,0.4047756965997316,0.4047756965997316,0.4047756965997316,0.4047756965997316,0.4047756965997316,0.4047756965997316,0.2921217096565438,0.1487120682169959,0.1746741666465843,0.1008174827082948,0.1226223471706034,0.1550961399674539,0.2312709567865891,0.1101062629233324,0.1439171885344413,0.1080902339966011,0.2227473632091847,1.0002499783737202,-0.0011901896827102,-0.0013436109982949,603.0,0.0,0.7991356910058783,0.8911272873731255,0.9781111877004136,0.367724622858563,0.2516651775815243,0.1108207735463092,0.4362319172994092,0.8070271602470545,0.2346447876245176,0.8495664980662655,0.7117370178186778,0.2009428205260435,100000,30,12,0.1,1.0,0.1,0,11,0.001,1e-06,0.001,1e-07,1.0,1e-07,adamax,0,0.0,disordered,1,0.404464167932999,0 days 09:57:56.608079,4.020907276044116,4.022949003226417,0.0011901896827102,1.0
55,55,55,55,55,55,55,55,55,55,55,55,55,55,55,55,55,55,55,0.2263129568399526,0.2263129568399526,0.2263129568399526,0.2263129568399526,0.2263129568399526,0.2263129568399526,0.2263129568399526,0.2263129568399526,0.2263129568399526,0.2263129568399526,0.2263129568399526,0.2263129568399526,0.1745125042880208,0.4931769905690431,0.1875972812324233,0.0156609701342186,1.0005003461163475,0.2308044856150494,0.0467584927983211,0.0415613779128906,0.837539781552946,0.0169196932762601,0.1556679296261094,0.1324385714089214,-0.0018796699790507,-0.0020851227911327,1940.0,0.0,0.6317515391392956,0.8196921827935082,0.9328703661209736,0.1622147636965876,0.8220151936558258,0.775849087831725,0.243721640641587,0.2945814106681431,0.9570840322522522,0.3620160579603561,0.2889761052504432,0.7200111192047169,100000,30,12,0.1,1.0,0.1,0,11,0.001,1e-06,0.001,1e-07,1.0,1e-07,adamax,0,0.0,disordered,1,0.223584317024753,0 days 09:57:56.608079,4.087663529997013,3.807422704137666,0.0018796699790507,1.0
56,56,56,56,56,56,56,56,56,56,56,56,56,56,56,56,56,56,56,0.3026648059395688,0.3026648059395688,0.3026648059395688,0.3026648059395688,0.3026648059395688,0.3026648059395688,0.3026648059395688,0.3026648059395688,0.3026648059395688,0.3026648059395688,0.3026648059395688,0.3026648059395688,0.9431272912651204,0.2445775914505401,0.1342076762195027,0.0967096572063164,0.1280425441950935,0.3510339546980643,0.0906404159580458,1.0020088090924066,0.9174991989458152,0.8301000699505544,0.0942536011258365,0.0900070706250201,-0.0016428156728882,-0.0019035207232719,528.0,0.0,0.1329060104599528,0.4831693166218948,0.3581331262376146,0.5439863429623552,0.6032501438505057,0.6401074539004775,0.4323990581888032,0.8869324087540136,0.8356760923639591,0.9333577853920362,0.4459056416232484,0.7300859144743024,100000,30,12,0.1,1.0,0.1,0,11,0.001,1e-06,0.001,1e-07,1.0,1e-07,adamax,0,0.0,disordered,1,0.3028342621751946,0 days 09:57:56.608079,3.9038187875752657,3.53736408105584,0.0016428156728882,1.0
57,57,57,57,57,57,57,57,57,57,57,57,57,57,57,57,57,57,57,0.1747772774464679,0.1747772774464679,0.1747772774464679,0.1747772774464679,0.1747772774464679,0.1747772774464679,0.1747772774464679,0.1747772774464679,0.1747772774464679,0.1747772774464679,0.1747772774464679,0.1747772774464679,0.8154156226227749,0.7141920867690608,0.2409534272899804,0.648233133930405,0.001084932626618,7.300996503117793e-05,0.0001923717051351,0.1012406721505813,1.0008397640351676,0.0010351995261971,0.0122415658828819,0.0257548090510806,-0.0019630878634318,-0.0023327949797339,3664.0,0.0,0.4306957867862729,0.2787827545306491,0.6518864471172541,0.9459871575106308,0.8043078809051966,0.2852017743720174,0.2281057563615371,0.771645461188267,0.70512847943679,0.8636017462548002,0.1463616109588943,0.8616792361529133,100000,30,12,0.1,1.0,0.1,0,11,0.001,1e-06,0.001,1e-07,1.0,1e-07,adamax,0,0.0,disordered,1,0.1749020611415382,0 days 09:57:56.608079,3.4544021714662705,3.673595353494212,0.0019630878634318,1.0
58,58,58,58,58,58,58,58,58,58,58,58,58,58,58,58,58,58,58,0.2263129568399526,0.2263129568399526,0.2263129568399526,0.2263129568399526,0.2263129568399526,0.2263129568399526,0.2263129568399526,0.2263129568399526,0.2263129568399526,0.2263129568399526,0.2263129568399526,0.2263129568399526,0.4470047051992565,0.2175304934179708,0.2131695758239632,1.0005726671354056,0.7910907319515565,0.0552080216212216,0.1306847105517136,0.0440154023811709,0.0528086912611101,0.1768431807272726,0.5960502381315524,0.0400685482313872,-0.0015846407228221,-0.002012241794236,781.0,0.0,0.4326254526587491,0.2733454783925543,0.3432446624926287,0.993503904012744,0.956032125019662,0.0837460354801209,0.3151884677170894,0.7195790246564682,0.0353251316082889,0.0359236544371629,0.0448902934218323,0.8684448332578513,100000,30,12,0.1,1.0,0.1,0,11,0.001,1e-06,0.001,1e-07,1.0,1e-07,adamax,0,0.0,disordered,1,0.2244208143385795,0 days 09:57:56.608079,4.285838084205787,4.255662914513472,0.0015846407228221,1.0
59,59,59,59,59,59,59,59,59,59,59,59,59,59,59,59,59,59,59,0.1487115462808952,0.1487115462808952,0.1487115462808952,0.1487115462808952,0.1487115462808952,0.1487115462808952,0.1487115462808952,0.1487115462808952,0.1487115462808952,0.1487115462808952,0.1487115462808952,0.1487115462808952,1.000788580928213,0.6656543083432679,0.0318078582268497,0.1570649921327989,0.0206285302393276,0.018554189080107,0.03239659666508,0.1136318524860125,0.250066104933464,0.5988531043494716,0.0207676005269423,0.1227155503533854,-0.0022199123181434,-0.0028025849077748,906.0,0.0,0.333732439660985,0.3187398327715118,0.7933438210501507,0.3185662914766022,0.7384308555952237,0.3693407284032201,0.2975193133791652,0.3872265142953374,0.1680372426068077,0.0750111463073801,0.8712014465037485,0.8683831797645515,100000,30,12,0.1,1.0,0.1,0,11,0.001,1e-06,0.001,1e-07,1.0,1e-07,adamax,0,0.0,disordered,1,0.1467036166334178,0 days 09:57:56.608079,4.385661883959837,4.019254219985777,0.0022199123181434,1.0
60,60,60,60,60,60,60,60,60,60,60,60,60,60,60,60,60,60,60,0.1042404007021555,0.1042404007021555,0.1042404007021555,0.1042404007021555,0.1042404007021555,0.1042404007021555,0.1042404007021555,0.1042404007021555,0.1042404007021555,0.1042404007021555,0.1042404007021555,0.1042404007021555,1.0001223506056314,0.1723724798463262,0.184722712266866,0.0150525375528295,0.0209958142274832,0.0061168997431713,0.0048175510226005,0.0048379526623563,0.0049972952302501,0.0052381320812211,0.0048369043530559,0.015596677797935,-0.0025167443157517,-0.0036269822132227,1335.0,0.0,0.4608213428635008,0.6883762257244914,0.862649616262373,0.3907233758976288,0.7118103284257594,0.7547914201079906,0.0780746100305868,0.1381620728272963,0.7503299824856386,0.7056489373809989,0.1852674819801918,0.8267319229556759,100000,30,12,0.1,1.0,0.1,0,11,0.001,1e-06,0.001,1e-07,1.0,1e-07,adamax,0,0.0,disordered,1,0.1034555671730544,0 days 09:57:56.608079,3.3834198360720094,3.433010645822516,0.0025167443157517,1.0
61,61,61,61,61,61,61,61,61,61,61,61,61,61,61,61,61,61,61,0.0200726730356256,0.0200726730356256,0.0200726730356256,0.0200726730356256,0.0200726730356256,0.0200726730356256,0.0200726730356256,0.0200726730356256,0.0200726730356256,0.0200726730356256,0.0200726730356256,0.0200726730356256,8.634839337635139e-07,9.22374750300418e-07,0.0068172907799868,6.005157281329912e-07,0.1719873974599114,0.473596785069276,0.092077229723258,3.4638833912922056e-05,5.489476886065371e-07,2.356398549230029e-07,2.084240311107575e-06,9.04026514432405e-07,-0.0049524313430869,-0.0064823193361361,7909.0,1.0,0.8009011709823957,0.332743528625158,0.3402819990903042,0.1105719933342548,0.4454831559739022,0.1097612600786275,0.5434071419217806,0.6245833168710772,0.5819411427086918,0.0716485438516428,0.6216704469983908,0.7522149311552978,100000,30,12,0.1,1.0,0.1,0,11,0.001,1e-06,0.001,1e-07,1.0,1e-07,adamax,0,0.0,disordered,1,0.0203317997481953,0 days 09:57:56.608079,5.460953362786207,4.984946077326241,0.0049524313430869,1.0
62,62,62,62,62,62,62,62,62,62,62,62,62,62,62,62,62,62,62,0.6571057546036263,0.6571057546036263,0.6571057546036263,0.6571057546036263,0.6571057546036263,0.6571057546036263,0.6571057546036263,0.6571057546036263,0.6571057546036263,0.6571057546036263,0.6571057546036263,0.6571057546036263,0.8335911197426515,0.4697961709332,0.4186981818141902,0.4484743370401406,0.4190179315675852,0.4520416766231852,0.4050234718402023,0.4059442485238532,0.4292831364424913,0.4070183255827379,0.6801627386645629,1.00179787135593,-0.0008632877679461,-0.0009170428263701,209.0,0.0,0.1418532078034277,0.5950767958664359,0.8190554752387017,0.1936194413797031,0.9134149207965668,0.971914081414014,0.7116445561732289,0.8720357680246629,0.2717827135360652,0.6649683870363727,0.9261442544579104,0.0447290207458562,100000,30,12,0.1,1.0,0.1,0,11,0.001,1e-06,0.001,1e-07,1.0,1e-07,adamax,0,0.0,disordered,1,0.6615479903723531,0 days 09:57:56.608079,3.718272035027392,3.860283803508034,0.0008632877679461,1.0
63,63,63,63,63,63,63,63,63,63,63,63,63,63,63,63,63,63,63,0.1076624177045491,0.1076624177045491,0.1076624177045491,0.1076624177045491,0.1076624177045491,0.1076624177045491,0.1076624177045491,0.1076624177045491,0.1076624177045491,0.1076624177045491,0.1076624177045491,0.1076624177045491,0.3499567180510758,1.000009979568059,0.1110271840966633,0.0678156756022834,0.1635504469192014,0.0028355559443837,0.0004950446023783,0.000636425462559,0.0003218975184268,0.0032745614016724,0.0007832659249555,0.2388131974464201,-0.0026024542065949,-0.003148678045209,2962.0,0.0,0.8208245363224256,0.2369231670586005,0.8011131119296838,0.6424195402459892,0.8015446039715485,0.4009949802868912,0.4502160475125643,0.9242973251731486,0.0712337006125366,0.1562007268025876,0.9728324105112393,0.9132513066775164,100000,30,12,0.1,1.0,0.1,0,11,0.001,1e-06,0.001,1e-07,1.0,1e-07,adamax,0,0.0,disordered,1,0.1062839515428563,0 days 09:57:56.608079,3.68737787136408,3.761265742890184,0.0026024542065949,1.0
64,64,64,64,64,64,64,64,64,64,64,64,64,64,64,64,64,64,64,0.1925613572129196,0.1925613572129196,0.1925613572129196,0.1925613572129196,0.1925613572129196,0.1925613572129196,0.1925613572129196,0.1925613572129196,0.1925613572129196,0.1925613572129196,0.1925613572129196,0.1925613572129196,1.0012512082685687,0.2670472340311761,0.4805161277294809,0.0458843344270369,0.038576600051259,0.0619116999178472,0.2059482565132417,0.0551800825728575,0.3123943065502823,0.0388953903813334,0.0513096078350599,0.0470819825717638,-0.0018755224170014,-0.0023530497012624,718.0,0.0,0.1468680542722815,0.9734592170118912,0.2654554315187777,0.892106866269302,0.9047752275802584,0.02374579364467,0.0097116349681444,0.3269948613028287,0.9311784773555224,0.7913436883497563,0.386850978460129,0.8580108138212066,100000,30,12,0.1,1.0,0.1,0,11,0.001,1e-06,0.001,1e-07,1.0,1e-07,adamax,0,0.0,disordered,1,0.1924948954439363,0 days 09:57:56.608079,3.89866095389932,3.758013858833716,0.0018755224170014,1.0
65,65,65,65,65,65,65,65,65,65,65,65,65,65,65,65,65,65,65,0.1925613572129196,0.1925613572129196,0.1925613572129196,0.1925613572129196,0.1925613572129196,0.1925613572129196,0.1925613572129196,0.1925613572129196,0.1925613572129196,0.1925613572129196,0.1925613572129196,0.1925613572129196,0.339709191461451,0.1580308234178853,0.3043109656843281,0.9971146465923582,1.0003942212393808,0.0364428058092584,0.0456809894669401,0.9993552943148828,0.0383800842380743,0.0507053999164986,0.0461832974920823,0.0707073101436373,-0.0018868275615196,-0.0026062180984475,720.0,0.0,0.3075618302920075,0.3474174026041087,0.1904783218387498,0.9595511044269076,0.8036306332035066,0.4624248054107556,0.2642765705883787,0.9659796005287032,0.3968199655598801,0.2107055644668479,0.4246563813836979,0.7191217102511182,100000,30,12,0.1,1.0,0.1,0,11,0.001,1e-06,0.001,1e-07,1.0,1e-07,adamax,0,0.0,disordered,1,0.193103334492273,0 days 09:57:56.608079,4.150769430065704,4.126163746622437,0.0018868275615196,1.0
66,66,66,66,66,66,66,66,66,66,66,66,66,66,66,66,66,66,66,0.1864408533970484,0.1864408533970484,0.1864408533970484,0.1864408533970484,0.1864408533970484,0.1864408533970484,0.1864408533970484,0.1864408533970484,0.1864408533970484,0.1864408533970484,0.1864408533970484,0.1864408533970484,0.0874867325872024,0.1905262862602267,0.4912444088874697,0.0353222309140334,0.0345597268972408,0.8785569944767417,1.0016204953243144,0.0343804278625868,0.0556450013102921,0.1074107647748344,0.0423472844162882,0.0345839527796099,-0.0020995603375302,-0.0028086331165452,735.0,0.0,0.770684798983071,0.1089855521364941,0.945930767553762,0.6745707526164916,0.0624957620655682,0.8374364376590171,0.9719037368942256,0.8377476422704673,0.0097848792944588,0.4730889081790549,0.5891737739594198,0.8879986937026283,100000,30,12,0.1,1.0,0.1,0,11,0.001,1e-06,0.001,1e-07,1.0,1e-07,adamax,0,0.0,disordered,1,0.1876057103138793,0 days 09:57:56.608079,4.392744979957375,4.027625866517582,0.0020995603375302,1.0
67,67,67,67,67,67,67,67,67,67,67,67,67,67,67,67,67,67,67,0.3794532847236935,0.3794532847236935,0.3794532847236935,0.3794532847236935,0.3794532847236935,0.3794532847236935,0.3794532847236935,0.3794532847236935,0.3794532847236935,0.3794532847236935,0.3794532847236935,0.3794532847236935,0.1477180977741209,0.1584407201245527,0.9926392477122752,0.933900687698313,0.1455977647828855,0.1429862972611322,0.988176130671517,0.9862456249558736,1.0013450189043716,0.1446342861720511,0.1578910494539394,0.2487293490471854,-0.0012613189182115,-0.0014780377671463,424.0,0.0,0.5027604854148191,0.0773238153824005,0.933525505036036,0.951735797816364,0.4861622150139764,0.0534427364833297,0.8388906791646739,0.7416726764410203,0.9712340798009208,0.0073136945373993,0.4354944495200968,0.2838023986323703,100000,30,12,0.1,1.0,0.1,0,11,0.001,1e-06,0.001,1e-07,1.0,1e-07,adamax,0,0.0,disordered,1,0.3823397589672093,0 days 09:57:56.608079,4.475725822712301,4.035315912137056,0.0012613189182115,1.0
68,68,68,68,68,68,68,68,68,68,68,68,68,68,68,68,68,68,68,0.1988827856988807,0.1988827856988807,0.1988827856988807,0.1988827856988807,0.1988827856988807,0.1988827856988807,0.1988827856988807,0.1988827856988807,0.1988827856988807,0.1988827856988807,0.1988827856988807,0.1988827856988807,0.991253911051598,0.0851052470511789,0.1767926720194735,0.1181358307943481,0.3574355900599755,1.0013679783237033,0.0489858536378293,0.0812611619718594,0.0419798293058282,0.0543682865443839,0.0625016487309515,0.1354110293424428,-0.0020110154022237,-0.0026308649786004,709.0,0.0,0.1077050956833312,0.7351346026730965,0.3412149163770641,0.0389691391211579,0.1336268057264049,0.8060002972277002,0.60587101798938,0.2150506251736147,0.6960422280017734,0.1304047937127705,0.6731877575019788,0.6550402554226945,100000,30,12,0.1,1.0,0.1,0,11,0.001,1e-06,0.001,1e-07,1.0,1e-07,adamax,0,0.0,disordered,1,0.1980206292083915,0 days 09:57:56.608079,4.042226789785818,3.7656834028727983,0.0020110154022237,1.0
69,69,69,69,69,69,69,69,69,69,69,69,69,69,69,69,69,69,69,0.3228628202536728,0.3228628202536728,0.3228628202536728,0.3228628202536728,0.3228628202536728,0.3228628202536728,0.3228628202536728,0.3228628202536728,0.3228628202536728,0.3228628202536728,0.3228628202536728,0.3228628202536728,0.7213550528166001,0.3358006821174267,0.6997262483147165,0.7341133256108876,0.5964704726459529,1.0002277270592048,0.6853136064720815,0.8858821429591802,0.2870093612110069,0.1386941840736408,0.1088056237941393,0.1025368175882254,-0.0013836352314462,-0.0015816505309324,544.0,0.0,0.0055257315325957,0.5115154737487803,0.7263154319326705,0.7585337396231457,0.7057083392270682,0.8850456138709182,0.7562078404723139,0.9219899000274794,0.414807003582114,0.0341609866651546,0.1810034150072165,0.2877822813860587,100000,30,12,0.1,1.0,0.1,0,11,0.001,1e-06,0.001,1e-07,1.0,1e-07,adamax,0,0.0,disordered,1,0.3247639309146514,0 days 09:57:56.608079,3.907416634766834,3.622245506261165,0.0013836352314462,1.0
70,70,70,70,70,70,70,70,70,70,70,70,70,70,70,70,70,70,70,0.5774615152359814,0.5774615152359814,0.5774615152359814,0.5774615152359814,0.5774615152359814,0.5774615152359814,0.5774615152359814,0.5774615152359814,0.5774615152359814,0.5774615152359814,0.5774615152359814,0.5774615152359814,0.7110467368384901,0.4503823994165437,0.4751990534306085,0.3784294605606738,0.3873540039961405,0.3425991531179895,0.3631034624488679,0.3094416811283054,0.3261330211887031,0.2978304744578608,0.4468894100488151,1.0007558146847515,-0.0009752428315663,-0.0010292364195542,288.0,0.0,0.0417916138033247,0.1081595418560484,0.5187791211329045,0.2524893831318888,0.2855351348958012,0.7414695266286413,0.854679634313597,0.8620398082340321,0.3706215974025555,0.709630073307115,0.8523046329128582,0.1509575400611467,100000,30,12,0.1,1.0,0.1,0,11,0.001,1e-06,0.001,1e-07,1.0,1e-07,adamax,0,0.0,disordered,1,0.576032193338773,0 days 09:57:56.608079,3.6100234105837647,3.798468703610274,0.0009752428315663,1.0
71,71,71,71,71,71,71,71,71,71,71,71,71,71,71,71,71,71,71,0.2414157116103016,0.2414157116103016,0.2414157116103016,0.2414157116103016,0.2414157116103016,0.2414157116103016,0.2414157116103016,0.2414157116103016,0.2414157116103016,0.2414157116103016,0.2414157116103016,0.2414157116103016,0.7575053050777449,0.4741799249074307,0.0268406519480089,0.0517488013276794,0.0638467376644214,0.0277498428326783,1.0002482290143235,0.0655892060589845,0.0321704879935499,0.0329849487879581,0.0215889557589192,0.5658959639924085,-0.0017969043009341,-0.0020769282525806,1093.0,0.0,0.2005536674721244,0.6479602930950665,0.2655503599204205,0.1926771538050761,0.367520227322573,0.0159832471722322,0.4383192764607815,0.0472699422103378,0.2447102483994975,0.2175422008613383,0.3294452338784563,0.1253899564827365,100000,30,12,0.1,1.0,0.1,0,11,0.001,1e-06,0.001,1e-07,1.0,1e-07,adamax,0,0.0,disordered,1,0.2418670581674986,0 days 09:57:56.608079,3.685470096170207,3.602480983516233,0.0017969043009341,1.0
72,72,72,72,72,72,72,72,72,72,72,72,72,72,72,72,72,72,72,0.1439847952876006,0.1439847952876006,0.1439847952876006,0.1439847952876006,0.1439847952876006,0.1439847952876006,0.1439847952876006,0.1439847952876006,0.1439847952876006,0.1439847952876006,0.1439847952876006,0.1439847952876006,0.8898334676283985,0.2877824329893051,0.6095513686999419,0.3581772602904665,9.998984164952616e-08,4.171517928145348e-07,0.0570766019531418,1.6218296254920262e-07,9.856019597922815e-07,0.1108221411300926,0.1214704288704129,1.3100325404882586e-07,-0.0023493688894991,-0.003059854960824,16601.0,0.0,0.4711964164244566,0.6878566433246712,0.338928923504192,0.9271932187857496,0.8597668788883609,0.3060151354329368,0.038900403522143,0.7681917007692237,0.2400123129050898,0.3321610405787516,0.5793352263468351,0.998879676887163,100000,30,12,0.1,1.0,0.1,0,11,0.001,1e-06,0.001,1e-07,1.0,1e-07,adamax,0,0.0,disordered,1,0.1431997853431575,0 days 09:57:56.608079,4.342287460152865,4.074294769670347,0.0023493688894991,1.0
73,73,73,73,73,73,73,73,73,73,73,73,73,73,73,73,73,73,73,0.2121550171362449,0.2121550171362449,0.2121550171362449,0.2121550171362449,0.2121550171362449,0.2121550171362449,0.2121550171362449,0.2121550171362449,0.2121550171362449,0.2121550171362449,0.2121550171362449,0.2121550171362449,0.9045791240205427,0.3787709383784656,0.2396877450462568,0.2182517640865917,0.040974561853379,0.0361254484446754,0.0361923977229858,0.036403744488493,0.03633840000727,0.0601989193431555,1.000279705443368,0.0363136439229111,-0.0019370763296534,-0.0024466544880803,769.0,0.0,0.2996775666119918,0.4685230029239946,0.6274508828630837,0.6833723791568794,0.2121661834498004,0.595321747502258,0.5441064429064965,0.6585798628076089,0.114996975033249,0.126294515936877,0.9755274904159574,0.8213015645453736,100000,30,12,0.1,1.0,0.1,0,11,0.001,1e-06,0.001,1e-07,1.0,1e-07,adamax,0,0.0,disordered,1,0.2148359415317383,0 days 09:57:56.608079,4.076399575745609,3.783878821133481,0.0019370763296534,1.0
74,74,74,74,74,74,74,74,74,74,74,74,74,74,74,74,74,74,74,0.333461801578636,0.333461801578636,0.333461801578636,0.333461801578636,0.333461801578636,0.333461801578636,0.333461801578636,0.333461801578636,0.333461801578636,0.333461801578636,0.333461801578636,0.333461801578636,0.546226999519766,0.1720241661144254,8.621082272051314e-05,3.219156317775856e-05,0.0419695385399343,0.0011989674825972,0.1595906984597661,0.4451819226409461,0.0003913980139229,0.6068407388242788,0.1353919495220845,0.6643246063538062,-0.0013077264918937,-0.0014483071181685,5999.0,1.0,0.8275573150954998,0.9341044081009072,0.9606477600179142,0.3934875320999323,0.7540671762368577,0.6416200925555191,0.5598502694613712,0.6793483833215337,0.3194334511245228,0.8621787179353753,0.4070223282075782,0.1481786877104517,100000,30,12,0.1,1.0,0.1,0,11,0.001,1e-06,0.001,1e-07,1.0,1e-07,adamax,0,0.0,disordered,1,0.3367843132253347,0 days 09:57:56.608079,3.5138848114774843,3.648116804647672,0.0013077264918937,1.0
75,75,75,75,75,75,75,75,75,75,75,75,75,75,75,75,75,75,75,0.4047756965997316,0.4047756965997316,0.4047756965997316,0.4047756965997316,0.4047756965997316,0.4047756965997316,0.4047756965997316,0.4047756965997316,0.4047756965997316,0.4047756965997316,0.4047756965997316,0.4047756965997316,0.6598387472107072,0.728447807184736,0.1641247834433472,0.3146837733477891,0.1623566349374597,0.2310990728376892,0.9930517490928424,0.6174736603295649,1.001481916126385,0.940447901751622,0.1624572731703898,0.1629190776831848,-0.0011718162279926,-0.0013279103612601,399.0,0.0,0.01098085101386,0.6391893320658769,0.2316316889649254,0.9560655599081944,0.195004457412108,0.3161794080516598,0.9841316837334272,0.5198546202904285,0.9220245989560004,0.781437673828669,0.1189656934694649,0.2159834369804282,100000,30,12,0.1,1.0,0.1,0,11,0.001,1e-06,0.001,1e-07,1.0,1e-07,adamax,0,0.0,disordered,1,0.402060467189565,0 days 09:57:56.608079,4.07850675905503,3.847719130381261,0.0011718162279926,1.0
76,76,76,76,76,76,76,76,76,76,76,76,76,76,76,76,76,76,76,0.1988827856988807,0.1988827856988807,0.1988827856988807,0.1988827856988807,0.1988827856988807,0.1988827856988807,0.1988827856988807,0.1988827856988807,0.1988827856988807,0.1988827856988807,0.1988827856988807,0.1988827856988807,1.0012272937341054,0.0533950370650544,0.0971542017489354,0.0485584232530823,0.0383649866633812,0.041959765872239,0.0478825687409425,0.0422828783673182,0.0446809551892801,0.2184651354541916,0.0877177789986974,0.3433908049546261,-0.0018736664099479,-0.0021365644047496,724.0,0.0,0.3871775574072005,0.8809562507227594,0.3339882823452316,0.463082038554324,0.4807654820193242,0.3247552471025198,0.7864852844832143,0.0548267275661812,0.2259101612470958,0.8250852070925885,0.6163417034041984,0.51182482978383,100000,30,12,0.1,1.0,0.1,0,11,0.001,1e-06,0.001,1e-07,1.0,1e-07,adamax,0,0.0,disordered,1,0.1997231911568918,0 days 09:57:56.608079,3.943555299638554,3.746224112510981,0.0018736664099479,1.0
77,77,77,77,77,77,77,77,77,77,77,77,77,77,77,77,77,77,77,0.4180637241455752,0.4180637241455752,0.4180637241455752,0.4180637241455752,0.4180637241455752,0.4180637241455752,0.4180637241455752,0.4180637241455752,0.4180637241455752,0.4180637241455752,0.4180637241455752,0.4180637241455752,1.0000073291332925,0.9058694478447686,0.6791549946485759,0.1007894778671468,0.113320501955981,0.2682372873020969,0.0579501215667392,0.1064615453759732,0.0581602903101093,0.2625112904214568,0.195733369844185,0.9237503921169092,-0.001130610894059,-0.0011865612355267,864.0,0.0,0.3695079637628718,0.1301395767928599,0.4567843092033645,0.9870944758123702,0.5950884747622851,0.5765793507415918,0.9901185849563507,0.8854033802553948,0.9991993182784584,0.9536333395616264,0.6674968517385982,0.3053121936604561,100000,30,12,0.1,1.0,0.1,0,11,0.001,1e-06,0.001,1e-07,1.0,1e-07,adamax,0,0.0,disordered,1,0.4145616320164162,0 days 09:57:56.608079,3.356692391571117,3.6821904061983015,0.001130610894059,1.0
78,78,78,78,78,78,78,78,78,78,78,78,78,78,78,78,78,78,78,0.2191196687578146,0.2191196687578146,0.2191196687578146,0.2191196687578146,0.2191196687578146,0.2191196687578146,0.2191196687578146,0.2191196687578146,0.2191196687578146,0.2191196687578146,0.2191196687578146,0.2191196687578146,0.6195968031021291,0.6165471276349906,0.1023437102387418,0.4193485482148397,0.1569376803869158,7.740051558836733e-05,0.0292681933283805,8.773911772920816e-05,8.124800196953325e-05,0.0180583131763741,0.0166169238187279,0.5699759150578655,-0.0018066956151643,-0.0020493777917357,5971.0,1.0,0.6281431780271564,0.3482098358137734,0.810769530791913,0.1373004610757547,0.4625463334785304,0.8407760221468864,0.4545120864552048,0.6010178494198809,0.098282937984683,0.2851049834564449,0.954485228687717,0.6569395453324917,100000,30,12,0.1,1.0,0.1,0,11,0.001,1e-06,0.001,1e-07,1.0,1e-07,adamax,0,0.0,disordered,1,0.2162567947072287,0 days 09:57:56.608079,3.9247824685270096,3.997446771262097,0.0018066956151643,1.0
79,79,79,79,79,79,79,79,79,79,79,79,79,79,79,79,79,79,79,0.2575263326771198,0.2575263326771198,0.2575263326771198,0.2575263326771198,0.2575263326771198,0.2575263326771198,0.2575263326771198,0.2575263326771198,0.2575263326771198,0.2575263326771198,0.2575263326771198,0.2575263326771198,0.1503932280630626,0.4638531077732348,0.5273249486416987,0.6282665093401097,0.8535043992141939,0.0603588175706603,0.0605757434387176,1.000671999901276,0.7946010032405534,0.7526240109592448,0.0596653391719193,0.0611089369676482,-0.001664434196694,-0.0019212979277638,633.0,0.0,0.3649391687249511,0.5168811759658247,0.7748685781334842,0.7874703499468639,0.8279679389790622,0.2896426787975475,0.2383059387980907,0.6385084824992602,0.5272006473755549,0.5648867514980614,0.2146149182040537,0.3186241281654006,100000,30,12,0.1,1.0,0.1,0,11,0.001,1e-06,0.001,1e-07,1.0,1e-07,adamax,0,0.0,disordered,1,0.255818733853052,0 days 09:57:56.608079,4.201393397882961,3.6147255779345935,0.001664434196694,1.0
80,80,80,80,80,80,80,80,80,80,80,80,80,80,80,80,80,80,80,0.1349772330233941,0.1349772330233941,0.1349772330233941,0.1349772330233941,0.1349772330233941,0.1349772330233941,0.1349772330233941,0.1349772330233941,0.1349772330233941,0.1349772330233941,0.1349772330233941,0.1349772330233941,0.4950660351980082,0.7980957072851604,0.3043284880916297,0.7108288646077888,3.070854303551787e-05,0.5584009377314532,2.17867411054243e-06,3.276034685421899e-06,9.994387804072853e-08,2.285738397981496e-07,2.990992376147252e-06,0.2640361531665179,-0.0022884397169348,-0.0028994214537122,8061.0,0.0,0.7520531805662839,0.3583232572055379,0.7574855506164321,0.0466446628262281,0.9508661797045698,0.208073038688888,0.4782076330508558,0.9208852532322118,0.2534796826385556,0.22738427258263,0.9856407059323568,0.9044301672206756,100000,30,12,0.1,1.0,0.1,0,11,0.001,1e-06,0.001,1e-07,1.0,1e-07,adamax,0,0.0,disordered,1,0.1352022482312936,0 days 09:57:56.608079,3.525946336757328,3.9061351387279775,0.0022884397169348,1.0
81,81,81,81,81,81,81,81,81,81,81,81,81,81,81,81,81,81,81,0.3557150206821381,0.3557150206821381,0.3557150206821381,0.3557150206821381,0.3557150206821381,0.3557150206821381,0.3557150206821381,0.3557150206821381,0.3557150206821381,0.3557150206821381,0.3557150206821381,0.3557150206821381,0.2601588059022992,0.3749896936103515,0.1256899714735174,0.1317882436002995,0.1503034281485078,1.0009097764104242,0.1533264689141022,0.1280731097053858,0.1405299572136426,0.1349143847059284,0.917372283871074,0.3109008549950668,-0.0013013734882951,-0.0014811688743797,454.0,0.0,0.5322461972191177,0.0610219450589694,0.6046687082088471,0.2515781875767063,0.2140104759049822,0.9321430366726656,0.6194232422172982,0.4440395249769181,0.0626588585856636,0.3716213986030104,0.863983149761172,0.302676282624697,100000,30,12,0.1,1.0,0.1,0,11,0.001,1e-06,0.001,1e-07,1.0,1e-07,adamax,0,0.0,disordered,1,0.3612212231026009,0 days 09:57:56.608079,3.835616032893279,3.9960388365305897,0.0013013734882951,1.0
82,82,82,82,82,82,82,82,82,82,82,82,82,82,82,82,82,82,82,0.1805148879221106,0.1805148879221106,0.1805148879221106,0.1805148879221106,0.1805148879221106,0.1805148879221106,0.1805148879221106,0.1805148879221106,0.1805148879221106,0.1805148879221106,0.1805148879221106,0.1805148879221106,0.7454646784905272,0.155804597808593,0.0381193465905418,0.1352638465039751,1.0004260234995672,0.0477872644764901,0.0336215707697464,0.97544016919787,0.0319254130993168,0.0365671735316935,0.0487849474655614,0.033794481254149,-0.0021694430445983,-0.0029004614650007,748.0,0.0,0.3227942730688419,0.6068560668114126,0.2521406786205266,0.5569347628095851,0.7686825338221793,0.2866737766544271,0.4727508707947953,0.5762673366342947,0.363331391445274,0.2236183745546042,0.1144018670174983,0.5654837920917276,100000,30,12,0.1,1.0,0.1,0,11,0.001,1e-06,0.001,1e-07,1.0,1e-07,adamax,0,0.0,disordered,1,0.1801723565468432,0 days 09:57:56.608079,3.9254825744582535,3.621400030124776,0.0021694430445984,1.0
83,83,83,83,83,83,83,83,83,83,83,83,83,83,83,83,83,83,83,0.3919100249433399,0.3919100249433399,0.3919100249433399,0.3919100249433399,0.3919100249433399,0.3919100249433399,0.3919100249433399,0.3919100249433399,0.3919100249433399,0.3919100249433399,0.3919100249433399,0.3919100249433399,0.1508642310554781,0.1632906286488728,0.1520086800270135,0.9239482341872834,0.1545677207989936,1.0005661004819375,0.1507184128225352,0.1505976958346271,0.1544156445176038,0.1553867188772598,0.2457777097992566,0.8228822781113676,-0.0012747876326813,-0.0014443705241327,413.0,0.0,0.937429217870874,0.0187662025074489,0.8656634618701456,0.9624731102430444,0.5423265014841474,0.967883458447882,0.7047824365175038,0.5452252080293496,0.4636750178949943,0.4663990069336898,0.6819967270741285,0.2345053687759503,100000,30,12,0.1,1.0,0.1,0,11,0.001,1e-06,0.001,1e-07,1.0,1e-07,adamax,0,0.0,disordered,1,0.3936304189610902,0 days 09:57:56.608079,3.902016706519062,3.786590368880023,0.0012747876326813,1.0
84,84,84,84,84,84,84,84,84,84,84,84,84,84,84,84,84,84,84,0.2837303616516209,0.2837303616516209,0.2837303616516209,0.2837303616516209,0.2837303616516209,0.2837303616516209,0.2837303616516209,0.2837303616516209,0.2837303616516209,0.2837303616516209,0.2837303616516209,0.2837303616516209,0.0768068976270153,0.0973272328141842,0.0857546221662987,0.4975683855420124,0.0839144732609401,0.0877993252002034,0.0915971003977071,0.1110459457851776,0.2086114107768257,0.0727015996437306,1.00081260667871,0.2337677281730179,-0.0015979433740311,-0.0018191949318218,602.0,0.0,0.7154011245036019,0.490989737027474,0.6746622185381884,0.9408617504122404,0.2334536817920307,0.4032255184610195,0.2751601289752232,0.0526764147171315,0.6220897071828432,0.628520015007522,0.9994108501412068,0.6010269037381571,100000,30,12,0.1,1.0,0.1,0,11,0.001,1e-06,0.001,1e-07,1.0,1e-07,adamax,0,0.0,disordered,1,0.2848543175880759,0 days 09:57:56.608079,4.145894830325212,4.121617325908102,0.0015979433740311,1.0
85,85,85,85,85,85,85,85,85,85,85,85,85,85,85,85,85,85,85,0.4757236139187883,0.4757236139187883,0.4757236139187883,0.4757236139187883,0.4757236139187883,0.4757236139187883,0.4757236139187883,0.4757236139187883,0.4757236139187883,0.4757236139187883,0.4757236139187883,0.4757236139187883,1.000631028279225,0.108267297707371,0.1993301458829401,0.1609590584943078,0.1152112590446826,0.135657656770466,0.1067385168857058,0.1073860106074814,0.1206404178283773,0.1381191548697883,0.6045278004216196,0.8532555616708184,-0.0010285542047783,-0.0011726781896605,648.0,0.0,0.3961064626087849,0.9011587193387256,0.0153843211944366,0.3027069692435673,0.7519290472142671,0.1614870135216741,0.3612359751794584,0.8490636365580233,0.3446746493451292,0.242960708934384,0.8905882682808496,0.0774172052746193,100000,30,12,0.1,1.0,0.1,0,11,0.001,1e-06,0.001,1e-07,1.0,1e-07,adamax,0,0.0,disordered,1,0.4826073586630318,0 days 09:57:56.608079,3.79375778522989,3.978904641291624,0.0010285542047783,1.0
86,86,86,86,86,86,86,86,86,86,86,86,86,86,86,86,86,86,86,0.3557150206821381,0.3557150206821381,0.3557150206821381,0.3557150206821381,0.3557150206821381,0.3557150206821381,0.3557150206821381,0.3557150206821381,0.3557150206821381,0.3557150206821381,0.3557150206821381,0.3557150206821381,0.1222785204454494,0.1219395294110297,0.1459329140616904,0.1614878143021569,0.1488074904198293,1.0022222810494024,0.135986739299326,0.1367253509631903,0.3501383206714167,0.1261594570816376,0.8976314653710495,0.3027275592565476,-0.001299409717601,-0.0015156596395489,467.0,0.0,0.856691807280719,0.3153846173974736,0.2077847171545707,0.4878787630597822,0.4834181147525649,0.9646969872568616,0.7525046995401022,0.4601224335495554,0.559448179377736,0.3183682671306512,0.9827215923343974,0.3859388031179065,100000,30,12,0.1,1.0,0.1,0,11,0.001,1e-06,0.001,1e-07,1.0,1e-07,adamax,0,0.0,disordered,1,0.3542997876894469,0 days 09:57:56.608079,4.1049007838102805,4.013629515537823,0.001299409717601,1.0
87,87,87,87,87,87,87,87,87,87,87,87,87,87,87,87,87,87,87,0.1805148879221106,0.1805148879221106,0.1805148879221106,0.1805148879221106,0.1805148879221106,0.1805148879221106,0.1805148879221106,0.1805148879221106,0.1805148879221106,0.1805148879221106,0.1805148879221106,0.1805148879221106,0.2759064405350597,0.2728152289510543,0.0325149663234376,0.0318662134996871,0.0394325625996293,0.1542845441484083,0.0657388791294492,1.0019999876734091,0.0319905757628938,0.0321517131557828,0.0335162206438737,0.3037349799560016,-0.0021459731639362,-0.0026884879034074,750.0,0.0,0.8856894269797009,0.6560771856866561,0.9161440724365804,0.3545676606804618,0.4166964266045845,0.3693269630957549,0.8270428182013859,0.9531227652913028,0.8245693322036489,0.4514212725251594,0.8290967274280593,0.7301863689728796,100000,30,12,0.1,1.0,0.1,0,11,0.001,1e-06,0.001,1e-07,1.0,1e-07,adamax,0,0.0,disordered,1,0.1784534218720282,0 days 09:57:56.608079,3.7589034108111576,3.810714276599128,0.0021459731639362,1.0
88,88,88,88,88,88,88,88,88,88,88,88,88,88,88,88,88,88,88,0.2747120789270809,0.2747120789270809,0.2747120789270809,0.2747120789270809,0.2747120789270809,0.2747120789270809,0.2747120789270809,0.2747120789270809,0.2747120789270809,0.2747120789270809,0.2747120789270809,0.2747120789270809,0.2498066296638994,0.0763563248730761,0.0780328210252608,0.9799281022325136,0.0758395774946753,0.9828518508622917,1.0021532505588635,0.90125365070715,0.6620620352910023,0.1547204584897764,0.1033278520027957,0.2867020778111653,-0.0014303156567841,-0.0015840988666914,561.0,0.0,0.5191332376501886,0.1834950095969402,0.2378709334464719,0.7037642552418423,0.1987394069753326,0.5603459846190683,0.8041887075195945,0.6538980773741612,0.6097557171857994,0.2577333633717787,0.119935968613166,0.0339098497467681,100000,30,12,0.1,1.0,0.1,0,11,0.001,1e-06,0.001,1e-07,1.0,1e-07,adamax,0,0.0,disordered,1,0.2740677999053127,0 days 09:57:56.608079,4.162699898634961,3.670447366423847,0.0014303156567841,1.0
89,89,89,89,89,89,89,89,89,89,89,89,89,89,89,89,89,89,89,0.333461801578636,0.333461801578636,0.333461801578636,0.333461801578636,0.333461801578636,0.333461801578636,0.333461801578636,0.333461801578636,0.333461801578636,0.333461801578636,0.333461801578636,0.333461801578636,0.8227076934643814,0.4112410405188727,0.3919871574029119,0.1118174807121008,0.1104184910054052,0.1102403166929136,0.1122684616806199,1.001580969770431,0.6747812370640902,0.1335658364751027,0.1214248813021891,0.5458163107509926,-0.0013914116659849,-0.0015310464092344,480.0,0.0,0.0463400935683828,0.2317624605308721,0.5576826791052716,0.4236802611593196,0.2040989308365327,0.3026871386777993,0.4612512907545262,0.798942229904156,0.6559291488966292,0.0409055308440315,0.4815189960665327,0.1859971408619078,100000,30,12,0.1,1.0,0.1,0,11,0.001,1e-06,0.001,1e-07,1.0,1e-07,adamax,0,0.0,disordered,1,0.3357999206261903,0 days 09:57:56.608079,3.724825399933352,3.700119279777456,0.0013914116659849,1.0
90,90,90,90,90,90,90,90,90,90,90,90,90,90,90,90,90,90,90,0.31260072430687,0.31260072430687,0.31260072430687,0.31260072430687,0.31260072430687,0.31260072430687,0.31260072430687,0.31260072430687,0.31260072430687,0.31260072430687,0.31260072430687,0.31260072430687,0.4003092967335869,0.0133269128462299,0.014142755388809,0.0178007691906601,0.0179173507712902,1.0002218757874617,0.4062011862241235,0.0085388258215231,0.2612425440854373,0.9648058095033212,0.0099023085942528,0.3659717615421474,-0.0015567437569186,-0.0018257208097388,1582.0,0.0,0.8548328677142727,0.8849042337673497,0.5546647111131409,0.7364080424825971,0.686781002516244,0.8168348678564569,0.2788157443291197,0.2292883141352593,0.7463090556139563,0.9590819260938424,0.2298178228373562,0.5677739835398896,100000,30,12,0.1,1.0,0.1,0,11,0.001,1e-06,0.001,1e-07,1.0,1e-07,adamax,0,0.0,disordered,1,0.3079935458909699,0 days 09:57:56.608079,3.744397770893366,3.9141183966820368,0.0015567437569186,1.0
91,91,91,91,91,91,91,91,91,91,91,91,91,91,91,91,91,91,91,0.367392478180207,0.367392478180207,0.367392478180207,0.367392478180207,0.367392478180207,0.367392478180207,0.367392478180207,0.367392478180207,0.367392478180207,0.367392478180207,0.367392478180207,0.367392478180207,0.1371995336029724,0.1344568722778484,0.9460059092228872,0.132604810302158,0.1338999366262946,0.1345609215363667,0.997320514893031,0.6684432226964435,0.5609925450988578,1.0004139626819517,0.1562681101267954,0.138095635673591,-0.0014220224205699,-0.0016695854891679,442.0,0.0,0.5442195125318621,0.3735582233951082,0.7502377867354061,0.1317663476758382,0.3717770738280922,0.4310672285924066,0.9529997793113488,0.6843037903798886,0.7109588786233508,0.9997911436030892,0.2267787050296258,0.6035266324041912,100000,30,12,0.1,1.0,0.1,0,11,0.001,1e-06,0.001,1e-07,1.0,1e-07,adamax,0,0.0,disordered,1,0.3670069566481092,0 days 09:57:56.608079,4.410676955945408,3.982903483935501,0.0014220224205699,1.0
92,92,92,92,92,92,92,92,92,92,92,92,92,92,92,92,92,92,92,0.2747120789270809,0.2747120789270809,0.2747120789270809,0.2747120789270809,0.2747120789270809,0.2747120789270809,0.2747120789270809,0.2747120789270809,0.2747120789270809,0.2747120789270809,0.2747120789270809,0.2747120789270809,0.9789218742723534,0.6840992119609179,0.3904066578487085,0.1966049927183943,0.0754214277729773,0.074090733760171,0.0771383139658798,1.0006440283806504,0.972967435881144,0.0775858945334448,0.1229996689358499,0.092999409863374,-0.0016314463305518,-0.0019462170752531,570.0,0.0,0.1076616957623852,0.1624966741586189,0.6961278409738247,0.8259834276770187,0.6357975895967353,0.5797828945619068,0.790630726295852,0.9562374211517236,0.9255221732521834,0.8087770068293173,0.4321179044971832,0.7663340080029579,100000,30,12,0.1,1.0,0.1,0,11,0.001,1e-06,0.001,1e-07,1.0,1e-07,adamax,0,0.0,disordered,1,0.2782498893193988,0 days 09:57:56.608079,3.543807223388467,3.451425727047873,0.0016314463305518,1.0
93,93,93,93,93,93,93,93,93,93,93,93,93,93,93,93,93,93,93,0.1747772774464679,0.1747772774464679,0.1747772774464679,0.1747772774464679,0.1747772774464679,0.1747772774464679,0.1747772774464679,0.1747772774464679,0.1747772774464679,0.1747772774464679,0.1747772774464679,0.1747772774464679,1.000093241784492,0.2125490630729735,0.5404239500250827,0.0312217972330813,0.0305271931829751,0.0403643785595184,0.0636610899462322,0.2147977026580648,0.1886845917397344,0.480871186732575,0.0749477834425613,0.0400491921103775,-0.0020812552981154,-0.0025932664806184,762.0,0.0,0.2338323123187341,0.904048678156823,0.2797343041595618,0.9803847111856008,0.3016832549624413,0.2640832767535498,0.3363274420383708,0.4851418951388808,0.2002006434705995,0.2637231920312685,0.8842365683840808,0.9313198157180764,100000,30,12,0.1,1.0,0.1,0,11,0.001,1e-06,0.001,1e-07,1.0,1e-07,adamax,0,0.0,disordered,1,0.1752692662260027,0 days 09:57:56.608079,4.438956071787365,3.943881950274455,0.0020812552981154,1.0
94,94,94,94,94,94,94,94,94,94,94,94,94,94,94,94,94,94,94,0.1638433645577982,0.1638433645577982,0.1638433645577982,0.1638433645577982,0.1638433645577982,0.1638433645577982,0.1638433645577982,0.1638433645577982,0.1638433645577982,0.1638433645577982,0.1638433645577982,0.1638433645577982,1.0004534487160934,0.5140951104510096,0.5236014188536263,0.1339694413206323,0.1585195419255312,0.0689950347992785,0.0242963894295486,0.0253440768518393,0.0381543563400308,0.0247897751580967,0.026816419031788,0.0269942606659494,-0.0022860339699092,-0.0032821450981959,833.0,0.0,0.1553798826124388,0.4413512264260195,0.4198464085418141,0.8282891159533825,0.6604139492479763,0.4080416756397663,0.788695792970943,0.6051509888335281,0.2093610962463399,0.7926281560532956,0.4656375164822883,0.8869505002259676,100000,30,12,0.1,1.0,0.1,0,11,0.001,1e-06,0.001,1e-07,1.0,1e-07,adamax,0,0.0,disordered,1,0.1641347695529793,0 days 09:57:56.608079,3.510164429746074,3.45710824734979,0.0022860339699092,1.0
95,95,95,95,95,95,95,95,95,95,95,95,95,95,95,95,95,95,95,0.3557150206821381,0.3557150206821381,0.3557150206821381,0.3557150206821381,0.3557150206821381,0.3557150206821381,0.3557150206821381,0.3557150206821381,0.3557150206821381,0.3557150206821381,0.3557150206821381,0.3557150206821381,0.2773045660549653,0.119749649313046,0.3638412522749724,0.1784625104106372,0.2127363768468737,0.2659186624745476,0.9395475404191858,0.122532095387418,0.6105634870735637,1.0010411156955512,0.1829389962824621,0.1417292114750661,-0.0012857422547008,-0.0014359984651569,475.0,0.0,0.6652286902850271,0.1511461071182099,0.7566756965413822,0.5812057528556136,0.5415794581404321,0.4197375547591516,0.66289024476234,0.063289788225274,0.5038335624770842,0.935506718815235,0.2048671372175592,0.137013393890617,100000,30,12,0.1,1.0,0.1,0,11,0.001,1e-06,0.001,1e-07,1.0,1e-07,adamax,0,0.0,disordered,1,0.3597192261345532,0 days 09:57:56.608079,3.885875462862788,3.8334665866218014,0.0012857422547008,1.0
96,96,96,96,96,96,96,96,96,96,96,96,96,96,96,96,96,96,96,0.2414157116103016,0.2414157116103016,0.2414157116103016,0.2414157116103016,0.2414157116103016,0.2414157116103016,0.2414157116103016,0.2414157116103016,0.2414157116103016,0.2414157116103016,0.2414157116103016,0.2414157116103016,0.5824593994494112,0.109405738607237,0.0751298723659014,0.0796537338582884,0.4181611065595516,0.4104118830755492,0.0430599555692967,0.0550058203634813,0.0481719289145557,0.0460700732135277,1.0006254155316656,0.0884262865602544,-0.0017065067011676,-0.0019593225525593,745.0,0.0,0.4105203445189851,0.5195104419443821,0.3765258345746637,0.4839410295657812,0.6746681273088498,0.7927785685533543,0.0515914868847581,0.3817122140834397,0.6192309160099487,0.0209156604668269,0.949196085805464,0.6408209766622542,100000,30,12,0.1,1.0,0.1,0,11,0.001,1e-06,0.001,1e-07,1.0,1e-07,adamax,0,0.0,disordered,1,0.2451683668803653,0 days 09:57:56.608079,3.899267740395352,3.808607684519908,0.0017065067011676,1.0
97,97,97,97,97,97,97,97,97,97,97,97,97,97,97,97,97,97,97,0.1747772774464679,0.1747772774464679,0.1747772774464679,0.1747772774464679,0.1747772774464679,0.1747772774464679,0.1747772774464679,0.1747772774464679,0.1747772774464679,0.1747772774464679,0.1747772774464679,0.1747772774464679,0.2067754125559336,0.030716722339322,0.0314371658112823,0.0783870031590355,0.2726632969711415,0.9953527268591402,1.0001568095176,0.0613334355109824,0.3709623698885119,0.0604245497222735,0.0382947010261032,0.083581291381769,-0.0020044821873274,-0.0024746375284813,760.0,0.0,0.4850036743611498,0.4483143018991906,0.1472576819398338,0.0662550030853231,0.6809667073821352,0.923986139489024,0.79236850187799,0.021454334921551,0.0389684819440877,0.5126584980908546,0.5732641256148879,0.6063464038688403,100000,30,12,0.1,1.0,0.1,0,11,0.001,1e-06,0.001,1e-07,1.0,1e-07,adamax,0,0.0,disordered,1,0.1736336111744493,0 days 09:57:56.608079,4.363705994710764,4.156624535166154,0.0020044821873274,1.0
98,98,98,98,98,98,98,98,98,98,98,98,98,98,98,98,98,98,98,0.2659804395593755,0.2659804395593755,0.2659804395593755,0.2659804395593755,0.2659804395593755,0.2659804395593755,0.2659804395593755,0.2659804395593755,0.2659804395593755,0.2659804395593755,0.2659804395593755,0.2659804395593755,0.6013275552465994,0.2071868774807637,0.0002052982509574,7.564852536747227e-05,0.417219636546308,0.0001268386239208,0.7030023717908225,0.1728093068930605,0.6787432770635907,0.7851704944597715,0.0002149846895575,9.546422498184108e-05,-0.0015302424697588,-0.0017680401215853,5737.0,1.0,0.8760248254439775,0.897865788127695,0.9892944308928155,0.3336362814836187,0.4685438744054826,0.993629312938368,0.7003627951620519,0.0574349150226748,0.9095515927383748,0.6166727366896131,0.1937122517675252,0.3477290547245186,100000,30,12,0.1,1.0,0.1,0,11,0.001,1e-06,0.001,1e-07,1.0,1e-07,adamax,0,0.0,disordered,1,0.2643766770397733,0 days 09:57:56.608079,3.787991477778995,3.722339600407027,0.0015302424697588,1.0
99,99,99,99,99,99,99,99,99,99,99,99,99,99,99,99,99,99,99,0.1535934676510895,0.1535934676510895,0.1535934676510895,0.1535934676510895,0.1535934676510895,0.1535934676510895,0.1535934676510895,0.1535934676510895,0.1535934676510895,0.1535934676510895,0.1535934676510895,0.1535934676510895,0.5621639761401783,0.2317364945365779,0.3038678981515839,0.1370270087396345,0.0672800324995038,1.0017802964862477,0.0238080361844043,0.0295245722478559,0.234837364802252,0.0233062699776574,0.0235853966048736,0.0231800995466151,-0.0024109452423844,-0.0035191364570279,819.0,0.0,0.5776592921086124,0.6527664441151828,0.410728475381375,0.7443590959461956,0.5328265257248977,0.9747578061892131,0.8534960630493873,0.1500965432951359,0.1030876914121305,0.8535295930326651,0.6077306724577283,0.9762235664604278,100000,30,12,0.1,1.0,0.1,0,11,0.001,1e-06,0.001,1e-07,1.0,1e-07,adamax,0,0.0,disordered,1,0.1537600208104497,0 days 09:57:56.608079,3.778358311360648,3.7460462168739057,0.0024109452423844,1.0
100,100,100,100,100,100,100,100,100,100,100,100,100,100,100,100,100,100,100,0.2659804395593755,0.2659804395593755,0.2659804395593755,0.2659804395593755,0.2659804395593755,0.2659804395593755,0.2659804395593755,0.2659804395593755,0.2659804395593755,0.2659804395593755,0.2659804395593755,0.2659804395593755,0.3703155555352546,0.2976973508233728,0.4847441042281155,0.5277337976411685,0.1757821453580777,0.1150268832414621,0.0706176745154018,0.9763199155550688,1.0003714278156366,0.1126420791073025,0.0866915526992492,0.0696944161132205,-0.001790386614754,-0.0022030275977662,582.0,0.0,0.435834779462619,0.1792983733266665,0.0369883463752735,0.7685847217103081,0.0835179293669268,0.6439031526829808,0.5635435668373796,0.739568320401929,0.943891263002008,0.2365214903841666,0.4826040926959499,0.7515620687294599,100000,30,12,0.1,1.0,0.1,0,11,0.001,1e-06,0.001,1e-07,1.0,1e-07,adamax,0,0.0,disordered,1,0.2699602865689263,0 days 09:57:56.608079,4.138731748310541,3.909534655419668,0.001790386614754,1.0
101,101,101,101,101,101,101,101,101,101,101,101,101,101,101,101,101,101,101,0.1805148879221106,0.1805148879221106,0.1805148879221106,0.1805148879221106,0.1805148879221106,0.1805148879221106,0.1805148879221106,0.1805148879221106,0.1805148879221106,0.1805148879221106,0.1805148879221106,0.1805148879221106,0.0486240585312063,0.1069135654987209,0.208213217691344,1.001488499302527,0.9855845923357266,0.0334877901758614,0.0360797131690849,0.9962105356164488,0.2284688149029498,0.032131460621977,0.0381632404438615,0.032127902096468,-0.0019536033375468,-0.0027603994899669,747.0,0.0,0.2023581685917818,0.0920116234928242,0.1380229866068717,0.9316879857781158,0.7894252030152007,0.2004108507488413,0.0158897298359887,0.6378190116729733,0.3219068800907684,0.227954613732546,0.1995556372938079,0.4722253635804095,100000,30,12,0.1,1.0,0.1,0,11,0.001,1e-06,0.001,1e-07,1.0,1e-07,adamax,0,0.0,disordered,1,0.1803787862183661,0 days 09:57:56.608079,4.296556752141879,4.145063035428322,0.0019536033375468,1.0
102,102,102,102,102,102,102,102,102,102,102,102,102,102,102,102,102,102,102,0.4606028844202396,0.4606028844202396,0.4606028844202396,0.4606028844202396,0.4606028844202396,0.4606028844202396,0.4606028844202396,0.4606028844202396,0.4606028844202396,0.4606028844202396,0.4606028844202396,0.4606028844202396,1.0000665180297257,0.2073995276012016,0.2547807624552582,0.2237393037230497,0.2601973162914255,0.2099884806217037,0.2335683491425827,0.2415242757863171,0.4283196012132239,0.2282631222349869,0.6933191006909204,0.5976628092049848,-0.0010298192904799,-0.001114703802591,358.0,0.0,0.3422514539903797,0.9402172918894702,0.5658874773949365,0.9001261446978802,0.9246386652645656,0.9001324900548501,0.4983454905287332,0.5832895646919062,0.5342589017236986,0.0202634807373287,0.9464100576900564,0.1510903531028005,100000,30,12,0.1,1.0,0.1,0,11,0.001,1e-06,0.001,1e-07,1.0,1e-07,adamax,0,0.0,disordered,1,0.4667480949907095,0 days 09:57:56.608079,3.598859265741991,3.791010491903328,0.0010298192904799,1.0
103,103,103,103,103,103,103,103,103,103,103,103,103,103,103,103,103,103,103,0.4459627626819087,0.4459627626819087,0.4459627626819087,0.4459627626819087,0.4459627626819087,0.4459627626819087,0.4459627626819087,0.4459627626819087,0.4459627626819087,0.4459627626819087,0.4459627626819087,0.4459627626819087,0.6540809199548432,0.2286873497624383,0.1312790692347958,0.126983319386155,0.1160100631334802,1.000445030196126,0.124180305542374,0.1271127062941759,0.8330733315193514,0.1529004944722463,0.4960160257177589,0.6442607018267162,-0.0011061402499712,-0.0011680774101111,718.0,0.0,0.5534559105858134,0.682647856788838,0.7863061131620858,0.5422231796108453,0.6391108790301397,0.8271093594992666,0.6435283568596154,0.6668418155384968,0.8540520560504438,0.0734116669155326,0.518521050809158,0.0265520237612418,100000,30,12,0.1,1.0,0.1,0,11,0.001,1e-06,0.001,1e-07,1.0,1e-07,adamax,0,0.0,disordered,1,0.4528567045482622,0 days 09:57:56.608079,3.5410287341530275,3.682757749525289,0.0011061402499712,1.0
104,104,104,104,104,104,104,104,104,104,104,104,104,104,104,104,104,104,104,0.615997796038016,0.615997796038016,0.615997796038016,0.615997796038016,0.615997796038016,0.615997796038016,0.615997796038016,0.615997796038016,0.615997796038016,0.615997796038016,0.615997796038016,0.615997796038016,0.7203167131211923,0.7168731934033431,0.4087908909595926,0.399709678725916,0.4051692112492716,0.3694803016419017,0.3703866231938883,0.3811832264991249,0.3836365986218292,0.3696404252413073,0.5168526243456295,1.0018837889574013,-0.0009217292473641,-0.0009808560512909,223.0,0.0,0.1513861713431294,0.0285064142169597,0.8662414965178878,0.329738218002739,0.5211312073463263,0.7872579379890905,0.688896824749785,0.9263145604956078,0.4898036887229915,0.7024378150343941,0.8677546688910042,0.1071970230385482,100000,30,12,0.1,1.0,0.1,0,11,0.001,1e-06,0.001,1e-07,1.0,1e-07,adamax,0,0.0,disordered,1,0.623129287850274,0 days 09:57:56.608079,3.668313180037688,3.826395026011216,0.0009217292473641,1.0
105,105,105,105,105,105,105,105,105,105,105,105,105,105,105,105,105,105,105,0.1487115462808952,0.1487115462808952,0.1487115462808952,0.1487115462808952,0.1487115462808952,0.1487115462808952,0.1487115462808952,0.1487115462808952,0.1487115462808952,0.1487115462808952,0.1487115462808952,0.1487115462808952,0.0230246169675767,0.0616956863350467,0.9005393748480617,0.0279096893002757,0.9967726819312256,0.0240880510857847,0.0265693231192706,1.0018828717395023,0.0328546349626688,0.0222593719400061,0.0923079812529667,0.0330024085735773,-0.0019453710290274,-0.0027126965662723,829.0,0.0,0.4698551588747217,0.0879942584045,0.5569643621342539,0.3133533464336471,0.8404982731519823,0.4683808695028418,0.16289530068774,0.8733791351470347,0.4258654966885558,0.0197112421874458,0.2686888585870096,0.3830994218100014,100000,30,12,0.1,1.0,0.1,0,11,0.001,1e-06,0.001,1e-07,1.0,1e-07,adamax,0,0.0,disordered,1,0.1488359303626201,0 days 09:57:56.608079,4.053161694906219,3.943193324143906,0.0019453710290274,1.0
106,106,106,106,106,106,106,106,106,106,106,106,106,106,106,106,106,106,106,0.615997796038016,0.615997796038016,0.615997796038016,0.615997796038016,0.615997796038016,0.615997796038016,0.615997796038016,0.615997796038016,0.615997796038016,0.615997796038016,0.615997796038016,0.615997796038016,0.6270625568065442,0.4224269177367637,0.3858711575698191,0.3712086481619892,0.3663367338500637,0.3678392134994641,0.3639916780637841,0.349837894598313,0.3610027236721072,0.3968730451421398,0.5735273383751481,1.0004010878138927,-0.0009533752651037,-0.0010139082357635,252.0,0.0,0.0262443207348223,0.1401115351915322,0.2965088687873769,0.3375832951584115,0.4375794644216485,0.2976178144068799,0.3206682412694038,0.4620787748246554,0.3519327463102876,0.7497859477666411,0.781070814915798,0.0176659638470567,100000,30,12,0.1,1.0,0.1,0,11,0.001,1e-06,0.001,1e-07,1.0,1e-07,adamax,0,0.0,disordered,1,0.6233339443881614,0 days 09:57:56.608079,3.592024753702234,3.811595289315002,0.0009533752651037,1.0
107,107,107,107,107,107,107,107,107,107,107,107,107,107,107,107,107,107,107,0.3444087275973818,0.3444087275973818,0.3444087275973818,0.3444087275973818,0.3444087275973818,0.3444087275973818,0.3444087275973818,0.3444087275973818,0.3444087275973818,0.3444087275973818,0.3444087275973818,0.3444087275973818,0.7809727411419666,0.5276786028620543,0.358437807876342,0.3516779738267553,0.3476928384602167,0.1628562243372178,0.7025928167489124,0.1190090317141519,0.1163027546998678,1.0015728649280062,0.1178699717038985,0.5621129040643343,-0.0013049782064129,-0.0014034080497157,473.0,0.0,0.1620922119128206,0.1018191438928746,0.3528687006585745,0.3562605533678569,0.7492930954460025,0.729520125674327,0.8824147325613924,0.6829980203089694,0.5955341403008954,0.9943332014900896,0.641966715068702,0.3894717582066502,100000,30,12,0.1,1.0,0.1,0,11,0.001,1e-06,0.001,1e-07,1.0,1e-07,adamax,0,0.0,disordered,1,0.348522666026325,0 days 09:57:56.608079,3.4530932199039848,3.5448497295449006,0.0013049782064129,1.0
108,108,108,108,108,108,108,108,108,108,108,108,108,108,108,108,108,108,108,0.333461801578636,0.333461801578636,0.333461801578636,0.333461801578636,0.333461801578636,0.333461801578636,0.333461801578636,0.333461801578636,0.333461801578636,0.333461801578636,0.333461801578636,0.333461801578636,0.4390604933177854,0.7444815280965831,0.5519348484231604,0.553447703892978,0.1083939841186271,0.237089584986195,0.7211230377680059,0.1099662061081517,1.000834723729347,0.7936022557092623,0.1091451004526469,0.1109101718370061,-0.0013551169319577,-0.0015487399488262,487.0,0.0,0.3047671450549398,0.0357513358910965,0.9441383821019348,0.7526396033854349,0.3770744740385141,0.8750264088387725,0.762923530257859,0.4651733664606914,0.9557833448132416,0.8923995250960749,0.4460462226478133,0.427009935517979,100000,30,12,0.1,1.0,0.1,0,11,0.001,1e-06,0.001,1e-07,1.0,1e-07,adamax,0,0.0,disordered,1,0.3289012746360753,0 days 09:57:56.608079,3.904191850709584,3.792597404380941,0.0013551169319577,1.0
109,109,109,109,109,109,109,109,109,109,109,109,109,109,109,109,109,109,109,0.31260072430687,0.31260072430687,0.31260072430687,0.31260072430687,0.31260072430687,0.31260072430687,0.31260072430687,0.31260072430687,0.31260072430687,0.31260072430687,0.31260072430687,0.31260072430687,0.6950759255518675,0.4667351287976821,0.280684670235777,0.2754318556463014,0.4703554143258684,0.3954231393939389,1.0016861885140584,0.0981539052611442,0.991663223644129,0.5830336476047104,0.1476701612214177,0.2209605305123285,-0.0014178492088384,-0.001498275068441,512.0,0.0,0.1516958500288139,0.1024071282176544,0.3572105858326114,0.2145963222654221,0.0686048753592449,0.7354797423575674,0.9611756267230732,0.6873883811420436,0.9074324780725448,0.8703669412946711,0.6460543691700241,0.5226129115246972,100000,30,12,0.1,1.0,0.1,0,11,0.001,1e-06,0.001,1e-07,1.0,1e-07,adamax,0,0.0,disordered,1,0.3079676238295408,0 days 09:57:56.608079,3.76510756410247,3.638891265772103,0.0014178492088384,1.0
110,110,110,110,110,110,110,110,110,110,110,110,110,110,110,110,110,110,110,0.2414157116103016,0.2414157116103016,0.2414157116103016,0.2414157116103016,0.2414157116103016,0.2414157116103016,0.2414157116103016,0.2414157116103016,0.2414157116103016,0.2414157116103016,0.2414157116103016,0.2414157116103016,0.1687919192416969,0.9966274584537004,0.0602271389049011,0.0584087224969496,0.9954207420354262,1.0017354822213749,0.978229900262044,0.9126610858775488,0.0589734859442944,0.0615650925031632,0.0736101772721454,0.0626773027899193,-0.0017605014752139,-0.0023304757601662,624.0,0.0,0.3579013924678206,0.4949761755722949,0.3212519515014987,0.1720666773180067,0.4953270051382947,0.6611575082946666,0.5853151200539239,0.7378227930383214,0.3359702633489273,9.60405599956804e-05,0.212659523709593,0.2896953747711416,100000,30,12,0.1,1.0,0.1,0,11,0.001,1e-06,0.001,1e-07,1.0,1e-07,adamax,0,0.0,disordered,1,0.2385787523658916,0 days 09:57:56.608079,4.197158703619718,3.705787083421388,0.0017605014752139,1.0
111,111,111,111,111,111,111,111,111,111,111,111,111,111,111,111,111,111,111,0.1692220351641035,0.1692220351641035,0.1692220351641035,0.1692220351641035,0.1692220351641035,0.1692220351641035,0.1692220351641035,0.1692220351641035,0.1692220351641035,0.1692220351641035,0.1692220351641035,0.1692220351641035,0.5468323271856702,0.451758055952802,0.1286556271809578,0.2344042982349215,0.2646757279646108,0.5438316416811265,0.0291987853093627,0.2504843687690344,1.0022221760870356,0.0278023461415102,0.0341831932911274,0.0281381611842201,-0.0020325357055228,-0.0025543770695323,789.0,0.0,0.553104867010391,0.389451515347593,0.6576718802427545,0.2239429185820662,0.4680172846291024,0.0022461445398733,0.6863003978230826,0.865358765091174,0.8586576209689326,0.8746833990846345,0.1961319899414358,0.981421288630042,100000,30,12,0.1,1.0,0.1,0,11,0.001,1e-06,0.001,1e-07,1.0,1e-07,adamax,0,0.0,disordered,1,0.1679015231224786,0 days 09:57:56.608079,3.857500572315663,3.7492174553035817,0.0020325357055228,1.0
112,112,112,112,112,112,112,112,112,112,112,112,112,112,112,112,112,112,112,0.5074705239490462,0.5074705239490462,0.5074705239490462,0.5074705239490462,0.5074705239490462,0.5074705239490462,0.5074705239490462,0.5074705239490462,0.5074705239490462,0.5074705239490462,0.5074705239490462,0.5074705239490462,0.2878925812019814,0.3163625141167513,0.3237792992191232,0.3706790486879958,0.2971265694013528,0.2545042087446985,1.001122674136128,0.2153778049819374,0.2223837572817935,0.2456935630250124,0.5629229833871814,0.821536831886377,-0.0010283764173551,-0.0011043313459657,371.0,0.0,0.551370055537916,0.1855797904828828,0.0910540624549163,0.0709756771489656,0.6369673359898222,0.6285879455462029,0.7867578153046024,0.6586148779360064,0.5194036064022658,0.1628216458053162,0.7344738470457473,0.0040607791752594,100000,30,12,0.1,1.0,0.1,0,11,0.001,1e-06,0.001,1e-07,1.0,1e-07,adamax,0,0.0,disordered,1,0.5054680292930969,0 days 09:57:56.608079,3.845431606271781,3.9122354388895006,0.0010283764173551,1.0
113,113,113,113,113,113,113,113,113,113,113,113,113,113,113,113,113,113,113,0.2575263326771198,0.2575263326771198,0.2575263326771198,0.2575263326771198,0.2575263326771198,0.2575263326771198,0.2575263326771198,0.2575263326771198,0.2575263326771198,0.2575263326771198,0.2575263326771198,0.2575263326771198,0.0666245423178937,0.0665935087691577,0.0696793293458294,1.0011918366409482,0.9946650573756364,0.8665882270224129,0.065584805632182,0.2459066368971094,0.1315209043866257,0.1092573218312784,0.0836805551391634,0.5054611218666827,-0.0015088763536726,-0.001729814525071,591.0,0.0,0.6603056326225697,0.1653106406351319,0.158812500494112,0.9060919823220174,0.9272687987305654,0.7202854143764663,0.2286132749517861,0.4693763724185115,0.3461982610739972,0.1176045480895723,0.2368161436599996,0.05796887217318,100000,30,12,0.1,1.0,0.1,0,11,0.001,1e-06,0.001,1e-07,1.0,1e-07,adamax,0,0.0,disordered,1,0.2560880112737303,0 days 09:57:56.608079,4.222108537447161,3.8937161759421857,0.0015088763536726,1.0
114,114,114,114,114,114,114,114,114,114,114,114,114,114,114,114,114,114,114,0.0464873370802025,0.0464873370802025,0.0464873370802025,0.0464873370802025,0.0464873370802025,0.0464873370802025,0.0464873370802025,0.0464873370802025,0.0464873370802025,0.0464873370802025,0.0464873370802025,0.0464873370802025,0.0021246780274872,9.993308372643917e-08,1.0271062222981277e-07,1.1916470255947745e-07,0.0606562132622537,9.299982121137325e-07,0.1397467691062652,5.823334570611613e-07,0.0331790475538483,0.070588139228571,5.714478524595275e-07,8.842405917131733e-07,-0.004159191661773,-0.0046992491997638,9904.0,0.0,0.9722989391173464,0.2362951831663555,0.3871303033300499,0.2466130384795043,0.6512560958980139,0.5625293241165457,0.7656657950986049,0.0114169824866066,0.204675351213916,0.5987377284896298,0.576566930148022,0.8244385564254193,100000,30,12,0.1,1.0,0.1,0,11,0.001,1e-06,0.001,1e-07,1.0,1e-07,adamax,0,0.0,disordered,1,0.0468948513677695,0 days 09:57:56.608079,4.93146492588805,4.824849396556728,0.004159191661773,1.0
115,115,115,115,115,115,115,115,115,115,115,115,115,115,115,115,115,115,115,0.1747772774464679,0.1747772774464679,0.1747772774464679,0.1747772774464679,0.1747772774464679,0.1747772774464679,0.1747772774464679,0.1747772774464679,0.1747772774464679,0.1747772774464679,0.1747772774464679,0.1747772774464679,0.8442868962612217,0.1117277433558813,0.0421648569684108,0.9898703108385618,0.0307441835704659,1.0020871812280003,0.0303392731978278,0.0692565907452533,0.0309107540253531,0.0342470237374732,0.0300970977395977,0.0301516775558403,-0.0023585698744451,-0.0036756065757556,763.0,0.0,0.080546864575358,0.3711524930990902,0.4037561394020001,0.5130269217785087,0.3514292192289528,0.734669791447239,0.1043126694432297,0.0606265487732715,0.3134969656943688,0.08936835835602,0.3924113107452132,0.5784304362761635,100000,30,12,0.1,1.0,0.1,0,11,0.001,1e-06,0.001,1e-07,1.0,1e-07,adamax,0,0.0,disordered,1,0.1744871514913086,0 days 09:57:56.608079,4.133902136490212,3.789097578789303,0.0023585698744451,1.0
116,116,116,116,116,116,116,116,116,116,116,116,116,116,116,116,116,116,116,0.4913407286296357,0.4913407286296357,0.4913407286296357,0.4913407286296357,0.4913407286296357,0.4913407286296357,0.4913407286296357,0.4913407286296357,0.4913407286296357,0.4913407286296357,0.4913407286296357,0.4913407286296357,1.0011646631975346,0.3365514949778444,0.2784844630290522,0.2771254107510735,0.3031338640222679,0.2329690595070172,0.2286176325867019,0.2623710089921156,0.2510927798086935,0.2320673594759927,0.325780209578431,0.9422637406467034,-0.0011189631319186,-0.0012152796861103,331.0,0.0,0.0841896335863821,0.4597958892749636,0.5553176384279525,0.5645392862095029,0.0302027113843083,0.7732342916221171,0.7219944120767331,0.2970111784747991,0.4713454304536444,0.7391818794487419,0.8340747307980766,0.2477164179479444,100000,30,12,0.1,1.0,0.1,0,11,0.001,1e-06,0.001,1e-07,1.0,1e-07,adamax,0,0.0,disordered,1,0.4876937853138411,0 days 09:57:56.608079,3.645063820067149,3.809037008444452,0.0011189631319186,1.0
117,117,117,117,117,117,117,117,117,117,117,117,117,117,117,117,117,117,117,0.1747772774464679,0.1747772774464679,0.1747772774464679,0.1747772774464679,0.1747772774464679,0.1747772774464679,0.1747772774464679,0.1747772774464679,0.1747772774464679,0.1747772774464679,0.1747772774464679,0.1747772774464679,0.0537734726547205,0.0805099141803061,0.9876339054208316,0.9888025245172852,0.0413767449831595,0.0610194821474371,0.0530266474369476,1.001439745516048,0.1120861764817011,0.0366579483066705,0.0323668668709981,0.0298659999558489,-0.0022241283428463,-0.0032292060590886,764.0,0.0,0.7708320963728408,0.4241983695702475,0.9531604880370382,0.8783654950164146,0.3579915231080731,0.3598325142224708,0.4858358613989018,0.9606447966726998,0.1439805411979351,0.5489012665123931,0.6477107544433567,0.7200550744245918,100000,30,12,0.1,1.0,0.1,0,11,0.001,1e-06,0.001,1e-07,1.0,1e-07,adamax,0,0.0,disordered,1,0.1765249118078117,0 days 09:57:56.608079,4.777023778390427,3.993739318658245,0.0022241283428463,1.0
118,118,118,118,118,118,118,118,118,118,118,118,118,118,118,118,118,118,118,0.3228628202536728,0.3228628202536728,0.3228628202536728,0.3228628202536728,0.3228628202536728,0.3228628202536728,0.3228628202536728,0.3228628202536728,0.3228628202536728,0.3228628202536728,0.3228628202536728,0.3228628202536728,0.9340813420229812,0.2731956429820557,0.1077104238786694,0.1053685953410753,0.9870680462042044,0.123716869594326,0.6373839787745013,0.1393728782954287,1.0021183216762573,0.1034360647157783,0.1056695961761474,0.4771814057900405,-0.0013712853221089,-0.0015645064135376,495.0,0.0,0.0671148507380147,0.5993153176299014,0.4504410344368798,0.3394168925365474,0.970535745395725,0.1060291218306453,0.708691782471572,0.20436046231027,0.9481022894736189,0.5003145590931377,0.4533875913258531,0.2485016800118726,100000,30,12,0.1,1.0,0.1,0,11,0.001,1e-06,0.001,1e-07,1.0,1e-07,adamax,0,0.0,disordered,1,0.322819713682864,0 days 09:57:56.608079,4.016732244162026,3.7892021550625423,0.0013712853221089,1.0
119,119,119,119,119,119,119,119,119,119,119,119,119,119,119,119,119,119,119,0.1692220351641035,0.1692220351641035,0.1692220351641035,0.1692220351641035,0.1692220351641035,0.1692220351641035,0.1692220351641035,0.1692220351641035,0.1692220351641035,0.1692220351641035,0.1692220351641035,0.1692220351641035,0.3513122635401616,0.4741060079093953,0.0330890876949876,0.0286341398000609,0.0568367578050919,0.0631965973881845,1.000999054230967,0.0421148621995568,0.5028413998173787,0.2372669683756737,0.0463805100400148,0.0284474919284277,-0.0021538898136639,-0.002480232697197,777.0,0.0,0.5337793923358432,0.8643289560409935,0.0720732812115272,0.6582265017536821,0.1465543869611854,0.2250704739888461,0.8538524976332683,0.0722715630299145,0.7316708832017987,0.0578531237565792,0.5095432760207479,0.6235079875011236,100000,30,12,0.1,1.0,0.1,0,11,0.001,1e-06,0.001,1e-07,1.0,1e-07,adamax,0,0.0,disordered,1,0.1686897024085095,0 days 09:57:56.608079,4.289765672402521,3.9198917099756105,0.0021538898136639,1.0
120,120,120,120,120,120,120,120,120,120,120,120,120,120,120,120,120,120,120,0.2054117348353062,0.2054117348353062,0.2054117348353062,0.2054117348353062,0.2054117348353062,0.2054117348353062,0.2054117348353062,0.2054117348353062,0.2054117348353062,0.2054117348353062,0.2054117348353062,0.2054117348353062,0.5602319363863116,0.8289932645137139,0.0490570606003473,0.6564413219191019,0.0774951461599937,0.987424658251806,0.0670063772970299,0.0476075730875477,0.0489954958847671,1.0013275144963212,0.050470533230102,0.0465860121408041,-0.0015158389610264,-0.0020345222916317,693.0,0.0,0.1469985366622423,0.8021095935456756,0.2210107799811463,0.475682485797211,0.2402812112931351,0.7635859224107355,0.2511413197970664,0.262182598526722,0.012176776794017,0.8998375981764654,0.0335969627568926,0.3145864476464628,100000,30,12,0.1,1.0,0.1,0,11,0.001,1e-06,0.001,1e-07,1.0,1e-07,adamax,0,0.0,disordered,1,0.2027966032386176,0 days 09:57:56.608079,3.7701425739362815,3.7913639957807455,0.0015158389610264,1.0
121,121,121,121,121,121,121,121,121,121,121,121,121,121,121,121,121,121,121,0.1148471547840287,0.1148471547840287,0.1148471547840287,0.1148471547840287,0.1148471547840287,0.1148471547840287,0.1148471547840287,0.1148471547840287,0.1148471547840287,0.1148471547840287,0.1148471547840287,0.1148471547840287,0.5159500546674438,0.559021818419952,0.3310925592760227,0.2969584764720801,0.0002259158131415,1.0043607781011483e-05,1.4170382069350672e-05,0.3761792263407982,0.2153297247690821,0.2067609522606492,2.002392871920864e-05,3.8156165937569856e-05,-0.0028426185883154,-0.0033799458914055,7389.0,1.0,0.6470071622065572,0.3320857338144194,0.5972060998913077,0.3645648731152949,0.8799511230920498,0.1589792162923121,0.0184104311826945,0.0997000036646228,0.5239920370250133,0.592268699619776,0.8339028183744194,0.9546479818986864,100000,30,12,0.1,1.0,0.1,0,11,0.001,1e-06,0.001,1e-07,1.0,1e-07,adamax,0,0.0,disordered,1,0.1163348119688632,0 days 09:57:56.608079,4.298372415330848,4.16144560256465,0.0028426185883154,1.0
122,122,122,122,122,122,122,122,122,122,122,122,122,122,122,122,122,122,122,0.3026648059395688,0.3026648059395688,0.3026648059395688,0.3026648059395688,0.3026648059395688,0.3026648059395688,0.3026648059395688,0.3026648059395688,0.3026648059395688,0.3026648059395688,0.3026648059395688,0.3026648059395688,0.5002414781498192,0.527345093792074,0.0924342025421227,0.0924004061574045,0.0907870603445599,0.9687099735910883,0.0903830949609971,0.9755607231727031,0.091390868737922,1.0015283914146893,0.0952094129756423,0.0934631474430451,-0.0015260343405731,-0.0020126570733473,523.0,0.0,0.401304424874914,0.8236951744580298,0.4051697468493412,0.3706570239468989,0.1326942880592098,0.8686533835131917,0.3361072638152569,0.6466911011130169,0.5171654789011755,0.9968375249315816,0.2556339822243743,0.5514986455993405,100000,30,12,0.1,1.0,0.1,0,11,0.001,1e-06,0.001,1e-07,1.0,1e-07,adamax,0,0.0,disordered,1,0.3056994014933456,0 days 09:57:56.608079,4.116854343304944,3.939069262844675,0.0015260343405731,1.0
123,123,123,123,123,123,123,123,123,123,123,123,123,123,123,123,123,123,123,0.4180637241455752,0.4180637241455752,0.4180637241455752,0.4180637241455752,0.4180637241455752,0.4180637241455752,0.4180637241455752,0.4180637241455752,0.4180637241455752,0.4180637241455752,0.4180637241455752,0.4180637241455752,0.223404034176726,0.1627962773745519,0.2604850845187618,0.2737333771959779,0.1619349484477197,0.6890415948422234,0.2847805508233033,0.4271548559251186,0.9252101701047468,1.0013171030456631,0.2120145238253251,0.2576597068337981,-0.0011646058384364,-0.001264081827304,410.0,0.0,0.7896322571214801,0.1910809996479252,0.8231738011496573,0.5581697323222211,0.103519069386064,0.9680567674181526,0.4118515661605675,0.475406182769067,0.7844622831603345,0.9646372922171242,0.2455385262562845,0.1361654883223276,100000,30,12,0.1,1.0,0.1,0,11,0.001,1e-06,0.001,1e-07,1.0,1e-07,adamax,0,0.0,disordered,1,0.4164162919648755,0 days 09:57:56.608079,4.015471813772221,3.949198163056327,0.0011646058384364,1.0
124,124,124,124,124,124,124,124,124,124,124,124,124,124,124,124,124,124,124,0.3228628202536728,0.3228628202536728,0.3228628202536728,0.3228628202536728,0.3228628202536728,0.3228628202536728,0.3228628202536728,0.3228628202536728,0.3228628202536728,0.3228628202536728,0.3228628202536728,0.3228628202536728,0.2208705327731678,0.1075076118144056,0.1079880684635308,0.1078510709731968,0.9768530854742248,0.7667665094262532,0.1028081255459051,1.0013107985510188,0.8729364025453419,0.2102931298590258,0.3931018707217864,0.3006457950171323,-0.0014174307269235,-0.0014807820802214,496.0,0.0,0.7447308953008215,0.6770375078933076,0.4465205431987034,0.6476068992896135,0.9441499806395016,0.8419109783899698,0.5682197133325374,0.9086267688539756,0.9129114718218536,0.7711556229430179,0.1185609555698687,0.5617089206843101,100000,30,12,0.1,1.0,0.1,0,11,0.001,1e-06,0.001,1e-07,1.0,1e-07,adamax,0,0.0,disordered,1,0.325538891767725,0 days 09:57:56.608079,4.031931745886319,3.71936483247557,0.0014174307269235,1.0
125,125,125,125,125,125,125,125,125,125,125,125,125,125,125,125,125,125,125,0.2054117348353062,0.2054117348353062,0.2054117348353062,0.2054117348353062,0.2054117348353062,0.2054117348353062,0.2054117348353062,0.2054117348353062,0.2054117348353062,0.2054117348353062,0.2054117348353062,0.2054117348353062,0.0887747723790366,0.9845476052015408,0.0428922735231213,0.994097978014864,1.0016141968052066,0.042496546010373,0.0503924715953727,0.0768462232618077,0.0962645155717884,0.1070443030995849,0.1466792386295476,0.0487159405203666,-0.0020650091633502,-0.0026583383975824,694.0,0.0,0.6072668886067614,0.87933478726849,0.5162298994322575,0.6125897757826202,0.7151638936978153,0.0838712936818407,0.056342943723363,0.0303978264254882,0.1068354634281478,0.2554841462687353,0.0483867910215433,0.5964463432981612,100000,30,12,0.1,1.0,0.1,0,11,0.001,1e-06,0.001,1e-07,1.0,1e-07,adamax,0,0.0,disordered,1,0.2067253759018193,0 days 09:57:56.608079,4.72142808577864,4.118314351727135,0.0020650091633502,1.0
126,126,126,126,126,126,126,126,126,126,126,126,126,126,126,126,126,126,126,0.1805148879221106,0.1805148879221106,0.1805148879221106,0.1805148879221106,0.1805148879221106,0.1805148879221106,0.1805148879221106,0.1805148879221106,0.1805148879221106,0.1805148879221106,0.1805148879221106,0.1805148879221106,0.0523512898239217,0.0799876568447766,0.0364223197699657,0.0620749255563394,0.0860901016891685,0.0330432297057378,0.9578697659286244,1.000007689741664,0.0351340288204166,0.0345755636952724,0.0340549097800214,0.2337975253950225,-0.0017371821155061,-0.0022232594716462,745.0,0.0,0.5722891842830293,0.4552914594104414,0.0089493536422102,0.519182761157155,0.1263686231862464,0.0051056795481539,0.7962273903844265,0.9106530114529016,0.0723200974103522,0.658998149581024,0.0532868940139118,0.5821887559626637,100000,30,12,0.1,1.0,0.1,0,11,0.001,1e-06,0.001,1e-07,1.0,1e-07,adamax,0,0.0,disordered,1,0.1805053069689939,0 days 09:57:56.608079,4.3311812113838615,4.236854215729654,0.0017371821155061,1.0
127,127,127,127,127,127,127,127,127,127,127,127,127,127,127,127,127,127,127,0.3444087275973818,0.3444087275973818,0.3444087275973818,0.3444087275973818,0.3444087275973818,0.3444087275973818,0.3444087275973818,0.3444087275973818,0.3444087275973818,0.3444087275973818,0.3444087275973818,0.3444087275973818,0.1453131592781669,0.1583711681877314,1.0006820378935053,0.1288567389396659,0.1180660072219661,0.9698310314555796,0.1167109547103131,0.7177221034640097,0.129790638523024,0.9902843252916644,0.1559194672957111,0.1203156609941527,-0.0014236129001627,-0.0016452298846128,470.0,0.0,0.6239116307216966,0.5867520196653536,0.9903001071880349,0.6136513534513286,0.1661334633397303,0.9328109107570048,0.29901133171327,0.5394260265834436,0.4325121818691179,0.8067388614302226,0.0840030486225367,0.3676129766955708,100000,30,12,0.1,1.0,0.1,0,11,0.001,1e-06,0.001,1e-07,1.0,1e-07,adamax,0,0.0,disordered,1,0.3454346400906647,0 days 09:57:56.608079,3.934789810705092,3.885339223562012,0.0014236129001627,1.0
128,128,128,128,128,128,128,128,128,128,128,128,128,128,128,128,128,128,128,0.1349772330233941,0.1349772330233941,0.1349772330233941,0.1349772330233941,0.1349772330233941,0.1349772330233941,0.1349772330233941,0.1349772330233941,0.1349772330233941,0.1349772330233941,0.1349772330233941,0.1349772330233941,0.5481411273098254,0.1394353143329214,0.7657358063957326,5.200702939402775e-07,0.4676942087891912,1.007160679577178e-07,0.032424678546709,3.611919257944396e-07,0.0324484509788352,2.424940935957361e-07,9.999151610940429e-08,0.1064902240012349,-0.0027320787695992,-0.0035631609851632,20189.0,0.0,0.4427155432827598,0.5974138281036413,0.9079079158391044,0.3014981368667159,0.3455366874625925,0.6720061274811792,0.2089574176435983,0.5098825266275231,0.3197210689074721,0.6237500993301396,0.5805693899218535,0.6859106949974794,100000,30,12,0.1,1.0,0.1,0,11,0.001,1e-06,0.001,1e-07,1.0,1e-07,adamax,0,0.0,disordered,1,0.1342563769072426,0 days 09:57:56.608079,3.332188147967728,3.634259031725517,0.0027320787695992,1.0
129,129,129,129,129,129,129,129,129,129,129,129,129,129,129,129,129,129,129,0.1349772330233941,0.1349772330233941,0.1349772330233941,0.1349772330233941,0.1349772330233941,0.1349772330233941,0.1349772330233941,0.1349772330233941,0.1349772330233941,0.1349772330233941,0.1349772330233941,0.1349772330233941,0.3515204129571455,0.4191056088737681,0.4887618328000239,0.082625728804133,0.0259814579638173,0.1643593333661892,0.0199282648501781,0.017543045262326,1.0010567255413363,0.0278142164551031,0.0298823554377562,0.0222803577087006,-0.0026486613790812,-0.0032662346719999,909.0,0.0,0.4296962777480695,0.2336463865548357,0.0146175265289446,0.6015984339091843,0.2248147000656325,0.0048262758819638,0.3750287433963313,0.2741317771676971,0.6827360577876453,0.2977948399612876,0.3676598657762004,0.7239127119229027,100000,30,12,0.1,1.0,0.1,0,11,0.001,1e-06,0.001,1e-07,1.0,1e-07,adamax,0,0.0,disordered,1,0.1364356138850826,0 days 09:57:56.608079,4.291690343116968,3.9282515275775856,0.0026486613790812,1.0
130,130,130,130,130,130,130,130,130,130,130,130,130,130,130,130,130,130,130,0.2493409369951876,0.2493409369951876,0.2493409369951876,0.2493409369951876,0.2493409369951876,0.2493409369951876,0.2493409369951876,0.2493409369951876,0.2493409369951876,0.2493409369951876,0.2493409369951876,0.2493409369951876,0.1964770056496025,0.0630140325764989,0.064917529695477,0.9925729572450246,0.9882553619126224,0.9978852967103916,0.1000348502642617,1.0011994841519716,0.0789296666536748,0.0633316829122705,0.0660803565145457,0.0614209030187944,-0.0016420474750909,-0.0022760050891238,610.0,0.0,0.6741544028160474,0.1607312564006348,0.5868115455253371,0.9328341831477888,0.9093519296579587,0.8493826043383815,0.2820135684768482,0.9595891417266345,0.1996494980015776,0.4018801330862289,0.1141341583754927,0.5656113337886529,100000,30,12,0.1,1.0,0.1,0,11,0.001,1e-06,0.001,1e-07,1.0,1e-07,adamax,0,0.0,disordered,1,0.2470355753444773,0 days 09:57:56.608079,4.662756935072285,3.9471226321518,0.0016420474750909,1.0
131,131,131,131,131,131,131,131,131,131,131,131,131,131,131,131,131,131,131,0.2493409369951876,0.2493409369951876,0.2493409369951876,0.2493409369951876,0.2493409369951876,0.2493409369951876,0.2493409369951876,0.2493409369951876,0.2493409369951876,0.2493409369951876,0.2493409369951876,0.2493409369951876,0.1750354554797225,0.1007418824037101,0.0639292267127601,1.00099044087993,0.0659307636441639,0.0962500794329419,1.0021942932332562,0.3234074085905461,0.2700743376487786,0.3838776283466383,0.1166419171773761,0.1368602065391876,-0.0015992661546951,-0.0017009988638779,611.0,0.0,0.7226522394674271,0.6876340767555652,0.007187578936125,0.98246869559216,0.310009802920434,0.7413852582866136,0.9266026353270806,0.7801669171634159,0.5232404430410416,0.5386586716387549,0.1437732186149335,0.3820729563996142,100000,30,12,0.1,1.0,0.1,0,11,0.001,1e-06,0.001,1e-07,1.0,1e-07,adamax,0,0.0,disordered,1,0.251834132472348,0 days 09:57:56.608079,3.90187977626934,3.721574611752724,0.0015992661546951,1.0
132,132,132,132,132,132,132,132,132,132,132,132,132,132,132,132,132,132,132,0.2747120789270809,0.2747120789270809,0.2747120789270809,0.2747120789270809,0.2747120789270809,0.2747120789270809,0.2747120789270809,0.2747120789270809,0.2747120789270809,0.2747120789270809,0.2747120789270809,0.2747120789270809,0.1343250468743986,0.1162779194273025,0.069605234597376,0.0580608239393215,0.0582934514204387,1.000314124332378,0.0819490941826281,0.0659298641868147,0.0947263947542853,0.0700406462349031,0.5316799993811303,0.3535448871089491,-0.0016048132593542,-0.0017822372113292,679.0,0.0,0.8225019757503876,0.6811834984210781,0.6635233381008597,0.6814304294317084,0.34954178502582,0.9802030403849948,0.3362982768544122,0.1871303691083415,0.668718141104379,0.1691920119746617,0.9752731285769424,0.575521730097716,100000,30,12,0.1,1.0,0.1,0,11,0.001,1e-06,0.001,1e-07,1.0,1e-07,adamax,0,0.0,disordered,1,0.2746074164734639,0 days 09:57:56.608079,3.947241899204065,4.037627459334611,0.0016048132593542,1.0
133,133,133,133,133,133,133,133,133,133,133,133,133,133,133,133,133,133,133,0.2121550171362449,0.2121550171362449,0.2121550171362449,0.2121550171362449,0.2121550171362449,0.2121550171362449,0.2121550171362449,0.2121550171362449,0.2121550171362449,0.2121550171362449,0.2121550171362449,0.2121550171362449,0.6247241711496653,0.5225100152780577,0.5394650042404194,0.0002530058632212,0.3914753840528394,0.4621189562736599,0.4074485129639734,0.1015799387424791,0.2539144870082339,7.548607195733864e-05,0.0002830479080517,0.1006658775346447,-0.001895255620151,-0.0020882575837408,5891.0,1.0,0.1201417383412377,0.0236185122231495,0.6012062097735446,0.0421495147407849,0.0524429278030924,0.4124428301893003,0.4482890215201537,0.8289626115560034,0.1293951612755517,0.8683324006829127,0.4050021225416482,0.852980275804317,100000,30,12,0.1,1.0,0.1,0,11,0.001,1e-06,0.001,1e-07,1.0,1e-07,adamax,0,0.0,disordered,1,0.214268659589751,0 days 09:57:56.608079,3.5728929873221937,3.706998754137505,0.001895255620151,1.0
134,134,134,134,134,134,134,134,134,134,134,134,134,134,134,134,134,134,134,0.100927151463057,0.100927151463057,0.100927151463057,0.100927151463057,0.100927151463057,0.100927151463057,0.100927151463057,0.100927151463057,0.100927151463057,0.100927151463057,0.100927151463057,0.100927151463057,0.6387770079969868,0.5272453292917031,0.2584833431510979,0.0464240843813852,0.0114680736491089,0.960236648042198,1.0022398345661885,0.1330317609346536,0.0803670182165308,0.0175423347787445,0.0142678179474292,0.0146102842165729,-0.0020824300636313,-0.0029208953628671,1006.0,0.0,0.1513459287390148,0.0480696667768623,0.4358259875344775,0.2156529926634499,0.4782527400504889,0.8201964792407497,0.8854287803570929,0.0868148262342157,0.2570898639873892,0.3048608686626178,0.1743675687195556,0.4670284280399481,100000,30,12,0.1,1.0,0.1,0,11,0.001,1e-06,0.001,1e-07,1.0,1e-07,adamax,0,0.0,disordered,1,0.1009515825131838,0 days 09:57:56.608079,4.029402976208326,4.083887084539557,0.0020824300636313,1.0
135,135,135,135,135,135,135,135,135,135,135,135,135,135,135,135,135,135,135,0.2414157116103016,0.2414157116103016,0.2414157116103016,0.2414157116103016,0.2414157116103016,0.2414157116103016,0.2414157116103016,0.2414157116103016,0.2414157116103016,0.2414157116103016,0.2414157116103016,0.2414157116103016,1.0000044794433371,0.5121453506002286,0.6472996694906331,0.5759652205592259,0.1432540370771703,0.4027170790713875,0.0010045273912695,0.0159989333185655,0.2604546265437343,0.4146715327782318,0.0021352737932863,0.0028336943475782,-0.0017702027653155,-0.0019614969586004,4701.0,0.0,0.0535861127015699,0.197278859615948,0.065128392987102,0.4569324761981242,0.9399879068391092,0.1531331495662983,0.8871418143478639,0.3157644446371223,0.7471306209072098,0.8426267670549912,0.6050421877711433,0.7192556857432617,100000,30,12,0.1,1.0,0.1,0,11,0.001,1e-06,0.001,1e-07,1.0,1e-07,adamax,0,0.0,disordered,1,0.2400310548503013,0 days 09:57:56.608079,3.420893195229896,3.489043040176378,0.0017702027653155,1.0
136,136,136,136,136,136,136,136,136,136,136,136,136,136,136,136,136,136,136,0.2054117348353062,0.2054117348353062,0.2054117348353062,0.2054117348353062,0.2054117348353062,0.2054117348353062,0.2054117348353062,0.2054117348353062,0.2054117348353062,0.2054117348353062,0.2054117348353062,0.2054117348353062,1.0007407143397384,0.0329535301570684,0.0311652913485812,0.0308857635054889,0.0327269482027218,0.0424550980790335,0.0784726301249143,0.0408028629993019,0.0394210373194233,0.1747070192285935,0.1799521428802605,0.3187305573133488,-0.0018699216222462,-0.0021048143013567,822.0,0.0,0.6321210957287544,0.930584437182522,0.77873739577466,0.4202621431901127,0.2909495185500346,0.1568346606596754,0.5121337977031166,0.2291368689240009,0.2348572092197005,0.8820484141316075,0.6997460033703966,0.5394646261123279,100000,30,12,0.1,1.0,0.1,0,11,0.001,1e-06,0.001,1e-07,1.0,1e-07,adamax,0,0.0,disordered,1,0.2036574713111816,0 days 09:57:56.608079,4.353460081546468,4.064462411548899,0.0018699216222462,1.0
137,137,137,137,137,137,137,137,137,137,137,137,137,137,137,137,137,137,137,0.1111967731120697,0.1111967731120697,0.1111967731120697,0.1111967731120697,0.1111967731120697,0.1111967731120697,0.1111967731120697,0.1111967731120697,0.1111967731120697,0.1111967731120697,0.1111967731120697,0.1111967731120697,0.2581974194597352,0.2204535826129955,0.029633062977534,0.0116979804399149,0.0114421653665972,0.0112908269640977,0.0195864294407586,0.0132949149289385,0.0141537508952029,1.0005451093804467,0.0513705450868402,0.0112426758040248,-0.0024746440141893,-0.0031961014750936,998.0,0.0,0.8431326722381455,0.5253805104147993,0.3944293509038648,0.6855071109125144,0.6087880351081263,0.2085078479663953,0.3185811314592214,0.5609879301131608,0.2186413794508285,0.9168829225602444,0.0443029206182613,0.8763618463029645,100000,30,12,0.1,1.0,0.1,0,11,0.001,1e-06,0.001,1e-07,1.0,1e-07,adamax,0,0.0,disordered,1,0.1103323707189176,0 days 09:57:56.608079,4.829170350864731,4.344669321642045,0.0024746440141893,1.0
138,138,138,138,138,138,138,138,138,138,138,138,138,138,138,138,138,138,138,0.2054117348353062,0.2054117348353062,0.2054117348353062,0.2054117348353062,0.2054117348353062,0.2054117348353062,0.2054117348353062,0.2054117348353062,0.2054117348353062,0.2054117348353062,0.2054117348353062,0.2054117348353062,0.0728191924522353,0.0328770813218498,0.03258838725413,0.66525481195972,0.0332968072203769,0.0328825958917134,0.0338116320695164,0.0469418377133745,1.0015232393623863,0.0722947245299206,0.4377602402417812,0.0803627942442255,-0.0017768464577984,-0.0021397503355784,796.0,0.0,0.9799138945563578,0.6152402498943469,0.2118946172780164,0.8097544677218037,0.4413341943052026,0.7124486303836971,0.3226652389525126,0.2214514698981701,0.9542381762038586,0.0757471606529122,0.0580890142398927,0.7827809055843171,100000,30,12,0.1,1.0,0.1,0,11,0.001,1e-06,0.001,1e-07,1.0,1e-07,adamax,0,0.0,disordered,1,0.2055317751228691,0 days 09:57:56.608079,4.543336417289366,4.270313665445325,0.0017768464577984,1.0
139,139,139,139,139,139,139,139,139,139,139,139,139,139,139,139,139,139,139,0.2747120789270809,0.2747120789270809,0.2747120789270809,0.2747120789270809,0.2747120789270809,0.2747120789270809,0.2747120789270809,0.2747120789270809,0.2747120789270809,0.2747120789270809,0.2747120789270809,0.2747120789270809,0.0765932699936326,0.0757126043552269,0.0754886139948822,0.9141861279359024,0.2729487325495282,0.1067807897482478,0.0875854824830323,1.0005597059493934,0.0748123335696115,0.6964833818479021,0.0753213799231244,0.0763034524727679,-0.0015989276717552,-0.0020014204461669,562.0,0.0,0.7755035132004612,0.311476070621168,0.3740591998252107,0.6879268482728742,0.5997951354240146,0.6484783877139965,0.4353325034398152,0.9802432834230916,0.1479879525046613,0.6317385122222028,0.2061123790086017,0.3348588103989253,100000,30,12,0.1,1.0,0.1,0,11,0.001,1e-06,0.001,1e-07,1.0,1e-07,adamax,0,0.0,disordered,1,0.2772117000801389,0 days 09:57:56.608079,4.073994915384349,3.868564383057,0.0015989276717552,1.0
140,140,140,140,140,140,140,140,140,140,140,140,140,140,140,140,140,140,140,0.3026648059395688,0.3026648059395688,0.3026648059395688,0.3026648059395688,0.3026648059395688,0.3026648059395688,0.3026648059395688,0.3026648059395688,0.3026648059395688,0.3026648059395688,0.3026648059395688,0.3026648059395688,1.0000987670470611,0.2931125775120378,0.0290162996257209,0.0803322019447749,0.0292603267751306,0.0510074392318425,0.0370145008235484,0.1698391785287363,0.4395169271994912,0.5868342964810399,0.112291726218911,0.2992814803699,-0.0014472174168761,-0.0015595120728719,1034.0,0.0,0.2975240377828509,0.8251332946474925,0.5799405734400951,0.3307931135673814,0.5355832957790975,0.4612390833904831,0.5441377875523028,0.2375414068801772,0.3740625086331685,0.4584177799823629,0.0831945352188586,0.0143439525158265,100000,30,12,0.1,1.0,0.1,0,11,0.001,1e-06,0.001,1e-07,1.0,1e-07,adamax,0,0.0,disordered,1,0.3046060504637198,0 days 09:57:56.608079,3.32680561623114,3.5460458685063934,0.0014472174168761,1.0
141,141,141,141,141,141,141,141,141,141,141,141,141,141,141,141,141,141,141,0.1487115462808952,0.1487115462808952,0.1487115462808952,0.1487115462808952,0.1487115462808952,0.1487115462808952,0.1487115462808952,0.1487115462808952,0.1487115462808952,0.1487115462808952,0.1487115462808952,0.1487115462808952,0.440960324488734,0.631802410250917,9.999969935105033e-08,6.780995636858028e-06,0.2162676986271633,3.215418238861397e-07,0.0920238522513441,0.106065474510659,0.0969228035730503,0.2150660391292236,0.4859369305847445,0.0395049190314932,-0.0021005266224921,-0.0024007551678348,20719.0,0.0,0.5936357353255101,0.2070699824562814,0.8021815598294975,0.0250590579178283,0.2232035242133819,0.629867870135683,0.1319975124791029,0.4207087845975831,0.2982748638429793,0.2685307756252719,0.2349098781636482,0.9759423060107242,100000,30,12,0.1,1.0,0.1,0,11,0.001,1e-06,0.001,1e-07,1.0,1e-07,adamax,0,0.0,disordered,1,0.147401053015435,0 days 09:57:56.608079,4.66087216600333,4.376699752532165,0.0021005266224921,1.0
142,142,142,142,142,142,142,142,142,142,142,142,142,142,142,142,142,142,142,0.293044697697214,0.293044697697214,0.293044697697214,0.293044697697214,0.293044697697214,0.293044697697214,0.293044697697214,0.293044697697214,0.293044697697214,0.293044697697214,0.293044697697214,0.293044697697214,0.0942660928462473,0.157395672140603,1.0011957060897425,0.0853059277495911,0.9688447934754884,0.8537251763176016,0.9243103813384596,0.9042361835304388,0.0845472733736515,0.1200390371903475,0.2058152821538572,0.0935324992016794,-0.0016133262786446,-0.0019063409803695,538.0,0.0,0.3196653215726728,0.1178753135315892,0.9152367962235946,0.1583504969113206,0.7366984727215286,0.6588236811461464,0.7176553027169862,0.7733546933724372,0.1803030141992587,0.0373033824959746,0.430733016562524,0.4448800669236115,100000,30,12,0.1,1.0,0.1,0,11,0.001,1e-06,0.001,1e-07,1.0,1e-07,adamax,0,0.0,disordered,1,0.2926766092273275,0 days 09:57:56.608079,4.453043500286555,3.9139908192266057,0.0016133262786446,1.0
143,143,143,143,143,143,143,143,143,143,143,143,143,143,143,143,143,143,143,0.1747772774464679,0.1747772774464679,0.1747772774464679,0.1747772774464679,0.1747772774464679,0.1747772774464679,0.1747772774464679,0.1747772774464679,0.1747772774464679,0.1747772774464679,0.1747772774464679,0.1747772774464679,0.6947401957401974,0.4403639283359702,0.0505965904723772,0.4283289470186842,0.0278627204712442,0.0371964797343994,1.001397621773986,0.2093288248927989,0.0302495236079799,0.0347129868667108,0.061643762828838,0.0600133146845347,-0.0020947615830181,-0.0026782716278338,804.0,0.0,0.2366174382110738,0.8100134516481061,0.1090222125241248,0.4975099164328231,0.5284651505940233,0.0093609338845411,0.8109055433193368,0.3581794790344946,0.4580439539978584,0.1608263990130709,0.3991063375864195,0.4525286946393249,100000,30,12,0.1,1.0,0.1,0,11,0.001,1e-06,0.001,1e-07,1.0,1e-07,adamax,0,0.0,disordered,1,0.1740972099014159,0 days 09:57:56.608079,3.608375304639992,3.648390764278817,0.0020947615830181,1.0
144,144,144,144,144,144,144,144,144,144,144,144,144,144,144,144,144,144,144,0.1535934676510895,0.1535934676510895,0.1535934676510895,0.1535934676510895,0.1535934676510895,0.1535934676510895,0.1535934676510895,0.1535934676510895,0.1535934676510895,0.1535934676510895,0.1535934676510895,0.1535934676510895,0.7353398626657263,1.0001781221817485,0.5520244256697437,0.4953734535082216,0.0447095008077289,0.0254591673461269,0.1431035522591671,0.0388430824289698,0.0881788206219784,0.0224061161162887,0.0249388084574538,0.0564648539595377,-0.0022129364657701,-0.0026219778112576,933.0,0.0,0.6023069119094718,0.035474026553562,0.4274371712514283,0.4890100407897844,0.952522855058305,0.5957157030603453,0.6857109384559829,0.4401872814632463,0.4937840073436988,0.9825465245862512,0.4150828601514071,0.9937436869423648,100000,30,12,0.1,1.0,0.1,0,11,0.001,1e-06,0.001,1e-07,1.0,1e-07,adamax,0,0.0,disordered,1,0.1536083277258613,0 days 09:57:56.608079,3.734705134620548,3.829808273921787,0.0022129364657701,1.0
145,145,145,145,145,145,145,145,145,145,145,145,145,145,145,145,145,145,145,0.2575263326771198,0.2575263326771198,0.2575263326771198,0.2575263326771198,0.2575263326771198,0.2575263326771198,0.2575263326771198,0.2575263326771198,0.2575263326771198,0.2575263326771198,0.2575263326771198,0.2575263326771198,0.7081871465989233,0.0907677532693382,0.0766348212272553,0.066027117569993,0.2578876430156716,0.0639485174187944,0.0640689731762416,1.0022421499693384,0.064386850770756,0.9141188984434524,0.0704196268275783,0.080412991340521,-0.0016099639965189,-0.0019778404551647,603.0,0.0,0.6094596160979363,0.9163674550166016,0.5768442817305188,0.8217032618458111,0.8222158042742835,0.3857264901761283,0.3292363001418678,0.9395865128303924,0.3293178926786093,0.783446533920661,0.1774196680395805,0.4891163999656509,100000,30,12,0.1,1.0,0.1,0,11,0.001,1e-06,0.001,1e-07,1.0,1e-07,adamax,0,0.0,disordered,1,0.2548337945325469,0 days 09:57:56.608079,3.84043693695652,3.735742851494341,0.0016099639965189,1.0
146,146,146,146,146,146,146,146,146,146,146,146,146,146,146,146,146,146,146,0.2054117348353062,0.2054117348353062,0.2054117348353062,0.2054117348353062,0.2054117348353062,0.2054117348353062,0.2054117348353062,0.2054117348353062,0.2054117348353062,0.2054117348353062,0.2054117348353062,0.2054117348353062,0.7046411487400228,0.5763728575699347,0.5510410620392354,1.0016498416028627,0.1064391677471653,0.0398162884428232,0.0344952397366728,0.3989717123843992,0.0298664321723149,0.0315895075320013,0.1581821910690211,0.0325703610650869,-0.001811922886737,-0.0023066448323067,877.0,0.0,0.3778665678222679,0.2759589605081787,0.2380782979215288,0.96516904812237,0.6688371881424954,0.4650183949765281,0.5728452462119683,0.8455036735849303,0.6768301855369802,0.128394532188094,0.2108679393843456,0.8913321666978421,100000,30,12,0.1,1.0,0.1,0,11,0.001,1e-06,0.001,1e-07,1.0,1e-07,adamax,0,0.0,disordered,1,0.2074260912935365,0 days 09:57:56.608079,4.018711490473064,3.972450881935546,0.001811922886737,1.0
147,147,147,147,147,147,147,147,147,147,147,147,147,147,147,147,147,147,147,0.1265331759388941,0.1265331759388941,0.1265331759388941,0.1265331759388941,0.1265331759388941,0.1265331759388941,0.1265331759388941,0.1265331759388941,0.1265331759388941,0.1265331759388941,0.1265331759388941,0.1265331759388941,0.4527268568253036,5.231542931502973e-05,5.003550389201547e-06,5.124282706824006e-05,0.3197515235281081,0.2935320146965928,8.624777070507546e-06,6.813815381422449e-05,0.2617404685446159,0.068658117095821,0.1871139382945034,0.0007823649684314,-0.0028550240963425,-0.0030697700433955,6917.0,1.0,0.5576828798014435,0.5904742904835077,0.1629920281794145,0.1370148768163365,0.2166959455232863,0.3254470036324582,0.5589067116449552,0.3724356813618187,0.6775240946536062,0.4312975026180609,0.5143280187607449,0.9518875125215324,100000,30,12,0.1,1.0,0.1,0,11,0.001,1e-06,0.001,1e-07,1.0,1e-07,adamax,0,0.0,disordered,1,0.1264787356979526,0 days 09:57:56.608079,4.257348506087342,4.105746845035899,0.0028550240963425,1.0
148,148,148,148,148,148,148,148,148,148,148,148,148,148,148,148,148,148,148,0.2191196687578146,0.2191196687578146,0.2191196687578146,0.2191196687578146,0.2191196687578146,0.2191196687578146,0.2191196687578146,0.2191196687578146,0.2191196687578146,0.2191196687578146,0.2191196687578146,0.2191196687578146,0.9550529590723092,0.3434920164027524,0.1044539637830104,0.0644340503964418,1.001692782675339,0.0499264948536896,0.739381881665868,0.1181607621974487,0.1182255839209725,0.0902539642601333,0.053041537360481,0.0558791105153103,-0.0020130463428013,-0.0025684967818623,664.0,0.0,0.0422314303022974,0.6368393993461833,0.73620322449266,0.1801180898408009,0.8605060156171978,0.1228417003009307,0.8087761926475169,0.1927105408106034,0.4263224339622773,0.3955381334147549,0.5723300230934486,0.6346187417687575,100000,30,12,0.1,1.0,0.1,0,11,0.001,1e-06,0.001,1e-07,1.0,1e-07,adamax,0,0.0,disordered,1,0.2184665756147513,0 days 09:57:56.608079,4.013889055601849,3.694435513377949,0.0020130463428013,1.0
149,149,149,149,149,149,149,149,149,149,149,149,149,149,149,149,149,149,149,0.6786773050723289,0.6786773050723289,0.6786773050723289,0.6786773050723289,0.6786773050723289,0.6786773050723289,0.6786773050723289,0.6786773050723289,0.6786773050723289,0.6786773050723289,0.6786773050723289,0.6786773050723289,1.0002887261580755,0.4533819191978401,0.4628895663455434,0.4514508567256373,0.4729465328969734,0.4612742596536618,0.4646161577194976,0.4518915286129069,0.4517477834583405,0.4525286311446291,0.7577656394228905,0.9635782437325376,-0.000865714110558,-0.0009160046177793,176.0,0.0,0.0404595103490741,0.814818387646713,0.5264111815609723,0.91849143804291,0.1689751393360372,0.4443163223170702,0.9554762399933886,0.6346789436606832,0.5071377741957223,0.470279083869187,0.9150857305175504,0.0077227771562485,100000,30,12,0.1,1.0,0.1,0,11,0.001,1e-06,0.001,1e-07,1.0,1e-07,adamax,0,0.0,disordered,1,0.6764835856516013,0 days 09:57:56.608079,3.7845202422876407,3.891617312093597,0.000865714110558,1.0
150,150,150,150,150,150,150,150,150,150,150,150,150,150,150,150,150,150,150,0.2337423870891812,0.2337423870891812,0.2337423870891812,0.2337423870891812,0.2337423870891812,0.2337423870891812,0.2337423870891812,0.2337423870891812,0.2337423870891812,0.2337423870891812,0.2337423870891812,0.2337423870891812,0.0572444522055614,0.0547035472670236,0.0610987978815844,0.053301569873602,0.0647934290759604,0.0547673479308158,0.058349310692534,0.0600735601956507,1.0007182323938169,0.0778774810139154,0.3525373066938417,0.1362942975327847,-0.0017562139036662,-0.0021203733231085,640.0,0.0,0.9905345325286374,0.4708746949087971,0.8217513147384797,0.4833469202236423,0.8269340621207426,0.0984383469262281,0.4256807315757339,0.770104221625241,0.996373483546578,0.5131814983831814,0.0743252973503707,0.7475382834694912,100000,30,12,0.1,1.0,0.1,0,11,0.001,1e-06,0.001,1e-07,1.0,1e-07,adamax,0,0.0,disordered,1,0.2330547822767992,0 days 09:57:56.608079,4.025563236902903,4.108785838833994,0.0017562139036662,1.0
151,151,151,151,151,151,151,151,151,151,151,151,151,151,151,151,151,151,151,0.2837303616516209,0.2837303616516209,0.2837303616516209,0.2837303616516209,0.2837303616516209,0.2837303616516209,0.2837303616516209,0.2837303616516209,0.2837303616516209,0.2837303616516209,0.2837303616516209,0.2837303616516209,0.0823949568464262,0.080976970760608,0.0808186739581591,0.0828512050437427,0.0983570501632386,1.0005597920228673,0.9948451525097166,0.8284536728846046,0.897745425301254,0.1098660506880875,0.2351694690346533,0.0810214334100366,-0.0015543322011435,-0.0019322095948258,551.0,0.0,0.6482748545633997,0.1496609131895748,0.2096219217272472,0.5019083405080652,0.1662058939666842,0.9165163716026364,0.9907703113194848,0.7523977700633425,0.8439922733623291,0.3312196221219013,0.1066804343937446,0.7290186157281227,100000,30,12,0.1,1.0,0.1,0,11,0.001,1e-06,0.001,1e-07,1.0,1e-07,adamax,0,0.0,disordered,1,0.282823488696506,0 days 09:57:56.608079,4.885545928856135,4.1119657725916,0.0015543322011435,1.0
152,152,152,152,152,152,152,152,152,152,152,152,152,152,152,152,152,152,152,0.1186173716452477,0.1186173716452477,0.1186173716452477,0.1186173716452477,0.1186173716452477,0.1186173716452477,0.1186173716452477,0.1186173716452477,0.1186173716452477,0.1186173716452477,0.1186173716452477,0.1186173716452477,0.0195449981962168,0.0140980949773327,0.0139529582073762,0.0142195560419798,0.1274202866233135,0.0155836180848535,0.0173145450917871,0.0146994236404905,0.0210932599523676,1.0017920264439557,0.0296976129435579,0.0165014867985207,-0.0020682675655771,-0.003179833812568,933.0,0.0,0.7939751161719123,0.6947801346813404,0.177051440159458,0.0266906115312945,0.5545568602357631,0.1499206963694241,0.294693182079087,0.4764056245886261,0.2509043791169674,0.932818986572725,0.3214092379050743,0.5609602809118995,100000,30,12,0.1,1.0,0.1,0,11,0.001,1e-06,0.001,1e-07,1.0,1e-07,adamax,0,0.0,disordered,1,0.1195896862325014,0 days 09:57:56.608079,4.244299488272943,4.147871993139031,0.0020682675655771,1.0
153,153,153,153,153,153,153,153,153,153,153,153,153,153,153,153,153,153,153,0.0946132375589076,0.0946132375589076,0.0946132375589076,0.0946132375589076,0.0946132375589076,0.0946132375589076,0.0946132375589076,0.0946132375589076,0.0946132375589076,0.0946132375589076,0.0946132375589076,0.0946132375589076,0.1055456398861889,5.388398467943362e-07,6.724156886423929e-07,9.194133566249532e-07,1.7005048053078717e-07,9.990286866963832e-08,3.833735948137728e-07,6.825051259640567e-06,2.930609648132681e-07,4.304789000625817e-07,3.1621788305367432e-06,0.5052430668840967,-0.0025129982839179,-0.0035406030624692,7203.0,0.0,0.9729887653335408,0.6708927172949258,0.3857643810724636,0.7530443630890749,0.193543124298731,0.103977241662804,0.038779099627476,0.6678087656439216,0.657988078578443,0.670959148799725,0.6733965454081345,0.5827774663664507,100000,30,12,0.1,1.0,0.1,0,11,0.001,1e-06,0.001,1e-07,1.0,1e-07,adamax,0,0.0,disordered,1,0.0959296533180948,0 days 09:57:56.608079,3.2819826001668653,4.020491151142369,0.0025129982839179,1.0
154,154,154,154,154,154,154,154,154,154,154,154,154,154,154,154,154,154,154,0.3919100249433399,0.3919100249433399,0.3919100249433399,0.3919100249433399,0.3919100249433399,0.3919100249433399,0.3919100249433399,0.3919100249433399,0.3919100249433399,0.3919100249433399,0.3919100249433399,0.3919100249433399,0.0448365951540588,0.044796067566,0.0515506079493488,0.0924212129300588,0.1196969509044999,0.0743196547482284,0.0839684327882827,0.1008351770471975,0.0939188016448833,0.0496213077706937,0.1081584314866137,1.000050942141835,-0.001339724325317,-0.0016356934864599,942.0,0.0,0.9417557313138412,0.4598379478447295,0.1233252313945793,0.2499942574141122,0.4083691459001147,0.6123203267135688,0.3577362877443939,0.4357099077651283,0.2935833985092709,0.7277334408157906,0.845134155030783,0.338783613064323,100000,30,12,0.1,1.0,0.1,0,11,0.001,1e-06,0.001,1e-07,1.0,1e-07,adamax,0,0.0,disordered,1,0.3880399476927621,0 days 09:57:56.608079,5.066024542679916,4.120753302326447,0.001339724325317,1.0
155,155,155,155,155,155,155,155,155,155,155,155,155,155,155,155,155,155,155,0.088694316560147,0.088694316560147,0.088694316560147,0.088694316560147,0.088694316560147,0.088694316560147,0.088694316560147,0.088694316560147,0.088694316560147,0.088694316560147,0.088694316560147,0.088694316560147,0.0764573212578578,0.0239909777036243,1.0000800990038463,0.0029315805262776,0.0017415402330722,0.0017601819842834,0.0017513468684485,0.0021888870221911,0.0278953683805552,0.0037371402373369,0.0153173803771444,0.0645450961050604,-0.0029465368295477,-0.0039050048900431,1703.0,0.0,0.8003503170635864,0.1970847602580898,0.9749271752625236,0.356152860257068,0.6614055922360822,0.6022105897609114,0.0821534229842885,0.5858340924685699,0.0466246723891885,0.4855800778680106,0.5371882984053611,0.951997611074012,100000,30,12,0.1,1.0,0.1,0,11,0.001,1e-06,0.001,1e-07,1.0,1e-07,adamax,0,0.0,disordered,1,0.0873617363400173,0 days 09:57:56.608079,4.390975839038038,4.454217221561825,0.0029465368295477,1.0
156,156,156,156,156,156,156,156,156,156,156,156,156,156,156,156,156,156,156,0.4757236139187883,0.4757236139187883,0.4757236139187883,0.4757236139187883,0.4757236139187883,0.4757236139187883,0.4757236139187883,0.4757236139187883,0.4757236139187883,0.4757236139187883,0.4757236139187883,0.4757236139187883,1.000094668323981,0.8562052692068637,0.149295272722272,0.2225340432114799,0.1638635423702836,0.1968520123444612,0.1278855500911629,0.1737491718010014,0.1690812586332358,0.1162783953616709,0.3907936738846749,0.9029072286856388,-0.0011701905887088,-0.001260374774208,618.0,0.0,0.182133745387985,0.0485946351976115,0.6269918487949945,0.3099575823858593,0.5502766895860995,0.2555058305220564,0.690354676478183,0.1258208526893879,0.5118869253857486,0.7715420836198362,0.892247253863254,0.3278519753616105,100000,30,12,0.1,1.0,0.1,0,11,0.001,1e-06,0.001,1e-07,1.0,1e-07,adamax,0,0.0,disordered,1,0.4687203757128227,0 days 09:57:56.608079,3.6578080766129233,3.846119717332921,0.0011701905887088,1.0
157,157,157,157,157,157,157,157,157,157,157,157,157,157,157,157,157,157,157,0.2054117348353062,0.2054117348353062,0.2054117348353062,0.2054117348353062,0.2054117348353062,0.2054117348353062,0.2054117348353062,0.2054117348353062,0.2054117348353062,0.2054117348353062,0.2054117348353062,0.2054117348353062,0.3906224308037919,0.4042975771156245,0.0894131572275624,0.7177943430192711,0.0950376239352661,1.0008713815585184,0.1635936486126454,0.3514687553302543,0.0430389902944526,0.0466819069593872,0.0739772448089661,0.0661598552814752,-0.0018595848275262,-0.0021816790119152,748.0,0.0,0.5487013173130514,0.9531344850851424,0.1384454988354615,0.830214191649277,0.7327395107432352,0.9660335288182658,0.4885474892180693,0.4552687916562221,0.5453349965360131,0.3611917337246968,0.0583130261082898,0.5685933037770732,100000,30,12,0.1,1.0,0.1,0,11,0.001,1e-06,0.001,1e-07,1.0,1e-07,adamax,0,0.0,disordered,1,0.2056343474705743,0 days 09:57:56.608079,3.8144883777692855,3.7705099463801854,0.0018595848275262,1.0
158,158,158,158,158,158,158,158,158,158,158,158,158,158,158,158,158,158,158,0.5241298302206053,0.5241298302206053,0.5241298302206053,0.5241298302206053,0.5241298302206053,0.5241298302206053,0.5241298302206053,0.5241298302206053,0.5241298302206053,0.5241298302206053,0.5241298302206053,0.5241298302206053,0.4253579575301761,0.3009034640200809,0.2795372365715874,0.2749925460344859,0.2971415806425545,0.4747764073566577,1.0001802598832752,0.2926791541750655,0.2728632378150871,0.2799253723106971,0.4400436944738451,0.8894191240360511,-0.0010494802441725,-0.0011322031886538,284.0,0.0,0.3898531222958959,0.5053216831123871,0.6995514146566701,0.3938181735900791,0.1621186463421164,0.8307599058240421,0.9442078856421376,0.2347843226477063,0.6108236996679951,0.3773559526274866,0.7018834718502762,0.0546730326301002,100000,30,12,0.1,1.0,0.1,0,11,0.001,1e-06,0.001,1e-07,1.0,1e-07,adamax,0,0.0,disordered,1,0.5242653923226681,0 days 09:57:56.608079,3.8756870929923206,3.899253994314253,0.0010494802441725,1.0
159,159,159,159,159,159,159,159,159,159,159,159,159,159,159,159,159,159,159,0.4047756965997316,0.4047756965997316,0.4047756965997316,0.4047756965997316,0.4047756965997316,0.4047756965997316,0.4047756965997316,0.4047756965997316,0.4047756965997316,0.4047756965997316,0.4047756965997316,0.4047756965997316,0.1268720935967414,0.1120078164983678,0.1320369255475663,0.1424069196487218,0.1739779126640696,0.1910211410085829,0.1049380785936347,0.1047442736340011,0.1088276575244071,0.111877795757988,0.197472934086041,1.000273315324608,-0.0012698058386821,-0.0014939099553034,586.0,0.0,0.9194034540657708,0.854608348268091,0.1387081230046472,0.6410568369788642,0.3306023906468737,0.2100287729330664,0.8474872128226818,0.7529992406443696,0.5771772316266393,0.6204337554211788,0.8697201396394431,0.3413880117550416,100000,30,12,0.1,1.0,0.1,0,11,0.001,1e-06,0.001,1e-07,1.0,1e-07,adamax,0,0.0,disordered,1,0.4090206733643381,0 days 09:57:56.608079,4.061174033514494,4.051119985059252,0.0012698058386821,1.0
160,160,160,160,160,160,160,160,160,160,160,160,160,160,160,160,160,160,160,0.2263129568399526,0.2263129568399526,0.2263129568399526,0.2263129568399526,0.2263129568399526,0.2263129568399526,0.2263129568399526,0.2263129568399526,0.2263129568399526,0.2263129568399526,0.2263129568399526,0.2263129568399526,0.2139693501839648,0.192490198083348,0.0807411891720703,0.0522548794178915,0.053161146296104,0.9797970432717232,0.0514066920642475,0.8843611816490401,1.0001663366278934,0.3403041501530453,0.0824693168831042,0.1978138400765526,-0.001760482312109,-0.0019578123132609,644.0,0.0,0.4930006569675881,0.2293783972850448,0.4531024331903944,0.1709223691586158,0.3456081147054866,0.6432019355210938,0.2766867791863913,0.6528621810348465,0.7971262366886388,0.6295824775477612,0.46928653969985,0.390735095512803,100000,30,12,0.1,1.0,0.1,0,11,0.001,1e-06,0.001,1e-07,1.0,1e-07,adamax,0,0.0,disordered,1,0.2241528867169775,0 days 09:57:56.608079,4.01540811883869,3.623148601540725,0.001760482312109,1.0
161,161,161,161,161,161,161,161,161,161,161,161,161,161,161,161,161,161,161,0.3228628202536728,0.3228628202536728,0.3228628202536728,0.3228628202536728,0.3228628202536728,0.3228628202536728,0.3228628202536728,0.3228628202536728,0.3228628202536728,0.3228628202536728,0.3228628202536728,0.3228628202536728,0.7153640761699983,0.5629048333389459,0.8602890043169091,0.08814604001108,0.7917557108274957,0.4456922698245166,1.0001419309631234,0.6795164645245867,0.0994610786757223,0.1011513983723585,0.3004233060907736,0.2315885903064651,-0.0014123466761186,-0.0015176824896699,565.0,0.0,0.0723702891932622,0.7662354457714627,0.9554555810072084,0.241228705435484,0.6963187340726933,0.60276645076222,0.8127417971322611,0.6830013088815216,0.1960750665428106,0.1349177742162709,0.3368118541359427,0.1861283494682134,100000,30,12,0.1,1.0,0.1,0,11,0.001,1e-06,0.001,1e-07,1.0,1e-07,adamax,0,0.0,disordered,1,0.3254969347656702,0 days 09:57:56.608079,3.878082052926666,3.707080475162222,0.0014123466761186,1.0
162,162,162,162,162,162,162,162,162,162,162,162,162,162,162,162,162,162,162,0.333461801578636,0.333461801578636,0.333461801578636,0.333461801578636,0.333461801578636,0.333461801578636,0.333461801578636,0.333461801578636,0.333461801578636,0.333461801578636,0.333461801578636,0.333461801578636,0.1137598150905231,0.1126871140861363,0.7247944494377416,0.9945072605374216,0.1113780519859814,1.0021661240770072,0.9992271186850644,0.1116354462216248,0.1135052933146498,0.111030341618264,0.567281490852051,0.2225031257982477,-0.0012844502430725,-0.0014935233446352,479.0,0.0,0.6023762430226838,0.0878655252270514,0.6752825814993385,0.7853399182255231,0.0413469873262518,0.8872135498661534,0.8203067955127752,0.0426734613804549,0.5476119930948808,0.0276987578582994,0.476849323850059,0.0810706566252456,100000,30,12,0.1,1.0,0.1,0,11,0.001,1e-06,0.001,1e-07,1.0,1e-07,adamax,0,0.0,disordered,1,0.3354451022254804,0 days 09:57:56.608079,4.305806514613484,3.8900991605611006,0.0012844502430725,1.0
163,163,163,163,163,163,163,163,163,163,163,163,163,163,163,163,163,163,163,0.2414157116103016,0.2414157116103016,0.2414157116103016,0.2414157116103016,0.2414157116103016,0.2414157116103016,0.2414157116103016,0.2414157116103016,0.2414157116103016,0.2414157116103016,0.2414157116103016,0.2414157116103016,0.5677298652334707,0.7803630017563067,0.7562745965286952,0.733364346948778,0.6445322927198562,0.0770621250944216,9.999814705617389e-08,2.857735626196881e-07,4.93897961843924e-07,0.2131260184984743,0.0830069293205183,0.0711227623221138,-0.0018648319806805,-0.0023329688394108,34960.0,0.0,0.5758752183135014,0.0770917045106102,0.0891812636734423,0.9707655112111976,0.8086431747728513,0.6726456573027725,0.7873534174037112,0.2138068606342079,0.1035298872262434,0.3220818050220797,0.7609848968381185,0.7554276132962582,100000,30,12,0.1,1.0,0.1,0,11,0.001,1e-06,0.001,1e-07,1.0,1e-07,adamax,0,0.0,disordered,1,0.2380066105193212,0 days 09:57:56.608079,4.001773182460005,4.184019282636502,0.0018648319806805,1.0
164,164,164,164,164,164,164,164,164,164,164,164,164,164,164,164,164,164,164,0.4047756965997316,0.4047756965997316,0.4047756965997316,0.4047756965997316,0.4047756965997316,0.4047756965997316,0.4047756965997316,0.4047756965997316,0.4047756965997316,0.4047756965997316,0.4047756965997316,0.4047756965997316,0.1729010798160686,0.2208342173204325,0.4194514910872292,0.8954315052970073,0.83504279397783,0.1646991738657449,0.8172752495155787,1.0020176474758753,0.995655789028647,0.2217858977176333,0.1622677597134677,0.1972421451556604,-0.0012051377112343,-0.0014065478426162,396.0,0.0,0.7175991955140247,0.4169878110167524,0.5086903174204658,0.7400016015709628,0.5875236478790725,0.2213090706827494,0.4701230161149549,0.9348430298883496,0.961070735677403,0.0774580871146507,0.1196809759074851,0.0580147337772677,100000,30,12,0.1,1.0,0.1,0,11,0.001,1e-06,0.001,1e-07,1.0,1e-07,adamax,0,0.0,disordered,1,0.4059581748499796,0 days 09:57:56.608079,4.025793867344701,3.869459011153967,0.0012051377112343,1.0
165,165,165,165,165,165,165,165,165,165,165,165,165,165,165,165,165,165,165,0.2837303616516209,0.2837303616516209,0.2837303616516209,0.2837303616516209,0.2837303616516209,0.2837303616516209,0.2837303616516209,0.2837303616516209,0.2837303616516209,0.2837303616516209,0.2837303616516209,0.2837303616516209,0.4073169354100739,0.1654829640909079,0.3122799707348407,0.0802051827776681,0.9394864668488904,0.0791047318244925,0.6037724962365073,1.0022167357976366,0.9527139487216753,0.1560449666362291,0.0794077631638146,0.079191853907106,-0.0015270967860011,-0.001910697874274,553.0,0.0,0.5053224970285753,0.8981542338510546,0.5149285866757037,0.3326697194301049,0.8811087944470062,0.2414535217964392,0.5495248734337503,0.8854725114915851,0.8715760559548247,0.1321769159494964,0.3050751526083735,0.4077745572349009,100000,30,12,0.1,1.0,0.1,0,11,0.001,1e-06,0.001,1e-07,1.0,1e-07,adamax,0,0.0,disordered,1,0.2883275392870807,0 days 09:57:56.608079,4.216740186068924,3.931244052967663,0.0015270967860011,1.0
166,166,166,166,166,166,166,166,166,166,166,166,166,166,166,166,166,166,166,0.2054117348353062,0.2054117348353062,0.2054117348353062,0.2054117348353062,0.2054117348353062,0.2054117348353062,0.2054117348353062,0.2054117348353062,0.2054117348353062,0.2054117348353062,0.2054117348353062,0.2054117348353062,0.1208069298966812,0.0336485226861846,0.1066738190050688,0.0277227441139438,0.0293124114860997,0.7850067007887077,1.0003275271628893,0.2780147013367299,0.2317538573672116,0.1440808661299534,0.0621323042574018,0.0821787881270748,-0.0018325759330896,-0.0020862041929807,883.0,0.0,0.7725284557686096,0.686684721711338,0.5367303424045855,0.3768587937652314,0.2869107062612098,0.5824724774589648,0.8038178801135077,0.3512810604683982,0.2841725811036992,0.0098014693381194,0.110380666903483,0.1312510297306344,100000,30,12,0.1,1.0,0.1,0,11,0.001,1e-06,0.001,1e-07,1.0,1e-07,adamax,0,0.0,disordered,1,0.2046086190050635,0 days 09:57:56.608079,3.425651015834058,3.5228670894557723,0.0018325759330896,1.0
167,167,167,167,167,167,167,167,167,167,167,167,167,167,167,167,167,167,167,0.3026648059395688,0.3026648059395688,0.3026648059395688,0.3026648059395688,0.3026648059395688,0.3026648059395688,0.3026648059395688,0.3026648059395688,0.3026648059395688,0.3026648059395688,0.3026648059395688,0.3026648059395688,0.5779808275905263,0.2330731618669669,0.0895043151675994,0.0890948670820687,0.0912339338200497,1.001094169004599,0.1283253208101506,0.090550505525414,0.984648415188713,0.9150947244254292,0.1339465337080893,0.176899937263767,-0.0014847889167636,-0.0016814208427797,531.0,0.0,0.4322052618946842,0.7758345101290121,0.4043857509029754,0.1460427398879018,0.1679213699100826,0.952884908736082,0.6201842307810612,0.2964785426638304,0.8444660694775874,0.9474444975391232,0.5467043710128199,0.4530432787594874,100000,30,12,0.1,1.0,0.1,0,11,0.001,1e-06,0.001,1e-07,1.0,1e-07,adamax,0,0.0,disordered,1,0.2995284975948128,0 days 09:57:56.608079,4.091519484920312,3.930323159668039,0.0014847889167636,1.0
168,168,168,168,168,168,168,168,168,168,168,168,168,168,168,168,168,168,168,0.1805148879221106,0.1805148879221106,0.1805148879221106,0.1805148879221106,0.1805148879221106,0.1805148879221106,0.1805148879221106,0.1805148879221106,0.1805148879221106,0.1805148879221106,0.1805148879221106,0.1805148879221106,0.6836166879483386,0.4213034004814933,0.4141669349749418,0.05266166614251,1.0007397743120312,0.0533974780423194,0.2897821539912041,0.0359566050964086,0.0333438862219293,0.0401089359339664,0.052150363241283,0.0442270535805945,-0.002316544309091,-0.0029242457980797,747.0,0.0,0.3865609462752719,0.3750887220633633,0.8641334593779851,0.7121169088606202,0.9116187399049344,0.0330861618683887,0.1317100749102014,0.5247398946099376,0.586993413190181,0.4302177437931249,0.5175722149699251,0.901339437787484,100000,30,12,0.1,1.0,0.1,0,11,0.001,1e-06,0.001,1e-07,1.0,1e-07,adamax,0,0.0,disordered,1,0.1825997929708769,0 days 09:57:56.608079,4.204189371877262,4.0823666348033,0.002316544309091,1.0
169,169,169,169,169,169,169,169,169,169,169,169,169,169,169,169,169,169,169,0.2263129568399526,0.2263129568399526,0.2263129568399526,0.2263129568399526,0.2263129568399526,0.2263129568399526,0.2263129568399526,0.2263129568399526,0.2263129568399526,0.2263129568399526,0.2263129568399526,0.2263129568399526,0.1098479604844913,0.0805007884748645,0.0526532013406096,0.0519947009031662,0.9914482922992444,0.9937249704341582,0.9979560862554352,1.0020322769171246,0.0511961170932323,0.053502430655237,0.0512434573291923,0.0583445001560898,-0.0018187694980357,-0.0026583771859699,649.0,0.0,0.5628716867420183,0.2620706984769563,0.4998416118676445,0.2976851522117538,0.6305004038324661,0.5873705253573342,0.7080282063122164,0.9740300030341958,0.4986415638058594,0.0375864993647589,0.4949250184604326,0.5079226609557341,100000,30,12,0.1,1.0,0.1,0,11,0.001,1e-06,0.001,1e-07,1.0,1e-07,adamax,0,0.0,disordered,1,0.2254578214917614,0 days 09:57:56.608079,4.514726987255253,3.881446676653281,0.0018187694980357,1.0
170,170,170,170,170,170,170,170,170,170,170,170,170,170,170,170,170,170,170,0.4317879727332017,0.4317879727332017,0.4317879727332017,0.4317879727332017,0.4317879727332017,0.4317879727332017,0.4317879727332017,0.4317879727332017,0.4317879727332017,0.4317879727332017,0.4317879727332017,0.4317879727332017,0.4014928802318812,0.0019804227208693,0.0030696445530059,0.0015211158630968,0.0051096701213898,0.0019886036609282,0.001358394996408,0.0012023665594972,0.1570760898605116,0.0219896584094379,0.3655812012534274,1.000061751485254,-0.0010295200956235,-0.0013193949902547,2701.0,0.0,0.7907435523960199,0.9276889739859024,0.1612277039736088,0.8859141379692881,0.1726543840939524,0.5902395946811771,0.0046682064387766,0.8449914787022698,0.412171198620191,0.2167115328242185,0.9461633176947816,0.0858252645518551,100000,30,12,0.1,1.0,0.1,0,11,0.001,1e-06,0.001,1e-07,1.0,1e-07,adamax,0,0.0,disordered,1,0.4283130524252909,0 days 09:57:56.608079,3.480641694412734,4.020273768648592,0.0010295200956235,1.0
171,171,171,171,171,171,171,171,171,171,171,171,171,171,171,171,171,171,171,0.1925613572129196,0.1925613572129196,0.1925613572129196,0.1925613572129196,0.1925613572129196,0.1925613572129196,0.1925613572129196,0.1925613572129196,0.1925613572129196,0.1925613572129196,0.1925613572129196,0.1925613572129196,0.5180614673361763,0.066323091368245,0.0394551938985085,0.0656393436894523,0.994473636915298,0.0366262916297136,0.9716670769483003,0.0378558383604351,1.0002932878351007,0.0380428973586501,0.0383214124417253,0.0368215017736731,-0.0022014956129179,-0.0031611291675546,718.0,0.0,0.3519555683948094,0.4662096657402347,0.2641610423199229,0.3577243023289156,0.8439450561857775,0.1966853652975934,0.5568244398237743,0.2123840167638335,0.6193251512817038,0.2504078897401338,0.3153846107667606,0.5267904055998419,100000,30,12,0.1,1.0,0.1,0,11,0.001,1e-06,0.001,1e-07,1.0,1e-07,adamax,0,0.0,disordered,1,0.1931051210507532,0 days 09:57:56.608079,4.326931596307709,3.774245868561716,0.0022014956129179,1.0
172,172,172,172,172,172,172,172,172,172,172,172,172,172,172,172,172,172,172,0.2121550171362449,0.2121550171362449,0.2121550171362449,0.2121550171362449,0.2121550171362449,0.2121550171362449,0.2121550171362449,0.2121550171362449,0.2121550171362449,0.2121550171362449,0.2121550171362449,0.2121550171362449,0.9465937774056022,0.1291514227462617,0.0997787145350687,1.0020786397842478,0.0452217937387143,0.0473600073938604,0.045064584869124,0.0484443930240182,0.0785924359306061,0.0561674508356175,0.2249378850380892,0.0719563863340544,-0.0020494119566437,-0.0025122971163639,677.0,0.0,0.2517950567936714,0.7296339402648715,0.2245900242579696,0.8373230498189689,0.7008026550476931,0.1292264353061747,0.5201552343639971,0.0661997105179632,0.1721544722467036,0.312892160296816,0.7078524496291896,0.6182809299151276,100000,30,12,0.1,1.0,0.1,0,11,0.001,1e-06,0.001,1e-07,1.0,1e-07,adamax,0,0.0,disordered,1,0.2113696420334879,0 days 09:57:56.608079,4.0637550658452,3.916376149487125,0.0020494119566437,1.0
173,173,173,173,173,173,173,173,173,173,173,173,173,173,173,173,173,173,173,0.4317879727332017,0.4317879727332017,0.4317879727332017,0.4317879727332017,0.4317879727332017,0.4317879727332017,0.4317879727332017,0.4317879727332017,0.4317879727332017,0.4317879727332017,0.4317879727332017,0.4317879727332017,0.2148925994601096,0.2197683751141616,0.2473408871044621,0.4390118389731115,0.2414976034441565,0.1830182944644979,0.1883538139289543,0.1927586951506276,1.0021502597125385,0.2040678860474773,0.8618308040965073,0.432085500043209,-0.0011555500908551,-0.0012715276105517,373.0,0.0,0.532032312442629,0.1823636503495314,0.297466122530351,0.6865605756254168,0.490586013515179,0.3226402252012018,0.0690082719759968,0.0460383384738465,0.9243948450781102,0.4160384084032459,0.892642849940053,0.2427364202596078,100000,30,12,0.1,1.0,0.1,0,11,0.001,1e-06,0.001,1e-07,1.0,1e-07,adamax,0,0.0,disordered,1,0.4318736552901395,0 days 09:57:56.608079,3.986884739239622,4.023883056213769,0.0011555500908551,1.0
174,174,174,174,174,174,174,174,174,174,174,174,174,174,174,174,174,174,174,0.333461801578636,0.333461801578636,0.333461801578636,0.333461801578636,0.333461801578636,0.333461801578636,0.333461801578636,0.333461801578636,0.333461801578636,0.333461801578636,0.333461801578636,0.333461801578636,0.1143489264150409,0.1126686744556691,1.0013240031257142,0.1107745304568376,0.1178422613425635,0.996888215482015,0.7947735375499979,0.1572522534489174,0.3816729571042562,0.7537834696718008,0.1210677178931005,0.1151139655964176,-0.0013569430376145,-0.0014952948194169,478.0,0.0,0.5902893458566169,0.2554925136067161,0.8824369211174049,0.2237432147542696,0.5457548232681747,0.966408500467066,0.7300655008831317,0.55451469704545,0.3642251993788008,0.5299935154653812,0.003964601886879,0.1307005979703461,100000,30,12,0.1,1.0,0.1,0,11,0.001,1e-06,0.001,1e-07,1.0,1e-07,adamax,0,0.0,disordered,1,0.3385486748462572,0 days 09:57:56.608079,3.984507599263597,3.7544816962129546,0.0013569430376145,1.0
175,175,175,175,175,175,175,175,175,175,175,175,175,175,175,175,175,175,175,0.4047756965997316,0.4047756965997316,0.4047756965997316,0.4047756965997316,0.4047756965997316,0.4047756965997316,0.4047756965997316,0.4047756965997316,0.4047756965997316,0.4047756965997316,0.4047756965997316,0.4047756965997316,0.2325666821972604,0.1614920009041228,0.24605478064603,0.6585552085352089,0.9133634024890356,1.0007429355963688,0.161318752288466,0.6846155267602574,0.9780942983524658,0.936424114422936,0.1887696267033771,0.2760315318751759,-0.0011489827627428,-0.0012479777305338,400.0,0.0,0.2790991030065441,0.0468384390791053,0.2382331369006272,0.4210956189228788,0.8581652380491207,0.919041328596542,0.0206468547942875,0.4598981761889207,0.6834911275073907,0.752343177655418,0.1593110042926907,0.0072366000934332,100000,30,12,0.1,1.0,0.1,0,11,0.001,1e-06,0.001,1e-07,1.0,1e-07,adamax,0,0.0,disordered,1,0.411033139166537,0 days 09:57:56.608079,4.238414438411344,3.871085333173438,0.0011489827627428,1.0
176,176,176,176,176,176,176,176,176,176,176,176,176,176,176,176,176,176,176,0.1864408533970484,0.1864408533970484,0.1864408533970484,0.1864408533970484,0.1864408533970484,0.1864408533970484,0.1864408533970484,0.1864408533970484,0.1864408533970484,0.1864408533970484,0.1864408533970484,0.1864408533970484,0.689604354264442,0.2811901064128257,0.3002190195748537,0.3050477185515533,0.2056463915529767,9.999913458712928e-08,1.1899095659683812e-07,0.209028443662735,0.0305372477958514,0.0778165553480108,1.818828842631589e-07,0.3198151247280371,-0.0022592999563148,-0.0023831331253779,84023.0,0.0,0.2493808475659444,0.3142001016251147,0.1871628674307952,0.2204804283056316,0.6620003487166186,0.2217289002022189,0.1888468319739497,0.2708439558761873,0.455397885465194,0.1981833967994051,0.4956181222794322,0.936968986660444,100000,30,12,0.1,1.0,0.1,0,11,0.001,1e-06,0.001,1e-07,1.0,1e-07,adamax,0,0.0,disordered,1,0.1864116039727992,0 days 09:57:56.608079,3.838330237392224,3.849265677739007,0.0022592999563148,1.0
177,177,177,177,177,177,177,177,177,177,177,177,177,177,177,177,177,177,177,0.1747772774464679,0.1747772774464679,0.1747772774464679,0.1747772774464679,0.1747772774464679,0.1747772774464679,0.1747772774464679,0.1747772774464679,0.1747772774464679,0.1747772774464679,0.1747772774464679,0.1747772774464679,0.1786299287517593,0.0812549421760226,0.9024198481114636,0.895749883953303,0.0306590572953651,0.5953914950980883,0.0377788410486504,0.030169345173641,1.0001983517747683,0.0306876446357652,0.0301183149860087,0.0306795293811345,-0.0021514761605737,-0.0031252180493857,760.0,0.0,0.8217622708517057,0.7513602717091733,0.9424908823824212,0.9216691367522626,0.5530379528488172,0.6917257743704043,0.3526787263580574,0.5383261755672814,0.920654969928161,0.5076198694558568,0.4212669136615909,0.6581423117426194,100000,30,12,0.1,1.0,0.1,0,11,0.001,1e-06,0.001,1e-07,1.0,1e-07,adamax,0,0.0,disordered,1,0.1734644660905057,0 days 09:57:56.608079,3.9335214841736414,3.596929735738956,0.0021514761605737,1.0
178,178,178,178,178,178,178,178,178,178,178,178,178,178,178,178,178,178,178,0.367392478180207,0.367392478180207,0.367392478180207,0.367392478180207,0.367392478180207,0.367392478180207,0.367392478180207,0.367392478180207,0.367392478180207,0.367392478180207,0.367392478180207,0.367392478180207,0.1345783894085254,0.15850698541017,0.1346784582105133,0.1338369682988095,1.0005671642434628,0.9941010676962952,0.1349541918174952,0.1493136139995036,0.1565065731768409,0.1442634723189542,0.3463663879678469,0.6095153705806783,-0.001348428093936,-0.0015342456107803,436.0,0.0,0.4650690107189882,0.0950751511429794,0.3789402569079488,0.1358529711872043,0.914623681246587,0.7408822942823422,0.4393104955811658,0.0707768976316932,0.1130279864224709,0.2624156021116005,0.5242856925683992,0.1061762451345866,100000,30,12,0.1,1.0,0.1,0,11,0.001,1e-06,0.001,1e-07,1.0,1e-07,adamax,0,0.0,disordered,1,0.3685848598275854,0 days 09:57:56.608079,4.11634591315073,4.026480045577667,0.001348428093936,1.0
179,179,179,179,179,179,179,179,179,179,179,179,179,179,179,179,179,179,179,0.5591070776755287,0.5591070776755287,0.5591070776755287,0.5591070776755287,0.5591070776755287,0.5591070776755287,0.5591070776755287,0.5591070776755287,0.5591070776755287,0.5591070776755287,0.5591070776755287,0.5591070776755287,0.2914747977710415,0.2767290291699451,0.2700111101493409,0.2626063181439002,0.2766641387378357,0.5840611487481672,0.2485644738651029,0.2619835011434319,0.7824046770212595,1.0005695509022947,0.51609888821578,0.786877007953956,-0.0009658467858723,-0.0010181871467053,359.0,0.0,0.3628835152626581,0.1810869435269304,0.1040694882091142,0.1207156030198123,0.1205773080414402,0.8314340131623814,0.1801038565742732,0.1114461759198258,0.8308278558558296,0.961011026603638,0.7342278090035012,0.0729623876622924,100000,30,12,0.1,1.0,0.1,0,11,0.001,1e-06,0.001,1e-07,1.0,1e-07,adamax,0,0.0,disordered,1,0.5560084895850682,0 days 09:57:56.608079,3.960912009836768,3.9953174958520097,0.0009658467858723,1.0
180,180,180,180,180,180,180,180,180,180,180,180,180,180,180,180,180,180,180,0.2493409369951876,0.2493409369951876,0.2493409369951876,0.2493409369951876,0.2493409369951876,0.2493409369951876,0.2493409369951876,0.2493409369951876,0.2493409369951876,0.2493409369951876,0.2493409369951876,0.2493409369951876,0.6781848751698477,0.3825228779074334,0.3608352436236919,0.1290391720348754,0.0845460604143042,0.9583333424702016,0.0597440554579671,0.0744121338159859,0.0987964259316039,0.108448620256668,1.0019158899926444,0.0623938094134268,-0.0017808905528703,-0.0020354486892992,619.0,0.0,0.135227585489973,0.1455237945638252,0.097818328651009,0.4805453164795235,0.0559177808052885,0.7949178194024896,0.4107411089264134,0.1952745361576933,0.0930262237184345,0.5691464282847171,0.7780822486374359,0.5827575179313235,100000,30,12,0.1,1.0,0.1,0,11,0.001,1e-06,0.001,1e-07,1.0,1e-07,adamax,0,0.0,disordered,1,0.2462409609739031,0 days 09:57:56.608079,3.810309761959971,3.77036116821086,0.0017808905528703,1.0
181,181,181,181,181,181,181,181,181,181,181,181,181,181,181,181,181,181,181,0.2414157116103016,0.2414157116103016,0.2414157116103016,0.2414157116103016,0.2414157116103016,0.2414157116103016,0.2414157116103016,0.2414157116103016,0.2414157116103016,0.2414157116103016,0.2414157116103016,0.2414157116103016,0.9712309573744792,0.1849305456581203,0.1146216856258978,0.062461432911596,1.0016503043584082,0.0655180715166246,0.0847981818824225,0.0981733908815774,0.0682931725061693,0.3963509661628628,0.0969777780148535,0.1504262905534587,-0.0017976191751786,-0.0021033042228892,619.0,0.0,0.2376203456844096,0.8029028204045157,0.5144587734644316,0.5852728529588221,0.90773163704272,0.6753026600541806,0.1166591329730092,0.6944758160683953,0.2903939653665163,0.7900091434874791,0.5623982115664938,0.5406843913905252,100000,30,12,0.1,1.0,0.1,0,11,0.001,1e-06,0.001,1e-07,1.0,1e-07,adamax,0,0.0,disordered,1,0.2410132383733422,0 days 09:57:56.608079,3.628773748152564,3.63655569409253,0.0017976191751786,1.0
182,182,182,182,182,182,182,182,182,182,182,182,182,182,182,182,182,182,182,0.2414157116103016,0.2414157116103016,0.2414157116103016,0.2414157116103016,0.2414157116103016,0.2414157116103016,0.2414157116103016,0.2414157116103016,0.2414157116103016,0.2414157116103016,0.2414157116103016,0.2414157116103016,1.0010176158815989,0.987354507200724,0.1420419233873623,0.2609625679423301,0.4592992980051751,0.4501518106267096,0.0897530568640907,0.056721741353271,0.9064736461143528,0.1010343020159249,0.0823627180629597,0.1032477287708183,-0.0017663947750613,-0.0020676584679469,626.0,0.0,0.1413538655857303,0.0271220945245717,0.9748166908535594,0.0303579646415819,0.0518069464734765,0.4585185987142001,0.9373870480730612,0.541439845201694,0.992234973213659,0.7159409359468822,0.8206692556312501,0.8193095900901667,100000,30,12,0.1,1.0,0.1,0,11,0.001,1e-06,0.001,1e-07,1.0,1e-07,adamax,0,0.0,disordered,1,0.2380239825075682,0 days 09:57:56.608079,3.617091283073728,3.469173012085777,0.0017663947750613,1.0
183,183,183,183,183,183,183,183,183,183,183,183,183,183,183,183,183,183,183,0.1805148879221106,0.1805148879221106,0.1805148879221106,0.1805148879221106,0.1805148879221106,0.1805148879221106,0.1805148879221106,0.1805148879221106,0.1805148879221106,0.1805148879221106,0.1805148879221106,0.1805148879221106,0.0758024569583945,0.7720161919677038,0.1110986445546678,0.0825843723182221,0.0461749102848802,1.001646446348438,0.0319668014626781,0.0318533907417788,0.0364561667200934,0.3125659470649553,0.150280340355678,0.037140311787039,-0.0018663515269483,-0.002172212348298,754.0,0.0,0.943006272690257,0.9689264863063872,0.3276494541319806,0.7083458703669923,0.5084046609907297,0.9787623649000357,0.5912992803747523,0.4000301605128264,0.0337555554224702,0.7289475620574137,0.0126671734556811,0.6485375145549263,100000,30,12,0.1,1.0,0.1,0,11,0.001,1e-06,0.001,1e-07,1.0,1e-07,adamax,0,0.0,disordered,1,0.1786832086825463,0 days 09:57:56.608079,4.184357935364834,3.8999905292165393,0.0018663515269483,1.0
184,184,184,184,184,184,184,184,184,184,184,184,184,184,184,184,184,184,184,0.3919100249433399,0.3919100249433399,0.3919100249433399,0.3919100249433399,0.3919100249433399,0.3919100249433399,0.3919100249433399,0.3919100249433399,0.3919100249433399,0.3919100249433399,0.3919100249433399,0.3919100249433399,0.7341553873211476,0.135283400159537,0.8627266741811356,0.1314486079269471,0.1588597849763124,0.5063677197038776,0.0908242371615346,1.000607057527639,0.7716332642900174,0.8630075415956504,0.1127985100124413,0.4038587738249384,-0.0011889035330252,-0.0012665552434823,633.0,0.0,0.2649876404506113,0.6755883122773291,0.9918198827907344,0.3484962578197382,0.5571793767128005,0.5563311598316637,0.1628741883429298,0.7379079615026909,0.7030663930457914,0.7713941988124761,0.2208141426746092,0.0677345045417457,100000,30,12,0.1,1.0,0.1,0,11,0.001,1e-06,0.001,1e-07,1.0,1e-07,adamax,0,0.0,disordered,1,0.3940625880692128,0 days 09:57:56.608079,3.829190824538121,3.753825027590026,0.0011889035330252,1.0
185,185,185,185,185,185,185,185,185,185,185,185,185,185,185,185,185,185,185,0.293044697697214,0.293044697697214,0.293044697697214,0.293044697697214,0.293044697697214,0.293044697697214,0.293044697697214,0.293044697697214,0.293044697697214,0.293044697697214,0.293044697697214,0.293044697697214,0.3992887548907105,0.4986397992096754,0.3009306904889275,0.5046527058231738,0.0535124265745721,0.00673822730166,9.31492153460408e-05,1.281960299390541e-05,1.5275679450165668e-05,2.3777878135831628e-05,0.5171285004313743,0.4765376709752941,-0.0016730905092208,-0.0018916540367484,6084.0,1.0,0.3937263229318543,0.1172362072779105,0.2767631958326918,0.0169696425388787,0.4022489219427492,0.360677478882739,0.3262305583495524,0.3855598183281474,0.0402466755464366,0.4349757485946594,0.6537146155742647,0.3242104328068582,100000,30,12,0.1,1.0,0.1,0,11,0.001,1e-06,0.001,1e-07,1.0,1e-07,adamax,0,0.0,disordered,1,0.297554343987975,0 days 09:57:56.608079,3.291141328011184,3.77517756556426,0.0016730905092208,1.0
186,186,186,186,186,186,186,186,186,186,186,186,186,186,186,186,186,186,186,0.2837303616516209,0.2837303616516209,0.2837303616516209,0.2837303616516209,0.2837303616516209,0.2837303616516209,0.2837303616516209,0.2837303616516209,0.2837303616516209,0.2837303616516209,0.2837303616516209,0.2837303616516209,0.616910172285579,0.0956933339883406,0.2474431729273118,0.9946523795612172,0.0772072034012806,0.5893468208249735,0.0765964516525092,0.9165183540963522,0.0761749470756,1.0004489888053218,0.0780473607751768,0.0799920227673041,-0.0013519789519808,-0.0018115519393365,569.0,0.0,0.566660944618112,0.8021387118032729,0.5251025981088469,0.9268620006938288,0.7707486331253395,0.5573566425490262,0.083710156867153,0.4687061008091225,0.0344612358466409,0.9556562375208256,0.0461552314059547,0.2080422743690986,100000,30,12,0.1,1.0,0.1,0,11,0.001,1e-06,0.001,1e-07,1.0,1e-07,adamax,0,0.0,disordered,1,0.284868124630555,0 days 09:57:56.608079,3.672820267785143,3.679831784154415,0.0013519789519808,1.0
187,187,187,187,187,187,187,187,187,187,187,187,187,187,187,187,187,187,187,0.1864408533970484,0.1864408533970484,0.1864408533970484,0.1864408533970484,0.1864408533970484,0.1864408533970484,0.1864408533970484,0.1864408533970484,0.1864408533970484,0.1864408533970484,0.1864408533970484,0.1864408533970484,1.000078627977279,0.4552191443641776,0.1058734313226164,0.0424348277069493,0.0413283284098233,0.0566685600151256,0.0347152334767104,0.0417503484527184,0.2592990457940131,0.036117339676616,0.0402674164138444,0.0395391413849334,-0.0021752424019404,-0.0032712165241135,730.0,0.0,0.182888538163592,0.8612550547128319,0.9076713176225232,0.7260500788554521,0.8534359499340505,0.2604361863396208,0.8953795199981,0.1011413368929425,0.3093937870356646,0.8592206377761276,0.6908871214304099,0.9334503857974236,100000,30,12,0.1,1.0,0.1,0,11,0.001,1e-06,0.001,1e-07,1.0,1e-07,adamax,0,0.0,disordered,1,0.1837005062487097,0 days 09:57:56.608079,3.700930127592908,3.848540890661448,0.0021752424019404,1.0
188,188,188,188,188,188,188,188,188,188,188,188,188,188,188,188,188,188,188,0.1638433645577982,0.1638433645577982,0.1638433645577982,0.1638433645577982,0.1638433645577982,0.1638433645577982,0.1638433645577982,0.1638433645577982,0.1638433645577982,0.1638433645577982,0.1638433645577982,0.1638433645577982,0.0624632725736784,0.0484241753585256,0.2459112033929306,1.0020835216362594,0.0270236832235826,0.0270556258073075,0.0260294411603907,0.9744868695066692,0.0325185475588854,0.1172407438911041,0.0429568648414831,0.0286195647433128,-0.0022223717808848,-0.0030955788452633,795.0,0.0,0.8486891703034303,0.2110979491736087,0.4184623937005955,0.9889100188894656,0.7029882633961682,0.7939055624479926,0.0828351181710876,0.9537513978759496,0.5504452183949765,0.1535995306316145,0.5736723197413477,0.9153875006878254,100000,30,12,0.1,1.0,0.1,0,11,0.001,1e-06,0.001,1e-07,1.0,1e-07,adamax,0,0.0,disordered,1,0.1612509616457414,0 days 09:57:56.608079,4.532234897874851,4.074746163259087,0.0022223717808848,1.0
189,189,189,189,189,189,189,189,189,189,189,189,189,189,189,189,189,189,189,0.4757236139187883,0.4757236139187883,0.4757236139187883,0.4757236139187883,0.4757236139187883,0.4757236139187883,0.4757236139187883,0.4757236139187883,0.4757236139187883,0.4757236139187883,0.4757236139187883,0.4757236139187883,0.2603028648605094,0.7391140657034866,0.2990762778870856,0.2179976213172949,1.0015960620089404,0.2491125452079666,0.2518636820299735,0.2446660964350729,0.2376724053296262,0.3896893757945553,0.5969447060323435,0.636288659260569,-0.0011070439983647,-0.0011700396910883,338.0,0.0,0.5444825998444183,0.993121278246118,0.9275317473818308,0.4971718245075625,0.9670829696362684,0.7673314384722845,0.2547568216334356,0.098490210601175,0.0272324688657978,0.5214504280051905,0.7549609517339175,0.1307618672497297,100000,30,12,0.1,1.0,0.1,0,11,0.001,1e-06,0.001,1e-07,1.0,1e-07,adamax,0,0.0,disordered,1,0.4759451238976866,0 days 09:57:56.608079,3.946410074306496,3.916507202464336,0.0011070439983647,1.0
190,190,190,190,190,190,190,190,190,190,190,190,190,190,190,190,190,190,190,0.2659804395593755,0.2659804395593755,0.2659804395593755,0.2659804395593755,0.2659804395593755,0.2659804395593755,0.2659804395593755,0.2659804395593755,0.2659804395593755,0.2659804395593755,0.2659804395593755,0.2659804395593755,0.8432175537823533,0.7130538448219387,0.4757570245889433,0.1028504911145794,0.991843205462144,0.0709980946943875,0.0703808599780722,0.0707423297896958,0.0703232044895757,1.000447697873074,0.0700140020179701,0.070390753197857,-0.0018114825384468,-0.0024580041604864,578.0,0.0,0.2019192370687201,0.9738257135088684,0.8070049822452176,0.3232655752736976,0.942666287822342,0.4773792660807354,0.2539339041208778,0.3450083298787604,0.2721710178793161,0.695103192343459,0.3738620607514251,0.5778116469885942,100000,30,12,0.1,1.0,0.1,0,11,0.001,1e-06,0.001,1e-07,1.0,1e-07,adamax,0,0.0,disordered,1,0.2630330137395755,0 days 09:57:56.608079,3.9037584303857376,3.873579954090662,0.0018114825384468,1.0
191,191,191,191,191,191,191,191,191,191,191,191,191,191,191,191,191,191,191,0.2121550171362449,0.2121550171362449,0.2121550171362449,0.2121550171362449,0.2121550171362449,0.2121550171362449,0.2121550171362449,0.2121550171362449,0.2121550171362449,0.2121550171362449,0.2121550171362449,0.2121550171362449,0.3712392322040703,0.3108512824876605,0.3355882244507265,0.4036513021309489,0.479087600737977,0.5372942176926194,0.0084245710679587,0.324573050250254,0.000107976385747,0.0510911535079693,0.0001528198988325,0.4092535989550128,-0.0019194598876029,-0.0021036672925361,6167.0,1.0,0.6203660689295584,0.504510367883843,0.4526898545703495,0.3522765421765111,0.2336160401454557,0.0943539969195973,0.6992249408750559,0.0159136325147031,0.733419644458273,0.7540298348866528,0.8060443633742611,0.6416431025412082,100000,30,12,0.1,1.0,0.1,0,11,0.001,1e-06,0.001,1e-07,1.0,1e-07,adamax,0,0.0,disordered,1,0.2144091842861368,0 days 09:57:56.608079,3.696013933985908,3.884995556013408,0.0019194598876029,1.0
192,192,192,192,192,192,192,192,192,192,192,192,192,192,192,192,192,192,192,0.1487115462808952,0.1487115462808952,0.1487115462808952,0.1487115462808952,0.1487115462808952,0.1487115462808952,0.1487115462808952,0.1487115462808952,0.1487115462808952,0.1487115462808952,0.1487115462808952,0.1487115462808952,0.5073228601624481,0.1284321466589729,0.028323792597358,0.0191934798642448,0.0192475067466731,1.000581779298203,0.9396027194379803,0.0709518773807736,0.0233351098749568,0.1474001618382171,0.0386520443951194,0.0228606979241429,-0.0025158297406226,-0.0030051958700681,893.0,0.0,0.9523553741693856,0.3824415633651347,0.4588303912340334,0.2890005676901521,0.0102491746072319,0.4378307091080925,0.4989893551030308,0.4638998004232579,0.0363402251181919,0.1599930653138644,0.2731509409073254,0.4093936651384934,100000,30,12,0.1,1.0,0.1,0,11,0.001,1e-06,0.001,1e-07,1.0,1e-07,adamax,0,0.0,disordered,1,0.1493887066322285,0 days 09:57:56.608079,4.018864602849209,3.981108252878186,0.0025158297406226,1.0
193,193,193,193,193,193,193,193,193,193,193,193,193,193,193,193,193,193,193,0.3557150206821381,0.3557150206821381,0.3557150206821381,0.3557150206821381,0.3557150206821381,0.3557150206821381,0.3557150206821381,0.3557150206821381,0.3557150206821381,0.3557150206821381,0.3557150206821381,0.3557150206821381,0.7376544518457356,0.1661965683188491,0.1701126456785011,0.428119642898325,0.7872831121144664,0.1875138000723735,1.00144008574117,0.1892093185992137,0.3231702450415213,0.1250021991344962,0.6916358593439123,0.1669267324927154,-0.0014080990862877,-0.001532996308175,454.0,0.0,0.2053063242044668,0.3641622980777784,0.2873065360873149,0.1083947633854334,0.8762896426779009,0.6078379019517387,0.9833838722013164,0.6033553992658931,0.6151744480332769,0.3638928687688877,0.8050107012280634,0.46257811294563,100000,30,12,0.1,1.0,0.1,0,11,0.001,1e-06,0.001,1e-07,1.0,1e-07,adamax,0,0.0,disordered,1,0.3537842253755331,0 days 09:57:56.608079,3.8922989480876566,3.806420866824996,0.0014080990862877,1.0
194,194,194,194,194,194,194,194,194,194,194,194,194,194,194,194,194,194,194,0.1535934676510895,0.1535934676510895,0.1535934676510895,0.1535934676510895,0.1535934676510895,0.1535934676510895,0.1535934676510895,0.1535934676510895,0.1535934676510895,0.1535934676510895,0.1535934676510895,0.1535934676510895,0.0258442142210307,0.0243576167802872,1.000966912900961,0.1597876298613782,0.0337585860028619,0.0237211360299703,0.0243094097188926,0.8302371060103838,0.6747539542174377,0.0308554781426312,0.0239023303998445,0.0246491187785043,-0.0022958105562184,-0.002862258924784,811.0,0.0,0.8233457583558952,0.467187880323444,0.7391654216140363,0.6624902070156852,0.3966253711726136,0.0910683153333375,0.2326909156195593,0.4405565030924935,0.474846501111212,0.2149263998002676,0.2611191001577414,0.32406667033864,100000,30,12,0.1,1.0,0.1,0,11,0.001,1e-06,0.001,1e-07,1.0,1e-07,adamax,0,0.0,disordered,1,0.1524542413453164,0 days 09:57:56.608079,3.880751361305445,3.5485778702946087,0.0022958105562184,1.0
195,195,195,195,195,195,195,195,195,195,195,195,195,195,195,195,195,195,195,0.4459627626819087,0.4459627626819087,0.4459627626819087,0.4459627626819087,0.4459627626819087,0.4459627626819087,0.4459627626819087,0.4459627626819087,0.4459627626819087,0.4459627626819087,0.4459627626819087,0.4459627626819087,0.216702162982336,0.2329817000624729,0.229010632232171,0.4245238677496503,0.852674618419301,0.1981388520354285,1.0000656769859548,0.3918176034171187,0.6139744004850841,0.2363716152903498,0.3802788626815096,0.6659028172761112,-0.0011035830145728,-0.0011506568172704,353.0,0.0,0.5476708885325725,0.0894110589885438,0.4069143497006983,0.6819223085236259,0.8363983479429605,0.5160144767242176,0.949979402173526,0.7355018799350038,0.7899085260994683,0.1351363732864036,0.5054466145492318,0.0355158673137723,100000,30,12,0.1,1.0,0.1,0,11,0.001,1e-06,0.001,1e-07,1.0,1e-07,adamax,0,0.0,disordered,1,0.4488626465060579,0 days 09:57:56.608079,3.923761680636029,3.785083554281286,0.0011035830145729,1.0
196,196,196,196,196,196,196,196,196,196,196,196,196,196,196,196,196,196,196,0.2121550171362449,0.2121550171362449,0.2121550171362449,0.2121550171362449,0.2121550171362449,0.2121550171362449,0.2121550171362449,0.2121550171362449,0.2121550171362449,0.2121550171362449,0.2121550171362449,0.2121550171362449,0.069875668130962,0.0450623774555684,0.9995152612844924,0.0450088125216495,0.045073144466792,0.8758969792753665,0.0452151822119705,1.000152833912597,0.5600682327828128,0.051321814447617,0.0996548504571026,0.2364774894311235,-0.0018115451807929,-0.0020644564720658,671.0,0.0,0.6686059503680927,0.3251334369395169,0.8798028165753388,0.1307903418945708,0.0744285519985907,0.3954721885583812,0.1582355029892318,0.5499431101406985,0.4335836390226216,0.0233206750933897,0.2434279857651122,0.1529470534494994,100000,30,12,0.1,1.0,0.1,0,11,0.001,1e-06,0.001,1e-07,1.0,1e-07,adamax,0,0.0,disordered,1,0.2155530254412393,0 days 09:57:56.608079,4.213381167265678,3.918766032548569,0.0018115451807929,1.0
197,197,197,197,197,197,197,197,197,197,197,197,197,197,197,197,197,197,197,0.2493409369951876,0.2493409369951876,0.2493409369951876,0.2493409369951876,0.2493409369951876,0.2493409369951876,0.2493409369951876,0.2493409369951876,0.2493409369951876,0.2493409369951876,0.2493409369951876,0.2493409369951876,0.8704130735590048,0.7712430995311625,0.1343485891311389,0.5736598574930449,0.0606432723881593,0.0677236807951199,0.0620502546935326,1.0016480527501153,0.0673038965389602,0.0869054069566847,0.1275136249133807,0.1159924747798967,-0.0018200443928377,-0.0022297565410498,618.0,0.0,0.178557698236764,0.9864765064167909,0.5802669901481098,0.7786487208669559,0.385326367591873,0.1808871699442573,0.3356644626741416,0.6958219443032294,0.412754854929284,0.0101844634306326,0.5555004877988412,0.5116245431637026,100000,30,12,0.1,1.0,0.1,0,11,0.001,1e-06,0.001,1e-07,1.0,1e-07,adamax,0,0.0,disordered,1,0.2458073763949032,0 days 09:57:56.608079,3.876694718604546,3.847319748980021,0.0018200443928377,1.0
198,198,198,198,198,198,198,198,198,198,198,198,198,198,198,198,198,198,198,0.4047756965997316,0.4047756965997316,0.4047756965997316,0.4047756965997316,0.4047756965997316,0.4047756965997316,0.4047756965997316,0.4047756965997316,0.4047756965997316,0.4047756965997316,0.4047756965997316,0.4047756965997316,0.1747377786325893,0.2746869921312234,0.4886312750339893,0.1507848085606988,0.1514302392399968,0.1507540600737846,0.6178071348171612,0.150102619324112,0.1501738609923577,1.0019351197075717,0.1836541370126728,0.8199767600837015,-0.0011575400331182,-0.0012972102210439,430.0,0.0,0.681389258535672,0.0279195512608697,0.8886576664772401,0.4617757620554003,0.3609768275175162,0.289008128569262,0.8497778919538789,0.2650221997416373,0.3000606751089203,0.890549619917677,0.4697969398622841,0.0481888327873848,100000,30,12,0.1,1.0,0.1,0,11,0.001,1e-06,0.001,1e-07,1.0,1e-07,adamax,0,0.0,disordered,1,0.4069653067286504,0 days 09:57:56.608079,3.965596895837316,3.9279596318818175,0.0011575400331182,1.0
199,199,199,199,199,199,199,199,199,199,199,199,199,199,199,199,199,199,199,0.4606028844202396,0.4606028844202396,0.4606028844202396,0.4606028844202396,0.4606028844202396,0.4606028844202396,0.4606028844202396,0.4606028844202396,0.4606028844202396,0.4606028844202396,0.4606028844202396,0.4606028844202396,1.0001233775726996,0.2453610505726364,0.2672496404582429,0.2885193159443537,0.3289144788463339,0.4530312801826694,0.2352679777120313,0.3373313985914064,0.2072811380709021,0.208280687794699,0.2122009674325898,0.9089423370468706,-0.0011359268662203,-0.0012257605239722,345.0,0.0,0.1217279892452802,0.7537796875070989,0.3256504687772292,0.3045053044763848,0.2952510340528028,0.9727208800550315,0.485780485319188,0.8958793515846852,0.794521456410357,0.7877334579722135,0.7770429063710832,0.3059606779942405,100000,30,12,0.1,1.0,0.1,0,11,0.001,1e-06,0.001,1e-07,1.0,1e-07,adamax,0,0.0,disordered,1,0.459736406335296,0 days 09:57:56.608079,3.707593173366387,3.779576931883528,0.0011359268662203,1.0
200,200,200,200,200,200,200,200,200,200,200,200,200,200,200,200,200,200,200,0.293044697697214,0.293044697697214,0.293044697697214,0.293044697697214,0.293044697697214,0.293044697697214,0.293044697697214,0.293044697697214,0.293044697697214,0.293044697697214,0.293044697697214,0.293044697697214,0.0874158520350304,0.2776565045764784,0.0861624527109782,0.0867969811295064,0.8836930875183157,0.5603333239515975,1.0011007195176471,0.7624942816004251,0.8028483195041928,0.092175910676243,0.0867082742135864,0.0863178700349623,-0.0015729534737173,-0.0018815914617087,533.0,0.0,0.8244392034908372,0.4911312071591382,0.1743065041068486,0.2526191617436665,0.529351337168041,0.4815206204777555,0.9867843901463148,0.6194609079728355,0.6215859920169071,0.0524927380880116,0.067573032072897,0.3021883093028757,100000,30,12,0.1,1.0,0.1,0,11,0.001,1e-06,0.001,1e-07,1.0,1e-07,adamax,0,0.0,disordered,1,0.2913189487117976,0 days 09:57:56.608079,4.402875295167715,3.967457066201092,0.0015729534737173,1.0
201,201,201,201,201,201,201,201,201,201,201,201,201,201,201,201,201,201,201,0.1864408533970484,0.1864408533970484,0.1864408533970484,0.1864408533970484,0.1864408533970484,0.1864408533970484,0.1864408533970484,0.1864408533970484,0.1864408533970484,0.1864408533970484,0.1864408533970484,0.1864408533970484,0.8333098773916174,0.2188757729161756,0.5094215978887654,0.0502910519003195,0.0351137278426396,0.0342464229856587,1.001558402214951,0.0588104271871509,0.4393438524458678,0.0799965092921614,0.059439355275236,0.0388056489748306,-0.0021473359351116,-0.0026092559359318,737.0,0.0,0.4478209969175157,0.929205516160431,0.0519727166174219,0.7232004354680686,0.6213470831831388,0.244135003144323,0.9173282488688378,0.3808779113966473,0.8361096974910278,0.2736123712221463,0.5667415851187126,0.7774686433301689,100000,30,12,0.1,1.0,0.1,0,11,0.001,1e-06,0.001,1e-07,1.0,1e-07,adamax,0,0.0,disordered,1,0.1857849300846484,0 days 09:57:56.608079,4.209602474525982,3.818841909928816,0.0021473359351116,1.0
202,202,202,202,202,202,202,202,202,202,202,202,202,202,202,202,202,202,202,0.3919100249433399,0.3919100249433399,0.3919100249433399,0.3919100249433399,0.3919100249433399,0.3919100249433399,0.3919100249433399,0.3919100249433399,0.3919100249433399,0.3919100249433399,0.3919100249433399,0.3919100249433399,0.1252776819037477,0.139904263532311,0.1780037262542172,0.1261993749122121,0.1259070456330583,0.1440096256203943,0.1259788003785867,1.0015578461694672,0.155014253202208,0.1264420483383206,0.4496533412174983,0.6797696271142801,-0.0012947211421878,-0.0014505982278834,493.0,0.0,0.8636305027325928,0.3578680612554048,0.2112459440382831,0.6543765105242911,0.6403701140307498,0.0471057754816398,0.6018484804530835,0.9423163520551128,0.2464685248707037,0.6272551856554093,0.916652850718212,0.3850284656869082,100000,30,12,0.1,1.0,0.1,0,11,0.001,1e-06,0.001,1e-07,1.0,1e-07,adamax,0,0.0,disordered,1,0.3877089068246979,0 days 09:57:56.608079,4.17562593801123,4.082408884633526,0.0012947211421878,1.0
203,203,203,203,203,203,203,203,203,203,203,203,203,203,203,203,203,203,203,0.1076624177045491,0.1076624177045491,0.1076624177045491,0.1076624177045491,0.1076624177045491,0.1076624177045491,0.1076624177045491,0.1076624177045491,0.1076624177045491,0.1076624177045491,0.1076624177045491,0.1076624177045491,0.2377654931311902,0.0500000888960901,6.503010854932968e-07,0.5407871689146924,4.49851066859437e-07,9.998551083989836e-08,1.007959468738905e-07,1.8439706546672867e-06,0.0098663729922651,4.51927590561213e-07,2.379474504097571e-07,0.3978897601551128,-0.0024055922863059,-0.0028299660427184,15446.0,0.0,0.8188878601767233,0.8964059679926287,0.0484300356515227,0.293115301790483,0.243636751309774,0.9086741710215764,0.6004880466794573,0.1234831925914161,0.3815905620546198,0.2719774145582413,0.9945869699981436,0.8802131913296977,100000,30,12,0.1,1.0,0.1,0,11,0.001,1e-06,0.001,1e-07,1.0,1e-07,adamax,0,0.0,disordered,1,0.1090471547361073,0 days 09:57:56.608079,4.405765639761001,4.310431611373096,0.0024055922863059,1.0
204,204,204,204,204,204,204,204,204,204,204,204,204,204,204,204,204,204,204,0.1225113576604117,0.1225113576604117,0.1225113576604117,0.1225113576604117,0.1225113576604117,0.1225113576604117,0.1225113576604117,0.1225113576604117,0.1225113576604117,0.1225113576604117,0.1225113576604117,0.1225113576604117,0.0162670737517473,0.0149472392256035,0.034053229570177,0.0291450333965059,0.133134965062045,1.0022000193269271,0.0147365498951681,0.014988149592354,0.0147230784729178,0.014927611124472,0.044761983362375,0.0150019029671231,-0.0023489840132061,-0.0044223754301182,921.0,0.0,0.850867248391095,0.1092569845101124,0.3814798876274029,0.4411322871244214,0.3227557146861554,0.8861147408234264,0.4552874539031986,0.7646152929540657,0.5824745232374682,0.4026152886684402,0.0886153008960615,0.856369101229503,100000,30,12,0.1,1.0,0.1,0,11,0.001,1e-06,0.001,1e-07,1.0,1e-07,adamax,0,0.0,disordered,1,0.1227164339952908,0 days 09:57:56.608079,5.31194467871904,4.267966676316074,0.0023489840132061,1.0
205,205,205,205,205,205,205,205,205,205,205,205,205,205,205,205,205,205,205,0.1925613572129196,0.1925613572129196,0.1925613572129196,0.1925613572129196,0.1925613572129196,0.1925613572129196,0.1925613572129196,0.1925613572129196,0.1925613572129196,0.1925613572129196,0.1925613572129196,0.1925613572129196,0.2090365156617316,0.3901857823463841,0.0372693614158228,0.0478403816001746,0.0381570472543212,1.000058831531081,0.0367893121245972,0.0368773415549975,0.0367051465113616,0.9949113392134508,0.0365663487816254,0.2978059503245321,-0.0019234037197977,-0.0024421887228704,718.0,0.0,0.4806791422147897,0.072793224590257,0.4777851937174479,0.0450081269015736,0.3183553635281133,0.8976339234749199,0.3439072133477977,0.3324293914690569,0.3039366007088133,0.569887898873839,0.4989958913690794,0.381346565586563,100000,30,12,0.1,1.0,0.1,0,11,0.001,1e-06,0.001,1e-07,1.0,1e-07,adamax,0,0.0,disordered,1,0.1931143781909348,0 days 09:57:56.608079,3.813163085059142,3.9226591952711263,0.0019234037197977,1.0
206,206,206,206,206,206,206,206,206,206,206,206,206,206,206,206,206,206,206,0.1042404007021555,0.1042404007021555,0.1042404007021555,0.1042404007021555,0.1042404007021555,0.1042404007021555,0.1042404007021555,0.1042404007021555,0.1042404007021555,0.1042404007021555,0.1042404007021555,0.1042404007021555,0.1729986560487096,0.0212657784982338,1.0007113389357396,0.0154538174728718,0.0127872799263288,0.0113294783806562,0.1989014660953884,0.1287428943258794,0.011012685105749,0.0161330613146087,0.0153737288876637,0.0113182022190526,-0.0031536306370801,-0.0041909649590514,1002.0,0.0,0.8521272269871337,0.4682495285459923,0.8375165347341721,0.403600109263188,0.3514017666271822,0.1762511945620999,0.067595211883687,0.5717102458078651,0.3563021378792804,0.1461079581166916,0.526654999002543,0.7178119387512039,100000,30,12,0.1,1.0,0.1,0,11,0.001,1e-06,0.001,1e-07,1.0,1e-07,adamax,0,0.0,disordered,1,0.1055868038264328,0 days 09:57:56.608079,4.481411613623194,4.306536787543477,0.0031536306370801,1.0
207,207,207,207,207,207,207,207,207,207,207,207,207,207,207,207,207,207,207,0.5241298302206053,0.5241298302206053,0.5241298302206053,0.5241298302206053,0.5241298302206053,0.5241298302206053,0.5241298302206053,0.5241298302206053,0.5241298302206053,0.5241298302206053,0.5241298302206053,0.5241298302206053,0.3514039757106596,0.327965888071174,0.343292582687014,0.178428918554474,0.1716894843476735,0.1901785576510964,0.1284923142433144,0.1436216458746423,0.1440670306779032,0.1032804528094,0.5446273461195122,1.0001324231449478,-0.0010324006148954,-0.0011465500496391,760.0,0.0,0.6297846379505861,0.0191522600550047,0.3702712376468413,0.6717660864900934,0.3959241965180239,0.439459132931866,0.7891218488770692,0.1544573202441299,0.1708834652946238,0.767500006808759,0.9200554942008304,0.1642597836479339,100000,30,12,0.1,1.0,0.1,0,11,0.001,1e-06,0.001,1e-07,1.0,1e-07,adamax,0,0.0,disordered,1,0.5174228577793891,0 days 09:57:56.608079,3.79307265437256,3.998002469580541,0.0010324006148954,1.0
208,208,208,208,208,208,208,208,208,208,208,208,208,208,208,208,208,208,208,0.5591070776755287,0.5591070776755287,0.5591070776755287,0.5591070776755287,0.5591070776755287,0.5591070776755287,0.5591070776755287,0.5591070776755287,0.5591070776755287,0.5591070776755287,0.5591070776755287,0.5591070776755287,1.0017359364721183,0.310101580833121,0.3273535052848464,0.358682367100379,0.3635394420048602,0.3645359095089678,0.3582245181119745,0.3526698612311276,0.3485744755728172,0.3105923184440127,0.5345477084869833,0.8631055451517476,-0.0010091182750519,-0.0010606785949739,257.0,0.0,0.0582671407789139,0.8168400483419096,0.5670668071585856,0.2440312619042394,0.0468076571671319,0.5504058783497054,0.1531049502246909,0.9002778045222289,0.9053052331162712,0.7355949843695778,0.9835124135202812,0.3054619161676705,100000,30,12,0.1,1.0,0.1,0,11,0.001,1e-06,0.001,1e-07,1.0,1e-07,adamax,0,0.0,disordered,1,0.5585330354004503,0 days 09:57:56.608079,3.887660481538656,3.934223599128453,0.0010091182750519,1.0
209,209,209,209,209,209,209,209,209,209,209,209,209,209,209,209,209,209,209,0.5774615152359814,0.5774615152359814,0.5774615152359814,0.5774615152359814,0.5774615152359814,0.5774615152359814,0.5774615152359814,0.5774615152359814,0.5774615152359814,0.5774615152359814,0.5774615152359814,0.5774615152359814,1.000381425311297,0.2378645440267623,0.2789902149927863,0.240295272121406,0.2594349823351723,0.2423428127687328,0.2236576834654821,0.9485840813286304,0.2679505268198334,0.255367690453804,0.7827053631946225,0.903332303234599,-0.000928432337483,-0.0010012096818598,411.0,0.0,0.1184242592651162,0.6432048685397752,0.244330172172993,0.6954679303535842,0.0732515818752885,0.3424183216010423,0.6576331766972209,0.9369311549104504,0.0856212060585552,0.4517917240877723,0.946169956946712,0.0537779125707414,100000,30,12,0.1,1.0,0.1,0,11,0.001,1e-06,0.001,1e-07,1.0,1e-07,adamax,0,0.0,disordered,1,0.5853548012152997,0 days 09:57:56.608079,3.830636048882086,3.941272203866199,0.000928432337483,1.0
210,210,210,210,210,210,210,210,210,210,210,210,210,210,210,210,210,210,210,0.4913407286296357,0.4913407286296357,0.4913407286296357,0.4913407286296357,0.4913407286296357,0.4913407286296357,0.4913407286296357,0.4913407286296357,0.4913407286296357,0.4913407286296357,0.4913407286296357,0.4913407286296357,0.5977580764271841,0.3030197618540806,0.3249799646426305,0.3136401241650515,0.4560374223892057,0.5660078406019534,0.2419046005710449,0.9327690887630192,1.0022955494848975,0.9953758727758442,0.2446162176011824,0.24256377993825,-0.0010442024382927,-0.001174849427199,312.0,0.0,0.4554402937625047,0.7478081669006321,0.4797578563888679,0.8525627461655038,0.4030474540111718,0.3060520678005715,0.0254430929056723,0.4923116383124941,0.9802118305683788,0.9135696880935296,0.000768234941632,0.0318791968457493,100000,30,12,0.1,1.0,0.1,0,11,0.001,1e-06,0.001,1e-07,1.0,1e-07,adamax,0,0.0,disordered,1,0.4921017783741866,0 days 09:57:56.608079,3.915710727045535,3.9236980560039454,0.0010442024382927,1.0
211,211,211,211,211,211,211,211,211,211,211,211,211,211,211,211,211,211,211,0.333461801578636,0.333461801578636,0.333461801578636,0.333461801578636,0.333461801578636,0.333461801578636,0.333461801578636,0.333461801578636,0.333461801578636,0.333461801578636,0.333461801578636,0.333461801578636,0.875675158190737,0.5879253812245435,0.2039688924880721,0.1104466819477846,0.9722071124763644,0.1601204914468106,0.2835842119595692,1.0005884754034895,0.995540381961237,0.1328177556681529,0.1137254920763541,0.1451171819937528,-0.0013730427209142,-0.0016476235412507,484.0,0.0,0.0585939623681758,0.8591093843821155,0.3642848511656624,0.276111667831922,0.742800342020206,0.3379896140391083,0.3829920339198718,0.697626958912838,0.8927029522571527,0.1775640656990037,0.2034948796600576,0.1990368814863647,100000,30,12,0.1,1.0,0.1,0,11,0.001,1e-06,0.001,1e-07,1.0,1e-07,adamax,0,0.0,disordered,1,0.3343977984887553,0 days 09:57:56.608079,3.910756854289914,3.833828792241077,0.0013730427209142,1.0
212,212,212,212,212,212,212,212,212,212,212,212,212,212,212,212,212,212,212,0.0259913991838293,0.0259913991838293,0.0259913991838293,0.0259913991838293,0.0259913991838293,0.0259913991838293,0.0259913991838293,0.0259913991838293,0.0259913991838293,0.0259913991838293,0.0259913991838293,0.0259913991838293,0.139797706573536,3.828127296328985e-06,1.3508715038155669e-06,2.100929139819877e-07,1.6263920548861229e-07,1.162374935948905e-07,1.279151925589253e-07,0.0040470648240629,9.990559292856577e-08,0.0050714953380571,0.0009768170504832,7.476939061064965e-07,-0.0040418412591789,-0.0057238223378202,8055.0,0.0,0.9443271932156678,0.5595442169967103,0.8206666614734891,0.1894438738068623,0.8637899145128142,0.2983505751178661,0.620094130280667,0.2165517394329432,0.5128352867250683,0.7534004633828354,0.1765318319782453,0.964140085186656,100000,30,12,0.1,1.0,0.1,0,11,0.001,1e-06,0.001,1e-07,1.0,1e-07,adamax,0,0.0,disordered,1,0.0261291218499886,0 days 09:57:56.608079,4.361808598199147,4.483456688112899,0.0040418412591789,1.0
213,213,213,213,213,213,213,213,213,213,213,213,213,213,213,213,213,213,213,0.0564290847126253,0.0564290847126253,0.0564290847126253,0.0564290847126253,0.0564290847126253,0.0564290847126253,0.0564290847126253,0.0564290847126253,0.0564290847126253,0.0564290847126253,0.0564290847126253,0.0564290847126253,0.2195484369899907,1.9125289058331124e-06,4.94284522907372e-07,5.162557404090613e-07,0.0007493372028883,0.0010352058053117,4.849665037002448e-07,0.0048096143607011,6.074248884024024e-07,2.5974252005518354e-06,8.028042550714909e-07,1.7785268412250762e-06,-0.0029280667704169,-0.0047694913119109,7924.0,1.0,0.8489472669069664,0.7034117411247928,0.7537395768310681,0.284153934820696,0.0926599923456954,0.3253723149622051,0.1325561314591513,0.3344508118899171,0.7673368828674216,0.171345108192211,0.0741423907856182,0.8077350598370507,100000,30,12,0.1,1.0,0.1,0,11,0.001,1e-06,0.001,1e-07,1.0,1e-07,adamax,0,0.0,disordered,1,0.055937257078908,0 days 09:57:56.608079,4.243283587033969,4.708968533120134,0.0029280667704169,1.0
214,214,214,214,214,214,214,214,214,214,214,214,214,214,214,214,214,214,214,0.333461801578636,0.333461801578636,0.333461801578636,0.333461801578636,0.333461801578636,0.333461801578636,0.333461801578636,0.333461801578636,0.333461801578636,0.333461801578636,0.333461801578636,0.333461801578636,0.00611726988257,0.002300932137987,0.0169862048718202,0.0036172818119557,0.0104746867006854,0.0315074478141822,1.0019363327989732,0.0466264324188554,0.0048063981603905,0.006515348602243,0.1225393932871588,0.89674748254612,-0.0013844822419135,-0.0017285294200105,2167.0,0.0,0.9325290066271064,0.4103447885466904,0.2152282906670802,0.8851003106243219,0.0569248119607362,0.3469704817392123,0.8052679974095998,0.7313561010156443,0.7619255532478207,0.4808196668333941,0.7038498972102746,0.3041274037383474,100000,30,12,0.1,1.0,0.1,0,11,0.001,1e-06,0.001,1e-07,1.0,1e-07,adamax,0,0.0,disordered,1,0.3312264884237522,0 days 09:57:56.608079,4.049827687010708,3.961586275552993,0.0013844822419135,1.0
215,215,215,215,215,215,215,215,215,215,215,215,215,215,215,215,215,215,215,0.1349772330233941,0.1349772330233941,0.1349772330233941,0.1349772330233941,0.1349772330233941,0.1349772330233941,0.1349772330233941,0.1349772330233941,0.1349772330233941,0.1349772330233941,0.1349772330233941,0.1349772330233941,0.1651466144684132,0.1794969771623501,0.6806945218958985,0.018358640489063,0.0183278163397541,0.0180976863491496,0.0228812838444251,0.0206182057539293,1.000335460498632,0.0181409385340196,0.0201678379668958,0.0195504933770089,-0.002515818898061,-0.0034081526846357,872.0,0.0,0.8654412239970198,0.7879370414502169,0.9421300208264416,0.7655567952170195,0.7283477491541813,0.1894850892328052,0.5692679561641704,0.0757737949846564,0.9170775304514804,0.7980433262342324,0.5347384480514644,0.8328512474128952,100000,30,12,0.1,1.0,0.1,0,11,0.001,1e-06,0.001,1e-07,1.0,1e-07,adamax,0,0.0,disordered,1,0.1329168283361675,0 days 09:57:56.608079,3.946490905774327,3.740250774630308,0.002515818898061,1.0
216,216,216,216,216,216,216,216,216,216,216,216,216,216,216,216,216,216,216,0.2263129568399526,0.2263129568399526,0.2263129568399526,0.2263129568399526,0.2263129568399526,0.2263129568399526,0.2263129568399526,0.2263129568399526,0.2263129568399526,0.2263129568399526,0.2263129568399526,0.2263129568399526,0.0518226354484081,0.0523382874243441,0.0574888654370345,0.0507869453815027,0.0510956463486386,0.0511438887951904,0.0545575674029002,0.0867693996398658,0.0718784205869468,1.000811730101409,0.0748250724628689,0.4485553277655223,-0.001748481990933,-0.0020845652778904,651.0,0.0,0.8688294765361098,0.3576412026843396,0.6729904847785244,0.1316870185948778,0.0494690471332501,0.7734713847258656,0.2179444903296191,0.4051685070348134,0.4895244512820976,0.944529780676274,0.7779945093375673,0.548788980306916,100000,30,12,0.1,1.0,0.1,0,11,0.001,1e-06,0.001,1e-07,1.0,1e-07,adamax,0,0.0,disordered,1,0.22742996389753,0 days 09:57:56.608079,4.227390605813287,4.1652407367675615,0.001748481990933,1.0
217,217,217,217,217,217,217,217,217,217,217,217,217,217,217,217,217,217,217,0.3557150206821381,0.3557150206821381,0.3557150206821381,0.3557150206821381,0.3557150206821381,0.3557150206821381,0.3557150206821381,0.3557150206821381,0.3557150206821381,0.3557150206821381,0.3557150206821381,0.3557150206821381,0.1261163573309637,0.1260591979048372,0.1573856086325377,0.1924702120874324,0.1258191746916356,0.1316862836580065,1.0021300976747358,0.1280243634673989,0.1257229301467964,0.4603046938384371,0.1314249506835194,0.7890244268322025,-0.0012906351123398,-0.001471160839203,452.0,0.0,0.8087660989410643,0.249111627952104,0.0858929229390899,0.254972155699174,0.5957210477611887,0.3361802632506178,0.9883799878715483,0.5522747263302411,0.5682927062040893,0.7419191567654806,0.5150272388966293,0.173762931102551,100000,30,12,0.1,1.0,0.1,0,11,0.001,1e-06,0.001,1e-07,1.0,1e-07,adamax,0,0.0,disordered,1,0.3594740533220057,0 days 09:57:56.608079,4.111898124679558,3.976942267605545,0.0012906351123398,1.0
218,218,218,218,218,218,218,218,218,218,218,218,218,218,218,218,218,218,218,0.1225113576604117,0.1225113576604117,0.1225113576604117,0.1225113576604117,0.1225113576604117,0.1225113576604117,0.1225113576604117,0.1225113576604117,0.1225113576604117,0.1225113576604117,0.1225113576604117,0.1225113576604117,0.6094925340782057,0.4937330293711765,0.0227332001839039,0.0339672398790203,0.0655743129795147,0.8527850970879376,1.0016514461902062,0.0150288046062075,0.0146153261332765,0.0146138890848675,0.0146190597564862,0.0159475477012343,-0.0020401977463468,-0.0031520733120737,920.0,0.0,0.2014018916290892,0.4537291805351077,0.2529303537024083,0.2071190140352143,0.3677948718250868,0.8022049364481282,0.8649307511344473,0.263361393734891,0.1976445899594007,0.0359647497220525,0.0092730827320837,0.3667459082696913,100000,30,12,0.1,1.0,0.1,0,11,0.001,1e-06,0.001,1e-07,1.0,1e-07,adamax,0,0.0,disordered,1,0.1234409497338048,0 days 09:57:56.608079,3.887859257710156,3.9970859022823055,0.0020401977463468,1.0
219,219,219,219,219,219,219,219,219,219,219,219,219,219,219,219,219,219,219,0.1988827856988807,0.1988827856988807,0.1988827856988807,0.1988827856988807,0.1988827856988807,0.1988827856988807,0.1988827856988807,0.1988827856988807,0.1988827856988807,0.1988827856988807,0.1988827856988807,0.1988827856988807,0.7271951816927195,0.0720762411768988,0.0587660190144856,0.9527785263567192,0.078208901109282,0.9826420216676311,1.0007065433131694,0.0613564364053011,0.1505583545274141,0.0394104003912566,0.0482775004755688,0.0511272473522573,-0.0017745721916956,-0.0023063847186308,701.0,0.0,0.193624417425568,0.5036283345830826,0.1314198051986721,0.6267589787464479,0.5573134997452802,0.913913495233418,0.8106934315245854,0.1216145605187998,0.5469880187365489,0.3670105904446643,0.041128447497859,0.5501240844177487,100000,30,12,0.1,1.0,0.1,0,11,0.001,1e-06,0.001,1e-07,1.0,1e-07,adamax,0,0.0,disordered,1,0.1965542876319906,0 days 09:57:56.608079,4.01182941889962,3.805596074124387,0.0017745721916956,1.0
220,220,220,220,220,220,220,220,220,220,220,220,220,220,220,220,220,220,220,0.0105206867102362,0.0105206867102362,0.0105206867102362,0.0105206867102362,0.0105206867102362,0.0105206867102362,0.0105206867102362,0.0105206867102362,0.0105206867102362,0.0105206867102362,0.0105206867102362,0.0105206867102362,3.444236451764169e-06,2.983813191565646e-06,3.029284364357608e-06,0.0659326253201152,3.052799100161444e-05,3.1036367729564635e-06,0.1070566731842997,1.955704458459456e-05,3.479535656228258e-06,9.996665277251176e-08,1.022506608976644e-07,1.8813232898682168e-06,-0.0054607480155234,-0.0069811218298826,6770.0,0.0,0.9756807101632458,0.1452335134155775,0.0049731952874135,0.1983570391565602,0.4297408315359265,0.2642354381906198,0.6932936735933287,0.2672623689173509,0.8626971619102233,0.1282659346033251,0.1554012837198247,0.969377300428406,100000,30,12,0.1,1.0,0.1,0,11,0.001,1e-06,0.001,1e-07,1.0,1e-07,adamax,0,0.0,disordered,1,0.0105476507624136,0 days 09:57:56.608079,5.546136957863265,5.732210475772225,0.0054607480155234,1.0
221,221,221,221,221,221,221,221,221,221,221,221,221,221,221,221,221,221,221,0.367392478180207,0.367392478180207,0.367392478180207,0.367392478180207,0.367392478180207,0.367392478180207,0.367392478180207,0.367392478180207,0.367392478180207,0.367392478180207,0.367392478180207,0.367392478180207,0.8245252616470461,0.4210425417624414,0.1472098719449999,0.1562320734367632,0.3950455531591764,0.99866273379727,0.1339039385285808,1.0013954450454483,0.981908445830892,0.162865194313646,0.1635218075306206,0.140404451947757,-0.0013528020692449,-0.001595233160522,440.0,0.0,0.0732914500203085,0.7549998240434538,0.0837677614254499,0.158740130602586,0.6247094369153915,0.8248364219899545,0.61683593577394,0.9963130923697778,0.9862650632997776,0.1496825260515591,0.4663641044360879,0.4693755395883446,100000,30,12,0.1,1.0,0.1,0,11,0.001,1e-06,0.001,1e-07,1.0,1e-07,adamax,0,0.0,disordered,1,0.3691763118998705,0 days 09:57:56.608079,4.02115221902894,3.8646921544561454,0.0013528020692449,1.0
222,222,222,222,222,222,222,222,222,222,222,222,222,222,222,222,222,222,222,0.2837303616516209,0.2837303616516209,0.2837303616516209,0.2837303616516209,0.2837303616516209,0.2837303616516209,0.2837303616516209,0.2837303616516209,0.2837303616516209,0.2837303616516209,0.2837303616516209,0.2837303616516209,1.0003005683929775,0.4345191187526669,0.0792895300129836,0.0970937766855629,0.1208378898382642,0.0810992015357261,0.0791784689039115,0.078526136190987,0.6412955987109289,0.7923602607184264,0.0807778594253086,0.0777215692530379,-0.0015834425014747,-0.00186006456011,576.0,0.0,0.1866419388638073,0.658724005284566,0.8699229564331522,0.739314693065344,0.7889120561966407,0.2608953373879905,0.5658976998449771,0.1771920208128851,0.7632416685987634,0.9303556820469552,0.4980075984843168,0.5180013816179263,100000,30,12,0.1,1.0,0.1,0,11,0.001,1e-06,0.001,1e-07,1.0,1e-07,adamax,0,0.0,disordered,1,0.2854521898843586,0 days 09:57:56.608079,3.6734413864691775,3.688645161417351,0.0015834425014747,1.0
223,223,223,223,223,223,223,223,223,223,223,223,223,223,223,223,223,223,223,0.2414157116103016,0.2414157116103016,0.2414157116103016,0.2414157116103016,0.2414157116103016,0.2414157116103016,0.2414157116103016,0.2414157116103016,0.2414157116103016,0.2414157116103016,0.2414157116103016,0.2414157116103016,0.0750858282230586,0.8252033125896037,0.1083554117058421,0.0581078700742881,1.0012621068754668,0.0927018648647176,0.123385250491097,0.1376780659111129,0.0593625920323044,0.058783202613989,0.064986853062293,0.5219311921825318,-0.0017956332657745,-0.0020385485950552,623.0,0.0,0.7386344412351523,0.8936842151923095,0.0920337176574582,0.7535529918836987,0.8954766724913747,0.2084573312018964,0.2950824311468091,0.4705927554564316,0.5950447400288534,0.4579302653735336,0.5732551458625734,0.3881864994297214,100000,30,12,0.1,1.0,0.1,0,11,0.001,1e-06,0.001,1e-07,1.0,1e-07,adamax,0,0.0,disordered,1,0.2382729519367937,0 days 09:57:56.608079,3.903058929803986,3.8198014175835415,0.0017956332657745,1.0
224,224,224,224,224,224,224,224,224,224,224,224,224,224,224,224,224,224,224,0.3444087275973818,0.3444087275973818,0.3444087275973818,0.3444087275973818,0.3444087275973818,0.3444087275973818,0.3444087275973818,0.3444087275973818,0.3444087275973818,0.3444087275973818,0.3444087275973818,0.3444087275973818,0.9802645716103264,0.7597628249068945,0.3923107784237293,0.1598212508099496,0.0003295864550254,0.1456710511187704,0.067342852605766,0.000199746526158,0.0007821624064277,0.2144196915961586,0.1378359360688256,0.807101472327198,-0.001284077135752,-0.0013811741867112,5179.0,1.0,0.421754827938559,0.3106504491655834,0.6538618646577183,0.9378398401958934,0.9857411687514108,0.3822793335511966,0.0447837545754448,0.6344540443711366,0.9535155505474926,0.9528442754090228,0.6866387119651769,0.374571382510796,100000,30,12,0.1,1.0,0.1,0,11,0.001,1e-06,0.001,1e-07,1.0,1e-07,adamax,0,0.0,disordered,1,0.3397042418436242,0 days 09:57:56.608079,3.512014598044509,3.7994257311086974,0.001284077135752,1.0
225,225,225,225,225,225,225,225,225,225,225,225,225,225,225,225,225,225,225,0.1925613572129196,0.1925613572129196,0.1925613572129196,0.1925613572129196,0.1925613572129196,0.1925613572129196,0.1925613572129196,0.1925613572129196,0.1925613572129196,0.1925613572129196,0.1925613572129196,0.1925613572129196,0.933683833844006,0.3196140948320169,0.1096511397760299,0.9915385075805684,0.1715055856157183,1.000154892795196,0.2976712104795999,0.0743803530068644,0.0481094749383683,0.0368265792449091,0.0393587009818218,0.0563084244178718,-0.0021603847204816,-0.002864348018606,721.0,0.0,0.0832200958643163,0.4619080306863552,0.6550143139959383,0.7226245092723456,0.6616841453875995,0.7867142639609922,0.1126774006320914,0.517710147750081,0.4516629498610115,0.5011458474264819,0.4659594818300158,0.604678520127203,100000,30,12,0.1,1.0,0.1,0,11,0.001,1e-06,0.001,1e-07,1.0,1e-07,adamax,0,0.0,disordered,1,0.1929907977467001,0 days 09:57:56.608079,3.546507624532912,3.4062134266633644,0.0021603847204816,1.0
226,226,226,226,226,226,226,226,226,226,226,226,226,226,226,226,226,226,226,0.2837303616516209,0.2837303616516209,0.2837303616516209,0.2837303616516209,0.2837303616516209,0.2837303616516209,0.2837303616516209,0.2837303616516209,0.2837303616516209,0.2837303616516209,0.2837303616516209,0.2837303616516209,0.85933860222919,0.6468162635396039,0.3119665027416693,0.1591775023508717,0.0807333250362361,0.0813313911856598,0.0802200631440163,1.001903815031278,0.9585802868054591,0.1145768970437774,0.1125942927059613,0.2182947613003922,-0.0016497595591101,-0.0019191303947114,551.0,0.0,0.1066072353397643,0.0106474547550092,0.4366853920221658,0.5885711331191602,0.4241803299861904,0.514728566376785,0.4008883582920273,0.8127546735256219,0.8101603872738865,0.151060378924085,0.6237938163812798,0.5232326869776311,100000,30,12,0.1,1.0,0.1,0,11,0.001,1e-06,0.001,1e-07,1.0,1e-07,adamax,0,0.0,disordered,1,0.2819578007760349,0 days 09:57:56.608079,3.825283882372267,3.614696029783291,0.0016497595591101,1.0
227,227,227,227,227,227,227,227,227,227,227,227,227,227,227,227,227,227,227,0.2121550171362449,0.2121550171362449,0.2121550171362449,0.2121550171362449,0.2121550171362449,0.2121550171362449,0.2121550171362449,0.2121550171362449,0.2121550171362449,0.2121550171362449,0.2121550171362449,0.2121550171362449,1.0017019265150426,0.891664687829861,0.2797053943192811,0.0982508519983271,0.2059101210475261,0.0948265419465982,0.992767122313323,0.0456913234969232,0.0460167782011314,0.0444921497942729,0.0458274311133446,0.043976591535137,-0.0020565725872854,-0.0030108744088328,679.0,0.0,0.0560213795149061,0.0880739856496465,0.8140995207742553,0.7159176301300607,0.1578200566934275,0.5868011269753782,0.8935856838618846,0.5232036772996999,0.601254124412449,0.6769815814116454,0.5294803439752425,0.8793058389897858,100000,30,12,0.1,1.0,0.1,0,11,0.001,1e-06,0.001,1e-07,1.0,1e-07,adamax,0,0.0,disordered,1,0.2091933882607492,0 days 09:57:56.608079,3.845144476995347,3.5483384998067624,0.0020565725872854,1.0
228,228,228,228,228,228,228,228,228,228,228,228,228,228,228,228,228,228,228,0.2837303616516209,0.2837303616516209,0.2837303616516209,0.2837303616516209,0.2837303616516209,0.2837303616516209,0.2837303616516209,0.2837303616516209,0.2837303616516209,0.2837303616516209,0.2837303616516209,0.2837303616516209,0.6309647252980339,0.4134074864975882,0.4533732997770173,0.1686927377300717,0.1154841884844635,0.0668598636571282,0.0581763073624417,0.4456898621165371,0.0332688090558233,0.0342771431390171,1.0000755028742288,0.0867679227708545,-0.0017340654862148,-0.0019741977236698,1004.0,0.0,0.2552990482349658,0.2256741123218106,0.1008685885186569,0.4444062800865939,0.3266186604958152,0.4998105982025818,0.1746521771424269,0.4806145190096268,0.4961025453543837,0.3056658187410817,0.8043076207169698,0.5053229983693688,100000,30,12,0.1,1.0,0.1,0,11,0.001,1e-06,0.001,1e-07,1.0,1e-07,adamax,0,0.0,disordered,1,0.2832368673963905,0 days 09:57:56.608079,3.4397798510663016,3.6477276815409327,0.0017340654862148,1.0
229,229,229,229,229,229,229,229,229,229,229,229,229,229,229,229,229,229,229,0.1349772330233941,0.1349772330233941,0.1349772330233941,0.1349772330233941,0.1349772330233941,0.1349772330233941,0.1349772330233941,0.1349772330233941,0.1349772330233941,0.1349772330233941,0.1349772330233941,0.1349772330233941,0.3698543804334025,0.6675425606775472,1.0001330861609647,0.0682147086932711,0.1595288866994843,0.0060290508806784,0.004624044804566,0.0065902736114254,0.0392525029471488,0.1077543909880648,0.0081808998724533,0.0174166863140472,-0.0025804978901756,-0.0035539592254392,1646.0,0.0,0.5946087624129153,0.952240590006979,0.8769549097354983,0.6449731068224848,0.0053036025347792,0.6442923242156278,0.3049230873607423,0.24701432822798,0.6052588097979229,0.1761206429723647,0.7359420750755481,0.7763506180697476,100000,30,12,0.1,1.0,0.1,0,11,0.001,1e-06,0.001,1e-07,1.0,1e-07,adamax,0,0.0,disordered,1,0.1339284224261009,0 days 09:57:56.608079,3.902127538091077,3.938140555027229,0.0025804978901756,1.0
230,230,230,230,230,230,230,230,230,230,230,230,230,230,230,230,230,230,230,0.3228628202536728,0.3228628202536728,0.3228628202536728,0.3228628202536728,0.3228628202536728,0.3228628202536728,0.3228628202536728,0.3228628202536728,0.3228628202536728,0.3228628202536728,0.3228628202536728,0.3228628202536728,1.0009009019924644,0.9185694894525044,0.2032813311095226,0.4992759301372155,0.1032406581854671,0.1030803952357442,0.1085196452331778,0.135020629323432,0.1048693145290542,0.1300846754296289,0.1338155281949487,0.696483498339968,-0.0013751839179646,-0.0015294775871248,503.0,0.0,0.1378328494587537,0.151966353624163,0.925285077913802,0.0305454210323403,0.7981187024493254,0.7469151591312451,0.7032878921611835,0.0338023897631204,0.9418283836724008,0.20546840028302,0.8728077965440963,0.5007396312109774,100000,30,12,0.1,1.0,0.1,0,11,0.001,1e-06,0.001,1e-07,1.0,1e-07,adamax,0,0.0,disordered,1,0.3215700867509335,0 days 09:57:56.608079,3.62793651522861,3.815810546500463,0.0013751839179646,1.0
231,231,231,231,231,231,231,231,231,231,231,231,231,231,231,231,231,231,231,0.7009570091165613,0.7009570091165613,0.7009570091165613,0.7009570091165613,0.7009570091165613,0.7009570091165613,0.7009570091165613,0.7009570091165613,0.7009570091165613,0.7009570091165613,0.7009570091165613,0.7009570091165613,0.4660878726509844,0.4550194930071304,0.4563656613441608,0.4487361988123532,0.4476555806968416,0.4573153530685361,0.4794933054611078,0.7345090652843109,0.4158573014315836,0.4498149288003301,0.7839830994099373,1.0003626246125723,-0.0008603973639917,-0.0008965786272339,239.0,0.0,0.3256459273497325,0.1748341691579661,0.0114767132297118,0.2342906526973365,0.1162598230412464,0.0066563200512604,0.6648013979836157,0.9771697778493912,0.5144152528968474,0.8204181545276492,0.9703876172775256,0.0807466354298075,100000,30,12,0.1,1.0,0.1,0,11,0.001,1e-06,0.001,1e-07,1.0,1e-07,adamax,0,0.0,disordered,1,0.690276384420727,0 days 09:57:56.608079,3.895243994669281,3.9922042235300808,0.0008603973639917,1.0
232,232,232,232,232,232,232,232,232,232,232,232,232,232,232,232,232,232,232,0.2121550171362449,0.2121550171362449,0.2121550171362449,0.2121550171362449,0.2121550171362449,0.2121550171362449,0.2121550171362449,0.2121550171362449,0.2121550171362449,0.2121550171362449,0.2121550171362449,0.2121550171362449,0.2857725178770682,0.1410992410339124,0.0875842076235157,0.9130301160873652,0.0453674994747646,0.0447349565817034,1.0004979973699966,0.0650209654197949,0.1537335335465057,0.8774382211865229,0.0558034713435847,0.0449860963824977,-0.0019683015234255,-0.0024096733295616,675.0,0.0,0.4254319205126254,0.4217884105482588,0.2487687638254676,0.7175643490057031,0.5537527821643865,0.1679244739437104,0.9457826986198424,0.1192835651627532,0.0496830502617905,0.7558344124568469,0.4273698252746744,0.6525989397308843,100000,30,12,0.1,1.0,0.1,0,11,0.001,1e-06,0.001,1e-07,1.0,1e-07,adamax,0,0.0,disordered,1,0.21468412089661,0 days 09:57:56.608079,4.28690519819959,3.946374713277764,0.0019683015234255,1.0
233,233,233,233,233,233,233,233,233,233,233,233,233,233,233,233,233,233,233,0.2054117348353062,0.2054117348353062,0.2054117348353062,0.2054117348353062,0.2054117348353062,0.2054117348353062,0.2054117348353062,0.2054117348353062,0.2054117348353062,0.2054117348353062,0.2054117348353062,0.2054117348353062,0.918155537846957,0.5188892656147286,0.3008560105876802,0.2199327521918654,0.0376922209212655,0.0355419718163629,0.0357818038422981,1.0005423725742106,0.0639313363715933,0.0532436152489485,0.1175552096701594,0.053640912704125,-0.0019281172558442,-0.0024235331105071,759.0,0.0,0.0293280277415377,0.0800179552122662,0.2844917022951683,0.3277155772772908,0.5278125088659839,0.318136568470538,0.2315795162140604,0.9511782787436884,0.1326977726338979,0.5025277899584487,0.223667964909474,0.8118586684336861,100000,30,12,0.1,1.0,0.1,0,11,0.001,1e-06,0.001,1e-07,1.0,1e-07,adamax,0,0.0,disordered,1,0.2031487607073753,0 days 09:57:56.608079,3.938428734615669,3.71071147430563,0.0019281172558442,1.0
234,234,234,234,234,234,234,234,234,234,234,234,234,234,234,234,234,234,234,0.1638433645577982,0.1638433645577982,0.1638433645577982,0.1638433645577982,0.1638433645577982,0.1638433645577982,0.1638433645577982,0.1638433645577982,0.1638433645577982,0.1638433645577982,0.1638433645577982,0.1638433645577982,0.276877175927403,0.0274153315153728,0.0276456115021341,0.0661809755094017,1.0019493677236235,0.0332454568429026,0.0270780017931058,0.0270056182108305,0.0289989572178445,0.9828935877263876,0.0292679841423044,0.0270131306308589,-0.0023663003738909,-0.0032879184822757,785.0,0.0,0.6191173950887304,0.6204957812457725,0.435440675338833,0.4582904144594563,0.9921851717130896,0.4248277365856714,0.6574672079546182,0.0881713784179982,0.5245834158918792,0.755821557180018,0.4688493074920858,0.7273168622303527,100000,30,12,0.1,1.0,0.1,0,11,0.001,1e-06,0.001,1e-07,1.0,1e-07,adamax,0,0.0,disordered,1,0.1631942317315065,0 days 09:57:56.608079,3.929916472415041,3.883264242934152,0.0023663003738909,1.0
235,235,235,235,235,235,235,235,235,235,235,235,235,235,235,235,235,235,235,0.2493409369951876,0.2493409369951876,0.2493409369951876,0.2493409369951876,0.2493409369951876,0.2493409369951876,0.2493409369951876,0.2493409369951876,0.2493409369951876,0.2493409369951876,0.2493409369951876,0.2493409369951876,0.0569202199203023,0.0461765368699887,0.2005074001243467,0.0490399793601491,0.0838265381255498,0.6684315528410685,0.046090674928929,0.04889822418153,0.7418596067237837,1.000410759043501,0.0502469117363124,0.2423497005937154,-0.0016532829390854,-0.0019644206396494,733.0,0.0,0.6642606717342343,0.1098898573146673,0.4771317496998679,0.0312014157005438,0.0909429114613579,0.6732269794882545,0.2198682291590735,0.0506398991912545,0.4683997258247909,0.6982124711913849,0.2801904171648375,0.1906005552455659,100000,30,12,0.1,1.0,0.1,0,11,0.001,1e-06,0.001,1e-07,1.0,1e-07,adamax,0,0.0,disordered,1,0.2457698049454545,0 days 09:57:56.608079,4.064656201662178,3.980585926121426,0.0016532829390854,1.0
236,236,236,236,236,236,236,236,236,236,236,236,236,236,236,236,236,236,236,0.3444087275973818,0.3444087275973818,0.3444087275973818,0.3444087275973818,0.3444087275973818,0.3444087275973818,0.3444087275973818,0.3444087275973818,0.3444087275973818,0.3444087275973818,0.3444087275973818,0.3444087275973818,0.5416089418464873,0.4976483580845282,0.4346436301449108,0.1991203999280419,0.1188974520690531,0.110430996005111,1.0005329886642798,0.7038939782494751,0.6751798993585206,0.8250192049088059,0.1581992438294935,0.3975600885136427,-0.0013173841602631,-0.0013638836337964,568.0,0.0,0.230797647145204,0.0230889340700155,0.0417394724866417,0.4624317947354035,0.2153979852087361,0.4279799409301008,0.9132574465254402,0.8042383326726235,0.8267273504991763,0.929023616452101,0.6669769559759705,0.4377045405814164,100000,30,12,0.1,1.0,0.1,0,11,0.001,1e-06,0.001,1e-07,1.0,1e-07,adamax,0,0.0,disordered,1,0.3485324577358836,0 days 09:57:56.608079,3.847808648445993,3.665844181866345,0.0013173841602631,1.0
237,237,237,237,237,237,237,237,237,237,237,237,237,237,237,237,237,237,237,0.3557150206821381,0.3557150206821381,0.3557150206821381,0.3557150206821381,0.3557150206821381,0.3557150206821381,0.3557150206821381,0.3557150206821381,0.3557150206821381,0.3557150206821381,0.3557150206821381,0.3557150206821381,0.547239828877501,0.5729145738271013,0.1372581450001753,0.1925231333505716,0.1359951045271228,1.0005672470337958,0.9996617313363888,0.185372115044847,0.5350384314738188,0.6915355144688151,0.1618952340414948,0.1703790033826411,-0.0012978928537019,-0.0014263856215548,448.0,0.0,0.073335824822771,0.7217063751878922,0.111179044306536,0.3033866478777075,0.2806086191107868,0.937853584622824,0.8666195092203972,0.2545932023334656,0.3747550301281869,0.4773484970573644,0.0477178302504632,0.0192305137919545,100000,30,12,0.1,1.0,0.1,0,11,0.001,1e-06,0.001,1e-07,1.0,1e-07,adamax,0,0.0,disordered,1,0.3512687082610542,0 days 09:57:56.608079,3.853624293598005,3.831057576134541,0.0012978928537019,1.0
238,238,238,238,238,238,238,238,238,238,238,238,238,238,238,238,238,238,238,0.4180637241455752,0.4180637241455752,0.4180637241455752,0.4180637241455752,0.4180637241455752,0.4180637241455752,0.4180637241455752,0.4180637241455752,0.4180637241455752,0.4180637241455752,0.4180637241455752,0.4180637241455752,0.2480149525373573,0.169322543040348,0.2333834682341009,0.7745324544210032,0.0581052476296335,0.9624056379330342,0.0572639072088279,1.002167584049946,0.0403604053667081,0.5172824102439724,0.8217229971603072,0.2996262292946628,-0.0012073450898122,-0.0013212456954809,1185.0,0.0,0.5690988942672214,0.500237146077834,0.6294636587888246,0.8784156622342133,0.1383305444213748,0.8959807609454241,0.2096072329667661,0.92267898419396,0.1586010092630354,0.3994831424772106,0.7364412446434414,0.2002039593139714,100000,30,12,0.1,1.0,0.1,0,11,0.001,1e-06,0.001,1e-07,1.0,1e-07,adamax,0,0.0,disordered,1,0.4126495595925864,0 days 09:57:56.608079,3.927265244398041,3.9109840459694976,0.0012073450898122,1.0
239,239,239,239,239,239,239,239,239,239,239,239,239,239,239,239,239,239,239,0.3794532847236935,0.3794532847236935,0.3794532847236935,0.3794532847236935,0.3794532847236935,0.3794532847236935,0.3794532847236935,0.3794532847236935,0.3794532847236935,0.3794532847236935,0.3794532847236935,0.3794532847236935,1.0000022773150388,0.0806754019920334,0.7907076182490281,0.0787177717900265,0.1215607653226688,0.2216574836687231,0.0680757973657888,0.0940385733007562,0.0880905731075838,0.0822282985778872,0.4895146441314634,0.5794195815011893,-0.0011889296405523,-0.0012779616750849,758.0,0.0,0.1171722651598887,0.2687335756630974,0.3364332254505885,0.8859235799567501,0.250740658592031,0.6818726384248391,0.8348612693863806,0.0133505957865881,0.273762834221375,0.902726656459502,0.5817087775335785,0.1693126927876244,100000,30,12,0.1,1.0,0.1,0,11,0.001,1e-06,0.001,1e-07,1.0,1e-07,adamax,0,0.0,disordered,1,0.3814884894464067,0 days 09:57:56.608079,3.692545468623228,3.829367272690578,0.0011889296405523,1.0
240,240,240,240,240,240,240,240,240,240,240,240,240,240,240,240,240,240,240,0.2121550171362449,0.2121550171362449,0.2121550171362449,0.2121550171362449,0.2121550171362449,0.2121550171362449,0.2121550171362449,0.2121550171362449,0.2121550171362449,0.2121550171362449,0.2121550171362449,0.2121550171362449,0.1600888240218549,0.1966804523536715,0.7671816649801647,0.1796101063289532,0.0449452759470877,1.002249250644958,0.0671011880255516,0.6064613023767631,0.21118208172053,0.0582246508636775,0.0794960748450792,0.0529684137746622,-0.0019726113950169,-0.002281166566795,676.0,0.0,0.4931705350093037,0.4002097735936605,0.8354219932517978,0.7926098323818732,0.3241779405369809,0.9830646964827148,0.0477884867818838,0.9096517536701376,0.097267032824367,0.5542749186044887,0.4189021314134399,0.8234209293184693,100000,30,12,0.1,1.0,0.1,0,11,0.001,1e-06,0.001,1e-07,1.0,1e-07,adamax,0,0.0,disordered,1,0.2115098572126012,0 days 09:57:56.608079,4.410001884377706,3.952359345099862,0.0019726113950169,1.0
241,241,241,241,241,241,241,241,241,241,241,241,241,241,241,241,241,241,241,0.1747772774464679,0.1747772774464679,0.1747772774464679,0.1747772774464679,0.1747772774464679,0.1747772774464679,0.1747772774464679,0.1747772774464679,0.1747772774464679,0.1747772774464679,0.1747772774464679,0.1747772774464679,0.5202779179272903,0.5111496831802432,0.1403825569799867,0.0321247152723825,0.0753038456226723,0.7442191880446496,0.0380503523576586,0.0314684784283199,1.000300175806354,0.7481786339527943,0.0381291583333635,0.0273696568484544,-0.002131228661531,-0.0024738984016887,855.0,0.0,0.4805061611921127,0.281411924913489,0.7128149525361499,0.3820168994194098,0.4251771273663627,0.8162498580807743,0.3562051574027112,0.530048822740228,0.8087430632572472,0.8267099729670038,0.6836381477745519,0.7098273205737634,100000,30,12,0.1,1.0,0.1,0,11,0.001,1e-06,0.001,1e-07,1.0,1e-07,adamax,0,0.0,disordered,1,0.176913101882125,0 days 09:57:56.608079,3.96216431252468,3.4739486852536285,0.002131228661531,1.0
242,242,242,242,242,242,242,242,242,242,242,242,242,242,242,242,242,242,242,0.3919100249433399,0.3919100249433399,0.3919100249433399,0.3919100249433399,0.3919100249433399,0.3919100249433399,0.3919100249433399,0.3919100249433399,0.3919100249433399,0.3919100249433399,0.3919100249433399,0.3919100249433399,0.8608375779150337,0.1863664652040579,0.1997151391569988,0.1541248505925348,1.001778145568932,0.4078725115189957,0.1921453951502158,0.208154124509643,0.1963153537647382,0.1637273253440923,0.6627041127962227,0.39752997716405,-0.0012845226055557,-0.0013916402653369,408.0,0.0,0.0951861809945375,0.5452303824885759,0.5979696256481425,0.1411044150060496,0.8883386774979529,0.6756783223405803,0.1031471938061922,0.1217301673848533,0.1035658471359807,0.1448197919192561,0.58974415378652,0.097546201456495,100000,30,12,0.1,1.0,0.1,0,11,0.001,1e-06,0.001,1e-07,1.0,1e-07,adamax,0,0.0,disordered,1,0.3896573551995305,0 days 09:57:56.608079,3.83768215675704,3.910139071088384,0.0012845226055557,1.0
243,243,243,243,243,243,243,243,243,243,243,243,243,243,243,243,243,243,243,0.2263129568399526,0.2263129568399526,0.2263129568399526,0.2263129568399526,0.2263129568399526,0.2263129568399526,0.2263129568399526,0.2263129568399526,0.2263129568399526,0.2263129568399526,0.2263129568399526,0.2263129568399526,0.348805048017492,0.2966120419767951,0.2894578560243697,0.9603754255946112,0.5842032568044635,0.9755028500280772,0.051909299353775,1.000375093396225,0.0505018243431777,0.0583155379394989,0.0797203603242914,0.0516015891962856,-0.0018466238463711,-0.0023753264600147,653.0,0.0,0.4087798228349987,0.2886613044402275,0.6535582981725113,0.7123341566952256,0.6383601099847973,0.5954088370670796,0.5562000611310318,0.7675962287549989,0.5012767621670378,0.2140956364946002,0.1094107571203395,0.6000482200302583,100000,30,12,0.1,1.0,0.1,0,11,0.001,1e-06,0.001,1e-07,1.0,1e-07,adamax,0,0.0,disordered,1,0.2252236850192847,0 days 09:57:56.608079,3.948871412444127,3.5771504906344203,0.0018466238463711,1.0
244,244,244,244,244,244,244,244,244,244,244,244,244,244,244,244,244,244,244,0.3444087275973818,0.3444087275973818,0.3444087275973818,0.3444087275973818,0.3444087275973818,0.3444087275973818,0.3444087275973818,0.3444087275973818,0.3444087275973818,0.3444087275973818,0.3444087275973818,0.3444087275973818,0.2300260138854852,0.2855399354754803,0.0632985284774312,1.0015244414944555,0.033884145005937,0.5091134585247169,0.0704814962512266,0.1043466238503012,0.1081284439750273,0.0590673341127277,0.3194555300796842,0.6254232421409952,-0.0013243786194004,-0.0014514751018111,1119.0,0.0,0.80501981911651,0.7176535781625706,0.7077978198928584,0.777185446924128,0.0806533994303507,0.8507454167128043,0.031269612594601,0.559562244754216,0.4154770741987346,0.1317667119318895,0.5731232422677263,0.1149883664856494,100000,30,12,0.1,1.0,0.1,0,11,0.001,1e-06,0.001,1e-07,1.0,1e-07,adamax,0,0.0,disordered,1,0.3458449865267917,0 days 09:57:56.608079,3.885380119212447,3.795462276113064,0.0013243786194004,1.0
245,245,245,245,245,245,245,245,245,245,245,245,245,245,245,245,245,245,245,0.333461801578636,0.333461801578636,0.333461801578636,0.333461801578636,0.333461801578636,0.333461801578636,0.333461801578636,0.333461801578636,0.333461801578636,0.333461801578636,0.333461801578636,0.333461801578636,0.9446917356757688,0.4209060750372642,0.5115513652353523,0.1108201426623894,0.6442185789286345,1.002040246471369,0.2103391767964846,0.1128084637726178,0.9640348687680496,0.1209418436015152,0.1562882579175782,0.1512498110374441,-0.0014864963628243,-0.0017212826291767,484.0,0.0,0.0505762404166152,0.7108632822931158,0.8915345125263209,0.4405463740297752,0.8064621134539653,0.9539262940959512,0.7305731267543529,0.421680384049949,0.9434034429065684,0.2472636957095301,0.2385588070509432,0.6698863231474224,100000,30,12,0.1,1.0,0.1,0,11,0.001,1e-06,0.001,1e-07,1.0,1e-07,adamax,0,0.0,disordered,1,0.3314511631295475,0 days 09:57:56.608079,3.926812290393963,3.739461687932172,0.0014864963628243,1.0
246,246,246,246,246,246,246,246,246,246,246,246,246,246,246,246,246,246,246,0.2414157116103016,0.2414157116103016,0.2414157116103016,0.2414157116103016,0.2414157116103016,0.2414157116103016,0.2414157116103016,0.2414157116103016,0.2414157116103016,0.2414157116103016,0.2414157116103016,0.2414157116103016,0.0915261086936414,0.0584305615593622,0.6473544682377421,0.0575941943890992,0.0577669717849639,0.9642762155635856,0.0574933756261754,0.0574167130164529,0.9967599094569944,1.0001892348006178,0.0591137156393802,0.0583617390117038,-0.0015450629212963,-0.0022587899780157,622.0,0.0,0.8252363919080409,0.2609545946839984,0.3136782132049029,0.0277853878946894,0.0948733749029787,0.3297294529593854,0.0947572752330966,0.0222784833335085,0.7705703551273733,0.8833589428933932,0.1365328338943136,0.3429746635592937,100000,30,12,0.1,1.0,0.1,0,11,0.001,1e-06,0.001,1e-07,1.0,1e-07,adamax,0,0.0,disordered,1,0.2413335287994078,0 days 09:57:56.608079,4.432715025485882,4.365127964084362,0.0015450629212963,1.0
247,247,247,247,247,247,247,247,247,247,247,247,247,247,247,247,247,247,247,0.4047756965997316,0.4047756965997316,0.4047756965997316,0.4047756965997316,0.4047756965997316,0.4047756965997316,0.4047756965997316,0.4047756965997316,0.4047756965997316,0.4047756965997316,0.4047756965997316,0.4047756965997316,0.8788969949150178,0.4607530365828751,0.1083089148587986,0.5513290765954344,0.199890036803245,0.2275579047739851,0.1013546546827668,0.091182446539409,0.9324143428036216,0.0434498081082602,1.0003819909295597,0.114977840022018,-0.001145157290309,-0.0013686444758176,1046.0,0.0,0.0158781896217724,0.4205723412559977,0.1194476200617402,0.5680865217585311,0.6773855463639422,0.7161586602233061,0.1043067762860063,0.7991971980520339,0.838332325562638,0.2711926659637083,0.9735475529701468,0.3375149250565232,100000,30,12,0.1,1.0,0.1,0,11,0.001,1e-06,0.001,1e-07,1.0,1e-07,adamax,0,0.0,disordered,1,0.4018456622690069,0 days 09:57:56.608079,3.754629596215944,3.7359803679207664,0.001145157290309,1.0
248,248,248,248,248,248,248,248,248,248,248,248,248,248,248,248,248,248,248,0.4047756965997316,0.4047756965997316,0.4047756965997316,0.4047756965997316,0.4047756965997316,0.4047756965997316,0.4047756965997316,0.4047756965997316,0.4047756965997316,0.4047756965997316,0.4047756965997316,0.4047756965997316,0.1730204817208575,0.2186579789579061,0.922508991621429,0.8759717554383518,0.1999025975772313,0.4927861786956492,0.1619781124569847,0.9816410755189748,1.0017187814666622,0.9569853657208643,0.1623068597827091,0.1625426534413262,-0.0011264830778136,-0.0012834839442149,401.0,0.0,0.2575527416724514,0.1583268933402386,0.9622367725472548,0.9845068936899845,0.7833617607353065,0.3001591142917283,0.1863168957933664,0.8160956278075892,0.8195866498882468,0.6917068724736452,0.0141286385790188,0.0897702749266857,100000,30,12,0.1,1.0,0.1,0,11,0.001,1e-06,0.001,1e-07,1.0,1e-07,adamax,0,0.0,disordered,1,0.4109758443631814,0 days 09:57:56.608079,4.330012783125196,3.91909963595802,0.0011264830778136,1.0
249,249,249,249,249,249,249,249,249,249,249,249,249,249,249,249,249,249,249,0.3026648059395688,0.3026648059395688,0.3026648059395688,0.3026648059395688,0.3026648059395688,0.3026648059395688,0.3026648059395688,0.3026648059395688,0.3026648059395688,0.3026648059395688,0.3026648059395688,0.3026648059395688,0.6333311317050974,0.107606089473527,0.805343579236463,0.4290744817728814,0.4761396458984936,1.0004462276026278,0.0844084832377587,0.084633641935275,0.4030016902126964,0.8904274196603466,0.0844709015860339,0.1971104110758664,-0.0012215704294063,-0.0014263137286552,554.0,0.0,0.5713045891257171,0.0394953411916256,0.8179250197915076,0.9777640393148442,0.9775786952206656,0.829646147129515,0.0386275721174035,0.1134416250312995,0.9788995294148176,0.542143749584765,0.1121834598919309,0.0047986962695082,100000,30,12,0.1,1.0,0.1,0,11,0.001,1e-06,0.001,1e-07,1.0,1e-07,adamax,0,0.0,disordered,1,0.3014246996563847,0 days 09:57:56.608079,3.9814359923101854,3.8190380683226826,0.0012215704294063,1.0
250,250,250,250,250,250,250,250,250,250,250,250,250,250,250,250,250,250,250,0.2191196687578146,0.2191196687578146,0.2191196687578146,0.2191196687578146,0.2191196687578146,0.2191196687578146,0.2191196687578146,0.2191196687578146,0.2191196687578146,0.2191196687578146,0.2191196687578146,0.2191196687578146,1.0021725990503842,0.2643169915944432,0.3739574711248743,0.0795453288850672,0.2664577268514667,0.0487308962283906,0.8676279878064792,0.0480765041313328,0.0579790550906673,0.2390364785068701,0.0612098001403146,0.1887925153776912,-0.0017763750726333,-0.0021877547383396,659.0,0.0,0.115267005663062,0.8785974091814128,0.2993388859024937,0.7459291170862314,0.937366336734396,0.35489974256256,0.9313564413874184,0.8822250626891953,0.1216177817136735,0.1278319281672717,0.9012288743775664,0.8379621667181256,100000,30,12,0.1,1.0,0.1,0,11,0.001,1e-06,0.001,1e-07,1.0,1e-07,adamax,0,0.0,disordered,1,0.2220264158645307,0 days 09:57:56.608079,3.843524356370296,3.743582534164469,0.0017763750726333,1.0
251,251,251,251,251,251,251,251,251,251,251,251,251,251,251,251,251,251,251,0.1487115462808952,0.1487115462808952,0.1487115462808952,0.1487115462808952,0.1487115462808952,0.1487115462808952,0.1487115462808952,0.1487115462808952,0.1487115462808952,0.1487115462808952,0.1487115462808952,0.1487115462808952,0.5008869225681097,0.5427902881740297,0.0047826045649107,9.56228140586939e-06,1.8445457098211045e-07,2.707439848018586e-07,1.9575127169498529e-07,2.032767761882066e-07,2.1597685493156125e-07,2.600101187707048e-05,0.1127383987875388,0.3943126091467939,-0.0022038295230811,-0.0026994597257319,7785.0,1.0,0.8244225168815499,0.6668554539279069,0.9580380097249876,0.4217887832576917,0.8187208922359559,0.7743750860479226,0.4362492184849196,0.2919197500309933,0.1148970826679349,0.9529001346514946,0.8191868690166361,0.7431019824611016,100000,30,12,0.1,1.0,0.1,0,11,0.001,1e-06,0.001,1e-07,1.0,1e-07,adamax,0,0.0,disordered,1,0.1487459947677356,0 days 09:57:56.608079,3.280924513102069,3.78641518395829,0.0022038295230811,1.0
252,252,252,252,252,252,252,252,252,252,252,252,252,252,252,252,252,252,252,0.636219849265748,0.636219849265748,0.636219849265748,0.636219849265748,0.636219849265748,0.636219849265748,0.636219849265748,0.636219849265748,0.636219849265748,0.636219849265748,0.636219849265748,0.636219849265748,0.8247029775194464,0.4060052173042267,0.4403699047290249,0.4084761192103027,0.4358872055372307,0.4194010714253642,0.402218518308123,0.4025449046347219,0.458307871180428,0.4230291494295689,0.415174907099013,1.0006847486652437,-0.0008949482654167,-0.0009551536306418,198.0,0.0,0.2514756636614588,0.820109396472933,0.1962333892589896,0.6352925218784667,0.162132723682877,0.4527068756174857,0.6110690318720912,0.7191537798294915,0.917432036335271,0.9578338934687016,0.7605457635265853,0.0449673550017765,100000,30,12,0.1,1.0,0.1,0,11,0.001,1e-06,0.001,1e-07,1.0,1e-07,adamax,0,0.0,disordered,1,0.6287349894377224,0 days 09:57:56.608079,3.772736350146155,3.8842310782184457,0.0008949482654167,1.0
253,253,253,253,253,253,253,253,253,253,253,253,253,253,253,253,253,253,253,0.1864408533970484,0.1864408533970484,0.1864408533970484,0.1864408533970484,0.1864408533970484,0.1864408533970484,0.1864408533970484,0.1864408533970484,0.1864408533970484,0.1864408533970484,0.1864408533970484,0.1864408533970484,0.8895366178364692,0.1941200318614032,0.0605743894996189,0.1121666049696356,0.1395202915857857,0.9836880839734844,1.00070575864336,0.0342418047332679,0.0486054147090351,0.2205676507380149,0.0392994263721857,0.0942805185552627,-0.002060639265028,-0.0025986490836336,739.0,0.0,0.3870494664839662,0.7263565217141167,0.8682551861790878,0.0223754131071074,0.3994927855175592,0.9352865305331108,0.9276172420620962,0.8841450737133036,0.1531324043775236,0.3220172421923563,0.9279693195160548,0.9198577998286604,100000,30,12,0.1,1.0,0.1,0,11,0.001,1e-06,0.001,1e-07,1.0,1e-07,adamax,0,0.0,disordered,1,0.1873362097664133,0 days 09:57:56.608079,4.167633462476538,3.819732728799651,0.002060639265028,1.0
254,254,254,254,254,254,254,254,254,254,254,254,254,254,254,254,254,254,254,0.1805148879221106,0.1805148879221106,0.1805148879221106,0.1805148879221106,0.1805148879221106,0.1805148879221106,0.1805148879221106,0.1805148879221106,0.1805148879221106,0.1805148879221106,0.1805148879221106,0.1805148879221106,0.0248683729575531,0.0222168670935557,0.0354537181823707,0.025512570278685,1.0004021133487668,0.0235227739933839,0.3787199417370126,0.4727379286776614,0.4165837771749502,0.0318065930924357,0.0277175968573066,0.0591774396345371,-0.0018538207688109,-0.0022500085697586,906.0,0.0,0.963700685907931,0.6999404812707226,0.7101077891395438,0.252237697223585,0.7103146712793887,0.2631889416072038,0.8420325931618102,0.6049027256782059,0.2835056803091478,0.1485516451166109,0.1243693386886878,0.1530930556237263,100000,30,12,0.1,1.0,0.1,0,11,0.001,1e-06,0.001,1e-07,1.0,1e-07,adamax,0,0.0,disordered,1,0.1797331399112006,0 days 09:57:56.608079,3.643570195504294,3.497798539578536,0.0018538207688109,1.0
255,255,255,255,255,255,255,255,255,255,255,255,255,255,255,255,255,255,255,0.2263129568399526,0.2263129568399526,0.2263129568399526,0.2263129568399526,0.2263129568399526,0.2263129568399526,0.2263129568399526,0.2263129568399526,0.2263129568399526,0.2263129568399526,0.2263129568399526,0.2263129568399526,0.1174537303428408,0.0504545679485912,0.0553568913747157,0.0519763700382864,0.956165142383054,1.001624822654207,0.0515340563605156,0.9439064305416974,0.809111008317111,0.0586031881112629,0.0874143520820864,0.0535289152013844,-0.0015753018602946,-0.0020022208796365,659.0,0.0,0.9161457305298456,0.3687576859935133,0.5669595468352621,0.1470186596387777,0.8967113091031558,0.992002109452133,0.5147490275156694,0.9499885600368956,0.9701136625145927,0.6756551687211889,0.1429325326134809,0.6601249582783056,100000,30,12,0.1,1.0,0.1,0,11,0.001,1e-06,0.001,1e-07,1.0,1e-07,adamax,0,0.0,disordered,1,0.224216381878597,0 days 09:57:56.608079,4.47666793381938,3.925002483781556,0.0015753018602946,1.0
256,256,256,256,256,256,256,256,256,256,256,256,256,256,256,256,256,256,256,0.1864408533970484,0.1864408533970484,0.1864408533970484,0.1864408533970484,0.1864408533970484,0.1864408533970484,0.1864408533970484,0.1864408533970484,0.1864408533970484,0.1864408533970484,0.1864408533970484,0.1864408533970484,1.001185980931243,0.5767678882059044,0.149169724025548,0.0595633015726642,0.2566412383496738,0.0334158639496912,0.0456656178975305,0.9930135980914828,0.0388461102001704,0.0330123457210169,0.0343026721112527,0.0325986901692999,-0.0021663608408357,-0.0030389843655068,754.0,0.0,0.1824297694255304,0.8952110001764462,0.8916417348000365,0.1805464910078101,0.3537231622494197,0.6835251509075145,0.2400849932650752,0.8426929876747188,0.5074519866192873,0.6471583160880261,0.455021552701576,0.8081875903544601,100000,30,12,0.1,1.0,0.1,0,11,0.001,1e-06,0.001,1e-07,1.0,1e-07,adamax,0,0.0,disordered,1,0.1873566874076595,0 days 09:57:56.608079,3.963077903554856,3.6878822202264914,0.0021663608408357,1.0
257,257,257,257,257,257,257,257,257,257,257,257,257,257,257,257,257,257,257,0.2659804395593755,0.2659804395593755,0.2659804395593755,0.2659804395593755,0.2659804395593755,0.2659804395593755,0.2659804395593755,0.2659804395593755,0.2659804395593755,0.2659804395593755,0.2659804395593755,0.2659804395593755,0.2982304411263232,0.2754595123925628,0.0196046814445279,0.0152420448954004,0.0136395832642787,0.1172657901647493,0.0171218896248779,0.0150273141769553,0.0189715222522911,0.7260384986612188,1.0004122160646294,0.0433668808967901,-0.0015638680011507,-0.0019483903346458,1321.0,0.0,0.7914361578902037,0.8042378766844865,0.3651652718958724,0.3576804118279693,0.2426460584093469,0.8995208590171605,0.1174960720252522,0.3553229724357469,0.0340966532694543,0.6558326165671662,0.959704573815436,0.535738467449102,100000,30,12,0.1,1.0,0.1,0,11,0.001,1e-06,0.001,1e-07,1.0,1e-07,adamax,0,0.0,disordered,1,0.2649288839338328,0 days 09:57:56.608079,4.26590820199154,4.187409315790146,0.0015638680011507,1.0
258,258,258,258,258,258,258,258,258,258,258,258,258,258,258,258,258,258,258,0.2575263326771198,0.2575263326771198,0.2575263326771198,0.2575263326771198,0.2575263326771198,0.2575263326771198,0.2575263326771198,0.2575263326771198,0.2575263326771198,0.2575263326771198,0.2575263326771198,0.2575263326771198,0.935841443698701,0.4485847464710024,0.0777563249859171,0.1115402165634252,0.1094646979571892,0.0660691523449382,0.0687050293731987,1.0012203085163272,0.0658754387342623,0.0662438189420059,0.5488220171155515,0.0713774022626678,-0.0017403385283998,-0.0020497920898434,592.0,0.0,0.0348565498696192,0.3526742600511262,0.6617173734036776,0.1614675232629825,0.5197121735457872,0.3376557883933568,0.0449962796988543,0.7832399072954109,0.2899752495294391,0.1812937250664439,0.6574280714254463,0.4400644591684004,100000,30,12,0.1,1.0,0.1,0,11,0.001,1e-06,0.001,1e-07,1.0,1e-07,adamax,0,0.0,disordered,1,0.255516715689851,0 days 09:57:56.608079,3.820130869565972,3.7332912698986815,0.0017403385283998,1.0
259,259,259,259,259,259,259,259,259,259,259,259,259,259,259,259,259,259,259,0.4317879727332017,0.4317879727332017,0.4317879727332017,0.4317879727332017,0.4317879727332017,0.4317879727332017,0.4317879727332017,0.4317879727332017,0.4317879727332017,0.4317879727332017,0.4317879727332017,0.4317879727332017,0.977632969509085,1.000173344808223,0.193213714879135,0.1661045195783156,0.200206622322096,0.2085580496914302,0.2034496074099429,0.1640229262480869,0.1661017647463194,0.1995732525060584,0.4157950621696933,0.7301138800478892,-0.0011270359677887,-0.0012254731945097,418.0,0.0,0.3245048187798456,0.1028207830295079,0.9876947376557084,0.5933871710951234,0.443296832092249,0.5868687191075178,0.453314804225376,0.7892678009461863,0.866126467625619,0.302125317801908,0.9306283022390598,0.2952319883410219,100000,30,12,0.1,1.0,0.1,0,11,0.001,1e-06,0.001,1e-07,1.0,1e-07,adamax,0,0.0,disordered,1,0.4288480660767794,0 days 09:57:56.608079,3.7414510672855887,3.866432558662576,0.0011270359677887,1.0
260,260,260,260,260,260,260,260,260,260,260,260,260,260,260,260,260,260,260,0.5591070776755287,0.5591070776755287,0.5591070776755287,0.5591070776755287,0.5591070776755287,0.5591070776755287,0.5591070776755287,0.5591070776755287,0.5591070776755287,0.5591070776755287,0.5591070776755287,0.5591070776755287,0.5486726812297632,0.1682500879080576,0.167999695638869,0.1584192962290248,0.1440682727807881,0.2006588989941509,0.1958325668345754,0.2329389891410366,0.209931207704812,0.172836808617422,0.6582088349125618,1.000325032878662,-0.0009788970452803,-0.0010824362221778,647.0,0.0,0.6361245354362794,0.9431710141917132,0.6975722156267917,0.0537800377932241,0.6217509280759834,0.8560950824105203,0.0525816180445954,0.2007623652999489,0.4101034939445396,0.3895477103995718,0.980737881660108,0.0858394690487681,100000,30,12,0.1,1.0,0.1,0,11,0.001,1e-06,0.001,1e-07,1.0,1e-07,adamax,0,0.0,disordered,1,0.5554435048440116,0 days 09:57:56.608079,3.9222379899387225,4.029814078760651,0.0009788970452803,1.0
261,261,261,261,261,261,261,261,261,261,261,261,261,261,261,261,261,261,261,0.1638433645577982,0.1638433645577982,0.1638433645577982,0.1638433645577982,0.1638433645577982,0.1638433645577982,0.1638433645577982,0.1638433645577982,0.1638433645577982,0.1638433645577982,0.1638433645577982,0.1638433645577982,0.900904355612862,0.1671016335837692,0.3632412968228812,0.0726122044475902,1.0002719066159942,0.0446717653505493,0.0564768479452723,0.0920232560160066,0.0560418696762014,0.0418086189350596,0.0434740531190498,0.2653861725664323,-0.0019900717634309,-0.0023515414904573,791.0,0.0,0.1769934947805196,0.6332099416373053,0.1122251248701656,0.6176041322847631,0.631009444277022,0.5521792449310217,0.4219330543777089,0.4688673168649789,0.3703050703474619,0.3874850378822095,0.3479789844396158,0.3059189782878799,100000,30,12,0.1,1.0,0.1,0,11,0.001,1e-06,0.001,1e-07,1.0,1e-07,adamax,0,0.0,disordered,1,0.1624258010755233,0 days 09:57:56.608079,2.960055178021271,3.096983904689379,0.0019900717634309,1.0
262,262,262,262,262,262,262,262,262,262,262,262,262,262,262,262,262,262,262,0.31260072430687,0.31260072430687,0.31260072430687,0.31260072430687,0.31260072430687,0.31260072430687,0.31260072430687,0.31260072430687,0.31260072430687,0.31260072430687,0.31260072430687,0.31260072430687,0.6337856281913211,0.3142029196875556,0.7631578106455339,0.1003077285641261,0.098077937630884,1.0008329604002149,0.9892351010413104,0.097872293700272,0.2852719804469065,0.3246773096734737,0.1273555494892878,0.1654958279056529,-0.001544581299582,-0.0017475453481035,506.0,0.0,0.1724539557475153,0.5622395210157518,0.6064673032975222,0.5450361405853635,0.5080541627904619,0.8109065812067465,0.912984780874328,0.0623940902494647,0.4053585835436714,0.4702342654072243,0.0989895256344383,0.3329422678595225,100000,30,12,0.1,1.0,0.1,0,11,0.001,1e-06,0.001,1e-07,1.0,1e-07,adamax,0,0.0,disordered,1,0.3113335432198336,0 days 09:57:56.608079,3.863449581459702,3.786694818453855,0.001544581299582,1.0
263,263,263,263,263,263,263,263,263,263,263,263,263,263,263,263,263,263,263,0.2747120789270809,0.2747120789270809,0.2747120789270809,0.2747120789270809,0.2747120789270809,0.2747120789270809,0.2747120789270809,0.2747120789270809,0.2747120789270809,0.2747120789270809,0.2747120789270809,0.2747120789270809,0.3244391197285143,0.5368372412613925,0.0123117319570322,0.0239153657772676,0.0755141022505591,0.0233091058444864,0.040176836497904,0.0057406140377697,1.0003680194612277,0.0025466950352459,0.8492845193547198,0.029061782962946,-0.0015987840603696,-0.0019522918832012,2558.0,0.0,0.4177399825672238,0.0405421071775401,0.432598683845726,0.1019778423785265,0.405697268029329,0.1989959852407393,0.1017426369298778,0.0641453256310438,0.5146914993733146,0.0029436462960327,0.3972314453993447,0.0603402546880796,100000,30,12,0.1,1.0,0.1,0,11,0.001,1e-06,0.001,1e-07,1.0,1e-07,adamax,0,0.0,disordered,1,0.2715826336795807,0 days 09:57:56.608079,3.266289648235192,3.769766840100155,0.0015987840603696,1.0
264,264,264,264,264,264,264,264,264,264,264,264,264,264,264,264,264,264,264,0.31260072430687,0.31260072430687,0.31260072430687,0.31260072430687,0.31260072430687,0.31260072430687,0.31260072430687,0.31260072430687,0.31260072430687,0.31260072430687,0.31260072430687,0.31260072430687,0.1888314453859841,0.1106518609226733,0.0972181917587138,0.0972706763581434,0.774745723639889,0.1006691063114019,0.9845904881774228,0.1160887007971696,1.001852888685823,0.2179302860876268,0.2613689161714235,0.2880615819621306,-0.0014328348152539,-0.0015591637734885,506.0,0.0,0.6885300860953525,0.6492587923306573,0.1534919754584059,0.3637796473777184,0.7238740754382852,0.1280319556986398,0.8128231648965567,0.661485263191831,0.9413380476842622,0.6018492981573823,0.0445902509263321,0.409124444921672,100000,30,12,0.1,1.0,0.1,0,11,0.001,1e-06,0.001,1e-07,1.0,1e-07,adamax,0,0.0,disordered,1,0.3155915347839002,0 days 09:57:56.608079,4.1209852177156,3.8903705520050607,0.0014328348152539,1.0
265,265,265,265,265,265,265,265,265,265,265,265,265,265,265,265,265,265,265,0.1747772774464679,0.1747772774464679,0.1747772774464679,0.1747772774464679,0.1747772774464679,0.1747772774464679,0.1747772774464679,0.1747772774464679,0.1747772774464679,0.1747772774464679,0.1747772774464679,0.1747772774464679,0.3020074732568356,0.3520797368558315,0.3637903415593291,0.4397686004106011,0.0791794945114998,0.1110166607039766,0.0492345917574144,0.05392951862219,0.0327122854719612,1.0012286573658704,0.032541729740261,0.0303940912887269,-0.0023967719216195,-0.0031413293576104,762.0,0.0,0.6886117898087819,0.4691657950373045,0.3717486040287852,0.2505924859984356,0.6898879593102651,0.1555881240222396,0.7635421211835335,0.280977482261397,0.577472027191234,0.9217754151351226,0.5931649067290381,0.8689594774816964,100000,30,12,0.1,1.0,0.1,0,11,0.001,1e-06,0.001,1e-07,1.0,1e-07,adamax,0,0.0,disordered,1,0.1750924007938958,0 days 09:57:56.608079,4.009719018818098,3.8869065849077207,0.0023967719216195,1.0
266,266,266,266,266,266,266,266,266,266,266,266,266,266,266,266,266,266,266,0.2575263326771198,0.2575263326771198,0.2575263326771198,0.2575263326771198,0.2575263326771198,0.2575263326771198,0.2575263326771198,0.2575263326771198,0.2575263326771198,0.2575263326771198,0.2575263326771198,0.2575263326771198,1.0010811600620573,0.3896965079669083,0.16392145525258,0.1451785774806608,0.3203087735167111,0.0830301806834236,0.0649199118452616,0.3593750419858481,0.0797904980607196,0.4141213235613296,0.2611045878030961,0.1633593744944403,-0.0016300776675853,-0.0017253262439817,655.0,0.0,0.0893756936925884,0.5103121192969601,0.6543576980211803,0.162342821302332,0.6961494560836059,0.6592202247176523,0.4589126607363889,0.7942115492192897,0.003199537400046,0.928440515213488,0.0909687337918507,0.7702590598396649,100000,30,12,0.1,1.0,0.1,0,11,0.001,1e-06,0.001,1e-07,1.0,1e-07,adamax,0,0.0,disordered,1,0.2580047916583231,0 days 09:57:56.608079,3.849258194181029,3.732471737170488,0.0016300776675853,1.0
267,267,267,267,267,267,267,267,267,267,267,267,267,267,267,267,267,267,267,0.2263129568399526,0.2263129568399526,0.2263129568399526,0.2263129568399526,0.2263129568399526,0.2263129568399526,0.2263129568399526,0.2263129568399526,0.2263129568399526,0.2263129568399526,0.2263129568399526,0.2263129568399526,0.9575308739123382,0.7853975160333921,0.304315244237534,0.1471097593842945,0.0572458224660482,1.0011685574887574,0.0550322558913878,0.0638141214212279,0.0730039133417258,0.0707729416991955,0.1062115304818977,0.1156288527232214,-0.0019903047243582,-0.0024400553985179,655.0,0.0,0.1562516212076992,0.0117843303477425,0.5972891241600773,0.5491985308302156,0.7439735337545018,0.8615405609098814,0.466055318132979,0.5253179180471028,0.5880511155909521,0.3335472471302999,0.801002658949726,0.7628449507003233,100000,30,12,0.1,1.0,0.1,0,11,0.001,1e-06,0.001,1e-07,1.0,1e-07,adamax,0,0.0,disordered,1,0.2255335120127745,0 days 09:57:56.608079,3.631725303266837,3.541452863012457,0.0019903047243582,1.0
268,268,268,268,268,268,268,268,268,268,268,268,268,268,268,268,268,268,268,0.2337423870891812,0.2337423870891812,0.2337423870891812,0.2337423870891812,0.2337423870891812,0.2337423870891812,0.2337423870891812,0.2337423870891812,0.2337423870891812,0.2337423870891812,0.2337423870891812,0.2337423870891812,0.9508431588996132,0.1480715598790395,0.0503845345089514,0.1620249557162589,0.0535882760178995,0.3375609126948087,0.7579856807606382,0.0499111355456187,1.0006796294631355,0.0517820253359739,0.0506611522617136,0.0496226673844163,-0.0015858599837197,-0.0021863825937798,674.0,0.0,0.1587745769035796,0.6905607541838444,0.214488915647371,0.2841481238480106,0.5742770187319882,0.4401600788869554,0.5778950390465654,0.236398247019809,0.7584946624080231,0.111493950200568,0.0077208357189407,0.2060136306400274,100000,30,12,0.1,1.0,0.1,0,11,0.001,1e-06,0.001,1e-07,1.0,1e-07,adamax,0,0.0,disordered,1,0.2343208368878938,0 days 09:57:56.608079,3.758266002373572,3.713841745514512,0.0015858599837197,1.0
269,269,269,269,269,269,269,269,269,269,269,269,269,269,269,269,269,269,269,0.367392478180207,0.367392478180207,0.367392478180207,0.367392478180207,0.367392478180207,0.367392478180207,0.367392478180207,0.367392478180207,0.367392478180207,0.367392478180207,0.367392478180207,0.367392478180207,0.1462524802368885,0.6106318892516881,0.1369105058322403,0.1434302767367284,1.0019447794167378,0.3285511276470257,0.1478963495573642,0.1396506026041048,0.1473277453516594,0.1373375011165583,0.9245596341807164,0.3084547072676655,-0.0012370442365708,-0.0014381678702211,434.0,0.0,0.5028011774622677,0.8506888888481461,0.3398424630844097,0.087495067664021,0.986555766192252,0.6824529508865177,0.2830754285024608,0.2278360249827873,0.15003468148599,0.1115562661543454,0.7189710713814235,0.1157080665018861,100000,30,12,0.1,1.0,0.1,0,11,0.001,1e-06,0.001,1e-07,1.0,1e-07,adamax,0,0.0,disordered,1,0.3711688834239535,0 days 09:57:56.608079,3.934481539000751,3.958260991877186,0.0012370442365708,1.0
270,270,270,270,270,270,270,270,270,270,270,270,270,270,270,270,270,270,270,0.1439847952876006,0.1439847952876006,0.1439847952876006,0.1439847952876006,0.1439847952876006,0.1439847952876006,0.1439847952876006,0.1439847952876006,0.1439847952876006,0.1439847952876006,0.1439847952876006,0.1439847952876006,0.2621974268178392,0.3174900129009684,0.2508659431363326,0.0170204853175468,0.0197738750363548,0.1907543539648645,1.0001623381442044,0.0249475481005226,0.0350694637703524,0.0632504117911759,0.2125674553392971,0.0203895694578879,-0.002294402970768,-0.0027154337704019,995.0,0.0,0.6796046309791528,0.4021280479214877,0.6274781731105906,0.3678044345162742,0.1170373989192457,0.000376779543783,0.8341296812024206,0.8267187926265982,0.1301655596521703,0.2752386539913387,0.4554080665337299,0.9368295464244326,100000,30,12,0.1,1.0,0.1,0,11,0.001,1e-06,0.001,1e-07,1.0,1e-07,adamax,0,0.0,disordered,1,0.1460764078737182,0 days 09:57:56.608079,4.438597281185836,4.25696141738117,0.002294402970768,1.0
271,271,271,271,271,271,271,271,271,271,271,271,271,271,271,271,271,271,271,0.2263129568399526,0.2263129568399526,0.2263129568399526,0.2263129568399526,0.2263129568399526,0.2263129568399526,0.2263129568399526,0.2263129568399526,0.2263129568399526,0.2263129568399526,0.2263129568399526,0.2263129568399526,0.7817848312914145,0.3870306796461928,0.7133405692228432,0.6932714432595375,0.0938053635916141,0.068744914322217,0.2008841516956801,0.0562587144441105,0.2006017335087693,0.1535431904245105,1.002103721380282,0.0485480523145908,-0.0018812791432421,-0.0021117765079757,712.0,0.0,0.3671016505099553,0.5580898519135339,0.0081104213914865,0.059323985739747,0.7380031155235911,0.5128959699620482,0.0656368162927402,0.7228404773351511,0.2031364422457312,0.9018707614095632,0.9880407081382132,0.9495948935198784,100000,30,12,0.1,1.0,0.1,0,11,0.001,1e-06,0.001,1e-07,1.0,1e-07,adamax,0,0.0,disordered,1,0.2269790656940266,0 days 09:57:56.608079,3.9058259094226817,3.8237147768728046,0.0018812791432421,1.0
272,272,272,272,272,272,272,272,272,272,272,272,272,272,272,272,272,272,272,0.2191196687578146,0.2191196687578146,0.2191196687578146,0.2191196687578146,0.2191196687578146,0.2191196687578146,0.2191196687578146,0.2191196687578146,0.2191196687578146,0.2191196687578146,0.2191196687578146,0.2191196687578146,0.9766256108155892,0.3468294507881462,0.2897517201136211,0.0422847927744813,0.0644789510360742,0.099348162884043,0.2941198352338,0.0478276048112981,0.0635679677965374,0.0423166867772543,1.0002371512693116,0.0446309540463429,-0.0019422266332398,-0.0023166839324899,714.0,0.0,0.1822195100280351,0.5922797865020526,0.8776231876952161,0.6254736900968225,0.0675890759560324,0.2609365052536748,0.6708651192175487,0.3798904811545951,0.1634515878754359,0.5655292443318688,0.85335672271599,0.6804172173888218,100000,30,12,0.1,1.0,0.1,0,11,0.001,1e-06,0.001,1e-07,1.0,1e-07,adamax,0,0.0,disordered,1,0.220907864380148,0 days 09:57:56.608079,3.8684032963748978,3.8231924673105016,0.0019422266332398,1.0
273,273,273,273,273,273,273,273,273,273,273,273,273,273,273,273,273,273,273,0.1864408533970484,0.1864408533970484,0.1864408533970484,0.1864408533970484,0.1864408533970484,0.1864408533970484,0.1864408533970484,0.1864408533970484,0.1864408533970484,0.1864408533970484,0.1864408533970484,0.1864408533970484,0.7196159607665964,0.2653319786321592,0.4468672977161703,0.3651772863205071,0.4569890656904923,0.1273407963397022,0.0435928535408929,1.0002371916057076,0.0105881438703387,0.1153843816261043,0.0517381993308545,0.0186700713438162,-0.0021030262509377,-0.0025483981037049,1244.0,0.0,0.2640058517854265,0.1926680205666354,0.1105012592568686,0.2748170304402223,0.5913625496602415,0.91081656207632,0.2686666960800681,0.7470281040025918,0.9496229651228262,0.366193797425507,0.7740885276701231,0.9923599348274472,100000,30,12,0.1,1.0,0.1,0,11,0.001,1e-06,0.001,1e-07,1.0,1e-07,adamax,0,0.0,disordered,1,0.1869875176013714,0 days 09:57:56.608079,3.5511880227141552,3.568360303107765,0.0021030262509377,1.0
274,274,274,274,274,274,274,274,274,274,274,274,274,274,274,274,274,274,274,0.2575263326771198,0.2575263326771198,0.2575263326771198,0.2575263326771198,0.2575263326771198,0.2575263326771198,0.2575263326771198,0.2575263326771198,0.2575263326771198,0.2575263326771198,0.2575263326771198,0.2575263326771198,0.8858555849650802,0.3586473899868357,0.1692060734647378,0.0837491611797212,0.4617724871805718,0.1725191367334645,0.0646040721712993,1.0013760887945171,0.0650059486471427,0.9690809486330512,0.0745015187035406,0.0648890772468126,-0.001705001772377,-0.002077672510024,600.0,0.0,0.2437272388690028,0.5477974900858349,0.8752149682278184,0.1381448700139681,0.0758133040206286,0.6383266683789438,0.5939891525517612,0.906578298165276,0.6582655442898885,0.9069714689574804,0.5221224745190275,0.6262047940451518,100000,30,12,0.1,1.0,0.1,0,11,0.001,1e-06,0.001,1e-07,1.0,1e-07,adamax,0,0.0,disordered,1,0.2598234081899112,0 days 09:57:56.608079,3.700395459275805,3.7018557442563993,0.001705001772377,1.0
275,275,275,275,275,275,275,275,275,275,275,275,275,275,275,275,275,275,275,0.1864408533970484,0.1864408533970484,0.1864408533970484,0.1864408533970484,0.1864408533970484,0.1864408533970484,0.1864408533970484,0.1864408533970484,0.1864408533970484,0.1864408533970484,0.1864408533970484,0.1864408533970484,0.0002129824801992,1.061200082956997e-06,2.41017399221536e-06,0.3046534492856373,8.889928210721661e-07,0.0054368815286679,1.4481512122591633e-06,2.475851107995568e-07,9.98998990469862e-08,1.897823917965328e-07,1.7937332799218046e-06,0.5599750429414502,-0.0019858392276219,-0.0026849456804843,7762.0,0.0,0.8232969732668901,0.41251262654796,0.4059475931685383,0.6991843329844618,0.0604267320994861,0.4620132350119723,0.1492970839202239,0.4656815048165154,0.0134670191414556,0.0510183970435795,0.536388393982969,0.3053922393281979,100000,30,12,0.1,1.0,0.1,0,11,0.001,1e-06,0.001,1e-07,1.0,1e-07,adamax,0,0.0,disordered,1,0.1858876436895265,0 days 09:57:56.608079,3.630430507515325,3.9578887688665376,0.0019858392276219,1.0
276,276,276,276,276,276,276,276,276,276,276,276,276,276,276,276,276,276,276,0.2747120789270809,0.2747120789270809,0.2747120789270809,0.2747120789270809,0.2747120789270809,0.2747120789270809,0.2747120789270809,0.2747120789270809,0.2747120789270809,0.2747120789270809,0.2747120789270809,0.2747120789270809,0.296512001692895,0.0980048390616494,0.0753609255478769,0.979256962805012,0.0972093059755404,0.9844049742472576,0.074950534892352,0.0882100392034847,1.0007705498069135,0.0756495778962183,0.3979281274649902,0.0802283111259693,-0.0015777708943021,-0.0018926596193647,563.0,0.0,0.7055390682618229,0.5592864882279562,0.4859573174525038,0.8583701433323171,0.0493544167889244,0.9358299068925108,0.0845266536600494,0.0482046549366537,0.9617674286956964,0.1621724884477942,0.4620096227027535,0.3644529130106786,100000,30,12,0.1,1.0,0.1,0,11,0.001,1e-06,0.001,1e-07,1.0,1e-07,adamax,0,0.0,disordered,1,0.277693675271202,0 days 09:57:56.608079,4.234517866389277,3.946332588186817,0.0015777708943021,1.0
277,277,277,277,277,277,277,277,277,277,277,277,277,277,277,277,277,277,277,0.1586356533508588,0.1586356533508588,0.1586356533508588,0.1586356533508588,0.1586356533508588,0.1586356533508588,0.1586356533508588,0.1586356533508588,0.1586356533508588,0.1586356533508588,0.1586356533508588,0.1586356533508588,0.9421773595499215,0.4675257489028515,0.0801549032729719,0.0782686645985473,0.0555278433404925,1.0016630822595936,0.0351441739599634,0.0452113292589287,0.2054084416203315,0.0253058311695328,0.0264738126374717,0.0277451643467071,-0.002495744189492,-0.0033916657389083,803.0,0.0,0.2686226111982106,0.5124319655104431,0.8812699945491104,0.42431576173784,0.6297212890351969,0.955393581696408,0.4497042469890406,0.3253482505283921,0.4834897400149365,0.7968491988537617,0.688499924628667,0.962975038762871,100000,30,12,0.1,1.0,0.1,0,11,0.001,1e-06,0.001,1e-07,1.0,1e-07,adamax,0,0.0,disordered,1,0.159088716486975,0 days 09:57:56.608079,4.16890706273847,3.5914151772917147,0.002495744189492,1.0
278,278,278,278,278,278,278,278,278,278,278,278,278,278,278,278,278,278,278,0.3444087275973818,0.3444087275973818,0.3444087275973818,0.3444087275973818,0.3444087275973818,0.3444087275973818,0.3444087275973818,0.3444087275973818,0.3444087275973818,0.3444087275973818,0.3444087275973818,0.3444087275973818,1.0004856560355326,0.116558403721818,0.1285349600544738,0.1694707188403597,0.4704924215075869,0.1132305693776141,0.1229176830880034,0.1259262414854734,0.1240026454315267,0.139916286832184,0.4695528236506477,0.4412830083353802,-0.0012693860092735,-0.001381655241598,487.0,0.0,0.3381166078949847,0.9361866226501284,0.3806661149355925,0.0147097345575248,0.6443951805948647,0.938062625049344,0.2385204668525549,0.8990764351902748,0.840875708159621,0.3190561714951616,0.7838023570358867,0.3253127770916976,100000,30,12,0.1,1.0,0.1,0,11,0.001,1e-06,0.001,1e-07,1.0,1e-07,adamax,0,0.0,disordered,1,0.3449100906062173,0 days 09:57:56.608079,3.7392654522887407,3.861140907154183,0.0012693860092735,1.0
279,279,279,279,279,279,279,279,279,279,279,279,279,279,279,279,279,279,279,0.1535934676510895,0.1535934676510895,0.1535934676510895,0.1535934676510895,0.1535934676510895,0.1535934676510895,0.1535934676510895,0.1535934676510895,0.1535934676510895,0.1535934676510895,0.1535934676510895,0.1535934676510895,0.1541388480506356,0.132305586177212,0.0241229708216688,0.8906503281910451,0.0236274261498526,0.0235123348498658,0.9883221272288132,0.0236811331088608,0.0236230837637634,1.0011454284968289,0.0236924993136655,0.0552329541704884,-0.0017521037632601,-0.0028236609235357,818.0,0.0,0.626623777840479,0.4999209781917535,0.2070485590793764,0.4298706776741199,0.4008442530521944,0.0793860875522738,0.8789597959373368,0.2957190579773816,0.3222527406874543,0.9537524218897822,0.3975478202448212,0.3956564716829931,100000,30,12,0.1,1.0,0.1,0,11,0.001,1e-06,0.001,1e-07,1.0,1e-07,adamax,0,0.0,disordered,1,0.1513185226296141,0 days 09:57:56.608079,3.857283286933196,3.94979685983472,0.0017521037632601,1.0
280,280,280,280,280,280,280,280,280,280,280,280,280,280,280,280,280,280,280,0.2121550171362449,0.2121550171362449,0.2121550171362449,0.2121550171362449,0.2121550171362449,0.2121550171362449,0.2121550171362449,0.2121550171362449,0.2121550171362449,0.2121550171362449,0.2121550171362449,0.2121550171362449,0.0643203711000973,0.0450602629934227,0.9826225381088912,0.0438773702998564,0.0437799207713386,0.0475151772098183,0.0592626750744004,1.0019245790063136,0.0548138287515286,0.1231994135127788,0.3466693041733253,0.0702910310749189,-0.0018131940267855,-0.0024392525659794,681.0,0.0,0.8413761009090188,0.3454709765613912,0.9530615138690972,0.4760561414970066,0.3783757029324619,0.3186624913919835,0.3102674809617397,0.9748663157172384,0.4875944898956392,0.0671753223090636,0.0778844286610215,0.7790505099511216,100000,30,12,0.1,1.0,0.1,0,11,0.001,1e-06,0.001,1e-07,1.0,1e-07,adamax,0,0.0,disordered,1,0.2153120032929937,0 days 09:57:56.608079,4.791334584050437,4.172097456901637,0.0018131940267855,1.0
281,281,281,281,281,281,281,281,281,281,281,281,281,281,281,281,281,281,281,0.3557150206821381,0.3557150206821381,0.3557150206821381,0.3557150206821381,0.3557150206821381,0.3557150206821381,0.3557150206821381,0.3557150206821381,0.3557150206821381,0.3557150206821381,0.3557150206821381,0.3557150206821381,0.2585307680527423,0.0488194705922248,0.0535924616823071,0.1673105351702945,0.0424872597948962,0.0416623961207469,0.0417283163715529,0.0541737372447411,0.0443465941420469,0.049931758186395,0.0744919406326724,1.0001042812203298,-0.0013527523156553,-0.0017076712800782,927.0,0.0,0.8987728495583549,0.9598272398828156,0.0721938513714257,0.2522187367307998,0.8293373270005031,0.823164068875351,0.8241548544641216,0.1721168926794182,0.7631539558192966,0.7399952386736539,0.9041605805372264,0.4458217289327378,100000,30,12,0.1,1.0,0.1,0,11,0.001,1e-06,0.001,1e-07,1.0,1e-07,adamax,0,0.0,disordered,1,0.3584141807772094,0 days 09:57:56.608079,3.87171726139502,4.004604080732931,0.0013527523156553,1.0
282,282,282,282,282,282,282,282,282,282,282,282,282,282,282,282,282,282,282,0.1306870229743345,0.1306870229743345,0.1306870229743345,0.1306870229743345,0.1306870229743345,0.1306870229743345,0.1306870229743345,0.1306870229743345,0.1306870229743345,0.1306870229743345,0.1306870229743345,0.1306870229743345,0.6091836362684151,0.8814931366652066,0.2239172810526171,0.538744796780985,1.195791066499665e-05,7.861830141427003e-06,9.368851146924269e-06,1.1514941217417744e-05,0.1638618973831802,0.1487524838438927,1.9127341135481627e-05,0.0774747865564457,-0.0026013463412801,-0.003204929530689,6889.0,1.0,0.6489780362632892,0.2013475648270648,0.7443756164173957,0.0167396116284476,0.8573268392282832,0.6734087743835281,0.3139616014133347,0.1998689778605668,0.471898848207234,0.7414945241972167,0.9277437549735172,0.963848396707712,100000,30,12,0.1,1.0,0.1,0,11,0.001,1e-06,0.001,1e-07,1.0,1e-07,adamax,0,0.0,disordered,1,0.1310642078861537,0 days 09:57:56.608079,4.189251989847561,3.910770631246004,0.0026013463412801,1.0
283,283,283,283,283,283,283,283,283,283,283,283,283,283,283,283,283,283,283,0.293044697697214,0.293044697697214,0.293044697697214,0.293044697697214,0.293044697697214,0.293044697697214,0.293044697697214,0.293044697697214,0.293044697697214,0.293044697697214,0.293044697697214,0.293044697697214,0.2424307343000877,0.0877751370532394,0.08677471550934,0.988613371818289,0.98294419739968,0.0858315478153521,1.001833508129972,0.3578601694122797,0.9994519612275664,0.1053532334607118,0.0895297852841797,0.1172436647725277,-0.001540630890949,-0.0019203074955077,538.0,0.0,0.5405515801005358,0.2976589969561701,0.1245227184671975,0.72797693986176,0.5957422688107399,0.2192458298268514,0.5352710382292845,0.3931430894054757,0.7941214516773568,0.0841189025502868,0.1914200849215601,0.1801497461003895,100000,30,12,0.1,1.0,0.1,0,11,0.001,1e-06,0.001,1e-07,1.0,1e-07,adamax,0,0.0,disordered,1,0.2886034515342334,0 days 09:57:56.608079,4.280460264074161,3.865729478953967,0.001540630890949,1.0
284,284,284,284,284,284,284,284,284,284,284,284,284,284,284,284,284,284,284,0.1988827856988807,0.1988827856988807,0.1988827856988807,0.1988827856988807,0.1988827856988807,0.1988827856988807,0.1988827856988807,0.1988827856988807,0.1988827856988807,0.1988827856988807,0.1988827856988807,0.1988827856988807,0.5359668300045625,0.3941617017249326,0.0626683609345649,0.044951748548899,0.0384879319439826,1.0003832091067677,0.03868675199028,0.0457931802372595,0.0619490121319109,0.0384743412053895,0.0404755977374534,0.4493446990632893,-0.0019905629248195,-0.0023309500700963,714.0,0.0,0.4802422845777224,0.3288859583636561,0.5925849107716346,0.4858081534111649,0.341949798637866,0.685005136474023,0.5729194668151868,0.125136999131761,0.3767293310563495,0.6051134651189777,0.6221831305477327,0.4595955942335518,100000,30,12,0.1,1.0,0.1,0,11,0.001,1e-06,0.001,1e-07,1.0,1e-07,adamax,0,0.0,disordered,1,0.2017482438536329,0 days 09:57:56.608079,3.632724086234836,3.4681313254352792,0.0019905629248195,1.0
285,285,285,285,285,285,285,285,285,285,285,285,285,285,285,285,285,285,285,0.0435791301239702,0.0435791301239702,0.0435791301239702,0.0435791301239702,0.0435791301239702,0.0435791301239702,0.0435791301239702,0.0435791301239702,0.0435791301239702,0.0435791301239702,0.0435791301239702,0.0435791301239702,0.0024803786092907,0.0033416719828967,0.0022896345205849,0.0196708676555097,0.0475705437067451,0.0018403085601847,0.0018956748129982,0.0032157982297308,0.3028155119938407,0.0023621404491137,1.0017186875727655,0.0154701913541312,-0.0011187461941393,-0.0019055307040221,1377.0,0.0,0.1865238175866085,0.8296427029360385,0.5272770425417767,0.6399471536026177,0.8653670293579092,0.0459198818955655,0.1203484935363097,0.7305334372171325,0.1022538031015628,0.0052975996247555,0.9776680483870748,0.0467950489014082,100000,30,12,0.1,1.0,0.1,0,11,0.001,1e-06,0.001,1e-07,1.0,1e-07,adamax,0,0.0,disordered,1,0.0440013777042787,0 days 09:57:56.608079,4.654837578632642,4.563419980919513,0.0011187461941393,1.0
286,286,286,286,286,286,286,286,286,286,286,286,286,286,286,286,286,286,286,0.5413360302965373,0.5413360302965373,0.5413360302965373,0.5413360302965373,0.5413360302965373,0.5413360302965373,0.5413360302965373,0.5413360302965373,0.5413360302965373,0.5413360302965373,0.5413360302965373,0.5413360302965373,0.299546250581637,0.1779064003345188,0.2075542140901207,0.2478858950289901,0.2191148121477976,0.2032731802931746,0.1761544391093819,0.2319082455179579,0.2178477712761062,0.2818083570131418,0.5604250954093374,1.000823387523193,-0.000956274777764,-0.0010662790834162,487.0,0.0,0.8606952505477922,0.9805012086622972,0.390219118228752,0.6208502393227161,0.1135888671832358,0.9967570285640566,0.8946976850395578,0.2920623406908523,0.074361974239148,0.7758735334793581,0.9995157093143716,0.1475928570374415,100000,30,12,0.1,1.0,0.1,0,11,0.001,1e-06,0.001,1e-07,1.0,1e-07,adamax,0,0.0,disordered,1,0.5414888039700451,0 days 09:57:56.608079,3.9622711078702406,4.065748598584616,0.000956274777764,1.0
287,287,287,287,287,287,287,287,287,287,287,287,287,287,287,287,287,287,287,0.0277259075986048,0.0277259075986048,0.0277259075986048,0.0277259075986048,0.0277259075986048,0.0277259075986048,0.0277259075986048,0.0277259075986048,0.0277259075986048,0.0277259075986048,0.0277259075986048,0.0277259075986048,0.0742597079119321,7.785585117460547e-07,4.405804210530676e-07,2.5604194695348733e-07,4.781780819038887e-07,0.0108320828536127,0.020524794949931,1.5311317155011595e-06,0.0547493785436759,0.005712512046935,0.0246937670095939,1.3205278889352549e-06,-0.0040146998490032,-0.0055154364666129,8005.0,1.0,0.8940571106055746,0.8619071253771695,0.2111454491560384,0.183197555349947,0.2008423733888371,0.280720978231278,0.4207873327317154,0.2076104016602467,0.320871791851617,0.5734472061777176,0.5969854144693492,0.9993144961112466,100000,30,12,0.1,1.0,0.1,0,11,0.001,1e-06,0.001,1e-07,1.0,1e-07,adamax,0,0.0,disordered,1,0.0280350152964591,0 days 09:57:56.608079,5.51740851564208,5.093359624954165,0.0040146998490032,1.0
288,288,288,288,288,288,288,288,288,288,288,288,288,288,288,288,288,288,288,0.3228628202536728,0.3228628202536728,0.3228628202536728,0.3228628202536728,0.3228628202536728,0.3228628202536728,0.3228628202536728,0.3228628202536728,0.3228628202536728,0.3228628202536728,0.3228628202536728,0.3228628202536728,1.0013145695046035,0.185051451557538,0.1003744223648639,0.1165599766257591,0.4260283883885487,0.3342768017695304,0.2123911336486874,0.9720777616393016,0.4888624928889689,0.6183219962264493,0.1372770572174616,0.1191880779457665,-0.0013603143914358,-0.0014579215846518,512.0,0.0,0.1525514997679254,0.8968171322269103,0.2423065908823569,0.2065151825309021,0.8860119661176991,0.572004962279185,0.6969367373958665,0.897523977584852,0.7649799658359385,0.754446323966763,0.3374111219513116,0.3178896984180053,100000,30,12,0.1,1.0,0.1,0,11,0.001,1e-06,0.001,1e-07,1.0,1e-07,adamax,0,0.0,disordered,1,0.3177356574214991,0 days 09:57:56.608079,3.918072371693902,3.6645797491854393,0.0013603143914358,1.0
289,289,289,289,289,289,289,289,289,289,289,289,289,289,289,289,289,289,289,0.2191196687578146,0.2191196687578146,0.2191196687578146,0.2191196687578146,0.2191196687578146,0.2191196687578146,0.2191196687578146,0.2191196687578146,0.2191196687578146,0.2191196687578146,0.2191196687578146,0.2191196687578146,0.5340231505139953,0.4495582297924482,0.5853906363741238,0.1688717176135544,0.1434307905133951,1.0015885011810692,0.0475581542408075,0.047360858250458,0.0517632055318884,0.0517331504099622,0.3432739912005978,0.0569704396277194,-0.0020332287236839,-0.0023537179141155,662.0,0.0,0.501173647461315,0.3879353284662319,0.1913509870179872,0.7306430733101946,0.7741768460150538,0.9139358213333044,0.6522178256772622,0.5133894875953481,0.3589098389931033,0.4025354437248277,0.8227530542123174,0.7333263922965245,100000,30,12,0.1,1.0,0.1,0,11,0.001,1e-06,0.001,1e-07,1.0,1e-07,adamax,0,0.0,disordered,1,0.2197769381726834,0 days 09:57:56.608079,3.82471559235729,3.7823178898630494,0.0020332287236839,1.0
290,290,290,290,290,290,290,290,290,290,290,290,290,290,290,290,290,290,290,0.2054117348353062,0.2054117348353062,0.2054117348353062,0.2054117348353062,0.2054117348353062,0.2054117348353062,0.2054117348353062,0.2054117348353062,0.2054117348353062,0.2054117348353062,0.2054117348353062,0.2054117348353062,1.0011199419180428,0.588337524533108,0.1099850821156313,0.0465291143159789,0.2539661586318761,0.0427593160087263,0.0421186099488155,0.0417834573533717,0.042099066749898,0.0476527674461544,0.0490214569861464,0.2680243481025167,-0.0019284805597986,-0.0025162127777181,686.0,0.0,0.1026974214041941,0.5927944703073608,0.8936856558871041,0.8444982045234292,0.3789456371105481,0.8240578907869724,0.8439965035767805,0.6197296454527124,0.8768345329653551,0.145914166227964,0.937057406305842,0.8475292389473765,100000,30,12,0.1,1.0,0.1,0,11,0.001,1e-06,0.001,1e-07,1.0,1e-07,adamax,0,0.0,disordered,1,0.2043198503744485,0 days 09:57:56.608079,3.316822460095825,3.454658851403163,0.0019284805597986,1.0
291,291,291,291,291,291,291,291,291,291,291,291,291,291,291,291,291,291,291,0.2337423870891812,0.2337423870891812,0.2337423870891812,0.2337423870891812,0.2337423870891812,0.2337423870891812,0.2337423870891812,0.2337423870891812,0.2337423870891812,0.2337423870891812,0.2337423870891812,0.2337423870891812,0.9289579440396372,0.1610986563172507,0.1364082507160955,0.0653255032354126,0.0543797687886332,0.0542094326200163,0.0575994267563606,1.0011690432756652,0.0540254418176877,0.9345902701348692,0.0598731388327465,0.0571338608282987,-0.0018430396635571,-0.002358323815172,641.0,0.0,0.4040773731846082,0.7993302906265415,0.5030733224482142,0.7910662104807297,0.3254727221014234,0.6560611741909652,0.0698488979961843,0.9809386685044856,0.7142121376511152,0.9059759680177346,0.6580057516563411,0.6802513935552122,100000,30,12,0.1,1.0,0.1,0,11,0.001,1e-06,0.001,1e-07,1.0,1e-07,adamax,0,0.0,disordered,1,0.230522461977037,0 days 09:57:56.608079,3.725770734371975,3.6871551836261536,0.0018430396635571,1.0
292,292,292,292,292,292,292,292,292,292,292,292,292,292,292,292,292,292,292,0.3026648059395688,0.3026648059395688,0.3026648059395688,0.3026648059395688,0.3026648059395688,0.3026648059395688,0.3026648059395688,0.3026648059395688,0.3026648059395688,0.3026648059395688,0.3026648059395688,0.3026648059395688,0.117835310825323,0.4172690615164853,0.0994711410284703,0.1090041123946714,0.1044940377420869,0.1128957815059977,1.0015987710188028,0.3141792479986455,0.1080799645258682,0.1032826812338492,0.5230059455951122,0.2530780124844106,-0.0014467009314515,-0.0016132498158471,539.0,0.0,0.9007728856788634,0.9960818740771136,0.3720075897920343,0.2961473984048516,0.7517433952079304,0.4817295863675557,0.9995033981185528,0.5622808155658906,0.1084108624556785,0.0439609394451656,0.7501179875099128,0.3459297602737141,100000,30,12,0.1,1.0,0.1,0,11,0.001,1e-06,0.001,1e-07,1.0,1e-07,adamax,0,0.0,disordered,1,0.304464075532051,0 days 09:57:56.608079,4.076865991713993,4.007421654528253,0.0014467009314515,1.0
293,293,293,293,293,293,293,293,293,293,293,293,293,293,293,293,293,293,293,0.333461801578636,0.333461801578636,0.333461801578636,0.333461801578636,0.333461801578636,0.333461801578636,0.333461801578636,0.333461801578636,0.333461801578636,0.333461801578636,0.333461801578636,0.333461801578636,0.5869692777311557,0.4337638737388257,0.1087482856406453,0.1107444400233352,0.1107950444901774,0.9954500727874152,0.853613039731395,1.0018188507566288,0.1177128491592361,0.989727804343664,0.1683622001191751,0.2511630860407542,-0.0013595402818979,-0.0015039270775379,485.0,0.0,0.2769296085274552,0.6757370994097468,0.2413182925249379,0.3740589488102697,0.3790666167503335,0.7797839081968443,0.7197501425464129,0.9206783129372238,0.2792377484538071,0.9961073472526646,0.5419978118075405,0.3625027264274765,100000,30,12,0.1,1.0,0.1,0,11,0.001,1e-06,0.001,1e-07,1.0,1e-07,adamax,0,0.0,disordered,1,0.3322826386778053,0 days 09:57:56.608079,4.070701856482958,3.753536689363068,0.0013595402818979,1.0
294,294,294,294,294,294,294,294,294,294,294,294,294,294,294,294,294,294,294,0.3919100249433399,0.3919100249433399,0.3919100249433399,0.3919100249433399,0.3919100249433399,0.3919100249433399,0.3919100249433399,0.3919100249433399,0.3919100249433399,0.3919100249433399,0.3919100249433399,0.3919100249433399,0.0606414762277382,0.0482839260540246,1.0009353898555071,0.0855351527503127,0.1833775023002118,0.1465891870873835,0.0892499453222696,0.280299694750544,0.1305417519523743,0.1095533603513125,0.2004958553243991,0.9409518311475822,-0.0012372450548492,-0.0013680646336152,950.0,0.0,0.9411183117264872,0.1771592667526775,0.9609075496764068,0.0219261810379189,0.1596152369082298,0.5410236219284826,0.2705640758574288,0.7291979815205126,0.5922223677925774,0.2503032281323029,0.4506949118350623,0.0152389491249703,100000,30,12,0.1,1.0,0.1,0,11,0.001,1e-06,0.001,1e-07,1.0,1e-07,adamax,0,0.0,disordered,1,0.3920068561527679,0 days 09:57:56.608079,4.179159934183589,3.9510190600303057,0.0012372450548492,1.0
295,295,295,295,295,295,295,295,295,295,295,295,295,295,295,295,295,295,295,0.1988827856988807,0.1988827856988807,0.1988827856988807,0.1988827856988807,0.1988827856988807,0.1988827856988807,0.1988827856988807,0.1988827856988807,0.1988827856988807,0.1988827856988807,0.1988827856988807,0.1988827856988807,0.0395463413417882,0.0397459994856726,0.0396848984395328,1.0009916096466709,0.0642279023969817,0.0540837316509413,0.518246030714929,0.0547646682470902,0.0436953582868959,0.0440860493124526,0.1946811647038363,0.2992693120064461,-0.0019434290319977,-0.002178060446418,707.0,0.0,0.9058641925026176,0.0510771506490037,0.3187746718901159,0.906493446160361,0.5180160353870897,0.5450349779852018,0.6495278850206792,0.6994459645029049,0.3226159556358089,0.1183689880690106,0.6198104917329416,0.4700939253623446,100000,30,12,0.1,1.0,0.1,0,11,0.001,1e-06,0.001,1e-07,1.0,1e-07,adamax,0,0.0,disordered,1,0.2016498392699403,0 days 09:57:56.608079,4.347212643580978,3.897000211303689,0.0019434290319977,1.0
296,296,296,296,296,296,296,296,296,296,296,296,296,296,296,296,296,296,296,0.1225113576604117,0.1225113576604117,0.1225113576604117,0.1225113576604117,0.1225113576604117,0.1225113576604117,0.1225113576604117,0.1225113576604117,0.1225113576604117,0.1225113576604117,0.1225113576604117,0.1225113576604117,1.0004481668084964,0.0261191038032546,0.062169874372941,0.0145960586207496,0.1594651682589771,0.0119989918162049,0.0281815704930079,0.0525814059110766,0.3491984227361251,0.0849884542480444,0.05410449238208,0.0216333869517569,-0.0026964051173087,-0.0032931337385788,1015.0,0.0,0.6111552889066911,0.9565489554251436,0.5696480438757227,0.196540756699003,0.3369938093317558,0.8787703268969127,0.2609786532194774,0.3049960631597719,0.9431770493886504,0.4790783587164211,0.6846595481514158,0.9334668524075788,100000,30,12,0.1,1.0,0.1,0,11,0.001,1e-06,0.001,1e-07,1.0,1e-07,adamax,0,0.0,disordered,1,0.1214809999642602,0 days 09:57:56.608079,4.3016054026453165,3.747915579592403,0.0026964051173087,1.0
297,297,297,297,297,297,297,297,297,297,297,297,297,297,297,297,297,297,297,0.1225113576604117,0.1225113576604117,0.1225113576604117,0.1225113576604117,0.1225113576604117,0.1225113576604117,0.1225113576604117,0.1225113576604117,0.1225113576604117,0.1225113576604117,0.1225113576604117,0.1225113576604117,0.0361003821136965,0.0278698230287235,0.2003000340461473,0.0804694520519759,0.0178563863471394,0.0223302561763236,0.0097383658277428,0.009502018363509,1.0000130196176515,0.0386656029912449,0.4332499594124202,0.0101067875680219,-0.0020512879216561,-0.0028676320178399,1124.0,0.0,0.857403718029288,0.0220751659859762,0.5011079534758528,0.6839860461745928,0.1379182317639302,0.1785523870129954,0.775264430584093,0.7381296277212435,0.9826254178463568,0.05672478857114,0.0504916323493598,0.9890957275595484,100000,30,12,0.1,1.0,0.1,0,11,0.001,1e-06,0.001,1e-07,1.0,1e-07,adamax,0,0.0,disordered,1,0.1244524132624545,0 days 09:57:56.608079,4.731804713248649,4.3225006122379686,0.0020512879216561,1.0
298,298,298,298,298,298,298,298,298,298,298,298,298,298,298,298,298,298,298,0.2747120789270809,0.2747120789270809,0.2747120789270809,0.2747120789270809,0.2747120789270809,0.2747120789270809,0.2747120789270809,0.2747120789270809,0.2747120789270809,0.2747120789270809,0.2747120789270809,0.2747120789270809,0.3295971147594476,0.6757341862083687,0.0785566405385789,0.080950888658408,0.0882202671707907,0.6549182912828827,0.082106820908159,0.3635442184293287,0.0409247365204498,0.0522964418548671,1.000406542938971,0.1134087725230704,-0.0014209725193035,-0.0017218762671518,889.0,0.0,0.7048947848948418,0.0976379162663055,0.6622569556116973,0.6466549941964531,0.6861270467187739,0.8295881718115148,0.7305496771064881,0.5520795230350595,0.3759810318474074,0.198179100436036,0.984206169145878,0.447232072539738,100000,30,12,0.1,1.0,0.1,0,11,0.001,1e-06,0.001,1e-07,1.0,1e-07,adamax,0,0.0,disordered,1,0.2782157233376506,0 days 09:57:56.608079,3.450029467087873,3.723159029766373,0.0014209725193035,1.0
299,299,299,299,299,299,299,299,299,299,299,299,299,299,299,299,299,299,299,0.2575263326771198,0.2575263326771198,0.2575263326771198,0.2575263326771198,0.2575263326771198,0.2575263326771198,0.2575263326771198,0.2575263326771198,0.2575263326771198,0.2575263326771198,0.2575263326771198,0.2575263326771198,0.5989169323778906,0.3316205541803378,0.4146603893557234,0.0688829819015699,1.001694659590622,0.1725471707503894,0.1322035894049648,0.0828102949168524,0.0790543186524045,0.5351635428362238,0.102188569427095,0.3073338496369672,-0.0015681680318176,-0.0017362339339073,588.0,0.0,0.271266944019332,0.6508702694567878,0.6749796966982027,0.5947421721631754,0.8777561350711153,0.6071992001119455,0.3818902417841148,0.0931114700580979,0.1206871372677993,0.4937852451071219,0.2610920573458406,0.143675143319628,100000,30,12,0.1,1.0,0.1,0,11,0.001,1e-06,0.001,1e-07,1.0,1e-07,adamax,0,0.0,disordered,1,0.2603357955552476,0 days 09:57:56.608079,3.5444001709524646,3.621756434614341,0.0015681680318176,1.0
300,300,300,300,300,300,300,300,300,300,300,300,300,300,300,300,300,300,300,0.1692220351641035,0.1692220351641035,0.1692220351641035,0.1692220351641035,0.1692220351641035,0.1692220351641035,0.1692220351641035,0.1692220351641035,0.1692220351641035,0.1692220351641035,0.1692220351641035,0.1692220351641035,0.2478650968927196,0.0315911655265412,0.2442953912391053,1.0007149674102127,0.1162643642314569,0.818338180458208,0.0428208383427134,0.0288295592259432,0.0291839782494276,0.0283219141652464,0.0387186989931632,0.0300858715252792,-0.0022783105168339,-0.003133994867769,772.0,0.0,0.830912931619557,0.4542667875837952,0.7284966939519985,0.8513856976782915,0.0540585049383388,0.9562660513346144,0.5540801259455461,0.3298529147487226,0.4860086620167514,0.2233575742389943,0.3322550188258053,0.6095934759945512,100000,30,12,0.1,1.0,0.1,0,11,0.001,1e-06,0.001,1e-07,1.0,1e-07,adamax,0,0.0,disordered,1,0.1676246031741466,0 days 09:57:56.608079,4.10512192807267,3.827168779051647,0.0022783105168339,1.0
301,301,301,301,301,301,301,301,301,301,301,301,301,301,301,301,301,301,301,0.1535934676510895,0.1535934676510895,0.1535934676510895,0.1535934676510895,0.1535934676510895,0.1535934676510895,0.1535934676510895,0.1535934676510895,0.1535934676510895,0.1535934676510895,0.1535934676510895,0.1535934676510895,1.0000520151461672,0.4359606212909769,0.5507356039279461,0.1536704074415228,0.1297890280974834,0.0168296481489409,0.0778428627258373,0.0221396181754307,0.022084228451382,0.0252585685043329,0.0237180739804971,0.0183065812655223,-0.0025694806929199,-0.0035285301569766,973.0,0.0,0.1934417874985552,0.4503599800352695,0.2834719266138154,0.7794971887695216,0.2400318748230032,0.7294470601598501,0.0132393839244975,0.4385159072666922,0.4734987759415516,0.406168946043238,0.5189027103983602,0.8452300910015517,100000,30,12,0.1,1.0,0.1,0,11,0.001,1e-06,0.001,1e-07,1.0,1e-07,adamax,0,0.0,disordered,1,0.1542697271800233,0 days 09:57:56.608079,4.041220929704509,3.689069857139336,0.0025694806929199,1.0
302,302,302,302,302,302,302,302,302,302,302,302,302,302,302,302,302,302,302,0.1805148879221106,0.1805148879221106,0.1805148879221106,0.1805148879221106,0.1805148879221106,0.1805148879221106,0.1805148879221106,0.1805148879221106,0.1805148879221106,0.1805148879221106,0.1805148879221106,0.1805148879221106,1.0000340526698657,0.0035499394411616,0.0021610067128845,0.0131398481685912,0.0040015147154957,0.0071881869572692,0.2767324930021141,0.0052914568615011,0.5379390320307765,0.1646156120364103,0.0046932557717706,0.0063841650445962,-0.0020922338523782,-0.0025925889824904,1935.0,0.0,0.5229457637404864,0.8171458538819233,0.7296668340702964,0.1960980413704525,0.2983363770931467,0.1577054943448939,0.7788070150730986,0.0963064736583216,0.8564363688241255,0.5549408503937954,0.430836957458087,0.5628663925544286,100000,30,12,0.1,1.0,0.1,0,11,0.001,1e-06,0.001,1e-07,1.0,1e-07,adamax,0,0.0,disordered,1,0.1815833322921373,0 days 09:57:56.608079,3.917237646377406,3.8286211235626335,0.0020922338523782,1.0
303,303,303,303,303,303,303,303,303,303,303,303,303,303,303,303,303,303,303,0.1747772774464679,0.1747772774464679,0.1747772774464679,0.1747772774464679,0.1747772774464679,0.1747772774464679,0.1747772774464679,0.1747772774464679,0.1747772774464679,0.1747772774464679,0.1747772774464679,0.1747772774464679,0.6115969241801502,0.1889451350405889,0.2135733140878305,0.4126131487548551,0.1937131202433469,0.0316930391134209,1.001250869164159,0.1007710114231646,0.1364657733096563,0.0395367847763693,0.0506857864922867,0.0430913971669358,-0.0022757080958698,-0.0026945388112065,757.0,0.0,0.5377616424280137,0.6195796401529267,0.5425353416111438,0.306024249914103,0.8986153874068937,0.616815155645467,0.9954409266140332,0.1305664684177212,0.9413896798372886,0.6257868077855991,0.6789169189102235,0.9412139376410446,100000,30,12,0.1,1.0,0.1,0,11,0.001,1e-06,0.001,1e-07,1.0,1e-07,adamax,0,0.0,disordered,1,0.1754997466658268,0 days 09:57:56.608079,3.915126186342897,3.6624553729115306,0.0022757080958698,1.0
304,304,304,304,304,304,304,304,304,304,304,304,304,304,304,304,304,304,304,0.2493409369951876,0.2493409369951876,0.2493409369951876,0.2493409369951876,0.2493409369951876,0.2493409369951876,0.2493409369951876,0.2493409369951876,0.2493409369951876,0.2493409369951876,0.2493409369951876,0.2493409369951876,0.9308510430780522,0.4566234587753391,0.1301128449788977,0.05434801720776,0.0400907387991315,0.0549455247557833,1.0012938760454535,0.4592700426520812,0.0632737561840292,0.0407657708747851,0.9242701791242686,0.0405207547284024,-0.0017595633764999,-0.0019822993208002,958.0,0.0,0.0624637916473289,0.1890294281358702,0.5706729312589813,0.2978662262765116,0.0164398885199489,0.2912488115415481,0.6906224920438333,0.6824747546512389,0.0243473179975725,0.3233772157689207,0.8570896250639003,0.6527474104669012,100000,30,12,0.1,1.0,0.1,0,11,0.001,1e-06,0.001,1e-07,1.0,1e-07,adamax,0,0.0,disordered,1,0.2510861572514795,0 days 09:57:56.608079,4.104483567558099,3.7293230262235513,0.0017595633764999,1.0
305,305,305,305,305,305,305,305,305,305,305,305,305,305,305,305,305,305,305,0.4047756965997316,0.4047756965997316,0.4047756965997316,0.4047756965997316,0.4047756965997316,0.4047756965997316,0.4047756965997316,0.4047756965997316,0.4047756965997316,0.4047756965997316,0.4047756965997316,0.4047756965997316,0.4713863211129631,0.2446746038153602,0.199254456770431,0.2006972085330879,0.1888406296571068,0.1632199736907851,0.1625223143874717,1.0009068135230572,0.1634297683230605,0.2025832742226259,0.4084271044453344,0.6879307517552475,-0.0011240762305042,-0.0012285685337186,394.0,0.0,0.6191804671224441,0.97377324147106,0.3286767579782848,0.0832384027838331,0.6200275861014232,0.6401335363741893,0.5480909294992627,0.9544015939487656,0.6804865521266139,0.0678019738405787,0.6476396622361511,0.0664872246066922,100000,30,12,0.1,1.0,0.1,0,11,0.001,1e-06,0.001,1e-07,1.0,1e-07,adamax,0,0.0,disordered,1,0.4042178903771004,0 days 09:57:56.608079,3.816505843920647,3.880953855235957,0.0011240762305042,1.0
306,306,306,306,306,306,306,306,306,306,306,306,306,306,306,306,306,306,306,0.3444087275973818,0.3444087275973818,0.3444087275973818,0.3444087275973818,0.3444087275973818,0.3444087275973818,0.3444087275973818,0.3444087275973818,0.3444087275973818,0.3444087275973818,0.3444087275973818,0.3444087275973818,0.1581693654883706,0.1310023810655587,0.1322158372421743,0.1698048660050835,0.1342986389673959,0.154505009402251,0.1294520688202879,0.1173072478473587,1.0001172838284953,0.1262818094829528,0.2929028757685203,0.5162712669028798,-0.0013972985138813,-0.0015556282143567,468.0,0.0,0.5704321719943116,0.5026659264789222,0.0028872992005247,0.1965175663336678,0.4185439502633219,0.3193685561421232,0.1329217208895931,0.6168338315513925,0.943238717728384,0.039104284294701,0.770642093358219,0.3530056890674251,100000,30,12,0.1,1.0,0.1,0,11,0.001,1e-06,0.001,1e-07,1.0,1e-07,adamax,0,0.0,disordered,1,0.3409352370231006,0 days 09:57:56.608079,4.046005030785667,4.063763776624947,0.0013972985138813,1.0
307,307,307,307,307,307,307,307,307,307,307,307,307,307,307,307,307,307,307,0.2414157116103016,0.2414157116103016,0.2414157116103016,0.2414157116103016,0.2414157116103016,0.2414157116103016,0.2414157116103016,0.2414157116103016,0.2414157116103016,0.2414157116103016,0.2414157116103016,0.2414157116103016,0.717482683621118,0.3544888440682269,0.3303912390538669,1.00080527977599,0.0630646746295107,0.0625554180487091,0.0595662063154165,0.3338630690816039,0.1794346742345078,0.0937940982148862,0.1653767758430164,0.1011710392055477,-0.0017449065119267,-0.0019432289166864,615.0,0.0,0.2715969442479642,0.7938128323488172,0.9316915339620816,0.9816024369131277,0.9331484537746048,0.1245746193988084,0.0112939080882549,0.7475602706104801,0.7640568991220532,0.1490011188859666,0.5727014824881643,0.6440931339590131,100000,30,12,0.1,1.0,0.1,0,11,0.001,1e-06,0.001,1e-07,1.0,1e-07,adamax,0,0.0,disordered,1,0.2417649869430427,0 days 09:57:56.608079,3.8208593803245066,3.881098923046191,0.0017449065119267,1.0
308,308,308,308,308,308,308,308,308,308,308,308,308,308,308,308,308,308,308,0.2337423870891812,0.2337423870891812,0.2337423870891812,0.2337423870891812,0.2337423870891812,0.2337423870891812,0.2337423870891812,0.2337423870891812,0.2337423870891812,0.2337423870891812,0.2337423870891812,0.2337423870891812,0.2573597197833683,0.1535932311463721,0.0644385730037679,0.0558326061907862,0.0563579898870068,0.0550481526496401,0.0623007536598808,1.0005110681469007,0.992287524521978,0.9758187754619648,0.0550035526580338,0.0547411106100564,-0.0019592874273736,-0.0025402183025924,637.0,0.0,0.3824474095003376,0.1690773663209991,0.3398999655537181,0.2816164289292787,0.0076791210226125,0.2757122259729295,0.2486359202264328,0.6756381518438787,0.6373724969914955,0.6756248000046686,0.29298127280873,0.594573782356606,100000,30,12,0.1,1.0,0.1,0,11,0.001,1e-06,0.001,1e-07,1.0,1e-07,adamax,0,0.0,disordered,1,0.2331893024002801,0 days 09:57:56.608079,4.254231926412591,3.790217084492894,0.0019592874273736,1.0
309,309,309,309,309,309,309,309,309,309,309,309,309,309,309,309,309,309,309,0.1988827856988807,0.1988827856988807,0.1988827856988807,0.1988827856988807,0.1988827856988807,0.1988827856988807,0.1988827856988807,0.1988827856988807,0.1988827856988807,0.1988827856988807,0.1988827856988807,0.1988827856988807,1.001083213073394,0.4246214255680737,0.7131442221746334,0.0457901468347354,0.0428033548868957,0.0393599657773923,0.0395109195675304,0.0396051524055017,0.0393462718803291,0.039438393935339,0.0391460215176642,0.0398344158500496,-0.0021515357587271,-0.0034720256729192,702.0,0.0,0.1204389932529523,0.7645327467875227,0.939942823405704,0.7650859415568515,0.7313715691484668,0.5717709554015099,0.7625380508868862,0.4641393591113667,0.257575102546457,0.7786558664111833,0.5170059703423491,0.9251620988818609,100000,30,12,0.1,1.0,0.1,0,11,0.001,1e-06,0.001,1e-07,1.0,1e-07,adamax,0,0.0,disordered,1,0.1974962068853791,0 days 09:57:56.608079,3.719953920931165,3.671700566436604,0.0021515357587271,1.0
310,310,310,310,310,310,310,310,310,310,310,310,310,310,310,310,310,310,310,0.2191196687578146,0.2191196687578146,0.2191196687578146,0.2191196687578146,0.2191196687578146,0.2191196687578146,0.2191196687578146,0.2191196687578146,0.2191196687578146,0.2191196687578146,0.2191196687578146,0.2191196687578146,0.292762260126001,0.0640086249973805,0.0479667803441449,0.056872111268735,1.000562086451263,0.0480737751086902,1.001047261566482,0.7307450812282099,0.0487639539079819,0.0481714377411298,0.0480265282810856,0.2647422567352333,-0.0017348986592089,-0.0021660259027829,662.0,0.0,0.5867070829368026,0.533994533000577,0.0388040032213391,0.221140534295108,0.7186613988532663,0.4388809807656246,0.9257056476135832,0.615186859144445,0.2639157669577461,0.2450934880507677,0.2915311257963363,0.2171019367945525,100000,30,12,0.1,1.0,0.1,0,11,0.001,1e-06,0.001,1e-07,1.0,1e-07,adamax,0,0.0,disordered,1,0.2217288025368685,0 days 09:57:56.608079,3.9316129791455583,3.818563340848414,0.0017348986592089,1.0
311,311,311,311,311,311,311,311,311,311,311,311,311,311,311,311,311,311,311,0.1394082826282576,0.1394082826282576,0.1394082826282576,0.1394082826282576,0.1394082826282576,0.1394082826282576,0.1394082826282576,0.1394082826282576,0.1394082826282576,0.1394082826282576,0.1394082826282576,0.1394082826282576,0.6321311546247218,1.0001126677059766,0.1370892087780243,0.0090282525293879,0.5689297796258992,0.0011829502114466,0.0010711812064726,0.0014318019144189,0.1376590681582477,0.1464342206399956,0.0310094370516032,0.0014918627516161,-0.0025169551985022,-0.00308636470233,3075.0,0.0,0.5316124247090717,0.0846068115191674,0.5784091718602687,0.4289681518042565,0.8788343151379411,0.8907468797284301,0.2971523946037819,0.1908006677512463,0.4219832755495095,0.506328174724403,0.7109783252439936,0.9707250807177435,100000,30,12,0.1,1.0,0.1,0,11,0.001,1e-06,0.001,1e-07,1.0,1e-07,adamax,0,0.0,disordered,1,0.1405149039544851,0 days 09:57:56.608079,4.209016242104455,4.046532753795857,0.0025169551985022,1.0
312,312,312,312,312,312,312,312,312,312,312,312,312,312,312,312,312,312,312,0.2054117348353062,0.2054117348353062,0.2054117348353062,0.2054117348353062,0.2054117348353062,0.2054117348353062,0.2054117348353062,0.2054117348353062,0.2054117348353062,0.2054117348353062,0.2054117348353062,0.2054117348353062,0.0278802752115851,0.0232135238045408,0.03588069711936,0.0383156819229469,1.0007626127332023,0.0500119659277425,0.0451776528644591,0.0437844764089331,0.0546992755989504,0.6098842059633005,0.0525206727958474,0.2067310630368763,-0.0019172457632175,-0.0021785046708627,952.0,0.0,0.8949805686934579,0.3968997682447035,0.5490804140888205,0.5811396785133526,0.8791075936683179,0.105558755383498,0.8157310583955725,0.2625821000898687,0.107500107434456,0.9801581869007052,0.3472983694743665,0.7478456638335392,100000,30,12,0.1,1.0,0.1,0,11,0.001,1e-06,0.001,1e-07,1.0,1e-07,adamax,0,0.0,disordered,1,0.2065170997838529,0 days 09:57:56.608079,4.484566064605551,4.082723052153636,0.0019172457632175,1.0
313,313,313,313,313,313,313,313,313,313,313,313,313,313,313,313,313,313,313,0.2659804395593755,0.2659804395593755,0.2659804395593755,0.2659804395593755,0.2659804395593755,0.2659804395593755,0.2659804395593755,0.2659804395593755,0.2659804395593755,0.2659804395593755,0.2659804395593755,0.2659804395593755,0.1722431678476839,0.0934320123879877,0.4981212928157087,0.0699144064292472,0.0701981616352447,0.0708638993984969,0.8546687449273844,1.002197117572022,0.1003307049870788,0.0734595541295122,0.9465024466516694,0.0843259856675716,-0.001643101267574,-0.001910637401622,586.0,0.0,0.3634214901784441,0.2906776165045854,0.5433210652185734,0.2329467089404197,0.2444241497926114,0.0508620963129747,0.7146135600942009,0.9213557025394892,0.0049391371660167,0.2883433059584358,0.8698080901838249,0.6009611086345273,100000,30,12,0.1,1.0,0.1,0,11,0.001,1e-06,0.001,1e-07,1.0,1e-07,adamax,0,0.0,disordered,1,0.2641719116963058,0 days 09:57:56.608079,4.244221054609094,3.9646460785190767,0.001643101267574,1.0
314,314,314,314,314,314,314,314,314,314,314,314,314,314,314,314,314,314,314,0.2414157116103016,0.2414157116103016,0.2414157116103016,0.2414157116103016,0.2414157116103016,0.2414157116103016,0.2414157116103016,0.2414157116103016,0.2414157116103016,0.2414157116103016,0.2414157116103016,0.2414157116103016,0.7730346191429097,0.3170030163259915,0.3232874410782362,0.4178424829179012,0.3344274570994958,0.3750521792356388,0.1664014984832811,0.925359361259314,0.0454733939351875,0.0417491362336457,1.0020944364123117,0.047086615612407,-0.0018364351334874,-0.0021031040768877,796.0,0.0,0.1285723646794975,0.2403953491724734,0.2074476020330385,0.0338475812205937,0.1285958813186927,0.1270902542951092,0.5037976427016844,0.768247250025672,0.5191068701186071,0.6562395971013444,0.8837135889312623,0.7808245670731921,100000,30,12,0.1,1.0,0.1,0,11,0.001,1e-06,0.001,1e-07,1.0,1e-07,adamax,0,0.0,disordered,1,0.2440634722636598,0 days 09:57:56.608079,3.645341408757477,3.4850100962738506,0.0018364351334874,1.0
315,315,315,315,315,315,315,315,315,315,315,315,315,315,315,315,315,315,315,0.2414157116103016,0.2414157116103016,0.2414157116103016,0.2414157116103016,0.2414157116103016,0.2414157116103016,0.2414157116103016,0.2414157116103016,0.2414157116103016,0.2414157116103016,0.2414157116103016,0.2414157116103016,0.0577443008692773,0.060731075136947,0.9358914841384184,1.001825097841925,0.0580492845111699,0.0575961815874152,0.0582170533178784,0.9823898235954452,0.0632510081464055,0.9899931391468728,0.0589499447677998,0.1401543237509981,-0.00122595900132,-0.001684909368737,628.0,0.0,0.0997593227772318,0.0268519347524667,0.9298496661777996,0.2607789471225706,0.8632480873818676,0.1744944101266712,0.8793302462090203,0.4403183439820408,0.0289125951170617,0.9890317328695384,0.1168715186346838,0.0236418087236619,100000,30,12,0.1,1.0,0.1,0,11,0.001,1e-06,0.001,1e-07,1.0,1e-07,adamax,0,0.0,disordered,1,0.2452498981356873,0 days 09:57:56.608079,4.52894887963273,3.9616277412037633,0.00122595900132,1.0
316,316,316,316,316,316,316,316,316,316,316,316,316,316,316,316,316,316,316,0.1586356533508588,0.1586356533508588,0.1586356533508588,0.1586356533508588,0.1586356533508588,0.1586356533508588,0.1586356533508588,0.1586356533508588,0.1586356533508588,0.1586356533508588,0.1586356533508588,0.1586356533508588,0.0260586119164008,0.0249501653204012,0.025110453865728,0.0396646589080219,0.0579209618897723,0.0516373740357102,0.0561363293473793,0.0817222824824995,1.0019567055028733,0.0827772322964942,0.0463417570714924,0.0246211273314972,-0.0022067065770946,-0.0035844590614943,807.0,0.0,0.8008624272421115,0.3261165967064418,0.0316929200137269,0.0121385674625584,0.4070895425927446,0.105375854119849,0.3521693916782696,0.6865019747544017,0.9509689675529264,0.2934854849756927,0.5755475392440509,0.7040855421249729,100000,30,12,0.1,1.0,0.1,0,11,0.001,1e-06,0.001,1e-07,1.0,1e-07,adamax,0,0.0,disordered,1,0.1588056148924246,0 days 09:57:56.608079,4.951313520518438,4.398101668139099,0.0022067065770946,1.0
317,317,317,317,317,317,317,317,317,317,317,317,317,317,317,317,317,317,317,0.4180637241455752,0.4180637241455752,0.4180637241455752,0.4180637241455752,0.4180637241455752,0.4180637241455752,0.4180637241455752,0.4180637241455752,0.4180637241455752,0.4180637241455752,0.4180637241455752,0.4180637241455752,0.2277789878965898,0.2067161211761693,0.2889640600323701,0.1744468913285868,0.4693015735252746,0.2029127477267356,0.1683198750676028,1.000021305202201,0.175258553579735,0.1685388175266861,0.2012596257327193,0.8621024560701254,-0.0012328125659406,-0.0013597219531039,396.0,0.0,0.7943149992989771,0.4936219984790373,0.7911589406853283,0.4617548400991511,0.7432089431913926,0.6344691439265372,0.4645925630309526,0.8703766258825952,0.312597817301891,0.3593160199082607,0.4827486753456478,0.0612250360142219,100000,30,12,0.1,1.0,0.1,0,11,0.001,1e-06,0.001,1e-07,1.0,1e-07,adamax,0,0.0,disordered,1,0.4144449926547687,0 days 09:57:56.608079,3.6786803937222863,3.731492053613528,0.0012328125659406,1.0
318,318,318,318,318,318,318,318,318,318,318,318,318,318,318,318,318,318,318,0.1439847952876006,0.1439847952876006,0.1439847952876006,0.1439847952876006,0.1439847952876006,0.1439847952876006,0.1439847952876006,0.1439847952876006,0.1439847952876006,0.1439847952876006,0.1439847952876006,0.1439847952876006,0.7218673753009826,1.0010866653201609,0.1631364374123626,0.2924982928789609,0.0250905331622606,0.1177193120374876,0.0199909889216351,0.0224299073121602,0.0305062195815408,0.032778213714554,0.0198660747694041,0.0600856244497421,-0.0021456649959973,-0.0027141850783681,858.0,0.0,0.5916532212902839,0.0242044295789416,0.8663353398113628,0.3484932886953423,0.8881877051877,0.1493807642649662,0.71624829296369,0.5855134953816346,0.5668054991174719,0.9065448576640236,0.0867575888476853,0.9177427468321386,100000,30,12,0.1,1.0,0.1,0,11,0.001,1e-06,0.001,1e-07,1.0,1e-07,adamax,0,0.0,disordered,1,0.1440813156255466,0 days 09:57:56.608079,3.721020690156921,3.804743375136094,0.0021456649959973,1.0
319,319,319,319,319,319,319,319,319,319,319,319,319,319,319,319,319,319,319,0.1805148879221106,0.1805148879221106,0.1805148879221106,0.1805148879221106,0.1805148879221106,0.1805148879221106,0.1805148879221106,0.1805148879221106,0.1805148879221106,0.1805148879221106,0.1805148879221106,0.1805148879221106,0.8461054152558533,0.5529545646526293,0.0632412585697359,0.0413415212243665,0.0772371418732392,0.0328380794178615,1.0010462966773566,0.0585904607054093,0.0921491712254978,0.2562735083857765,0.0318950992312891,0.0403023340386058,-0.0022411040243493,-0.0029709409745481,783.0,0.0,0.2804969241390942,0.2538249548089413,0.6846903811960501,0.4131886612712611,0.1340955673338829,0.5580343537526458,0.8759672619772926,0.0088415666662903,0.4024341209001952,0.1791553579684491,0.7086352018966858,0.7871031607789767,100000,30,12,0.1,1.0,0.1,0,11,0.001,1e-06,0.001,1e-07,1.0,1e-07,adamax,0,0.0,disordered,1,0.1807025214245893,0 days 09:57:56.608079,4.344788291527645,3.872459766481207,0.0022411040243493,1.0
320,320,320,320,320,320,320,320,320,320,320,320,320,320,320,320,320,320,320,0.3026648059395688,0.3026648059395688,0.3026648059395688,0.3026648059395688,0.3026648059395688,0.3026648059395688,0.3026648059395688,0.3026648059395688,0.3026648059395688,0.3026648059395688,0.3026648059395688,0.3026648059395688,1.0000115490122057,0.1422858908915143,0.3190577539773018,0.0939075808135464,0.1981443633019896,0.1493945920952759,0.1097037715994283,0.1255552609780914,0.1062912057092284,0.1044897586631808,0.2039231231255679,0.5484320365685306,-0.0016038187839431,-0.0017870598185279,524.0,0.0,0.141602596831929,0.8445017164340487,0.3122785108275705,0.7498669802182869,0.1287998260806334,0.4734033912116812,0.649239041295116,0.4950066534014287,0.6892716676081824,0.7752851900829789,0.9283894315706523,0.6490635800408276,100000,30,12,0.1,1.0,0.1,0,11,0.001,1e-06,0.001,1e-07,1.0,1e-07,adamax,0,0.0,disordered,1,0.3049567454043306,0 days 09:57:56.608079,3.792381927654265,3.6908944870352727,0.0016038187839431,1.0
321,321,321,321,321,321,321,321,321,321,321,321,321,321,321,321,321,321,321,0.3919100249433399,0.3919100249433399,0.3919100249433399,0.3919100249433399,0.3919100249433399,0.3919100249433399,0.3919100249433399,0.3919100249433399,0.3919100249433399,0.3919100249433399,0.3919100249433399,0.3919100249433399,0.9951070651082514,0.2186913821284427,0.1762689994918605,0.1552843841156817,0.1523987286264749,1.0006277943273063,0.1511402226543529,0.1850692445013836,0.1716323065847932,0.1521414816034217,0.1533475562259791,0.8229406498476869,-0.0012771424377443,-0.0014465929691845,414.0,0.0,0.1759501685527703,0.7681127069410235,0.4237433273208904,0.6985926672318011,0.6892002298108775,0.8872912225265681,0.5892704824400701,0.2294741203878888,0.4062477741541459,0.6206195937384177,0.5708106848170152,0.1936271183098157,100000,30,12,0.1,1.0,0.1,0,11,0.001,1e-06,0.001,1e-07,1.0,1e-07,adamax,0,0.0,disordered,1,0.3905324391507698,0 days 09:57:56.608079,3.634411341014844,3.692466144621676,0.0012771424377443,1.0
322,322,322,322,322,322,322,322,322,322,322,322,322,322,322,322,322,322,322,0.1638433645577982,0.1638433645577982,0.1638433645577982,0.1638433645577982,0.1638433645577982,0.1638433645577982,0.1638433645577982,0.1638433645577982,0.1638433645577982,0.1638433645577982,0.1638433645577982,0.1638433645577982,0.0697189143249649,0.0246161739872899,0.0274817338020424,0.0247707477143836,0.0294784005688588,0.0267462705242802,0.0302062359325985,0.0274086074013967,0.0252985462948687,0.0246168317296303,1.0006514300382463,0.0279065761453817,-0.0024202433532267,-0.0034326407126947,826.0,0.0,0.824032216762549,0.5794577714532373,0.5768013793246287,0.2050982457879387,0.4916221968829366,0.2686964542861396,0.3353176670488188,0.3418876984675734,0.6056950274603036,0.3727873636982007,0.8999060160301815,0.7507599098712591,100000,30,12,0.1,1.0,0.1,0,11,0.001,1e-06,0.001,1e-07,1.0,1e-07,adamax,0,0.0,disordered,1,0.1645355644402732,0 days 09:57:56.608079,4.543024681387059,4.322106977767165,0.0024202433532267,1.0
323,323,323,323,323,323,323,323,323,323,323,323,323,323,323,323,323,323,323,0.1638433645577982,0.1638433645577982,0.1638433645577982,0.1638433645577982,0.1638433645577982,0.1638433645577982,0.1638433645577982,0.1638433645577982,0.1638433645577982,0.1638433645577982,0.1638433645577982,0.1638433645577982,0.0838894639960916,0.0157590474882557,0.0155640360719103,0.0154619896351902,0.0154483358632445,0.1533818746753381,0.022833538635309,0.0235230360759474,1.0006760265463484,0.0555362811169311,0.3608891676603118,0.0428504756703374,-0.0019774948099395,-0.0024351719815162,1023.0,0.0,0.9806062698694245,0.6116400008802909,0.4303223165562948,0.3928690888518122,0.0368772763332992,0.7042187498065502,0.3157529253221451,0.0226824501927953,0.9126105342355452,0.2363758633618058,0.0934657012940052,0.7382360921493729,100000,30,12,0.1,1.0,0.1,0,11,0.001,1e-06,0.001,1e-07,1.0,1e-07,adamax,0,0.0,disordered,1,0.1629282697939988,0 days 09:57:56.608079,4.546141151307221,4.447577918078211,0.0019774948099395,1.0
324,324,324,324,324,324,324,324,324,324,324,324,324,324,324,324,324,324,324,0.1306870229743345,0.1306870229743345,0.1306870229743345,0.1306870229743345,0.1306870229743345,0.1306870229743345,0.1306870229743345,0.1306870229743345,0.1306870229743345,0.1306870229743345,0.1306870229743345,0.1306870229743345,0.4427620730904958,0.1468846021177023,0.016616147749836,0.0183072792744646,0.0187308122951501,1.0019442263567804,0.0172716885083861,0.0173072001229532,0.0601848527256146,0.0170509853916777,0.0165589878314281,0.0170513320849079,-0.0025771272681146,-0.0040124964217222,897.0,0.0,0.7714531340477934,0.7713963860397556,0.6159471154181675,0.0262046336281953,0.5344485508328887,0.960696137510391,0.4552101955437518,0.2965841288519965,0.5573687571007563,0.6323099431721152,0.2975807642435687,0.7748983341978675,100000,30,12,0.1,1.0,0.1,0,11,0.001,1e-06,0.001,1e-07,1.0,1e-07,adamax,0,0.0,disordered,1,0.1305010358841674,0 days 09:57:56.608079,4.241088791276723,4.033781002991058,0.0025771272681146,1.0
325,325,325,325,325,325,325,325,325,325,325,325,325,325,325,325,325,325,325,0.2747120789270809,0.2747120789270809,0.2747120789270809,0.2747120789270809,0.2747120789270809,0.2747120789270809,0.2747120789270809,0.2747120789270809,0.2747120789270809,0.2747120789270809,0.2747120789270809,0.2747120789270809,0.0765067015535206,0.0763869234455416,0.0764202334942454,0.1029185070136075,0.075576710469829,0.2005424243216433,0.8585035057894904,1.000051395185982,0.0756283838488661,0.0745398456070705,0.0780906998455411,0.4658923844001025,-0.0015594185988542,-0.0018809289278422,563.0,0.0,0.841518314734828,0.0242541429599622,0.1004475902259629,0.500578936546438,0.0589401886932623,0.1958725048835413,0.8725808704046144,0.9985612409743008,0.8424408533718666,0.1644843202275913,0.8038890366662108,0.5819691893112379,100000,30,12,0.1,1.0,0.1,0,11,0.001,1e-06,0.001,1e-07,1.0,1e-07,adamax,0,0.0,disordered,1,0.2723129250391318,0 days 09:57:56.608079,4.905523575401976,4.250946169171886,0.0015594185988542,1.0
326,326,326,326,326,326,326,326,326,326,326,326,326,326,326,326,326,326,326,0.2054117348353062,0.2054117348353062,0.2054117348353062,0.2054117348353062,0.2054117348353062,0.2054117348353062,0.2054117348353062,0.2054117348353062,0.2054117348353062,0.2054117348353062,0.2054117348353062,0.2054117348353062,2.7277480262431725e-05,3.211678278759958e-06,7.595085404442384e-07,1.2799792882419933e-07,1.2345872641697286e-06,0.0683544256586162,0.2941728254152814,0.0001450564963177,0.8423717113500462,3.6683511777546896e-05,0.8736207019925656,3.280629130494283e-05,-0.0018527093004794,-0.0022971633231825,7632.0,1.0,0.9948420345429304,0.2824518866017588,0.901054160049732,0.0161443619646516,0.2219817421092476,0.904326725659339,0.5098987108635635,0.2084307679450512,0.6999304023746258,0.3183931156556606,0.589163095201402,0.4156423357712343,100000,30,12,0.1,1.0,0.1,0,11,0.001,1e-06,0.001,1e-07,1.0,1e-07,adamax,0,0.0,disordered,1,0.2068586526596579,0 days 09:57:56.608079,3.458531618052471,3.898701154018254,0.0018527093004794,1.0
327,327,327,327,327,327,327,327,327,327,327,327,327,327,327,327,327,327,327,0.2659804395593755,0.2659804395593755,0.2659804395593755,0.2659804395593755,0.2659804395593755,0.2659804395593755,0.2659804395593755,0.2659804395593755,0.2659804395593755,0.2659804395593755,0.2659804395593755,0.2659804395593755,0.8792979091490579,0.6909084201613102,0.7459099005868244,0.6276777509349997,0.070285768615446,0.0729967099523298,0.173671667693577,1.0005154914105014,0.0705208668779554,0.1677803471073441,0.0676730380822143,0.0675568669250718,-0.0017033417236689,-0.0022278838864758,594.0,0.0,0.0804423228665887,0.0639452407496375,0.9134199436822962,0.8685949990490613,0.4580567283612882,0.2402191191679729,0.1331714742981344,0.9575853826117988,0.5403821544940877,0.0077069788216748,0.6256191561345337,0.7575658146244825,100000,30,12,0.1,1.0,0.1,0,11,0.001,1e-06,0.001,1e-07,1.0,1e-07,adamax,0,0.0,disordered,1,0.2631123338089588,0 days 09:57:56.608079,3.982005098929668,4.003044062343425,0.0017033417236689,1.0
328,328,328,328,328,328,328,328,328,328,328,328,328,328,328,328,328,328,328,0.4180637241455752,0.4180637241455752,0.4180637241455752,0.4180637241455752,0.4180637241455752,0.4180637241455752,0.4180637241455752,0.4180637241455752,0.4180637241455752,0.4180637241455752,0.4180637241455752,0.4180637241455752,1.000265015217106,0.171535949622244,0.2517916533328412,0.3628718183143551,0.1737160774240806,0.1898825185766359,0.2165808081396126,0.1713801269794136,0.9445103068228116,0.1735164110858193,0.1757111574288952,0.8806033319381328,-0.0011780633283391,-0.0012901294083578,391.0,0.0,0.3039540231419534,0.9799665572099168,0.058976470767368,0.1117238983214603,0.603831803552466,0.4624899048622172,0.3695936464390237,0.6963669060780433,0.928911149355404,0.8603804184889041,0.7266129329024038,0.2893298787520199,100000,30,12,0.1,1.0,0.1,0,11,0.001,1e-06,0.001,1e-07,1.0,1e-07,adamax,0,0.0,disordered,1,0.41868364828966,0 days 09:57:56.608079,3.928868014018326,3.878286871950685,0.0011780633283391,1.0
329,329,329,329,329,329,329,329,329,329,329,329,329,329,329,329,329,329,329,0.2659804395593755,0.2659804395593755,0.2659804395593755,0.2659804395593755,0.2659804395593755,0.2659804395593755,0.2659804395593755,0.2659804395593755,0.2659804395593755,0.2659804395593755,0.2659804395593755,0.2659804395593755,0.3524804108713191,0.3976958844859305,0.8114107817713154,0.6855883444781845,0.1467119359449688,0.0763816719930099,0.946317457409386,0.1102694463644434,0.1269929683811831,1.0011528927173596,0.0842341319648699,0.071769059123,-0.0015404075092603,-0.0018708658592699,578.0,0.0,0.3035754278572405,0.1781486816960641,0.8756895613363475,0.6768213378604695,0.5757831895041652,0.0701672526727372,0.8484925448291497,0.1448534997231394,0.5095451291667785,0.9355100792268508,0.3574547742171649,0.4576486448906808,100000,30,12,0.1,1.0,0.1,0,11,0.001,1e-06,0.001,1e-07,1.0,1e-07,adamax,0,0.0,disordered,1,0.2677073497637396,0 days 09:57:56.608079,4.005811376948019,3.933194152712124,0.0015404075092603,1.0
330,330,330,330,330,330,330,330,330,330,330,330,330,330,330,330,330,330,330,0.293044697697214,0.293044697697214,0.293044697697214,0.293044697697214,0.293044697697214,0.293044697697214,0.293044697697214,0.293044697697214,0.293044697697214,0.293044697697214,0.293044697697214,0.293044697697214,0.0873340444028783,0.0889015984354503,0.1131048784002437,0.1459087933474913,0.2007352482689603,0.3299860019610736,1.0020442241979532,0.9438266700858192,0.0844163052080625,0.7727870618454242,0.0861120270830489,0.0862553326113005,-0.0013419022460328,-0.00165322675139,539.0,0.0,0.9447030141551648,0.2973425907157143,0.4522681555553598,0.381264433246623,0.407176822363004,0.4311905702831072,0.9909251799832076,0.8054271184567908,0.0408023291092698,0.6091725876977999,0.0117547122692966,0.0783087638927918,100000,30,12,0.1,1.0,0.1,0,11,0.001,1e-06,0.001,1e-07,1.0,1e-07,adamax,0,0.0,disordered,1,0.2972586590228489,0 days 09:57:56.608079,4.041670011328002,3.9292662558476974,0.0013419022460328,1.0
331,331,331,331,331,331,331,331,331,331,331,331,331,331,331,331,331,331,331,0.2414157116103016,0.2414157116103016,0.2414157116103016,0.2414157116103016,0.2414157116103016,0.2414157116103016,0.2414157116103016,0.2414157116103016,0.2414157116103016,0.2414157116103016,0.2414157116103016,0.2414157116103016,0.3654101632637433,0.0643582065914862,0.057924652880841,0.0578244536593209,0.0578135704548339,0.9774165228954004,0.0579223175961194,0.057666223635785,1.0003870271218758,0.4341473086837022,0.129725815722292,0.0798009086618611,-0.0017481273129863,-0.0020859448297554,623.0,0.0,0.5831792867219203,0.6205908503134709,0.1705372380655809,0.4032293846380065,0.360509845853903,0.7038513879430254,0.4198563038021821,0.3845682407265546,0.8254942886658027,0.6685329114974272,0.1107462968168769,0.5398995705201489,100000,30,12,0.1,1.0,0.1,0,11,0.001,1e-06,0.001,1e-07,1.0,1e-07,adamax,0,0.0,disordered,1,0.2387539058005134,0 days 09:57:56.608079,4.091397075367235,3.824096254966452,0.0017481273129863,1.0
332,332,332,332,332,332,332,332,332,332,332,332,332,332,332,332,332,332,332,0.1925613572129196,0.1925613572129196,0.1925613572129196,0.1925613572129196,0.1925613572129196,0.1925613572129196,0.1925613572129196,0.1925613572129196,0.1925613572129196,0.1925613572129196,0.1925613572129196,0.1925613572129196,0.6098990140943173,0.3439792864685564,0.2192310530971777,0.9952312612600944,0.0635946358447565,0.0375685845313117,0.0383449754914728,1.0006258988016818,0.1557697553996725,0.0424031287755991,0.042240672197873,0.0367101746240947,-0.0020314936810376,-0.0027849071168748,721.0,0.0,0.2246724106827123,0.2698871709329439,0.6128847196823363,0.8651806171917678,0.3588239467283936,0.5217412887033186,0.0780990026556265,0.7741300326825525,0.1734021894217381,0.3985102239098461,0.2744210850174291,0.5193636535366862,100000,30,12,0.1,1.0,0.1,0,11,0.001,1e-06,0.001,1e-07,1.0,1e-07,adamax,0,0.0,disordered,1,0.1931089145384988,0 days 09:57:56.608079,3.819772829076532,3.7809308278137466,0.0020314936810376,1.0
333,333,333,333,333,333,333,333,333,333,333,333,333,333,333,333,333,333,333,0.31260072430687,0.31260072430687,0.31260072430687,0.31260072430687,0.31260072430687,0.31260072430687,0.31260072430687,0.31260072430687,0.31260072430687,0.31260072430687,0.31260072430687,0.31260072430687,0.79181082145452,0.2274703699927537,0.2070019928361063,0.1714877739884126,0.2871218778975486,0.0983030208208171,0.1009203405143709,1.0010534626754657,0.1279238673974144,0.117931596502833,0.1514412962859677,0.5228585090801524,-0.0015096698088052,-0.0016370412938197,509.0,0.0,0.2995704625754152,0.4683101527284676,0.4409953107360257,0.6131035871577232,0.6889362944750851,0.5315913557048402,0.7426015513347075,0.89760034510713,0.4578206884284567,0.0327799627638567,0.7668989494699516,0.4590148296163564,100000,30,12,0.1,1.0,0.1,0,11,0.001,1e-06,0.001,1e-07,1.0,1e-07,adamax,0,0.0,disordered,1,0.3098026741533665,0 days 09:57:56.608079,3.609436537454061,3.655574965623074,0.0015096698088052,1.0
334,334,334,334,334,334,334,334,334,334,334,334,334,334,334,334,334,334,334,0.2263129568399526,0.2263129568399526,0.2263129568399526,0.2263129568399526,0.2263129568399526,0.2263129568399526,0.2263129568399526,0.2263129568399526,0.2263129568399526,0.2263129568399526,0.2263129568399526,0.2263129568399526,0.328866539456729,0.1487275873406005,0.0575747140676115,0.0592604417282311,0.2987756277914121,0.0495295731646847,0.0496502578242661,0.0508604067986508,1.000481726892052,0.0907162542591578,0.2800727114933599,0.0571380889673399,-0.0018507499557821,-0.002327181771028,658.0,0.0,0.7825713013777795,0.8535599729288764,0.0768661860969489,0.3981452439674036,0.7405724890116195,0.451693757665647,0.4513610953619369,0.4785476144524054,0.9884437030222668,0.2399492332747925,0.1631818548705969,0.7673370133500969,100000,30,12,0.1,1.0,0.1,0,11,0.001,1e-06,0.001,1e-07,1.0,1e-07,adamax,0,0.0,disordered,1,0.226647628371049,0 days 09:57:56.608079,4.33594694499909,4.156218733195559,0.0018507499557821,1.0
335,335,335,335,335,335,335,335,335,335,335,335,335,335,335,335,335,335,335,0.293044697697214,0.293044697697214,0.293044697697214,0.293044697697214,0.293044697697214,0.293044697697214,0.293044697697214,0.293044697697214,0.293044697697214,0.293044697697214,0.293044697697214,0.293044697697214,0.0864417616613293,0.0867008993659808,0.085612975000217,1.0006159927801517,0.2642713650597237,0.1092872033846233,0.1622320612379879,0.1003127172035218,0.0911095779155674,0.1051719881071705,0.1986297290803571,0.5807219977631327,-0.0015442264078456,-0.001744725316577,537.0,0.0,0.8394313855581875,0.0456307130379749,0.6133129324395125,0.8572995983522452,0.7181674555528159,0.1473417427558361,0.1679588803086876,0.4458328913533708,0.3733582963325904,0.1682323792248768,0.5188531758251657,0.1897948285479452,100000,30,12,0.1,1.0,0.1,0,11,0.001,1e-06,0.001,1e-07,1.0,1e-07,adamax,0,0.0,disordered,1,0.2892536957338166,0 days 09:57:56.608079,4.060880536097344,3.880764624992255,0.0015442264078456,1.0
336,336,336,336,336,336,336,336,336,336,336,336,336,336,336,336,336,336,336,0.31260072430687,0.31260072430687,0.31260072430687,0.31260072430687,0.31260072430687,0.31260072430687,0.31260072430687,0.31260072430687,0.31260072430687,0.31260072430687,0.31260072430687,0.31260072430687,0.8550124057447763,0.1597495906161653,0.9983665055033348,0.1207567762878639,0.1353447746226196,0.1115067306918576,1.0005439570735684,0.1098647266127769,0.1000952089562696,0.4793982623962771,0.1264987235378944,0.5080997972870914,-0.0013689091172697,-0.0015215724020116,507.0,0.0,0.0767443040575475,0.490228514256099,0.9394881155284912,0.1529961204234934,0.1987775029263786,0.5108366387648576,0.9481088718036756,0.4515361091385279,0.2108011008155037,0.5748792763458139,0.3227719804758109,0.114826221392745,100000,30,12,0.1,1.0,0.1,0,11,0.001,1e-06,0.001,1e-07,1.0,1e-07,adamax,0,0.0,disordered,1,0.3109365526933924,0 days 09:57:56.608079,3.67947764524296,3.748291989385125,0.0013689091172697,1.0
337,337,337,337,337,337,337,337,337,337,337,337,337,337,337,337,337,337,337,0.2121550171362449,0.2121550171362449,0.2121550171362449,0.2121550171362449,0.2121550171362449,0.2121550171362449,0.2121550171362449,0.2121550171362449,0.2121550171362449,0.2121550171362449,0.2121550171362449,0.2121550171362449,0.0376074622203478,0.0490716040759013,1.000932947291844,0.0615559062853623,0.0632346130190829,0.0714220729481022,0.0493272437625253,0.042880989939815,0.0397250223962619,0.9002245929616797,0.5672844455096194,0.115115076651287,-0.0019992205535679,-0.0022553900842145,760.0,0.0,0.6288290534653564,0.4344524935734064,0.955836690367052,0.3841124741955217,0.1527400103484669,0.3235214770355218,0.478705397109699,0.2896744681672416,0.4236043653007638,0.7058796814751347,0.7649841990679365,0.5913785395004015,100000,30,12,0.1,1.0,0.1,0,11,0.001,1e-06,0.001,1e-07,1.0,1e-07,adamax,0,0.0,disordered,1,0.21468691408282,0 days 09:57:56.608079,4.141867466386169,3.99001882417497,0.0019992205535679,1.0
338,338,338,338,338,338,338,338,338,338,338,338,338,338,338,338,338,338,338,0.3444087275973818,0.3444087275973818,0.3444087275973818,0.3444087275973818,0.3444087275973818,0.3444087275973818,0.3444087275973818,0.3444087275973818,0.3444087275973818,0.3444087275973818,0.3444087275973818,0.3444087275973818,0.4755745615455773,0.6376759994283725,0.1233197933027191,0.148071368389856,0.120956288206259,1.0004548022843789,0.7869636233579266,0.1462110002835765,0.16869381477087,0.1331267966197457,0.3651354681856426,0.4328163793720495,-0.001449338672534,-0.0015490366598386,463.0,0.0,0.4819788990360973,0.1144645956674915,0.6681019572037156,0.2315605713434018,0.7390020615307508,0.9544489617011576,0.8544794496351783,0.2752854311959272,0.4633228012303384,0.4448150007803281,0.7695702694079896,0.4177353826609133,100000,30,12,0.1,1.0,0.1,0,11,0.001,1e-06,0.001,1e-07,1.0,1e-07,adamax,0,0.0,disordered,1,0.3409467325705917,0 days 09:57:56.608079,3.904738035352168,3.8801644705468576,0.001449338672534,1.0
339,339,339,339,339,339,339,339,339,339,339,339,339,339,339,339,339,339,339,0.2575263326771198,0.2575263326771198,0.2575263326771198,0.2575263326771198,0.2575263326771198,0.2575263326771198,0.2575263326771198,0.2575263326771198,0.2575263326771198,0.2575263326771198,0.2575263326771198,0.2575263326771198,0.84007339614852,0.2840347273221641,0.254508975145941,0.1319902401204072,0.996634715872092,0.072360287914565,1.0012211957149548,0.0838304252735515,0.0961656414220032,0.1267696811203429,0.0815191205559491,0.3777288454234043,-0.001785192534939,-0.0019677089189015,600.0,0.0,0.3523804298155346,0.5876489041153224,0.5700373507724078,0.8437694751711267,0.9270465241719712,0.8580380618820481,0.9901759181550464,0.5752218574086545,0.4132837074807526,0.7075600902013015,0.8685163119647893,0.7130143259681695,100000,30,12,0.1,1.0,0.1,0,11,0.001,1e-06,0.001,1e-07,1.0,1e-07,adamax,0,0.0,disordered,1,0.2561557451042456,0 days 09:57:56.608079,3.681832455481495,3.514843606824153,0.001785192534939,1.0
340,340,340,340,340,340,340,340,340,340,340,340,340,340,340,340,340,340,340,0.3228628202536728,0.3228628202536728,0.3228628202536728,0.3228628202536728,0.3228628202536728,0.3228628202536728,0.3228628202536728,0.3228628202536728,0.3228628202536728,0.3228628202536728,0.3228628202536728,0.3228628202536728,0.8326038770179404,1.000184299306258,0.2588443797112153,0.073780203087757,0.1478655587845116,0.0798507864252122,0.1246144665218962,0.1115280069655822,0.0643269291237023,0.0818372985311411,0.1018323862182769,0.7628870886830161,-0.0014522216172899,-0.00163154892741,704.0,0.0,0.5777545556052495,0.1626708743365238,0.7240797155870501,0.9090844381539972,0.4600232907566758,0.8684837932574364,0.5933301678821135,0.2654987928559305,0.980302087071833,0.7439096253516175,0.9795252067723554,0.6100530758570066,100000,30,12,0.1,1.0,0.1,0,11,0.001,1e-06,0.001,1e-07,1.0,1e-07,adamax,0,0.0,disordered,1,0.3244616223384067,0 days 09:57:56.608079,3.608127395773897,3.79195941790273,0.0014522216172899,1.0
341,341,341,341,341,341,341,341,341,341,341,341,341,341,341,341,341,341,341,0.2263129568399526,0.2263129568399526,0.2263129568399526,0.2263129568399526,0.2263129568399526,0.2263129568399526,0.2263129568399526,0.2263129568399526,0.2263129568399526,0.2263129568399526,0.2263129568399526,0.2263129568399526,0.0542466306040394,0.0901030140246628,0.0567797562671277,0.062724760177825,0.1508281423154965,1.0013488584629482,0.0510971774107848,0.052762509978029,0.0588924929116626,0.0515356417203026,0.7620763977863568,0.0958382253378597,-0.0019097750743467,-0.0023389985980879,645.0,0.0,0.7432085107373737,0.2743893831586442,0.528768332327481,0.3843675888443327,0.685815770505385,0.9425531853188596,0.5579147457481594,0.0067021813154815,0.3157447487468376,0.5393754406066464,0.7927550561613438,0.5851494185583955,100000,30,12,0.1,1.0,0.1,0,11,0.001,1e-06,0.001,1e-07,1.0,1e-07,adamax,0,0.0,disordered,1,0.2293034145709823,0 days 09:57:56.608079,3.912702225156282,4.025701773885104,0.0019097750743467,1.0
342,342,342,342,342,342,342,342,342,342,342,342,342,342,342,342,342,342,342,0.2263129568399526,0.2263129568399526,0.2263129568399526,0.2263129568399526,0.2263129568399526,0.2263129568399526,0.2263129568399526,0.2263129568399526,0.2263129568399526,0.2263129568399526,0.2263129568399526,0.2263129568399526,0.8175937198176032,0.1625720134649206,1.0017126962364635,0.0501893745237529,0.9602857908078166,0.0498227199494126,0.0576713392867657,0.9397408180759796,0.068438748905994,0.2895578518769438,0.049468451738989,0.0501406528039732,-0.0019270622393614,-0.0024484119571794,661.0,0.0,0.2004989269701369,0.6086739255337252,0.8785329218706656,0.5196576168317664,0.8446810793024534,0.5367725491017408,0.0623806444892994,0.9740497216217924,0.0443351207676094,0.2788677951042795,0.6496983544362016,0.8143035604229114,100000,30,12,0.1,1.0,0.1,0,11,0.001,1e-06,0.001,1e-07,1.0,1e-07,adamax,0,0.0,disordered,1,0.2264224870656762,0 days 09:57:56.608079,4.2078737620756,3.8863135327469545,0.0019270622393614,1.0
343,343,343,343,343,343,343,343,343,343,343,343,343,343,343,343,343,343,343,0.5413360302965373,0.5413360302965373,0.5413360302965373,0.5413360302965373,0.5413360302965373,0.5413360302965373,0.5413360302965373,0.5413360302965373,0.5413360302965373,0.5413360302965373,0.5413360302965373,0.5413360302965373,1.001921652597428,0.2908695632200649,0.2902890192601852,0.3336115572891099,0.3282036154843021,0.2892465973252237,0.3015292464002382,0.2903206843205818,0.3133539238066397,0.2927508727571054,0.4441792965867575,0.9667824106600524,-0.0009565698751905,-0.0010430834880899,273.0,0.0,0.2143998146561042,0.8709662011441918,0.7041999841816713,0.0892101155075248,0.443404841571228,0.888556139924945,0.4476377740232786,0.8643357016188029,0.208028473648042,0.8729712189375171,0.6978724220509919,0.0260082553528578,100000,30,12,0.1,1.0,0.1,0,11,0.001,1e-06,0.001,1e-07,1.0,1e-07,adamax,0,0.0,disordered,1,0.5493679753236346,0 days 09:57:56.608079,3.764877950176891,3.880856510960135,0.0009565698751905,1.0
344,344,344,344,344,344,344,344,344,344,344,344,344,344,344,344,344,344,344,0.333461801578636,0.333461801578636,0.333461801578636,0.333461801578636,0.333461801578636,0.333461801578636,0.333461801578636,0.333461801578636,0.333461801578636,0.333461801578636,0.333461801578636,0.333461801578636,0.8516562954498584,0.3442193567346941,1.0004102707804283,0.1111591286919377,0.1118536249329055,0.9934057988046622,0.938139542815168,0.9863702680422785,0.1143180284847106,0.1106969552539439,0.1355031545763499,0.1107252389504014,-0.0014518686818817,-0.001834711380487,480.0,0.0,0.1050460408884276,0.7372771680981177,0.8387652840941259,0.370744818252592,0.2664376532277743,0.9740513397038838,0.8470511746955247,0.9963015274446064,0.1755721556118751,0.508987638561795,0.097202802981983,0.6792269818519482,100000,30,12,0.1,1.0,0.1,0,11,0.001,1e-06,0.001,1e-07,1.0,1e-07,adamax,0,0.0,disordered,1,0.3316901288662173,0 days 09:57:56.608079,4.255221990185968,3.945436130976419,0.0014518686818817,1.0
345,345,345,345,345,345,345,345,345,345,345,345,345,345,345,345,345,345,345,0.5241298302206053,0.5241298302206053,0.5241298302206053,0.5241298302206053,0.5241298302206053,0.5241298302206053,0.5241298302206053,0.5241298302206053,0.5241298302206053,0.5241298302206053,0.5241298302206053,0.5241298302206053,0.6210968942098068,0.4803899390355114,0.6674971947635421,0.5328185091704181,0.2754281474411723,1.000221774724143,0.2630954455231774,0.2756429834935762,0.279453038907816,0.2667118157541167,0.3266158021154869,0.9422703025335708,-0.0010607512047803,-0.0011189622940328,302.0,0.0,0.4061118564358863,0.0850005313577458,0.1526317251226819,0.910299374681492,0.8768903554469762,0.9551525228261156,0.8965535951168451,0.5351546363255458,0.515455733158423,0.5871028732238763,0.7668237644363374,0.1977185743600077,100000,30,12,0.1,1.0,0.1,0,11,0.001,1e-06,0.001,1e-07,1.0,1e-07,adamax,0,0.0,disordered,1,0.5258442593152547,0 days 09:57:56.608079,3.7699520373696807,3.869770913839661,0.0010607512047803,1.0
346,346,346,346,346,346,346,346,346,346,346,346,346,346,346,346,346,346,346,0.2747120789270809,0.2747120789270809,0.2747120789270809,0.2747120789270809,0.2747120789270809,0.2747120789270809,0.2747120789270809,0.2747120789270809,0.2747120789270809,0.2747120789270809,0.2747120789270809,0.2747120789270809,0.177664124168936,0.0919464064166746,0.980607590727985,0.0769935244094908,0.9879044127332998,0.0812483131953762,0.8778681007690158,0.0873809429012865,1.0015766231748844,0.075897848041987,0.3386403249443264,0.0938874164531676,-0.001524171623492,-0.0018675365624315,562.0,0.0,0.4451151522347814,0.3975934206429982,0.7896529458900853,0.045998356855588,0.6402027140035832,0.0887070636110953,0.5421498286417926,0.2224473832800946,0.9775771675428512,0.1337770573080597,0.3215407232104753,0.2104542570814508,100000,30,12,0.1,1.0,0.1,0,11,0.001,1e-06,0.001,1e-07,1.0,1e-07,adamax,0,0.0,disordered,1,0.2764630771299426,0 days 09:57:56.608079,4.17860747221636,3.923085686667664,0.001524171623492,1.0
347,347,347,347,347,347,347,347,347,347,347,347,347,347,347,347,347,347,347,0.31260072430687,0.31260072430687,0.31260072430687,0.31260072430687,0.31260072430687,0.31260072430687,0.31260072430687,0.31260072430687,0.31260072430687,0.31260072430687,0.31260072430687,0.31260072430687,0.9054607819366354,0.1539107571022313,0.1956008326540978,0.0971964252419165,0.0974531823750204,0.1103722414882869,1.0002371825910994,0.0997739021937201,0.1237755955079893,0.188526812288187,0.1245770016547358,0.6577326445253411,-0.0013701132102366,-0.0015471786183728,508.0,0.0,0.2592652477594613,0.6798966146732351,0.0686101487521969,0.6204432240171837,0.5210326863650419,0.0479173199134617,0.9477142052086226,0.4848109501995765,0.0552227853994373,0.5430994458188134,0.3849288534581921,0.1053313431245639,100000,30,12,0.1,1.0,0.1,0,11,0.001,1e-06,0.001,1e-07,1.0,1e-07,adamax,0,0.0,disordered,1,0.313015889431106,0 days 09:57:56.608079,3.706784858223371,3.8343113484625833,0.0013701132102366,1.0
348,348,348,348,348,348,348,348,348,348,348,348,348,348,348,348,348,348,348,0.0754667263084388,0.0754667263084388,0.0754667263084388,0.0754667263084388,0.0754667263084388,0.0754667263084388,0.0754667263084388,0.0754667263084388,0.0754667263084388,0.0754667263084388,0.0754667263084388,0.0754667263084388,0.3606596618394988,0.0775178740981862,1.248301091022285e-07,9.999859104539897e-08,3.84204047630822e-07,1.971298402001185e-07,0.0076394699157061,0.0827858856295689,5.183235611196426e-07,0.0339956560085593,0.0116521251654695,6.373465417347831e-07,-0.003210806337495,-0.0040622950983773,9916.0,0.0,0.7779611767655182,0.8869022045397801,0.7002695496615222,0.4575697830924936,0.8279043825811457,0.0228108001645128,0.2168319095813321,0.5835180776469203,0.1919119630154349,0.6599521583299469,0.4842590997345396,0.818860080709731,100000,30,12,0.1,1.0,0.1,0,11,0.001,1e-06,0.001,1e-07,1.0,1e-07,adamax,0,0.0,disordered,1,0.0757717531228559,0 days 09:57:56.608079,4.401048892314404,4.012451264194215,0.003210806337495,1.0
349,349,349,349,349,349,349,349,349,349,349,349,349,349,349,349,349,349,349,0.0136228676414164,0.0136228676414164,0.0136228676414164,0.0136228676414164,0.0136228676414164,0.0136228676414164,0.0136228676414164,0.0136228676414164,0.0136228676414164,0.0136228676414164,0.0136228676414164,0.0136228676414164,7.894654557956707e-07,9.362298214134912e-07,1.4055413634785871e-06,0.1252074088192267,4.244393504380987e-05,0.090560523904187,0.0136625092279652,0.0313751097887173,1.8679990468817927e-06,6.248976196404867e-07,7.752594377695134e-07,6.344505379104301e-07,-0.0047266431616627,-0.0057439425140949,7739.0,1.0,0.9829739193633368,0.0562300084333338,0.7374439039462058,0.0605299613106001,0.5366332415027617,0.3574310256945521,0.477786134856731,0.7429309261481368,0.0060714017867887,0.6322373208429781,0.8776752987789853,0.8889077610091979,100000,30,12,0.1,1.0,0.1,0,11,0.001,1e-06,0.001,1e-07,1.0,1e-07,adamax,0,0.0,disordered,1,0.0135085096968812,0 days 09:57:56.608079,5.696859211544485,5.339836669597745,0.0047266431616627,1.0
350,350,350,350,350,350,350,350,350,350,350,350,350,350,350,350,350,350,350,0.1988827856988807,0.1988827856988807,0.1988827856988807,0.1988827856988807,0.1988827856988807,0.1988827856988807,0.1988827856988807,0.1988827856988807,0.1988827856988807,0.1988827856988807,0.1988827856988807,0.1988827856988807,0.3188777070511299,0.0404707248724007,0.03270184860604,0.0347195593663043,1.0001897293559483,0.0373921193035017,0.6154128411708972,0.0448418432943862,0.0553918160647935,0.0504741338369522,0.4629879053561928,0.0432474388686321,-0.0018208092420757,-0.0022185235074801,795.0,0.0,0.5089284620972206,0.6478809576340099,0.1556323125427124,0.2068350038228429,0.9780836291940408,0.0356991540319092,0.9092382284920736,0.2672374227202893,0.5307924500262473,0.2355793896833975,0.0901000589145878,0.8642026280397647,100000,30,12,0.1,1.0,0.1,0,11,0.001,1e-06,0.001,1e-07,1.0,1e-07,adamax,0,0.0,disordered,1,0.2010002700938117,0 days 09:57:56.608079,4.539998425663828,4.239942640569853,0.0018208092420757,1.0
351,351,351,351,351,351,351,351,351,351,351,351,351,351,351,351,351,351,351,0.1925613572129196,0.1925613572129196,0.1925613572129196,0.1925613572129196,0.1925613572129196,0.1925613572129196,0.1925613572129196,0.1925613572129196,0.1925613572129196,0.1925613572129196,0.1925613572129196,0.1925613572129196,0.4123830903675324,0.8424632288085895,0.6906655156306711,1.0003704745977866,0.0272163915496041,0.0286480914072997,0.0280693311747836,0.9922851288536017,0.0371841470188258,0.0276142860782426,0.0318814820593607,0.2161103986368405,-0.001780869228419,-0.0022998551493972,858.0,0.0,0.6317141650569772,0.876657615352935,0.6312930919644297,0.7195131777345785,0.1178494397021134,0.0080913134267293,0.0872828867116046,0.8508026412379843,0.033078484054218,0.097327803329519,0.1038749459723467,0.0650983777042751,100000,30,12,0.1,1.0,0.1,0,11,0.001,1e-06,0.001,1e-07,1.0,1e-07,adamax,0,0.0,disordered,1,0.1895231649025038,0 days 09:57:56.608079,3.6351396584734665,3.519502082591476,0.001780869228419,1.0
352,352,352,352,352,352,352,352,352,352,352,352,352,352,352,352,352,352,352,0.3919100249433399,0.3919100249433399,0.3919100249433399,0.3919100249433399,0.3919100249433399,0.3919100249433399,0.3919100249433399,0.3919100249433399,0.3919100249433399,0.3919100249433399,0.3919100249433399,0.3919100249433399,1.0004484220903762,0.448688571057093,0.1300931284999953,0.1578922527272279,0.185706061553422,0.1001421621250615,0.1536901814283898,0.1823271920887568,0.1010365039431127,0.1565482963922936,0.4671266840031975,0.6912827991718139,-0.0011153688398277,-0.0012281458778643,591.0,0.0,0.3313407450886593,0.5978040048406219,0.916582533279836,0.17015582681389,0.0494699350626028,0.9646569145800296,0.1397394755912353,0.7383568155103292,0.9288728859304648,0.410150121628493,0.985694627080419,0.3127921117733295,100000,30,12,0.1,1.0,0.1,0,11,0.001,1e-06,0.001,1e-07,1.0,1e-07,adamax,0,0.0,disordered,1,0.3961046252871733,0 days 09:57:56.608079,3.724526034922268,3.958053053904487,0.0011153688398277,1.0
353,353,353,353,353,353,353,353,353,353,353,353,353,353,353,353,353,353,353,0.3228628202536728,0.3228628202536728,0.3228628202536728,0.3228628202536728,0.3228628202536728,0.3228628202536728,0.3228628202536728,0.3228628202536728,0.3228628202536728,0.3228628202536728,0.3228628202536728,0.3228628202536728,1.0004080892988174,0.5697179709434695,0.0846372786280474,0.0838530341483012,0.1278682215872073,0.0871063424459556,0.582366174638639,0.1670820453902935,0.1124583154233186,0.1569279742060169,0.0954290787375904,0.6881373912321758,-0.0014014861735133,-0.0015543532692578,586.0,0.0,0.1647179687027753,0.8604756114186567,0.6569436959729558,0.3024521432812769,0.0392289274013856,0.297639526640463,0.6244075956757914,0.5703928005178455,0.2740402596437613,0.4171649006978538,0.3383073762088127,0.0760985783527971,100000,30,12,0.1,1.0,0.1,0,11,0.001,1e-06,0.001,1e-07,1.0,1e-07,adamax,0,0.0,disordered,1,0.322619960607365,0 days 09:57:56.608079,3.6237226368795024,3.72624985246347,0.0014014861735133,1.0
354,354,354,354,354,354,354,354,354,354,354,354,354,354,354,354,354,354,354,0.3919100249433399,0.3919100249433399,0.3919100249433399,0.3919100249433399,0.3919100249433399,0.3919100249433399,0.3919100249433399,0.3919100249433399,0.3919100249433399,0.3919100249433399,0.3919100249433399,0.3919100249433399,0.1758881067363878,0.1639809418557311,0.7674537763267274,0.7384821683981942,0.1532984723152272,0.9693154464262268,0.1701836346191284,1.0003268315071363,0.1840826767818685,0.1707135631345434,0.1871069463106753,0.6965929517793686,-0.0012782350237087,-0.0013816122458242,407.0,0.0,0.6413694409016957,0.5403388269281143,0.868269939434009,0.805147555387551,0.4031840261888079,0.7671894166866913,0.6234453362787614,0.9160253701982888,0.2260529647564922,0.3015135560709335,0.4814674968405427,0.1361810193696396,100000,30,12,0.1,1.0,0.1,0,11,0.001,1e-06,0.001,1e-07,1.0,1e-07,adamax,0,0.0,disordered,1,0.3976843128491342,0 days 09:57:56.608079,4.018595661641316,3.742931421891351,0.0012782350237087,1.0
355,355,355,355,355,355,355,355,355,355,355,355,355,355,355,355,355,355,355,0.5241298302206053,0.5241298302206053,0.5241298302206053,0.5241298302206053,0.5241298302206053,0.5241298302206053,0.5241298302206053,0.5241298302206053,0.5241298302206053,0.5241298302206053,0.5241298302206053,0.5241298302206053,0.4192848714208855,0.3452631390595722,0.2896329800358552,0.2677777737740434,0.28532835119725,1.001165601727554,0.2626393270236566,0.2645442848027364,0.3034380569637795,0.2876155703087059,0.6569067711136968,0.7983223499208818,-0.0009794035861494,-0.001052705346788,300.0,0.0,0.5786358154326687,0.3945728051585766,0.7390275440182333,0.8049961602735147,0.097440937207325,0.9958274747499029,0.783059412368617,0.7552922076196017,0.2436965995655647,0.255313277822048,0.8780696461448481,0.0474392181398537,100000,30,12,0.1,1.0,0.1,0,11,0.001,1e-06,0.001,1e-07,1.0,1e-07,adamax,0,0.0,disordered,1,0.5181384039804876,0 days 09:57:56.608079,3.788203446559418,3.891578681704263,0.0009794035861494,1.0
356,356,356,356,356,356,356,356,356,356,356,356,356,356,356,356,356,356,356,0.5241298302206053,0.5241298302206053,0.5241298302206053,0.5241298302206053,0.5241298302206053,0.5241298302206053,0.5241298302206053,0.5241298302206053,0.5241298302206053,0.5241298302206053,0.5241298302206053,0.5241298302206053,1.0011709050592863,0.2672029797901599,0.3174718572756702,0.2745329106856222,0.2731831380097691,0.2815201737361914,0.3030411160569724,0.2807648398208925,0.2544871050840164,0.2725791156558216,0.6208810208663629,0.8398471437454796,-0.0010273266592388,-0.0011050201168296,314.0,0.0,0.1213003874962951,0.6042273808478984,0.2366047924505466,0.519481781434452,0.5303635051339174,0.4009237345058491,0.7996211312769392,0.2024393779900505,0.7549940596570428,0.4142712055183708,0.9037871628105756,0.1545010690876436,100000,30,12,0.1,1.0,0.1,0,11,0.001,1e-06,0.001,1e-07,1.0,1e-07,adamax,0,0.0,disordered,1,0.5283881091815481,0 days 09:57:56.608079,3.6570096817981774,3.826620049242515,0.0010273266592388,1.0
357,357,357,357,357,357,357,357,357,357,357,357,357,357,357,357,357,357,357,0.1586356533508588,0.1586356533508588,0.1586356533508588,0.1586356533508588,0.1586356533508588,0.1586356533508588,0.1586356533508588,0.1586356533508588,0.1586356533508588,0.1586356533508588,0.1586356533508588,0.1586356533508588,0.9482546330776458,0.6324536113354581,0.619858951064993,0.5223894620515772,0.4587241049618895,0.2773298251587306,2.5822429416426088e-05,1.6637291717651527e-05,5.343840299299716e-05,9.01985797041273e-05,0.2839562504073982,1.9214060727378464e-05,-0.001978795064585,-0.0026231022517765,7474.0,1.0,0.2283075734778952,0.3284351138941715,0.2082114225106698,0.3052946724139943,0.3839912012958899,0.7772702834581381,0.6941896989008876,0.78313027329173,0.5499592443768622,0.2908792486391455,0.14391926437249,0.95166470313576,100000,30,12,0.1,1.0,0.1,0,11,0.001,1e-06,0.001,1e-07,1.0,1e-07,adamax,0,0.0,disordered,1,0.1594761115512902,0 days 09:57:56.608079,3.889202224906251,3.677945539375546,0.001978795064585,1.0
358,358,358,358,358,358,358,358,358,358,358,358,358,358,358,358,358,358,358,0.2493409369951876,0.2493409369951876,0.2493409369951876,0.2493409369951876,0.2493409369951876,0.2493409369951876,0.2493409369951876,0.2493409369951876,0.2493409369951876,0.2493409369951876,0.2493409369951876,0.2493409369951876,0.0762237787197922,0.0622374049527052,0.0629112149117523,0.9814476336101504,0.409602705063338,0.0628967751717524,0.061765656142534,0.9969329833092148,1.0017618528253045,0.0626940854344483,0.0614634623622494,0.061576640322923,-0.0018645824005457,-0.0026771611325668,608.0,0.0,0.6264611249987306,0.2094205563865516,0.307021602556112,0.5711078240273729,0.4642153340076552,0.0443982716617367,0.3087127172689884,0.570101021446974,0.8113968835651177,0.1923760426349848,0.2362920343534394,0.4211772546111664,100000,30,12,0.1,1.0,0.1,0,11,0.001,1e-06,0.001,1e-07,1.0,1e-07,adamax,0,0.0,disordered,1,0.2468136956902319,0 days 09:57:56.608079,4.3553786228130456,3.95372501348984,0.0018645824005457,1.0
359,359,359,359,359,359,359,359,359,359,359,359,359,359,359,359,359,359,359,0.3228628202536728,0.3228628202536728,0.3228628202536728,0.3228628202536728,0.3228628202536728,0.3228628202536728,0.3228628202536728,0.3228628202536728,0.3228628202536728,0.3228628202536728,0.3228628202536728,0.3228628202536728,0.7597913310974003,0.2457779188512983,0.3195172727106505,0.0725230226395345,0.5289616562213598,0.8041599984721202,0.073539141894591,0.9130993963244712,1.0000878148516028,0.0772131900594706,0.0887329273458957,0.391474428085537,-0.0014604652641069,-0.0016224036065414,646.0,0.0,0.2909983679153783,0.8314709667747209,0.5534828446122183,0.2175816337899362,0.4906757667783886,0.5199002449135323,0.2671437476940458,0.5979486596090239,0.7718729024134061,0.2164945105461688,0.2999434994304586,0.1533508288995307,100000,30,12,0.1,1.0,0.1,0,11,0.001,1e-06,0.001,1e-07,1.0,1e-07,adamax,0,0.0,disordered,1,0.3233459380263605,0 days 09:57:56.608079,3.831109158983066,3.743242694149723,0.0014604652641069,1.0
360,360,360,360,360,360,360,360,360,360,360,360,360,360,360,360,360,360,360,0.2575263326771198,0.2575263326771198,0.2575263326771198,0.2575263326771198,0.2575263326771198,0.2575263326771198,0.2575263326771198,0.2575263326771198,0.2575263326771198,0.2575263326771198,0.2575263326771198,0.2575263326771198,0.367339695823812,0.6430516808437584,0.6225330906176303,1.0011378528720016,0.0672187676310521,0.0665286288306205,0.0666513618696838,0.6785794736992095,0.0724093835095349,0.9497268268091796,0.0662591002747384,0.0670866385769189,-0.0018040378517368,-0.002274057173307,587.0,0.0,0.3195367682869472,0.7820850369686129,0.7448619599270543,0.9248967866411554,0.3887877573003923,0.0985704167715635,0.1675447666825603,0.5137492964779893,0.1105763306479585,0.7014873931592067,0.3016018973615433,0.476151153352352,100000,30,12,0.1,1.0,0.1,0,11,0.001,1e-06,0.001,1e-07,1.0,1e-07,adamax,0,0.0,disordered,1,0.2595548888783541,0 days 09:57:56.608079,4.172238478749676,3.956636495473144,0.0018040378517368,1.0
361,361,361,361,361,361,361,361,361,361,361,361,361,361,361,361,361,361,361,0.3228628202536728,0.3228628202536728,0.3228628202536728,0.3228628202536728,0.3228628202536728,0.3228628202536728,0.3228628202536728,0.3228628202536728,0.3228628202536728,0.3228628202536728,0.3228628202536728,0.3228628202536728,0.105895106803682,0.1067644320058664,0.9669693033134064,0.1031092741545604,0.8263176118138114,0.1076240822033238,0.1153287508208185,0.1098764548187591,0.9876551392854804,1.0003815614614366,0.112077198753464,0.1397378732596725,-0.0014196997690353,-0.0018049258800425,493.0,0.0,0.4126774873130205,0.3734420164616533,0.8389299467094694,0.0392879488090178,0.8777632374124122,0.0916045713660271,0.1239922965806723,0.1954247213941399,0.8594286123559097,0.978416148156912,0.159424131963394,0.5461449445673813,100000,30,12,0.1,1.0,0.1,0,11,0.001,1e-06,0.001,1e-07,1.0,1e-07,adamax,0,0.0,disordered,1,0.3201538439271622,0 days 09:57:56.608079,4.51439903087985,4.124173335217701,0.0014196997690353,1.0
362,362,362,362,362,362,362,362,362,362,362,362,362,362,362,362,362,362,362,0.4606028844202396,0.4606028844202396,0.4606028844202396,0.4606028844202396,0.4606028844202396,0.4606028844202396,0.4606028844202396,0.4606028844202396,0.4606028844202396,0.4606028844202396,0.4606028844202396,0.4606028844202396,0.308959784509414,0.3865892930311177,0.2038209859106208,0.2005034969013532,0.220775023333568,0.2298276692032465,0.1970471295605173,0.2338376450487014,1.000504324578362,0.2460838063955661,0.2483751278238737,0.9673532878230292,-0.0010805000569172,-0.0011694476322283,371.0,0.0,0.5942946417975588,0.1952037384692118,0.7259240638847196,0.4597594672468109,0.2430679274794144,0.2437548398522748,0.6250640713374368,0.0349049408870774,0.8137461123794502,0.8022082741594044,0.5462395564276872,0.0257210106744134,100000,30,12,0.1,1.0,0.1,0,11,0.001,1e-06,0.001,1e-07,1.0,1e-07,adamax,0,0.0,disordered,1,0.4665389764851887,0 days 09:57:56.608079,3.8858874889950297,3.925092172466794,0.0010805000569172,1.0
363,363,363,363,363,363,363,363,363,363,363,363,363,363,363,363,363,363,363,0.1925613572129196,0.1925613572129196,0.1925613572129196,0.1925613572129196,0.1925613572129196,0.1925613572129196,0.1925613572129196,0.1925613572129196,0.1925613572129196,0.1925613572129196,0.1925613572129196,0.1925613572129196,0.0618803434900195,0.0370751068483083,0.0373205570806551,0.0411615393954921,0.0436196822492322,0.0765393072258504,0.9991867950632152,0.0367419774452766,1.0016127997339963,0.4999887277633889,0.036811970348162,0.0364519748065078,-0.0019373985612951,-0.0028226093526623,720.0,0.0,0.6964174326169836,0.3760781192234548,0.0682837960718534,0.3122274830266416,0.3944899567097174,0.1226617231760087,0.9475207628202458,0.4260414586930559,0.8100282680279501,0.5975459503621761,0.3816991229716037,0.5126424269200387,100000,30,12,0.1,1.0,0.1,0,11,0.001,1e-06,0.001,1e-07,1.0,1e-07,adamax,0,0.0,disordered,1,0.1931440937975626,0 days 09:57:56.608079,4.498423034700615,4.163938454115008,0.0019373985612951,1.0
364,364,364,364,364,364,364,364,364,364,364,364,364,364,364,364,364,364,364,0.615997796038016,0.615997796038016,0.615997796038016,0.615997796038016,0.615997796038016,0.615997796038016,0.615997796038016,0.615997796038016,0.615997796038016,0.615997796038016,0.615997796038016,0.615997796038016,0.4505103142657516,0.4421521396939356,0.4692794406029082,0.4135392208525846,0.3909701756747747,0.3938498493249681,0.3952575205061228,0.4019801082024472,0.473834182428728,0.3877540382461125,0.3910359095841845,1.000640498253183,-0.0009282358619632,-0.0009866997893814,213.0,0.0,0.5061116559125608,0.3788965036930004,0.1129140091127403,0.8362778527014838,0.5030238399635895,0.5046900374199776,0.4505084098441546,0.4197558374274474,0.9170020334044912,0.9233777662856352,0.7390637377484149,0.0471269589715681,100000,30,12,0.1,1.0,0.1,0,11,0.001,1e-06,0.001,1e-07,1.0,1e-07,adamax,0,0.0,disordered,1,0.6123066439900172,0 days 09:57:56.608079,3.829585983007435,3.9205440245776777,0.0009282358619632,1.0
365,365,365,365,365,365,365,365,365,365,365,365,365,365,365,365,365,365,365,0.1535934676510895,0.1535934676510895,0.1535934676510895,0.1535934676510895,0.1535934676510895,0.1535934676510895,0.1535934676510895,0.1535934676510895,0.1535934676510895,0.1535934676510895,0.1535934676510895,0.1535934676510895,0.6739367219763458,0.0952623522165014,0.0616599385980137,1.000547278199699,0.026628075653848,0.9351065554540238,0.0546609135247911,0.0947748271539131,0.0563464112517303,0.0303728085002946,0.0235567143079029,0.0255450797869967,-0.0022355824787473,-0.0029881047404461,811.0,0.0,0.3849455089948101,0.6870402996533349,0.5518457225659112,0.8117566407050689,0.2855773821059476,0.8604068336916711,0.3051816407908357,0.4628075398844777,0.2570260760226827,0.7358269282622871,0.1547908482468332,0.7971521240790802,100000,30,12,0.1,1.0,0.1,0,11,0.001,1e-06,0.001,1e-07,1.0,1e-07,adamax,0,0.0,disordered,1,0.1554593866936227,0 days 09:57:56.608079,4.194343919858405,3.7070244446920366,0.0022355824787473,1.0
366,366,366,366,366,366,366,366,366,366,366,366,366,366,366,366,366,366,366,0.091605984754437,0.091605984754437,0.091605984754437,0.091605984754437,0.091605984754437,0.091605984754437,0.091605984754437,0.091605984754437,0.091605984754437,0.091605984754437,0.091605984754437,0.091605984754437,0.4295683185357166,0.6712483211452486,0.1057160054843832,0.400613550244459,0.1094694157781735,4.970289649276231e-06,0.0393260176897192,3.515246243210271e-06,3.7519516958699935e-06,1.9595574549218617e-05,0.1227302329179073,1.6881605055253848e-05,-0.0026133058255646,-0.0032560078774331,7424.0,1.0,0.6923985787912933,0.1914895523452701,0.7597127404693617,0.0754586964981677,0.4304434890408789,0.8152005596340461,0.2580527139330374,0.6069905266831779,0.4929727807818711,0.0009201373255063,0.4231275840871377,0.9957385943742338,100000,30,12,0.1,1.0,0.1,0,11,0.001,1e-06,0.001,1e-07,1.0,1e-07,adamax,0,0.0,disordered,1,0.0930669083292422,0 days 09:57:56.608079,4.443033625443305,4.152762664593467,0.0026133058255646,1.0
367,367,367,367,367,367,367,367,367,367,367,367,367,367,367,367,367,367,367,0.3557150206821381,0.3557150206821381,0.3557150206821381,0.3557150206821381,0.3557150206821381,0.3557150206821381,0.3557150206821381,0.3557150206821381,0.3557150206821381,0.3557150206821381,0.3557150206821381,0.3557150206821381,0.5446602020820599,0.1332068887958376,0.1293110057120025,0.9829700728326676,0.1276299717639566,0.1265231309266829,0.1264871642402182,0.1262478365813137,0.9888283923406718,0.1283091664323398,1.0007864935522104,0.1291658638718754,-0.0014092225201438,-0.001795675150621,451.0,0.0,0.0525133950508098,0.1719454362042398,0.0178923526428681,0.5314871003383851,0.2664625904387796,0.0473929502426381,0.093472536815233,0.0788711661857149,0.6714068463376937,0.1248368096035815,0.9583195585207182,0.5025370125541082,100000,30,12,0.1,1.0,0.1,0,11,0.001,1e-06,0.001,1e-07,1.0,1e-07,adamax,0,0.0,disordered,1,0.3523364818686129,0 days 09:57:56.608079,3.998347700851873,3.914861941947795,0.0014092225201438,1.0
368,368,368,368,368,368,368,368,368,368,368,368,368,368,368,368,368,368,368,0.4459627626819087,0.4459627626819087,0.4459627626819087,0.4459627626819087,0.4459627626819087,0.4459627626819087,0.4459627626819087,0.4459627626819087,0.4459627626819087,0.4459627626819087,0.4459627626819087,0.4459627626819087,0.9743455580360016,0.2428049245475094,0.1987246674978421,0.2096892343806714,0.1976382393826347,0.1982942039563008,1.0017715099932194,0.9663085100551192,0.2017237028904305,0.2414070537153217,0.3772024642090697,0.7256541211697963,-0.0010834719197368,-0.0011629616452901,355.0,0.0,0.3058175143573156,0.904148900983437,0.7832833205337459,0.3469327420832451,0.5858535224651464,0.6297820485179636,0.936713847664752,0.9642983442878172,0.7316120807444645,0.1572315633470487,0.5953399687295066,0.0808829652200129,100000,30,12,0.1,1.0,0.1,0,11,0.001,1e-06,0.001,1e-07,1.0,1e-07,adamax,0,0.0,disordered,1,0.4519100769883278,0 days 09:57:56.608079,3.750527119901257,3.752752170022801,0.0010834719197368,1.0
369,369,369,369,369,369,369,369,369,369,369,369,369,369,369,369,369,369,369,0.1988827856988807,0.1988827856988807,0.1988827856988807,0.1988827856988807,0.1988827856988807,0.1988827856988807,0.1988827856988807,0.1988827856988807,0.1988827856988807,0.1988827856988807,0.1988827856988807,0.1988827856988807,0.8112724506094661,0.2311286754453557,0.2173044635936984,0.0396118538729177,0.0395798194307377,0.1199364770603873,1.0009688372875605,0.996294052021826,0.0390686996279067,0.0400364972952331,0.0503346045514655,0.0393942257652378,-0.001949241135941,-0.0026208491594502,708.0,0.0,0.4308987661125483,0.7585813161878658,0.8206362599828048,0.3609194732955105,0.2832105456181398,0.7241974383617511,0.9098867768209822,0.8280489583539762,0.6870967866430981,0.3671073857219832,0.3189711500325738,0.7500660878620994,100000,30,12,0.1,1.0,0.1,0,11,0.001,1e-06,0.001,1e-07,1.0,1e-07,adamax,0,0.0,disordered,1,0.1998420654506201,0 days 09:57:56.608079,4.041710734336249,3.688177525432931,0.001949241135941,1.0
370,370,370,370,370,370,370,370,370,370,370,370,370,370,370,370,370,370,370,0.6571057546036263,0.6571057546036263,0.6571057546036263,0.6571057546036263,0.6571057546036263,0.6571057546036263,0.6571057546036263,0.6571057546036263,0.6571057546036263,0.6571057546036263,0.6571057546036263,0.6571057546036263,0.4033345913488085,0.4347584075540176,0.3979678453467329,0.4535830980071406,0.3925321535140318,0.460638428832938,0.3858434164938186,0.3651066326396923,0.3922833257168439,0.365726337462492,0.8042124123027793,1.0004934859031092,-0.0008749702777368,-0.0009348762788348,254.0,0.0,0.6578020412221989,0.0156159215051742,0.5081052609970176,0.9779334025364208,0.2936435467782463,0.962758541716221,0.809461121567692,0.5516756075826977,0.1611862320005465,0.4890303313130391,0.9532946051713728,0.0003131124743497,100000,30,12,0.1,1.0,0.1,0,11,0.001,1e-06,0.001,1e-07,1.0,1e-07,adamax,0,0.0,disordered,1,0.6499855285617006,0 days 09:57:56.608079,3.9054349750739257,3.983016771640666,0.0008749702777369,1.0
371,371,371,371,371,371,371,371,371,371,371,371,371,371,371,371,371,371,371,0.1864408533970484,0.1864408533970484,0.1864408533970484,0.1864408533970484,0.1864408533970484,0.1864408533970484,0.1864408533970484,0.1864408533970484,0.1864408533970484,0.1864408533970484,0.1864408533970484,0.1864408533970484,1.0000178534594573,0.7221906421214447,0.2774975555459466,0.6023033736166565,0.6672105122062635,0.0395617552414474,0.0235153357761107,0.2095367024279619,0.0625087617500415,0.0292846969931328,0.0244685409012842,0.0671900275877813,-0.0020977749374926,-0.0026246942765637,905.0,0.0,0.3516050939038463,0.3473358016872154,0.8073771264207719,0.0480981719073851,0.2480297017679916,0.907765416744697,0.7624828956394151,0.2814496118970105,0.7796507173569887,0.9232530201995508,0.9732924538699488,0.980736322933279,100000,30,12,0.1,1.0,0.1,0,11,0.001,1e-06,0.001,1e-07,1.0,1e-07,adamax,0,0.0,disordered,1,0.1866660472991921,0 days 09:57:56.608079,3.518442048995783,3.591463596123009,0.0020977749374926,1.0
372,372,372,372,372,372,372,372,372,372,372,372,372,372,372,372,372,372,372,0.2263129568399526,0.2263129568399526,0.2263129568399526,0.2263129568399526,0.2263129568399526,0.2263129568399526,0.2263129568399526,0.2263129568399526,0.2263129568399526,0.2263129568399526,0.2263129568399526,0.2263129568399526,0.1558274126193358,0.0514632221815423,0.9970278549425842,0.0510846050939125,0.9876356846343644,0.0509690310456597,0.9859248746892728,0.050855657676787,0.3442240404588015,1.000306221149039,0.0518609464584184,0.0506683349471254,-0.0015277283898339,-0.0021203593493072,648.0,0.0,0.5384848373059271,0.1096050740299864,0.5221932955930426,0.1617853181353836,0.5412202312016957,0.0769660944416684,0.7037686941014033,0.061660572358882,0.2799096842192778,0.8572675068465676,0.1046645108594531,0.206937431389777,100000,30,12,0.1,1.0,0.1,0,11,0.001,1e-06,0.001,1e-07,1.0,1e-07,adamax,0,0.0,disordered,1,0.2227921948100169,0 days 09:57:56.608079,4.159797494203516,3.8142278416248296,0.0015277283898339,1.0
373,373,373,373,373,373,373,373,373,373,373,373,373,373,373,373,373,373,373,0.2121550171362449,0.2121550171362449,0.2121550171362449,0.2121550171362449,0.2121550171362449,0.2121550171362449,0.2121550171362449,0.2121550171362449,0.2121550171362449,0.2121550171362449,0.2121550171362449,0.2121550171362449,0.849260047953919,0.5762808567801857,0.1905294531504182,0.1911678335046123,0.3381066022971314,0.0416847856634125,0.0333320791439315,1.001457839651325,0.0980558409351499,0.2459490895916654,0.1263766169631079,0.1090583354708508,-0.0018281584101233,-0.0019388046416874,810.0,0.0,0.3659442504613354,0.3463933507961929,0.8130169006915822,0.0778774210044539,0.4229366681256271,0.8116326527383245,0.7886301761429226,0.9142708145234216,0.0262067197719819,0.992209734199171,0.4039546520102427,0.9048788601975292,100000,30,12,0.1,1.0,0.1,0,11,0.001,1e-06,0.001,1e-07,1.0,1e-07,adamax,0,0.0,disordered,1,0.2117676816323968,0 days 09:57:56.608079,3.8800077137290856,3.733952282414346,0.0018281584101233,1.0
374,374,374,374,374,374,374,374,374,374,374,374,374,374,374,374,374,374,374,0.1747772774464679,0.1747772774464679,0.1747772774464679,0.1747772774464679,0.1747772774464679,0.1747772774464679,0.1747772774464679,0.1747772774464679,0.1747772774464679,0.1747772774464679,0.1747772774464679,0.1747772774464679,0.0340914147980166,0.0299727633478242,0.0448993385604126,0.043494897533597,1.0012063836828704,0.0570983735557442,0.0400469642315008,0.0354726321452829,0.0304040447756541,0.030269381141693,0.0306523736675711,0.4494962716408546,-0.0020389777875886,-0.0025655378401112,764.0,0.0,0.9896897703942176,0.4365052446544553,0.5147464514790232,0.4683008204566989,0.9983160563263184,0.5001684696384019,0.6696489443852937,0.4290115074682894,0.7220057119455903,0.6992126266860642,0.7274879920641235,0.573587612359193,100000,30,12,0.1,1.0,0.1,0,11,0.001,1e-06,0.001,1e-07,1.0,1e-07,adamax,0,0.0,disordered,1,0.1775548375473067,0 days 09:57:56.608079,4.314651503633009,3.866259987409041,0.0020389777875886,1.0
375,375,375,375,375,375,375,375,375,375,375,375,375,375,375,375,375,375,375,0.1265331759388941,0.1265331759388941,0.1265331759388941,0.1265331759388941,0.1265331759388941,0.1265331759388941,0.1265331759388941,0.1265331759388941,0.1265331759388941,0.1265331759388941,0.1265331759388941,0.1265331759388941,0.6541356196314143,0.5202164487810342,0.2514809762781309,0.2350172092807622,0.2357100624771712,0.205365154892148,0.5223397693190546,0.0374177932427269,1.1670732961356883e-05,0.1728436615814425,2.010920261831532e-05,1.69618939901e-05,-0.0027109110535569,-0.0035366850865354,7530.0,1.0,0.466624550245058,0.315527619861375,0.5431451327634957,0.547453486818953,0.6094316868658907,0.0549317054565771,0.1009046407449411,0.7392540388606563,0.7443773862062898,0.1267482879028416,0.7650644696535668,0.9499566543162627,100000,30,12,0.1,1.0,0.1,0,11,0.001,1e-06,0.001,1e-07,1.0,1e-07,adamax,0,0.0,disordered,1,0.1261422500882847,0 days 09:57:56.608079,3.8426990307880735,3.5748077596679333,0.0027109110535569,1.0
376,376,376,376,376,376,376,376,376,376,376,376,376,376,376,376,376,376,376,0.0564290847126253,0.0564290847126253,0.0564290847126253,0.0564290847126253,0.0564290847126253,0.0564290847126253,0.0564290847126253,0.0564290847126253,0.0564290847126253,0.0564290847126253,0.0564290847126253,0.0564290847126253,0.018697767921031,0.0469772402241149,0.3846666640788762,1.0004404770442088,0.0026125276517539,0.0027221777195859,0.003232003494355,0.0034373983669149,0.0036138196713137,0.3092616814956067,0.0152590119101294,0.041555312017824,-0.0031221455781855,-0.0038789890389281,1342.0,0.0,0.9488872576719676,0.5613868915312763,0.1451168311174938,0.7799529869627154,0.5163958172106365,0.9048987933757484,0.5388350963686745,0.2112395965894995,0.1177453553882522,0.0239126348933008,0.8926403674049982,0.9220886540303131,100000,30,12,0.1,1.0,0.1,0,11,0.001,1e-06,0.001,1e-07,1.0,1e-07,adamax,0,0.0,disordered,1,0.0570121830083004,0 days 09:57:56.608079,4.518274085263182,4.368296832717846,0.0031221455781855,1.0
377,377,377,377,377,377,377,377,377,377,377,377,377,377,377,377,377,377,377,0.5591070776755287,0.5591070776755287,0.5591070776755287,0.5591070776755287,0.5591070776755287,0.5591070776755287,0.5591070776755287,0.5591070776755287,0.5591070776755287,0.5591070776755287,0.5591070776755287,0.5591070776755287,1.000592538006993,0.3924603911506061,0.3969783285711918,0.3112194355501969,0.3068842834180865,0.3267045603339676,0.3340066091168341,0.3086735852126238,0.3299871492338649,0.3140035840753237,0.5320778041002586,0.9114407276092124,-0.0009685533368751,-0.0010384568738861,260.0,0.0,0.0942266363060382,0.6818076936469213,0.2951549822402676,0.8738098448736241,0.9661584469603594,0.4505722795694534,0.3840881884704785,0.9006194266532634,0.2810278723190802,0.8930288074611739,0.9558931635591684,0.2213844880995963,100000,30,12,0.1,1.0,0.1,0,11,0.001,1e-06,0.001,1e-07,1.0,1e-07,adamax,0,0.0,disordered,1,0.5568171479869224,0 days 09:57:56.608079,3.728479315388444,3.8648438969448575,0.0009685533368751,1.0
378,378,378,378,378,378,378,378,378,378,378,378,378,378,378,378,378,378,378,0.2414157116103016,0.2414157116103016,0.2414157116103016,0.2414157116103016,0.2414157116103016,0.2414157116103016,0.2414157116103016,0.2414157116103016,0.2414157116103016,0.2414157116103016,0.2414157116103016,0.2414157116103016,0.831904689437114,0.1216239222388854,0.1033918394693224,0.0745062733463628,0.0789017881790321,0.9977937054677324,1.0001369756083986,0.9979018962937846,0.0604323438488021,0.1222775326368193,0.0883472273169743,0.1063392809578562,-0.0016958194005436,-0.0020533937096658,620.0,0.0,0.3965795959190823,0.7595521855232363,0.2431609378034048,0.6915815416694344,0.42791317365075,0.96874849649364,0.8592163463148417,0.945903583780766,0.5813822898716197,0.7546952799707574,0.2552831989608274,0.7076528690375721,100000,30,12,0.1,1.0,0.1,0,11,0.001,1e-06,0.001,1e-07,1.0,1e-07,adamax,0,0.0,disordered,1,0.2398509475497297,0 days 09:57:56.608079,4.112629683674982,3.714105949881036,0.0016958194005436,1.0
379,379,379,379,379,379,379,379,379,379,379,379,379,379,379,379,379,379,379,0.2837303616516209,0.2837303616516209,0.2837303616516209,0.2837303616516209,0.2837303616516209,0.2837303616516209,0.2837303616516209,0.2837303616516209,0.2837303616516209,0.2837303616516209,0.2837303616516209,0.2837303616516209,0.4280171312384118,0.0817533116746113,0.9939473035494408,0.987499208702426,0.0824303868192898,0.4770648458937999,0.0806418763870319,0.0806504559219078,1.0010880487228204,0.8914918454500925,0.0796292095718403,0.0804826638706496,-0.0016472687802789,-0.0020674708400147,551.0,0.0,0.1201963528076732,0.2924443689361549,0.6740098869159676,0.872163295086585,0.182000644098114,0.2683975824038445,0.0940214398631992,0.0162079814751568,0.2750322596859617,0.4509305866684251,0.045231324178839,0.1442844224301414,100000,30,12,0.1,1.0,0.1,0,11,0.001,1e-06,0.001,1e-07,1.0,1e-07,adamax,0,0.0,disordered,1,0.2802192427140212,0 days 09:57:56.608079,3.96901413798476,3.8407727264636935,0.0016472687802789,1.0
380,380,380,380,380,380,380,380,380,380,380,380,380,380,380,380,380,380,380,0.2191196687578146,0.2191196687578146,0.2191196687578146,0.2191196687578146,0.2191196687578146,0.2191196687578146,0.2191196687578146,0.2191196687578146,0.2191196687578146,0.2191196687578146,0.2191196687578146,0.2191196687578146,0.4746657887618149,0.0485723695181872,0.1126029421286277,0.0534422767886432,0.0667697792493843,0.0542428702231532,1.0021472615073888,0.0613525092817396,0.0530880092948196,0.4174040016191074,0.0696551636432693,0.1859320471870588,-0.0018290848825335,-0.0021172418780558,662.0,0.0,0.6837916392513278,0.8630803657467981,0.0409277120260846,0.7619338150511243,0.307383338091152,0.4137215087205969,0.957045628874797,0.3557360703711822,0.1969500116450199,0.8312153463708688,0.2177669361098426,0.6234431765987403,100000,30,12,0.1,1.0,0.1,0,11,0.001,1e-06,0.001,1e-07,1.0,1e-07,adamax,0,0.0,disordered,1,0.2215219508315282,0 days 09:57:56.608079,3.987366463265292,3.9530723511101353,0.0018290848825335,1.0
381,381,381,381,381,381,381,381,381,381,381,381,381,381,381,381,381,381,381,0.1925613572129196,0.1925613572129196,0.1925613572129196,0.1925613572129196,0.1925613572129196,0.1925613572129196,0.1925613572129196,0.1925613572129196,0.1925613572129196,0.1925613572129196,0.1925613572129196,0.1925613572129196,0.603793175183859,1.00013001830162,0.0619856864990868,0.0316926047324217,0.0955265853044876,0.0310484567243757,0.0336229783645186,0.0380705282906613,0.0309590252231317,0.0307723127417329,0.0324915192846343,0.4794163007638913,-0.0019430963446749,-0.0024308164781364,794.0,0.0,0.6053947014299166,0.1601566044907036,0.7927012450523524,0.6426622147951562,0.0950728100628957,0.7397020715436405,0.3692459504892917,0.3435746887997793,0.744955339806984,0.0387392697578511,0.7767177152409553,0.5809292547631857,100000,30,12,0.1,1.0,0.1,0,11,0.001,1e-06,0.001,1e-07,1.0,1e-07,adamax,0,0.0,disordered,1,0.1916215520365125,0 days 09:57:56.608079,3.611822567087895,3.7782459631090735,0.0019430963446749,1.0
382,382,382,382,382,382,382,382,382,382,382,382,382,382,382,382,382,382,382,0.1988827856988807,0.1988827856988807,0.1988827856988807,0.1988827856988807,0.1988827856988807,0.1988827856988807,0.1988827856988807,0.1988827856988807,0.1988827856988807,0.1988827856988807,0.1988827856988807,0.1988827856988807,0.2782817792769432,0.2798382379142992,0.4618712561000231,0.1788313381631215,0.0506429454767337,0.0362802109167746,0.0328958453844082,1.0002119218166337,0.7491281266344607,0.1473351603570034,0.0358831141159772,0.0351657153060258,-0.0021301068964331,-0.0025239394163635,782.0,0.0,0.7116122337323907,0.7691133095967271,0.860611359917133,0.8559009912885582,0.2827839154622973,0.5560959213758406,0.5286465591418159,0.7276876871696233,0.8189582836824862,0.3706032232667328,0.5525082823912467,0.6102544500620954,100000,30,12,0.1,1.0,0.1,0,11,0.001,1e-06,0.001,1e-07,1.0,1e-07,adamax,0,0.0,disordered,1,0.1972542674345733,0 days 09:57:56.608079,3.8713258554006735,3.5767764399412565,0.0021301068964331,1.0
383,383,383,383,383,383,383,383,383,383,383,383,383,383,383,383,383,383,383,0.2575263326771198,0.2575263326771198,0.2575263326771198,0.2575263326771198,0.2575263326771198,0.2575263326771198,0.2575263326771198,0.2575263326771198,0.2575263326771198,0.2575263326771198,0.2575263326771198,0.2575263326771198,0.8705412006030991,0.968512224732951,0.0913216041057126,0.0647739580915125,0.0650735258856722,0.0642559470796662,0.0654368262179642,0.0643433822467065,1.0015244562127354,0.9981439003592067,0.0706293727569559,0.0652157052118806,-0.0016860771909221,-0.0022231447470816,601.0,0.0,0.1404390577921855,0.8941345871509079,0.568859738231471,0.1291023971946122,0.2435611384923325,0.0331865656366267,0.2962405687946099,0.1518495884154276,0.8150201407033651,0.7591303017357368,0.2704798155990582,0.5574417861442812,100000,30,12,0.1,1.0,0.1,0,11,0.001,1e-06,0.001,1e-07,1.0,1e-07,adamax,0,0.0,disordered,1,0.2538058952101071,0 days 09:57:56.608079,4.28980322858617,3.991204191503179,0.0016860771909221,1.0
384,384,384,384,384,384,384,384,384,384,384,384,384,384,384,384,384,384,384,0.333461801578636,0.333461801578636,0.333461801578636,0.333461801578636,0.333461801578636,0.333461801578636,0.333461801578636,0.333461801578636,0.333461801578636,0.333461801578636,0.333461801578636,0.333461801578636,0.4890869569816988,0.5017180017036873,0.2623948300827433,1.0000549834109065,0.1137368869859329,0.1122661125474577,0.1102475291831786,0.9879280590499048,0.9962185738013172,0.1464803345460523,0.3055584387084968,0.1141879354331229,-0.0014756093341043,-0.0017086694394882,481.0,0.0,0.2645835073688937,0.020375681832466,0.3801697260678117,0.6709123530856912,0.5870432899120543,0.5613012497231871,0.4258727804635797,0.784738594981888,0.9556522248295092,0.0793316494791577,0.1144053705724287,0.7099379341190432,100000,30,12,0.1,1.0,0.1,0,11,0.001,1e-06,0.001,1e-07,1.0,1e-07,adamax,0,0.0,disordered,1,0.334613492394906,0 days 09:57:56.608079,4.11366071923567,3.897431139973626,0.0014756093341043,1.0
385,385,385,385,385,385,385,385,385,385,385,385,385,385,385,385,385,385,385,0.293044697697214,0.293044697697214,0.293044697697214,0.293044697697214,0.293044697697214,0.293044697697214,0.293044697697214,0.293044697697214,0.293044697697214,0.293044697697214,0.293044697697214,0.293044697697214,0.0551546093445235,0.0944346781839062,0.0602385203677716,0.081508568242613,0.2963220332689528,0.0558165559630953,0.0565597735619939,0.4976830057195804,1.0001619528175691,0.6709987616342304,0.0844503196983944,0.2195519932975457,-0.0015051142488788,-0.0016360177383471,755.0,0.0,0.7752740383830551,0.4932818110244663,0.1335192256785398,0.3341402676041691,0.4694802362592661,0.6554125830568424,0.3630950522688787,0.5080630355157948,0.739563409263473,0.6888089062772412,0.2596193309041936,0.2059697623191735,100000,30,12,0.1,1.0,0.1,0,11,0.001,1e-06,0.001,1e-07,1.0,1e-07,adamax,0,0.0,disordered,1,0.2909957021881617,0 days 09:57:56.608079,3.959666982661797,3.8188489095613214,0.0015051142488788,1.0
386,386,386,386,386,386,386,386,386,386,386,386,386,386,386,386,386,386,386,0.2191196687578146,0.2191196687578146,0.2191196687578146,0.2191196687578146,0.2191196687578146,0.2191196687578146,0.2191196687578146,0.2191196687578146,0.2191196687578146,0.2191196687578146,0.2191196687578146,0.2191196687578146,0.1583568439152576,0.8802195526729245,0.1259824044320845,0.065031939886503,0.9059558835437568,0.0479105134677465,0.0477724474335328,0.976676136549988,1.001956203020537,0.0602609336319307,0.0476503711338446,0.0480821790360389,-0.0016620187348151,-0.0022759013740295,662.0,0.0,0.5741622249609254,0.8538825750154767,0.9670687845302742,0.1200533504685823,0.7348480970409724,0.2613109981557394,0.2637178971805501,0.5312432564614685,0.932645968051148,0.2914967231951824,0.1231598496995286,0.3206545213563795,100000,30,12,0.1,1.0,0.1,0,11,0.001,1e-06,0.001,1e-07,1.0,1e-07,adamax,0,0.0,disordered,1,0.2168866222085215,0 days 09:57:56.608079,4.123397434194832,3.83993970387325,0.0016620187348151,1.0
387,387,387,387,387,387,387,387,387,387,387,387,387,387,387,387,387,387,387,0.2191196687578146,0.2191196687578146,0.2191196687578146,0.2191196687578146,0.2191196687578146,0.2191196687578146,0.2191196687578146,0.2191196687578146,0.2191196687578146,0.2191196687578146,0.2191196687578146,0.2191196687578146,1.0005409860282897,0.2559011435351178,0.0979325952798403,0.0525356287735848,0.0484811544542865,0.0559395377975793,0.0514155777518434,0.046800187616839,0.7638904811484079,0.0497197257625178,0.0508487404572227,0.0723466017172356,-0.0017078043388518,-0.0021128902421402,689.0,0.0,0.3098032991184338,0.89090461258716,0.6652512896982025,0.7242408391894148,0.4341615226130103,0.5561459413349006,0.7459158576917373,0.0391726092011945,0.8430621191712668,0.7212368489156964,0.0433107963317149,0.6968845402716777,100000,30,12,0.1,1.0,0.1,0,11,0.001,1e-06,0.001,1e-07,1.0,1e-07,adamax,0,0.0,disordered,1,0.2177019646719418,0 days 09:57:56.608079,3.5843092903021434,3.696598395574008,0.0017078043388518,1.0
388,388,388,388,388,388,388,388,388,388,388,388,388,388,388,388,388,388,388,0.2054117348353062,0.2054117348353062,0.2054117348353062,0.2054117348353062,0.2054117348353062,0.2054117348353062,0.2054117348353062,0.2054117348353062,0.2054117348353062,0.2054117348353062,0.2054117348353062,0.2054117348353062,0.1668545037752547,0.3781287119750307,0.7138399335237755,0.9184033247929732,1.0014558535944658,0.042444084273886,0.0501074353615508,0.0530141233922216,0.3214470180705965,0.0559201361348915,0.0571169003292586,0.2513783952786578,-0.0019502414841303,-0.0022533378127224,703.0,0.0,0.3611057366657977,0.0747471514200509,0.7071534382801876,0.6946291061122937,0.6229816661606916,0.3127411071731237,0.126650063773247,0.2040038584091258,0.4057406860067404,0.2843393900108888,0.3870401600825397,0.3135591235941246,100000,30,12,0.1,1.0,0.1,0,11,0.001,1e-06,0.001,1e-07,1.0,1e-07,adamax,0,0.0,disordered,1,0.2080663345017754,0 days 09:57:56.608079,3.97629102301721,3.80077263465498,0.0019502414841303,1.0
389,389,389,389,389,389,389,389,389,389,389,389,389,389,389,389,389,389,389,0.0601948197382726,0.0601948197382726,0.0601948197382726,0.0601948197382726,0.0601948197382726,0.0601948197382726,0.0601948197382726,0.0601948197382726,0.0601948197382726,0.0601948197382726,0.0601948197382726,0.0601948197382726,0.0214781201719603,0.2677227651960546,0.0238369668422714,0.1552496657935499,0.0036487220206529,0.0035781781745104,0.0035582220594832,0.0077530987302074,1.000827467608617,0.0051841965720552,0.0065328898582983,0.00802709778838,-0.002935761830217,-0.0037246786464617,1232.0,0.0,0.9245701597870538,0.4975954007081968,0.8737953433263868,0.1062766432838366,0.7946741289460265,0.7805299554881263,0.6448123568991032,0.4396089297284533,0.902481343397564,0.703896263210458,0.4596989301045351,0.8953370057255919,100000,30,12,0.1,1.0,0.1,0,11,0.001,1e-06,0.001,1e-07,1.0,1e-07,adamax,0,0.0,disordered,1,0.0600429659794019,0 days 09:57:56.608079,4.111150800339855,3.447558971202862,0.002935761830217,1.0
390,390,390,390,390,390,390,390,390,390,390,390,390,390,390,390,390,390,390,0.0012082709350447,0.0012082709350447,0.0012082709350447,0.0012082709350447,0.0012082709350447,0.0012082709350447,0.0012082709350447,0.0012082709350447,0.0012082709350447,0.0012082709350447,0.0012082709350447,0.0012082709350447,1.892248455523128e-07,1.6453461543096877e-07,1.147504649104522e-07,1.6430356813650916e-07,0.0005733841244194,3.181169240956936e-07,2.9644773802999935e-07,8.404554447391006e-05,0.0103405369868959,1.0272203351847915e-06,9.996905572634105e-08,2.748807724203169e-07,-0.0055496649849332,-0.0074363205687523,6730.0,0.0,0.9949998132101932,0.6681975516739568,0.3376225266527735,0.1287229334216706,0.3164210579903985,0.936882357123482,0.5678530723521644,0.3245273557426251,0.8321088777458423,0.4196507972565049,0.6967560192481035,0.9931992533882544,100000,30,12,0.1,1.0,0.1,0,11,0.001,1e-06,0.001,1e-07,1.0,1e-07,adamax,0,0.0,disordered,1,0.0012064246237792,0 days 09:57:56.608079,5.372046570987937,5.393612701677565,0.0055496649849331,1.0
391,391,391,391,391,391,391,391,391,391,391,391,391,391,391,391,391,391,391,0.1638433645577982,0.1638433645577982,0.1638433645577982,0.1638433645577982,0.1638433645577982,0.1638433645577982,0.1638433645577982,0.1638433645577982,0.1638433645577982,0.1638433645577982,0.1638433645577982,0.1638433645577982,0.3027452239231548,0.0508384058824889,0.0269291687621273,1.0000816675545352,0.0571195041613803,0.1515094500849344,0.033504309860795,0.0339332916944527,0.4246218185387929,0.0984736050647598,0.0814099506547079,0.0506767401045049,-0.0023340108068607,-0.0026316707061148,785.0,0.0,0.665107672111141,0.7296448784414361,0.283705352205387,0.8509684574128458,0.3699475364425438,0.7060006792933821,0.0611357259679242,0.4277133102603786,0.7239983157707677,0.2314771855184867,0.5424706367753671,0.5839147989903594,100000,30,12,0.1,1.0,0.1,0,11,0.001,1e-06,0.001,1e-07,1.0,1e-07,adamax,0,0.0,disordered,1,0.1638461865932741,0 days 09:57:56.608079,3.871888356260037,3.670856841317888,0.0023340108068607,1.0
392,392,392,392,392,392,392,392,392,392,392,392,392,392,392,392,392,392,392,0.1805148879221106,0.1805148879221106,0.1805148879221106,0.1805148879221106,0.1805148879221106,0.1805148879221106,0.1805148879221106,0.1805148879221106,0.1805148879221106,0.1805148879221106,0.1805148879221106,0.1805148879221106,0.1866095777046811,0.0545333073453177,0.0464669884783209,0.0440314239683015,0.0462890355865246,0.0256035245707298,0.071416948168059,1.001171987729839,0.0917505572774225,0.0364318829393809,0.9074569920544904,0.0297223540072357,-0.0022470683319728,-0.0026293515665288,900.0,0.0,0.6756249473948545,0.5644361194816802,0.4467105617646508,0.322566340148118,0.5431721493137949,0.1043161850708106,0.2713654362592039,0.8913095356498262,0.1177129813092361,0.4868236913432908,0.8883158335726428,0.8056520494654776,100000,30,12,0.1,1.0,0.1,0,11,0.001,1e-06,0.001,1e-07,1.0,1e-07,adamax,0,0.0,disordered,1,0.1803864085791656,0 days 09:57:56.608079,4.538861517203594,4.063288845986643,0.0022470683319728,1.0
393,393,393,393,393,393,393,393,393,393,393,393,393,393,393,393,393,393,393,0.2191196687578146,0.2191196687578146,0.2191196687578146,0.2191196687578146,0.2191196687578146,0.2191196687578146,0.2191196687578146,0.2191196687578146,0.2191196687578146,0.2191196687578146,0.2191196687578146,0.2191196687578146,0.7252892921917017,0.2310040165860955,0.2623470978179041,0.2948727383773548,0.2856357160862945,0.8352504891719347,1.0007854405263608,0.0475727876314937,0.0526931591839337,0.0675523743133729,0.046618562612527,0.0472148859650266,-0.0020938411647459,-0.0028100498324262,670.0,0.0,0.2562503657366681,0.4310825759753474,0.3116509800447926,0.2401224809601317,0.3208213168340968,0.8953943453526839,0.8407594099518141,0.5558073384103739,0.564499311502318,0.4557401793635225,0.6984232093500041,0.8023233264058698,100000,30,12,0.1,1.0,0.1,0,11,0.001,1e-06,0.001,1e-07,1.0,1e-07,adamax,0,0.0,disordered,1,0.2192082131902174,0 days 09:57:56.608079,3.814387871088917,3.71008499146843,0.0020938411647459,1.0
394,394,394,394,394,394,394,394,394,394,394,394,394,394,394,394,394,394,394,0.3026648059395688,0.3026648059395688,0.3026648059395688,0.3026648059395688,0.3026648059395688,0.3026648059395688,0.3026648059395688,0.3026648059395688,0.3026648059395688,0.3026648059395688,0.3026648059395688,0.3026648059395688,0.2538472141720133,0.418835687274145,0.941523736775672,0.1602121709063576,0.3340832388831227,0.0914572594318823,0.0917261027087699,0.8918541369930941,0.4629183758967364,1.0001925611277709,0.0849380596747891,0.0811595984639008,-0.0014931998875648,-0.0017259537624913,588.0,0.0,0.4442031573025502,0.7734872626310408,0.9537679656279108,0.6744471306793219,0.7569087019953686,0.0891109610782433,0.2512353444833607,0.3239010723910901,0.3771656944410246,0.7567947300850265,0.1735663107745412,0.2445927796140452,100000,30,12,0.1,1.0,0.1,0,11,0.001,1e-06,0.001,1e-07,1.0,1e-07,adamax,0,0.0,disordered,1,0.3014634392819784,0 days 09:57:56.608079,3.9830899158186703,3.824652244882066,0.0014931998875648,1.0
395,395,395,395,395,395,395,395,395,395,395,395,395,395,395,395,395,395,395,0.3794532847236935,0.3794532847236935,0.3794532847236935,0.3794532847236935,0.3794532847236935,0.3794532847236935,0.3794532847236935,0.3794532847236935,0.3794532847236935,0.3794532847236935,0.3794532847236935,0.3794532847236935,0.2690934232368098,0.7359125554501506,0.1411656311455914,1.0010023818237754,0.1440391502223267,0.1413301208439712,0.1393694197356396,0.1617512684400034,0.1416740023931577,0.1440528940121613,0.2386290605825375,0.7881375334928286,-0.0013575606890326,-0.0015174488283446,433.0,0.0,0.476089490215865,0.8330767149942937,0.455771627978325,0.7825993536208345,0.3347703113145619,0.4035683030690843,0.4796998377002315,0.1654700273762235,0.3356515241961211,0.3347824097944684,0.5780941768759115,0.1370385939587464,100000,30,12,0.1,1.0,0.1,0,11,0.001,1e-06,0.001,1e-07,1.0,1e-07,adamax,0,0.0,disordered,1,0.3855980108259986,0 days 09:57:56.608079,3.711155268110141,3.783427177591908,0.0013575606890326,1.0
396,396,396,396,396,396,396,396,396,396,396,396,396,396,396,396,396,396,396,0.2837303616516209,0.2837303616516209,0.2837303616516209,0.2837303616516209,0.2837303616516209,0.2837303616516209,0.2837303616516209,0.2837303616516209,0.2837303616516209,0.2837303616516209,0.2837303616516209,0.2837303616516209,0.1030494381311625,0.7921424191223227,0.0800405658866234,0.0831684568789728,1.0022009299735837,0.0798163648351928,0.0802444979468557,0.0991005445069915,0.101263923750158,0.4625004446146477,0.0830853255416911,0.5247960026821057,-0.001585483465201,-0.0017700300831572,549.0,0.0,0.7640923412097118,0.7527620385325391,0.6830324751033955,0.3061844786267561,0.8560517643294215,0.3409530270969151,0.334862451366828,0.1729665047251034,0.0449445984067116,0.648959232738285,0.4713664703897545,0.2301438615053004,100000,30,12,0.1,1.0,0.1,0,11,0.001,1e-06,0.001,1e-07,1.0,1e-07,adamax,0,0.0,disordered,1,0.279740713946371,0 days 09:57:56.608079,3.953421028750809,3.856731219708135,0.001585483465201,1.0
397,397,397,397,397,397,397,397,397,397,397,397,397,397,397,397,397,397,397,0.2837303616516209,0.2837303616516209,0.2837303616516209,0.2837303616516209,0.2837303616516209,0.2837303616516209,0.2837303616516209,0.2837303616516209,0.2837303616516209,0.2837303616516209,0.2837303616516209,0.2837303616516209,0.4986475834649564,0.0821590720580985,0.0799330607499371,0.0793273355428867,0.0943229802308516,0.0982783620365388,0.1003821773854545,0.1045444827656516,0.0833365475619753,0.1307771556677856,1.0010638205963127,0.1377501166127886,-0.0015613729990933,-0.0020077255523745,552.0,0.0,0.3725707644259585,0.4437124343645714,0.2581506999408183,0.251564609391523,0.0808438171308055,0.1916437933634035,0.0087265047110913,0.3695896182601051,0.1663083476933545,0.5026550404017353,0.9423979729191996,0.4775835942059916,100000,30,12,0.1,1.0,0.1,0,11,0.001,1e-06,0.001,1e-07,1.0,1e-07,adamax,0,0.0,disordered,1,0.2855061249091596,0 days 09:57:56.608079,3.945786516361616,3.971107160676436,0.0015613729990933,1.0
398,398,398,398,398,398,398,398,398,398,398,398,398,398,398,398,398,398,398,0.2493409369951876,0.2493409369951876,0.2493409369951876,0.2493409369951876,0.2493409369951876,0.2493409369951876,0.2493409369951876,0.2493409369951876,0.2493409369951876,0.2493409369951876,0.2493409369951876,0.2493409369951876,0.8652316471864936,0.1671052694082453,0.0635058705585573,0.0623079990346406,0.066026140704979,0.6803251495140185,1.000219997328085,0.0846143246186948,0.1183129539383587,0.2541813277733168,0.1249109185500009,0.1408023313620428,-0.0016807399472608,-0.0018655258457011,609.0,0.0,0.4034967941983547,0.9087119185990504,0.5642523395856806,0.5557390625517705,0.2597035323070243,0.8662398842050749,0.9959946877208136,0.0783039574961678,0.3377482524543131,0.8510442769677045,0.1735191354582377,0.7331148524395593,100000,30,12,0.1,1.0,0.1,0,11,0.001,1e-06,0.001,1e-07,1.0,1e-07,adamax,0,0.0,disordered,1,0.2506047344092634,0 days 09:57:56.608079,4.250804086727163,3.956871519768212,0.0016807399472608,1.0
399,399,399,399,399,399,399,399,399,399,399,399,399,399,399,399,399,399,399,0.293044697697214,0.293044697697214,0.293044697697214,0.293044697697214,0.293044697697214,0.293044697697214,0.293044697697214,0.293044697697214,0.293044697697214,0.293044697697214,0.293044697697214,0.293044697697214,0.1413918458326292,0.1916954446086998,0.0185738641731893,0.9381475016983116,0.6281450730845003,0.8865181958504222,0.3011364435697508,1.000085112358075,0.1049232726301774,0.1139491206711133,0.0400659862941014,0.3717046062745861,-0.0015354750294844,-0.0016698577854889,1197.0,0.0,0.7255326478381177,0.639557314052677,0.3350453199734898,0.6546832366115755,0.6247178878573869,0.7255674606078969,0.4006922202446404,0.6332257548882735,0.0177002496235016,0.0677600047415827,0.1954807478163397,0.0713634191788881,100000,30,12,0.1,1.0,0.1,0,11,0.001,1e-06,0.001,1e-07,1.0,1e-07,adamax,0,0.0,disordered,1,0.2895272089156128,0 days 09:57:56.608079,3.9613328116788766,3.5939536448093543,0.0015354750294844,1.0
400,400,400,400,400,400,400,400,400,400,400,400,400,400,400,400,400,400,400,0.3228628202536728,0.3228628202536728,0.3228628202536728,0.3228628202536728,0.3228628202536728,0.3228628202536728,0.3228628202536728,0.3228628202536728,0.3228628202536728,0.3228628202536728,0.3228628202536728,0.3228628202536728,0.2449953286956545,0.3867699289304788,0.1271165557389353,0.2616012351334604,0.9837508269737087,0.103373206060406,1.0000462642327856,0.9157645540767396,0.1946054112623332,0.1815026021349376,0.1788441600519734,0.456409146632679,-0.0013435700713744,-0.001425420819704,497.0,0.0,0.478435833973823,0.7097997031372616,0.0111277256209176,0.5662747045929442,0.798125165809622,0.4879731883762679,0.7110887173020436,0.8556861258481272,0.4154205646491997,0.0691684154016732,0.21481716726873,0.027370347994099,100000,30,12,0.1,1.0,0.1,0,11,0.001,1e-06,0.001,1e-07,1.0,1e-07,adamax,0,0.0,disordered,1,0.3258880483383631,0 days 09:57:56.608079,3.819063121019925,3.673290269852585,0.0013435700713744,1.0
401,401,401,401,401,401,401,401,401,401,401,401,401,401,401,401,401,401,401,0.4317879727332017,0.4317879727332017,0.4317879727332017,0.4317879727332017,0.4317879727332017,0.4317879727332017,0.4317879727332017,0.4317879727332017,0.4317879727332017,0.4317879727332017,0.4317879727332017,0.4317879727332017,1.001220223446938,0.2578828887567131,0.1941148299897749,0.2079058383754842,0.2603746658484521,0.1820187422476845,0.20851539235115,0.2034842010082289,0.2023909552611852,0.1945443995061157,0.609088563940652,0.6039426739022039,-0.0011862778221475,-0.0012855846054224,384.0,0.0,0.2673811318615855,0.8402521137735526,0.6311792806088276,0.7754008736993969,0.7963530460720882,0.6621589030010724,0.3018418328821807,0.4077530885422836,0.315598569222289,0.1942469018847711,0.7067296460618379,0.1257908558701507,100000,30,12,0.1,1.0,0.1,0,11,0.001,1e-06,0.001,1e-07,1.0,1e-07,adamax,0,0.0,disordered,1,0.4347114079140549,0 days 09:57:56.608079,3.5321375390612184,3.76148029666033,0.0011862778221475,1.0
402,402,402,402,402,402,402,402,402,402,402,402,402,402,402,402,402,402,402,0.2837303616516209,0.2837303616516209,0.2837303616516209,0.2837303616516209,0.2837303616516209,0.2837303616516209,0.2837303616516209,0.2837303616516209,0.2837303616516209,0.2837303616516209,0.2837303616516209,0.2837303616516209,0.1006760314017266,0.0808364096165058,0.9708017083918696,0.0795540223337133,1.0001884240200325,0.831628978668608,0.0913353723587439,0.1696523827200208,0.1139563025351894,0.0999386086482091,0.2633645855084772,0.4460510298259311,-0.0015460777293982,-0.0016742002755553,553.0,0.0,0.7312760855115343,0.6355366742436587,0.8842038458507566,0.3874426485613825,0.8507308290949293,0.802486585118113,0.494292289273477,0.682609900786407,0.3725641663523547,0.0272673938552502,0.5852438550101288,0.3029416083570135,100000,30,12,0.1,1.0,0.1,0,11,0.001,1e-06,0.001,1e-07,1.0,1e-07,adamax,0,0.0,disordered,1,0.2812389462620469,0 days 09:57:56.608079,4.002454718354978,3.640922575513612,0.0015460777293982,1.0
403,403,403,403,403,403,403,403,403,403,403,403,403,403,403,403,403,403,403,0.3444087275973818,0.3444087275973818,0.3444087275973818,0.3444087275973818,0.3444087275973818,0.3444087275973818,0.3444087275973818,0.3444087275973818,0.3444087275973818,0.3444087275973818,0.3444087275973818,0.3444087275973818,0.1176657191809625,0.11794580421111,0.1191268195295794,0.419407416014291,0.5480834878466149,0.1328556893639567,1.0010249539069915,0.4203111609975156,0.939572475396996,0.785803606329848,0.1208567782860426,0.1181105108422958,-0.0012966062899233,-0.0014538680000452,467.0,0.0,0.7682780523368302,0.0085747911495276,0.1139757795184868,0.2719907458348116,0.4229709442014934,0.7402405870844017,0.9094144345855256,0.4534370584472261,0.8229161262468085,0.656355197498123,0.1309073656753179,0.1402004458444904,100000,30,12,0.1,1.0,0.1,0,11,0.001,1e-06,0.001,1e-07,1.0,1e-07,adamax,0,0.0,disordered,1,0.3465756376717877,0 days 09:57:56.608079,4.299870244226825,3.9493319015438826,0.0012966062899233,1.0
404,404,404,404,404,404,404,404,404,404,404,404,404,404,404,404,404,404,404,0.333461801578636,0.333461801578636,0.333461801578636,0.333461801578636,0.333461801578636,0.333461801578636,0.333461801578636,0.333461801578636,0.333461801578636,0.333461801578636,0.333461801578636,0.333461801578636,0.9454960100250974,0.1289200323185832,0.1094015281265388,0.1892558859203704,0.9601346540590756,0.1126698477005509,1.001414835851111,0.1194116721144273,0.4184481574097607,0.1165160822722237,0.3353386817876475,0.3735422365604237,-0.0013754021522628,-0.0014521699536328,488.0,0.0,0.2807439231489774,0.8956601217678828,0.0052103594162772,0.0024384183678635,0.8539605659647084,0.7587486691203781,0.8487034707947382,0.7024587747403095,0.8064897356075094,0.096040064869908,0.5781044751257525,0.3557285128888002,100000,30,12,0.1,1.0,0.1,0,11,0.001,1e-06,0.001,1e-07,1.0,1e-07,adamax,0,0.0,disordered,1,0.3319769759523441,0 days 09:57:56.608079,3.965475500106842,3.830591163501401,0.0013754021522628,1.0
405,405,405,405,405,405,405,405,405,405,405,405,405,405,405,405,405,405,405,0.2121550171362449,0.2121550171362449,0.2121550171362449,0.2121550171362449,0.2121550171362449,0.2121550171362449,0.2121550171362449,0.2121550171362449,0.2121550171362449,0.2121550171362449,0.2121550171362449,0.2121550171362449,0.3374901975705275,0.045253381908564,0.0443337647234668,0.044665628529636,0.0450496979368625,0.046454195160786,0.9914316188599708,0.9968038307148108,0.0441211829664426,1.0021669238252926,0.0446850501855319,0.0446341210179109,-0.0017099639974174,-0.0027401364049499,681.0,0.0,0.5352373611196514,0.3138085245158396,0.2168241248413949,0.1832146756250892,0.111436722645928,0.3791756494409032,0.8301401342107841,0.5756462290507317,0.2979740544920835,0.9069290345564972,0.3662335026779724,0.4468067111537439,100000,30,12,0.1,1.0,0.1,0,11,0.001,1e-06,0.001,1e-07,1.0,1e-07,adamax,0,0.0,disordered,1,0.2130980927279705,0 days 09:57:56.608079,4.370424775825481,4.081559648408436,0.0017099639974174,1.0
406,406,406,406,406,406,406,406,406,406,406,406,406,406,406,406,406,406,406,0.3026648059395688,0.3026648059395688,0.3026648059395688,0.3026648059395688,0.3026648059395688,0.3026648059395688,0.3026648059395688,0.3026648059395688,0.3026648059395688,0.3026648059395688,0.3026648059395688,0.3026648059395688,0.0962736071274846,0.0913886237181048,0.090261397190543,0.0909715368682142,0.0930756650946353,0.9909806530433564,1.001993052879921,0.9620876964558364,0.0908277467764354,0.0912620626398824,0.0950658656583412,0.6333986641218728,-0.0013983749147792,-0.0016550974744954,523.0,0.0,0.7855805416840606,0.4125200819409031,0.2548748480658125,0.4021089501413448,0.5486725296813683,0.9139300065742512,0.7564984767438613,0.8962173909518593,0.5099466331230018,0.4735919599083603,0.4083233663942057,0.1681273293857886,100000,30,12,0.1,1.0,0.1,0,11,0.001,1e-06,0.001,1e-07,1.0,1e-07,adamax,0,0.0,disordered,1,0.3005897529331063,0 days 09:57:56.608079,4.0464124118826765,3.7748947603888303,0.0013983749147792,1.0
407,407,407,407,407,407,407,407,407,407,407,407,407,407,407,407,407,407,407,0.0098625217948687,0.0098625217948687,0.0098625217948687,0.0098625217948687,0.0098625217948687,0.0098625217948687,0.0098625217948687,0.0098625217948687,0.0098625217948687,0.0098625217948687,0.0098625217948687,0.0098625217948687,0.0078457428008136,2.4873930071453448e-05,0.0299379283238771,2.604878774523784e-06,7.569642402158939e-07,1.141323376478692e-06,5.080688898938208e-07,9.998390004601645e-08,7.80379384817054e-07,0.011374420061107,0.0322313737482675,3.785054929339743e-06,-0.0059437867904633,-0.0069027048144314,6765.0,0.0,0.8215385562983929,0.0970294966266348,0.2897827467680697,0.2230409716587458,0.5645456657759919,0.6036830194577983,0.269830185183328,0.1788124517459227,0.2357624150844014,0.3336217547611876,0.3891640820689176,0.7861287104793945,100000,30,12,0.1,1.0,0.1,0,11,0.001,1e-06,0.001,1e-07,1.0,1e-07,adamax,0,0.0,disordered,1,0.0097810015441098,0 days 09:57:56.608079,4.868709260836119,4.946944403723946,0.0059437867904633,1.0
408,408,408,408,408,408,408,408,408,408,408,408,408,408,408,408,408,408,408,0.3557150206821381,0.3557150206821381,0.3557150206821381,0.3557150206821381,0.3557150206821381,0.3557150206821381,0.3557150206821381,0.3557150206821381,0.3557150206821381,0.3557150206821381,0.3557150206821381,0.3557150206821381,0.0836738862532854,0.0804101579227039,0.0915318230375879,0.0808754732843602,0.0811547980811404,1.0000134035265225,0.1014535754580615,0.4488418937700344,0.5660149227232562,0.0826165984270933,0.0974653492246566,0.8834569176091128,-0.0012779491786171,-0.001469122735551,660.0,0.0,0.9062220227841236,0.6540003011172316,0.0552854511999436,0.4636160285123724,0.4689136373784628,0.8920170040860286,0.32096795300436,0.7187049607086551,0.7888855286745555,0.512166154123716,0.4918572089274071,0.1198997511692875,100000,30,12,0.1,1.0,0.1,0,11,0.001,1e-06,0.001,1e-07,1.0,1e-07,adamax,0,0.0,disordered,1,0.3591601759578135,0 days 09:57:56.608079,4.102785394032478,3.861851318848661,0.0012779491786171,1.0
409,409,409,409,409,409,409,409,409,409,409,409,409,409,409,409,409,409,409,0.5413360302965373,0.5413360302965373,0.5413360302965373,0.5413360302965373,0.5413360302965373,0.5413360302965373,0.5413360302965373,0.5413360302965373,0.5413360302965373,0.5413360302965373,0.5413360302965373,0.5413360302965373,1.002045750101188,0.2927427291955626,0.3271364125606389,0.3070840317384913,0.2972307837260373,0.3111850503753325,0.2884116895269609,0.2983698106496547,0.2897210774619257,0.3140806303771813,0.6982718529334682,0.8013659232229238,-0.0009111907849166,-0.0009809576162967,274.0,0.0,0.061671327308401,0.9720885810041372,0.5635966875862833,0.2670546605161175,0.8035496595825786,0.0546817624572014,0.9434314091097408,0.1700249450255782,0.9855642339512826,0.2939539801636963,0.9085108274267332,0.0418157492874561,100000,30,12,0.1,1.0,0.1,0,11,0.001,1e-06,0.001,1e-07,1.0,1e-07,adamax,0,0.0,disordered,1,0.5412321233884384,0 days 09:57:56.608079,3.8417649468472015,3.9542628643284585,0.0009111907849166,1.0
410,410,410,410,410,410,410,410,410,410,410,410,410,410,410,410,410,410,410,0.2191196687578146,0.2191196687578146,0.2191196687578146,0.2191196687578146,0.2191196687578146,0.2191196687578146,0.2191196687578146,0.2191196687578146,0.2191196687578146,0.2191196687578146,0.2191196687578146,0.2191196687578146,1.000070440323468,0.8048272554247654,0.6597241551575842,0.0385251581780043,0.3105632298534732,0.3246232669201887,0.0159893615973326,0.0158826456715659,0.0373762760504944,0.0337950899258718,0.0215398718607297,0.4657097975214656,-0.0018240078915276,-0.0021326699638539,1152.0,0.0,0.1454353558572717,0.0381762160982447,0.2866313393220127,0.7544789863006167,0.1546988089103884,0.1323172182467685,0.7117267801151361,0.5607881410253226,0.058666084156174,0.2848001838030859,0.7555647851154688,0.5473565225145267,100000,30,12,0.1,1.0,0.1,0,11,0.001,1e-06,0.001,1e-07,1.0,1e-07,adamax,0,0.0,disordered,1,0.2177657381068543,0 days 09:57:56.608079,3.6299843248753945,3.692506683106448,0.0018240078915276,1.0
411,411,411,411,411,411,411,411,411,411,411,411,411,411,411,411,411,411,411,0.0946132375589076,0.0946132375589076,0.0946132375589076,0.0946132375589076,0.0946132375589076,0.0946132375589076,0.0946132375589076,0.0946132375589076,0.0946132375589076,0.0946132375589076,0.0946132375589076,0.0946132375589076,6.139133110294519e-07,0.1470410702862602,0.0923152123649876,5.412362054434797e-07,2.379108846237601e-07,0.025354107942406,0.2592877795120515,6.851843447341653e-07,0.2611207368616318,1.2617202176099885e-07,6.52569716384481e-07,9.999402086096192e-08,-0.0025461696428439,-0.0029423931653293,21469.0,0.0,0.9435050805737084,0.771561222329849,0.7405937992546697,0.8103166757963779,0.0849733834319158,0.3521430743892157,0.8124079306416224,0.2975640905150405,0.4464281301385905,0.6224321748314845,0.1122971306986191,0.6977694787300996,100000,30,12,0.1,1.0,0.1,0,11,0.001,1e-06,0.001,1e-07,1.0,1e-07,adamax,0,0.0,disordered,1,0.0940710322333343,0 days 09:57:56.608079,3.67740419077645,3.671212845688213,0.0025461696428439,1.0
412,412,412,412,412,412,412,412,412,412,412,412,412,412,412,412,412,412,412,0.1864408533970484,0.1864408533970484,0.1864408533970484,0.1864408533970484,0.1864408533970484,0.1864408533970484,0.1864408533970484,0.1864408533970484,0.1864408533970484,0.1864408533970484,0.1864408533970484,0.1864408533970484,0.9610800498521788,0.1028342321689971,0.2004867769795328,0.5843414610342502,0.0522684798285141,0.0476177644832145,1.0005328803639637,0.0346417705222372,0.033870322389514,0.0339160565705615,0.0348851851078135,0.0338889291922589,-0.0020040002004324,-0.0032410389395766,739.0,0.0,0.3950396829832031,0.8776528213979036,0.4886122252177215,0.0308946940186498,0.751795361244465,0.6927397456998063,0.9494849847345456,0.811636590478624,0.5665228893220841,0.7819235397398189,0.1950920852207742,0.9073612470162165,100000,30,12,0.1,1.0,0.1,0,11,0.001,1e-06,0.001,1e-07,1.0,1e-07,adamax,0,0.0,disordered,1,0.1840690502747404,0 days 09:57:56.608079,3.77479399180571,3.668380406756036,0.0020040002004324,1.0
413,413,413,413,413,413,413,413,413,413,413,413,413,413,413,413,413,413,413,0.1864408533970484,0.1864408533970484,0.1864408533970484,0.1864408533970484,0.1864408533970484,0.1864408533970484,0.1864408533970484,0.1864408533970484,0.1864408533970484,0.1864408533970484,0.1864408533970484,0.1864408533970484,0.0655143483520703,0.0347415999606988,0.0343906626967986,0.0449226516546622,0.036985161963432,0.075552794187168,0.987040185001293,0.0517192797074163,1.0003910819383026,0.0344963739844909,0.0366274610210162,0.0382961072769798,-0.0017722596446513,-0.0025765868060608,734.0,0.0,0.7653546737569467,0.4945839206501871,0.0407779596741447,0.4142351233312004,0.3535042484970484,0.6620531995427018,0.9880842517880194,0.3135986493894647,0.933431091643605,0.6842137419365485,0.1592815852935352,0.6763240937503852,100000,30,12,0.1,1.0,0.1,0,11,0.001,1e-06,0.001,1e-07,1.0,1e-07,adamax,0,0.0,disordered,1,0.1859449591673613,0 days 09:57:56.608079,4.31066196214314,4.0719539596717285,0.0017722596446512,1.0
414,414,414,414,414,414,414,414,414,414,414,414,414,414,414,414,414,414,414,0.3026648059395688,0.3026648059395688,0.3026648059395688,0.3026648059395688,0.3026648059395688,0.3026648059395688,0.3026648059395688,0.3026648059395688,0.3026648059395688,0.3026648059395688,0.3026648059395688,0.3026648059395688,0.1693760350821863,0.0942724147634411,0.0931353633371016,0.1490925419000376,1.0021943949628829,0.2832453655794744,0.3850533260089631,0.4714712492132588,0.1009230819146082,0.0935243777460836,0.8396752199555114,0.1678889713767682,-0.0014022158014309,-0.0016580253478457,520.0,0.0,0.5538886611125697,0.2735114227291052,0.133063356038502,0.1645701961075513,0.8679442034747825,0.4744179740261339,0.5662040009371612,0.7366603978298915,0.2085849027409158,0.2484993359274289,0.7772139981506381,0.3088217808617497,100000,30,12,0.1,1.0,0.1,0,11,0.001,1e-06,0.001,1e-07,1.0,1e-07,adamax,0,0.0,disordered,1,0.3068269535811156,0 days 09:57:56.608079,4.173064877284417,3.9771217494187336,0.0014022158014309,1.0
415,415,415,415,415,415,415,415,415,415,415,415,415,415,415,415,415,415,415,0.2054117348353062,0.2054117348353062,0.2054117348353062,0.2054117348353062,0.2054117348353062,0.2054117348353062,0.2054117348353062,0.2054117348353062,0.2054117348353062,0.2054117348353062,0.2054117348353062,0.2054117348353062,0.697905762915368,0.8665836997413694,0.0676317820003963,0.0484659444956402,0.7848900857232937,0.0416669213972126,0.0411638995394802,0.0412682388192061,1.0005493720733685,0.0410771702102909,0.0475726925472438,0.0421277630049891,-0.0020033897362969,-0.0029113900458443,697.0,0.0,0.1511325383147743,0.8082834161692315,0.3038834508652234,0.1242761929970105,0.6315405474397277,0.2591674506590259,0.1431606887088047,0.2548469647279749,0.6287139094798047,0.2929084127701069,0.0834227142913034,0.4945478267642822,100000,30,12,0.1,1.0,0.1,0,11,0.001,1e-06,0.001,1e-07,1.0,1e-07,adamax,0,0.0,disordered,1,0.206109089644622,0 days 09:57:56.608079,3.831711919319913,3.7704245459110624,0.0020033897362969,1.0
416,416,416,416,416,416,416,416,416,416,416,416,416,416,416,416,416,416,416,0.3228628202536728,0.3228628202536728,0.3228628202536728,0.3228628202536728,0.3228628202536728,0.3228628202536728,0.3228628202536728,0.3228628202536728,0.3228628202536728,0.3228628202536728,0.3228628202536728,0.3228628202536728,0.4033752751693122,0.1079111917501182,0.8265872648764719,0.4886325550032721,0.5915232439681567,0.9216240861115256,0.5890294548122124,1.0014215403551108,0.1022798795559458,0.9284461537387716,0.1043100363451723,0.1033360748819539,-0.001305847887697,-0.0015838954526039,497.0,0.0,0.291793899664122,0.1565978688724559,0.5078217290705839,0.3486204132743177,0.5769817632936873,0.7510713306790604,0.4694937053806567,0.8616798220997797,0.0416299546295133,0.7333545351240546,0.0898683117959612,0.1088618317406597,100000,30,12,0.1,1.0,0.1,0,11,0.001,1e-06,0.001,1e-07,1.0,1e-07,adamax,0,0.0,disordered,1,0.3280015662659549,0 days 09:57:56.608079,4.193966332376284,3.6974565963770063,0.001305847887697,1.0
417,417,417,417,417,417,417,417,417,417,417,417,417,417,417,417,417,417,417,0.0858751948484516,0.0858751948484516,0.0858751948484516,0.0858751948484516,0.0858751948484516,0.0858751948484516,0.0858751948484516,0.0858751948484516,0.0858751948484516,0.0858751948484516,0.0858751948484516,0.0858751948484516,0.8439540813469957,0.0019577062400127,1.0007219984870566,0.0033184493690428,0.0003599806388877,0.0181376050641077,0.0008161702793831,0.0020619097968314,0.0004047066097885,0.0008497735231517,0.0010370526629078,0.0496991283967819,-0.0027141031604062,-0.0034823401033745,2472.0,0.0,0.637169459506242,0.8459824512294478,0.2578681673610212,0.506191103076575,0.766673051496933,0.185030885259231,0.4122945057226029,0.5929087288957546,0.7873948968751563,0.573430923762306,0.1461144656642543,0.8304681493688343,100000,30,12,0.1,1.0,0.1,0,11,0.001,1e-06,0.001,1e-07,1.0,1e-07,adamax,0,0.0,disordered,1,0.0850097863671988,0 days 09:57:56.608079,3.654537533951937,3.612877518273133,0.0027141031604062,1.0
418,418,418,418,418,418,418,418,418,418,418,418,418,418,418,418,418,418,418,0.3444087275973818,0.3444087275973818,0.3444087275973818,0.3444087275973818,0.3444087275973818,0.3444087275973818,0.3444087275973818,0.3444087275973818,0.3444087275973818,0.3444087275973818,0.3444087275973818,0.3444087275973818,0.2575693747326725,0.168334272035502,0.1412570611500359,0.1171889572027956,0.1187371105575313,1.0004388667312332,0.9913572077629296,0.1342660039354483,0.1221233329309066,0.6946494131310526,0.2855665693029408,0.2451378520431568,-0.0014254387865453,-0.001553873619725,466.0,0.0,0.811101545734835,0.7229251348094788,0.7329973982168619,0.4557565028358032,0.6502365948399171,0.9987335699183316,0.9748681164688088,0.1864484035841972,0.6374105862886011,0.8675371190095641,0.0601313626053201,0.5749402394646269,100000,30,12,0.1,1.0,0.1,0,11,0.001,1e-06,0.001,1e-07,1.0,1e-07,adamax,0,0.0,disordered,1,0.3395407617144805,0 days 09:57:56.608079,4.002014612120181,3.92588085098035,0.0014254387865453,1.0
419,419,419,419,419,419,419,419,419,419,419,419,419,419,419,419,419,419,419,0.2054117348353062,0.2054117348353062,0.2054117348353062,0.2054117348353062,0.2054117348353062,0.2054117348353062,0.2054117348353062,0.2054117348353062,0.2054117348353062,0.2054117348353062,0.2054117348353062,0.2054117348353062,0.9593438536190314,0.5854001917910173,0.3480022942030567,0.1115323361792285,0.0821115733128676,0.0818508636797129,1.0012761188335448,0.0588349814500587,0.0394121378478353,0.0483707748939024,0.0423582140570029,0.0788300473929589,-0.0020200163688154,-0.0026307679778126,717.0,0.0,0.1154920690318445,0.1835654557528987,0.3591962505824296,0.5566692189919232,0.5414616291635949,0.5039855847684451,0.957260313018722,0.509341092943821,0.7330961375136982,0.3342997705890481,0.7443336718747016,0.7478906233940011,100000,30,12,0.1,1.0,0.1,0,11,0.001,1e-06,0.001,1e-07,1.0,1e-07,adamax,0,0.0,disordered,1,0.2036284095841038,0 days 09:57:56.608079,3.280974877003169,3.390665087887639,0.0020200163688154,1.0
420,420,420,420,420,420,420,420,420,420,420,420,420,420,420,420,420,420,420,0.1864408533970484,0.1864408533970484,0.1864408533970484,0.1864408533970484,0.1864408533970484,0.1864408533970484,0.1864408533970484,0.1864408533970484,0.1864408533970484,0.1864408533970484,0.1864408533970484,0.1864408533970484,0.4207115344027961,0.2375085172930501,0.0335919824979465,1.0022631396595687,0.0352167202148061,0.0329799519460808,0.0403556888386304,0.0488651240590464,0.7029049712001286,0.0473449179535973,0.271031890398054,0.0789754143755043,-0.0020008225233521,-0.0022326411043165,754.0,0.0,0.6695653738514171,0.7542957489987696,0.5723566958838185,0.8556395752560504,0.8325339347465731,0.0963897738991226,0.4483557873561427,0.1206720643988498,0.950539039291707,0.4348911962790387,0.2200783181007833,0.8376285417225681,100000,30,12,0.1,1.0,0.1,0,11,0.001,1e-06,0.001,1e-07,1.0,1e-07,adamax,0,0.0,disordered,1,0.1835121413184317,0 days 09:57:56.608079,4.296393124246195,3.897381922155333,0.0020008225233521,1.0
421,421,421,421,421,421,421,421,421,421,421,421,421,421,421,421,421,421,421,0.2493409369951876,0.2493409369951876,0.2493409369951876,0.2493409369951876,0.2493409369951876,0.2493409369951876,0.2493409369951876,0.2493409369951876,0.2493409369951876,0.2493409369951876,0.2493409369951876,0.2493409369951876,0.9839006656119146,0.7423014547145165,0.1702373136280111,0.0988421201483845,0.0660504289449787,0.0623381656556515,0.0621026234209966,0.0718130877393756,0.0620378238852873,1.0002595092080129,0.0673019864053739,0.1354373895065672,-0.0018041238128293,-0.0023802611636504,608.0,0.0,0.0872161595962289,0.1540869486458885,0.6788299367495368,0.5074233228888243,0.2672946662715809,0.5762797692621788,0.2073836738115316,0.3092356108973476,0.6110606141408947,0.8829321547901784,0.7031782727739107,0.6432277841422299,100000,30,12,0.1,1.0,0.1,0,11,0.001,1e-06,0.001,1e-07,1.0,1e-07,adamax,0,0.0,disordered,1,0.250550626391258,0 days 09:57:56.608079,3.664035875398629,3.6281701872757495,0.0018041238128293,1.0
422,422,422,422,422,422,422,422,422,422,422,422,422,422,422,422,422,422,422,0.2575263326771198,0.2575263326771198,0.2575263326771198,0.2575263326771198,0.2575263326771198,0.2575263326771198,0.2575263326771198,0.2575263326771198,0.2575263326771198,0.2575263326771198,0.2575263326771198,0.2575263326771198,0.6681487566335901,1.000032395346819,0.0027146942410983,0.0038924485506773,0.0011752819037431,0.001522178330092,0.0087604260677039,0.0503185858254717,0.17594661485391,0.0206267539494998,0.0043554508394649,0.6610684648991705,-0.0016636199924046,-0.0019882172300146,2896.0,0.0,0.746647137071686,0.3783757806318839,0.9809780602038732,0.6112601800079339,0.2575612755116058,0.0359652478498544,0.1117555852958921,0.1985091516147906,0.7343726390101744,0.8145211644726145,0.9254528450487752,0.6429102351775692,100000,30,12,0.1,1.0,0.1,0,11,0.001,1e-06,0.001,1e-07,1.0,1e-07,adamax,0,0.0,disordered,1,0.2611381890325434,0 days 09:57:56.608079,4.28158856714393,4.182826779197471,0.0016636199924046,1.0
423,423,423,423,423,423,423,423,423,423,423,423,423,423,423,423,423,423,423,0.1638433645577982,0.1638433645577982,0.1638433645577982,0.1638433645577982,0.1638433645577982,0.1638433645577982,0.1638433645577982,0.1638433645577982,0.1638433645577982,0.1638433645577982,0.1638433645577982,0.1638433645577982,1.0012165883296833,0.3008021311260832,0.0270850682169366,0.0341505253595869,0.1933304597150582,0.0863422782378856,0.3166958923588097,0.026740123687815,0.0271017556670235,0.0551730491859305,0.0832936760046568,0.0352819014550515,-0.0021380376310773,-0.0029618425289534,787.0,0.0,0.2972769899755106,0.8388690893434886,0.9534701698838012,0.6969038400375832,0.0723580399708068,0.4109819767819693,0.2489436298082981,0.939260511885971,0.8111233911260713,0.0699271121302127,0.6094319303218612,0.985147583117178,100000,30,12,0.1,1.0,0.1,0,11,0.001,1e-06,0.001,1e-07,1.0,1e-07,adamax,0,0.0,disordered,1,0.1633136051298384,0 days 09:57:56.608079,3.969762881551224,3.972823951985996,0.0021380376310773,1.0
424,424,424,424,424,424,424,424,424,424,424,424,424,424,424,424,424,424,424,0.3919100249433399,0.3919100249433399,0.3919100249433399,0.3919100249433399,0.3919100249433399,0.3919100249433399,0.3919100249433399,0.3919100249433399,0.3919100249433399,0.3919100249433399,0.3919100249433399,0.3919100249433399,1.0001764656837433,0.0754451543195226,0.0753753607022128,0.0749381971150233,0.0830636240993497,0.1228608132621298,0.1504248387911225,0.1462468194522438,0.0760089545933642,0.0880267570906267,0.2288224722508561,0.8498869262528007,-0.0012997332157492,-0.0015034362257617,717.0,0.0,0.5238061270198002,0.8894413442666818,0.8123306772126189,0.4715373988659999,0.4420083963922148,0.1616511877518771,0.3544695701133437,0.1913666756579829,0.8457075838517776,0.6034032711932213,0.9362422713484684,0.4103542175251248,100000,30,12,0.1,1.0,0.1,0,11,0.001,1e-06,0.001,1e-07,1.0,1e-07,adamax,0,0.0,disordered,1,0.3880516124819639,0 days 09:57:56.608079,4.276708734268989,4.011336718379128,0.0012997332157492,1.0
425,425,425,425,425,425,425,425,425,425,425,425,425,425,425,425,425,425,425,0.2191196687578146,0.2191196687578146,0.2191196687578146,0.2191196687578146,0.2191196687578146,0.2191196687578146,0.2191196687578146,0.2191196687578146,0.2191196687578146,0.2191196687578146,0.2191196687578146,0.2191196687578146,0.0921593927522956,0.5788437815289817,0.0597258666451232,0.1138351416455702,0.0491091511449799,1.002238263920748,0.9498383249882076,0.0606918722499482,1.0002288179144732,0.0468691601448759,0.0586844844676645,0.0481239699046006,-0.0016690206333726,-0.0022411832714187,668.0,0.0,0.701709320878533,0.8331501860292885,0.0128772803560253,0.3228539435400921,0.4362297917532894,0.9286034440245816,0.870488856793474,0.0845082427487821,0.9554591170160172,0.6269038089181593,0.0719335740754174,0.6901222488276437,100000,30,12,0.1,1.0,0.1,0,11,0.001,1e-06,0.001,1e-07,1.0,1e-07,adamax,0,0.0,disordered,1,0.2181566878090293,0 days 09:57:56.608079,4.719431312368839,4.008076107520718,0.0016690206333726,1.0
426,426,426,426,426,426,426,426,426,426,426,426,426,426,426,426,426,426,426,0.3557150206821381,0.3557150206821381,0.3557150206821381,0.3557150206821381,0.3557150206821381,0.3557150206821381,0.3557150206821381,0.3557150206821381,0.3557150206821381,0.3557150206821381,0.3557150206821381,0.3557150206821381,0.1239114514079366,0.1259090936966684,0.1991231877323841,0.2434428234427283,0.1724943730342238,0.2044013700229491,0.1345077008877726,1.0011291614204445,0.1637460015485361,0.1338177135277463,0.1631782255902918,0.7893963982930834,-0.0013157574172573,-0.0014532784563554,456.0,0.0,0.8553626300323566,0.2588552832063853,0.3226615572358212,0.2776926899694034,0.7025073975534427,0.7182791709760189,0.7743492306414659,0.9210411314108424,0.1818282485889627,0.7082479317554589,0.6457029893132942,0.2626210823170319,100000,30,12,0.1,1.0,0.1,0,11,0.001,1e-06,0.001,1e-07,1.0,1e-07,adamax,0,0.0,disordered,1,0.3545979078031848,0 days 09:57:56.608079,4.023610962960481,3.939557548013044,0.0013157574172573,1.0
427,427,427,427,427,427,427,427,427,427,427,427,427,427,427,427,427,427,427,0.1439847952876006,0.1439847952876006,0.1439847952876006,0.1439847952876006,0.1439847952876006,0.1439847952876006,0.1439847952876006,0.1439847952876006,0.1439847952876006,0.1439847952876006,0.1439847952876006,0.1439847952876006,0.2144192880977133,0.0202261788834539,0.9806500316685096,1.0004339554920063,0.4847689181887505,0.0341117084451839,0.1112861657219633,0.0248309777543039,0.0228422657623735,0.0334047003585805,0.120743068014987,0.0224366417978935,-0.0022693649959702,-0.0029043122595044,862.0,0.0,0.9753084815259296,0.4769602251685981,0.948827475692218,0.9717737931036624,0.9000480958386305,0.4594853599800932,0.279776790147522,0.5857619393553599,0.4495358329526387,0.468201581844572,0.244081343701929,0.8422530754022833,100000,30,12,0.1,1.0,0.1,0,11,0.001,1e-06,0.001,1e-07,1.0,1e-07,adamax,0,0.0,disordered,1,0.146154325320466,0 days 09:57:56.608079,4.449466975548226,3.948408892148656,0.0022693649959702,1.0
428,428,428,428,428,428,428,428,428,428,428,428,428,428,428,428,428,428,428,0.1988827856988807,0.1988827856988807,0.1988827856988807,0.1988827856988807,0.1988827856988807,0.1988827856988807,0.1988827856988807,0.1988827856988807,0.1988827856988807,0.1988827856988807,0.1988827856988807,0.1988827856988807,0.5435287041613807,0.0506708779870511,0.0406161866054947,0.039114346873073,0.0389258950944598,0.038800391628584,0.0802972364195512,1.000832442100771,0.0621992280691531,0.0756956914046281,0.0436995315338444,0.4215826924100234,-0.002006023993095,-0.0023112144174349,710.0,0.0,0.7307240932372813,0.8653095978798734,0.5315388259185277,0.0926637316410834,0.862308939525648,0.0692512016086123,0.1545160094800333,0.9441201300249854,0.5615047742597331,0.6749974103663908,0.8209926671878233,0.66455713568512,100000,30,12,0.1,1.0,0.1,0,11,0.001,1e-06,0.001,1e-07,1.0,1e-07,adamax,0,0.0,disordered,1,0.196536164823757,0 days 09:57:56.608079,4.123349796220142,3.88460169461646,0.002006023993095,1.0
429,429,429,429,429,429,429,429,429,429,429,429,429,429,429,429,429,429,429,0.1805148879221106,0.1805148879221106,0.1805148879221106,0.1805148879221106,0.1805148879221106,0.1805148879221106,0.1805148879221106,0.1805148879221106,0.1805148879221106,0.1805148879221106,0.1805148879221106,0.1805148879221106,0.6779426172884705,0.1359356960051752,0.0459913714862636,0.0357810313150036,0.0329765538972219,0.0326249441302619,0.0321530404326523,0.0562873797801577,1.0018494008253698,0.0321704885085682,0.0378670212198931,0.0322386065397276,-0.0020932292710426,-0.0034381654941654,751.0,0.0,0.4439712880877319,0.5429994179458086,0.3984837936722691,0.5771904249705891,0.0022070307099721,0.5082660962067422,0.023821782595742,0.1096719488239756,0.8463682746076329,0.6593861173054472,0.182167870828635,0.7472025252518296,100000,30,12,0.1,1.0,0.1,0,11,0.001,1e-06,0.001,1e-07,1.0,1e-07,adamax,0,0.0,disordered,1,0.1823411675112144,0 days 09:57:56.608079,4.16986808885914,3.966582244352296,0.0020932292710426,1.0
430,430,430,430,430,430,430,430,430,430,430,430,430,430,430,430,430,430,430,0.2837303616516209,0.2837303616516209,0.2837303616516209,0.2837303616516209,0.2837303616516209,0.2837303616516209,0.2837303616516209,0.2837303616516209,0.2837303616516209,0.2837303616516209,0.2837303616516209,0.2837303616516209,0.081348601643977,0.0811932680959131,1.0003533937232958,0.0845456604581749,0.0879365948873705,0.3162088395193436,0.0809557957947212,0.0805576301918107,0.9790561298998006,0.080716907923436,0.9235618025617156,0.1169614254632798,-0.0015816351875626,-0.0020296508892092,548.0,0.0,0.4757832695878426,0.1348462759731289,0.929685695143032,0.1128050984854016,0.019742858018292,0.256601728456595,0.0868599069242335,0.016721458581569,0.653241876464221,0.1319621389912917,0.5638798440619879,0.2425898291710867,100000,30,12,0.1,1.0,0.1,0,11,0.001,1e-06,0.001,1e-07,1.0,1e-07,adamax,0,0.0,disordered,1,0.283071904373387,0 days 09:57:56.608079,4.163672238601126,4.121119316308926,0.0015816351875626,1.0
431,431,431,431,431,431,431,431,431,431,431,431,431,431,431,431,431,431,431,0.3444087275973818,0.3444087275973818,0.3444087275973818,0.3444087275973818,0.3444087275973818,0.3444087275973818,0.3444087275973818,0.3444087275973818,0.3444087275973818,0.3444087275973818,0.3444087275973818,0.3444087275973818,0.1308391729600321,0.122424313038233,0.1163564278398008,0.1442681425795994,0.1160037327647411,1.001823247470389,0.1337749823668312,0.1329657208527402,0.1232128532386094,0.1255174885862447,0.1868390001330488,0.766891737456273,-0.001452723098108,-0.0016343278685958,472.0,0.0,0.94065013576751,0.2158559882948059,0.5206547263415716,0.7349872579716564,0.3111299186294756,0.8317393900529948,0.3139789521314091,0.3878600637741026,0.4303882825277383,0.4188941219318052,0.6079436544104145,0.2262456115998308,100000,30,12,0.1,1.0,0.1,0,11,0.001,1e-06,0.001,1e-07,1.0,1e-07,adamax,0,0.0,disordered,1,0.3431944568587285,0 days 09:57:56.608079,4.063630270322697,3.913743093711228,0.001452723098108,1.0
432,432,432,432,432,432,432,432,432,432,432,432,432,432,432,432,432,432,432,0.2659804395593755,0.2659804395593755,0.2659804395593755,0.2659804395593755,0.2659804395593755,0.2659804395593755,0.2659804395593755,0.2659804395593755,0.2659804395593755,0.2659804395593755,0.2659804395593755,0.2659804395593755,0.5292742798366684,0.1105622968263366,0.3824366595348657,0.3678655620267124,0.1678188048316473,1.0001955568774108,0.3083970881494161,0.092766917891763,0.0793385359448367,0.1645650640444399,0.109192907300305,0.3138361029022211,-0.0015642983616528,-0.0016544273749742,625.0,0.0,0.3292141104429632,0.2289720313175148,0.2769452485168916,0.7627823261640054,0.6292667538218684,0.9627893024240344,0.9501300406270484,0.2050854469078391,0.2099460359611455,0.907647961225806,0.1389598252584758,0.7611850469966638,100000,30,12,0.1,1.0,0.1,0,11,0.001,1e-06,0.001,1e-07,1.0,1e-07,adamax,0,0.0,disordered,1,0.2697971239168077,0 days 09:57:56.608079,4.012445991145773,3.9012992790367087,0.0015642983616528,1.0
433,433,433,433,433,433,433,433,433,433,433,433,433,433,433,433,433,433,433,0.1638433645577982,0.1638433645577982,0.1638433645577982,0.1638433645577982,0.1638433645577982,0.1638433645577982,0.1638433645577982,0.1638433645577982,0.1638433645577982,0.1638433645577982,0.1638433645577982,0.1638433645577982,0.7668498651404606,0.500603772362177,0.2653269351666721,0.0840995540025855,0.9357660739428773,0.0239142299402437,0.1499959978531544,1.0010302107235218,0.0839658083769538,0.0248443353327199,0.0231014470274224,0.0259334294736588,-0.0023205852261819,-0.0029125665727756,921.0,0.0,0.1917597630569484,0.1430366635830099,0.4392438892869368,0.684059677178238,0.8441686846123795,0.2081510453823268,0.099703940964654,0.7927129199401057,0.4510172251086877,0.6095696684240932,0.5842015070063805,0.7608174964562291,100000,30,12,0.1,1.0,0.1,0,11,0.001,1e-06,0.001,1e-07,1.0,1e-07,adamax,0,0.0,disordered,1,0.1648905821232134,0 days 09:57:56.608079,3.949701943641403,3.4473007941663427,0.0023205852261819,1.0
434,434,434,434,434,434,434,434,434,434,434,434,434,434,434,434,434,434,434,0.0115911961859888,0.0115911961859888,0.0115911961859888,0.0115911961859888,0.0115911961859888,0.0115911961859888,0.0115911961859888,0.0115911961859888,0.0115911961859888,0.0115911961859888,0.0115911961859888,0.0115911961859888,9.114791671141968e-07,9.168405052305064e-07,1.213833081582175e-06,4.023956152619801e-07,3.830343718920622e-07,0.0426501101058413,1.423423092138965e-07,2.144090555857229e-06,0.0162157645506607,5.868245857734997e-07,9.117798460299044e-07,0.0177709652654945,-0.0042206140328472,-0.0050030804434884,7360.0,1.0,0.9895589133689572,0.6480914891334518,0.3652115374986091,0.1748898254706369,0.1028788189560984,0.6915541583491103,0.2551036083779704,0.2776011396638246,0.4433468759483189,0.527598538334692,0.4161480201571306,0.95570434973668,100000,30,12,0.1,1.0,0.1,0,11,0.001,1e-06,0.001,1e-07,1.0,1e-07,adamax,0,0.0,disordered,1,0.0114934863733588,0 days 09:57:56.608079,5.661500533179506,5.65287057744206,0.0042206140328472,1.0
435,435,435,435,435,435,435,435,435,435,435,435,435,435,435,435,435,435,435,0.2191196687578146,0.2191196687578146,0.2191196687578146,0.2191196687578146,0.2191196687578146,0.2191196687578146,0.2191196687578146,0.2191196687578146,0.2191196687578146,0.2191196687578146,0.2191196687578146,0.2191196687578146,0.6970592538857469,0.0718890357337311,0.0462993675126587,0.0673066840416058,0.0757582550752014,0.0473188414412375,0.9120941768635576,1.001340991660602,0.0546445105209605,0.7739778269950484,0.0540785160146891,0.0719244686167613,-0.001903472646034,-0.0022179609405216,676.0,0.0,0.2980911074794119,0.6020186271784486,0.0162454249921948,0.063771841660438,0.1989468812680669,0.2813428737370801,0.4663233193249951,0.5742074019291394,0.1659211086570935,0.5786497571139853,0.0818230398967426,0.3922747160097736,100000,30,12,0.1,1.0,0.1,0,11,0.001,1e-06,0.001,1e-07,1.0,1e-07,adamax,0,0.0,disordered,1,0.2215910173216222,0 days 09:57:56.608079,4.164352132363575,3.785274649034084,0.001903472646034,1.0
436,436,436,436,436,436,436,436,436,436,436,436,436,436,436,436,436,436,436,0.2191196687578146,0.2191196687578146,0.2191196687578146,0.2191196687578146,0.2191196687578146,0.2191196687578146,0.2191196687578146,0.2191196687578146,0.2191196687578146,0.2191196687578146,0.2191196687578146,0.2191196687578146,0.0955086034203725,0.0962955613161368,0.0581469661553846,0.0769131936219035,0.0525304374042765,1.0018081516455957,0.0477609550279434,0.9926294756446044,0.6571628438940483,0.4141138691973042,0.0604183706838584,0.0520277078305863,-0.0017654516449107,-0.0020203564755621,664.0,0.0,0.7980970810066665,0.4749920191021805,0.6660683551009295,0.2235708907941258,0.7075247248967915,0.9843044416243631,0.6509490718265054,0.9805192866154516,0.8338745109081496,0.7682136922364887,0.4791942411113964,0.5740763250109749,100000,30,12,0.1,1.0,0.1,0,11,0.001,1e-06,0.001,1e-07,1.0,1e-07,adamax,0,0.0,disordered,1,0.2188555202138452,0 days 09:57:56.608079,3.8352597189964257,3.68237891963562,0.0017654516449107,1.0
437,437,437,437,437,437,437,437,437,437,437,437,437,437,437,437,437,437,437,0.3228628202536728,0.3228628202536728,0.3228628202536728,0.3228628202536728,0.3228628202536728,0.3228628202536728,0.3228628202536728,0.3228628202536728,0.3228628202536728,0.3228628202536728,0.3228628202536728,0.3228628202536728,0.8348360068112066,0.2407695882801443,0.3451499483310974,0.1082686432260265,1.0002689883136735,0.0990234774060685,0.1507059828187947,0.1000944366846903,0.9098007842392118,0.6329528605536237,0.1586825255906231,0.1003758150462753,-0.0013714192031205,-0.0014739812411707,512.0,0.0,0.2471420081135659,0.8745604543201495,0.0134213795824037,0.7974005150544419,0.940039683462813,0.3318403248175504,0.7999504016769723,0.4292777997945473,0.856945560024073,0.629020805899631,0.0557661954878206,0.3756640369001169,100000,30,12,0.1,1.0,0.1,0,11,0.001,1e-06,0.001,1e-07,1.0,1e-07,adamax,0,0.0,disordered,1,0.3210780149491545,0 days 09:57:56.608079,3.8060820198878784,3.761931148461958,0.0013714192031205,1.0
438,438,438,438,438,438,438,438,438,438,438,438,438,438,438,438,438,438,438,0.2414157116103016,0.2414157116103016,0.2414157116103016,0.2414157116103016,0.2414157116103016,0.2414157116103016,0.2414157116103016,0.2414157116103016,0.2414157116103016,0.2414157116103016,0.2414157116103016,0.2414157116103016,1.0003035970635166,0.3424065505682968,0.0756809657706515,0.9734131493907912,0.0600833443970954,0.0605885367813427,0.0683224791104417,0.0721039118518251,0.0843647276763942,0.1395021844099426,0.0663146020850384,0.0846962012692107,-0.0018271786720822,-0.0023661002903812,616.0,0.0,0.0192429518064972,0.7493186611795593,0.8708445149105573,0.9961083482561572,0.5263456854041744,0.3912925761498169,0.5245606389052777,0.4434965486529795,0.293139703811096,0.9102584846087232,0.3941835262814683,0.8956621808161226,100000,30,12,0.1,1.0,0.1,0,11,0.001,1e-06,0.001,1e-07,1.0,1e-07,adamax,0,0.0,disordered,1,0.2439717139711565,0 days 09:57:56.608079,4.057634018555304,3.83743928302106,0.0018271786720822,1.0
439,439,439,439,439,439,439,439,439,439,439,439,439,439,439,439,439,439,439,0.1988827856988807,0.1988827856988807,0.1988827856988807,0.1988827856988807,0.1988827856988807,0.1988827856988807,0.1988827856988807,0.1988827856988807,0.1988827856988807,0.1988827856988807,0.1988827856988807,0.1988827856988807,0.7913981452521963,0.085770499961753,0.0662482878285153,0.0441094971690558,0.1601443838345393,0.0595573656590303,1.000201798956142,0.0555825900389772,0.040113563510967,0.5928999447446279,0.0395986462750053,0.0370440312443191,-0.002107788623657,-0.0025991698583166,740.0,0.0,0.5665005108051067,0.8469154678831501,0.6656082493669545,0.4692428342605274,0.7163119857224545,0.7254649388716485,0.8693750319158191,0.460803334283726,0.5296219336694757,0.7642379384989474,0.5147658444584566,0.6203610325736882,100000,30,12,0.1,1.0,0.1,0,11,0.001,1e-06,0.001,1e-07,1.0,1e-07,adamax,0,0.0,disordered,1,0.1983862993556815,0 days 09:57:56.608079,3.603120864914288,3.452592437104593,0.002107788623657,1.0
440,440,440,440,440,440,440,440,440,440,440,440,440,440,440,440,440,440,440,0.5074705239490462,0.5074705239490462,0.5074705239490462,0.5074705239490462,0.5074705239490462,0.5074705239490462,0.5074705239490462,0.5074705239490462,0.5074705239490462,0.5074705239490462,0.5074705239490462,0.5074705239490462,1.0002453845362267,0.2629474608468046,0.2594863908217338,0.266858170375795,0.2735970470678571,0.2655398758615335,0.2914200654044318,0.2551376230321795,0.2558991688224105,0.7411562059922039,0.2666675648489924,0.9534985994860352,-0.0009938129374857,-0.001076974685865,299.0,0.0,0.235456309270706,0.9760989383750353,0.6359718342177035,0.6505473700781643,0.7451892912832438,0.7877180196219927,0.0958999123734476,0.370059051182342,0.5986401921465198,0.9941932829140352,0.5164730116754551,0.0025205341448895,100000,30,12,0.1,1.0,0.1,0,11,0.001,1e-06,0.001,1e-07,1.0,1e-07,adamax,0,0.0,disordered,1,0.5155386232328507,0 days 09:57:56.608079,3.701742264366649,3.829939614189468,0.0009938129374857,1.0
441,441,441,441,441,441,441,441,441,441,441,441,441,441,441,441,441,441,441,0.2659804395593755,0.2659804395593755,0.2659804395593755,0.2659804395593755,0.2659804395593755,0.2659804395593755,0.2659804395593755,0.2659804395593755,0.2659804395593755,0.2659804395593755,0.2659804395593755,0.2659804395593755,0.0371003796580476,0.016971060121735,0.0101033835479242,0.0224108659742277,0.431643423655251,0.0101355348600943,0.8149267936199237,0.0088235931099523,1.0008218003729243,0.4595692232120106,0.0092196627893518,0.6280224302262611,-0.0014672354875019,-0.0016759276339231,1474.0,0.0,0.9701985250496246,0.5501854056360739,0.0650158369432254,0.3448943551193409,0.9588194982923972,0.3312254750905331,0.555588179445964,0.3269735275253345,0.6125847528272427,0.4864487575298477,0.3290494919078814,0.095190812584463,100000,30,12,0.1,1.0,0.1,0,11,0.001,1e-06,0.001,1e-07,1.0,1e-07,adamax,0,0.0,disordered,1,0.270088208403047,0 days 09:57:56.608079,3.8280994607704457,3.808186987332719,0.0014672354875019,1.0
442,442,442,442,442,442,442,442,442,442,442,442,442,442,442,442,442,442,442,0.1805148879221106,0.1805148879221106,0.1805148879221106,0.1805148879221106,0.1805148879221106,0.1805148879221106,0.1805148879221106,0.1805148879221106,0.1805148879221106,0.1805148879221106,0.1805148879221106,0.1805148879221106,1.000728773212352,0.1698942555531476,0.132568389606434,0.1183407078448304,0.0467776924971584,0.0636960680199635,0.0558669126086912,0.0517815589260173,0.0347141740028759,0.6841948039659761,0.0605008441695783,0.0295486385771909,-0.0021281335445625,-0.0026852177263294,834.0,0.0,0.2829774057905865,0.6207035301900188,0.5144465729725662,0.4437887750487971,0.5719257653405888,0.3750087709591195,0.5192312737071254,0.5727900884907767,0.7149351637069162,0.9637567865186668,0.2250311965853751,0.975952865672312,100000,30,12,0.1,1.0,0.1,0,11,0.001,1e-06,0.001,1e-07,1.0,1e-07,adamax,0,0.0,disordered,1,0.1785829038236488,0 days 09:57:56.608079,3.887116011482372,3.529001367192256,0.0021281335445625,1.0
443,443,443,443,443,443,443,443,443,443,443,443,443,443,443,443,443,443,443,0.100927151463057,0.100927151463057,0.100927151463057,0.100927151463057,0.100927151463057,0.100927151463057,0.100927151463057,0.100927151463057,0.100927151463057,0.100927151463057,0.100927151463057,0.100927151463057,0.0448171014547381,3.7745836554587614e-06,3.680810580768983e-06,1.2358022625121688e-05,0.3300039822728832,0.0006251483832525,0.1299452613698979,0.2056312035417798,0.1056955481531865,0.0373931554396253,2.0244693010098693e-05,1.7201143863935606e-05,-0.0028569167517978,-0.0035622049739434,6982.0,1.0,0.9851854676617544,0.8069340169711616,0.715016523460935,0.0683509543637846,0.7801177218732845,0.6112634591511934,0.2496788286783939,0.2421672294912946,0.3336024086504059,0.3211709673984647,0.3993479264267637,0.5307593942880608,100000,30,12,0.1,1.0,0.1,0,11,0.001,1e-06,0.001,1e-07,1.0,1e-07,adamax,0,0.0,disordered,1,0.1002994841647528,0 days 09:57:56.608079,3.5823725320257416,3.6880485782332912,0.0028569167517978,1.0
444,444,444,444,444,444,444,444,444,444,444,444,444,444,444,444,444,444,444,0.2837303616516209,0.2837303616516209,0.2837303616516209,0.2837303616516209,0.2837303616516209,0.2837303616516209,0.2837303616516209,0.2837303616516209,0.2837303616516209,0.2837303616516209,0.2837303616516209,0.2837303616516209,0.0784325585385704,0.0844157182946928,0.0798292683253231,0.1170617042789903,0.1304743305642015,0.0948248813059977,0.0959643822488166,0.0794073565599645,1.000808550885255,0.9227338899459429,0.1460818590059651,0.0851068940082788,-0.0017461360701439,-0.0020715584979394,558.0,0.0,0.7903723320832994,0.3978754419785018,0.0281708977614449,0.6906990160396024,0.0016510193001179,0.4713730750251848,0.6548680604569722,0.6150294538157866,0.813076256364178,0.9445714257635228,0.3329382657717585,0.7253059902193829,100000,30,12,0.1,1.0,0.1,0,11,0.001,1e-06,0.001,1e-07,1.0,1e-07,adamax,0,0.0,disordered,1,0.2794476007378827,0 days 09:57:56.608079,4.2117591304330855,4.057435555256715,0.0017461360701439,1.0
445,445,445,445,445,445,445,445,445,445,445,445,445,445,445,445,445,445,445,0.2337423870891812,0.2337423870891812,0.2337423870891812,0.2337423870891812,0.2337423870891812,0.2337423870891812,0.2337423870891812,0.2337423870891812,0.2337423870891812,0.2337423870891812,0.2337423870891812,0.2337423870891812,0.3669400185876679,0.0414969950280803,1.9486714929463e-07,9.999814311513497e-08,2.215904772674689e-07,2.157182616829547e-06,0.3385918339555932,0.1934784229734665,2.3764489961618075e-06,0.6926774802325283,0.0828595495296952,0.1846234028249377,-0.0017673401899454,-0.0020394633505312,14758.0,0.0,0.8648714785350653,0.8434369993818133,0.7971506335584522,0.5217048062087744,0.7841879994653727,0.2362327037491456,0.5131825221537591,0.5457954017067477,0.1498802248515299,0.8640104194185583,0.4434296910153265,0.3982304591100782,100000,30,12,0.1,1.0,0.1,0,11,0.001,1e-06,0.001,1e-07,1.0,1e-07,adamax,0,0.0,disordered,1,0.2315115069051825,0 days 09:57:56.608079,3.343186493819203,3.74658128649565,0.0017673401899454,1.0
446,446,446,446,446,446,446,446,446,446,446,446,446,446,446,446,446,446,446,0.1805148879221106,0.1805148879221106,0.1805148879221106,0.1805148879221106,0.1805148879221106,0.1805148879221106,0.1805148879221106,0.1805148879221106,0.1805148879221106,0.1805148879221106,0.1805148879221106,0.1805148879221106,0.2497852144093645,0.0411819525551805,0.0323713867755351,1.0005220363692795,0.0329432180347152,0.0324742078482161,0.0317190120504145,0.0384052183822387,0.0365065402165914,0.1751559282412635,0.0423223314170022,0.4053281075651433,-0.00199922782944,-0.002309778178395,751.0,0.0,0.5861595852311661,0.5912593448473008,0.3388482217670612,0.6936376786249734,0.3027612151615625,0.5412729527060989,0.0133509341030679,0.0700125464279866,0.0835928715736902,0.6187324937744663,0.5153290300671632,0.3604288191696071,100000,30,12,0.1,1.0,0.1,0,11,0.001,1e-06,0.001,1e-07,1.0,1e-07,adamax,0,0.0,disordered,1,0.1829861190100536,0 days 09:57:56.608079,3.9145334416187305,3.797348276131136,0.00199922782944,1.0
447,447,447,447,447,447,447,447,447,447,447,447,447,447,447,447,447,447,447,0.3557150206821381,0.3557150206821381,0.3557150206821381,0.3557150206821381,0.3557150206821381,0.3557150206821381,0.3557150206821381,0.3557150206821381,0.3557150206821381,0.3557150206821381,0.3557150206821381,0.3557150206821381,0.9046568651258812,0.2530756758974484,0.1264124959898463,0.1372570116769206,0.1422105904398339,1.0020361021516728,0.1443524541333136,0.1569254916515666,0.1674024681994514,0.1534000161848419,0.2862372755756312,0.6266744514793968,-0.0013253422576459,-0.0014441430421161,455.0,0.0,0.3711834336632285,0.8987381444336907,0.7265193199408164,0.2714592384802545,0.3513291989755064,0.9529563886032808,0.3819932052353869,0.5071574636718336,0.7338041284575768,0.2262968427233753,0.6492239078454173,0.2341474212133192,100000,30,12,0.1,1.0,0.1,0,11,0.001,1e-06,0.001,1e-07,1.0,1e-07,adamax,0,0.0,disordered,1,0.3543085577892168,0 days 09:57:56.608079,3.851525070626898,3.826183918749309,0.0013253422576459,1.0
448,448,448,448,448,448,448,448,448,448,448,448,448,448,448,448,448,448,448,0.2263129568399526,0.2263129568399526,0.2263129568399526,0.2263129568399526,0.2263129568399526,0.2263129568399526,0.2263129568399526,0.2263129568399526,0.2263129568399526,0.2263129568399526,0.2263129568399526,0.2263129568399526,0.0566059914805568,0.0495182796042438,1.0006730354131852,0.0873815843365991,0.3507457028123313,0.3640283795387087,0.4182928390978143,0.0472039712930218,0.0564106855490998,0.953645955625816,0.0510374666485313,0.3546459283966482,-0.0014462115097157,-0.0017624401035509,683.0,0.0,0.8602267359870168,0.416073316382482,0.9767436890008184,0.0641119367943018,0.5340878171469802,0.4546269864432166,0.2913252060548866,0.124416561163175,0.0803511117705723,0.8174656721496811,0.1749951717571276,0.0321826839989172,100000,30,12,0.1,1.0,0.1,0,11,0.001,1e-06,0.001,1e-07,1.0,1e-07,adamax,0,0.0,disordered,1,0.228995142892847,0 days 09:57:56.608079,3.8297987493003927,3.830780058566555,0.0014462115097157,1.0
449,449,449,449,449,449,449,449,449,449,449,449,449,449,449,449,449,449,449,0.1586356533508588,0.1586356533508588,0.1586356533508588,0.1586356533508588,0.1586356533508588,0.1586356533508588,0.1586356533508588,0.1586356533508588,0.1586356533508588,0.1586356533508588,0.1586356533508588,0.1586356533508588,0.2934865527658126,0.453890056561426,0.3005889933130023,0.5416752229693033,0.0349722475444873,0.0259228078939196,0.2186500660982656,0.0250354116223136,1.0008396259454142,0.0373653109826577,0.0246244075743594,0.0247244794729004,-0.0024513481367381,-0.0032783595976774,809.0,0.0,0.5589492690391638,0.2225113306179205,0.3697736077658321,0.8101363128429538,0.6014031377685471,0.1491607791759627,0.1286991711581556,0.5967692649703483,0.8424382511597339,0.4728904791868251,0.6743102410930518,0.7918020389548033,100000,30,12,0.1,1.0,0.1,0,11,0.001,1e-06,0.001,1e-07,1.0,1e-07,adamax,0,0.0,disordered,1,0.1583378751313531,0 days 09:57:56.608079,3.9245211663068815,3.802801399680637,0.0024513481367381,1.0
450,450,450,450,450,450,450,450,450,450,450,450,450,450,450,450,450,450,450,0.2837303616516209,0.2837303616516209,0.2837303616516209,0.2837303616516209,0.2837303616516209,0.2837303616516209,0.2837303616516209,0.2837303616516209,0.2837303616516209,0.2837303616516209,0.2837303616516209,0.2837303616516209,0.2165819528996201,0.8051346184100289,0.8833205302751039,0.0815746351149571,0.0983224375136676,0.0473257911796333,1.001113999629449,0.046486089546901,0.9636869594499056,0.8511576637979165,0.0470947559321305,0.0463227743706321,-0.0014714125450911,-0.001789295802108,788.0,0.0,0.1611632448383022,0.65566490718991,0.9767674311051562,0.6864991146866753,0.7063656388496063,0.1097672594158584,0.5761988566287133,0.1468813024270043,0.7106411026024182,0.4782738186463403,0.0572986595131552,0.2190365945489802,100000,30,12,0.1,1.0,0.1,0,11,0.001,1e-06,0.001,1e-07,1.0,1e-07,adamax,0,0.0,disordered,1,0.2826073742898425,0 days 09:57:56.608079,4.1762142982354415,3.725725335252178,0.0014714125450911,1.0
451,451,451,451,451,451,451,451,451,451,451,451,451,451,451,451,451,451,451,0.2659804395593755,0.2659804395593755,0.2659804395593755,0.2659804395593755,0.2659804395593755,0.2659804395593755,0.2659804395593755,0.2659804395593755,0.2659804395593755,0.2659804395593755,0.2659804395593755,0.2659804395593755,0.0749557273000281,0.0925320028301603,0.0866698077234457,0.9921760362683594,0.0688585276618199,0.2607506590646792,0.0775690270615477,1.0022185019304592,0.9992957035148774,0.0754811716249128,0.1403628205463371,0.0750710579311662,-0.0015344811380371,-0.0019274617284806,585.0,0.0,0.3901562065985702,0.144886516066273,0.3325942989567602,0.9992601243584844,0.2197886203535297,0.5738416692770718,0.0044246297727955,0.94776207688652,0.8431877971672989,0.076926756762669,0.1640775841238413,0.5889098938452022,100000,30,12,0.1,1.0,0.1,0,11,0.001,1e-06,0.001,1e-07,1.0,1e-07,adamax,0,0.0,disordered,1,0.2678223706068742,0 days 09:57:56.608079,4.387305402342247,4.122141191882016,0.0015344811380371,1.0
452,452,452,452,452,452,452,452,452,452,452,452,452,452,452,452,452,452,452,0.1638433645577982,0.1638433645577982,0.1638433645577982,0.1638433645577982,0.1638433645577982,0.1638433645577982,0.1638433645577982,0.1638433645577982,0.1638433645577982,0.1638433645577982,0.1638433645577982,0.1638433645577982,1.000665359553668,0.6227049830825654,0.2904760988391351,0.0258927093234638,0.025407174377201,0.047297364003773,0.1258601804090509,0.2663021310167615,0.1133148554758558,0.0324666151341712,0.0306967355222038,0.038268524169788,-0.0023497785333193,-0.0030863135814212,812.0,0.0,0.1582240491438289,0.3186352421090244,0.7868586014691246,0.6906391318322144,0.6394053235575408,0.0419931754943007,0.2124440790696045,0.1196279622646254,0.5635489328790017,0.7465336242602753,0.481597369524578,0.8059920175883951,100000,30,12,0.1,1.0,0.1,0,11,0.001,1e-06,0.001,1e-07,1.0,1e-07,adamax,0,0.0,disordered,1,0.1614228430134061,0 days 09:57:56.608079,3.8461843320236953,3.839409348342929,0.0023497785333193,1.0
453,453,453,453,453,453,453,453,453,453,453,453,453,453,453,453,453,453,453,0.1988827856988807,0.1988827856988807,0.1988827856988807,0.1988827856988807,0.1988827856988807,0.1988827856988807,0.1988827856988807,0.1988827856988807,0.1988827856988807,0.1988827856988807,0.1988827856988807,0.1988827856988807,0.674396933778016,1.392494245329899e-07,2.056019864472036e-07,0.8969241805962965,5.366164672175226e-06,0.6454463959434683,0.1553417425537989,1.349169959818958e-07,0.1583807874096218,9.108171154354128e-07,0.4912688844299798,9.999616419342245e-08,-0.0018401296607398,-0.002335677506137,23536.0,0.0,0.0756177169296772,0.1488783615121148,0.0631159156491667,0.4069117513832861,0.1983491845840524,0.925100462595671,0.1552443935880325,0.8030478839373323,0.0682633753156742,0.2378296802237579,0.3414653668718492,0.9109750310514808,100000,30,12,0.1,1.0,0.1,0,11,0.001,1e-06,0.001,1e-07,1.0,1e-07,adamax,0,0.0,disordered,1,0.1971572393166578,0 days 09:57:56.608079,3.706075293280017,3.895876102333194,0.0018401296607398,1.0
454,454,454,454,454,454,454,454,454,454,454,454,454,454,454,454,454,454,454,0.1306870229743345,0.1306870229743345,0.1306870229743345,0.1306870229743345,0.1306870229743345,0.1306870229743345,0.1306870229743345,0.1306870229743345,0.1306870229743345,0.1306870229743345,0.1306870229743345,0.1306870229743345,0.0178541822333214,0.0120470328118238,0.0126678645913612,0.4227359248858204,0.0142192802842992,0.0105637171059515,0.0360286389096039,0.028585804700159,1.0011887056367053,0.0528699293919952,0.0227443106623384,0.0330691680565547,-0.0023627854753057,-0.0030580962540347,1092.0,0.0,0.9603707068623992,0.655316152368591,0.3858945340329056,0.8679420449624552,0.5475987459921849,0.0874748104698309,0.35418518986067,0.1337350520161898,0.8054684793534074,0.2254593479487031,0.3448995269896708,0.644871770165876,100000,30,12,0.1,1.0,0.1,0,11,0.001,1e-06,0.001,1e-07,1.0,1e-07,adamax,0,0.0,disordered,1,0.1287896376390468,0 days 09:57:56.608079,4.440273588168245,4.086251097056685,0.0023627854753057,1.0
455,455,455,455,455,455,455,455,455,455,455,455,455,455,455,455,455,455,455,0.1487115462808952,0.1487115462808952,0.1487115462808952,0.1487115462808952,0.1487115462808952,0.1487115462808952,0.1487115462808952,0.1487115462808952,0.1487115462808952,0.1487115462808952,0.1487115462808952,0.1487115462808952,0.022880642881431,0.9928306302546808,1.0012008682457731,0.8240918135863754,0.6787644446362745,0.0223725706069882,0.0223634483738816,0.0219760187303158,0.0218574475358754,0.0218364210111465,0.0220870152668621,0.021890070798783,-0.0022275061099901,-0.0036053982398638,830.0,0.0,0.5602189450921227,0.7719383852770105,0.7528757807964268,0.9281663461076738,0.5310215879275292,0.3801299929028469,0.0543176892715134,0.1342209507836943,0.2044022602239826,0.1031902221782327,0.0022352480704844,0.4307531078917943,100000,30,12,0.1,1.0,0.1,0,11,0.001,1e-06,0.001,1e-07,1.0,1e-07,adamax,0,0.0,disordered,1,0.1496145859563878,0 days 09:57:56.608079,4.696053283873764,3.8064141194438337,0.0022275061099901,1.0
456,456,456,456,456,456,456,456,456,456,456,456,456,456,456,456,456,456,456,0.2747120789270809,0.2747120789270809,0.2747120789270809,0.2747120789270809,0.2747120789270809,0.2747120789270809,0.2747120789270809,0.2747120789270809,0.2747120789270809,0.2747120789270809,0.2747120789270809,0.2747120789270809,0.7156415741343016,0.1408827917423145,0.0802721701426225,0.3609631510691449,0.9853412762044216,0.0756152777827434,0.0748908953254535,1.000413512635578,0.0751330724857627,0.3389759424222595,0.0972061644461986,0.3711250290974757,-0.0015477845362957,-0.0017636915870264,562.0,0.0,0.1159152094788605,0.3214828434319201,0.3067743096086587,0.4136425956600331,0.5384913831989061,0.3226678518736501,0.2300198697910717,0.6623889679609051,0.1101221615745563,0.3451221496459224,0.1546508488147764,0.025493201686812,100000,30,12,0.1,1.0,0.1,0,11,0.001,1e-06,0.001,1e-07,1.0,1e-07,adamax,0,0.0,disordered,1,0.2722312492018841,0 days 09:57:56.608079,3.517519773787856,3.510754907421656,0.0015477845362957,1.0
457,457,457,457,457,457,457,457,457,457,457,457,457,457,457,457,457,457,457,0.0779441575040493,0.0779441575040493,0.0779441575040493,0.0779441575040493,0.0779441575040493,0.0779441575040493,0.0779441575040493,0.0779441575040493,0.0779441575040493,0.0779441575040493,0.0779441575040493,0.0779441575040493,0.4288774150434098,0.2642851999475697,0.1098517298348841,6.745473974798334e-06,5.018102640262137e-06,3.2962827978569617e-06,2.646027599242561e-06,0.1366366356562276,0.4846714253213815,2.913740471677327e-06,3.4171285020013338e-06,1.3860528275140408e-05,-0.0035609687223667,-0.0048978475166792,7410.0,1.0,0.8229228620025792,0.7504520032525646,0.8575971491670297,0.6449237937876225,0.8307292743155575,0.4315473289881313,0.4856567490537737,0.4845504943239895,0.0711830085352931,0.8518343329898008,0.8530172072824797,0.984593150492002,100000,30,12,0.1,1.0,0.1,0,11,0.001,1e-06,0.001,1e-07,1.0,1e-07,adamax,0,0.0,disordered,1,0.0783886926491316,0 days 09:57:56.608079,4.015278960253108,3.7557549996155215,0.0035609687223667,1.0
458,458,458,458,458,458,458,458,458,458,458,458,458,458,458,458,458,458,458,0.1349772330233941,0.1349772330233941,0.1349772330233941,0.1349772330233941,0.1349772330233941,0.1349772330233941,0.1349772330233941,0.1349772330233941,0.1349772330233941,0.1349772330233941,0.1349772330233941,0.1349772330233941,0.5113402416246834,0.1054569962767775,9.885415951284171e-06,3.198850245477804e-05,0.0162947254893223,7.183834002474765e-06,0.0539600982113032,4.387666273935786e-05,6.082876583283018e-06,0.0035652914484766,0.0310109365098373,0.4054416705829196,-0.0022330455977825,-0.0028426035323311,6957.0,1.0,0.8558921722446132,0.932450295273804,0.9775306000191508,0.3975414414420315,0.0714912741668479,0.5601002977142423,0.7762947126800197,0.9582739490714992,0.2677776550427568,0.3368189244939602,0.9598059598008344,0.8078174493490337,100000,30,12,0.1,1.0,0.1,0,11,0.001,1e-06,0.001,1e-07,1.0,1e-07,adamax,0,0.0,disordered,1,0.1355767326413934,0 days 09:57:56.608079,3.752469532254029,3.861533582886195,0.0022330455977825,1.0
459,459,459,459,459,459,459,459,459,459,459,459,459,459,459,459,459,459,459,0.1692220351641035,0.1692220351641035,0.1692220351641035,0.1692220351641035,0.1692220351641035,0.1692220351641035,0.1692220351641035,0.1692220351641035,0.1692220351641035,0.1692220351641035,0.1692220351641035,0.1692220351641035,0.470378316344783,0.976973611840266,0.0935454203497259,0.2057482773012606,0.1026366442929163,0.0695400567392861,0.0451153327755615,0.9320306357227962,1.000281778337429,0.0289928778687542,0.0333768952483734,0.0285377806294037,-0.0018602171473909,-0.0025450419197923,777.0,0.0,0.1719317107004105,0.9686934129665972,0.0307187192837778,0.0080358619467846,0.1879188510763596,0.1927842792595621,0.2921068165855192,0.6030226027679964,0.92006895065972,0.4247042401612597,0.2119111778742417,0.4531602236821946,100000,30,12,0.1,1.0,0.1,0,11,0.001,1e-06,0.001,1e-07,1.0,1e-07,adamax,0,0.0,disordered,1,0.1687100354055314,0 days 09:57:56.608079,3.639859863294019,3.670571947382992,0.0018602171473909,1.0
460,460,460,460,460,460,460,460,460,460,460,460,460,460,460,460,460,460,460,0.3444087275973818,0.3444087275973818,0.3444087275973818,0.3444087275973818,0.3444087275973818,0.3444087275973818,0.3444087275973818,0.3444087275973818,0.3444087275973818,0.3444087275973818,0.3444087275973818,0.3444087275973818,1.0002033962434511,0.293198697077093,0.1640892796363566,0.1180977581398011,0.9746270001620184,0.1169947538778574,0.1166823350141378,0.1179064425098533,0.9906381058545244,0.1333202613664413,0.1446972817635913,0.6010726244047188,-0.0013487394736845,-0.0015249777962668,470.0,0.0,0.1470779049359977,0.8762897867936471,0.3317887883128524,0.5764227375061346,0.9169807566868498,0.5009288384725172,0.4685007457299357,0.6188524755980395,0.8691327568112146,0.1012588224930129,0.6814215066029333,0.3379865107847667,100000,30,12,0.1,1.0,0.1,0,11,0.001,1e-06,0.001,1e-07,1.0,1e-07,adamax,0,0.0,disordered,1,0.3495289761334587,0 days 09:57:56.608079,3.779030987275276,3.7523257794698814,0.0013487394736845,1.0
461,461,461,461,461,461,461,461,461,461,461,461,461,461,461,461,461,461,461,0.31260072430687,0.31260072430687,0.31260072430687,0.31260072430687,0.31260072430687,0.31260072430687,0.31260072430687,0.31260072430687,0.31260072430687,0.31260072430687,0.31260072430687,0.31260072430687,1.0005823573626365,0.3729923503278573,0.1063080739336493,0.1839124926724896,0.1000764960538579,0.1835718401142986,0.1553096971065492,0.1085490060513136,0.1147000363637195,0.4747175937408429,0.2890899918554823,0.317722741023876,-0.0013710202535734,-0.0014791591142708,505.0,0.0,0.1517178093126708,0.8967541234375397,0.9228173328636085,0.1385904530559727,0.4787754228691223,0.9948358555715848,0.7072735807209903,0.4051969903245617,0.1716854691798045,0.9858711779843162,0.6096803489283991,0.3879665209200317,100000,30,12,0.1,1.0,0.1,0,11,0.001,1e-06,0.001,1e-07,1.0,1e-07,adamax,0,0.0,disordered,1,0.3100743582117016,0 days 09:57:56.608079,3.731887951850585,3.820268181642808,0.0013710202535734,1.0
462,462,462,462,462,462,462,462,462,462,462,462,462,462,462,462,462,462,462,0.4180637241455752,0.4180637241455752,0.4180637241455752,0.4180637241455752,0.4180637241455752,0.4180637241455752,0.4180637241455752,0.4180637241455752,0.4180637241455752,0.4180637241455752,0.4180637241455752,0.4180637241455752,0.9684291804633955,0.6199886197418547,0.1375765440831967,0.2102203952515432,0.1378090304077999,1.0021890464924332,0.1363484166155819,0.1800066416428207,0.1398024663245327,0.1374437377653909,0.1570037440821,0.9220460410941398,-0.001225456304246,-0.0013948516776655,486.0,0.0,0.2500355601637306,0.9404668059410964,0.6521376072235384,0.0085891188599948,0.6363610871397051,0.7725858175972655,0.5018035627325417,0.1272638007658598,0.3732774687630971,0.4793865570257138,0.5407194938509718,0.0987512070074391,100000,30,12,0.1,1.0,0.1,0,11,0.001,1e-06,0.001,1e-07,1.0,1e-07,adamax,0,0.0,disordered,1,0.4213577283975429,0 days 09:57:56.608079,3.738323308430894,3.828373980490506,0.001225456304246,1.0
463,463,463,463,463,463,463,463,463,463,463,463,463,463,463,463,463,463,463,0.0977192128371799,0.0977192128371799,0.0977192128371799,0.0977192128371799,0.0977192128371799,0.0977192128371799,0.0977192128371799,0.0977192128371799,0.0977192128371799,0.0977192128371799,0.0977192128371799,0.0977192128371799,0.5184747801568361,2.276772678787818e-07,9.998372940122593e-08,1.5521460043959126e-07,0.0007839699919599,1.1041433870727589e-07,2.339962094093644e-07,0.0131376190291805,0.0529855742191191,2.34079904371787e-07,2.562272466027899e-07,0.1985055983526273,-0.002804698891687,-0.0036919163841603,10311.0,0.0,0.3407709343350764,0.4801575235355311,0.232996881211676,0.0527537177449473,0.0825315427133343,0.509202252379113,0.0155571663055458,0.1311478678785814,0.2969192347050351,0.3819749526169108,0.4383435742997197,0.4100307161082041,100000,30,12,0.1,1.0,0.1,0,11,0.001,1e-06,0.001,1e-07,1.0,1e-07,adamax,0,0.0,disordered,1,0.0979691748216087,0 days 09:57:56.608079,3.564946798084557,3.279513703436028,0.002804698891687,1.0
464,464,464,464,464,464,464,464,464,464,464,464,464,464,464,464,464,464,464,0.2747120789270809,0.2747120789270809,0.2747120789270809,0.2747120789270809,0.2747120789270809,0.2747120789270809,0.2747120789270809,0.2747120789270809,0.2747120789270809,0.2747120789270809,0.2747120789270809,0.2747120789270809,1.0015160677699435,0.444733841860875,0.2111085449065578,0.3216478271627373,0.0809254339330685,0.0770513021578745,0.0816259182760014,0.092354578118694,0.0766286791268025,0.1841432393107933,0.0941030918494133,0.2531080412167765,-0.0017072039441908,-0.0020273559353349,560.0,0.0,0.0716629581621777,0.9030142146662644,0.8509124461317861,0.3997602068332945,0.8925417306576354,0.8724594995880467,0.8818706342834474,0.2508849869347904,0.5068210554810945,0.9706803355479112,0.5215053344902167,0.8302559849842693,100000,30,12,0.1,1.0,0.1,0,11,0.001,1e-06,0.001,1e-07,1.0,1e-07,adamax,0,0.0,disordered,1,0.2751273829332859,0 days 09:57:56.608079,3.522670953114817,3.7000619327565785,0.0017072039441908,1.0
465,465,465,465,465,465,465,465,465,465,465,465,465,465,465,465,465,465,465,0.1148471547840287,0.1148471547840287,0.1148471547840287,0.1148471547840287,0.1148471547840287,0.1148471547840287,0.1148471547840287,0.1148471547840287,0.1148471547840287,0.1148471547840287,0.1148471547840287,0.1148471547840287,1.000221900555181,0.0271914634829203,0.0928913654304665,0.0093436696712781,0.0111726534779495,0.0089366757881513,0.0885310031689596,0.0107400533148497,0.012040822686063,0.295836385444262,0.0522023733918324,0.0154176356804626,-0.0024452541274172,-0.0030835166130513,1118.0,0.0,0.5402986657569018,0.8867957578259319,0.5120682298119937,0.7735731316652373,0.1149615491203647,0.596802628327166,0.0289217346996859,0.6050717355829925,0.6252034262650652,0.9275704520554352,0.16330371862566,0.932950459210245,100000,30,12,0.1,1.0,0.1,0,11,0.001,1e-06,0.001,1e-07,1.0,1e-07,adamax,0,0.0,disordered,1,0.1147624357061734,0 days 09:57:56.608079,4.469270482208368,3.745278257725031,0.0024452541274172,1.0
466,466,466,466,466,466,466,466,466,466,466,466,466,466,466,466,466,466,466,0.2414157116103016,0.2414157116103016,0.2414157116103016,0.2414157116103016,0.2414157116103016,0.2414157116103016,0.2414157116103016,0.2414157116103016,0.2414157116103016,0.2414157116103016,0.2414157116103016,0.2414157116103016,0.086298362321378,0.0503373631369033,0.0533226375209816,1.0004603918488972,0.0502665748234567,0.0717701085664811,0.0737845552814846,0.5396792909687069,0.0507178928905853,0.8585544784121362,0.0524675547556615,0.0531225831172569,-0.0015781676814487,-0.0020152238535826,679.0,0.0,0.8901376253091028,0.5636310158020906,0.0738192033744657,0.9315598975200312,0.555107633170457,0.2598344842718589,0.558448793021853,0.4629233181138372,0.0965189369829478,0.4966181532688682,0.0493171992577674,0.0854066718837814,100000,30,12,0.1,1.0,0.1,0,11,0.001,1e-06,0.001,1e-07,1.0,1e-07,adamax,0,0.0,disordered,1,0.2413181396201853,0 days 09:57:56.608079,3.7321448077119146,3.707246117993322,0.0015781676814487,1.0
467,467,467,467,467,467,467,467,467,467,467,467,467,467,467,467,467,467,467,0.2121550171362449,0.2121550171362449,0.2121550171362449,0.2121550171362449,0.2121550171362449,0.2121550171362449,0.2121550171362449,0.2121550171362449,0.2121550171362449,0.2121550171362449,0.2121550171362449,0.2121550171362449,0.1435991068567149,0.0612743790578825,0.950998576066462,0.0777588405683202,0.041725194389247,0.1417585910943802,0.9931430248601198,0.076594349312586,0.1058253683930177,1.0009654166677815,0.0865487018169385,0.0780565741384713,-0.0016177335938451,-0.0019235932280769,706.0,0.0,0.7791703076324585,0.4413755041777686,0.9674035276021284,0.7600684212099268,0.1796904010903852,0.5809064359670586,0.8322220375021512,0.2448220828064458,0.4810487683326697,0.9600160177610196,0.3950129844229094,0.3910093644577334,100000,30,12,0.1,1.0,0.1,0,11,0.001,1e-06,0.001,1e-07,1.0,1e-07,adamax,0,0.0,disordered,1,0.2093904716567715,0 days 09:57:56.608079,3.79253838964724,3.742872024807249,0.0016177335938451,1.0
468,468,468,468,468,468,468,468,468,468,468,468,468,468,468,468,468,468,468,0.2493409369951876,0.2493409369951876,0.2493409369951876,0.2493409369951876,0.2493409369951876,0.2493409369951876,0.2493409369951876,0.2493409369951876,0.2493409369951876,0.2493409369951876,0.2493409369951876,0.2493409369951876,0.9143469803370692,0.1176312984397443,0.0873036965579281,0.0975279615161794,1.0011803197213829,0.9942392896233152,0.0623358654847709,0.0657336903169281,0.0651470535947627,0.070106450658128,0.0749898359465794,0.3293204113893173,-0.001767514649315,-0.0022534745539941,605.0,0.0,0.3090302978689837,0.7845505877915102,0.5177488915231727,0.3714240135560924,0.9235630673418208,0.936238381927084,0.7047648902050764,0.1832028060730191,0.603030671514835,0.2536038843564333,0.7389025746576314,0.600595786378689,100000,30,12,0.1,1.0,0.1,0,11,0.001,1e-06,0.001,1e-07,1.0,1e-07,adamax,0,0.0,disordered,1,0.253307902096676,0 days 09:57:56.608079,4.109024331148513,3.7941340033571898,0.001767514649315,1.0
469,469,469,469,469,469,469,469,469,469,469,469,469,469,469,469,469,469,469,0.1864408533970484,0.1864408533970484,0.1864408533970484,0.1864408533970484,0.1864408533970484,0.1864408533970484,0.1864408533970484,0.1864408533970484,0.1864408533970484,0.1864408533970484,0.1864408533970484,0.1864408533970484,0.0818319476513093,0.0502857944883692,0.0692610961584627,0.9696669984511088,0.0341584905021914,0.9055899301046948,0.0385957831064838,0.0563251940560422,1.0018154679618034,0.0439760409755358,0.1720336930565394,0.0402333241547938,-0.0018915331449081,-0.0024133790298982,736.0,0.0,0.7570572020104828,0.5907240952847114,0.7010243500330174,0.9684130575940378,0.4922369914244163,0.9275204901341656,0.3613686377893196,0.2063427263171846,0.996629289698394,0.667286221375886,0.0741571161963933,0.881248939634873,100000,30,12,0.1,1.0,0.1,0,11,0.001,1e-06,0.001,1e-07,1.0,1e-07,adamax,0,0.0,disordered,1,0.1846055752306913,0 days 09:57:56.608079,4.572713351385175,3.832686387893234,0.0018915331449081,1.0
470,470,470,470,470,470,470,470,470,470,470,470,470,470,470,470,470,470,470,0.1925613572129196,0.1925613572129196,0.1925613572129196,0.1925613572129196,0.1925613572129196,0.1925613572129196,0.1925613572129196,0.1925613572129196,0.1925613572129196,0.1925613572129196,0.1925613572129196,0.1925613572129196,0.0836825160404596,0.2191123281048496,0.083454204996335,0.950912793127648,0.0366614197052407,0.9785420188286532,0.0383700789229656,0.8368269616506839,1.0015483444442226,0.0361789059443417,0.0384582779254336,0.0365876207015848,-0.0020726433309735,-0.0027689363241433,723.0,0.0,0.7200995178291671,0.0159347778510288,0.4993996647076274,0.9998558026350854,0.4078326847613062,0.9470754971397144,0.4385693605078489,0.8025595391011993,0.8643611522715854,0.5861529868949396,0.5135374428785487,0.7786139674263414,100000,30,12,0.1,1.0,0.1,0,11,0.001,1e-06,0.001,1e-07,1.0,1e-07,adamax,0,0.0,disordered,1,0.1955113853058615,0 days 09:57:56.608079,4.636452654810251,3.80041982011013,0.0020726433309735,1.0
471,471,471,471,471,471,471,471,471,471,471,471,471,471,471,471,471,471,471,0.2575263326771198,0.2575263326771198,0.2575263326771198,0.2575263326771198,0.2575263326771198,0.2575263326771198,0.2575263326771198,0.2575263326771198,0.2575263326771198,0.2575263326771198,0.2575263326771198,0.2575263326771198,0.4916131083082148,0.0838662823419584,0.0904518832733781,0.9681092116412944,1.0007484425746536,0.0909507367601684,0.8261720286404471,0.0659957125027454,0.0667026663952787,0.0658055557584899,0.8930907376989456,0.0679321282839207,-0.0017260971593991,-0.0021317038087449,592.0,0.0,0.3294104463864007,0.4803225417382838,0.4548528261292121,0.8532817978265456,0.921567785671202,0.176900909709231,0.8542513822134958,0.3488111562141596,0.4372606844742924,0.055145828599825,0.7318528353626711,0.5592732412885227,100000,30,12,0.1,1.0,0.1,0,11,0.001,1e-06,0.001,1e-07,1.0,1e-07,adamax,0,0.0,disordered,1,0.2543478140794709,0 days 09:57:56.608079,4.286570511197284,3.845503494299066,0.0017260971593991,1.0
472,472,472,472,472,472,472,472,472,472,472,472,472,472,472,472,472,472,472,0.31260072430687,0.31260072430687,0.31260072430687,0.31260072430687,0.31260072430687,0.31260072430687,0.31260072430687,0.31260072430687,0.31260072430687,0.31260072430687,0.31260072430687,0.31260072430687,0.1001193298731652,0.9456279451572523,0.9726763502546923,0.0969659727544446,0.8518886587915226,0.8520719342110513,1.0019390554143297,0.9810451886789954,0.132002322027283,0.0984544251939767,0.1088027307011275,0.3144524289777787,-0.0013703404001874,-0.0016322925971013,509.0,0.0,0.3561254802394609,0.4326205638799648,0.9092766636370226,0.1961302692774408,0.4499020887601183,0.5265325460354906,0.8556529788449271,0.9316943602598226,0.2586452226404353,0.079731208957217,0.1763118632702345,0.0574940029303201,100000,30,12,0.1,1.0,0.1,0,11,0.001,1e-06,0.001,1e-07,1.0,1e-07,adamax,0,0.0,disordered,1,0.3129304019049582,0 days 09:57:56.608079,4.419768168365137,3.88100514106808,0.0013703404001874,1.0
473,473,473,473,473,473,473,473,473,473,473,473,473,473,473,473,473,473,473,0.2337423870891812,0.2337423870891812,0.2337423870891812,0.2337423870891812,0.2337423870891812,0.2337423870891812,0.2337423870891812,0.2337423870891812,0.2337423870891812,0.2337423870891812,0.2337423870891812,0.2337423870891812,0.2026955694390138,0.106537915128836,0.3876260803987987,0.9028960932125392,0.9641910803439812,0.0595223270149434,0.0559037309755244,1.0010913798791563,0.8201374654965101,0.1195316899532457,0.0555606772115318,0.055628960874549,-0.0016899701220009,-0.0020857867614025,639.0,0.0,0.3692756956058796,0.2412400554150854,0.0001583360637968,0.8561912652023629,0.8771104169210174,0.1487175470663148,0.2565814237180059,0.9807974466026292,0.7779387287203612,0.5305321076074754,0.3340742038910339,0.5537735817030518,100000,30,12,0.1,1.0,0.1,0,11,0.001,1e-06,0.001,1e-07,1.0,1e-07,adamax,0,0.0,disordered,1,0.2352443902019645,0 days 09:57:56.608079,4.3928028399284855,3.994115005288726,0.0016899701220008,1.0
474,474,474,474,474,474,474,474,474,474,474,474,474,474,474,474,474,474,474,0.3228628202536728,0.3228628202536728,0.3228628202536728,0.3228628202536728,0.3228628202536728,0.3228628202536728,0.3228628202536728,0.3228628202536728,0.3228628202536728,0.3228628202536728,0.3228628202536728,0.3228628202536728,0.0990354473484101,0.0994027662486054,0.0994094675777607,0.1013802609844709,0.1027063996619239,0.9974135823535556,0.111037966378304,0.4599060039815327,0.7324001896379682,0.100126531087898,1.001396299427677,0.1882201637100899,-0.0013470003171417,-0.0016395077642425,516.0,0.0,0.755179315460992,0.114368136540646,0.1173263111222926,0.0709660569619977,0.2523576334423145,0.9057847636915864,0.060406081111584,0.5709291755724016,0.7774433481572746,0.381014453349313,0.9317318978627313,0.4167391333477563,100000,30,12,0.1,1.0,0.1,0,11,0.001,1e-06,0.001,1e-07,1.0,1e-07,adamax,0,0.0,disordered,1,0.3263952845809027,0 days 09:57:56.608079,4.421119353131882,4.144651373909968,0.0013470003171417,1.0
475,475,475,475,475,475,475,475,475,475,475,475,475,475,475,475,475,475,475,0.367392478180207,0.367392478180207,0.367392478180207,0.367392478180207,0.367392478180207,0.367392478180207,0.367392478180207,0.367392478180207,0.367392478180207,0.367392478180207,0.367392478180207,0.367392478180207,0.1327142660925731,0.1356381260191218,0.1337860511822565,0.1527616211728352,0.1498224762488713,0.1326780421748935,0.135881955034077,1.0023037619967372,0.1341282865770281,0.1687864830998512,0.3075168585846241,0.6997620926074453,-0.0012141981289841,-0.0013820938041492,440.0,0.0,0.8291542835035546,0.1433419578333007,0.7116079507581425,0.2373595416905221,0.432101953089105,0.5643094168885066,0.5279857101307782,0.9606665134754928,0.7911366063882921,0.0940267400653408,0.710436087155338,0.1790579110141255,100000,30,12,0.1,1.0,0.1,0,11,0.001,1e-06,0.001,1e-07,1.0,1e-07,adamax,0,0.0,disordered,1,0.3699792706983984,0 days 09:57:56.608079,3.9969090939995824,3.974876598590318,0.0012141981289841,1.0
476,476,476,476,476,476,476,476,476,476,476,476,476,476,476,476,476,476,476,0.333461801578636,0.333461801578636,0.333461801578636,0.333461801578636,0.333461801578636,0.333461801578636,0.333461801578636,0.333461801578636,0.333461801578636,0.333461801578636,0.333461801578636,0.333461801578636,0.1117296511711209,0.2386775248333449,0.2915500835736082,0.769973671204644,0.1109213296216753,0.9818153276910504,0.1105943516575339,0.9873940876414156,1.0013315089244,0.94451467665845,0.1101679374618525,0.1108938589633839,-0.0013990833980476,-0.0016936294577259,483.0,0.0,0.3657253925411833,0.0226621325884538,0.1197683377143737,0.719347623919078,0.3489145739508439,0.9655896216936398,0.5427321659462916,0.8266591679189909,0.9926375562776468,0.978734930579784,0.4888335545212123,0.5778654677138044,100000,30,12,0.1,1.0,0.1,0,11,0.001,1e-06,0.001,1e-07,1.0,1e-07,adamax,0,0.0,disordered,1,0.3365205810184657,0 days 09:57:56.608079,4.1823735176142645,3.777760068370241,0.0013990833980476,1.0
477,477,477,477,477,477,477,477,477,477,477,477,477,477,477,477,477,477,477,0.2121550171362449,0.2121550171362449,0.2121550171362449,0.2121550171362449,0.2121550171362449,0.2121550171362449,0.2121550171362449,0.2121550171362449,0.2121550171362449,0.2121550171362449,0.2121550171362449,0.2121550171362449,0.9960520380399888,0.2793629629989023,0.3025228642820944,0.1251979705720846,0.0438725115238249,0.0432893657503242,0.9939057832931648,1.001785318844305,0.0491699030775634,0.0756024540586184,0.0820393935829227,0.0461661459085905,-0.0020098300334664,-0.002551616116469,694.0,0.0,0.137083815803669,0.6488977399820093,0.3569402751842365,0.7799999831761204,0.5698587620461563,0.5532918085295625,0.7795915989881588,0.8369564573089643,0.6305299917287325,0.098059574945663,0.4939697806696594,0.8852123344178169,100000,30,12,0.1,1.0,0.1,0,11,0.001,1e-06,0.001,1e-07,1.0,1e-07,adamax,0,0.0,disordered,1,0.2113174271839531,0 days 09:57:56.608079,4.106718497373733,3.591839091503996,0.0020098300334664,1.0
478,478,478,478,478,478,478,478,478,478,478,478,478,478,478,478,478,478,478,0.1805148879221106,0.1805148879221106,0.1805148879221106,0.1805148879221106,0.1805148879221106,0.1805148879221106,0.1805148879221106,0.1805148879221106,0.1805148879221106,0.1805148879221106,0.1805148879221106,0.1805148879221106,0.0751243216924692,0.0358068830068293,0.0330049278191545,0.8407087274558784,0.0345166783589053,0.2242598462613049,0.4658532132391517,0.041246724911935,0.0342349614406226,1.001286927941316,0.0405000705819298,0.1934530521190244,-0.001885432798837,-0.0023969897091748,750.0,0.0,0.7371390638061622,0.593310820055502,0.0626312376663938,0.9740412613825372,0.0268998871928112,0.1392309437319007,0.068276396389596,0.6204465189832732,0.4824976044455001,0.9347611917994336,0.6237183284922451,0.5636332643790172,100000,30,12,0.1,1.0,0.1,0,11,0.001,1e-06,0.001,1e-07,1.0,1e-07,adamax,0,0.0,disordered,1,0.1802703783413218,0 days 09:57:56.608079,4.487882020336917,4.164537148978201,0.001885432798837,1.0
479,479,479,479,479,479,479,479,479,479,479,479,479,479,479,479,479,479,479,0.2414157116103016,0.2414157116103016,0.2414157116103016,0.2414157116103016,0.2414157116103016,0.2414157116103016,0.2414157116103016,0.2414157116103016,0.2414157116103016,0.2414157116103016,0.2414157116103016,0.2414157116103016,0.97229334987215,0.8860400612987334,0.124487177647755,0.1064594285921785,0.0581749088425866,1.00191501052883,0.6764621169072215,0.0718265329940442,0.0573774150131105,0.0567940214710071,0.0626029920296521,0.0570418501935485,-0.0017231168032065,-0.0025030745831529,626.0,0.0,0.0226832867183802,0.9537640542411704,0.4533141647801824,0.2658425192217553,0.4999977343555219,0.946000806737788,0.7558106596901004,0.1039072838468661,0.553008879960637,0.4251651805897144,0.1577192876015617,0.667404054399585,100000,30,12,0.1,1.0,0.1,0,11,0.001,1e-06,0.001,1e-07,1.0,1e-07,adamax,0,0.0,disordered,1,0.2396056157706128,0 days 09:57:56.608079,3.940691570877074,3.843848021447346,0.0017231168032065,1.0
480,480,480,480,480,480,480,480,480,480,480,480,480,480,480,480,480,480,480,0.2191196687578146,0.2191196687578146,0.2191196687578146,0.2191196687578146,0.2191196687578146,0.2191196687578146,0.2191196687578146,0.2191196687578146,0.2191196687578146,0.2191196687578146,0.2191196687578146,0.2191196687578146,1.0018001265613776,0.1303735150138436,0.0495691611719734,0.0649615005827982,0.2924803096111043,0.0480308052771726,0.0461570215020609,0.0517601762836384,0.0562624379250372,0.2775930616283606,0.0988414972167511,0.3088360825589181,-0.001827747247406,-0.0021016160060516,673.0,0.0,0.1609321342283693,0.7032443776101638,0.6075310642765898,0.2325899952372897,0.0667857961317904,0.6122596778222226,0.6030852178590124,0.3191494085193088,0.257656434143466,0.7462871487028023,0.5590418129770737,0.4505760805328354,100000,30,12,0.1,1.0,0.1,0,11,0.001,1e-06,0.001,1e-07,1.0,1e-07,adamax,0,0.0,disordered,1,0.2194306462778713,0 days 09:57:56.608079,3.597296454304755,3.648552840494196,0.001827747247406,1.0
481,481,481,481,481,481,481,481,481,481,481,481,481,481,481,481,481,481,481,0.2054117348353062,0.2054117348353062,0.2054117348353062,0.2054117348353062,0.2054117348353062,0.2054117348353062,0.2054117348353062,0.2054117348353062,0.2054117348353062,0.2054117348353062,0.2054117348353062,0.2054117348353062,1.0001956342258926,0.0675009310934006,0.5136288052245696,0.0451045149101965,0.0339144593165246,0.0636458901340008,0.2846739561022531,0.08767909707393,0.0339248353179297,0.0359099031525914,0.5226839061641586,0.0488611449194919,-0.0018895282142614,-0.0022282740112503,831.0,0.0,0.4511527664247908,0.9239768852467044,0.0145003676446708,0.8881324268587995,0.4361993291817716,0.0325399578546479,0.7023098195786367,0.1602318142272402,0.4789417905721482,0.4269567963579638,0.9315206444548928,0.6861887539108896,100000,30,12,0.1,1.0,0.1,0,11,0.001,1e-06,0.001,1e-07,1.0,1e-07,adamax,0,0.0,disordered,1,0.2048936980911675,0 days 09:57:56.608079,4.030480838282787,4.044316537301844,0.0018895282142614,1.0
482,482,482,482,482,482,482,482,482,482,482,482,482,482,482,482,482,482,482,0.1535934676510895,0.1535934676510895,0.1535934676510895,0.1535934676510895,0.1535934676510895,0.1535934676510895,0.1535934676510895,0.1535934676510895,0.1535934676510895,0.1535934676510895,0.1535934676510895,0.1535934676510895,0.316893374393865,0.1233252968598376,0.0751288477232317,3.583240818389722e-07,2.871347176313135e-07,0.1832233619903519,2.597372355220274e-07,0.6775853677941607,1.342746142060827e-07,0.5827743412919296,3.0918841127274735e-07,9.999771278438233e-08,-0.0023029727426179,-0.0026783188133747,24554.0,0.0,0.8897970999120511,0.8753478975154736,0.6777346181201297,0.90319524593537,0.199217838031007,0.7843657301576155,0.6484874063229421,0.9414595995183416,0.6613685750141448,0.6960798619141726,0.5280781247525055,0.6562230306091649,100000,30,12,0.1,1.0,0.1,0,11,0.001,1e-06,0.001,1e-07,1.0,1e-07,adamax,0,0.0,disordered,1,0.1535017143891411,0 days 09:57:56.608079,3.2369286302603046,3.312282818872904,0.0023029727426179,1.0
483,483,483,483,483,483,483,483,483,483,483,483,483,483,483,483,483,483,483,0.1747772774464679,0.1747772774464679,0.1747772774464679,0.1747772774464679,0.1747772774464679,0.1747772774464679,0.1747772774464679,0.1747772774464679,0.1747772774464679,0.1747772774464679,0.1747772774464679,0.1747772774464679,0.146997417252175,0.584821612832261,0.640452059323745,0.0586824939089187,0.2435823409310781,0.5207068294585048,1.0010966684444471,0.0298443556197506,0.0297545453839432,0.0322948104249618,0.2356224677313788,0.0297271467748904,-0.001883326188398,-0.0024525463304325,771.0,0.0,0.5672203053707893,0.1791782058925952,0.1280333828056958,0.5428016341306184,0.5638904250123087,0.8226444866215767,0.7895322860633808,0.7825154795956952,0.6516774537694776,0.3482302615205167,0.0026343663339742,0.8895558334460113,100000,30,12,0.1,1.0,0.1,0,11,0.001,1e-06,0.001,1e-07,1.0,1e-07,adamax,0,0.0,disordered,1,0.1733151850524828,0 days 09:57:56.608079,3.912670025408117,3.751824695212016,0.001883326188398,1.0
484,484,484,484,484,484,484,484,484,484,484,484,484,484,484,484,484,484,484,0.2414157116103016,0.2414157116103016,0.2414157116103016,0.2414157116103016,0.2414157116103016,0.2414157116103016,0.2414157116103016,0.2414157116103016,0.2414157116103016,0.2414157116103016,0.2414157116103016,0.2414157116103016,0.3604488920938641,0.2019921795047599,0.3432418917266403,0.0722159259588829,0.0772499774832335,0.0662861900921848,0.0581405447068475,0.9851156850092986,0.0658111179553398,1.0018182493119867,0.1478950819426897,0.0660098278354159,-0.001525863059458,-0.0019538400010399,621.0,0.0,0.7176355130265967,0.930257834394464,0.7101898209887555,0.0102627377740803,0.1174155870597191,0.1795380272559462,0.3440912480742941,0.4985350146341423,0.2345977324718854,0.996744755122984,0.0286529124161153,0.4329269989624981,100000,30,12,0.1,1.0,0.1,0,11,0.001,1e-06,0.001,1e-07,1.0,1e-07,adamax,0,0.0,disordered,1,0.2417960356854548,0 days 09:57:56.608079,4.140397609236249,4.123047258000875,0.001525863059458,1.0
485,485,485,485,485,485,485,485,485,485,485,485,485,485,485,485,485,485,485,0.3919100249433399,0.3919100249433399,0.3919100249433399,0.3919100249433399,0.3919100249433399,0.3919100249433399,0.3919100249433399,0.3919100249433399,0.3919100249433399,0.3919100249433399,0.3919100249433399,0.3919100249433399,0.9140301028460672,0.3972784127579216,0.4661950745835584,0.4197792094152983,0.4419102812697748,0.2478797727540205,0.0823802904537917,0.0332150669262935,0.0678407447544981,0.0323708496322924,0.0480520680339155,1.000007676278015,-0.0012652984210239,-0.0014281597709333,1144.0,0.0,0.3937998656151162,0.7545407244066544,0.4503692892721964,0.0994137635863727,0.3416856101095349,0.6807932640255311,0.8620167336440742,0.8928341097651193,0.2642037554386612,0.890180363817954,0.9231419052470908,0.4597422857480402,100000,30,12,0.1,1.0,0.1,0,11,0.001,1e-06,0.001,1e-07,1.0,1e-07,adamax,0,0.0,disordered,1,0.394669691511984,0 days 09:57:56.608079,3.56276132525881,3.851404237275933,0.0012652984210239,1.0
486,486,486,486,486,486,486,486,486,486,486,486,486,486,486,486,486,486,486,0.3444087275973818,0.3444087275973818,0.3444087275973818,0.3444087275973818,0.3444087275973818,0.3444087275973818,0.3444087275973818,0.3444087275973818,0.3444087275973818,0.3444087275973818,0.3444087275973818,0.3444087275973818,0.3207447891048872,0.2240043364150519,0.6215791481687918,0.0104659954255721,1.0022169528540446,0.0063295845167375,0.0220152411564305,0.0069584988590971,0.2457703849205052,0.6030500650710071,0.0129414912776742,0.7340263356571761,-0.0013006964119811,-0.0014415809452299,1730.0,0.0,0.4281232401409061,0.3826174233499158,0.6669389450730641,0.9798546545522298,0.7063168939058431,0.5120804824345455,0.295170176040476,0.9413704114140174,0.6144317985370988,0.8539510310694388,0.5509919645317711,0.2696837275858426,100000,30,12,0.1,1.0,0.1,0,11,0.001,1e-06,0.001,1e-07,1.0,1e-07,adamax,0,0.0,disordered,1,0.3432796431637214,0 days 09:57:56.608079,3.7695825411860966,3.689409235359231,0.0013006964119811,1.0
487,487,487,487,487,487,487,487,487,487,487,487,487,487,487,487,487,487,487,0.0858751948484516,0.0858751948484516,0.0858751948484516,0.0858751948484516,0.0858751948484516,0.0858751948484516,0.0858751948484516,0.0858751948484516,0.0858751948484516,0.0858751948484516,0.0858751948484516,0.0858751948484516,0.6679487193033786,9.598862188040128e-06,0.02194012652215,0.0194056709496147,7.227128730006412e-07,3.271327767623772e-07,4.6982143355840003e-07,2.3301538849892e-07,6.111483924975257e-07,0.0153726465009156,2.3315368445654733e-05,0.1598238537250413,-0.0023451985220817,-0.0029580265527638,7919.0,1.0,0.799997343997556,0.9739165967910208,0.3619579210134713,0.7832545350956869,0.3796811469478616,0.8005184078997508,0.1987976862911429,0.7236161689856554,0.9197242271809284,0.3286536768898924,0.0372020220714667,0.9398757066376384,100000,30,12,0.1,1.0,0.1,0,11,0.001,1e-06,0.001,1e-07,1.0,1e-07,adamax,0,0.0,disordered,1,0.0849225532263967,0 days 09:57:56.608079,3.736323555496987,3.7941859689136095,0.0023451985220817,1.0
488,488,488,488,488,488,488,488,488,488,488,488,488,488,488,488,488,488,488,0.1349772330233941,0.1349772330233941,0.1349772330233941,0.1349772330233941,0.1349772330233941,0.1349772330233941,0.1349772330233941,0.1349772330233941,0.1349772330233941,0.1349772330233941,0.1349772330233941,0.1349772330233941,0.4376830092986932,0.6431572795731034,0.7160296130259896,0.3712101863180939,4.422083594989645e-05,0.0001175017993007,0.225962353218765,1.1687022559263304e-05,0.3491841527997315,0.0169595480196538,1.995744925539921e-05,2.59005837740645e-05,-0.0027584314119119,-0.0034232827380654,7609.0,1.0,0.5616296532373843,0.2403725752353733,0.0417902695619176,0.3446340232909837,0.5680709352972134,0.515183812562731,0.3151414277139536,0.6151674473762566,0.7717489201344195,0.4045809758220061,0.7253494477697275,0.9391036118184832,100000,30,12,0.1,1.0,0.1,0,11,0.001,1e-06,0.001,1e-07,1.0,1e-07,adamax,0,0.0,disordered,1,0.1345647706935546,0 days 09:57:56.608079,3.772686110902104,3.651616973731446,0.0027584314119119,1.0
489,489,489,489,489,489,489,489,489,489,489,489,489,489,489,489,489,489,489,0.4459627626819087,0.4459627626819087,0.4459627626819087,0.4459627626819087,0.4459627626819087,0.4459627626819087,0.4459627626819087,0.4459627626819087,0.4459627626819087,0.4459627626819087,0.4459627626819087,0.4459627626819087,1.000174270648426,0.6246926395392385,0.3800119700985999,0.2478608959660126,0.2033898910376617,0.2334504879951332,0.1863045245959599,0.1888830588009533,0.21686085215422,0.1895422125382034,0.3083025516236291,0.9125443391497278,-0.0010784251291529,-0.0011759109463979,378.0,0.0,0.0985926528911563,0.2108116888655306,0.6369484962093364,0.7255276743820045,0.8767298968811298,0.3167229488791921,0.8205293585788253,0.9827427779920296,0.1407934529581205,0.9404062634838704,0.8743690913798847,0.3048492670131113,100000,30,12,0.1,1.0,0.1,0,11,0.001,1e-06,0.001,1e-07,1.0,1e-07,adamax,0,0.0,disordered,1,0.44656502552683,0 days 09:57:56.608079,3.496836734125278,3.748675491400564,0.0010784251291529,1.0
490,490,490,490,490,490,490,490,490,490,490,490,490,490,490,490,490,490,490,0.1864408533970484,0.1864408533970484,0.1864408533970484,0.1864408533970484,0.1864408533970484,0.1864408533970484,0.1864408533970484,0.1864408533970484,0.1864408533970484,0.1864408533970484,0.1864408533970484,0.1864408533970484,0.269693515556523,0.0418242548011971,0.0561720142919809,0.079515661169097,0.1864231401101025,0.197659752896124,1.002110983249659,0.0426877435628304,0.7882543362666399,0.0608788051628057,0.0701458747754188,0.1310034963370388,-0.0020824467004777,-0.0023404349236815,730.0,0.0,0.6145896220331847,0.615737034421334,0.1230384121512542,0.3740582604451449,0.3392535142368578,0.7802682274627909,0.9628732102721804,0.0502871393856284,0.8308844541150153,0.5992114957487431,0.7383903322259817,0.7133793185509453,100000,30,12,0.1,1.0,0.1,0,11,0.001,1e-06,0.001,1e-07,1.0,1e-07,adamax,0,0.0,disordered,1,0.1885326445329425,0 days 09:57:56.608079,4.153989994322655,3.842912070426564,0.0020824467004777,1.0
491,491,491,491,491,491,491,491,491,491,491,491,491,491,491,491,491,491,491,0.1925613572129196,0.1925613572129196,0.1925613572129196,0.1925613572129196,0.1925613572129196,0.1925613572129196,0.1925613572129196,0.1925613572129196,0.1925613572129196,0.1925613572129196,0.1925613572129196,0.1925613572129196,0.2080194421689957,0.0571231414616106,0.0367402109903518,1.0014337931361572,0.0523753357573092,0.1654009881647025,0.045349790109542,0.0355649866872964,0.0363920336861332,0.0429391196234499,0.3437135058128229,0.1048260818621213,-0.0020720162330862,-0.0023269876168419,728.0,0.0,0.7801329615803527,0.7391632969455101,0.4082365160640961,0.922665412092793,0.2785954786268865,0.8452052320111841,0.6108044477250615,0.0747661923734003,0.5481698481112269,0.1509715887844878,0.8161648865616052,0.6614022898719162,100000,30,12,0.1,1.0,0.1,0,11,0.001,1e-06,0.001,1e-07,1.0,1e-07,adamax,0,0.0,disordered,1,0.1917528543499204,0 days 09:57:56.608079,3.963630573257869,3.9200090543746007,0.0020720162330862,1.0
492,492,492,492,492,492,492,492,492,492,492,492,492,492,492,492,492,492,492,0.2121550171362449,0.2121550171362449,0.2121550171362449,0.2121550171362449,0.2121550171362449,0.2121550171362449,0.2121550171362449,0.2121550171362449,0.2121550171362449,0.2121550171362449,0.2121550171362449,0.2121550171362449,0.4717107679562843,0.1649983405709664,1.000599085457011,0.046984593355894,0.9458314120455972,0.9921520945310388,0.0440240218309413,0.0453817915334999,0.0467797518830752,0.0465906850448523,0.0512796864291941,0.2545182758091001,-0.001774685497662,-0.0021285531061065,684.0,0.0,0.6981847229478623,0.90548660852674,0.9310054513217976,0.7576629370816018,0.916946471129361,0.9626762845967882,0.8339234140548013,0.0829648110269285,0.2380051220448843,0.7959494278392343,0.2994588670545705,0.7091862281603661,100000,30,12,0.1,1.0,0.1,0,11,0.001,1e-06,0.001,1e-07,1.0,1e-07,adamax,0,0.0,disordered,1,0.2121185942757925,0 days 09:57:56.608079,3.7309729853851614,3.674555456272626,0.001774685497662,1.0
493,493,493,493,493,493,493,493,493,493,493,493,493,493,493,493,493,493,493,0.2121550171362449,0.2121550171362449,0.2121550171362449,0.2121550171362449,0.2121550171362449,0.2121550171362449,0.2121550171362449,0.2121550171362449,0.2121550171362449,0.2121550171362449,0.2121550171362449,0.2121550171362449,0.8187385132502665,0.3537526943440729,0.7086006065421631,0.0455561160378814,0.0650210519077894,0.2455843379053295,0.0464327237254696,0.0494418013908697,1.001764304596357,0.2719674149823587,0.084335009589446,0.1647920384266338,-0.0017906691483376,-0.0020004505694061,683.0,0.0,0.3668832034832454,0.6163951534534049,0.9963415584102784,0.7958607784605288,0.374949477986659,0.0592309482319466,0.6940682256143149,0.4883923393747944,0.9465673358770637,0.7915344389009975,0.6134193977519604,0.5761914292839605,100000,30,12,0.1,1.0,0.1,0,11,0.001,1e-06,0.001,1e-07,1.0,1e-07,adamax,0,0.0,disordered,1,0.2098183931690756,0 days 09:57:56.608079,3.671654872331556,3.6529423621641,0.0017906691483376,1.0
494,494,494,494,494,494,494,494,494,494,494,494,494,494,494,494,494,494,494,0.0977192128371799,0.0977192128371799,0.0977192128371799,0.0977192128371799,0.0977192128371799,0.0977192128371799,0.0977192128371799,0.0977192128371799,0.0977192128371799,0.0977192128371799,0.0977192128371799,0.0977192128371799,0.1398205303158753,0.0168421895250906,0.0215208910037069,1.0008218025374658,0.0173210231335021,0.0104355732508801,0.0944645409979398,0.0115365012602175,0.0094170695757394,0.0095924396549908,0.0129773829262051,0.0095383505916153,-0.003193952078663,-0.0051105731309572,1013.0,0.0,0.6789525182142064,0.6272934215258565,0.2225776035200455,0.8393711502554573,0.3067638431943043,0.1842307100572533,0.3568542352760572,0.558589465836187,0.3897997292682356,0.0764226586737343,0.5828349493575802,0.744290071687234,100000,30,12,0.1,1.0,0.1,0,11,0.001,1e-06,0.001,1e-07,1.0,1e-07,adamax,0,0.0,disordered,1,0.0988808097913278,0 days 09:57:56.608079,4.50784704833521,4.148581704144286,0.003193952078663,1.0
495,495,495,495,495,495,495,495,495,495,495,495,495,495,495,495,495,495,495,0.2493409369951876,0.2493409369951876,0.2493409369951876,0.2493409369951876,0.2493409369951876,0.2493409369951876,0.2493409369951876,0.2493409369951876,0.2493409369951876,0.2493409369951876,0.2493409369951876,0.2493409369951876,0.0812486717105933,0.058421971901433,0.0952778167972004,0.0593882730249969,0.5491464732813279,0.0610741209306247,0.0705650212764813,1.0014981809002164,0.0801168530100425,0.8318070694185952,0.0920351128659853,0.1473095995643644,-0.0017473935458204,-0.0020277705744584,638.0,0.0,0.9127079982544666,0.0222840237082316,0.2954126329471376,0.2093078830887529,0.4567925929692461,0.1312117020589208,0.4334551708785353,0.6576695860099616,0.1854528816467041,0.7703435978534116,0.069092282598041,0.472199049063251,100000,30,12,0.1,1.0,0.1,0,11,0.001,1e-06,0.001,1e-07,1.0,1e-07,adamax,0,0.0,disordered,1,0.2503179720445234,0 days 09:57:56.608079,4.509042405424745,4.309839205683627,0.0017473935458204,1.0
496,496,496,496,496,496,496,496,496,496,496,496,496,496,496,496,496,496,496,0.4913407286296357,0.4913407286296357,0.4913407286296357,0.4913407286296357,0.4913407286296357,0.4913407286296357,0.4913407286296357,0.4913407286296357,0.4913407286296357,0.4913407286296357,0.4913407286296357,0.4913407286296357,0.671841285055967,0.1772258717178129,0.2827936769154519,0.2469594474412745,0.1757502920999333,0.1709382013533674,0.2061057310634882,0.1705068376228915,0.172639895296253,0.2369653904729395,0.5194390948590405,1.000484264591797,-0.0009352042710413,-0.0010410454703011,457.0,0.0,0.6312166243975261,0.9123571199606536,0.3550780741605263,0.0643741100520589,0.813136186851187,0.8791268861887086,0.4378610281610287,0.800773722196821,0.900861959426306,0.1277661680685139,0.8808733530526761,0.0100175064669424,100000,30,12,0.1,1.0,0.1,0,11,0.001,1e-06,0.001,1e-07,1.0,1e-07,adamax,0,0.0,disordered,1,0.4950727976478674,0 days 09:57:56.608079,3.740862269392444,3.917482852889117,0.0009352042710413,1.0
497,497,497,497,497,497,497,497,497,497,497,497,497,497,497,497,497,497,497,0.3026648059395688,0.3026648059395688,0.3026648059395688,0.3026648059395688,0.3026648059395688,0.3026648059395688,0.3026648059395688,0.3026648059395688,0.3026648059395688,0.3026648059395688,0.3026648059395688,0.3026648059395688,0.1176449283172267,0.1520046370668739,0.7403629015208479,0.3572354315131653,1.0006736795719056,0.3270823813624274,0.3991795852799643,0.5745094484840367,0.1693157366115798,0.7924964282084761,0.0844904963181545,0.078337669534779,-0.0014815363915888,-0.0016093573685122,612.0,0.0,0.4014933915280007,0.4324948073372383,0.7832085810619104,0.9016307158403836,0.9427131396948296,0.6555012706612967,0.9081960871994283,0.8002141169495733,0.0799044418813251,0.8599441764117751,0.322144505857221,0.5044097438344656,100000,30,12,0.1,1.0,0.1,0,11,0.001,1e-06,0.001,1e-07,1.0,1e-07,adamax,0,0.0,disordered,1,0.3051361502514986,0 days 09:57:56.608079,4.231802297641955,3.66354653552184,0.0014815363915888,1.0
498,498,498,498,498,498,498,498,498,498,498,498,498,498,498,498,498,498,498,0.2054117348353062,0.2054117348353062,0.2054117348353062,0.2054117348353062,0.2054117348353062,0.2054117348353062,0.2054117348353062,0.2054117348353062,0.2054117348353062,0.2054117348353062,0.2054117348353062,0.2054117348353062,1.000740707197694,0.4035784680162899,0.29140179118532,0.0872954629502172,0.8376457578135117,0.0668263762958413,0.0532510347434114,0.2528272332979455,0.0868642916626267,0.0413652550521881,0.0450078647053027,0.0535527024497344,-0.0019206437835248,-0.0024357369253699,800.0,0.0,0.0773450414378695,0.7104655125678447,0.5761360733205647,0.5799188748033306,0.6788512391507177,0.4705026828840426,0.1974968012269007,0.3515610349489242,0.270068114586571,0.2118380149530614,0.1307494240192599,0.2762023848073549,100000,30,12,0.1,1.0,0.1,0,11,0.001,1e-06,0.001,1e-07,1.0,1e-07,adamax,0,0.0,disordered,1,0.2077985822791367,0 days 09:57:56.608079,3.258311274330317,3.501401273713671,0.0019206437835248,1.0
499,499,499,499,499,499,499,499,499,499,499,499,499,499,499,499,499,499,499,0.2414157116103016,0.2414157116103016,0.2414157116103016,0.2414157116103016,0.2414157116103016,0.2414157116103016,0.2414157116103016,0.2414157116103016,0.2414157116103016,0.2414157116103016,0.2414157116103016,0.2414157116103016,0.7313071572711858,0.4009920031419022,0.0916562177315255,0.0697815214655784,0.2284300428026099,0.3247242510614064,0.0691643507503075,0.061482789163806,1.0001240087709462,0.6970425856946328,0.0621944835684853,0.0590227789354989,-0.0016578580316103,-0.0019218366683289,616.0,0.0,0.3208989595444518,0.7092323247596958,0.9113916176316118,0.2461115186053321,0.5680958889695271,0.7262215002594852,0.2529690586614143,0.4881431124453288,0.8953193414215207,0.74688211630536,0.3782351860132924,0.4488508275133518,100000,30,12,0.1,1.0,0.1,0,11,0.001,1e-06,0.001,1e-07,1.0,1e-07,adamax,0,0.0,disordered,1,0.244611629443884,0 days 09:57:56.608079,3.7236922242770767,3.673208615161759,0.0016578580316103,1.0
