,Unnamed: 0.2,Unnamed: 0.1,Unnamed: 0,Gamma0_1,Gamma0_2,Gamma0_3,Gamma0_4,Gamma0_5,Gamma0_6,Gamma0_7,Gamma0_8,Gamma0_9,Gamma0_10,Gamma0_11,Gamma0_12,Gamma0_13,Gamma0_14,Gamma1,Gamma2,Gamma3,Gamma4,Gamma5,Gamma6,Gamma7,Gamma8,Gamma9,Gamma10,Gamma11,Gamma12,Gamma13,Gamma14,eta0,eta,count,success,e1,e2,e3,e4,e5,e6,e7,e8,e9,e10,e11,e12,e13,e14,max_iter,min_iter,N,Jmax,alpha,gleak,ex,lk,rate,minGg,maxGg,minGo,maxGo,tol,optim,exfix,exval,profile,seed,Gamma,runtime,ueta,cohlength,ucohlength
0,0,0,0,0.367392478180207,0.367392478180207,0.367392478180207,0.367392478180207,0.367392478180207,0.367392478180207,0.367392478180207,0.367392478180207,0.367392478180207,0.367392478180207,0.367392478180207,0.367392478180207,0.367392478180207,0.367392478180207,0.1837318954970093,0.6355451058732997,0.7348308151991286,0.8279233506970849,0.3051756636831887,0.000243710178792,0.5567030464875825,0.0003557395266188,0.2306624198255352,0.8318172903572173,0.3518899417084642,0.0483429468641654,0.2957578967696196,0.3824820456873791,-0.0002502260459305,-0.0002811937314252,6579.0,1.0,0.5118216247002567,0.9504636963259352,0.1441596127196337,0.948649447137244,0.3118314520104854,0.4233264489725756,0.8277025938204418,0.4091991363691613,0.5495936876730595,0.0275591132430683,0.7535131086748066,0.5381433132192782,0.3297317164990921,0.7884287034284043,100000,30,14,0.1,5.0,0.1,0,13,0.001,1e-06,0.001,1e-07,1.0,1e-08,adamax,0,0.0,disordered,1,0.369406748697179,0 days 16:21:07.613160,0.0002502281968934,1.600130411592075,1.3770709380104478
1,1,1,1,0.2575263326771198,0.2575263326771198,0.2575263326771198,0.2575263326771198,0.2575263326771198,0.2575263326771198,0.2575263326771198,0.2575263326771198,0.2575263326771198,0.2575263326771198,0.2575263326771198,0.2575263326771198,0.2575263326771198,0.2575263326771198,0.8119514753291863,0.0001128041308344,9.006187453595821e-05,0.0013179008395345,0.4468171338788783,8.340672842781002e-06,0.3454923339112191,7.621812491455126e-06,0.788060352124942,0.0201649632920759,0.0008483269290838,0.4118858291386011,0.0002598294813065,0.4358366390862203,-0.0003698179393668,-0.0004304551225941,7030.0,1.0,0.303194829291645,0.4534978894806515,0.1340416972471647,0.4031129864471292,0.2034552406761496,0.2623133404418495,0.7503646726300526,0.2804087579860399,0.485190974431635,0.9807371998012386,0.9616571936637868,0.7247899407735336,0.5412268555474342,0.2768912040453708,100000,30,14,0.1,5.0,0.1,0,13,0.001,1e-06,0.001,1e-07,1.0,1e-08,adamax,0,0.0,disordered,1,0.254884543669443,0 days 16:21:07.613160,0.0003698323148416,1.8315231770870846,1.455191572790705
2,2,2,2,0.3919100249433399,0.3919100249433399,0.3919100249433399,0.3919100249433399,0.3919100249433399,0.3919100249433399,0.3919100249433399,0.3919100249433399,0.3919100249433399,0.3919100249433399,0.3919100249433399,0.3919100249433399,0.3919100249433399,0.3919100249433399,0.672582466474043,1.0001857385325792,0.0187918669990094,0.526944464264547,0.0223531199069632,0.0328289702843065,0.0233630493724215,0.5937075798000702,0.9304510843959962,0.0157249153079394,0.0308280609634022,0.666582258400124,0.0217754337333668,0.2258664338165461,-0.000249926322048,-0.0003182981358137,1397.0,0.0,0.1606520087751268,0.9699254132161326,0.5160685855478787,0.1158656124707703,0.6234897555375004,0.776683114342298,0.6130033010530405,0.9172977047909028,0.0395928766642028,0.5285892632600216,0.4593358828854037,0.0623495791498756,0.641328169139375,0.8526328384806567,100000,30,14,0.1,5.0,0.1,0,13,0.001,1e-06,0.001,1e-07,1.0,1e-08,adamax,0,0.0,disordered,1,0.3889327352970548,0 days 16:21:07.613160,0.0002499316923405,2.1583242098542503,1.2946301162352143
3,3,3,3,0.3557150206821381,0.3557150206821381,0.3557150206821381,0.3557150206821381,0.3557150206821381,0.3557150206821381,0.3557150206821381,0.3557150206821381,0.3557150206821381,0.3557150206821381,0.3557150206821381,0.3557150206821381,0.3557150206821381,0.3557150206821381,0.1696182388792263,0.4690273187360464,0.5180234424291293,0.000970287105738,0.1414215464295623,8.737715609613434e-05,0.4110257216282234,0.0002019840884089,0.0001993566285018,3.48505921052793e-05,0.3427683868105896,0.0018156003802594,1.0000727087071293,0.0003586621166448,-0.0002482074908991,-0.0003657272877378,5271.0,0.0,0.592941018104284,0.2600974477372232,0.8398815210314088,0.5094958815215094,0.510888884466533,0.7530302077021779,0.1479220357849565,0.819626719119277,0.6832869060032571,0.787096941554801,0.1916162590201352,0.80236416113453,0.1913239260572002,0.0815526173635127,100000,30,14,0.1,5.0,0.1,0,13,0.001,1e-06,0.001,1e-07,1.0,1e-08,adamax,0,0.0,disordered,1,0.3568092266833319,0 days 16:21:07.613160,0.0002482079849229,2.7185022122098017,1.390440223902899
4,4,4,4,0.293044697697214,0.293044697697214,0.293044697697214,0.293044697697214,0.293044697697214,0.293044697697214,0.293044697697214,0.293044697697214,0.293044697697214,0.293044697697214,0.293044697697214,0.293044697697214,0.293044697697214,0.293044697697214,6.910585851088988e-05,5.6285686270598855e-05,0.0001131748615354,0.5678590857718363,0.0001025594433061,0.755860159549994,0.2427015996583858,7.479077202711885e-05,0.6694230957971633,0.1296178579875699,0.0538369167104031,0.5506814585853739,0.0001546801803816,0.1903750307501245,-0.0003437209967491,-0.000395159638963,7386.0,1.0,0.8552269742870702,0.8612834961776684,0.8765370964165805,0.4719097193587902,0.2740483886137183,0.0070918286031662,0.6457208955749478,0.719909383508693,0.8355692165002742,0.2818778273645421,0.2152181671629736,0.6393313800665879,0.8050548331450097,0.9636708728449708,100000,30,14,0.1,5.0,0.1,0,13,0.001,1e-06,0.001,1e-07,1.0,1e-08,adamax,0,0.0,disordered,1,0.289739979871109,0 days 16:21:07.613160,0.0003437401713018,1.3660359037714,1.3121854500066572
5,5,5,5,0.3026648059395688,0.3026648059395688,0.3026648059395688,0.3026648059395688,0.3026648059395688,0.3026648059395688,0.3026648059395688,0.3026648059395688,0.3026648059395688,0.3026648059395688,0.3026648059395688,0.3026648059395688,0.3026648059395688,0.3026648059395688,0.4559231105863686,0.2568134943988502,0.617751236702132,0.1168925550634409,2.908881713743375e-05,0.4652907768241424,4.9782262797936216e-05,0.2075646604415098,0.008738047085642,0.1329277411076659,0.099838816315999,0.6267658893279217,0.1175806559478053,0.872548499821642,-0.0002786059785855,-0.0003338519517305,6649.0,1.0,0.1505248304211774,0.4822123881993365,0.8947158621961735,0.4227169069454373,0.5895020620840481,0.0244906774933632,0.6734598871529389,0.9190886196338224,0.8268253295567211,0.8855202667099468,0.6603553805205233,0.2455522672431775,0.7685169988962544,0.2116747426075105,100000,30,14,0.1,5.0,0.1,0,13,0.001,1e-06,0.001,1e-07,1.0,1e-08,adamax,0,0.0,disordered,1,0.3071099235888495,0 days 16:21:07.613160,0.0002786194011069,2.054224723747799,1.3846318249431784
6,6,6,6,0.2837303616516209,0.2837303616516209,0.2837303616516209,0.2837303616516209,0.2837303616516209,0.2837303616516209,0.2837303616516209,0.2837303616516209,0.2837303616516209,0.2837303616516209,0.2837303616516209,0.2837303616516209,0.2837303616516209,0.2837303616516209,0.0006751778794572,0.9895416356122452,0.6017597817340614,0.3886517461338705,8.544377057848617e-05,0.0002148340381275,0.5488260885896534,0.2487672704638717,0.0001187707203785,0.4086537667588911,0.0509519473649937,0.0592325802218769,0.4237688775979937,0.3208119809676026,-0.0003058544630997,-0.0003437050918761,6146.0,1.0,0.8312748346644612,0.0627179225707682,0.8254878133935558,0.1645072664741013,0.3751469964966418,0.3167381665569643,0.6913370352777413,0.1785718781743719,0.3962561622169864,0.0058245951079809,0.2624947127501015,0.4211888142289552,0.1059212367073244,0.6331599460365578,100000,30,14,0.1,5.0,0.1,0,13,0.001,1e-06,0.001,1e-07,1.0,1e-08,adamax,0,0.0,disordered,1,0.2794577340471711,0 days 16:21:07.613160,0.0003058728663921,2.002316823900393,1.4712729381954817
7,7,7,7,0.3794532847236935,0.3794532847236935,0.3794532847236935,0.3794532847236935,0.3794532847236935,0.3794532847236935,0.3794532847236935,0.3794532847236935,0.3794532847236935,0.3794532847236935,0.3794532847236935,0.3794532847236935,0.3794532847236935,0.3794532847236935,0.5391062205596442,0.1274787383781731,0.1363270290976228,0.3573028046610533,0.1935816061532614,0.1397910984527591,0.2759968106729445,0.2885773838347993,0.1368926695485361,0.4795301047542444,1.00055762265225,0.2348027025162348,0.1373804597300227,0.1594037427600511,-0.0002529446031305,-0.0003053627067623,521.0,0.0,0.3804242698865323,0.7252939380762389,0.6538660110683944,0.4312267487774062,0.8673205056421992,0.632135117500167,0.8102743521062991,0.341794723940113,0.5436692896684556,0.1962968851147534,0.996141190118628,0.2432154643063271,0.2568674672271027,0.0731900723909659,100000,30,14,0.1,5.0,0.1,0,13,0.001,1e-06,0.001,1e-07,1.0,1e-08,adamax,0,0.0,disordered,1,0.3836097436607358,0 days 16:21:07.613160,0.0002529557078077,1.5639083259864894,1.3264737351786224
8,8,8,8,0.1747772774464679,0.1747772774464679,0.1747772774464679,0.1747772774464679,0.1747772774464679,0.1747772774464679,0.1747772774464679,0.1747772774464679,0.1747772774464679,0.1747772774464679,0.1747772774464679,0.1747772774464679,0.1747772774464679,0.1747772774464679,1.000000709504926,0.0047686258393883,0.3786515842888691,0.4278493122597203,0.2321603661125393,0.0006273147614678,0.0804391397354669,0.0008197678756094,0.3712184184051066,0.0031384915898458,0.4708108832706523,0.0041663142775981,0.0017707782833151,0.0017701522151504,-0.0004997640812034,-0.0006179087037307,3436.0,0.0,0.2578031189967366,0.7631285325440532,0.6978935706830813,0.1286732123171694,0.3762385014280942,0.4209213946174629,0.6649842463619607,0.4559289630437488,0.5865183268255314,0.8396846036089424,0.7264736103123705,0.3650072635085589,0.4483963093444842,0.3676995696900066,100000,30,14,0.1,5.0,0.1,0,13,0.001,1e-06,0.001,1e-07,1.0,1e-08,adamax,0,0.0,disordered,1,0.176684532666543,0 days 16:21:07.613160,0.0004997834815046,1.7871685744435057,1.630883295635313
9,9,9,9,0.1487115462808952,0.1487115462808952,0.1487115462808952,0.1487115462808952,0.1487115462808952,0.1487115462808952,0.1487115462808952,0.1487115462808952,0.1487115462808952,0.1487115462808952,0.1487115462808952,0.1487115462808952,0.1487115462808952,0.1487115462808952,0.1488251804265406,0.1237226094039538,0.0432600700630086,1.5012652660124473e-06,0.0256093636189408,0.4245668089338421,0.2946630945030716,4.168374254259116e-07,2.0237275850367962e-07,7.773166273297853e-07,0.2080177829019745,0.1177920377345089,0.2641560244637178,0.0166746494588448,-0.0005481857040973,-0.0006356512552665,100000.0,0.0,0.1097346640066967,0.2032415440873966,0.2838064889441311,0.3141338956023022,0.3130478588199377,0.576699716252952,0.9716899756197548,0.774664134923732,0.7911339481728052,0.75926850053958,0.5969877305237564,0.9176922571709129,0.689630155447081,0.500356430736871,100000,30,14,0.1,5.0,0.1,0,13,0.001,1e-06,0.001,1e-07,1.0,1e-08,adamax,0,0.0,disordered,1,0.1467705755301628,0 days 16:21:07.613160,0.0005482112811913,1.6031767085234931,1.6104804635449268
10,10,10,10,0.4180637241455752,0.4180637241455752,0.4180637241455752,0.4180637241455752,0.4180637241455752,0.4180637241455752,0.4180637241455752,0.4180637241455752,0.4180637241455752,0.4180637241455752,0.4180637241455752,0.4180637241455752,0.4180637241455752,0.4180637241455752,0.3408476187503736,0.3582759118867216,0.0985761420493235,0.1426792742354927,0.5064639857514368,0.0527702377802897,0.4109017134094984,0.065875840777281,0.3020107986996339,0.4776718142765728,1.0001066416970978,0.0847976649033603,0.0978153473441064,0.8353628528268877,-0.0002367549643803,-0.0002715388380475,936.0,0.0,0.0770838085005387,0.4884492270855238,0.2128309953403343,0.1326962975467872,0.506064922529373,0.785085292596959,0.2950064428055194,0.7687717599091665,0.5256295231622541,0.1490480233707125,0.9649677439797356,0.4016362238885175,0.2952342556626958,0.8469983706337296,100000,30,14,0.1,5.0,0.1,0,13,0.001,1e-06,0.001,1e-07,1.0,1e-08,adamax,0,0.0,disordered,1,0.4150589963586431,0 days 16:21:07.613160,0.0002367599629282,1.4882147577851323,1.2939050593001942
11,11,11,11,0.293044697697214,0.293044697697214,0.293044697697214,0.293044697697214,0.293044697697214,0.293044697697214,0.293044697697214,0.293044697697214,0.293044697697214,0.293044697697214,0.293044697697214,0.293044697697214,0.293044697697214,0.293044697697214,4.637958519039033e-05,0.7395756133659431,0.0522232313694122,0.000165224758482,0.0346508523011229,0.7948281433118536,0.2872518052356972,0.6579825234958492,6.185700825842593e-05,0.0002607658360416,0.2084155764247182,0.0003305283565166,0.0001157329625271,0.9816456026293928,-0.000310304033345,-0.0003791610203724,7099.0,1.0,0.1244603325154798,0.7335904610737034,0.1878247425654683,0.3924917760125824,0.2318998784621384,0.8412279926923869,0.3900745519398617,0.9746928128822892,0.6252614844151068,0.6936228347029152,0.5215251221324175,0.3089681990755911,0.3955564210524287,0.9409341876619016,100000,30,14,0.1,5.0,0.1,0,13,0.001,1e-06,0.001,1e-07,1.0,1e-08,adamax,0,0.0,disordered,1,0.2932552094322489,0 days 16:21:07.613160,0.0003103040481892,1.7513021744171033,1.4072955444225055
12,12,12,12,0.3557150206821381,0.3557150206821381,0.3557150206821381,0.3557150206821381,0.3557150206821381,0.3557150206821381,0.3557150206821381,0.3557150206821381,0.3557150206821381,0.3557150206821381,0.3557150206821381,0.3557150206821381,0.3557150206821381,0.3557150206821381,1.000611980701425,0.3771093733847483,0.163236399073101,0.2418046133314755,0.1576121967770622,0.1327555719058331,0.1383681479970143,0.091762638911293,0.5792478045061983,0.1318699841382316,0.6848775012313002,0.5443674503658583,0.2152933727965094,0.2253030903676196,-0.0002610577831888,-0.0002907883651175,591.0,0.0,0.2012032007246644,0.9882189012202124,0.7583058620038184,0.3597869264926102,0.6415135895056033,0.3809815392930875,0.38149293263992,0.5038029501945296,0.016722821635377,0.4935715599433962,0.971598413446888,0.2854652287855784,0.7482179590766121,0.442788890070495,100000,30,14,0.1,5.0,0.1,0,13,0.001,1e-06,0.001,1e-07,1.0,1e-08,adamax,0,0.0,disordered,1,0.3544108148526849,0 days 16:21:07.613160,0.0002610590489055,1.5953690952661386,1.3284301980128717
13,13,13,13,0.4047756965997316,0.4047756965997316,0.4047756965997316,0.4047756965997316,0.4047756965997316,0.4047756965997316,0.4047756965997316,0.4047756965997316,0.4047756965997316,0.4047756965997316,0.4047756965997316,0.4047756965997316,0.4047756965997316,0.4047756965997316,0.4915814840520088,1.0009303278815187,0.4141574994408608,0.4936716257514932,0.591865538927279,0.8066142951612564,0.1275589688777172,0.1589080458518805,0.1415447865406073,0.1825833128759522,0.2178856256298894,0.5111413155778867,0.6457723348482305,0.1518718848786439,-0.0002335916486772,-0.0002627518513678,553.0,0.0,0.2092810426177854,0.9050025708181296,0.0168272846802129,0.3035089265995107,0.9990258823239376,0.2621467961899895,0.849044521859272,0.6056831486557043,0.8060357075271236,0.6303177554434782,0.3626968570578484,0.7607887845834825,0.0264845489039723,0.4468129517344519,100000,30,14,0.1,5.0,0.1,0,13,0.001,1e-06,0.001,1e-07,1.0,1e-08,adamax,0,0.0,disordered,1,0.4088146598239899,0 days 16:21:07.613160,0.0002335994018553,1.3984671883472213,1.3152816599557824
14,14,14,14,0.2337423870891812,0.2337423870891812,0.2337423870891812,0.2337423870891812,0.2337423870891812,0.2337423870891812,0.2337423870891812,0.2337423870891812,0.2337423870891812,0.2337423870891812,0.2337423870891812,0.2337423870891812,0.2337423870891812,0.2337423870891812,3.7765483034201486e-05,0.2613116779063072,0.0489227587389206,0.1328796086117664,0.2256226461035919,0.000441867812171,0.5215959556533015,9.196013114234968e-06,0.0420653178809285,0.0002324266959003,7.848648463498971e-06,0.5632783064945782,0.140589184516604,0.7987400038979282,-0.0003432976800902,-0.0003835375951125,7472.0,1.0,0.371854569870106,0.4770740056373495,0.1276206864960696,0.2225068659462724,0.5620515900997094,0.3877691156559539,0.7916562055903406,0.6051365892775145,0.8612666847869941,0.7323608373256045,0.601823447758565,0.2876156021959957,0.7827604679261685,0.2512675781710818,100000,30,14,0.1,5.0,0.1,0,13,0.001,1e-06,0.001,1e-07,1.0,1e-08,adamax,0,0.0,disordered,1,0.2362974907471355,0 days 16:21:07.613160,0.0003433061991893,2.2163012697639366,1.5349454191447118
15,15,15,15,0.4606028844202396,0.4606028844202396,0.4606028844202396,0.4606028844202396,0.4606028844202396,0.4606028844202396,0.4606028844202396,0.4606028844202396,0.4606028844202396,0.4606028844202396,0.4606028844202396,0.4606028844202396,0.4606028844202396,0.4606028844202396,1.000126628570894,0.5677494044075833,0.1886957500835198,0.2070727617333768,0.1824594900711096,0.439630673254152,0.3410302354540878,0.3909083206578802,0.290103280779223,0.1892506357400988,0.571963167367617,0.8860380222094489,0.4599383491678751,0.2006039950663263,-0.0002180122400745,-0.0002406297983821,480.0,0.0,0.0752111118144044,0.9628645784432278,0.5400112050964692,0.7738942975498113,0.5292228076303601,0.6115797303718215,0.0338922505165062,0.1867936793538085,0.6746893954347775,0.5705645979524983,0.1585550339867126,0.9520292687261848,0.1543536325474043,0.5103032497386853,100000,30,14,0.1,5.0,0.1,0,13,0.001,1e-06,0.001,1e-07,1.0,1e-08,adamax,0,0.0,disordered,1,0.4555025147137011,0 days 16:21:07.613160,0.0002180225405667,1.3334925194140022,1.2502689658263808
16,16,16,16,0.1925613572129196,0.1925613572129196,0.1925613572129196,0.1925613572129196,0.1925613572129196,0.1925613572129196,0.1925613572129196,0.1925613572129196,0.1925613572129196,0.1925613572129196,0.1925613572129196,0.1925613572129196,0.1925613572129196,0.1925613572129196,0.4098656960819244,0.6202553388970423,0.2164595779911632,1.0107904285991469e-05,3.512096207668592e-05,1.915621685088984e-05,0.3222759897460351,0.1485104084215709,0.6894444962425064,3.668356981964955e-05,0.1071588531998045,3.0762652115071985e-05,4.714714934625834e-05,4.093646050277399e-06,-0.0004753291691486,-0.000625085475431,8139.0,1.0,0.1440028750192576,0.7173717261062347,0.2763130140951527,0.1341339751217832,0.0459871806705156,0.1748355378976236,0.1917987167235664,0.5369720795717926,0.4510388861713912,0.9572943672535372,0.9541513368666424,0.7965461104684304,0.6715876339807033,0.8450230915683464,100000,30,14,0.1,5.0,0.1,0,13,0.001,1e-06,0.001,1e-07,1.0,1e-08,adamax,0,0.0,disordered,1,0.1926259380616196,0 days 16:21:07.613160,0.0004753291574192,1.7461008707494834,1.4723035760969811
17,17,17,17,0.3228628202536728,0.3228628202536728,0.3228628202536728,0.3228628202536728,0.3228628202536728,0.3228628202536728,0.3228628202536728,0.3228628202536728,0.3228628202536728,0.3228628202536728,0.3228628202536728,0.3228628202536728,0.3228628202536728,0.3228628202536728,1.000834141319862,0.4199875719722714,0.0976758431529666,0.1591309507954555,0.1164896524779786,0.5841531318879292,0.1031609102657502,0.1005787654866448,0.1024872966272684,0.5597314235169075,0.3446738561868505,0.1038353104209354,0.1401846547588148,0.8779036394334063,-0.0003033106490129,-0.000368117963804,543.0,0.0,0.9387518284798846,0.0226177288870027,0.1181052271508587,0.3602638846836431,0.0935868530425997,0.5995244730532772,0.2603642223481086,0.2643397291323255,0.2883279886478656,0.09771565758439,0.7409444532381589,0.6506724295996501,0.6065080906412624,0.0340455822777754,100000,30,14,0.1,5.0,0.1,0,13,0.001,1e-06,0.001,1e-07,1.0,1e-08,adamax,0,0.0,disordered,1,0.3216889558551868,0 days 16:21:07.613160,0.000303312408387,1.5555483105714396,1.3149769422551125
18,18,18,18,0.4459627626819087,0.4459627626819087,0.4459627626819087,0.4459627626819087,0.4459627626819087,0.4459627626819087,0.4459627626819087,0.4459627626819087,0.4459627626819087,0.4459627626819087,0.4459627626819087,0.4459627626819087,0.4459627626819087,0.4459627626819087,0.0849587932188057,0.7125552992478266,0.0721651621503928,0.3022619819045603,0.1103142709825958,0.0983500448875788,0.1850134175078152,0.1236377086453929,0.071227693144822,0.7802506889131513,0.1096621038809937,0.4524762201464094,1.0001460078157585,0.4358362073976352,-0.0002210428032863,-0.0002565543944493,1012.0,0.0,0.4294641446388775,0.6852035898998426,0.1563466499035863,0.3856578446575508,0.0198341454699368,0.081857997077242,0.2164535799990539,0.4146501611412486,0.4632400362873798,0.884521531618113,0.3166584421740133,0.0214638762771913,0.8262233467711652,0.0618469353735727,100000,30,14,0.1,5.0,0.1,0,13,0.001,1e-06,0.001,1e-07,1.0,1e-08,adamax,0,0.0,disordered,1,0.4465431222575913,0 days 16:21:07.613160,0.000221043016969,1.566496354694157,1.2361462662351628
19,19,19,19,0.4180637241455752,0.4180637241455752,0.4180637241455752,0.4180637241455752,0.4180637241455752,0.4180637241455752,0.4180637241455752,0.4180637241455752,0.4180637241455752,0.4180637241455752,0.4180637241455752,0.4180637241455752,0.4180637241455752,0.4180637241455752,1.000412827408894,0.3798583118836647,0.4177356361780031,0.2311817257967829,0.2099363631796718,0.1821895255820692,0.1599869835010411,0.6935573145375216,0.1603048551250053,0.7173582546757375,0.5517938601485649,0.5396971794530383,0.2181040232737584,0.172370820426143,-0.0002462981474358,-0.0002732306718809,428.0,0.0,0.0929919926622283,0.963181716739735,0.7533654181283584,0.337854202779255,0.1321788416191956,0.3867305731718615,0.3391948927801735,0.8744412014424732,0.41875301731404,0.082045006015622,0.9268052023585862,0.6223133637152601,0.1167098567810022,0.1131741600464223,100000,30,14,0.1,5.0,0.1,0,13,0.001,1e-06,0.001,1e-07,1.0,1e-08,adamax,0,0.0,disordered,1,0.4120164648353461,0 days 16:21:07.613160,0.0002463206499099,1.3476018559843161,1.2384701464179693
20,20,20,20,0.4047756965997316,0.4047756965997316,0.4047756965997316,0.4047756965997316,0.4047756965997316,0.4047756965997316,0.4047756965997316,0.4047756965997316,0.4047756965997316,0.4047756965997316,0.4047756965997316,0.4047756965997316,0.4047756965997316,0.4047756965997316,0.1443860198336669,0.6445861711310822,0.1453492376424717,0.1438231395497875,0.9925150230944236,0.1759199521564694,0.1490203550712674,0.1789558347031668,0.1676797793934606,0.3809385722437618,0.3689992742275805,0.1519498636917584,0.4291550498198189,1.0011129406476424,-0.0002438323318338,-0.0002980725898101,452.0,0.0,0.4659332411642642,0.0920889656891161,0.6317521922027585,0.6163837910949103,0.0320813486181537,0.8074227810412945,0.7867947609394985,0.9153082686153085,0.6703066467384771,0.6928622323352233,0.1637416544531679,0.0238888139788117,0.0655631524184199,0.9644613401603572,100000,30,14,0.1,5.0,0.1,0,13,0.001,1e-06,0.001,1e-07,1.0,1e-08,adamax,0,0.0,disordered,1,0.4042890778506824,0 days 16:21:07.613160,0.000243832440347,1.5298618830636241,1.257417690311508
21,21,21,21,0.2575263326771198,0.2575263326771198,0.2575263326771198,0.2575263326771198,0.2575263326771198,0.2575263326771198,0.2575263326771198,0.2575263326771198,0.2575263326771198,0.2575263326771198,0.2575263326771198,0.2575263326771198,0.2575263326771198,0.2575263326771198,1.1016545088957862e-05,0.9408002186554468,3.743234662388308e-06,0.8754473652282379,0.2029455205567477,1.2983272424379949e-06,0.250133373825826,0.228320322793459,2.8664965484729617e-07,9.99998626562121e-08,1.1192792117846277e-06,0.0047896769596835,0.7047320566760197,0.0797803582587225,-0.0003524488367625,-0.0004498290804978,93736.0,0.0,0.6457213655596336,0.9469066664934074,0.3493843588720956,0.755221576661414,0.0653989653616667,0.1662051655929711,0.27713333487199,0.5503182517007417,0.55740888009091,0.4989864523070149,0.4244635846320775,0.5757051603390986,0.9666623953878384,0.4580795604861192,100000,30,14,0.1,5.0,0.1,0,13,0.001,1e-06,0.001,1e-07,1.0,1e-08,adamax,0,0.0,disordered,1,0.256088497877792,0 days 16:21:07.613160,0.0003524520946198,1.907591794704532,1.396437151639748
22,22,22,22,0.2575263326771198,0.2575263326771198,0.2575263326771198,0.2575263326771198,0.2575263326771198,0.2575263326771198,0.2575263326771198,0.2575263326771198,0.2575263326771198,0.2575263326771198,0.2575263326771198,0.2575263326771198,0.2575263326771198,0.2575263326771198,1.000224865431783,0.4263258336486044,0.2630464633861393,0.042592147244023,0.1983889566139191,0.2107636835471824,0.1782462024757057,0.6560611837725414,0.0302039271320612,0.6035795857092636,0.1252075299614327,0.042302399213299,0.0442755393446438,0.027043685104133,-0.0003732240545682,-0.0004637616307324,1130.0,0.0,0.8374714217984048,0.0558719650318711,0.3855872572300576,0.5604964436423991,0.6203205556549372,0.2500183399320113,0.3992910134865952,0.94700616873569,0.648850754011949,0.5849662484122946,0.0652987105198409,0.0521762576431477,0.2113984478320646,0.137822775848633,100000,30,14,0.1,5.0,0.1,0,13,0.001,1e-06,0.001,1e-07,1.0,1e-08,adamax,0,0.0,disordered,1,0.2608500797700407,0 days 16:21:07.613160,0.000373248257712,1.5163206138689933,1.3778991658700628
23,23,23,23,0.333461801578636,0.333461801578636,0.333461801578636,0.333461801578636,0.333461801578636,0.333461801578636,0.333461801578636,0.333461801578636,0.333461801578636,0.333461801578636,0.333461801578636,0.333461801578636,0.333461801578636,0.333461801578636,1.0007976668451954,0.5191466949014806,0.2129690916723078,0.1489672523305311,0.8634678306132865,0.0929565541720165,0.0999949983280736,0.1141289295336339,0.3288181710244767,0.163796108561842,0.6634313119980109,0.0978389655416664,0.0858501561820739,0.8506216880873573,-0.0002912802662351,-0.0003347732675254,612.0,0.0,0.9837499292732876,0.0027471476026641,0.3658435291805171,0.0584224496238016,0.6400105583176766,0.0465332020748591,0.0684096355417223,0.0799425056081188,0.2717851313028795,0.5763580679966506,0.8054486176308537,0.2671915845012608,0.2831710565694664,0.824482143951937,100000,30,14,0.1,5.0,0.1,0,13,0.001,1e-06,0.001,1e-07,1.0,1e-08,adamax,0,0.0,disordered,1,0.333889998878578,0 days 16:21:07.613160,0.0002912805363815,1.439539485405302,1.320204625774103
24,24,24,24,0.2414157116103016,0.2414157116103016,0.2414157116103016,0.2414157116103016,0.2414157116103016,0.2414157116103016,0.2414157116103016,0.2414157116103016,0.2414157116103016,0.2414157116103016,0.2414157116103016,0.2414157116103016,0.2414157116103016,0.2414157116103016,1.2401540923994563e-05,0.4906785067442898,1.3779478482042524e-05,0.1871453402132871,0.631645392452087,0.5528473015937132,0.0001820507856573,0.1770824664828876,0.1585402577868833,4.439834451912876e-05,4.589516677862629e-05,4.890110254689926e-05,0.5308351388279263,0.3260664841471505,-0.0003397426398634,-0.0004318817910332,7373.0,1.0,0.7459483801763226,0.1268147483573346,0.8063489347063569,0.8312511086352812,0.1778257835671058,0.6269479985725536,0.1967436218212379,0.2434927120280825,0.494005755328642,0.5222200279508085,0.4790335153981873,0.5411410533042087,0.2131646764254524,0.7785803681279121,100000,30,14,0.1,5.0,0.1,0,13,0.001,1e-06,0.001,1e-07,1.0,1e-08,adamax,0,0.0,disordered,1,0.2425799927317467,0 days 16:21:07.613160,0.0003397447644557,1.7312613414844653,1.4731205179617932
25,25,25,25,0.4180637241455752,0.4180637241455752,0.4180637241455752,0.4180637241455752,0.4180637241455752,0.4180637241455752,0.4180637241455752,0.4180637241455752,0.4180637241455752,0.4180637241455752,0.4180637241455752,0.4180637241455752,0.4180637241455752,0.4180637241455752,0.6613069491442573,0.5407666449176971,0.2232350400675468,0.1791728292989506,0.2144165064714677,0.1857588095743227,0.1805783059834919,0.1824886702721858,0.1641281154834275,0.8031621399994716,0.4573852143955575,1.000646891334811,0.1614636897953679,0.1617516629186675,-0.0002207642408917,-0.0002636047868481,432.0,0.0,0.2778484120286083,0.9126832897191104,0.5151553035895896,0.3036840529445848,0.1743839025083001,0.4852039624160302,0.3762973001513523,0.6230937907219327,0.4984595826229498,0.0369596980006967,0.8330947688085336,0.0516739391193959,0.8275951638592104,0.8127496434167762,100000,30,14,0.1,5.0,0.1,0,13,0.001,1e-06,0.001,1e-07,1.0,1e-08,adamax,0,0.0,disordered,1,0.4116669538602061,0 days 16:21:07.613160,0.0002207783770787,1.48455496094308,1.2941191503934417
26,26,26,26,0.333461801578636,0.333461801578636,0.333461801578636,0.333461801578636,0.333461801578636,0.333461801578636,0.333461801578636,0.333461801578636,0.333461801578636,0.333461801578636,0.333461801578636,0.333461801578636,0.333461801578636,0.333461801578636,0.0796250704291059,0.4368454973887056,0.4482742847335279,0.0001044449905097,1.2342786996592426e-05,0.0978648749299295,4.238328099591459e-06,0.3977937516624856,0.1416008818089889,0.0721876909306772,1.4931726528342328e-05,9.679264726131556e-06,0.5859460088549452,0.9338258910256236,-0.0002838239763229,-0.0003757332653743,9813.0,1.0,0.9239831252875618,0.6644010411515328,0.1606236341053505,0.4419294114540377,0.4394326601704705,0.6323329864819148,0.3811375324040436,0.6756780879691183,0.2039073800978377,0.3533507781465587,0.5433134112873544,0.427651051214449,0.1225256507690002,0.9658281207625043,100000,30,14,0.1,5.0,0.1,0,13,0.001,1e-06,0.001,1e-07,1.0,1e-08,adamax,0,0.0,disordered,1,0.333757236027133,0 days 16:21:07.613160,0.0002838240364333,2.373671316410683,1.330582572060824
27,27,27,27,0.2837303616516209,0.2837303616516209,0.2837303616516209,0.2837303616516209,0.2837303616516209,0.2837303616516209,0.2837303616516209,0.2837303616516209,0.2837303616516209,0.2837303616516209,0.2837303616516209,0.2837303616516209,0.2837303616516209,0.2837303616516209,0.1393356565240201,0.1276223396817444,0.8349897655550598,3.7004553511461234e-05,0.0001135636066911,0.1087411790207693,0.9619077346095686,0.0047046728158364,0.0003564639616245,0.3761559992048113,0.00925433957268,0.2038981823185113,0.3345845392384222,0.00011410180037,-0.0003364103755051,-0.000412026278274,7115.0,1.0,0.6912954021364714,0.8330350777910258,0.3574607462891465,0.9448959101690874,0.8124471005528425,0.979506245587886,0.1973942523898054,0.4771694766007426,0.3858489940723694,0.613894995603037,0.2502197336679601,0.1004722897506863,0.4766165868289146,0.6394719365196334,100000,30,14,0.1,5.0,0.1,0,13,0.001,1e-06,0.001,1e-07,1.0,1e-08,adamax,0,0.0,disordered,1,0.2797272096078871,0 days 16:21:07.613160,0.0003364349739281,1.8131049011639315,1.445302141279726
28,28,28,28,0.333461801578636,0.333461801578636,0.333461801578636,0.333461801578636,0.333461801578636,0.333461801578636,0.333461801578636,0.333461801578636,0.333461801578636,0.333461801578636,0.333461801578636,0.333461801578636,0.333461801578636,0.333461801578636,0.0966083168658492,0.9517476174071912,2.708314004424512e-06,0.2197066040065126,0.5018181333714259,0.2706208284640083,2.433662008413278e-06,0.9224214467810884,0.0275487821782865,0.3879611635476687,0.0768718259341801,0.4625390866753528,0.0545254377440453,0.8173298480950474,-0.0002807861761,-0.0003020698646706,100000.0,0.0,0.3840154184913098,0.9874393427162872,0.4059887721488981,0.299815542437813,0.8138978250995115,0.466689803032796,0.2732167826992071,0.2864910244716064,0.9471557892442384,0.961736748159922,0.6462368962429871,0.2787679766747637,0.7113690437189849,0.2167694819361088,100000,30,14,0.1,5.0,0.1,0,13,0.001,1e-06,0.001,1e-07,1.0,1e-08,adamax,0,0.0,disordered,1,0.3361921903219385,0 days 16:21:07.613160,0.0002807927613789,1.553678229206895,1.3225619719925044
29,29,29,29,0.4757236139187883,0.4757236139187883,0.4757236139187883,0.4757236139187883,0.4757236139187883,0.4757236139187883,0.4757236139187883,0.4757236139187883,0.4757236139187883,0.4757236139187883,0.4757236139187883,0.4757236139187883,0.4757236139187883,0.4757236139187883,0.2512555915409659,0.2371376031324461,0.2236296015188424,0.2112285163234311,0.92512654749181,0.397693441169532,0.6356802868673971,0.2459764454101513,0.2224102751451537,0.5601156118532831,0.5758053638139494,0.2266921514183289,0.3357091990320184,1.000773614512804,-0.0002131149208405,-0.0002388725931142,358.0,0.0,0.3220846874139359,0.5417363597027655,0.4011441611645456,0.3510238626345868,0.974134429486488,0.170206174479749,0.6137785589494178,0.0385413894838495,0.0917147371339044,0.2099960050117245,0.9916861960144648,0.7264246392278,0.8680380956291989,0.0494837846367165,100000,30,14,0.1,5.0,0.1,0,13,0.001,1e-06,0.001,1e-07,1.0,1e-08,adamax,0,0.0,disordered,1,0.4739993050525313,0 days 16:21:07.613160,0.0002131164209806,1.2600483058435563,1.2251982574696736
30,30,30,30,0.1586356533508588,0.1586356533508588,0.1586356533508588,0.1586356533508588,0.1586356533508588,0.1586356533508588,0.1586356533508588,0.1586356533508588,0.1586356533508588,0.1586356533508588,0.1586356533508588,0.1586356533508588,0.1586356533508588,0.1586356533508588,0.4171940906404749,2.2169878883325187e-06,3.866472256949067e-06,0.4732246987682114,0.1929505691013689,1.2200788186783457e-06,0.1548038643020371,1.0416451359084448e-07,0.0579271721090041,0.2527337995448044,2.900387585507443e-07,0.1617589608800052,1.6919056774818228e-07,0.5301442812766043,-0.0005127048803298,-0.0005715265958415,100000.0,0.0,0.6814384526526729,0.4399364794360058,0.4164199485553493,0.7082547942479717,0.3083189505355805,0.5134678232710247,0.2607247218237164,0.3914040705924085,0.5333261752047522,0.1578810028262631,0.2761871219052035,0.4204059052215403,0.4727479785281554,0.8000039680110183,100000,30,14,0.1,5.0,0.1,0,13,0.001,1e-06,0.001,1e-07,1.0,1e-08,adamax,0,0.0,disordered,1,0.1568806099016857,0 days 16:21:07.613160,0.0005127206456327,2.5435267343273478,1.8893594496632364
31,31,31,31,0.2837303616516209,0.2837303616516209,0.2837303616516209,0.2837303616516209,0.2837303616516209,0.2837303616516209,0.2837303616516209,0.2837303616516209,0.2837303616516209,0.2837303616516209,0.2837303616516209,0.2837303616516209,0.2837303616516209,0.2837303616516209,0.0497403993256589,0.0002377078445276,0.8660945554774003,0.179523316003802,0.2540109304562022,0.0001723720303901,0.2821596187644688,0.0909029179732951,0.0001263158106559,0.7913190655739959,0.0735290301259084,0.2297969629474882,0.0005698845928857,0.7923452989264996,-0.000311815918395,-0.000366560718882,6708.0,1.0,0.6429501138675994,0.5624900665221173,0.8698673937003966,0.1973488647767637,0.1040830351780349,0.3937252133677354,0.1371899555572782,0.5559810381008665,0.5736433320658848,0.1315935497496901,0.7160539946963933,0.5565394834256112,0.4231819942696411,0.917481773299308,100000,30,14,0.1,5.0,0.1,0,13,0.001,1e-06,0.001,1e-07,1.0,1e-08,adamax,0,0.0,disordered,1,0.2881439254923521,0 days 16:21:07.613160,0.0003118385896471,1.9233973110738019,1.4430636895048385
32,32,32,32,0.4606028844202396,0.4606028844202396,0.4606028844202396,0.4606028844202396,0.4606028844202396,0.4606028844202396,0.4606028844202396,0.4606028844202396,0.4606028844202396,0.4606028844202396,0.4606028844202396,0.4606028844202396,0.4606028844202396,0.4606028844202396,1.0008132805174477,0.1834652296706353,0.3882669815180434,0.7769655089726925,0.600257379778165,0.4958269400098524,0.2336093833622922,0.2181103336748399,0.216069121350539,0.8106691427251695,0.5579781723215916,0.2909230822391665,0.5267872392181725,0.2173466371490318,-0.0002188965992333,-0.0002395193698591,402.0,0.0,0.8559122943833432,0.2209691637648669,0.166583176525819,0.9155364039147176,0.1572518885137706,0.7572063264186215,0.3125170158121136,0.3611853466325139,0.5537246459677773,0.9259641674233372,0.0020568430646198,0.1622873344023199,0.7202117786599489,0.3944665294244958,100000,30,14,0.1,5.0,0.1,0,13,0.001,1e-06,0.001,1e-07,1.0,1e-08,adamax,0,0.0,disordered,1,0.4604649487570231,0 days 16:21:07.613160,0.0002188966180468,1.2587471301882822,1.267204491090267
33,33,33,33,0.1925613572129196,0.1925613572129196,0.1925613572129196,0.1925613572129196,0.1925613572129196,0.1925613572129196,0.1925613572129196,0.1925613572129196,0.1925613572129196,0.1925613572129196,0.1925613572129196,0.1925613572129196,0.1925613572129196,0.1925613572129196,0.8438226979814907,0.4856738972971053,0.7912658948472744,1.5574662302714786e-07,0.1645941535910583,2.1517771709009442e-07,3.437541499341302e-07,1.3794881303330038e-07,0.0754192069210853,0.6475840659855292,0.0576638365960869,0.225017560751366,1.843789677313359e-07,2.5211865356318336e-07,-0.0004256453440578,-0.0005773332511805,100000.0,0.0,0.2878104198967977,0.9628956581275414,0.2640284233242796,0.7141669578683888,0.964225669092555,0.7627660562464376,0.7094140359205118,0.7232067127676901,0.8052261068309458,0.2712136489199229,0.6266867251784247,0.802885894043567,0.8882296412968325,0.9058341532080582,100000,30,14,0.1,5.0,0.1,0,13,0.001,1e-06,0.001,1e-07,1.0,1e-08,adamax,0,0.0,disordered,1,0.1905007602195405,0 days 16:21:07.613160,0.0004256568417569,2.5293414055376915,1.6534677737060661
34,34,34,34,0.333461801578636,0.333461801578636,0.333461801578636,0.333461801578636,0.333461801578636,0.333461801578636,0.333461801578636,0.333461801578636,0.333461801578636,0.333461801578636,0.333461801578636,0.333461801578636,0.333461801578636,0.333461801578636,1.0005304092552694,0.4651435348885283,0.1091469244583778,0.0838045646611236,0.6138432208125539,0.2339134104232212,0.0774626574903284,0.1670628462211598,0.0785483171465389,0.9587001516827826,0.3039513202573935,0.1115777201060439,0.162338652222416,0.1709427899923125,-0.0002909235717624,-0.0003530920775862,685.0,0.0,0.903896393587496,0.0976337994648727,0.3764060873778814,0.4563920834904191,0.8916854039669163,0.4192536193798634,0.2649121033591305,0.0198587731592583,0.2887542777621654,0.7807241847334279,0.0201709380598515,0.1649939279484876,0.3109684208465644,0.5320110718845206,100000,30,14,0.1,5.0,0.1,0,13,0.001,1e-06,0.001,1e-07,1.0,1e-08,adamax,0,0.0,disordered,1,0.337896132843898,0 days 16:21:07.613160,0.0002909430391151,1.5511703960206635,1.3189669922259117
35,35,35,35,0.3444087275973818,0.3444087275973818,0.3444087275973818,0.3444087275973818,0.3444087275973818,0.3444087275973818,0.3444087275973818,0.3444087275973818,0.3444087275973818,0.3444087275973818,0.3444087275973818,0.3444087275973818,0.3444087275973818,0.3444087275973818,0.11823637494493,0.8421158257127053,0.3107305615700453,0.3663977703240743,0.054175521724824,0.0600636217299294,0.0126911024714866,0.8183307355089349,0.0102046085676716,0.1679176549541491,0.4458736470888104,0.1801665132794892,0.0462220351499687,1.0000168319715177,-0.0002680756973451,-0.0003318652165621,1548.0,0.0,0.3630433181948137,0.8826396945897659,0.2074776288518643,0.5616344004190236,0.7778175051376995,0.9296082290939864,0.8734802733413756,0.1355210037406805,0.7918000796455894,0.6753462694980112,0.4216035573870036,0.0255670989624631,0.1679814709579863,0.7494608262320578,100000,30,14,0.1,5.0,0.1,0,13,0.001,1e-06,0.001,1e-07,1.0,1e-08,adamax,0,0.0,disordered,1,0.3492569871982124,0 days 16:21:07.613160,0.000268092961166,1.9424919336586903,1.3150178011721625
36,36,36,36,0.1805148879221106,0.1805148879221106,0.1805148879221106,0.1805148879221106,0.1805148879221106,0.1805148879221106,0.1805148879221106,0.1805148879221106,0.1805148879221106,0.1805148879221106,0.1805148879221106,0.1805148879221106,0.1805148879221106,0.1805148879221106,0.4850139692211753,2.2816536535545025e-06,8.158047538395563e-05,0.68469001279179,2.253370644469694e-07,2.029128734833604e-06,7.485447977553791e-07,0.7075168646529487,9.999682074004117e-08,0.0446334446459445,1.2482658901643114e-07,0.2182858794010921,0.1428206955717,0.0652566377376156,-0.0003997466568465,-0.0005177585636846,38114.0,0.0,0.0840047677767746,0.3126499249880641,0.2552124382766044,0.7461008968986407,0.3590598291763175,0.0871882409887518,0.3704421018161166,0.3268298767186818,0.7170213673193974,0.3201222201986879,0.6936156490920399,0.538594453433759,0.8877328287244716,0.7333651729435877,100000,30,14,0.1,5.0,0.1,0,13,0.001,1e-06,0.001,1e-07,1.0,1e-08,adamax,0,0.0,disordered,1,0.1802619509372615,0 days 16:21:07.613160,0.0003997468266159,2.3162653980791053,1.7406067497722937
37,37,37,37,0.1925613572129196,0.1925613572129196,0.1925613572129196,0.1925613572129196,0.1925613572129196,0.1925613572129196,0.1925613572129196,0.1925613572129196,0.1925613572129196,0.1925613572129196,0.1925613572129196,0.1925613572129196,0.1925613572129196,0.1925613572129196,0.1784875689246225,2.760247197485971e-06,1.3744279466520871e-06,0.8035513555113544,0.4884634718470487,0.0800729434062178,2.3572870579202665e-07,1.0005960837609677e-07,0.0573150209617893,1.373405186929509e-07,1.843502158075761e-07,0.2971236204443682,0.0252549937936762,0.3882921881161083,-0.0004287470116218,-0.0005630152800014,100000.0,0.0,0.4079187425363865,0.4849095181984443,0.4713857598653367,0.871702397518525,0.1380361717125459,0.4242300124285143,0.5349120574812903,0.436222832238696,0.5980284679987804,0.4988430954198491,0.4136957426619674,0.6868129726159958,0.329322465708467,0.6069010136690235,100000,30,14,0.1,5.0,0.1,0,13,0.001,1e-06,0.001,1e-07,1.0,1e-08,adamax,0,0.0,disordered,1,0.19512940993285,0 days 16:21:07.613160,0.0004287681690135,2.5388656413250072,1.6716002539518287
38,38,38,38,0.2747120789270809,0.2747120789270809,0.2747120789270809,0.2747120789270809,0.2747120789270809,0.2747120789270809,0.2747120789270809,0.2747120789270809,0.2747120789270809,0.2747120789270809,0.2747120789270809,0.2747120789270809,0.2747120789270809,0.2747120789270809,0.899924538673131,0.1655100949705386,0.6852094601389206,0.2522971479555998,0.0755999934701866,0.3672633420715308,1.0000602461347012,0.2118368680794638,0.0759647223862206,0.1023911456436902,0.103420286456023,0.0760374231209397,0.081539634071942,0.0915523574276455,-0.0003157848289865,-0.0004618415798147,565.0,0.0,0.7285583473338744,0.1306466357938829,0.326452101504932,0.9447045555986052,0.9660212875626244,0.9923887631356604,0.0425258338882709,0.8265087689118491,0.9352758069942098,0.901944440055244,0.7149413034806142,0.6756193428878896,0.7196066164883864,0.5748858181470116,100000,30,14,0.1,5.0,0.1,0,13,0.001,1e-06,0.001,1e-07,1.0,1e-08,adamax,0,0.0,disordered,1,0.2767576895881619,0 days 16:21:07.613160,0.0003157896805909,1.6260460765650953,1.4327748563919638
39,39,39,39,0.2837303616516209,0.2837303616516209,0.2837303616516209,0.2837303616516209,0.2837303616516209,0.2837303616516209,0.2837303616516209,0.2837303616516209,0.2837303616516209,0.2837303616516209,0.2837303616516209,0.2837303616516209,0.2837303616516209,0.2837303616516209,0.0567348549958946,0.5199742125471118,2.3584408485422994e-06,0.7069887924426076,0.5309999105661897,6.013969986597522e-07,0.8251443972567843,0.1385538336756276,0.550904484785048,0.1316780885935618,0.3102655924147127,4.54374430661718e-06,0.0738000454843105,0.0408350035403653,-0.0003116352117821,-0.0003805921996378,100000.0,0.0,0.7884200798433164,0.5019296038006482,0.2259374998912283,0.0943490249781668,0.9082557233023724,0.7548789814030864,0.177241935760343,0.8224582773234224,0.3003467529241774,0.6356549721085979,0.3561528577486986,0.2141630863306429,0.1756087637828115,0.0709503107444076,100000,30,14,0.1,5.0,0.1,0,13,0.001,1e-06,0.001,1e-07,1.0,1e-08,adamax,0,0.0,disordered,1,0.2843610228691866,0 days 16:21:07.613160,0.0003116356288095,1.4609936397502234,1.4065502332497761
40,40,40,40,0.2659804395593755,0.2659804395593755,0.2659804395593755,0.2659804395593755,0.2659804395593755,0.2659804395593755,0.2659804395593755,0.2659804395593755,0.2659804395593755,0.2659804395593755,0.2659804395593755,0.2659804395593755,0.2659804395593755,0.2659804395593755,6.827416512881276e-06,2.349730709066111e-06,0.3119504961632032,0.8427470127798564,9.999866845472957e-08,0.1278225664120292,3.110650648943529e-07,0.0581464169980489,5.550441488368275e-07,0.2833687831029426,0.0534770503547366,0.7454964791264933,3.077944508591544e-06,0.1251992604611362,-0.0003367892909294,-0.0004503045631876,65886.0,0.0,0.0744385563946585,0.0690902107325821,0.0899187666373716,0.8340292890000545,0.5178083255163458,0.1285840147994693,0.5249946488828098,0.5426298015540887,0.4965920349441739,0.2064863646169302,0.4343978872245304,0.8708564535693805,0.3837354777850742,0.5039852429121634,100000,30,14,0.1,5.0,0.1,0,13,0.001,1e-06,0.001,1e-07,1.0,1e-08,adamax,0,0.0,disordered,1,0.267469144228938,0 days 16:21:07.613160,0.0003367923261825,2.3424354473324156,1.421836984004417
41,41,41,41,0.1988827856988807,0.1988827856988807,0.1988827856988807,0.1988827856988807,0.1988827856988807,0.1988827856988807,0.1988827856988807,0.1988827856988807,0.1988827856988807,0.1988827856988807,0.1988827856988807,0.1988827856988807,0.1988827856988807,0.1988827856988807,0.4361525110154567,0.7764517770612551,7.637183335758562e-05,0.144487187173173,0.2217937615291779,0.3447809745127728,0.0003106917608185,0.4882694047645584,0.2013241874706297,7.456197389549618e-05,0.273178397974581,0.1366370007397856,0.1105444002097816,9.1170503240576e-05,-0.000405664663409,-0.0004638606092766,7127.0,1.0,0.9302423990750158,0.2328013979444163,0.7255076868062386,0.4838413345039069,0.7873679132996416,0.3596735148257848,0.5423586148739377,0.3682859436514883,0.8661492404529617,0.9148178896585872,0.6318212838540919,0.9810202364628208,0.7320556819078485,0.8304239319682308,100000,30,14,0.1,5.0,0.1,0,13,0.001,1e-06,0.001,1e-07,1.0,1e-08,adamax,0,0.0,disordered,1,0.2008008476919197,0 days 16:21:07.613160,0.0004056743250924,1.843539873592688,1.6426888519284475
42,42,42,42,0.2575263326771198,0.2575263326771198,0.2575263326771198,0.2575263326771198,0.2575263326771198,0.2575263326771198,0.2575263326771198,0.2575263326771198,0.2575263326771198,0.2575263326771198,0.2575263326771198,0.2575263326771198,0.2575263326771198,0.2575263326771198,0.778058672933525,0.3058353349574107,1.0000699926150678,0.0335271955047348,0.0600436502879655,0.39989980184413,0.7482496966557389,0.0343089843079406,0.5359896307455667,0.1395174287716536,0.0158691065624413,0.0166530627601907,0.1415209303907438,0.1802153184760593,-0.0003327901595736,-0.0003964170014565,2064.0,0.0,0.8947206498619251,0.2719057617661202,0.986677930317109,0.3904140233428148,0.4972125438158516,0.1803237316629968,0.8214787850033072,0.3368976266911904,0.6893444454848344,0.2183555948683124,0.3513630605551295,0.3842444862829067,0.2366239939357128,0.0350634420691885,100000,30,14,0.1,5.0,0.1,0,13,0.001,1e-06,0.001,1e-07,1.0,1e-08,adamax,0,0.0,disordered,1,0.2576453487452017,0 days 16:21:07.613160,0.0003327901365654,1.8206017090288547,1.5053435386288117
43,43,43,43,0.2263129568399526,0.2263129568399526,0.2263129568399526,0.2263129568399526,0.2263129568399526,0.2263129568399526,0.2263129568399526,0.2263129568399526,0.2263129568399526,0.2263129568399526,0.2263129568399526,0.2263129568399526,0.2263129568399526,0.2263129568399526,0.021011235995845,1.0000859223335812,0.1689685743818686,0.0489990485825619,0.08505018436361,0.3567783216099882,0.4862364149522827,0.0358292157428875,0.4805064827094719,0.0334808473476045,0.032122558288892,0.0309763633396967,0.0268240906462331,0.5347304672770097,-0.000403943298634,-0.0005035802994521,1143.0,0.0,0.7702089160972269,0.9503546630566791,0.226247857556275,0.1626513649707077,0.3476041753555777,0.0827660016297126,0.6497328757632396,0.3685525191996099,0.5624785542668137,0.9058499863649656,0.8615793288939493,0.9216768590469784,0.9350577167713908,0.5898193600864983,100000,30,14,0.1,5.0,0.1,0,13,0.001,1e-06,0.001,1e-07,1.0,1e-08,adamax,0,0.0,disordered,1,0.2283864537356184,0 days 16:21:07.613160,0.0004039558699452,1.5816885315081741,1.452682069087683
44,44,44,44,0.3026648059395688,0.3026648059395688,0.3026648059395688,0.3026648059395688,0.3026648059395688,0.3026648059395688,0.3026648059395688,0.3026648059395688,0.3026648059395688,0.3026648059395688,0.3026648059395688,0.3026648059395688,0.3026648059395688,0.3026648059395688,0.8630294322452572,4.260283021833534e-06,0.2687696840596877,0.405360235715509,0.27528126841333,0.4353759463858906,0.3350586917301441,3.606569746842857e-07,0.87307374240037,6.991306225579394e-07,0.0458544816795479,0.1319646558855892,0.4311003439506945,1.632355362734702e-06,-0.0003137202870584,-0.0003651753711202,100000.0,0.0,0.5023002858629506,0.0376151656370696,0.1024413113800782,0.5239233948745965,0.8560083046111611,0.4326345607117319,0.0037293622863878,0.2123031061951699,0.7599704182197689,0.1584179885297779,0.1995763351554023,0.2855360642034483,0.6092833765614685,0.8364055547707432,100000,30,14,0.1,5.0,0.1,0,13,0.001,1e-06,0.001,1e-07,1.0,1e-08,adamax,0,0.0,disordered,1,0.3044863163755845,0 days 16:21:07.613160,0.0003137241637376,1.6403865391863335,1.3348649114746878
45,45,45,45,0.293044697697214,0.293044697697214,0.293044697697214,0.293044697697214,0.293044697697214,0.293044697697214,0.293044697697214,0.293044697697214,0.293044697697214,0.293044697697214,0.293044697697214,0.293044697697214,0.293044697697214,0.293044697697214,0.6217331545169447,0.2080013057588392,3.008426158894919e-05,0.032255570139976,7.293784123215393e-05,0.36237786750893,0.7098725080813671,9.76361447395176e-06,0.0469523067560637,1.3775565076552076e-05,0.5034226451379583,0.2911274844774026,0.4824536439369051,6.053813540953109e-05,-0.0003208540381283,-0.0003907583198794,7542.0,1.0,0.2188948374279186,0.5994678737814576,0.5299406131466844,0.4448642064761482,0.5804205236557797,0.8141185235724825,0.2174880566784605,0.4972341508794262,0.0979205611461283,0.5132375550687044,0.7910078573202679,0.998558890651704,0.4756930540857839,0.2966034006997566,100000,30,14,0.1,5.0,0.1,0,13,0.001,1e-06,0.001,1e-07,1.0,1e-08,adamax,0,0.0,disordered,1,0.2917680427914886,0 days 16:21:07.613160,0.0003208560873424,2.124706760577105,1.3658186155556
46,46,46,46,0.3228628202536728,0.3228628202536728,0.3228628202536728,0.3228628202536728,0.3228628202536728,0.3228628202536728,0.3228628202536728,0.3228628202536728,0.3228628202536728,0.3228628202536728,0.3228628202536728,0.3228628202536728,0.3228628202536728,0.3228628202536728,0.4346913814991513,6.170042463548787e-06,0.3300259879439813,0.3216734176229925,0.1793007716866253,1.6390348113184247e-06,0.4597316504149562,0.4436700496806331,2.0802853542340706e-06,0.1306317137073435,0.5222414144597193,1.1372440454573425e-07,0.4427932734495755,9.999857768657233e-08,-0.0002801870168728,-0.0003504780110651,71050.0,0.0,0.5795035819171939,0.3717520548106484,0.1170023891195599,0.5244985720304953,0.7991356910058783,0.8911272873731255,0.9781111877004136,0.367724622858563,0.2516651775815243,0.1108207735463092,0.4362319172994092,0.8070271602470545,0.2346447876245176,0.8495664980662655,100000,30,14,0.1,5.0,0.1,0,13,0.001,1e-06,0.001,1e-07,1.0,1e-08,adamax,0,0.0,disordered,1,0.32150433180225,0 days 16:21:07.613160,0.0002801886065895,1.4356307531962864,1.2760060202445809
47,47,47,47,0.4047756965997316,0.4047756965997316,0.4047756965997316,0.4047756965997316,0.4047756965997316,0.4047756965997316,0.4047756965997316,0.4047756965997316,0.4047756965997316,0.4047756965997316,0.4047756965997316,0.4047756965997316,0.4047756965997316,0.4047756965997316,0.141096700686666,0.5624437066076373,0.179668149938885,0.1917615563872683,0.1664462159797989,1.0005013021742095,0.1353064608576286,0.4898813899856875,0.2474289419663791,0.1641162999269855,0.95283806366235,0.1353622536717864,0.1799031820430606,0.5133739441165552,-0.0002413797974724,-0.0002752587430198,481.0,0.0,0.7117370178186778,0.2009428205260435,0.6317515391392956,0.8196921827935082,0.9328703661209736,0.1622147636965876,0.8220151936558258,0.775849087831725,0.243721640641587,0.2945814106681431,0.9570840322522522,0.3620160579603561,0.2889761052504432,0.7200111192047169,100000,30,14,0.1,5.0,0.1,0,13,0.001,1e-06,0.001,1e-07,1.0,1e-08,adamax,0,0.0,disordered,1,0.4015128128746034,0 days 16:21:07.613160,0.0002413853371586,1.5138517166252075,1.310439727677633
48,48,48,48,0.1864408533970484,0.1864408533970484,0.1864408533970484,0.1864408533970484,0.1864408533970484,0.1864408533970484,0.1864408533970484,0.1864408533970484,0.1864408533970484,0.1864408533970484,0.1864408533970484,0.1864408533970484,0.1864408533970484,0.1864408533970484,0.7484577408441385,6.293518769865518e-05,0.1351845638465309,8.77350979821508e-05,0.0829790143308563,4.894703320471561e-05,0.559815341678247,0.0001049101014731,3.680517612325626e-05,0.2145774471486778,0.3909922277654952,0.1580144331384579,0.2722132996220019,8.541382884465826e-05,-0.0004313188034292,-0.0004951757815692,7329.0,1.0,0.1329060104599528,0.4831693166218948,0.3581331262376146,0.5439863429623552,0.6032501438505057,0.6401074539004775,0.4323990581888032,0.8869324087540136,0.8356760923639591,0.9333577853920362,0.4459056416232484,0.7300859144743024,0.4306957867862729,0.2787827545306491,100000,30,14,0.1,5.0,0.1,0,13,0.001,1e-06,0.001,1e-07,1.0,1e-08,adamax,0,0.0,disordered,1,0.1882420973981253,0 days 16:21:07.613160,0.0004313289917336,2.1827004503657554,1.6156339707869773
49,49,49,49,0.3794532847236935,0.3794532847236935,0.3794532847236935,0.3794532847236935,0.3794532847236935,0.3794532847236935,0.3794532847236935,0.3794532847236935,0.3794532847236935,0.3794532847236935,0.3794532847236935,0.3794532847236935,0.3794532847236935,0.3794532847236935,0.3968992282840624,0.1453726721550955,0.6453042204481134,0.1321412168179184,0.6548201190331705,0.1158114233551648,0.1372023899918926,0.117764350257825,0.941078021166523,0.4013268869333423,0.2051747308237536,0.1355718272215399,0.1459927409658796,1.0000800010036797,-0.0002480796570184,-0.0002878169427806,539.0,0.0,0.6518864471172541,0.9459871575106308,0.8043078809051966,0.2852017743720174,0.2281057563615371,0.771645461188267,0.70512847943679,0.8636017462548002,0.1463616109588943,0.8616792361529133,0.4326254526587491,0.2733454783925543,0.3432446624926287,0.993503904012744,100000,30,14,0.1,5.0,0.1,0,13,0.001,1e-06,0.001,1e-07,1.0,1e-08,adamax,0,0.0,disordered,1,0.3799422891943453,0 days 16:21:07.613160,0.0002480798614576,1.384526388206201,1.2979763456122182
50,50,50,50,0.3919100249433399,0.3919100249433399,0.3919100249433399,0.3919100249433399,0.3919100249433399,0.3919100249433399,0.3919100249433399,0.3919100249433399,0.3919100249433399,0.3919100249433399,0.3919100249433399,0.3919100249433399,0.3919100249433399,0.3919100249433399,1.0005876351521756,0.4359955632116084,0.1309600110081104,0.9051915229337824,0.1685368075023227,0.1400621808250239,0.4178906770262661,0.9259986815323688,0.1267661200606453,0.1579113125935569,0.5112030540478518,0.2292904810462142,0.2886854934934531,0.2166880452880347,-0.0002437686907667,-0.0002725580660729,495.0,0.0,0.956032125019662,0.0837460354801209,0.3151884677170894,0.7195790246564682,0.0353251316082889,0.0359236544371629,0.0448902934218323,0.8684448332578513,0.333732439660985,0.3187398327715118,0.7933438210501507,0.3185662914766022,0.7384308555952237,0.3693407284032201,100000,30,14,0.1,5.0,0.1,0,13,0.001,1e-06,0.001,1e-07,1.0,1e-08,adamax,0,0.0,disordered,1,0.3964094323675018,0 days 16:21:07.613160,0.000243780087507,1.393274720133699,1.306904877580623
51,51,51,51,0.3444087275973818,0.3444087275973818,0.3444087275973818,0.3444087275973818,0.3444087275973818,0.3444087275973818,0.3444087275973818,0.3444087275973818,0.3444087275973818,0.3444087275973818,0.3444087275973818,0.3444087275973818,0.3444087275973818,0.3444087275973818,0.0276926487310502,0.1557691876866905,0.0644513842365503,1.000110978632615,0.183527062371033,0.0735536430658095,0.4044875992961907,0.1003387194136698,0.16050946643449,0.5106435625699653,0.0423978853682603,0.662639124445114,0.2774786488349845,0.0338709943526026,-0.0002912822178303,-0.0003378282687946,1404.0,0.0,0.2975193133791652,0.3872265142953374,0.1680372426068077,0.0750111463073801,0.8712014465037485,0.8683831797645515,0.4608213428635008,0.6883762257244914,0.862649616262373,0.3907233758976288,0.7118103284257594,0.7547914201079906,0.0780746100305868,0.1381620728272963,100000,30,14,0.1,5.0,0.1,0,13,0.001,1e-06,0.001,1e-07,1.0,1e-08,adamax,0,0.0,disordered,1,0.3408888093367214,0 days 16:21:07.613160,0.0002912947702074,1.6333501723328936,1.3097711827639589
52,52,52,52,0.2493409369951876,0.2493409369951876,0.2493409369951876,0.2493409369951876,0.2493409369951876,0.2493409369951876,0.2493409369951876,0.2493409369951876,0.2493409369951876,0.2493409369951876,0.2493409369951876,0.2493409369951876,0.2493409369951876,0.2493409369951876,2.767327797235491e-05,2.984547732763775e-05,0.6922376274085623,1.0969510136394862e-05,0.8117148908444066,4.974925842780698e-05,0.066374174189421,0.2925272423652224,9.84241858651881e-06,0.2574250387674841,1.9173179304933464e-05,5.874106952143429e-05,0.0896303802871604,0.8201531610638889,-0.0003397653174797,-0.0004785314520158,7474.0,1.0,0.7503299824856386,0.7056489373809989,0.1852674819801918,0.8267319229556759,0.8009011709823957,0.332743528625158,0.3402819990903042,0.1105719933342548,0.4454831559739022,0.1097612600786275,0.5434071419217806,0.6245833168710772,0.5819411427086918,0.0716485438516428,100000,30,14,0.1,5.0,0.1,0,13,0.001,1e-06,0.001,1e-07,1.0,1e-08,adamax,0,0.0,disordered,1,0.2519827006497769,0 days 16:21:07.613160,0.0003397753224373,2.3959294549045427,1.4802031339588881
53,53,53,53,0.4459627626819087,0.4459627626819087,0.4459627626819087,0.4459627626819087,0.4459627626819087,0.4459627626819087,0.4459627626819087,0.4459627626819087,0.4459627626819087,0.4459627626819087,0.4459627626819087,0.4459627626819087,0.4459627626819087,0.4459627626819087,0.1691312271860196,0.1570562205394247,0.7038862556153287,0.2093022803742693,0.1446878931425999,0.9386040092517736,0.1464614760646817,0.1766522227483306,0.1886966819140893,0.1614878607554905,0.7047731309366262,0.1668300644842163,0.498368857606299,1.0006815922650507,-0.0002198571447479,-0.0002557707553096,490.0,0.0,0.6216704469983908,0.7522149311552978,0.1418532078034277,0.5950767958664359,0.8190554752387017,0.1936194413797031,0.9134149207965668,0.971914081414014,0.7116445561732289,0.8720357680246629,0.2717827135360652,0.6649683870363727,0.9261442544579104,0.0447290207458562,100000,30,14,0.1,5.0,0.1,0,13,0.001,1e-06,0.001,1e-07,1.0,1e-08,adamax,0,0.0,disordered,1,0.4426820500399404,0 days 16:21:07.613160,0.0002198616250866,1.6354718584104133,1.2707982244946407
54,54,54,54,0.5241298302206053,0.5241298302206053,0.5241298302206053,0.5241298302206053,0.5241298302206053,0.5241298302206053,0.5241298302206053,0.5241298302206053,0.5241298302206053,0.5241298302206053,0.5241298302206053,0.5241298302206053,0.5241298302206053,0.5241298302206053,0.2483400274289098,0.6923597622541515,0.2468702433798157,0.2607237346279695,0.3107428839937599,0.2930785574470923,0.2518615245740749,0.96190623613572,0.3323612606738366,0.7376742595744824,0.4154430790151092,0.2442619848069828,1.0001137444080823,0.3937762012511613,-0.0001881622600532,-0.0002059472163247,337.0,0.0,0.8208245363224256,0.2369231670586005,0.8011131119296838,0.6424195402459892,0.8015446039715485,0.4009949802868912,0.4502160475125643,0.9242973251731486,0.0712337006125366,0.1562007268025876,0.9728324105112393,0.9132513066775164,0.1468680542722815,0.9734592170118912,100000,30,14,0.1,5.0,0.1,0,13,0.001,1e-06,0.001,1e-07,1.0,1e-08,adamax,0,0.0,disordered,1,0.5307048063966179,0 days 16:21:07.613160,0.0001881736594839,1.3283341805303,1.2188732852766364
55,55,55,55,0.4180637241455752,0.4180637241455752,0.4180637241455752,0.4180637241455752,0.4180637241455752,0.4180637241455752,0.4180637241455752,0.4180637241455752,0.4180637241455752,0.4180637241455752,0.4180637241455752,0.4180637241455752,0.4180637241455752,0.4180637241455752,1.0000055981399747,0.1576271614687339,0.7715111111341334,0.4680042500942875,0.1632669723419749,0.7805139893270738,0.1715598906651296,0.2445350831391808,0.2991133838517912,0.6315688952859427,0.1655188412286132,0.1734921413790974,0.304663150287741,0.9465356004745004,-0.0002384106192316,-0.0002679562688689,429.0,0.0,0.2654554315187777,0.892106866269302,0.9047752275802584,0.02374579364467,0.0097116349681444,0.3269948613028287,0.9311784773555224,0.7913436883497563,0.386850978460129,0.8580108138212066,0.3075618302920075,0.3474174026041087,0.1904783218387498,0.9595511044269076,100000,30,14,0.1,5.0,0.1,0,13,0.001,1e-06,0.001,1e-07,1.0,1e-08,adamax,0,0.0,disordered,1,0.4159574376088599,0 days 16:21:07.613160,0.0002384127699229,1.2634981782719201,1.2285434500712762
56,56,56,56,0.4757236139187883,0.4757236139187883,0.4757236139187883,0.4757236139187883,0.4757236139187883,0.4757236139187883,0.4757236139187883,0.4757236139187883,0.4757236139187883,0.4757236139187883,0.4757236139187883,0.4757236139187883,0.4757236139187883,0.4757236139187883,0.3776370868986949,0.2602446846667961,0.2708358252262098,0.9000283612572859,0.2085886484567832,0.241629643215293,0.267147778307945,0.2505333767691265,0.2096043700326886,1.000555483092362,0.3074057374432589,0.2457153753135808,0.8277422933338032,0.4571148152752802,-0.0002039305366475,-0.0002270979793945,359.0,0.0,0.8036306332035066,0.4624248054107556,0.2642765705883787,0.9659796005287032,0.3968199655598801,0.2107055644668479,0.4246563813836979,0.7191217102511182,0.770684798983071,0.1089855521364941,0.945930767553762,0.6745707526164916,0.0624957620655682,0.8374364376590171,100000,30,14,0.1,5.0,0.1,0,13,0.001,1e-06,0.001,1e-07,1.0,1e-08,adamax,0,0.0,disordered,1,0.472427431449806,0 days 16:21:07.613160,0.0002039338894358,1.3644891011882618,1.2513013116892338
57,57,57,57,0.4606028844202396,0.4606028844202396,0.4606028844202396,0.4606028844202396,0.4606028844202396,0.4606028844202396,0.4606028844202396,0.4606028844202396,0.4606028844202396,0.4606028844202396,0.4606028844202396,0.4606028844202396,0.4606028844202396,0.4606028844202396,0.1600417455861632,0.5382368296890518,0.7896835190385084,0.1818586996046029,0.1783976729568612,0.3419391712607198,0.2105767122834712,1.000690268739083,0.291544859815341,0.2738554360960157,0.3951166137063691,0.9591490140962944,0.1941614218575338,0.1622934087459006,-0.0002220877959426,-0.0002454402282233,539.0,0.0,0.9719037368942256,0.8377476422704673,0.0097848792944588,0.4730889081790549,0.5891737739594198,0.8879986937026283,0.5027604854148191,0.0773238153824005,0.933525505036036,0.951735797816364,0.4861622150139764,0.0534427364833297,0.8388906791646739,0.7416726764410203,100000,30,14,0.1,5.0,0.1,0,13,0.001,1e-06,0.001,1e-07,1.0,1e-08,adamax,0,0.0,disordered,1,0.4556735931119589,0 days 16:21:07.613160,0.000222098669677,1.3680045877715652,1.2450737605965345
58,58,58,58,0.3919100249433399,0.3919100249433399,0.3919100249433399,0.3919100249433399,0.3919100249433399,0.3919100249433399,0.3919100249433399,0.3919100249433399,0.3919100249433399,0.3919100249433399,0.3919100249433399,0.3919100249433399,0.3919100249433399,0.3919100249433399,1.0001961286137735,0.6860333464282039,0.141100630052902,0.1399016864437656,0.2895322800728069,0.6568619754215832,0.2625448923084411,0.1659328384104629,0.3981084043964231,0.5840367221215009,0.1149674095564318,0.4962653576327827,0.1659737630466256,0.8200385157401736,-0.0002488855018706,-0.000268391095385,670.0,0.0,0.9712340798009208,0.0073136945373993,0.4354944495200968,0.2838023986323703,0.1077050956833312,0.7351346026730965,0.3412149163770641,0.0389691391211579,0.1336268057264049,0.8060002972277002,0.60587101798938,0.2150506251736147,0.6960422280017734,0.1304047937127705,100000,30,14,0.1,5.0,0.1,0,13,0.001,1e-06,0.001,1e-07,1.0,1e-08,adamax,0,0.0,disordered,1,0.3896853888298375,0 days 16:21:07.613160,0.0002488884513328,1.3612430246260672,1.2807038773387263
59,59,59,59,0.2263129568399526,0.2263129568399526,0.2263129568399526,0.2263129568399526,0.2263129568399526,0.2263129568399526,0.2263129568399526,0.2263129568399526,0.2263129568399526,0.2263129568399526,0.2263129568399526,0.2263129568399526,0.2263129568399526,0.2263129568399526,6.654740239095867e-06,0.1130623959011145,0.7862991372003443,0.3659959997874782,2.8225152081031855e-07,0.0325086309364524,1.0575799875113957e-06,0.0649893477456389,1.5240055727935977e-07,0.2603357047441392,0.5723234172753942,0.1374766213490295,0.0718925327268216,0.0135739320396965,-0.0004035552761531,-0.000527318424641,100000.0,0.0,0.6731877575019788,0.6550402554226945,0.0055257315325957,0.5115154737487803,0.7263154319326705,0.7585337396231457,0.7057083392270682,0.8850456138709182,0.7562078404723139,0.9219899000274794,0.414807003582114,0.0341609866651546,0.1810034150072165,0.2877822813860587,100000,30,14,0.1,5.0,0.1,0,13,0.001,1e-06,0.001,1e-07,1.0,1e-08,adamax,0,0.0,disordered,1,0.2265656955820893,0 days 16:21:07.613160,0.0004035555495907,2.1369195558827085,1.4750167716670928
60,60,60,60,0.333461801578636,0.333461801578636,0.333461801578636,0.333461801578636,0.333461801578636,0.333461801578636,0.333461801578636,0.333461801578636,0.333461801578636,0.333461801578636,0.333461801578636,0.333461801578636,0.333461801578636,0.333461801578636,0.0003069744463384,0.1738351912720791,0.3553466104597491,5.782926049448476e-05,0.2874192347554222,0.3810232117147165,2.066201799341244e-05,0.058519810907668,0.5053653437735848,3.071852057374937e-05,0.8751405213449028,0.1544548809872128,5.104121457369073e-05,0.76862148561855,-0.0002936689587501,-0.0003484118793346,8088.0,1.0,0.0417916138033247,0.1081595418560484,0.5187791211329045,0.2524893831318888,0.2855351348958012,0.7414695266286413,0.854679634313597,0.8620398082340321,0.3706215974025555,0.709630073307115,0.8523046329128582,0.1509575400611467,0.2005536674721244,0.6479602930950665,100000,30,14,0.1,5.0,0.1,0,13,0.001,1e-06,0.001,1e-07,1.0,1e-08,adamax,0,0.0,disordered,1,0.3355817223555067,0 days 16:21:07.613160,0.0002936736003803,1.6790247297044951,1.305598788027645
61,61,61,61,0.2191196687578146,0.2191196687578146,0.2191196687578146,0.2191196687578146,0.2191196687578146,0.2191196687578146,0.2191196687578146,0.2191196687578146,0.2191196687578146,0.2191196687578146,0.2191196687578146,0.2191196687578146,0.2191196687578146,0.2191196687578146,0.1325815326584176,0.0779001375489207,6.040844526345348e-07,0.3172544599877553,0.0351772543748613,0.3992547527468982,0.0497289235356606,3.649871721066438e-06,1.0946450182002751e-06,0.1113817536152299,0.3614809166145859,5.543052403075258e-06,0.5278201470344152,0.3782854367368369,-0.0003602876570176,-0.0004152890616477,100000.0,0.0,0.2655503599204205,0.1926771538050761,0.367520227322573,0.0159832471722322,0.4383192764607815,0.0472699422103378,0.2447102483994975,0.2175422008613383,0.3294452338784563,0.1253899564827365,0.4711964164244566,0.6878566433246712,0.338928923504192,0.9271932187857496,100000,30,14,0.1,5.0,0.1,0,13,0.001,1e-06,0.001,1e-07,1.0,1e-08,adamax,0,0.0,disordered,1,0.2200970445183978,0 days 16:21:07.613160,0.0003602894632468,2.4852178613581675,1.5783522602651419
62,62,62,62,0.333461801578636,0.333461801578636,0.333461801578636,0.333461801578636,0.333461801578636,0.333461801578636,0.333461801578636,0.333461801578636,0.333461801578636,0.333461801578636,0.333461801578636,0.333461801578636,0.333461801578636,0.333461801578636,1.0000467586197053,0.098333481589636,0.4045729664144487,0.9124079434558136,0.0516616786051943,0.1862565790963852,0.1968530257852948,0.825967123737693,0.2791243325342342,0.1183491640162486,0.1074258907484341,0.0412646247328864,0.4901383823354578,0.0357543248259273,-0.0002878859770537,-0.000341692177037,978.0,0.0,0.8597668788883609,0.3060151354329368,0.038900403522143,0.7681917007692237,0.2400123129050898,0.3321610405787516,0.5793352263468351,0.998879676887163,0.2996775666119918,0.4685230029239946,0.6274508828630837,0.6833723791568794,0.2121661834498004,0.595321747502258,100000,30,14,0.1,5.0,0.1,0,13,0.001,1e-06,0.001,1e-07,1.0,1e-08,adamax,0,0.0,disordered,1,0.3315059754555778,0 days 16:21:07.613160,0.000287889331018,1.5446746173095764,1.3617271402391555
63,63,63,63,0.2575263326771198,0.2575263326771198,0.2575263326771198,0.2575263326771198,0.2575263326771198,0.2575263326771198,0.2575263326771198,0.2575263326771198,0.2575263326771198,0.2575263326771198,0.2575263326771198,0.2575263326771198,0.2575263326771198,0.2575263326771198,3.133174696029234e-06,0.8525912020673515,1.5907708170250724e-06,0.9066925396845849,0.3617752438003163,2.491164278546822e-07,0.0752846136197896,3.031457672092719e-07,0.0101628519364862,0.6777407355612772,0.1194999904609412,2.382855163475867e-07,2.689621092126264e-07,2.156833916573301e-07,-0.0003691586161651,-0.0005485095286741,100000.0,0.0,0.5441064429064965,0.6585798628076089,0.114996975033249,0.126294515936877,0.9755274904159574,0.8213015645453736,0.8275573150954998,0.9341044081009072,0.9606477600179142,0.3934875320999323,0.7540671762368577,0.6416200925555191,0.5598502694613712,0.6793483833215337,100000,30,14,0.1,5.0,0.1,0,13,0.001,1e-06,0.001,1e-07,1.0,1e-08,adamax,0,0.0,disordered,1,0.2552572549212905,0 days 16:21:07.613160,0.000369169554335,2.1436328360750485,1.4084044056398237
64,64,64,64,0.4180637241455752,0.4180637241455752,0.4180637241455752,0.4180637241455752,0.4180637241455752,0.4180637241455752,0.4180637241455752,0.4180637241455752,0.4180637241455752,0.4180637241455752,0.4180637241455752,0.4180637241455752,0.4180637241455752,0.4180637241455752,0.366315512625952,0.5999580715290201,0.2684836551829127,0.1925371865472135,0.3070949658705629,0.5958237967264631,0.3071005706165864,1.0011095323684995,0.2340033293070053,0.2962323994993995,0.6542799284709777,0.3253322327329852,0.2091742353339475,0.1676729274695255,-0.0002292778395476,-0.0002502590242537,492.0,0.0,0.3194334511245228,0.8621787179353753,0.4070223282075782,0.1481786877104517,0.01098085101386,0.6391893320658769,0.2316316889649254,0.9560655599081944,0.195004457412108,0.3161794080516598,0.9841316837334272,0.5198546202904285,0.9220245989560004,0.781437673828669,100000,30,14,0.1,5.0,0.1,0,13,0.001,1e-06,0.001,1e-07,1.0,1e-08,adamax,0,0.0,disordered,1,0.4224145130142298,0 days 16:21:07.613160,0.0002292866757338,1.321502610550777,1.3064167933596027
65,65,65,65,0.3444087275973818,0.3444087275973818,0.3444087275973818,0.3444087275973818,0.3444087275973818,0.3444087275973818,0.3444087275973818,0.3444087275973818,0.3444087275973818,0.3444087275973818,0.3444087275973818,0.3444087275973818,0.3444087275973818,0.3444087275973818,0.0698374381103548,0.2238106305206266,0.0470557590398922,0.8232007563401359,0.0232839989146814,0.0429452690234272,0.0485608026409057,0.0257557735452751,1.0001214108381051,0.1550589254193925,0.3977493341740393,0.510333447150635,0.0598668643437927,0.0701799314963772,-0.0002826572621021,-0.0003451268678085,1209.0,0.0,0.1189656934694649,0.2159834369804282,0.3871775574072005,0.8809562507227594,0.3339882823452316,0.463082038554324,0.4807654820193242,0.3247552471025198,0.7864852844832143,0.0548267275661812,0.2259101612470958,0.8250852070925885,0.6163417034041984,0.51182482978383,100000,30,14,0.1,5.0,0.1,0,13,0.001,1e-06,0.001,1e-07,1.0,1e-08,adamax,0,0.0,disordered,1,0.3489373665869562,0 days 16:21:07.613160,0.0002826774535208,1.8530956913726127,1.3370083745847656
66,66,66,66,0.1925613572129196,0.1925613572129196,0.1925613572129196,0.1925613572129196,0.1925613572129196,0.1925613572129196,0.1925613572129196,0.1925613572129196,0.1925613572129196,0.1925613572129196,0.1925613572129196,0.1925613572129196,0.1925613572129196,0.1925613572129196,2.347633266918637e-05,0.1146189538621844,0.1675754470042572,0.6686354224250132,2.9747573670045463e-05,0.5868631093850841,6.386735122689397e-05,0.0232801234429758,2.096421420687608e-05,0.4248969052306173,6.839025356764186e-06,0.0179713730969411,3.5364922494668863e-06,0.4729020498195269,-0.0004079487861132,-0.0005390174506836,8447.0,1.0,0.3695079637628718,0.1301395767928599,0.4567843092033645,0.9870944758123702,0.5950884747622851,0.5765793507415918,0.9901185849563507,0.8854033802553948,0.9991993182784584,0.9536333395616264,0.6674968517385982,0.3053121936604561,0.6281431780271564,0.3482098358137734,100000,30,14,0.1,5.0,0.1,0,13,0.001,1e-06,0.001,1e-07,1.0,1e-08,adamax,0,0.0,disordered,1,0.1921122758234384,0 days 16:21:07.613160,0.0004079491675932,1.7483836309077367,1.5502317558624525
67,67,67,67,0.293044697697214,0.293044697697214,0.293044697697214,0.293044697697214,0.293044697697214,0.293044697697214,0.293044697697214,0.293044697697214,0.293044697697214,0.293044697697214,0.293044697697214,0.293044697697214,0.293044697697214,0.293044697697214,0.4123863157233837,1.0001247858578566,0.0034013864325592,0.0943155707629928,0.0035218724073622,0.7645084706917653,0.0485233086518972,0.4195139521874438,0.634894892295637,0.1273671441523151,0.197496412677407,0.2136648441554934,0.1006660754534402,0.0134656264854264,-0.0003328906788289,-0.0003876396388027,2040.0,0.0,0.810769530791913,0.1373004610757547,0.4625463334785304,0.8407760221468864,0.4545120864552048,0.6010178494198809,0.098282937984683,0.2851049834564449,0.954485228687717,0.6569395453324917,0.3649391687249511,0.5168811759658247,0.7748685781334842,0.7874703499468639,100000,30,14,0.1,5.0,0.1,0,13,0.001,1e-06,0.001,1e-07,1.0,1e-08,adamax,0,0.0,disordered,1,0.2916990829624383,0 days 16:21:07.613160,0.000332893238851,1.6500730287962289,1.4010874030163631
68,68,68,68,0.4757236139187883,0.4757236139187883,0.4757236139187883,0.4757236139187883,0.4757236139187883,0.4757236139187883,0.4757236139187883,0.4757236139187883,0.4757236139187883,0.4757236139187883,0.4757236139187883,0.4757236139187883,0.4757236139187883,0.4757236139187883,0.8768026432201675,0.1691005235685876,0.2949027524357993,0.239142504489968,0.1760589143427331,0.2344744712576609,0.2365909890265224,0.2553825151627455,0.2595131729022413,0.2845833661386808,0.1745460359049362,1.00029495178816,0.6348948359079822,0.7002567571987233,-0.0002011923008066,-0.0002260045408312,472.0,0.0,0.8279679389790622,0.2896426787975475,0.2383059387980907,0.6385084824992602,0.5272006473755549,0.5648867514980614,0.2146149182040537,0.3186241281654006,0.7520531805662839,0.3583232572055379,0.7574855506164321,0.0466446628262281,0.9508661797045698,0.208073038688888,100000,30,14,0.1,5.0,0.1,0,13,0.001,1e-06,0.001,1e-07,1.0,1e-08,adamax,0,0.0,disordered,1,0.4730555893073763,0 days 16:21:07.613160,0.0002011946070503,1.4433470461655797,1.2509163136232628
69,69,69,69,0.3919100249433399,0.3919100249433399,0.3919100249433399,0.3919100249433399,0.3919100249433399,0.3919100249433399,0.3919100249433399,0.3919100249433399,0.3919100249433399,0.3919100249433399,0.3919100249433399,0.3919100249433399,0.3919100249433399,0.3919100249433399,0.1014773447677132,1.0000749811819545,0.0979632348275934,0.7517576978892593,0.3403663418493091,0.2287102721046293,0.3667094116075576,0.4887951986568356,0.4079033666995044,0.1559905799919279,0.3459085355041976,0.7240054080294052,0.1397794957064896,0.1595983050423116,-0.0002571181999622,-0.0002814907825713,646.0,0.0,0.4782076330508558,0.9208852532322118,0.2534796826385556,0.22738427258263,0.9856407059323568,0.9044301672206756,0.5322461972191177,0.0610219450589694,0.6046687082088471,0.2515781875767063,0.2140104759049822,0.9321430366726656,0.6194232422172982,0.4440395249769181,100000,30,14,0.1,5.0,0.1,0,13,0.001,1e-06,0.001,1e-07,1.0,1e-08,adamax,0,0.0,disordered,1,0.386547334076929,0 days 16:21:07.613160,0.0002571376144673,1.2997948719115135,1.2934631437425228
70,70,70,70,0.2054117348353062,0.2054117348353062,0.2054117348353062,0.2054117348353062,0.2054117348353062,0.2054117348353062,0.2054117348353062,0.2054117348353062,0.2054117348353062,0.2054117348353062,0.2054117348353062,0.2054117348353062,0.2054117348353062,0.2054117348353062,0.7349100433083716,4.724467857717734e-05,0.7679413548070503,5.874080404609217e-05,0.2894402273757789,0.1137897156630087,0.3682949358318628,0.0002938784660283,0.4076763396531185,0.3460961577211841,4.066717868649e-05,0.0079308991841166,0.1719069862872374,0.0155307976515472,-0.0004126670684026,-0.0004828884038251,7345.0,1.0,0.0626588585856636,0.3716213986030104,0.863983149761172,0.302676282624697,0.3227942730688419,0.6068560668114126,0.2521406786205266,0.5569347628095851,0.7686825338221793,0.2866737766544271,0.4727508707947953,0.5762673366342947,0.363331391445274,0.2236183745546042,100000,30,14,0.1,5.0,0.1,0,13,0.001,1e-06,0.001,1e-07,1.0,1e-08,adamax,0,0.0,disordered,1,0.2046280812140765,0 days 16:21:07.613160,0.0004126688519576,1.930545633344058,1.6360074989142865
71,71,71,71,0.2659804395593755,0.2659804395593755,0.2659804395593755,0.2659804395593755,0.2659804395593755,0.2659804395593755,0.2659804395593755,0.2659804395593755,0.2659804395593755,0.2659804395593755,0.2659804395593755,0.2659804395593755,0.2659804395593755,0.2659804395593755,0.5884436745247684,0.3055031229086566,0.4676097261609381,1.001161443342217,0.2606016808941239,0.0670295481998231,0.3855116995176719,0.0754210606779956,0.3065068172198216,0.089477845284847,0.0803139158774476,0.0903404072092085,0.2198836776338231,0.5056561011769525,-0.0003179752935604,-0.0003913053967439,603.0,0.0,0.1144018670174983,0.5654837920917276,0.937429217870874,0.0187662025074489,0.8656634618701456,0.9624731102430444,0.5423265014841474,0.967883458447882,0.7047824365175038,0.5452252080293496,0.4636750178949943,0.4663990069336898,0.6819967270741285,0.2345053687759503,100000,30,14,0.1,5.0,0.1,0,13,0.001,1e-06,0.001,1e-07,1.0,1e-08,adamax,0,0.0,disordered,1,0.2635953533795743,0 days 16:21:07.613160,0.0003179818860212,1.5430855205291683,1.472460503312498
72,72,72,72,0.31260072430687,0.31260072430687,0.31260072430687,0.31260072430687,0.31260072430687,0.31260072430687,0.31260072430687,0.31260072430687,0.31260072430687,0.31260072430687,0.31260072430687,0.31260072430687,0.31260072430687,0.31260072430687,0.0421208128204535,0.0364760863314756,0.0347141927804047,1.0000519133049268,0.0939377924014428,0.0358164061645183,0.0323385036400752,0.4392157918790559,0.5178691834136615,0.0102853179049419,0.274912342981187,0.0162108866643995,0.3275482275164611,0.4812666504735881,-0.0003042779401372,-0.0003600972084421,1521.0,0.0,0.7154011245036019,0.490989737027474,0.6746622185381884,0.9408617504122404,0.2334536817920307,0.4032255184610195,0.2751601289752232,0.0526764147171315,0.6220897071828432,0.628520015007522,0.9994108501412068,0.6010269037381571,0.3961064626087849,0.9011587193387256,100000,30,14,0.1,5.0,0.1,0,13,0.001,1e-06,0.001,1e-07,1.0,1e-08,adamax,0,0.0,disordered,1,0.3123255656243773,0 days 16:21:07.613160,0.0003042779431534,1.749159745521677,1.3605514103544551
73,73,73,73,0.4317879727332017,0.4317879727332017,0.4317879727332017,0.4317879727332017,0.4317879727332017,0.4317879727332017,0.4317879727332017,0.4317879727332017,0.4317879727332017,0.4317879727332017,0.4317879727332017,0.4317879727332017,0.4317879727332017,0.4317879727332017,0.4526181396552736,0.1481791677949281,0.7462273720872608,0.2434377268734355,0.0922946703054238,0.6876877210546961,0.0890166478447958,0.0997001760993183,1.0000380640873388,0.5562124701732617,0.8991573247171694,0.0883556881854189,0.1395566097848965,0.1923531829976223,-0.0002186971523473,-0.0002478977162297,809.0,0.0,0.0153843211944366,0.3027069692435673,0.7519290472142671,0.1614870135216741,0.3612359751794584,0.8490636365580233,0.3446746493451292,0.242960708934384,0.8905882682808496,0.0774172052746193,0.856691807280719,0.3153846173974736,0.2077847171545707,0.4878787630597822,100000,30,14,0.1,5.0,0.1,0,13,0.001,1e-06,0.001,1e-07,1.0,1e-08,adamax,0,0.0,disordered,1,0.4287350335789502,0 days 16:21:07.613160,0.0002187004449383,1.4477571775215203,1.3105851713728458
74,74,74,74,0.2837303616516209,0.2837303616516209,0.2837303616516209,0.2837303616516209,0.2837303616516209,0.2837303616516209,0.2837303616516209,0.2837303616516209,0.2837303616516209,0.2837303616516209,0.2837303616516209,0.2837303616516209,0.2837303616516209,0.2837303616516209,0.8860294376330127,0.021395495556023,0.3761148168283802,0.0283703860943267,0.0001431910008932,0.8946324877631411,0.0871888839762032,0.6700295221044122,0.0905545405795681,0.1085719216001504,0.7169338250615331,0.0020463209691107,4.425280163788908e-05,4.822480283525503e-05,-0.0003073906717475,-0.0003728710075312,7455.0,1.0,0.4834181147525649,0.9646969872568616,0.7525046995401022,0.4601224335495554,0.559448179377736,0.3183682671306512,0.9827215923343974,0.3859388031179065,0.8856894269797009,0.6560771856866561,0.9161440724365804,0.3545676606804618,0.4166964266045845,0.3693269630957549,100000,30,14,0.1,5.0,0.1,0,13,0.001,1e-06,0.001,1e-07,1.0,1e-08,adamax,0,0.0,disordered,1,0.2833670639439386,0 days 16:21:07.613160,0.0003073908448919,1.5597463489687813,1.4430735430476624
75,75,75,75,0.2337423870891812,0.2337423870891812,0.2337423870891812,0.2337423870891812,0.2337423870891812,0.2337423870891812,0.2337423870891812,0.2337423870891812,0.2337423870891812,0.2337423870891812,0.2337423870891812,0.2337423870891812,0.2337423870891812,0.2337423870891812,0.0591656448700598,0.1276208335993473,7.807918939795469e-07,0.3823496895652744,5.855577777383732e-07,0.221381153499602,0.4167683133516425,0.0711326361903152,3.834091335126207e-06,0.6582349017223961,0.3278144474009909,0.196160817524558,0.0521616993666891,3.717572603903189e-07,-0.0003639508095051,-0.0004131484064836,100000.0,0.0,0.8270428182013859,0.9531227652913028,0.8245693322036489,0.4514212725251594,0.8290967274280593,0.7301863689728796,0.5191332376501886,0.1834950095969402,0.2378709334464719,0.7037642552418423,0.1987394069753326,0.5603459846190683,0.8041887075195945,0.6538980773741612,100000,30,14,0.1,5.0,0.1,0,13,0.001,1e-06,0.001,1e-07,1.0,1e-08,adamax,0,0.0,disordered,1,0.2372553526465319,0 days 16:21:07.613160,0.0003639748254066,1.8127073249434036,1.526755940447167
76,76,76,76,0.2575263326771198,0.2575263326771198,0.2575263326771198,0.2575263326771198,0.2575263326771198,0.2575263326771198,0.2575263326771198,0.2575263326771198,0.2575263326771198,0.2575263326771198,0.2575263326771198,0.2575263326771198,0.2575263326771198,0.2575263326771198,0.491501776589518,0.2284284827458093,0.0488260793875143,0.0375367915938954,0.0392635264085166,0.3292689356354171,0.1306295058189347,0.090770901965339,0.0744369047152928,0.0347299584637322,0.3522739050942415,0.1133148793044246,0.1313266976428023,1.000137815995494,-0.0003681098447246,-0.000449252999463,1087.0,0.0,0.6097557171857994,0.2577333633717787,0.119935968613166,0.0339098497467681,0.0463400935683828,0.2317624605308721,0.5576826791052716,0.4236802611593196,0.2040989308365327,0.3026871386777993,0.4612512907545262,0.798942229904156,0.6559291488966292,0.0409055308440315,100000,30,14,0.1,5.0,0.1,0,13,0.001,1e-06,0.001,1e-07,1.0,1e-08,adamax,0,0.0,disordered,1,0.2540880642021223,0 days 16:21:07.613160,0.0003681334626593,1.6320136844751068,1.2840855950700876
77,77,77,77,0.367392478180207,0.367392478180207,0.367392478180207,0.367392478180207,0.367392478180207,0.367392478180207,0.367392478180207,0.367392478180207,0.367392478180207,0.367392478180207,0.367392478180207,0.367392478180207,0.367392478180207,0.367392478180207,0.1068627208682352,1.0000156056190133,0.0799453928358212,0.1256388642635857,0.204769231952958,0.0799422687687669,0.0860605301593075,0.6377076942786618,0.1087825705101381,0.3045159881638248,0.4209544875140091,0.4125004921912889,0.6723520945365256,0.0856199768124959,-0.000271062889711,-0.0003002361009387,840.0,0.0,0.4815189960665327,0.1859971408619078,0.8548328677142727,0.8849042337673497,0.5546647111131409,0.7364080424825971,0.686781002516244,0.8168348678564569,0.2788157443291197,0.2292883141352593,0.7463090556139563,0.9590819260938424,0.2298178228373562,0.5677739835398896,100000,30,14,0.1,5.0,0.1,0,13,0.001,1e-06,0.001,1e-07,1.0,1e-08,adamax,0,0.0,disordered,1,0.3678122114199275,0 days 16:21:07.613160,0.000271063119609,1.5439776385530444,1.2832696262511887
78,78,78,78,0.3557150206821381,0.3557150206821381,0.3557150206821381,0.3557150206821381,0.3557150206821381,0.3557150206821381,0.3557150206821381,0.3557150206821381,0.3557150206821381,0.3557150206821381,0.3557150206821381,0.3557150206821381,0.3557150206821381,0.3557150206821381,0.1102382004921322,0.0773581491368431,0.5979263272580928,0.4282065597311537,0.0281251639384749,0.2011333681930801,0.5576668283877957,0.0185430100477064,0.015375039532157,1.000068781657301,0.1280481568013741,0.6316192089035711,0.0157781781831233,0.0174676111596939,-0.0002728688567261,-0.0003229006174654,2094.0,0.0,0.5442195125318621,0.3735582233951082,0.7502377867354061,0.1317663476758382,0.3717770738280922,0.4310672285924066,0.9529997793113488,0.6843037903798886,0.7109588786233508,0.9997911436030892,0.2267787050296258,0.6035266324041912,0.1076616957623852,0.1624966741586189,100000,30,14,0.1,5.0,0.1,0,13,0.001,1e-06,0.001,1e-07,1.0,1e-08,adamax,0,0.0,disordered,1,0.3561116515715133,0 days 16:21:07.613160,0.0002728690304861,1.546084386344478,1.3507081800904939
79,79,79,79,0.3228628202536728,0.3228628202536728,0.3228628202536728,0.3228628202536728,0.3228628202536728,0.3228628202536728,0.3228628202536728,0.3228628202536728,0.3228628202536728,0.3228628202536728,0.3228628202536728,0.3228628202536728,0.3228628202536728,0.3228628202536728,0.007274957215102,0.0329125649934577,0.0369945564764795,0.1862078998334103,0.0264844391311553,0.0189067147050783,0.1000906131192485,0.0037642951764654,0.0258470326945216,0.0052398533382804,1.00002909936301,0.0787100380780911,0.865651086812548,0.0154351617014412,-0.0002435574136225,-0.0003169940210535,2098.0,0.0,0.6961278409738247,0.8259834276770187,0.6357975895967353,0.5797828945619068,0.790630726295852,0.9562374211517236,0.9255221732521834,0.8087770068293173,0.4321179044971832,0.7663340080029579,0.2338323123187341,0.904048678156823,0.2797343041595618,0.9803847111856008,100000,30,14,0.1,5.0,0.1,0,13,0.001,1e-06,0.001,1e-07,1.0,1e-08,adamax,0,0.0,disordered,1,0.321616205037829,0 days 16:21:07.613160,0.0002435579663169,2.628585796185073,1.3473723631626868
80,80,80,80,0.3228628202536728,0.3228628202536728,0.3228628202536728,0.3228628202536728,0.3228628202536728,0.3228628202536728,0.3228628202536728,0.3228628202536728,0.3228628202536728,0.3228628202536728,0.3228628202536728,0.3228628202536728,0.3228628202536728,0.3228628202536728,0.2671696474085877,7.884027110195953e-07,9.191011750464074e-07,0.2483293538756888,6.943189988325532e-07,0.9166770052468418,5.1794619991581e-06,0.3718497661089959,0.7925681343252621,4.895683344488232e-07,0.1462670895101332,0.3971467301951796,1.5207590100027794e-06,0.4099730391441162,-0.0003087139162764,-0.0003658283558368,100000.0,0.0,0.3016832549624413,0.2640832767535498,0.3363274420383708,0.4851418951388808,0.2002006434705995,0.2637231920312685,0.8842365683840808,0.9313198157180764,0.1553798826124388,0.4413512264260195,0.4198464085418141,0.8282891159533825,0.6604139492479763,0.4080416756397663,100000,30,14,0.1,5.0,0.1,0,13,0.001,1e-06,0.001,1e-07,1.0,1e-08,adamax,0,0.0,disordered,1,0.3232135517696296,0 days 16:21:07.613160,0.0003087141268768,1.6590984785894989,1.307537107589421
81,81,81,81,0.3026648059395688,0.3026648059395688,0.3026648059395688,0.3026648059395688,0.3026648059395688,0.3026648059395688,0.3026648059395688,0.3026648059395688,0.3026648059395688,0.3026648059395688,0.3026648059395688,0.3026648059395688,0.3026648059395688,0.3026648059395688,9.999878295625149e-08,1.5634412594766736e-07,0.3102399547115541,1.6095243132428018e-07,0.2763544450048983,0.3708819315001097,5.318715648166448e-07,0.7697791627545761,0.0932905853631244,0.1129426130981405,4.764572994939705e-07,0.0748901274116232,0.1550987309749817,0.9132575895495376,-0.0002976883766172,-0.0003684624129523,78681.0,0.0,0.788695792970943,0.6051509888335281,0.2093610962463399,0.7926281560532956,0.4656375164822883,0.8869505002259676,0.6652286902850271,0.1511461071182099,0.7566756965413822,0.5812057528556136,0.5415794581404321,0.4197375547591516,0.66289024476234,0.063289788225274,100000,30,14,0.1,5.0,0.1,0,13,0.001,1e-06,0.001,1e-07,1.0,1e-08,adamax,0,0.0,disordered,1,0.3007478925052108,0 days 16:21:07.613160,0.0002976922742724,2.4016217549382888,1.440680356604925
82,82,82,82,0.3557150206821381,0.3557150206821381,0.3557150206821381,0.3557150206821381,0.3557150206821381,0.3557150206821381,0.3557150206821381,0.3557150206821381,0.3557150206821381,0.3557150206821381,0.3557150206821381,0.3557150206821381,0.3557150206821381,0.3557150206821381,0.1155267475614045,1.000618583849085,0.1827798876469965,0.1857843474996743,0.1685991088871732,0.1216068305974732,0.1267504361692983,0.1558335866075649,0.1450613143180449,0.425208714527859,0.6740097263977598,0.1420384910307034,0.291816977386297,0.7452886525500398,-0.0002796594205141,-0.0003257830682879,526.0,0.0,0.5038335624770842,0.935506718815235,0.2048671372175592,0.137013393890617,0.4105203445189851,0.5195104419443821,0.3765258345746637,0.4839410295657812,0.6746681273088498,0.7927785685533543,0.0515914868847581,0.3817122140834397,0.6192309160099487,0.0209156604668269,100000,30,14,0.1,5.0,0.1,0,13,0.001,1e-06,0.001,1e-07,1.0,1e-08,adamax,0,0.0,disordered,1,0.3508574600501139,0 days 16:21:07.613160,0.0002796806027063,1.4845072606452097,1.268313342586548
83,83,83,83,0.333461801578636,0.333461801578636,0.333461801578636,0.333461801578636,0.333461801578636,0.333461801578636,0.333461801578636,0.333461801578636,0.333461801578636,0.333461801578636,0.333461801578636,0.333461801578636,0.333461801578636,0.333461801578636,0.3861717776499754,0.243299554370849,0.014787137921089,0.3811520977151627,0.0422406536766326,0.2418364189630598,0.6880291892338507,0.0080855301044868,1.0000784376764171,0.1096539068997564,0.324810042072266,0.337860834116321,0.0095461693567288,0.0094821693261458,-0.0003034898153486,-0.0003713182938799,2533.0,0.0,0.949196085805464,0.6408209766622542,0.4850036743611498,0.4483143018991906,0.1472576819398338,0.0662550030853231,0.6809667073821352,0.923986139489024,0.79236850187799,0.021454334921551,0.0389684819440877,0.5126584980908546,0.5732641256148879,0.6063464038688403,100000,30,14,0.1,5.0,0.1,0,13,0.001,1e-06,0.001,1e-07,1.0,1e-08,adamax,0,0.0,disordered,1,0.3379373334159028,0 days 16:21:07.613160,0.0003035142047328,1.210256237474096,1.2235042349181227
84,84,84,84,0.3557150206821381,0.3557150206821381,0.3557150206821381,0.3557150206821381,0.3557150206821381,0.3557150206821381,0.3557150206821381,0.3557150206821381,0.3557150206821381,0.3557150206821381,0.3557150206821381,0.3557150206821381,0.3557150206821381,0.3557150206821381,0.1161353991351678,0.1139281756958879,0.6881896635398048,0.2570771567480202,0.2410440413347187,0.535195304678775,0.1498415372630538,1.0000822068351876,0.388142990253585,0.3925823675512991,0.2162309620126284,0.1790945863773633,0.1576849407823001,0.1189672675253516,-0.0002704078757766,-0.0003122226436319,561.0,0.0,0.8760248254439775,0.897865788127695,0.9892944308928155,0.3336362814836187,0.4685438744054826,0.993629312938368,0.7003627951620519,0.0574349150226748,0.9095515927383748,0.6166727366896131,0.1937122517675252,0.3477290547245186,0.5776592921086124,0.6527664441151828,100000,30,14,0.1,5.0,0.1,0,13,0.001,1e-06,0.001,1e-07,1.0,1e-08,adamax,0,0.0,disordered,1,0.3573716350219397,0 days 16:21:07.613160,0.0002704101404835,1.3430943735277534,1.3334902511000921
85,85,85,85,0.4180637241455752,0.4180637241455752,0.4180637241455752,0.4180637241455752,0.4180637241455752,0.4180637241455752,0.4180637241455752,0.4180637241455752,0.4180637241455752,0.4180637241455752,0.4180637241455752,0.4180637241455752,0.4180637241455752,0.4180637241455752,0.3648045892776725,0.1828078082986116,0.3668284462342944,0.2099728622617679,0.712444855377029,0.2915101518403172,0.5643277638918333,0.4992360011675696,0.1702002631256304,0.514701421571866,0.34773129919312,0.1937556926923747,0.2295880619821276,1.000329493213057,-0.0002373946100447,-0.0002578048755792,471.0,0.0,0.410728475381375,0.7443590959461956,0.5328265257248977,0.9747578061892131,0.8534960630493873,0.1500965432951359,0.1030876914121305,0.8535295930326651,0.6077306724577283,0.9762235664604278,0.435834779462619,0.1792983733266665,0.0369883463752735,0.7685847217103081,100000,30,14,0.1,5.0,0.1,0,13,0.001,1e-06,0.001,1e-07,1.0,1e-08,adamax,0,0.0,disordered,1,0.4221757586167183,0 days 16:21:07.613160,0.00023740410816,1.2743417854903039,1.2454178100391333
86,86,86,86,0.4180637241455752,0.4180637241455752,0.4180637241455752,0.4180637241455752,0.4180637241455752,0.4180637241455752,0.4180637241455752,0.4180637241455752,0.4180637241455752,0.4180637241455752,0.4180637241455752,0.4180637241455752,0.4180637241455752,0.4180637241455752,1.0001055295724726,0.1081621487341461,0.1506958002389753,0.1395297577698192,0.5798834614145711,0.4741674982626565,0.1410846525582984,0.6464498149357734,0.1786601828249633,0.1362073352328924,0.5724958248490234,0.5552065182846667,0.1118637692244123,0.9587808572180556,-0.0002430941402048,-0.0002722155641485,591.0,0.0,0.0835179293669268,0.6439031526829808,0.5635435668373796,0.739568320401929,0.943891263002008,0.2365214903841666,0.4826040926959499,0.7515620687294599,0.2023581685917818,0.0920116234928242,0.1380229866068717,0.9316879857781158,0.7894252030152007,0.2004108507488413,100000,30,14,0.1,5.0,0.1,0,13,0.001,1e-06,0.001,1e-07,1.0,1e-08,adamax,0,0.0,disordered,1,0.4201095612335036,0 days 16:21:07.613160,0.0002430965182022,1.296578042372936,1.2158154496583924
87,87,87,87,0.2263129568399526,0.2263129568399526,0.2263129568399526,0.2263129568399526,0.2263129568399526,0.2263129568399526,0.2263129568399526,0.2263129568399526,0.2263129568399526,0.2263129568399526,0.2263129568399526,0.2263129568399526,0.2263129568399526,0.2263129568399526,0.6887553633662978,0.52470456085391,0.0855268810660055,0.0001104967564665,0.1108393326030784,0.184290309553043,0.7538010901334821,0.0493105394359419,0.3506538010944698,1.8301089567465467e-05,0.000134912764871,0.3778085935029447,0.1396417910378054,4.4634323342370165e-05,-0.000389428068003,-0.0004689359321556,7522.0,1.0,0.0158897298359887,0.6378190116729733,0.3219068800907684,0.227954613732546,0.1995556372938079,0.4722253635804095,0.3422514539903797,0.9402172918894702,0.5658874773949365,0.9001261446978802,0.9246386652645656,0.9001324900548501,0.4983454905287332,0.5832895646919062,100000,30,14,0.1,5.0,0.1,0,13,0.001,1e-06,0.001,1e-07,1.0,1e-08,adamax,0,0.0,disordered,1,0.2289935842643813,0 days 16:21:07.613160,0.000389445288901,1.7063765730789677,1.4713232588769642
88,88,88,88,0.333461801578636,0.333461801578636,0.333461801578636,0.333461801578636,0.333461801578636,0.333461801578636,0.333461801578636,0.333461801578636,0.333461801578636,0.333461801578636,0.333461801578636,0.333461801578636,0.333461801578636,0.333461801578636,0.2076300539958873,0.8264654645465888,0.787871291884338,0.6604580406820443,0.1201586376722242,0.0983068852523175,0.1104902661398416,0.1106165277000262,0.0944012230437098,0.1133928972476794,0.0907723282716093,0.0971039013534266,0.3512965512169271,1.0005895517167531,-0.0002842994652463,-0.0003863170278019,591.0,0.0,0.5342589017236986,0.0202634807373287,0.9464100576900564,0.1510903531028005,0.5534559105858134,0.682647856788838,0.7863061131620858,0.5422231796108453,0.6391108790301397,0.8271093594992666,0.6435283568596154,0.6668418155384968,0.8540520560504438,0.0734116669155326,100000,30,14,0.1,5.0,0.1,0,13,0.001,1e-06,0.001,1e-07,1.0,1e-08,adamax,0,0.0,disordered,1,0.3383453112862567,0 days 16:21:07.613160,0.0002843215511943,1.8104573184615929,1.3124395226987198
89,89,89,89,0.367392478180207,0.367392478180207,0.367392478180207,0.367392478180207,0.367392478180207,0.367392478180207,0.367392478180207,0.367392478180207,0.367392478180207,0.367392478180207,0.367392478180207,0.367392478180207,0.367392478180207,0.367392478180207,0.8068283429461979,0.1075055498663701,0.1121751474790219,0.4448568523697455,0.9110965703293066,0.1290730158874385,0.2235445573828586,0.1432862849962196,0.1190229854723638,0.2730409836379815,0.2946094856462652,0.1313008600864141,0.3168376166172342,1.0003296631105092,-0.0002647760968081,-0.0003153568092614,586.0,0.0,0.518521050809158,0.0265520237612418,0.1513861713431294,0.0285064142169597,0.8662414965178878,0.329738218002739,0.5211312073463263,0.7872579379890905,0.688896824749785,0.9263145604956078,0.4898036887229915,0.7024378150343941,0.8677546688910042,0.1071970230385482,100000,30,14,0.1,5.0,0.1,0,13,0.001,1e-06,0.001,1e-07,1.0,1e-08,adamax,0,0.0,disordered,1,0.368306058164449,0 days 16:21:07.613160,0.0002647766104422,1.4888071264592344,1.3005567798485989
90,90,90,90,0.3026648059395688,0.3026648059395688,0.3026648059395688,0.3026648059395688,0.3026648059395688,0.3026648059395688,0.3026648059395688,0.3026648059395688,0.3026648059395688,0.3026648059395688,0.3026648059395688,0.3026648059395688,0.3026648059395688,0.3026648059395688,0.0251188678274489,0.5320748395853454,0.0984785038433764,0.3420929374486878,0.5667411027582683,0.1081066194467916,0.4991306330767648,0.7223638196643191,0.1790898573116245,0.4166781197819136,5.8114773302296654e-05,0.1792243811450822,0.1455667224594789,4.17854971322008e-05,-0.0003063857719011,-0.0003557508559584,7155.0,1.0,0.4698551588747217,0.0879942584045,0.5569643621342539,0.3133533464336471,0.8404982731519823,0.4683808695028418,0.16289530068774,0.8733791351470347,0.4258654966885558,0.0197112421874458,0.2686888585870096,0.3830994218100014,0.0262443207348223,0.1401115351915322,100000,30,14,0.1,5.0,0.1,0,13,0.001,1e-06,0.001,1e-07,1.0,1e-08,adamax,0,0.0,disordered,1,0.3072066855145927,0 days 16:21:07.613160,0.000306409837697,1.6544695591129572,1.428089605427184
91,91,91,91,0.2659804395593755,0.2659804395593755,0.2659804395593755,0.2659804395593755,0.2659804395593755,0.2659804395593755,0.2659804395593755,0.2659804395593755,0.2659804395593755,0.2659804395593755,0.2659804395593755,0.2659804395593755,0.2659804395593755,0.2659804395593755,0.5293901120578414,1.3359022819124418e-05,3.191410703556906e-05,0.026873817088186,0.0001580622933958,7.608552122506379e-05,0.0001501969104613,0.4795867059152193,0.7142325245927607,0.370588680560883,3.055297845706096e-05,0.1485751535690167,0.0652871604036128,2.4505234328521285e-05,-0.0003730462156605,-0.0005192173444509,7632.0,1.0,0.2965088687873769,0.3375832951584115,0.4375794644216485,0.2976178144068799,0.3206682412694038,0.4620787748246554,0.3519327463102876,0.7497859477666411,0.781070814915798,0.0176659638470567,0.1620922119128206,0.1018191438928746,0.3528687006585745,0.3562605533678569,100000,30,14,0.1,5.0,0.1,0,13,0.001,1e-06,0.001,1e-07,1.0,1e-08,adamax,0,0.0,disordered,1,0.2654546911307821,0 days 16:21:07.613160,0.0003730468540111,2.124384028978971,1.3460332531168175
92,92,92,92,0.3794532847236935,0.3794532847236935,0.3794532847236935,0.3794532847236935,0.3794532847236935,0.3794532847236935,0.3794532847236935,0.3794532847236935,0.3794532847236935,0.3794532847236935,0.3794532847236935,0.3794532847236935,0.3794532847236935,0.3794532847236935,0.4528380150080342,4.337574967454841e-05,0.030456559573747,0.0002252593125417,0.1346209518929979,0.3969997246358972,0.2510375245191409,0.186555952804585,0.000205361342905,0.8445120834571471,0.569855546757655,0.0001934025337576,0.5698861479910952,0.1001694295530751,-0.0002609629950044,-0.0003142389457863,6900.0,1.0,0.7492930954460025,0.729520125674327,0.8824147325613924,0.6829980203089694,0.5955341403008954,0.9943332014900896,0.641966715068702,0.3894717582066502,0.3047671450549398,0.0357513358910965,0.9441383821019348,0.7526396033854349,0.3770744740385141,0.8750264088387725,100000,30,14,0.1,5.0,0.1,0,13,0.001,1e-06,0.001,1e-07,1.0,1e-08,adamax,0,0.0,disordered,1,0.380355314883057,0 days 16:21:07.613160,0.0002609635073263,1.6729791389046482,1.263269699300741
93,93,93,93,0.2837303616516209,0.2837303616516209,0.2837303616516209,0.2837303616516209,0.2837303616516209,0.2837303616516209,0.2837303616516209,0.2837303616516209,0.2837303616516209,0.2837303616516209,0.2837303616516209,0.2837303616516209,0.2837303616516209,0.2837303616516209,0.0996140449646066,0.7264650630108664,0.0001992160013734,0.4652533543448298,0.1718952042037896,0.3213318396643111,3.141129913589027e-05,0.0157327805380682,0.0001345497959811,1.6682104890074054e-05,0.4468364701472454,0.5675798702814833,0.0001476277115198,0.3845426827709229,-0.0003424287446687,-0.0004212908423743,7149.0,1.0,0.762923530257859,0.4651733664606914,0.9557833448132416,0.8923995250960749,0.4460462226478133,0.427009935517979,0.1516958500288139,0.1024071282176544,0.3572105858326114,0.2145963222654221,0.0686048753592449,0.7354797423575674,0.9611756267230732,0.6873883811420436,100000,30,14,0.1,5.0,0.1,0,13,0.001,1e-06,0.001,1e-07,1.0,1e-08,adamax,0,0.0,disordered,1,0.2840169943512901,0 days 16:21:07.613160,0.0003424288934147,1.8167251903273738,1.3354474054443153
94,94,94,94,0.1988827856988807,0.1988827856988807,0.1988827856988807,0.1988827856988807,0.1988827856988807,0.1988827856988807,0.1988827856988807,0.1988827856988807,0.1988827856988807,0.1988827856988807,0.1988827856988807,0.1988827856988807,0.1988827856988807,0.1988827856988807,3.826648059488004e-06,0.3354015333578415,1.9868053405187265e-05,0.3587272367765774,1.8638872054029506e-07,0.0293031641585261,3.226987845793025e-07,0.2430050055972238,0.2639290971501741,3.170185668089327e-07,2.730025862307377e-07,0.1372208548456326,0.5620925537419307,0.0187470686661719,-0.0004545717660952,-0.0005458806628652,100000.0,0.0,0.9074324780725448,0.8703669412946711,0.6460543691700241,0.5226129115246972,0.3579013924678206,0.4949761755722949,0.3212519515014987,0.1720666773180067,0.4953270051382947,0.6611575082946666,0.5853151200539239,0.7378227930383214,0.3359702633489273,9.60405599956804e-05,100000,30,14,0.1,5.0,0.1,0,13,0.001,1e-06,0.001,1e-07,1.0,1e-08,adamax,0,0.0,disordered,1,0.1958033093951613,0 days 16:21:07.613160,0.0004546087405625,1.8550017002025516,1.4722960459713978
95,95,95,95,0.367392478180207,0.367392478180207,0.367392478180207,0.367392478180207,0.367392478180207,0.367392478180207,0.367392478180207,0.367392478180207,0.367392478180207,0.367392478180207,0.367392478180207,0.367392478180207,0.367392478180207,0.367392478180207,0.1298157694629257,0.1690655445887585,0.1301976540854132,0.1297474862234598,0.2880800905857955,0.2637438735157122,0.1289366776573211,0.8185024208556578,0.2199687423673074,0.1256991536980565,0.1113481595015801,0.1076566881366379,1.0003738596232856,0.2491603760613613,-0.000242713894144,-0.0002964866585546,557.0,0.0,0.212659523709593,0.2896953747711416,0.553104867010391,0.389451515347593,0.6576718802427545,0.2239429185820662,0.4680172846291024,0.0022461445398733,0.6863003978230826,0.865358765091174,0.8586576209689326,0.8746833990846345,0.1961319899414358,0.981421288630042,100000,30,14,0.1,5.0,0.1,0,13,0.001,1e-06,0.001,1e-07,1.0,1e-08,adamax,0,0.0,disordered,1,0.3656765089954021,0 days 16:21:07.613160,0.000242715186006,1.577052458265679,1.3122784383816706
96,96,96,96,0.367392478180207,0.367392478180207,0.367392478180207,0.367392478180207,0.367392478180207,0.367392478180207,0.367392478180207,0.367392478180207,0.367392478180207,0.367392478180207,0.367392478180207,0.367392478180207,0.367392478180207,0.367392478180207,0.6028231442658094,0.1366414552359604,0.0003796958668365,0.7046784399973128,0.1434301550094231,8.179589958692112e-05,0.0015877954765164,0.0005876846149792,0.1665361045088983,0.7322945255617646,0.0984180246651156,0.936787922075142,0.0214288654170776,0.8041029969651675,-0.000242414215847,-0.0002883355386008,6469.0,1.0,0.551370055537916,0.1855797904828828,0.0910540624549163,0.0709756771489656,0.6369673359898222,0.6285879455462029,0.7867578153046024,0.6586148779360064,0.5194036064022658,0.1628216458053162,0.7344738470457473,0.0040607791752594,0.6603056326225697,0.1653106406351319,100000,30,14,0.1,5.0,0.1,0,13,0.001,1e-06,0.001,1e-07,1.0,1e-08,adamax,0,0.0,disordered,1,0.3623715265626407,0 days 16:21:07.613160,0.0002424257125491,1.9425677386319535,1.3027801655900875
97,97,97,97,0.4047756965997316,0.4047756965997316,0.4047756965997316,0.4047756965997316,0.4047756965997316,0.4047756965997316,0.4047756965997316,0.4047756965997316,0.4047756965997316,0.4047756965997316,0.4047756965997316,0.4047756965997316,0.4047756965997316,0.4047756965997316,1.0016033129724242,0.2066942468689009,0.1673637960042794,0.3997244485734005,0.293480503660897,0.1728324243320955,0.177267110372372,0.178069718485381,0.1601101149906331,0.52911916137887,0.9633395958782348,0.2665561461752611,0.1667397730825575,0.1662575413006072,-0.0002485313419633,-0.0003175211588419,402.0,0.0,0.158812500494112,0.9060919823220174,0.9272687987305654,0.7202854143764663,0.2286132749517861,0.4693763724185115,0.3461982610739972,0.1176045480895723,0.2368161436599996,0.05796887217318,0.9722989391173464,0.2362951831663555,0.3871303033300499,0.2466130384795043,100000,30,14,0.1,5.0,0.1,0,13,0.001,1e-06,0.001,1e-07,1.0,1e-08,adamax,0,0.0,disordered,1,0.4024057334202731,0 days 16:21:07.613160,0.0002485351037028,1.3519959768826244,1.234573086760103
98,98,98,98,0.3026648059395688,0.3026648059395688,0.3026648059395688,0.3026648059395688,0.3026648059395688,0.3026648059395688,0.3026648059395688,0.3026648059395688,0.3026648059395688,0.3026648059395688,0.3026648059395688,0.3026648059395688,0.3026648059395688,0.3026648059395688,0.0695937972800287,0.0163332315076373,1.0000691384549154,0.1218242480608741,0.5875627062196465,0.0117705999853464,0.0094196210527865,0.5599307335738156,0.5773309210563612,0.012182928017947,0.0101836846029915,0.0249161547146664,0.0061037471951615,0.5559796564247481,-0.0003251004910817,-0.0004307409502241,2066.0,0.0,0.6512560958980139,0.5625293241165457,0.7656657950986049,0.0114169824866066,0.204675351213916,0.5987377284896298,0.576566930148022,0.8244385564254193,0.080546864575358,0.3711524930990902,0.4037561394020001,0.5130269217785087,0.3514292192289528,0.734669791447239,100000,30,14,0.1,5.0,0.1,0,13,0.001,1e-06,0.001,1e-07,1.0,1e-08,adamax,0,0.0,disordered,1,0.2991004071257506,0 days 16:21:07.613160,0.0003251188960633,1.9156040275164041,1.3783520708907704
99,99,99,99,0.3228628202536728,0.3228628202536728,0.3228628202536728,0.3228628202536728,0.3228628202536728,0.3228628202536728,0.3228628202536728,0.3228628202536728,0.3228628202536728,0.3228628202536728,0.3228628202536728,0.3228628202536728,0.3228628202536728,0.3228628202536728,0.1287969331582208,0.1633448935993936,0.0788322432384271,0.1582623090879607,0.1672329194348679,0.1215677106185841,0.554986172133956,0.0912545687670275,0.0879427873494443,0.0709193545672708,1.0002443960770162,0.1347168129952347,0.0770791924677935,0.6650023611700878,-0.0002840351544565,-0.0003465902772641,685.0,0.0,0.1043126694432297,0.0606265487732715,0.3134969656943688,0.08936835835602,0.3924113107452132,0.5784304362761635,0.0841896335863821,0.4597958892749636,0.5553176384279525,0.5645392862095029,0.0302027113843083,0.7732342916221171,0.7219944120767331,0.2970111784747991,100000,30,14,0.1,5.0,0.1,0,13,0.001,1e-06,0.001,1e-07,1.0,1e-08,adamax,0,0.0,disordered,1,0.3208290897140426,0 days 16:21:07.613160,0.0002840385198652,1.9138284966759256,1.393856399525744
100,100,100,100,0.4047756965997316,0.4047756965997316,0.4047756965997316,0.4047756965997316,0.4047756965997316,0.4047756965997316,0.4047756965997316,0.4047756965997316,0.4047756965997316,0.4047756965997316,0.4047756965997316,0.4047756965997316,0.4047756965997316,0.4047756965997316,0.1500445422802004,0.4029990278221714,2.4752940133241502e-06,0.6215449388247734,0.0309515159332971,0.6404821004600311,0.0960912918952162,0.6716520392495168,0.0466132898184266,2.07463283814082e-06,0.1891419258667601,0.7764916164150375,0.681617436517934,1.4062596257528449e-05,-0.0002412061174053,-0.0002789913769504,100000.0,0.0,0.4713454304536444,0.7391818794487419,0.8340747307980766,0.2477164179479444,0.7708320963728408,0.4241983695702475,0.9531604880370382,0.8783654950164146,0.3579915231080731,0.3598325142224708,0.4858358613989018,0.9606447966726998,0.1439805411979351,0.5489012665123931,100000,30,14,0.1,5.0,0.1,0,13,0.001,1e-06,0.001,1e-07,1.0,1e-08,adamax,0,0.0,disordered,1,0.4083818094592797,0 days 16:21:07.613160,0.0002412134906107,1.6318848346182704,1.2874453639953036
101,101,101,101,0.4317879727332017,0.4317879727332017,0.4317879727332017,0.4317879727332017,0.4317879727332017,0.4317879727332017,0.4317879727332017,0.4317879727332017,0.4317879727332017,0.4317879727332017,0.4317879727332017,0.4317879727332017,0.4317879727332017,0.4317879727332017,0.2943824372156436,5.445966298792588e-06,0.8398087840095964,0.166508022034963,0.0489019076986491,0.1700702948455404,0.874959340286904,0.8327622241329883,0.1829951539214885,0.6759749021831429,0.7021253402505766,0.1073152582455875,7.306250544687735e-06,0.3161013010133403,-0.0002241331429073,-0.0002590268219913,100000.0,0.0,0.6477107544433567,0.7200550744245918,0.0671148507380147,0.5993153176299014,0.4504410344368798,0.3394168925365474,0.970535745395725,0.1060291218306453,0.708691782471572,0.20436046231027,0.9481022894736189,0.5003145590931377,0.4533875913258531,0.2485016800118726,100000,30,14,0.1,5.0,0.1,0,13,0.001,1e-06,0.001,1e-07,1.0,1e-08,adamax,0,0.0,disordered,1,0.4276003937839095,0 days 16:21:07.613160,0.0002241409298926,1.4596710444009329,1.3189241007482766
102,102,102,102,0.4606028844202396,0.4606028844202396,0.4606028844202396,0.4606028844202396,0.4606028844202396,0.4606028844202396,0.4606028844202396,0.4606028844202396,0.4606028844202396,0.4606028844202396,0.4606028844202396,0.4606028844202396,0.4606028844202396,0.4606028844202396,0.0289431060566635,1.0000579640935323,0.2564889058179658,0.7839777760498562,0.0491895938924008,0.1503871375010348,0.8252257707707767,0.7976438526778465,0.2687988994099604,0.7908144696116649,0.0869010864129642,0.0591694961711573,0.804679598558375,0.1153931177191581,-0.0002045289352096,-0.0002226234162307,1914.0,0.0,0.5337793923358432,0.8643289560409935,0.0720732812115272,0.6582265017536821,0.1465543869611854,0.2250704739888461,0.8538524976332683,0.0722715630299145,0.7316708832017987,0.0578531237565792,0.5095432760207479,0.6235079875011236,0.1469985366622423,0.8021095935456756,100000,30,14,0.1,5.0,0.1,0,13,0.001,1e-06,0.001,1e-07,1.0,1e-08,adamax,0,0.0,disordered,1,0.4605011709778507,0 days 16:21:07.613160,0.0002045289425992,1.3991089201836038,1.3062109053577673
103,103,103,103,0.3919100249433399,0.3919100249433399,0.3919100249433399,0.3919100249433399,0.3919100249433399,0.3919100249433399,0.3919100249433399,0.3919100249433399,0.3919100249433399,0.3919100249433399,0.3919100249433399,0.3919100249433399,0.3919100249433399,0.3919100249433399,0.1166831742747634,0.1599190370233323,0.1139870375739689,0.7409110926282274,0.1134116507192447,0.123360576924929,0.5238869384946817,1.0010108598134866,0.510101684929877,0.1554943603311841,0.2022354594818477,0.1233590089573473,0.1457023944299366,0.1357115373393384,-0.0002465830657341,-0.0003038777245747,544.0,0.0,0.2210107799811463,0.475682485797211,0.2402812112931351,0.7635859224107355,0.2511413197970664,0.262182598526722,0.012176776794017,0.8998375981764654,0.0335969627568926,0.3145864476464628,0.6470071622065572,0.3320857338144194,0.5972060998913077,0.3645648731152949,100000,30,14,0.1,5.0,0.1,0,13,0.001,1e-06,0.001,1e-07,1.0,1e-08,adamax,0,0.0,disordered,1,0.393908650026198,0 days 16:21:07.613160,0.0002465853790857,1.5651788251247423,1.331649933416898
104,104,104,104,0.3444087275973818,0.3444087275973818,0.3444087275973818,0.3444087275973818,0.3444087275973818,0.3444087275973818,0.3444087275973818,0.3444087275973818,0.3444087275973818,0.3444087275973818,0.3444087275973818,0.3444087275973818,0.3444087275973818,0.3444087275973818,1.001509401315291,0.2262550628339891,0.1300499456763854,0.4074827079598929,0.2105610865046588,0.1810028496348714,0.1879023988623952,0.1368069736068807,0.5552877735538179,0.3742363018969217,0.1850065241310808,0.1292869152149496,0.4192685571566169,0.7664031044345251,-0.0002778223459275,-0.0003109867134089,498.0,0.0,0.8799511230920498,0.1589792162923121,0.0184104311826945,0.0997000036646228,0.5239920370250133,0.592268699619776,0.8339028183744194,0.9546479818986864,0.401304424874914,0.8236951744580298,0.4051697468493412,0.3706570239468989,0.1326942880592098,0.8686533835131917,100000,30,14,0.1,5.0,0.1,0,13,0.001,1e-06,0.001,1e-07,1.0,1e-08,adamax,0,0.0,disordered,1,0.3401615952544842,0 days 16:21:07.613160,0.0002778374431472,1.327467341012397,1.281322026604788
105,105,105,105,0.4606028844202396,0.4606028844202396,0.4606028844202396,0.4606028844202396,0.4606028844202396,0.4606028844202396,0.4606028844202396,0.4606028844202396,0.4606028844202396,0.4606028844202396,0.4606028844202396,0.4606028844202396,0.4606028844202396,0.4606028844202396,0.4331344564014088,0.10781086338052,0.0813636600220566,0.8935530672700193,0.3309670941454822,0.2950153914942245,0.0442242232756487,0.6521946343819641,0.0462204169732147,0.4327412001365252,0.5471228659471304,1.0001667608554836,0.0652316993361327,0.0756594503401994,-0.0002159583645115,-0.0002567396692864,1018.0,0.0,0.3361072638152569,0.6466911011130169,0.5171654789011755,0.9968375249315816,0.2556339822243743,0.5514986455993405,0.7896322571214801,0.1910809996479252,0.8231738011496573,0.5581697323222211,0.103519069386064,0.9680567674181526,0.4118515661605675,0.475406182769067,100000,30,14,0.1,5.0,0.1,0,13,0.001,1e-06,0.001,1e-07,1.0,1e-08,adamax,0,0.0,disordered,1,0.4580297304393841,0 days 16:21:07.613160,0.0002159610496266,1.5371839412166972,1.2929923066453006
106,106,106,106,0.2054117348353062,0.2054117348353062,0.2054117348353062,0.2054117348353062,0.2054117348353062,0.2054117348353062,0.2054117348353062,0.2054117348353062,0.2054117348353062,0.2054117348353062,0.2054117348353062,0.2054117348353062,0.2054117348353062,0.2054117348353062,0.0116367553082717,1.000128573287557,0.1552700270520566,0.6546217633162481,0.2282617966521413,0.0088527550025246,0.0236037478585778,0.0157992507209401,0.4191232553480246,0.0084927683905909,0.1665713842789174,0.0090983965811071,0.0159841049132099,0.1319175891358638,-0.0004274714266821,-0.0005932339022928,1401.0,0.0,0.7844622831603345,0.9646372922171242,0.2455385262562845,0.1361654883223276,0.7447308953008215,0.6770375078933076,0.4465205431987034,0.6476068992896135,0.9441499806395016,0.8419109783899698,0.5682197133325374,0.9086267688539756,0.9129114718218536,0.7711556229430179,100000,30,14,0.1,5.0,0.1,0,13,0.001,1e-06,0.001,1e-07,1.0,1e-08,adamax,0,0.0,disordered,1,0.2085769342439692,0 days 16:21:07.613160,0.0004275032863944,2.0614441125357112,1.530047438423749
107,107,107,107,0.2575263326771198,0.2575263326771198,0.2575263326771198,0.2575263326771198,0.2575263326771198,0.2575263326771198,0.2575263326771198,0.2575263326771198,0.2575263326771198,0.2575263326771198,0.2575263326771198,0.2575263326771198,0.2575263326771198,0.2575263326771198,1.0000696010762935,0.0161242570336688,0.0246491195576018,0.2572684730326631,0.0404147519401891,0.0213339433702806,0.8067568426323842,0.1338374729272475,0.0192670536806784,0.0302397696966853,0.0265303182106526,0.0917669977066022,0.0701873316358636,0.8407990811884063,-0.0003690061676761,-0.0004878149109883,1445.0,0.0,0.1185609555698687,0.5617089206843101,0.6072668886067614,0.87933478726849,0.5162298994322575,0.6125897757826202,0.7151638936978153,0.0838712936818407,0.056342943723363,0.0303978264254882,0.1068354634281478,0.2554841462687353,0.0483867910215433,0.5964463432981612,100000,30,14,0.1,5.0,0.1,0,13,0.001,1e-06,0.001,1e-07,1.0,1e-08,adamax,0,0.0,disordered,1,0.255178078496925,0 days 16:21:07.613160,0.0003690179438735,1.9218063237645766,1.345936972051073
108,108,108,108,0.4047756965997316,0.4047756965997316,0.4047756965997316,0.4047756965997316,0.4047756965997316,0.4047756965997316,0.4047756965997316,0.4047756965997316,0.4047756965997316,0.4047756965997316,0.4047756965997316,0.4047756965997316,0.4047756965997316,0.4047756965997316,0.176044657837598,0.1580805040401896,0.4695734550424926,0.4129414572374238,0.1792946407726189,0.6859953578614748,0.4417080380697004,0.3055176815964322,1.000707260142797,0.1550668227670598,0.7466355635838859,0.1227366417808146,0.1396041050259507,0.1381122486659554,-0.0002333930429063,-0.000274251520855,517.0,0.0,0.5722891842830293,0.4552914594104414,0.0089493536422102,0.519182761157155,0.1263686231862464,0.0051056795481539,0.7962273903844265,0.9106530114529016,0.0723200974103522,0.658998149581024,0.0532868940139118,0.5821887559626637,0.6239116307216966,0.5867520196653536,100000,30,14,0.1,5.0,0.1,0,13,0.001,1e-06,0.001,1e-07,1.0,1e-08,adamax,0,0.0,disordered,1,0.4045949005361275,0 days 16:21:07.613160,0.0002333930987318,1.4474760713306116,1.3183234892015945
109,109,109,109,0.367392478180207,0.367392478180207,0.367392478180207,0.367392478180207,0.367392478180207,0.367392478180207,0.367392478180207,0.367392478180207,0.367392478180207,0.367392478180207,0.367392478180207,0.367392478180207,0.367392478180207,0.367392478180207,0.6728938361580806,0.0741066786492424,0.6632252669185922,0.8217862031160327,0.2836269475173568,0.0024595240197736,0.0004867150567101,0.6605016079695171,0.5649173788243952,0.0022770612653476,0.1464648719064214,0.1497836283026802,0.4314332179227015,0.6251703551450329,-0.0002627998302136,-0.0003045316831135,6670.0,1.0,0.9903001071880349,0.6136513534513286,0.1661334633397303,0.9328109107570048,0.29901133171327,0.5394260265834436,0.4325121818691179,0.8067388614302226,0.0840030486225367,0.3676129766955708,0.4427155432827598,0.5974138281036413,0.9079079158391044,0.3014981368667159,100000,30,14,0.1,5.0,0.1,0,13,0.001,1e-06,0.001,1e-07,1.0,1e-08,adamax,0,0.0,disordered,1,0.3702703758313599,0 days 16:21:07.613160,0.0002628058664896,1.5750073919808667,1.3281160362114977
110,110,110,110,0.2575263326771198,0.2575263326771198,0.2575263326771198,0.2575263326771198,0.2575263326771198,0.2575263326771198,0.2575263326771198,0.2575263326771198,0.2575263326771198,0.2575263326771198,0.2575263326771198,0.2575263326771198,0.2575263326771198,0.2575263326771198,0.3503824340651467,0.2733371616973833,0.383769410520062,0.0925326236029821,0.3103538981084128,1.88058585540958e-06,6.866370436473319e-07,0.0643315466125265,0.2987422768207172,0.0689294594503721,0.3069480734361249,0.6836494392970748,4.178874274977957e-06,0.3396841466899892,-0.0003575981727189,-0.0004071464932139,100000.0,0.0,0.3455366874625925,0.6720061274811792,0.2089574176435983,0.5098825266275231,0.3197210689074721,0.6237500993301396,0.5805693899218535,0.6859106949974794,0.4296962777480695,0.2336463865548357,0.0146175265289446,0.6015984339091843,0.2248147000656325,0.0048262758819638,100000,30,14,0.1,5.0,0.1,0,13,0.001,1e-06,0.001,1e-07,1.0,1e-08,adamax,0,0.0,disordered,1,0.255692549005104,0 days 16:21:07.613160,0.0003576041584633,1.8032626779584973,1.477850395084068
111,111,111,111,0.31260072430687,0.31260072430687,0.31260072430687,0.31260072430687,0.31260072430687,0.31260072430687,0.31260072430687,0.31260072430687,0.31260072430687,0.31260072430687,0.31260072430687,0.31260072430687,0.31260072430687,0.31260072430687,0.8256779525322777,4.119856381713877e-07,0.2500975382756389,3.9301133414649283e-07,0.5274140098772383,1.5434844418239942e-06,0.0444053153427413,0.3933759266331553,2.300389410731809e-07,0.5803856589980865,2.8018737555279856e-07,2.2950606024305417e-07,0.8182187676647202,1.229798735999893e-07,-0.0002811223597588,-0.0003580001053091,100000.0,0.0,0.3750287433963313,0.2741317771676971,0.6827360577876453,0.2977948399612876,0.3676598657762004,0.7239127119229027,0.6741544028160474,0.1607312564006348,0.5868115455253371,0.9328341831477888,0.9093519296579587,0.8493826043383815,0.2820135684768482,0.9595891417266345,100000,30,14,0.1,5.0,0.1,0,13,0.001,1e-06,0.001,1e-07,1.0,1e-08,adamax,0,0.0,disordered,1,0.3077700722220829,0 days 16:21:07.613160,0.0002811395375401,2.028055614341807,1.38340959651171
112,112,112,112,0.367392478180207,0.367392478180207,0.367392478180207,0.367392478180207,0.367392478180207,0.367392478180207,0.367392478180207,0.367392478180207,0.367392478180207,0.367392478180207,0.367392478180207,0.367392478180207,0.367392478180207,0.367392478180207,0.1633794416477095,0.1216636404752582,0.4292337849086522,0.1582229409551926,0.1322018592051297,0.1627084105787535,1.0000376466048757,0.6403533780212409,0.6113190040092946,0.1347921935120523,0.141045902244341,0.1733411632354252,0.1666151732523944,0.1232315763043224,-0.0002613414250224,-0.000328126023242,497.0,0.0,0.1996494980015776,0.4018801330862289,0.1141341583754927,0.5656113337886529,0.7226522394674271,0.6876340767555652,0.007187578936125,0.98246869559216,0.310009802920434,0.7413852582866136,0.9266026353270806,0.7801669171634159,0.5232404430410416,0.5386586716387549,100000,30,14,0.1,5.0,0.1,0,13,0.001,1e-06,0.001,1e-07,1.0,1e-08,adamax,0,0.0,disordered,1,0.3634467670899822,0 days 16:21:07.613160,0.0002613524719496,1.4340781391027473,1.322120225599219
113,113,113,113,0.4317879727332017,0.4317879727332017,0.4317879727332017,0.4317879727332017,0.4317879727332017,0.4317879727332017,0.4317879727332017,0.4317879727332017,0.4317879727332017,0.4317879727332017,0.4317879727332017,0.4317879727332017,0.4317879727332017,0.4317879727332017,0.0010574762497337,0.549970175342358,0.2431318901277397,9.126303660291308e-05,4.3972590769446734e-05,0.0120127300592523,0.4256767804143604,1.0000101138283102,0.0039817383539624,0.2822866373641636,0.4538631985269559,0.5802355351114498,0.7605481413005355,0.0001069525337561,-0.0002251632546051,-0.000251745148738,12424.0,0.0,0.1437732186149335,0.3820729563996142,0.8225019757503876,0.6811834984210781,0.6635233381008597,0.6814304294317084,0.34954178502582,0.9802030403849948,0.3362982768544122,0.1871303691083415,0.668718141104379,0.1691920119746617,0.9752731285769424,0.575521730097716,100000,30,14,0.1,5.0,0.1,0,13,0.001,1e-06,0.001,1e-07,1.0,1e-08,adamax,0,0.0,disordered,1,0.4324941000163795,0 days 16:21:07.613160,0.0002251635739456,1.3466940202619422,1.2697835632855472
114,114,114,114,0.4180637241455752,0.4180637241455752,0.4180637241455752,0.4180637241455752,0.4180637241455752,0.4180637241455752,0.4180637241455752,0.4180637241455752,0.4180637241455752,0.4180637241455752,0.4180637241455752,0.4180637241455752,0.4180637241455752,0.4180637241455752,0.5541108068201053,3.755687572586128e-06,0.7444518522796715,3.1560641445253376e-06,0.5227428703046744,5.892287618458952e-05,0.3107417153087871,1.871851339771445e-05,0.4640871281313406,2.571291467624872e-07,1.2095535755440764e-06,9.999875410666865e-08,0.9955269119387284,2.271446810137449e-06,-0.0002266506457088,-0.0003274099886633,33821.0,0.0,0.1201417383412377,0.0236185122231495,0.6012062097735446,0.0421495147407849,0.0524429278030924,0.4124428301893003,0.4482890215201537,0.8289626115560034,0.1293951612755517,0.8683324006829127,0.4050021225416482,0.852980275804317,0.1513459287390148,0.0480696667768623,100000,30,14,0.1,5.0,0.1,0,13,0.001,1e-06,0.001,1e-07,1.0,1e-08,adamax,0,0.0,disordered,1,0.4114636127907388,0 days 16:21:07.613160,0.0002266680622009,2.2043310854792257,1.3161706815069953
115,115,115,115,0.2575263326771198,0.2575263326771198,0.2575263326771198,0.2575263326771198,0.2575263326771198,0.2575263326771198,0.2575263326771198,0.2575263326771198,0.2575263326771198,0.2575263326771198,0.2575263326771198,0.2575263326771198,0.2575263326771198,0.2575263326771198,0.262972071528363,0.0001579088433287,0.5714119210643223,2.196766658646549e-05,0.7386077158191978,0.4373199726354527,1.4810855577748352e-05,8.217018145797218e-06,0.0824352444027946,0.5437375621953376,6.251634553145892e-06,8.81769317517093e-06,3.819603600432878e-06,0.6114776712389849,-0.0003595091275368,-0.0004762137274669,11639.0,1.0,0.4358259875344775,0.2156529926634499,0.4782527400504889,0.8201964792407497,0.8854287803570929,0.0868148262342157,0.2570898639873892,0.3048608686626178,0.1743675687195556,0.4670284280399481,0.0535861127015699,0.197278859615948,0.065128392987102,0.4569324761981242,100000,30,14,0.1,5.0,0.1,0,13,0.001,1e-06,0.001,1e-07,1.0,1e-08,adamax,0,0.0,disordered,1,0.2605052420416498,0 days 16:21:07.613160,0.0003595259104525,1.842801337495384,1.405737450316667
116,116,116,116,0.1864408533970484,0.1864408533970484,0.1864408533970484,0.1864408533970484,0.1864408533970484,0.1864408533970484,0.1864408533970484,0.1864408533970484,0.1864408533970484,0.1864408533970484,0.1864408533970484,0.1864408533970484,0.1864408533970484,0.1864408533970484,0.0832864752588027,0.4783532492923066,9.999982358827088e-08,0.271947379761936,4.315335197512e-07,1.1276389423984193e-07,0.5960798985257908,3.499666376554895e-07,8.892828560073964e-07,0.1132481334961384,6.783264183256619e-07,0.486981726243102,1.2174700166928783e-06,0.1603799531990898,-0.0004312056725239,-0.0005255551896617,37529.0,0.0,0.9399879068391092,0.1531331495662983,0.8871418143478639,0.3157644446371223,0.7471306209072098,0.8426267670549912,0.6050421877711433,0.7192556857432617,0.6321210957287544,0.930584437182522,0.77873739577466,0.4202621431901127,0.2909495185500346,0.1568346606596754,100000,30,14,0.1,5.0,0.1,0,13,0.001,1e-06,0.001,1e-07,1.0,1e-08,adamax,0,0.0,disordered,1,0.1850254958072171,0 days 16:21:07.613160,0.0004312119290614,2.49620725362419,1.6199185585894265
117,117,117,117,0.2121550171362449,0.2121550171362449,0.2121550171362449,0.2121550171362449,0.2121550171362449,0.2121550171362449,0.2121550171362449,0.2121550171362449,0.2121550171362449,0.2121550171362449,0.2121550171362449,0.2121550171362449,0.2121550171362449,0.2121550171362449,0.5212220653400946,6.922299518628377e-05,0.7690464782714044,0.1980099214051342,0.3039376026623759,0.0245602974587299,0.42899940215713,6.711333584223839e-06,0.0603272925350812,3.978149306983757e-05,1.5303391714860857e-05,0.5475150046307241,0.002649566811059,0.2966044443842335,-0.0004228600618911,-0.0004989946853802,7664.0,1.0,0.5121337977031166,0.2291368689240009,0.2348572092197005,0.8820484141316075,0.6997460033703966,0.5394646261123279,0.8431326722381455,0.5253805104147993,0.3944293509038648,0.6855071109125144,0.6087880351081263,0.2085078479663953,0.3185811314592214,0.5609879301131608,100000,30,14,0.1,5.0,0.1,0,13,0.001,1e-06,0.001,1e-07,1.0,1e-08,adamax,0,0.0,disordered,1,0.21313761478429,0 days 16:21:07.613160,0.0004228627883444,2.035282189247058,1.5601551027839398
118,118,118,118,0.4913407286296357,0.4913407286296357,0.4913407286296357,0.4913407286296357,0.4913407286296357,0.4913407286296357,0.4913407286296357,0.4913407286296357,0.4913407286296357,0.4913407286296357,0.4913407286296357,0.4913407286296357,0.4913407286296357,0.4913407286296357,0.7841357786106647,0.4763038137614759,1.001604969376552,0.2375372446927828,0.2939860703611622,0.3025187582707314,0.5775543843956624,0.3199469019235134,0.2698102424140375,0.2970715712175726,0.2787250364510484,0.2454922050471174,0.9218444202471396,0.7046238265699394,-0.000200485727117,-0.0002230345323183,324.0,0.0,0.2186413794508285,0.9168829225602444,0.0443029206182613,0.8763618463029645,0.9799138945563578,0.6152402498943469,0.2118946172780164,0.8097544677218037,0.4413341943052026,0.7124486303836971,0.3226652389525126,0.2214514698981701,0.9542381762038586,0.0757471606529122,100000,30,14,0.1,5.0,0.1,0,13,0.001,1e-06,0.001,1e-07,1.0,1e-08,adamax,0,0.0,disordered,1,0.490170653225735,0 days 16:21:07.613160,0.0002004860886393,1.3578366183274029,1.249581217958973
119,119,119,119,0.367392478180207,0.367392478180207,0.367392478180207,0.367392478180207,0.367392478180207,0.367392478180207,0.367392478180207,0.367392478180207,0.367392478180207,0.367392478180207,0.367392478180207,0.367392478180207,0.367392478180207,0.367392478180207,1.001040441865087,0.1991570305013868,0.4587323269903191,0.1866442258775399,0.2129230191194603,0.1837253021900735,0.1372632127310988,0.1561805041226389,0.1528620232643107,0.7980839051684065,0.5553300564191762,0.4500989442738424,0.1735453027809501,0.1464446296559147,-0.0002625482924592,-0.000306089080382,451.0,0.0,0.0580890142398927,0.7827809055843171,0.7755035132004612,0.311476070621168,0.3740591998252107,0.6879268482728742,0.5997951354240146,0.6484783877139965,0.4353325034398152,0.9802432834230916,0.1479879525046613,0.6317385122222028,0.2061123790086017,0.3348588103989253,100000,30,14,0.1,5.0,0.1,0,13,0.001,1e-06,0.001,1e-07,1.0,1e-08,adamax,0,0.0,disordered,1,0.3672997710027068,0 days 16:21:07.613160,0.0002625483159724,1.4046964821913024,1.3104710983823853
120,120,120,120,0.2575263326771198,0.2575263326771198,0.2575263326771198,0.2575263326771198,0.2575263326771198,0.2575263326771198,0.2575263326771198,0.2575263326771198,0.2575263326771198,0.2575263326771198,0.2575263326771198,0.2575263326771198,0.2575263326771198,0.2575263326771198,0.6901787668416668,0.3132971985537722,8.590122383379e-06,0.268642072890756,5.5569866247051135e-06,5.928281964166097e-05,0.0506415341593455,3.543382228444965e-05,8.131956120130689e-06,2.5553975058617222e-05,0.3959130442652372,0.0244481080642021,0.8363865659815545,5.107616390072883e-05,-0.0003549960724829,-0.0004388064852907,8628.0,1.0,0.2975240377828509,0.8251332946474925,0.5799405734400951,0.3307931135673814,0.5355832957790975,0.4612390833904831,0.5441377875523028,0.2375414068801772,0.3740625086331685,0.4584177799823629,0.0831945352188586,0.0143439525158265,0.5936357353255101,0.2070699824562814,100000,30,14,0.1,5.0,0.1,0,13,0.001,1e-06,0.001,1e-07,1.0,1e-08,adamax,0,0.0,disordered,1,0.2556549993793956,0 days 16:21:07.613160,0.0003550020253624,2.7015109715580183,1.437513141462679
121,121,121,121,0.5074705239490462,0.5074705239490462,0.5074705239490462,0.5074705239490462,0.5074705239490462,0.5074705239490462,0.5074705239490462,0.5074705239490462,0.5074705239490462,0.5074705239490462,0.5074705239490462,0.5074705239490462,0.5074705239490462,0.5074705239490462,1.0008999173433653,0.2605455877572933,0.3071668171070647,0.4197482350069497,0.3265351560455745,0.2736088890162572,0.2618487506422356,0.2601319461366612,0.2607907283528821,0.9607444544140264,0.2519055033382305,0.399853745499825,0.8441602615304746,0.6109132256685412,-0.0002005978699137,-0.000224291947385,305.0,0.0,0.8021815598294975,0.0250590579178283,0.2232035242133819,0.629867870135683,0.1319975124791029,0.4207087845975831,0.2982748638429793,0.2685307756252719,0.2349098781636482,0.9759423060107242,0.3196653215726728,0.1178753135315892,0.9152367962235946,0.1583504969113206,100000,30,14,0.1,5.0,0.1,0,13,0.001,1e-06,0.001,1e-07,1.0,1e-08,adamax,0,0.0,disordered,1,0.5011991571918102,0 days 16:21:07.613160,0.0002006102757604,1.3192105234180913,1.2273903303516644
122,122,122,122,0.3557150206821381,0.3557150206821381,0.3557150206821381,0.3557150206821381,0.3557150206821381,0.3557150206821381,0.3557150206821381,0.3557150206821381,0.3557150206821381,0.3557150206821381,0.3557150206821381,0.3557150206821381,0.3557150206821381,0.3557150206821381,0.0012050063053246,0.0001237591531104,0.0002145323682232,0.729795197940214,0.1485943179304148,0.4987848779019444,0.0180371578784917,0.0002156122427052,0.3234523175031217,0.661139425069225,0.6617256932085944,0.0174506492241119,0.0010276319412715,0.9060748620558624,-0.0002683000803557,-0.0003161992823538,6770.0,1.0,0.7366984727215286,0.6588236811461464,0.7176553027169862,0.7733546933724372,0.1803030141992587,0.0373033824959746,0.430733016562524,0.4448800669236115,0.2366174382110738,0.8100134516481061,0.1090222125241248,0.4975099164328231,0.5284651505940233,0.0093609338845411,100000,30,14,0.1,5.0,0.1,0,13,0.001,1e-06,0.001,1e-07,1.0,1e-08,adamax,0,0.0,disordered,1,0.35854075636744,0 days 16:21:07.613160,0.0002683064214532,1.6573658741629709,1.3046698821089662
123,123,123,123,0.2263129568399526,0.2263129568399526,0.2263129568399526,0.2263129568399526,0.2263129568399526,0.2263129568399526,0.2263129568399526,0.2263129568399526,0.2263129568399526,0.2263129568399526,0.2263129568399526,0.2263129568399526,0.2263129568399526,0.2263129568399526,0.6540478545228121,0.1397472598702193,1.0510651592851255e-05,0.0645385337197927,0.0001448707090482,3.236007548097836e-05,0.3232380918196047,0.616433777342603,0.1444194772443272,1.705451621000454e-05,0.5131823968368044,2.1466104869041992e-05,0.018144974833396,0.2025212845882621,-0.0003704952857784,-0.0004597506288924,7146.0,1.0,0.8109055433193368,0.3581794790344946,0.4580439539978584,0.1608263990130709,0.3991063375864195,0.4525286946393249,0.6023069119094718,0.035474026553562,0.4274371712514283,0.4890100407897844,0.952522855058305,0.5957157030603453,0.6857109384559829,0.4401872814632463,100000,30,14,0.1,5.0,0.1,0,13,0.001,1e-06,0.001,1e-07,1.0,1e-08,adamax,0,0.0,disordered,1,0.2295734546073357,0 days 16:21:07.613160,0.0003705149628851,2.4482597345322015,1.5655671947355247
124,124,124,124,0.333461801578636,0.333461801578636,0.333461801578636,0.333461801578636,0.333461801578636,0.333461801578636,0.333461801578636,0.333461801578636,0.333461801578636,0.333461801578636,0.333461801578636,0.333461801578636,0.333461801578636,0.333461801578636,0.8363907966664329,0.0003722057510655,0.1100298056743921,0.0004045275389647,0.4233744522313443,0.0717732329418268,0.2733546498329939,0.004128561231571,0.0020616494128508,1.0003025230625742,0.0001340944867559,0.1962223601965571,0.0006167098017894,0.9336505486197684,-0.0002654642245139,-0.0003350322394711,3932.0,0.0,0.4937840073436988,0.9825465245862512,0.4150828601514071,0.9937436869423648,0.6094596160979363,0.9163674550166016,0.5768442817305188,0.8217032618458111,0.8222158042742835,0.3857264901761283,0.3292363001418678,0.9395865128303924,0.3293178926786093,0.783446533920661,100000,30,14,0.1,5.0,0.1,0,13,0.001,1e-06,0.001,1e-07,1.0,1e-08,adamax,0,0.0,disordered,1,0.336079549007834,0 days 16:21:07.613160,0.0002654685948464,2.080348692685886,1.4033061680946854
125,125,125,125,0.3557150206821381,0.3557150206821381,0.3557150206821381,0.3557150206821381,0.3557150206821381,0.3557150206821381,0.3557150206821381,0.3557150206821381,0.3557150206821381,0.3557150206821381,0.3557150206821381,0.3557150206821381,0.3557150206821381,0.3557150206821381,0.4192683270423163,0.1390748908512357,0.1249821663266408,0.1137402350090583,0.4518373804230057,0.6375108014083605,0.1308914075944924,0.1367638398104637,0.1644859157895996,0.1725882142418423,0.5877028292603047,0.1701600065704053,0.1853119344357378,1.0002890382592302,-0.000281005993922,-0.0003224678205333,586.0,0.0,0.1774196680395805,0.4891163999656509,0.3778665678222679,0.2759589605081787,0.2380782979215288,0.96516904812237,0.6688371881424954,0.4650183949765281,0.5728452462119683,0.8455036735849303,0.6768301855369802,0.128394532188094,0.2108679393843456,0.8913321666978421,100000,30,14,0.1,5.0,0.1,0,13,0.001,1e-06,0.001,1e-07,1.0,1e-08,adamax,0,0.0,disordered,1,0.3545149154111858,0 days 16:21:07.613160,0.0002810073749586,1.3692611429929578,1.2507252997296026
126,126,126,126,0.3919100249433399,0.3919100249433399,0.3919100249433399,0.3919100249433399,0.3919100249433399,0.3919100249433399,0.3919100249433399,0.3919100249433399,0.3919100249433399,0.3919100249433399,0.3919100249433399,0.3919100249433399,0.3919100249433399,0.3919100249433399,0.0003526267508553,0.6578793302168937,0.002605793920476,0.083209902707489,0.201604807611632,4.2240879083454456e-05,0.0909146854352659,3.8365762297332e-05,0.2538884556844686,0.0002378673293665,0.0877371085202558,0.745734645672413,0.9516235330803092,0.069281014182407,-0.0002474413998684,-0.000320828029415,6835.0,1.0,0.5576828798014435,0.5904742904835077,0.1629920281794145,0.1370148768163365,0.2166959455232863,0.3254470036324582,0.5589067116449552,0.3724356813618187,0.6775240946536062,0.4312975026180609,0.5143280187607449,0.9518875125215324,0.0422314303022974,0.6368393993461833,100000,30,14,0.1,5.0,0.1,0,13,0.001,1e-06,0.001,1e-07,1.0,1e-08,adamax,0,0.0,disordered,1,0.3926414597404168,0 days 16:21:07.613160,0.0002474417664527,2.2578915806809903,1.2636783206201936
127,127,127,127,0.367392478180207,0.367392478180207,0.367392478180207,0.367392478180207,0.367392478180207,0.367392478180207,0.367392478180207,0.367392478180207,0.367392478180207,0.367392478180207,0.367392478180207,0.367392478180207,0.367392478180207,0.367392478180207,0.135172564248542,0.7037979117073997,0.4691574984076358,0.6434695671328071,0.7107433987747874,0.2823409612883403,0.132925977197103,0.1402809292674057,0.1348811084814296,0.1144329107998188,1.0005409421114757,0.1908031407662298,0.2492758362101573,0.1928894800226734,-0.0002437440621205,-0.0002856647912615,531.0,0.0,0.73620322449266,0.1801180898408009,0.8605060156171978,0.1228417003009307,0.8087761926475169,0.1927105408106034,0.4263224339622773,0.3955381334147549,0.5723300230934486,0.6346187417687575,0.0404595103490741,0.814818387646713,0.5264111815609723,0.91849143804291,100000,30,14,0.1,5.0,0.1,0,13,0.001,1e-06,0.001,1e-07,1.0,1e-08,adamax,0,0.0,disordered,1,0.3660061683397683,0 days 16:21:07.613160,0.0002437450976395,1.4546696890466873,1.3781383689566058
128,128,128,128,0.4757236139187883,0.4757236139187883,0.4757236139187883,0.4757236139187883,0.4757236139187883,0.4757236139187883,0.4757236139187883,0.4757236139187883,0.4757236139187883,0.4757236139187883,0.4757236139187883,0.4757236139187883,0.4757236139187883,0.4757236139187883,0.2501023629723152,0.4712545370958028,0.3751703969677188,0.2359756458417495,0.2142184974425907,0.2170741226084966,0.6003850728631652,0.9214440161673866,0.6630317886645887,0.2504432751269975,0.2411296280908687,0.2503384132609192,0.257769048195417,1.0003781230449296,-0.0002008011095257,-0.0002258514805764,385.0,0.0,0.1689751393360372,0.4443163223170702,0.9554762399933886,0.6346789436606832,0.5071377741957223,0.470279083869187,0.9150857305175504,0.0077227771562485,0.9905345325286374,0.4708746949087971,0.8217513147384797,0.4833469202236423,0.8269340621207426,0.0984383469262281,100000,30,14,0.1,5.0,0.1,0,13,0.001,1e-06,0.001,1e-07,1.0,1e-08,adamax,0,0.0,disordered,1,0.4706137366201421,0 days 16:21:07.613160,0.0002008086136655,1.3143695660850057,1.2590898954593202
129,129,129,129,0.3557150206821381,0.3557150206821381,0.3557150206821381,0.3557150206821381,0.3557150206821381,0.3557150206821381,0.3557150206821381,0.3557150206821381,0.3557150206821381,0.3557150206821381,0.3557150206821381,0.3557150206821381,0.3557150206821381,0.3557150206821381,0.6927875857573131,0.0122657747914287,0.5575890688454007,0.2120787452220216,1.0000000689744857,0.0128297837215255,0.5987111434063722,0.0927750680432367,0.1140797067957843,0.2728164124982225,0.96325750712931,0.118485073402067,0.0184969682869137,0.2698165583683188,-0.0002751932819661,-0.0003116470051978,2720.0,0.0,0.4256807315757339,0.770104221625241,0.996373483546578,0.5131814983831814,0.0743252973503707,0.7475382834694912,0.6482748545633997,0.1496609131895748,0.2096219217272472,0.5019083405080652,0.1662058939666842,0.9165163716026364,0.9907703113194848,0.7523977700633425,100000,30,14,0.1,5.0,0.1,0,13,0.001,1e-06,0.001,1e-07,1.0,1e-08,adamax,0,0.0,disordered,1,0.3568677483332851,0 days 16:21:07.613160,0.0002751942502853,1.4065884330283005,1.3005108098619216
130,130,130,130,0.333461801578636,0.333461801578636,0.333461801578636,0.333461801578636,0.333461801578636,0.333461801578636,0.333461801578636,0.333461801578636,0.333461801578636,0.333461801578636,0.333461801578636,0.333461801578636,0.333461801578636,0.333461801578636,0.9270326253141036,0.0580459826846792,0.8699876659286643,0.0987586069394303,0.06896507318582,0.3489699457445932,0.418311921859527,0.0634407134640248,0.6580901760141917,0.1046080742701391,0.1101544444263082,0.1059122681522461,0.1732004313347475,1.0001290123632125,-0.0002850445938502,-0.0003293124605674,864.0,0.0,0.8439922733623291,0.3312196221219013,0.1066804343937446,0.7290186157281227,0.7939751161719123,0.6947801346813404,0.177051440159458,0.0266906115312945,0.5545568602357631,0.1499206963694241,0.294693182079087,0.4764056245886261,0.2509043791169674,0.932818986572725,100000,30,14,0.1,5.0,0.1,0,13,0.001,1e-06,0.001,1e-07,1.0,1e-08,adamax,0,0.0,disordered,1,0.3376861042847138,0 days 16:21:07.613160,0.0002850614289693,1.4281466503499984,1.3125885172417764
131,131,131,131,0.2493409369951876,0.2493409369951876,0.2493409369951876,0.2493409369951876,0.2493409369951876,0.2493409369951876,0.2493409369951876,0.2493409369951876,0.2493409369951876,0.2493409369951876,0.2493409369951876,0.2493409369951876,0.2493409369951876,0.2493409369951876,0.0076170799776047,0.5230798751429293,0.1797045054786259,0.4016918107788709,4.719878296781059e-06,0.6489864785918561,0.1930170278326643,3.419170300951309e-07,0.7881788294673704,0.111557441729564,1.639048766675217e-07,1.717608078113314e-07,3.9119847632872e-07,0.0023303002680153,-0.0003857375936713,-0.0005394680836632,100000.0,0.0,0.3214092379050743,0.5609602809118995,0.9729887653335408,0.6708927172949258,0.3857643810724636,0.7530443630890749,0.193543124298731,0.103977241662804,0.038779099627476,0.6678087656439216,0.657988078578443,0.670959148799725,0.6733965454081345,0.5827774663664507,100000,30,14,0.1,5.0,0.1,0,13,0.001,1e-06,0.001,1e-07,1.0,1e-08,adamax,0,0.0,disordered,1,0.2468076915155672,0 days 16:21:07.613160,0.000385752381629,1.4092651323953915,1.37731565359019
132,132,132,132,0.2837303616516209,0.2837303616516209,0.2837303616516209,0.2837303616516209,0.2837303616516209,0.2837303616516209,0.2837303616516209,0.2837303616516209,0.2837303616516209,0.2837303616516209,0.2837303616516209,0.2837303616516209,0.2837303616516209,0.2837303616516209,0.458504425984309,0.5054810127824967,0.0045264404056591,0.1980237625606477,0.0792920619709769,0.2648512424054873,8.299004019334418e-05,0.0001626079152903,0.1061760052035278,0.59140724442091,7.680949014883637e-05,0.3739424835797862,0.017306763982213,0.9696081987379708,-0.0003028449946361,-0.0003728740783916,7100.0,1.0,0.9417557313138412,0.4598379478447295,0.1233252313945793,0.2499942574141122,0.4083691459001147,0.6123203267135688,0.3577362877443939,0.4357099077651283,0.2935833985092709,0.7277334408157906,0.845134155030783,0.338783613064323,0.8003503170635864,0.1970847602580898,100000,30,14,0.1,5.0,0.1,0,13,0.001,1e-06,0.001,1e-07,1.0,1e-08,adamax,0,0.0,disordered,1,0.2812306972558451,0 days 16:21:07.613160,0.0003028508836921,1.8588504804206802,1.3733859060304456
133,133,133,133,0.4047756965997316,0.4047756965997316,0.4047756965997316,0.4047756965997316,0.4047756965997316,0.4047756965997316,0.4047756965997316,0.4047756965997316,0.4047756965997316,0.4047756965997316,0.4047756965997316,0.4047756965997316,0.4047756965997316,0.4047756965997316,0.7809456596568255,0.3367099031398726,0.2114842234258455,0.059918263840623,0.5305275836631183,0.061488677920975,0.5844186014996429,0.0687205792281378,0.0701945602947547,1.0002837373904254,0.2314516038214253,0.162873393142716,0.6586594339750008,0.0887122042806434,-0.0002424176914919,-0.0002792052214174,831.0,0.0,0.9749271752625236,0.356152860257068,0.6614055922360822,0.6022105897609114,0.0821534229842885,0.5858340924685699,0.0466246723891885,0.4855800778680106,0.5371882984053611,0.951997611074012,0.182133745387985,0.0485946351976115,0.6269918487949945,0.3099575823858593,100000,30,14,0.1,5.0,0.1,0,13,0.001,1e-06,0.001,1e-07,1.0,1e-08,adamax,0,0.0,disordered,1,0.4028598800636812,0 days 16:21:07.613160,0.0002424198292895,1.741052766186997,1.3080138007530822
134,134,134,134,0.367392478180207,0.367392478180207,0.367392478180207,0.367392478180207,0.367392478180207,0.367392478180207,0.367392478180207,0.367392478180207,0.367392478180207,0.367392478180207,0.367392478180207,0.367392478180207,0.367392478180207,0.367392478180207,0.129505220975683,0.2752840345233399,0.3317443194302159,0.4962565974998241,0.264772430468886,0.1615842711400438,0.3150526167995944,0.463473879322093,0.1672789117808973,0.4542236770714258,1.0001107801071196,0.1117461334490662,0.1403831384233288,0.1520074288185203,-0.0002477084338486,-0.0002859563783137,540.0,0.0,0.5502766895860995,0.2555058305220564,0.690354676478183,0.1258208526893879,0.5118869253857486,0.7715420836198362,0.892247253863254,0.3278519753616105,0.5487013173130514,0.9531344850851424,0.1384454988354615,0.830214191649277,0.7327395107432352,0.9660335288182658,100000,30,14,0.1,5.0,0.1,0,13,0.001,1e-06,0.001,1e-07,1.0,1e-08,adamax,0,0.0,disordered,1,0.3726535360177622,0 days 16:21:07.613160,0.0002477236543906,1.4682822281978776,1.3649107200057957
135,135,135,135,0.367392478180207,0.367392478180207,0.367392478180207,0.367392478180207,0.367392478180207,0.367392478180207,0.367392478180207,0.367392478180207,0.367392478180207,0.367392478180207,0.367392478180207,0.367392478180207,0.367392478180207,0.367392478180207,0.11960091997346,0.1102838755153871,0.1324935470380641,0.1299063019082521,0.5854842862694355,0.1298181506882323,0.1385135543736867,0.1197346233728636,0.2175677315044496,0.1671106900729212,0.6634995196825072,0.3019447111353219,0.2292860346275235,1.0002726054975355,-0.0002698750953262,-0.00031263311659,558.0,0.0,0.4885474892180693,0.4552687916562221,0.5453349965360131,0.3611917337246968,0.0583130261082898,0.5685933037770732,0.3898531222958959,0.5053216831123871,0.6995514146566701,0.3938181735900791,0.1621186463421164,0.8307599058240421,0.9442078856421376,0.2347843226477063,100000,30,14,0.1,5.0,0.1,0,13,0.001,1e-06,0.001,1e-07,1.0,1e-08,adamax,0,0.0,disordered,1,0.3637839338122859,0 days 16:21:07.613160,0.0002698853542375,1.7255006895963587,1.2875069517646032
136,136,136,136,0.333461801578636,0.333461801578636,0.333461801578636,0.333461801578636,0.333461801578636,0.333461801578636,0.333461801578636,0.333461801578636,0.333461801578636,0.333461801578636,0.333461801578636,0.333461801578636,0.333461801578636,0.333461801578636,0.1044382235298425,0.1928311628621893,0.1328221054653857,1.0002650080379736,0.260094559891545,0.2379749945524214,0.7627002276779647,0.2703979728888082,0.1607354812296955,0.5237944047994836,0.3621149447183935,0.1309139770767082,0.1295583565805336,0.1111009591657513,-0.0002790001981789,-0.0003310525711946,507.0,0.0,0.6108236996679951,0.3773559526274866,0.7018834718502762,0.0546730326301002,0.9194034540657708,0.854608348268091,0.1387081230046472,0.6410568369788642,0.3306023906468737,0.2100287729330664,0.8474872128226818,0.7529992406443696,0.5771772316266393,0.6204337554211788,100000,30,14,0.1,5.0,0.1,0,13,0.001,1e-06,0.001,1e-07,1.0,1e-08,adamax,0,0.0,disordered,1,0.3377822429868241,0 days 16:21:07.613160,0.0002790163252084,1.4584411434464393,1.3731227612191101
137,137,137,137,0.1394082826282576,0.1394082826282576,0.1394082826282576,0.1394082826282576,0.1394082826282576,0.1394082826282576,0.1394082826282576,0.1394082826282576,0.1394082826282576,0.1394082826282576,0.1394082826282576,0.1394082826282576,0.1394082826282576,0.1394082826282576,0.7878544360889306,0.1782417714454244,0.1531623451940564,9.357799672219052e-07,0.1490691740961634,4.101807403495459e-07,0.7329517277020651,9.999961553093649e-08,0.1146898054462661,1.0491779518736329e-07,0.1087501605059588,0.019134813399424,0.1810429574632157,5.649468661506227e-07,-0.0005143687089763,-0.0006386250621508,69945.0,0.0,0.8697201396394431,0.3413880117550416,0.4930006569675881,0.2293783972850448,0.4531024331903944,0.1709223691586158,0.3456081147054866,0.6432019355210938,0.2766867791863913,0.6528621810348465,0.7971262366886388,0.6295824775477612,0.46928653969985,0.390735095512803,100000,30,14,0.1,5.0,0.1,0,13,0.001,1e-06,0.001,1e-07,1.0,1e-08,adamax,0,0.0,disordered,1,0.1415512774534575,0 days 16:21:07.613160,0.0005143987492101,2.14825511692207,1.8149283746645957
138,138,138,138,0.293044697697214,0.293044697697214,0.293044697697214,0.293044697697214,0.293044697697214,0.293044697697214,0.293044697697214,0.293044697697214,0.293044697697214,0.293044697697214,0.293044697697214,0.293044697697214,0.293044697697214,0.293044697697214,1.0010775277043964,0.2511152573694154,0.3439333187486785,0.7854926001174496,0.0678335445120699,0.1060142427327975,0.0943306342029522,0.4791863579608254,0.2399090472709866,0.0846608782614419,0.0988987016116914,0.0696919925907869,0.5753058379729818,0.218714974385437,-0.0003184274337696,-0.0003732138493199,651.0,0.0,0.0723702891932622,0.7662354457714627,0.9554555810072084,0.241228705435484,0.6963187340726933,0.60276645076222,0.8127417971322611,0.6830013088815216,0.1960750665428106,0.1349177742162709,0.3368118541359427,0.1861283494682134,0.6023762430226838,0.0878655252270514,100000,30,14,0.1,5.0,0.1,0,13,0.001,1e-06,0.001,1e-07,1.0,1e-08,adamax,0,0.0,disordered,1,0.2894052305837242,0 days 16:21:07.613160,0.0003184439978794,1.5413013162102849,1.366572835491493
139,139,139,139,0.4757236139187883,0.4757236139187883,0.4757236139187883,0.4757236139187883,0.4757236139187883,0.4757236139187883,0.4757236139187883,0.4757236139187883,0.4757236139187883,0.4757236139187883,0.4757236139187883,0.4757236139187883,0.4757236139187883,0.4757236139187883,0.2385365857718437,0.219281135534631,1.000626137643989,0.2214933610464492,0.3063845819629108,0.8248171405110192,0.2342148781448773,0.4254879537080836,0.2479071291827523,0.2972213588688381,0.4929269803957645,0.2565849982471337,0.4247338534128103,0.9370456054694378,-0.0002033552503859,-0.000221900637489,346.0,0.0,0.6752825814993385,0.7853399182255231,0.0413469873262518,0.8872135498661534,0.8203067955127752,0.0426734613804549,0.5476119930948808,0.0276987578582994,0.476849323850059,0.0810706566252456,0.5758752183135014,0.0770917045106102,0.0891812636734423,0.9707655112111976,100000,30,14,0.1,5.0,0.1,0,13,0.001,1e-06,0.001,1e-07,1.0,1e-08,adamax,0,0.0,disordered,1,0.4763775868969923,0 days 16:21:07.613160,0.0002033554048343,1.4311184246063633,1.286837299994574
140,140,140,140,0.2121550171362449,0.2121550171362449,0.2121550171362449,0.2121550171362449,0.2121550171362449,0.2121550171362449,0.2121550171362449,0.2121550171362449,0.2121550171362449,0.2121550171362449,0.2121550171362449,0.2121550171362449,0.2121550171362449,0.2121550171362449,0.1620644584233339,8.480447533344018e-05,0.6484653084165654,0.2137231594695897,3.57371969802188e-05,0.6746082756830439,0.0001163302324897,3.390320736047705e-05,0.3008920578125665,0.0209096783462882,0.0408140860336611,4.84726415800471e-05,1.1434077360742775e-05,0.6707517750167105,-0.000428945207906,-0.0005436745794824,7611.0,1.0,0.8086431747728513,0.6726456573027725,0.7873534174037112,0.2138068606342079,0.1035298872262434,0.3220818050220797,0.7609848968381185,0.7554276132962582,0.7175991955140247,0.4169878110167524,0.5086903174204658,0.7400016015709628,0.5875236478790725,0.2213090706827494,100000,30,14,0.1,5.0,0.1,0,13,0.001,1e-06,0.001,1e-07,1.0,1e-08,adamax,0,0.0,disordered,1,0.2147551215027976,0 days 16:21:07.613160,0.0004289669987577,1.8909576176457046,1.4188456482694256
141,141,141,141,0.3794532847236935,0.3794532847236935,0.3794532847236935,0.3794532847236935,0.3794532847236935,0.3794532847236935,0.3794532847236935,0.3794532847236935,0.3794532847236935,0.3794532847236935,0.3794532847236935,0.3794532847236935,0.3794532847236935,0.3794532847236935,0.8732014861903914,0.0615354267515424,1.0000311181676171,0.31493992079137,0.0753571449480119,0.139342187614758,0.5205499365265072,0.3789790406916934,0.2133382868740492,0.1014178006277573,0.8169016412388737,0.2818600045175453,0.2570290757197535,0.3033035723509539,-0.0002605346445407,-0.0002835011904063,919.0,0.0,0.4701230161149549,0.9348430298883496,0.961070735677403,0.0774580871146507,0.1196809759074851,0.0580147337772677,0.5053224970285753,0.8981542338510546,0.5149285866757037,0.3326697194301049,0.8811087944470062,0.2414535217964392,0.5495248734337503,0.8854725114915851,100000,30,14,0.1,5.0,0.1,0,13,0.001,1e-06,0.001,1e-07,1.0,1e-08,adamax,0,0.0,disordered,1,0.3757577889244786,0 days 16:21:07.613160,0.0002605440879272,1.2823071221364246,1.2749730725009811
142,142,142,142,0.2191196687578146,0.2191196687578146,0.2191196687578146,0.2191196687578146,0.2191196687578146,0.2191196687578146,0.2191196687578146,0.2191196687578146,0.2191196687578146,0.2191196687578146,0.2191196687578146,0.2191196687578146,0.2191196687578146,0.2191196687578146,1.0002407409271117,0.3354144229597644,0.0346248307211596,0.4137804214037971,0.0932258700596102,0.089084647695513,0.1709554672299675,0.062286855352461,0.2239723961171214,0.120648049637692,0.4637075032675227,0.1857330931911291,0.0447242438844253,0.4040520036384971,-0.000420590004986,-0.0004660502291344,983.0,0.0,0.8715760559548247,0.1321769159494964,0.3050751526083735,0.4077745572349009,0.7725284557686096,0.686684721711338,0.5367303424045855,0.3768587937652314,0.2869107062612098,0.5824724774589648,0.8038178801135077,0.3512810604683982,0.2841725811036992,0.0098014693381194,100000,30,14,0.1,5.0,0.1,0,13,0.001,1e-06,0.001,1e-07,1.0,1e-08,adamax,0,0.0,disordered,1,0.222351810632513,0 days 16:21:07.613160,0.0004206233384287,1.554177817923023,1.4012894078588147
143,143,143,143,0.333461801578636,0.333461801578636,0.333461801578636,0.333461801578636,0.333461801578636,0.333461801578636,0.333461801578636,0.333461801578636,0.333461801578636,0.333461801578636,0.333461801578636,0.333461801578636,0.333461801578636,0.333461801578636,0.0154232906473825,0.1573288627372792,0.3503349408470457,0.251231704229649,0.4136050185711976,0.0190397268331902,0.1761398082385528,1.0000713296408168,0.020288901373798,0.7080970196443518,0.1287620434779658,0.2532559697925672,0.2951161467875344,0.0139101927305117,-0.0002919723923491,-0.0003310500081519,2381.0,0.0,0.110380666903483,0.1312510297306344,0.4322052618946842,0.7758345101290121,0.4043857509029754,0.1460427398879018,0.1679213699100826,0.952884908736082,0.6201842307810612,0.2964785426638304,0.8444660694775874,0.9474444975391232,0.5467043710128199,0.4530432787594874,100000,30,14,0.1,5.0,0.1,0,13,0.001,1e-06,0.001,1e-07,1.0,1e-08,adamax,0,0.0,disordered,1,0.3384687983931254,0 days 16:21:07.613160,0.0002919988100938,1.3668123314822804,1.2959377653485942
144,144,144,144,0.3026648059395688,0.3026648059395688,0.3026648059395688,0.3026648059395688,0.3026648059395688,0.3026648059395688,0.3026648059395688,0.3026648059395688,0.3026648059395688,0.3026648059395688,0.3026648059395688,0.3026648059395688,0.3026648059395688,0.3026648059395688,0.0242839000997229,0.5281191929294293,0.2103742513664708,0.0264466815134109,1.0001779509190871,0.2868265589617708,0.4127372869546029,0.1363583678804793,0.0261696169713388,0.0177845489848766,0.0080452712674515,0.1041499494001089,0.0091870414527276,0.6059761385429621,-0.0003247757413791,-0.0004264336314453,1572.0,0.0,0.3865609462752719,0.3750887220633633,0.8641334593779851,0.7121169088606202,0.9116187399049344,0.0330861618683887,0.1317100749102014,0.5247398946099376,0.586993413190181,0.4302177437931249,0.5175722149699251,0.901339437787484,0.5628716867420183,0.2620706984769563,100000,30,14,0.1,5.0,0.1,0,13,0.001,1e-06,0.001,1e-07,1.0,1e-08,adamax,0,0.0,disordered,1,0.3001688811071014,0 days 16:21:07.613160,0.0003247844316551,2.0310584430969048,1.32145417856301
145,145,145,145,0.3557150206821381,0.3557150206821381,0.3557150206821381,0.3557150206821381,0.3557150206821381,0.3557150206821381,0.3557150206821381,0.3557150206821381,0.3557150206821381,0.3557150206821381,0.3557150206821381,0.3557150206821381,0.3557150206821381,0.3557150206821381,0.098507752872428,0.2756512646497967,0.1198085070589551,0.1195561344734136,0.1160863215730375,0.5945261445495064,0.1191310362121639,0.5304923906444794,0.0930896584690718,0.2075560011795748,0.2084923598558783,0.1792752084444902,1.0005031699428908,0.2241542994015924,-0.0002466441669649,-0.000291163742542,581.0,0.0,0.4998416118676445,0.2976851522117538,0.6305004038324661,0.5873705253573342,0.7080282063122164,0.9740300030341958,0.4986415638058594,0.0375864993647589,0.4949250184604326,0.5079226609557341,0.7907435523960199,0.9276889739859024,0.1612277039736088,0.8859141379692881,100000,30,14,0.1,5.0,0.1,0,13,0.001,1e-06,0.001,1e-07,1.0,1e-08,adamax,0,0.0,disordered,1,0.3600725919920532,0 days 16:21:07.613160,0.0002466534062698,1.6448683496101864,1.289114700256941
146,146,146,146,0.4317879727332017,0.4317879727332017,0.4317879727332017,0.4317879727332017,0.4317879727332017,0.4317879727332017,0.4317879727332017,0.4317879727332017,0.4317879727332017,0.4317879727332017,0.4317879727332017,0.4317879727332017,0.4317879727332017,0.4317879727332017,0.5018973956347685,0.2402125326103548,0.8069895586137276,0.6525668653757476,0.1781589916902784,0.285199462408196,1.000435248932493,0.4674962025540589,0.1660974793208421,0.1713730700051316,0.1704486365076219,0.1657690366504076,0.6982156313077962,0.463448609605693,-0.0002268671006512,-0.0002636352565647,474.0,0.0,0.1726543840939524,0.5902395946811771,0.0046682064387766,0.8449914787022698,0.412171198620191,0.2167115328242185,0.9461633176947816,0.0858252645518551,0.3519555683948094,0.4662096657402347,0.2641610423199229,0.3577243023289156,0.8439450561857775,0.1966853652975934,100000,30,14,0.1,5.0,0.1,0,13,0.001,1e-06,0.001,1e-07,1.0,1e-08,adamax,0,0.0,disordered,1,0.4347131680891748,0 days 16:21:07.613160,0.0002268711487495,1.3469650725996953,1.2830275425354147
147,147,147,147,0.31260072430687,0.31260072430687,0.31260072430687,0.31260072430687,0.31260072430687,0.31260072430687,0.31260072430687,0.31260072430687,0.31260072430687,0.31260072430687,0.31260072430687,0.31260072430687,0.31260072430687,0.31260072430687,0.5015597094175924,6.800294257004252e-07,0.304415620489734,9.059091517926876e-07,0.1387416321105703,0.1064859187778406,0.4586860089760555,0.1434145588931686,0.8043902238860116,1.8340355456404323e-06,0.2920993025931371,0.5985418171275555,4.1363837192955965e-06,0.7477711244017892,-0.0002690044477692,-0.0002945482726594,100000.0,0.0,0.5568244398237743,0.2123840167638335,0.6193251512817038,0.2504078897401338,0.3153846107667606,0.5267904055998419,0.2517950567936714,0.7296339402648715,0.2245900242579696,0.8373230498189689,0.7008026550476931,0.1292264353061747,0.5201552343639971,0.0661997105179632,100000,30,14,0.1,5.0,0.1,0,13,0.001,1e-06,0.001,1e-07,1.0,1e-08,adamax,0,0.0,disordered,1,0.3158244136719111,0 days 16:21:07.613160,0.000269010605101,1.7417961659923937,1.4306591356610376
148,148,148,148,0.3919100249433399,0.3919100249433399,0.3919100249433399,0.3919100249433399,0.3919100249433399,0.3919100249433399,0.3919100249433399,0.3919100249433399,0.3919100249433399,0.3919100249433399,0.3919100249433399,0.3919100249433399,0.3919100249433399,0.3919100249433399,0.1111385704384636,0.4796166128145569,0.1411839605555432,0.1056243417428335,0.2513510057744439,0.1872566123991368,0.2048026998468828,0.3017519596309792,0.130438219032805,0.2440674464899705,0.1399588521951604,0.4027660197833786,1.0003750567105776,0.1086499752914188,-0.0002600471704838,-0.0003089161484567,702.0,0.0,0.1721544722467036,0.312892160296816,0.7078524496291896,0.6182809299151276,0.532032312442629,0.1823636503495314,0.297466122530351,0.6865605756254168,0.490586013515179,0.3226402252012018,0.0690082719759968,0.0460383384738465,0.9243948450781102,0.4160384084032459,100000,30,14,0.1,5.0,0.1,0,13,0.001,1e-06,0.001,1e-07,1.0,1e-08,adamax,0,0.0,disordered,1,0.3874318431674804,0 days 16:21:07.613160,0.0002600618861454,1.4194833170783132,1.2156537120845952
149,149,149,149,0.293044697697214,0.293044697697214,0.293044697697214,0.293044697697214,0.293044697697214,0.293044697697214,0.293044697697214,0.293044697697214,0.293044697697214,0.293044697697214,0.293044697697214,0.293044697697214,0.293044697697214,0.293044697697214,1.0003693401530422,0.1369507375734097,0.2347078627699706,0.1273226742313094,0.8842106984753986,0.2085437809302423,0.3979268190514664,0.2922213283225564,0.1435757203723538,0.1724197285944697,0.0502679404022985,0.3146901958390439,0.3539266016205828,0.0308626303809615,-0.0003160571086239,-0.0003552682701071,1405.0,0.0,0.892642849940053,0.2427364202596078,0.5902893458566169,0.2554925136067161,0.8824369211174049,0.2237432147542696,0.5457548232681747,0.966408500467066,0.7300655008831317,0.55451469704545,0.3642251993788008,0.5299935154653812,0.003964601886879,0.1307005979703461,100000,30,14,0.1,5.0,0.1,0,13,0.001,1e-06,0.001,1e-07,1.0,1e-08,adamax,0,0.0,disordered,1,0.2949234480646736,0 days 16:21:07.613160,0.0003160616281893,1.434092216193144,1.4157942000580765
150,150,150,150,0.3444087275973818,0.3444087275973818,0.3444087275973818,0.3444087275973818,0.3444087275973818,0.3444087275973818,0.3444087275973818,0.3444087275973818,0.3444087275973818,0.3444087275973818,0.3444087275973818,0.3444087275973818,0.3444087275973818,0.3444087275973818,0.0276042607886801,0.0308511845423892,0.0351247985366502,0.68011966318964,0.0242320391990681,0.3191305866521862,1.0000314928240082,0.2871129133087899,0.0499849806472766,0.8360288394705698,0.0220282437097027,0.0690805319222118,0.0390806453799194,0.026084065781663,-0.0002969973844069,-0.0003752114155457,1608.0,0.0,0.2790991030065441,0.0468384390791053,0.2382331369006272,0.4210956189228788,0.8581652380491207,0.919041328596542,0.0206468547942875,0.4598981761889207,0.6834911275073907,0.752343177655418,0.1593110042926907,0.0072366000934332,0.2493808475659444,0.3142001016251147,100000,30,14,0.1,5.0,0.1,0,13,0.001,1e-06,0.001,1e-07,1.0,1e-08,adamax,0,0.0,disordered,1,0.339062922468552,0 days 16:21:07.613160,0.000297028904366,1.5366872305876516,1.2736636903768705
151,151,151,151,0.1638433645577982,0.1638433645577982,0.1638433645577982,0.1638433645577982,0.1638433645577982,0.1638433645577982,0.1638433645577982,0.1638433645577982,0.1638433645577982,0.1638433645577982,0.1638433645577982,0.1638433645577982,0.1638433645577982,0.1638433645577982,0.4120780339503496,1.061420794639859e-05,0.555003467159394,1.5657468387137475e-05,0.0576247954344318,0.0001211106054271,0.1837856108972415,0.0899590290242414,0.5714781069392172,0.1373027685620879,1.4188518416397696e-05,0.0510091798408596,4.9820672478700425e-05,1.602657381751407e-05,-0.0005001589969717,-0.0006673260395005,7704.0,1.0,0.1871628674307952,0.2204804283056316,0.6620003487166186,0.2217289002022189,0.1888468319739497,0.2708439558761873,0.455397885465194,0.1981833967994051,0.4956181222794322,0.936968986660444,0.8217622708517057,0.7513602717091733,0.9424908823824212,0.9216691367522626,100000,30,14,0.1,5.0,0.1,0,13,0.001,1e-06,0.001,1e-07,1.0,1e-08,adamax,0,0.0,disordered,1,0.1661809830410109,0 days 16:21:07.613160,0.0005001878091885,2.0577947129137852,1.6679687619911359
152,152,152,152,0.333461801578636,0.333461801578636,0.333461801578636,0.333461801578636,0.333461801578636,0.333461801578636,0.333461801578636,0.333461801578636,0.333461801578636,0.333461801578636,0.333461801578636,0.333461801578636,0.333461801578636,0.333461801578636,0.0940648262813301,0.0417011892401309,0.291366065442183,5.924160213089405e-05,0.4364270797061447,0.2087013587557852,0.0211905149722103,0.0666815780025284,0.0386778512572704,0.126634659729554,4.645078813799133e-05,0.5424733655057075,0.5806744443851145,7.103769737906439e-05,-0.0002940698001017,-0.0003699387771875,7294.0,1.0,0.5530379528488172,0.6917257743704043,0.3526787263580574,0.5383261755672814,0.920654969928161,0.5076198694558568,0.4212669136615909,0.6581423117426194,0.4650690107189882,0.0950751511429794,0.3789402569079488,0.1358529711872043,0.914623681246587,0.7408822942823422,100000,30,14,0.1,5.0,0.1,0,13,0.001,1e-06,0.001,1e-07,1.0,1e-08,adamax,0,0.0,disordered,1,0.3291851026075814,0 days 16:21:07.613160,0.0002940884190734,2.1022830005437565,1.3483272378933062
153,153,153,153,0.3228628202536728,0.3228628202536728,0.3228628202536728,0.3228628202536728,0.3228628202536728,0.3228628202536728,0.3228628202536728,0.3228628202536728,0.3228628202536728,0.3228628202536728,0.3228628202536728,0.3228628202536728,0.3228628202536728,0.3228628202536728,0.5737305750975084,0.0983723034067066,0.1210518834653076,0.1435466715556962,0.3600888497614527,0.1843644055264216,0.1444326441497779,0.1092397749593304,0.0991572677452268,0.0936387664464734,0.2280949726288451,1.0006847326482702,0.1703513330823826,0.0971204742970571,-0.0002948809096631,-0.0003863247344789,553.0,0.0,0.4393104955811658,0.0707768976316932,0.1130279864224709,0.2624156021116005,0.5242856925683992,0.1061762451345866,0.3628835152626581,0.1810869435269304,0.1040694882091142,0.1207156030198123,0.1205773080414402,0.8314340131623814,0.1801038565742732,0.1114461759198258,100000,30,14,0.1,5.0,0.1,0,13,0.001,1e-06,0.001,1e-07,1.0,1e-08,adamax,0,0.0,disordered,1,0.3213299424778206,0 days 16:21:07.613160,0.00029488324168,1.7215548103378333,1.3547788232750422
154,154,154,154,0.333461801578636,0.333461801578636,0.333461801578636,0.333461801578636,0.333461801578636,0.333461801578636,0.333461801578636,0.333461801578636,0.333461801578636,0.333461801578636,0.333461801578636,0.333461801578636,0.333461801578636,0.333461801578636,0.2161938533537795,0.0040996850237716,1.000005353020386,0.0390602304190344,0.0034836482468081,0.0037663256524784,0.0027789150500538,0.4599832304041775,0.1017421321049773,0.9515969993454876,0.1635052776022413,0.1822180517862167,0.0089299999806673,0.7552599680854295,-0.0002875973675903,-0.0003385243955134,3541.0,0.0,0.8308278558558296,0.961011026603638,0.7342278090035012,0.0729623876622924,0.135227585489973,0.1455237945638252,0.097818328651009,0.4805453164795235,0.0559177808052885,0.7949178194024896,0.4107411089264134,0.1952745361576933,0.0930262237184345,0.5691464282847171,100000,30,14,0.1,5.0,0.1,0,13,0.001,1e-06,0.001,1e-07,1.0,1e-08,adamax,0,0.0,disordered,1,0.3358239621446015,0 days 16:21:07.613160,0.000287602948229,1.6774294442286164,1.301687834797664
155,155,155,155,0.2493409369951876,0.2493409369951876,0.2493409369951876,0.2493409369951876,0.2493409369951876,0.2493409369951876,0.2493409369951876,0.2493409369951876,0.2493409369951876,0.2493409369951876,0.2493409369951876,0.2493409369951876,0.2493409369951876,0.2493409369951876,0.3835744265623146,0.0001920890029729,0.5687201945667058,0.4277992256110955,0.0017612606893012,0.0722642380535155,0.3980343538652947,8.364135390460731e-05,0.6285766158707162,0.0443896896700734,0.6322653732417366,0.2425186209094431,0.0947253236918681,8.258197428219937e-05,-0.0003122216415682,-0.0003765391289675,7183.0,1.0,0.7780822486374359,0.5827575179313235,0.2376203456844096,0.8029028204045157,0.5144587734644316,0.5852728529588221,0.90773163704272,0.6753026600541806,0.1166591329730092,0.6944758160683953,0.2903939653665163,0.7900091434874791,0.5623982115664938,0.5406843913905252,100000,30,14,0.1,5.0,0.1,0,13,0.001,1e-06,0.001,1e-07,1.0,1e-08,adamax,0,0.0,disordered,1,0.2501650308260332,0 days 16:21:07.613160,0.0003122223949896,2.0025114491476432,1.5643867106216462
156,156,156,156,0.2659804395593755,0.2659804395593755,0.2659804395593755,0.2659804395593755,0.2659804395593755,0.2659804395593755,0.2659804395593755,0.2659804395593755,0.2659804395593755,0.2659804395593755,0.2659804395593755,0.2659804395593755,0.2659804395593755,0.2659804395593755,0.0643513274436602,0.6277335031146936,1.0007183496649603,0.4366563332733331,0.0939415811122566,0.7274945060317985,0.0906467509814241,0.4077697386211512,0.1219341881482232,0.1492389219014603,0.0705298369397145,0.0746969969186784,0.0723535906139201,0.0668634096995521,-0.0003337588584056,-0.0004520650141777,640.0,0.0,0.1413538655857303,0.0271220945245717,0.9748166908535594,0.0303579646415819,0.0518069464734765,0.4585185987142001,0.9373870480730612,0.541439845201694,0.992234973213659,0.7159409359468822,0.8206692556312501,0.8193095900901667,0.943006272690257,0.9689264863063872,100000,30,14,0.1,5.0,0.1,0,13,0.001,1e-06,0.001,1e-07,1.0,1e-08,adamax,0,0.0,disordered,1,0.2657306350557109,0 days 16:21:07.613160,0.0003337589671881,1.652697752130326,1.4402398966833945
157,157,157,157,0.4180637241455752,0.4180637241455752,0.4180637241455752,0.4180637241455752,0.4180637241455752,0.4180637241455752,0.4180637241455752,0.4180637241455752,0.4180637241455752,0.4180637241455752,0.4180637241455752,0.4180637241455752,0.4180637241455752,0.4180637241455752,0.5529739987199754,0.1062674751147382,0.1673167427103513,0.5378432590063342,0.2145782271730717,0.1054596448878751,0.968733318422181,0.1290344335484171,0.8655372111749694,1.5197241829478872e-05,0.0430327592864213,1.6406196454663703e-05,0.6062656719199314,0.5400955437656624,-0.000222770475911,-0.0002785398532344,7592.0,1.0,0.3276494541319806,0.7083458703669923,0.5084046609907297,0.9787623649000357,0.5912992803747523,0.4000301605128264,0.0337555554224702,0.7289475620574137,0.0126671734556811,0.6485375145549263,0.2649876404506113,0.6755883122773291,0.9918198827907344,0.3484962578197382,100000,30,14,0.1,5.0,0.1,0,13,0.001,1e-06,0.001,1e-07,1.0,1e-08,adamax,0,0.0,disordered,1,0.4177055915144424,0 days 16:21:07.613160,0.0002227705102403,1.6749640592280137,1.3008638093964762
158,158,158,158,0.2121550171362449,0.2121550171362449,0.2121550171362449,0.2121550171362449,0.2121550171362449,0.2121550171362449,0.2121550171362449,0.2121550171362449,0.2121550171362449,0.2121550171362449,0.2121550171362449,0.2121550171362449,0.2121550171362449,0.2121550171362449,0.329687370141125,3.5426845981410626e-05,0.7952041941413059,9.55988672414634e-05,3.829234302243815e-05,0.1476862474578682,0.7140238240118085,1.144373582799856e-05,0.1827969431730474,2.5793769569217496e-05,0.0544248014258832,0.3474824722502184,2.992398889074248e-05,0.0294600691377145,-0.0004018023866962,-0.0005165334585152,7117.0,1.0,0.5571793767128005,0.5563311598316637,0.1628741883429298,0.7379079615026909,0.7030663930457914,0.7713941988124761,0.2208141426746092,0.0677345045417457,0.3937263229318543,0.1172362072779105,0.2767631958326918,0.0169696425388787,0.4022489219427492,0.360677478882739,100000,30,14,0.1,5.0,0.1,0,13,0.001,1e-06,0.001,1e-07,1.0,1e-08,adamax,0,0.0,disordered,1,0.2104845481485,0 days 16:21:07.613160,0.0004018098946239,2.005503887536597,1.6014553470356545
159,159,159,159,0.2121550171362449,0.2121550171362449,0.2121550171362449,0.2121550171362449,0.2121550171362449,0.2121550171362449,0.2121550171362449,0.2121550171362449,0.2121550171362449,0.2121550171362449,0.2121550171362449,0.2121550171362449,0.2121550171362449,0.2121550171362449,0.6338429297447951,1.8631393274070585e-05,0.1116287419216505,2.9393639054100725e-05,0.2939032543099825,0.1559431499140272,0.3185949842989054,0.0303423552892755,0.3831378669800102,0.0453296589451444,0.3063857994601981,0.0377396430207184,0.4622666490569695,5.278725375165129e-05,-0.000367653673039,-0.0004103532670449,6774.0,1.0,0.3262305583495524,0.3855598183281474,0.0402466755464366,0.4349757485946594,0.6537146155742647,0.3242104328068582,0.566660944618112,0.8021387118032729,0.5251025981088469,0.9268620006938288,0.7707486331253395,0.5573566425490262,0.083710156867153,0.4687061008091225,100000,30,14,0.1,5.0,0.1,0,13,0.001,1e-06,0.001,1e-07,1.0,1e-08,adamax,0,0.0,disordered,1,0.2113240832933448,0 days 16:21:07.613160,0.000367654985958,1.8539440139532033,1.596216477592387
160,160,160,160,0.4459627626819087,0.4459627626819087,0.4459627626819087,0.4459627626819087,0.4459627626819087,0.4459627626819087,0.4459627626819087,0.4459627626819087,0.4459627626819087,0.4459627626819087,0.4459627626819087,0.4459627626819087,0.4459627626819087,0.4459627626819087,0.7779602358830274,1.0013994183973944,0.3853427551475612,0.1875198754256953,0.8014863008786306,0.1845741190064381,0.1883668688016514,0.1950764195261699,0.1988890521793352,0.6719001932235499,0.7120701217218676,0.4639084652616411,0.1789490199892577,0.7922231955057393,-0.0002177836215776,-0.0002413002905587,426.0,0.0,0.0344612358466409,0.9556562375208256,0.0461552314059547,0.2080422743690986,0.182888538163592,0.8612550547128319,0.9076713176225232,0.7260500788554521,0.8534359499340505,0.2604361863396208,0.8953795199981,0.1011413368929425,0.3093937870356646,0.8592206377761276,100000,30,14,0.1,5.0,0.1,0,13,0.001,1e-06,0.001,1e-07,1.0,1e-08,adamax,0,0.0,disordered,1,0.4509223924355541,0 days 16:21:07.613160,0.0002177935911201,1.269741927438287,1.2457990106410806
161,161,161,161,0.4180637241455752,0.4180637241455752,0.4180637241455752,0.4180637241455752,0.4180637241455752,0.4180637241455752,0.4180637241455752,0.4180637241455752,0.4180637241455752,0.4180637241455752,0.4180637241455752,0.4180637241455752,0.4180637241455752,0.4180637241455752,0.2694455362742767,0.1782067507837335,0.7424755565318867,0.1775402371401716,0.4400002339032615,0.4268055205128654,0.1724993573952737,0.1493327633131299,1.0004727256356272,0.5570563069643536,0.1441722289374162,0.4124478297544709,0.1805143121021976,0.3459943575723199,-0.0002314273494291,-0.0002576321616029,470.0,0.0,0.6908871214304099,0.9334503857974236,0.8486891703034303,0.2110979491736087,0.4184623937005955,0.9889100188894656,0.7029882633961682,0.7939055624479926,0.0828351181710876,0.9537513978759496,0.5504452183949765,0.1535995306316145,0.5736723197413477,0.9153875006878254,100000,30,14,0.1,5.0,0.1,0,13,0.001,1e-06,0.001,1e-07,1.0,1e-08,adamax,0,0.0,disordered,1,0.4129036980414863,0 days 16:21:07.613160,0.0002314393345083,1.3646993320459324,1.2935106029148964
162,162,162,162,0.4047756965997316,0.4047756965997316,0.4047756965997316,0.4047756965997316,0.4047756965997316,0.4047756965997316,0.4047756965997316,0.4047756965997316,0.4047756965997316,0.4047756965997316,0.4047756965997316,0.4047756965997316,0.4047756965997316,0.4047756965997316,0.7290393181999593,0.1698632261179573,0.1306613769148729,0.5284010799640632,0.1418308686898682,0.5626441335988774,0.2448582078191591,0.1654486632480784,0.3568517726656056,0.3239715823097381,0.7311755696080331,0.1488311074065704,0.2820016693941349,1.001346164072442,-0.0002457029202926,-0.000268728791212,492.0,0.0,0.5444825998444183,0.993121278246118,0.9275317473818308,0.4971718245075625,0.9670829696362684,0.7673314384722845,0.2547568216334356,0.098490210601175,0.0272324688657978,0.5214504280051905,0.7549609517339175,0.1307618672497297,0.2019192370687201,0.9738257135088684,100000,30,14,0.1,5.0,0.1,0,13,0.001,1e-06,0.001,1e-07,1.0,1e-08,adamax,0,0.0,disordered,1,0.408687969766323,0 days 16:21:07.613160,0.0002457122962127,1.3612034678581053,1.2339244106509912
163,163,163,163,0.1535934676510895,0.1535934676510895,0.1535934676510895,0.1535934676510895,0.1535934676510895,0.1535934676510895,0.1535934676510895,0.1535934676510895,0.1535934676510895,0.1535934676510895,0.1535934676510895,0.1535934676510895,0.1535934676510895,0.1535934676510895,3.6333657893335778e-06,0.6845249501308862,0.3820491250404458,0.4182693695560432,5.269143728655556e-07,2.701395297054876e-07,0.0241623916084628,0.510493739605578,0.2264456310549884,2.46635690574911e-07,7.813319933038569e-07,0.0802588225353735,0.0301113970294481,0.0955020944177155,-0.0005263165238494,-0.0006668648484889,100000.0,0.0,0.8070049822452176,0.3232655752736976,0.942666287822342,0.4773792660807354,0.2539339041208778,0.3450083298787604,0.2721710178793161,0.695103192343459,0.3738620607514251,0.5778116469885942,0.6203660689295584,0.504510367883843,0.4526898545703495,0.3522765421765111,100000,30,14,0.1,5.0,0.1,0,13,0.001,1e-06,0.001,1e-07,1.0,1e-08,adamax,0,0.0,disordered,1,0.1527234335668092,0 days 16:21:07.613160,0.0005263214220068,1.9961544145592982,1.785709750001622
164,164,164,164,0.2575263326771198,0.2575263326771198,0.2575263326771198,0.2575263326771198,0.2575263326771198,0.2575263326771198,0.2575263326771198,0.2575263326771198,0.2575263326771198,0.2575263326771198,0.2575263326771198,0.2575263326771198,0.2575263326771198,0.2575263326771198,0.0428615567141579,0.8420229338584115,0.1101155755924765,1.0000056951883272,0.050154737260122,0.0492854407414261,0.0619927432825628,0.0507021439032804,0.6861919253891743,0.0896440829359103,0.0667250183275584,0.0719527160692784,0.392016150292311,0.155141008907181,-0.0003257187988955,-0.000397083501707,927.0,0.0,0.2336160401454557,0.0943539969195973,0.6992249408750559,0.0159136325147031,0.733419644458273,0.7540298348866528,0.8060443633742611,0.6416431025412082,0.9523553741693856,0.3824415633651347,0.4588303912340334,0.2890005676901521,0.0102491746072319,0.4378307091080925,100000,30,14,0.1,5.0,0.1,0,13,0.001,1e-06,0.001,1e-07,1.0,1e-08,adamax,0,0.0,disordered,1,0.2571469099148324,0 days 16:21:07.613160,0.000325719017517,1.8699952597122966,1.4882974799107214
165,165,165,165,0.3026648059395688,0.3026648059395688,0.3026648059395688,0.3026648059395688,0.3026648059395688,0.3026648059395688,0.3026648059395688,0.3026648059395688,0.3026648059395688,0.3026648059395688,0.3026648059395688,0.3026648059395688,0.3026648059395688,0.3026648059395688,0.0001862163378521,0.4166250488201937,0.1733932303140349,0.2525255328756081,2.358451724034335e-05,0.0367044985360547,0.0097510295415309,0.024943708629571,5.443262105737575e-05,0.4414541477234908,0.7428474626495849,1.0457561553192349e-05,0.1776097743849274,1.101858501026137e-05,-0.0003141543137314,-0.0004157048411393,7215.0,1.0,0.4989893551030308,0.4638998004232579,0.0363402251181919,0.1599930653138644,0.2731509409073254,0.4093936651384934,0.2053063242044668,0.3641622980777784,0.2873065360873149,0.1083947633854334,0.8762896426779009,0.6078379019517387,0.9833838722013164,0.6033553992658931,100000,30,14,0.1,5.0,0.1,0,13,0.001,1e-06,0.001,1e-07,1.0,1e-08,adamax,0,0.0,disordered,1,0.3000519576685756,0 days 16:21:07.613160,0.0003141629826615,2.2553127607740597,1.356402739052212
166,166,166,166,0.1487115462808952,0.1487115462808952,0.1487115462808952,0.1487115462808952,0.1487115462808952,0.1487115462808952,0.1487115462808952,0.1487115462808952,0.1487115462808952,0.1487115462808952,0.1487115462808952,0.1487115462808952,0.1487115462808952,0.1487115462808952,0.2203503704161212,0.7193018891916335,9.999824202102677e-08,1.683497489256366e-06,1.595191715310828e-07,0.2942762735293166,0.0078511566059734,0.0554888888776067,0.4738738979221777,3.1090820148593164e-06,0.2788231480703476,0.02426522790246,1.0354094468579756e-06,0.3413153938925964,-0.0004954142145872,-0.0005781453235833,48317.0,0.0,0.6151744480332769,0.3638928687688877,0.8050107012280634,0.46257811294563,0.8233457583558952,0.467187880323444,0.7391654216140363,0.6624902070156852,0.3966253711726136,0.0910683153333375,0.2326909156195593,0.4405565030924935,0.474846501111212,0.2149263998002676,100000,30,14,0.1,5.0,0.1,0,13,0.001,1e-06,0.001,1e-07,1.0,1e-08,adamax,0,0.0,disordered,1,0.1478249769572719,0 days 16:21:07.613160,0.0004954177605559,2.1633782716951533,1.779576256974515
167,167,167,167,0.3026648059395688,0.3026648059395688,0.3026648059395688,0.3026648059395688,0.3026648059395688,0.3026648059395688,0.3026648059395688,0.3026648059395688,0.3026648059395688,0.3026648059395688,0.3026648059395688,0.3026648059395688,0.3026648059395688,0.3026648059395688,0.011583205159996,0.1394402969167857,0.2282803587670611,0.3692980950355044,0.2542648183692529,0.2033500850197548,0.0423928251538151,0.3911429009746544,0.2671727133409439,0.0003074931340993,0.1885106943910995,0.7667190772035878,0.0390132504090192,0.7587222521171637,-0.000296700239006,-0.0003259587693963,7058.0,1.0,0.2611191001577414,0.32406667033864,0.5476708885325725,0.0894110589885438,0.4069143497006983,0.6819223085236259,0.8363983479429605,0.5160144767242176,0.949979402173526,0.7355018799350038,0.7899085260994683,0.1351363732864036,0.5054466145492318,0.0355158673137723,100000,30,14,0.1,5.0,0.1,0,13,0.001,1e-06,0.001,1e-07,1.0,1e-08,adamax,0,0.0,disordered,1,0.3021060633682379,0 days 16:21:07.613160,0.0002967007091566,1.6884603971812107,1.414428491787703
168,168,168,168,0.3444087275973818,0.3444087275973818,0.3444087275973818,0.3444087275973818,0.3444087275973818,0.3444087275973818,0.3444087275973818,0.3444087275973818,0.3444087275973818,0.3444087275973818,0.3444087275973818,0.3444087275973818,0.3444087275973818,0.3444087275973818,0.2783672250318829,0.1692470882122714,0.9471302246937968,0.2270883776784106,0.1697939044116528,0.1572327511966713,0.2674093807395282,0.1543906256429046,0.1947935862286078,0.3026066136732512,0.1091641529597994,0.1073049005001058,0.3330889754300527,1.0003309811378516,-0.000278301751055,-0.0003415781231902,551.0,0.0,0.6686059503680927,0.3251334369395169,0.8798028165753388,0.1307903418945708,0.0744285519985907,0.3954721885583812,0.1582355029892318,0.5499431101406985,0.4335836390226216,0.0233206750933897,0.2434279857651122,0.1529470534494994,0.178557698236764,0.9864765064167909,100000,30,14,0.1,5.0,0.1,0,13,0.001,1e-06,0.001,1e-07,1.0,1e-08,adamax,0,0.0,disordered,1,0.3437418669327973,0 days 16:21:07.613160,0.0002783022082037,1.573195848898784,1.33282449798415
169,169,169,169,0.4047756965997316,0.4047756965997316,0.4047756965997316,0.4047756965997316,0.4047756965997316,0.4047756965997316,0.4047756965997316,0.4047756965997316,0.4047756965997316,0.4047756965997316,0.4047756965997316,0.4047756965997316,0.4047756965997316,0.4047756965997316,0.1229876870303883,0.3973509153531316,0.169682921620727,0.1497930548907963,0.1450254555346822,0.3152024819713719,0.1151713831388101,0.664280395741509,0.121816915671572,0.1430263755081524,0.1286646328114886,1.0003621423852216,0.5204174029512437,0.2069158179462127,-0.0002328075317065,-0.0002723649727646,545.0,0.0,0.5802669901481098,0.7786487208669559,0.385326367591873,0.1808871699442573,0.3356644626741416,0.6958219443032294,0.412754854929284,0.0101844634306326,0.5555004877988412,0.5116245431637026,0.681389258535672,0.0279195512608697,0.8886576664772401,0.4617757620554003,100000,30,14,0.1,5.0,0.1,0,13,0.001,1e-06,0.001,1e-07,1.0,1e-08,adamax,0,0.0,disordered,1,0.4063535526426625,0 days 16:21:07.613160,0.0002328086068456,1.5968539771688124,1.289359318660335
170,170,170,170,0.3919100249433399,0.3919100249433399,0.3919100249433399,0.3919100249433399,0.3919100249433399,0.3919100249433399,0.3919100249433399,0.3919100249433399,0.3919100249433399,0.3919100249433399,0.3919100249433399,0.3919100249433399,0.3919100249433399,0.3919100249433399,0.1463474520658808,0.1330246021237143,0.8579239479555443,0.1290100552950303,0.156047096852882,0.6912834746971035,0.4512798730968977,0.185024293532218,0.1717916612397243,0.8050812350752443,0.131662381973684,0.1414053846451093,0.1744763039204531,1.0002932758166951,-0.0002554068445547,-0.0002945018779161,487.0,0.0,0.3609768275175162,0.289008128569262,0.8497778919538789,0.2650221997416373,0.3000606751089203,0.890549619917677,0.4697969398622841,0.0481888327873848,0.1217279892452802,0.7537796875070989,0.3256504687772292,0.3045053044763848,0.2952510340528028,0.9727208800550315,100000,30,14,0.1,5.0,0.1,0,13,0.001,1e-06,0.001,1e-07,1.0,1e-08,adamax,0,0.0,disordered,1,0.3872473637576716,0 days 16:21:07.613160,0.0002554213526966,1.4314417473021976,1.3034835826456508
171,171,171,171,0.2575263326771198,0.2575263326771198,0.2575263326771198,0.2575263326771198,0.2575263326771198,0.2575263326771198,0.2575263326771198,0.2575263326771198,0.2575263326771198,0.2575263326771198,0.2575263326771198,0.2575263326771198,0.2575263326771198,0.2575263326771198,0.8115508455589749,0.085079110801323,0.098945753160015,0.0895084892580991,2.708314255044686e-05,0.5304264119301536,6.51434964935466e-05,0.5900452074054342,9.419118813309704e-05,0.3629106220678941,8.309530736438223e-05,6.419568342467478e-05,0.6399806841496627,1.945606475815223e-05,-0.0003408352967294,-0.0004056843562265,6810.0,1.0,0.485780485319188,0.8958793515846852,0.794521456410357,0.7877334579722135,0.7770429063710832,0.3059606779942405,0.8244392034908372,0.4911312071591382,0.1743065041068486,0.2526191617436665,0.529351337168041,0.4815206204777555,0.9867843901463148,0.6194609079728355,100000,30,14,0.1,5.0,0.1,0,13,0.001,1e-06,0.001,1e-07,1.0,1e-08,adamax,0,0.0,disordered,1,0.2600958727259765,0 days 16:21:07.613160,0.0003408453957781,2.0100613378109036,1.4354877859036994
172,172,172,172,0.4459627626819087,0.4459627626819087,0.4459627626819087,0.4459627626819087,0.4459627626819087,0.4459627626819087,0.4459627626819087,0.4459627626819087,0.4459627626819087,0.4459627626819087,0.4459627626819087,0.4459627626819087,0.4459627626819087,0.4459627626819087,0.9522213452820876,0.1441073703191973,0.2019390458819557,0.2103885579919747,0.2107419516212255,0.6216020549263895,1.0001935123515229,0.1466634492167279,0.182413988029742,0.6355955257921078,0.3893217371240868,0.4579136966572547,0.2279321352121513,0.726961565457074,-0.0002147644079069,-0.0002317346014702,513.0,0.0,0.6215859920169071,0.0524927380880116,0.067573032072897,0.3021883093028757,0.4478209969175157,0.929205516160431,0.0519727166174219,0.7232004354680686,0.6213470831831388,0.244135003144323,0.9173282488688378,0.3808779113966473,0.8361096974910278,0.2736123712221463,100000,30,14,0.1,5.0,0.1,0,13,0.001,1e-06,0.001,1e-07,1.0,1e-08,adamax,0,0.0,disordered,1,0.4413376251383046,0 days 16:21:07.613160,0.0002147722777145,1.3262381885278822,1.2857401885630741
173,173,173,173,0.3919100249433399,0.3919100249433399,0.3919100249433399,0.3919100249433399,0.3919100249433399,0.3919100249433399,0.3919100249433399,0.3919100249433399,0.3919100249433399,0.3919100249433399,0.3919100249433399,0.3919100249433399,0.3919100249433399,0.3919100249433399,0.4229372206665131,0.0004147585645496,0.7034353602880676,0.0579066498027077,0.3923917778040928,0.1859044013002656,3.4040605929503844e-05,0.5091454055932695,3.0566703747703563e-05,0.6363041775720174,0.5995294751344566,0.1225105101459023,0.3939964259039024,0.4970626281395919,-0.0002450372583663,-0.0002778719275641,6565.0,1.0,0.5667415851187126,0.7774686433301689,0.8636305027325928,0.3578680612554048,0.2112459440382831,0.6543765105242911,0.6403701140307498,0.0471057754816398,0.6018484804530835,0.9423163520551128,0.2464685248707037,0.6272551856554093,0.916652850718212,0.3850284656869082,100000,30,14,0.1,5.0,0.1,0,13,0.001,1e-06,0.001,1e-07,1.0,1e-08,adamax,0,0.0,disordered,1,0.3919526764430008,0 days 16:21:07.613160,0.0002450372620181,1.7870956673877714,1.296309416772548
174,174,174,174,0.4180637241455752,0.4180637241455752,0.4180637241455752,0.4180637241455752,0.4180637241455752,0.4180637241455752,0.4180637241455752,0.4180637241455752,0.4180637241455752,0.4180637241455752,0.4180637241455752,0.4180637241455752,0.4180637241455752,0.4180637241455752,0.169683740466904,0.7648118725929186,0.4953829267379312,0.1707292615481422,0.3826655034289238,0.5756696417962065,0.3094955377266263,0.3428470848201885,0.177488738301192,0.5639305002041828,0.4447205245930145,0.1703739325096434,0.2595288904004384,1.0000277661581718,-0.0002391695263884,-0.0002688772611749,434.0,0.0,0.8188878601767233,0.8964059679926287,0.0484300356515227,0.293115301790483,0.243636751309774,0.9086741710215764,0.6004880466794573,0.1234831925914161,0.3815905620546198,0.2719774145582413,0.9945869699981436,0.8802131913296977,0.850867248391095,0.1092569845101124,100000,30,14,0.1,5.0,0.1,0,13,0.001,1e-06,0.001,1e-07,1.0,1e-08,adamax,0,0.0,disordered,1,0.4224282063546835,0 days 16:21:07.613160,0.0002391806214816,1.258031594969829,1.2192210986748515
175,175,175,175,0.3557150206821381,0.3557150206821381,0.3557150206821381,0.3557150206821381,0.3557150206821381,0.3557150206821381,0.3557150206821381,0.3557150206821381,0.3557150206821381,0.3557150206821381,0.3557150206821381,0.3557150206821381,0.3557150206821381,0.3557150206821381,0.0002474960440545,0.0014158609139148,0.0773081732446027,0.6743968635737346,0.1668492271211924,0.1919581805037301,0.1071787173688203,0.1989836318279572,0.4075425883951841,1.0000117671752269,0.0002004341744727,0.0002137220392904,0.0002179236560674,0.9435900336436815,-0.0002650552695643,-0.0003418745262272,4908.0,0.0,0.3814798876274029,0.4411322871244214,0.3227557146861554,0.8861147408234264,0.4552874539031986,0.7646152929540657,0.5824745232374682,0.4026152886684402,0.0886153008960615,0.856369101229503,0.4806791422147897,0.072793224590257,0.4777851937174479,0.0450081269015736,100000,30,14,0.1,5.0,0.1,0,13,0.001,1e-06,0.001,1e-07,1.0,1e-08,adamax,0,0.0,disordered,1,0.3548210224258925,0 days 16:21:07.613160,0.0002650557804798,1.7787492401738618,1.3530402752567803
176,176,176,176,0.1864408533970484,0.1864408533970484,0.1864408533970484,0.1864408533970484,0.1864408533970484,0.1864408533970484,0.1864408533970484,0.1864408533970484,0.1864408533970484,0.1864408533970484,0.1864408533970484,0.1864408533970484,0.1864408533970484,0.1864408533970484,8.68230555470347e-07,0.0306335629319393,7.7704080835696e-07,0.0028802483884628,2.973008159450308e-06,0.0265179228418783,7.336902391114247e-06,2.2546991074001943e-06,0.5198643860852324,3.0688318154176504e-06,0.4131689609412008,2.9861472889099587e-06,0.1817448593566935,0.1168804320178685,-0.0003917020345935,-0.0005113794568192,9390.0,1.0,0.3183553635281133,0.8976339234749199,0.3439072133477977,0.3324293914690569,0.3039366007088133,0.569887898873839,0.4989958913690794,0.381346565586563,0.8521272269871337,0.4682495285459923,0.8375165347341721,0.403600109263188,0.3514017666271822,0.1762511945620999,100000,30,14,0.1,5.0,0.1,0,13,0.001,1e-06,0.001,1e-07,1.0,1e-08,adamax,0,0.0,disordered,1,0.1854051877400877,0 days 16:21:07.613160,0.0003917039516009,3.4580078136238632,1.684487716773648
177,177,177,177,0.3228628202536728,0.3228628202536728,0.3228628202536728,0.3228628202536728,0.3228628202536728,0.3228628202536728,0.3228628202536728,0.3228628202536728,0.3228628202536728,0.3228628202536728,0.3228628202536728,0.3228628202536728,0.3228628202536728,0.3228628202536728,0.600089865978566,0.3941189065217436,0.0002182392019523,0.290678539917318,0.2766362953674526,0.000517048296518,0.2420102781891125,0.7396388374340107,1.7089276745961656e-05,8.972307358041723e-05,1.0431897935729878e-05,0.4647608164424899,0.174587321399291,0.9596261537450886,-0.0002952627258674,-0.0003531291258466,7290.0,1.0,0.067595211883687,0.5717102458078651,0.3563021378792804,0.1461079581166916,0.526654999002543,0.7178119387512039,0.6297846379505861,0.0191522600550047,0.3702712376468413,0.6717660864900934,0.3959241965180239,0.439459132931866,0.7891218488770692,0.1544573202441299,100000,30,14,0.1,5.0,0.1,0,13,0.001,1e-06,0.001,1e-07,1.0,1e-08,adamax,0,0.0,disordered,1,0.3179778299968699,0 days 16:21:07.613160,0.0002952874539977,1.8121951106495484,1.3315648609968889
178,178,178,178,0.3919100249433399,0.3919100249433399,0.3919100249433399,0.3919100249433399,0.3919100249433399,0.3919100249433399,0.3919100249433399,0.3919100249433399,0.3919100249433399,0.3919100249433399,0.3919100249433399,0.3919100249433399,0.3919100249433399,0.3919100249433399,1.000323277719786,0.1308041432279001,0.756374565778477,0.3426767483152541,0.557473545966114,0.5411293674617543,0.2532163684159279,0.2295833054071064,0.369743733081018,0.3018044010137639,0.7691161427850179,0.2893113110505196,0.156194588840167,0.169987038484362,-0.0002559515480523,-0.000282864132696,487.0,0.0,0.1708834652946238,0.767500006808759,0.9200554942008304,0.1642597836479339,0.0582671407789139,0.8168400483419096,0.5670668071585856,0.2440312619042394,0.0468076571671319,0.5504058783497054,0.1531049502246909,0.9002778045222289,0.9053052331162712,0.7355949843695778,100000,30,14,0.1,5.0,0.1,0,13,0.001,1e-06,0.001,1e-07,1.0,1e-08,adamax,0,0.0,disordered,1,0.3885204975855669,0 days 16:21:07.613160,0.0002559590143469,1.2709140404703125,1.2704204782918391
179,179,179,179,0.5241298302206053,0.5241298302206053,0.5241298302206053,0.5241298302206053,0.5241298302206053,0.5241298302206053,0.5241298302206053,0.5241298302206053,0.5241298302206053,0.5241298302206053,0.5241298302206053,0.5241298302206053,0.5241298302206053,0.5241298302206053,1.000093940616939,0.262960647469196,0.3685822474595587,0.3702529514609636,0.3129422314800724,0.5538895705291326,0.3681746128309107,0.3204353504091553,0.3010846864260341,0.6079372073968937,0.6797003357372527,0.2797780757406333,0.7324314131746006,0.8123340589038242,-0.0001945309112705,-0.0002070824590885,321.0,0.0,0.9835124135202812,0.3054619161676705,0.1184242592651162,0.6432048685397752,0.244330172172993,0.6954679303535842,0.0732515818752885,0.3424183216010423,0.6576331766972209,0.9369311549104504,0.0856212060585552,0.4517917240877723,0.946169956946712,0.0537779125707414,100000,30,14,0.1,5.0,0.1,0,13,0.001,1e-06,0.001,1e-07,1.0,1e-08,adamax,0,0.0,disordered,1,0.5207506965900908,0 days 16:21:07.613160,0.0001945342738516,1.2950766503914317,1.2246826823601176
180,180,180,180,0.4606028844202396,0.4606028844202396,0.4606028844202396,0.4606028844202396,0.4606028844202396,0.4606028844202396,0.4606028844202396,0.4606028844202396,0.4606028844202396,0.4606028844202396,0.4606028844202396,0.4606028844202396,0.4606028844202396,0.4606028844202396,0.2376003869549606,0.2323996972293448,0.2226415981349819,0.3992299480829754,0.2531642577540257,0.2352274302143059,0.2695746406602288,0.633111958992334,0.2270629733351485,0.6829441565221475,0.5886093151314714,0.2108203336627239,0.3047696395542522,1.0015579798758387,-0.0002226999504172,-0.0002512422261161,359.0,0.0,0.4554402937625047,0.7478081669006321,0.4797578563888679,0.8525627461655038,0.4030474540111718,0.3060520678005715,0.0254430929056723,0.4923116383124941,0.9802118305683788,0.9135696880935296,0.000768234941632,0.0318791968457493,0.0585939623681758,0.8591093843821155,100000,30,14,0.1,5.0,0.1,0,13,0.001,1e-06,0.001,1e-07,1.0,1e-08,adamax,0,0.0,disordered,1,0.4599774126958573,0 days 16:21:07.613160,0.0002227002193137,1.29599594629268,1.1929474655187526
181,181,181,181,0.4047756965997316,0.4047756965997316,0.4047756965997316,0.4047756965997316,0.4047756965997316,0.4047756965997316,0.4047756965997316,0.4047756965997316,0.4047756965997316,0.4047756965997316,0.4047756965997316,0.4047756965997316,0.4047756965997316,0.4047756965997316,0.1803044914291835,0.0217137869444348,0.6072501110324396,0.0296557360680222,0.3210950794860628,0.1147623026940522,1.00004800012128,0.0472029879275004,0.021016581381135,0.1497351898077898,0.9514360246845104,0.0557453749012781,0.3486429903728706,0.7675936235384858,-0.0002450592917776,-0.0002799401397795,1962.0,0.0,0.3642848511656624,0.276111667831922,0.742800342020206,0.3379896140391083,0.3829920339198718,0.697626958912838,0.8927029522571527,0.1775640656990037,0.2034948796600576,0.1990368814863647,0.9443271932156678,0.5595442169967103,0.8206666614734891,0.1894438738068623,100000,30,14,0.1,5.0,0.1,0,13,0.001,1e-06,0.001,1e-07,1.0,1e-08,adamax,0,0.0,disordered,1,0.4059497663571718,0 days 16:21:07.613160,0.0002450599804088,1.4978842710446496,1.2618423097907328
182,182,182,182,0.293044697697214,0.293044697697214,0.293044697697214,0.293044697697214,0.293044697697214,0.293044697697214,0.293044697697214,0.293044697697214,0.293044697697214,0.293044697697214,0.293044697697214,0.293044697697214,0.293044697697214,0.293044697697214,0.6385974179707072,0.2882652170150728,0.1966435955963816,0.309405519917257,0.2418277890659786,0.0989899703547527,1.0003319874889385,0.2113912117496261,0.0914801999465966,0.0874924707402665,0.4287394780927098,0.2060057868635394,0.1036339628246419,0.0914231199037063,-0.0003152804154664,-0.0003720583013871,725.0,0.0,0.8637899145128142,0.2983505751178661,0.620094130280667,0.2165517394329432,0.5128352867250683,0.7534004633828354,0.1765318319782453,0.964140085186656,0.8489472669069664,0.7034117411247928,0.7537395768310681,0.284153934820696,0.0926599923456954,0.3253723149622051,100000,30,14,0.1,5.0,0.1,0,13,0.001,1e-06,0.001,1e-07,1.0,1e-08,adamax,0,0.0,disordered,1,0.2905195776848951,0 days 16:21:07.613160,0.0003152881025103,1.5488274919146556,1.4102559760989053
183,183,183,183,0.4459627626819087,0.4459627626819087,0.4459627626819087,0.4459627626819087,0.4459627626819087,0.4459627626819087,0.4459627626819087,0.4459627626819087,0.4459627626819087,0.4459627626819087,0.4459627626819087,0.4459627626819087,0.4459627626819087,0.4459627626819087,0.2625822271365908,0.1822240010176442,0.7924315125058379,0.1661793100276648,0.7587265113523426,0.298196457405799,0.3812221337452341,0.3734618222356301,0.1772437612119687,1.0001731553164812,0.4067683174146417,0.4289837013994191,0.2588479056980519,0.180629111041584,-0.0002277957810512,-0.0002491309513815,449.0,0.0,0.1325561314591513,0.3344508118899171,0.7673368828674216,0.171345108192211,0.0741423907856182,0.8077350598370507,0.9325290066271064,0.4103447885466904,0.2152282906670802,0.8851003106243219,0.0569248119607362,0.3469704817392123,0.8052679974095998,0.7313561010156443,100000,30,14,0.1,5.0,0.1,0,13,0.001,1e-06,0.001,1e-07,1.0,1e-08,adamax,0,0.0,disordered,1,0.4453709556396886,0 days 16:21:07.613160,0.0002277960358888,1.264463780353995,1.2599034004532077
184,184,184,184,0.367392478180207,0.367392478180207,0.367392478180207,0.367392478180207,0.367392478180207,0.367392478180207,0.367392478180207,0.367392478180207,0.367392478180207,0.367392478180207,0.367392478180207,0.367392478180207,0.367392478180207,0.367392478180207,0.077677852023591,0.1191213461454608,0.0814174570298114,0.6810842171953939,0.0908685224793936,0.0927340116411377,0.1210693648114391,0.0968048267577449,0.0967805922048559,0.5828850164338667,0.0773803439478605,1.000139240748433,0.3159225829427187,0.0906803876647348,-0.000256049325895,-0.00031561398069,684.0,0.0,0.7619255532478207,0.4808196668333941,0.7038498972102746,0.3041274037383474,0.8654412239970198,0.7879370414502169,0.9421300208264416,0.7655567952170195,0.7283477491541813,0.1894850892328052,0.5692679561641704,0.0757737949846564,0.9170775304514804,0.7980433262342324,100000,30,14,0.1,5.0,0.1,0,13,0.001,1e-06,0.001,1e-07,1.0,1e-08,adamax,0,0.0,disordered,1,0.3681313135297205,0 days 16:21:07.613160,0.0002560496259474,1.9271152338259125,1.3390506907081636
185,185,185,185,0.3228628202536728,0.3228628202536728,0.3228628202536728,0.3228628202536728,0.3228628202536728,0.3228628202536728,0.3228628202536728,0.3228628202536728,0.3228628202536728,0.3228628202536728,0.3228628202536728,0.3228628202536728,0.3228628202536728,0.3228628202536728,0.5734218794345761,0.0242566181581338,0.5678393890922528,0.1184429847314178,0.6928739503853344,0.0891796692928624,0.1174208972463356,1.000012726351539,0.2097594662696753,0.0544593067262506,0.3051161889380397,0.357795994932745,0.0502522142774385,0.3055294544146507,-0.0002970241309924,-0.0003358657900174,1751.0,0.0,0.5347384480514644,0.8328512474128952,0.8688294765361098,0.3576412026843396,0.6729904847785244,0.1316870185948778,0.0494690471332501,0.7734713847258656,0.2179444903296191,0.4051685070348134,0.4895244512820976,0.944529780676274,0.7779945093375673,0.548788980306916,100000,30,14,0.1,5.0,0.1,0,13,0.001,1e-06,0.001,1e-07,1.0,1e-08,adamax,0,0.0,disordered,1,0.3231741194941673,0 days 16:21:07.613160,0.000297024173507,1.3865139297493172,1.3651242209490384
186,186,186,186,0.2414157116103016,0.2414157116103016,0.2414157116103016,0.2414157116103016,0.2414157116103016,0.2414157116103016,0.2414157116103016,0.2414157116103016,0.2414157116103016,0.2414157116103016,0.2414157116103016,0.2414157116103016,0.2414157116103016,0.2414157116103016,1.0003405508939882,0.0817133629794368,0.0621158846415333,0.0984900340380134,0.2794445782438934,0.2396864887154282,0.7980614339331294,0.0459102231239544,0.0713161137315713,0.0862939040393532,0.4136651279556115,0.0588564885273253,0.0718183750378409,0.2713787451210498,-0.0003776363637102,-0.0004473384016011,805.0,0.0,0.8087660989410643,0.249111627952104,0.0858929229390899,0.254972155699174,0.5957210477611887,0.3361802632506178,0.9883799878715483,0.5522747263302411,0.5682927062040893,0.7419191567654806,0.5150272388966293,0.173762931102551,0.2014018916290892,0.4537291805351077,100000,30,14,0.1,5.0,0.1,0,13,0.001,1e-06,0.001,1e-07,1.0,1e-08,adamax,0,0.0,disordered,1,0.2439281052209454,0 days 16:21:07.613160,0.0003776502956853,1.531684977017885,1.4502355271439649
187,187,187,187,0.2337423870891812,0.2337423870891812,0.2337423870891812,0.2337423870891812,0.2337423870891812,0.2337423870891812,0.2337423870891812,0.2337423870891812,0.2337423870891812,0.2337423870891812,0.2337423870891812,0.2337423870891812,0.2337423870891812,0.2337423870891812,0.0001924948432846,0.0001029193244209,0.6725767987306818,0.0001572543103812,0.8285092789177895,0.0490050967717281,0.246949484526586,2.3058754693879857e-05,0.0335245543270567,0.2008249018287962,7.047682565155053e-05,0.186226723570964,0.4232944254968077,0.000668618811826,-0.0003549539615381,-0.0003999260103186,7226.0,1.0,0.2529303537024083,0.2071190140352143,0.3677948718250868,0.8022049364481282,0.8649307511344473,0.263361393734891,0.1976445899594007,0.0359647497220525,0.0092730827320837,0.3667459082696913,0.193624417425568,0.5036283345830826,0.1314198051986721,0.6267589787464479,100000,30,14,0.1,5.0,0.1,0,13,0.001,1e-06,0.001,1e-07,1.0,1e-08,adamax,0,0.0,disordered,1,0.2362981041999204,0 days 16:21:07.613160,0.0003549649244407,1.8678211401233058,1.4263834393595605
188,188,188,188,0.3557150206821381,0.3557150206821381,0.3557150206821381,0.3557150206821381,0.3557150206821381,0.3557150206821381,0.3557150206821381,0.3557150206821381,0.3557150206821381,0.3557150206821381,0.3557150206821381,0.3557150206821381,0.3557150206821381,0.3557150206821381,0.6028958081331574,0.0816148009105753,0.28720131062497,0.7285311772032725,0.1372681156419371,0.112394719863563,0.5967716351427537,0.1450881402475386,1.0002072380342533,0.2982470346579743,0.1102379200217031,0.1243646071321804,0.1205044208137483,0.0652501787155391,-0.0002771777664151,-0.0003386980245684,760.0,0.0,0.5573134997452802,0.913913495233418,0.8106934315245854,0.1216145605187998,0.5469880187365489,0.3670105904446643,0.041128447497859,0.5501240844177487,0.9756807101632458,0.1452335134155775,0.0049731952874135,0.1983570391565602,0.4297408315359265,0.2642354381906198,100000,30,14,0.1,5.0,0.1,0,13,0.001,1e-06,0.001,1e-07,1.0,1e-08,adamax,0,0.0,disordered,1,0.356814233531026,0 days 16:21:07.613160,0.0002771789581494,1.442408812981679,1.2866713211702454
189,189,189,189,0.4317879727332017,0.4317879727332017,0.4317879727332017,0.4317879727332017,0.4317879727332017,0.4317879727332017,0.4317879727332017,0.4317879727332017,0.4317879727332017,0.4317879727332017,0.4317879727332017,0.4317879727332017,0.4317879727332017,0.4317879727332017,0.4222054233522213,0.183653060973278,1.000227662734149,0.1742490420874701,0.3906765191821691,0.9525289378559711,0.6029579975545976,0.9005084894709443,0.1510297632394168,0.3311843189985006,0.3457584785863829,0.1740491946928173,0.2175446529665074,0.2654829733842348,-0.0002250489499973,-0.0002534056195012,466.0,0.0,0.6932936735933287,0.2672623689173509,0.8626971619102233,0.1282659346033251,0.1554012837198247,0.969377300428406,0.0732914500203085,0.7549998240434538,0.0837677614254499,0.158740130602586,0.6247094369153915,0.8248364219899545,0.61683593577394,0.9963130923697778,100000,30,14,0.1,5.0,0.1,0,13,0.001,1e-06,0.001,1e-07,1.0,1e-08,adamax,0,0.0,disordered,1,0.4281883475355167,0 days 16:21:07.613160,0.0002250541181057,1.28373666925859,1.307043953066265
190,190,190,190,0.2837303616516209,0.2837303616516209,0.2837303616516209,0.2837303616516209,0.2837303616516209,0.2837303616516209,0.2837303616516209,0.2837303616516209,0.2837303616516209,0.2837303616516209,0.2837303616516209,0.2837303616516209,0.2837303616516209,0.2837303616516209,1.0002498433792573,0.5510553330481021,0.0349655057557063,0.0503346202130487,0.5500358763468164,0.0368647347615582,0.0834114596603424,0.0340714470691152,0.0999257713365846,0.515753690444459,0.0478997368674805,0.650109835893833,0.2128378057611155,0.0762394577115007,-0.000312376634194,-0.0003724458219266,920.0,0.0,0.9862650632997776,0.1496825260515591,0.4663641044360879,0.4693755395883446,0.1866419388638073,0.658724005284566,0.8699229564331522,0.739314693065344,0.7889120561966407,0.2608953373879905,0.5658976998449771,0.1771920208128851,0.7632416685987634,0.9303556820469552,100000,30,14,0.1,5.0,0.1,0,13,0.001,1e-06,0.001,1e-07,1.0,1e-08,adamax,0,0.0,disordered,1,0.2808845856879901,0 days 16:21:07.613160,0.0003123853742393,1.8870366787318331,1.3876973811286646
191,191,191,191,0.2659804395593755,0.2659804395593755,0.2659804395593755,0.2659804395593755,0.2659804395593755,0.2659804395593755,0.2659804395593755,0.2659804395593755,0.2659804395593755,0.2659804395593755,0.2659804395593755,0.2659804395593755,0.2659804395593755,0.2659804395593755,0.0773095429014415,0.1925355758359509,0.1339403448324027,0.2401450762765439,1.0009807812573324,0.1158001095731199,0.5746100832955526,0.3927257787266564,0.120277391835735,0.1194700291103716,0.0766318768724803,0.0637468391135614,0.0797369269332045,0.0788084916411459,-0.0003466414161847,-0.0004620031398717,636.0,0.0,0.4980075984843168,0.5180013816179263,0.7386344412351523,0.8936842151923095,0.0920337176574582,0.7535529918836987,0.8954766724913747,0.2084573312018964,0.2950824311468091,0.4705927554564316,0.5950447400288534,0.4579302653735336,0.5732551458625734,0.3881864994297214,100000,30,14,0.1,5.0,0.1,0,13,0.001,1e-06,0.001,1e-07,1.0,1e-08,adamax,0,0.0,disordered,1,0.263637552817057,0 days 16:21:07.613160,0.0003466502413972,1.621172542200167,1.450078981136007
192,192,192,192,0.3026648059395688,0.3026648059395688,0.3026648059395688,0.3026648059395688,0.3026648059395688,0.3026648059395688,0.3026648059395688,0.3026648059395688,0.3026648059395688,0.3026648059395688,0.3026648059395688,0.3026648059395688,0.3026648059395688,0.3026648059395688,1.3572396172668073e-05,0.0555260413307836,0.5277310545798929,1.9042710737512696e-06,0.2366934960099396,0.6655677391992654,0.2159083920971939,0.7244257835425605,5.507550716416852e-07,5.574529227888672e-07,0.5802708094466164,4.808272543417569e-06,0.350340482386277,0.0509329699520019,-0.0003201756596644,-0.0003637164194328,100000.0,0.0,0.421754827938559,0.3106504491655834,0.6538618646577183,0.9378398401958934,0.9857411687514108,0.3822793335511966,0.0447837545754448,0.6344540443711366,0.9535155505474926,0.9528442754090228,0.6866387119651769,0.374571382510796,0.0832200958643163,0.4619080306863552,100000,30,14,0.1,5.0,0.1,0,13,0.001,1e-06,0.001,1e-07,1.0,1e-08,adamax,0,0.0,disordered,1,0.3013299552421298,0 days 16:21:07.613160,0.0003201778558914,1.3342205047317914,1.255313668564279
193,193,193,193,0.2575263326771198,0.2575263326771198,0.2575263326771198,0.2575263326771198,0.2575263326771198,0.2575263326771198,0.2575263326771198,0.2575263326771198,0.2575263326771198,0.2575263326771198,0.2575263326771198,0.2575263326771198,0.2575263326771198,0.2575263326771198,0.2803658633550118,8.847758751033428e-07,3.123645117063627e-07,0.102983015203435,0.8479899826650574,4.545678371570768e-07,9.92522062184824e-07,2.024787109584385e-07,5.912878389118548e-07,0.4469396624683284,0.2259267702471338,0.1677721016521849,0.419465873914262,4.329878996650246e-07,-0.0003741138328525,-0.0004684539412281,100000.0,0.0,0.6550143139959383,0.7226245092723456,0.6616841453875995,0.7867142639609922,0.1126774006320914,0.517710147750081,0.4516629498610115,0.5011458474264819,0.4659594818300158,0.604678520127203,0.1066072353397643,0.0106474547550092,0.4366853920221658,0.5885711331191602,100000,30,14,0.1,5.0,0.1,0,13,0.001,1e-06,0.001,1e-07,1.0,1e-08,adamax,0,0.0,disordered,1,0.2553979154504588,0 days 16:21:07.613160,0.0003741236910317,2.553830892311133,1.4533948069073461
194,194,194,194,0.3794532847236935,0.3794532847236935,0.3794532847236935,0.3794532847236935,0.3794532847236935,0.3794532847236935,0.3794532847236935,0.3794532847236935,0.3794532847236935,0.3794532847236935,0.3794532847236935,0.3794532847236935,0.3794532847236935,0.3794532847236935,0.0748241318625053,0.01160344697664,0.5773198278815742,0.0003779037056355,0.1256699443637368,0.8327046099181122,0.0003524342070546,0.6399799373421561,0.0018324468818952,0.8281334959710238,0.2043672943684362,0.0634090503924532,0.6641717854890267,0.0002940377681058,-0.0002551925093782,-0.0002877367529395,6237.0,1.0,0.4241803299861904,0.514728566376785,0.4008883582920273,0.8127546735256219,0.8101603872738865,0.151060378924085,0.6237938163812798,0.5232326869776311,0.0560213795149061,0.0880739856496465,0.8140995207742553,0.7159176301300607,0.1578200566934275,0.5868011269753782,100000,30,14,0.1,5.0,0.1,0,13,0.001,1e-06,0.001,1e-07,1.0,1e-08,adamax,0,0.0,disordered,1,0.3821719847655332,0 days 16:21:07.613160,0.0002551972706394,1.6584024279231473,1.2875996238148648
195,195,195,195,0.1988827856988807,0.1988827856988807,0.1988827856988807,0.1988827856988807,0.1988827856988807,0.1988827856988807,0.1988827856988807,0.1988827856988807,0.1988827856988807,0.1988827856988807,0.1988827856988807,0.1988827856988807,0.1988827856988807,0.1988827856988807,0.763210067270079,0.0691690862159738,1.7599177808266627e-05,4.82599378032729e-05,4.067508495826228e-05,0.7700321895950585,0.1957427343911031,4.072961024198368e-05,0.3939788313106355,1.37770780081524e-05,0.1047811590466481,1.0883336143657e-05,0.1393626182574322,7.053806650482468e-06,-0.0004166084260694,-0.0005617943012354,7537.0,1.0,0.8935856838618846,0.5232036772996999,0.601254124412449,0.6769815814116454,0.5294803439752425,0.8793058389897858,0.2552990482349658,0.2256741123218106,0.1008685885186569,0.4444062800865939,0.3266186604958152,0.4998105982025818,0.1746521771424269,0.4806145190096268,100000,30,14,0.1,5.0,0.1,0,13,0.001,1e-06,0.001,1e-07,1.0,1e-08,adamax,0,0.0,disordered,1,0.1974853111554511,0 days 16:21:07.613160,0.0004166140702724,2.1864916971218635,1.570807321389092
196,196,196,196,0.293044697697214,0.293044697697214,0.293044697697214,0.293044697697214,0.293044697697214,0.293044697697214,0.293044697697214,0.293044697697214,0.293044697697214,0.293044697697214,0.293044697697214,0.293044697697214,0.293044697697214,0.293044697697214,0.0990347259430908,0.293975458864584,0.4820280096329391,0.0002827784687629,0.3467698517529924,0.1466716565359858,0.0026107483087259,0.3850622706796063,0.7234014922103251,0.447422610766085,0.1023730633668376,5.558077535116485e-05,0.4609158611271913,2.8607859366368813e-05,-0.0002944408897947,-0.0003341402237377,6699.0,1.0,0.4961025453543837,0.3056658187410817,0.8043076207169698,0.5053229983693688,0.5946087624129153,0.952240590006979,0.8769549097354983,0.6449731068224848,0.0053036025347792,0.6442923242156278,0.3049230873607423,0.24701432822798,0.6052588097979229,0.1761206429723647,100000,30,14,0.1,5.0,0.1,0,13,0.001,1e-06,0.001,1e-07,1.0,1e-08,adamax,0,0.0,disordered,1,0.2918880332686846,0 days 16:21:07.613160,0.000294441907087,1.5588724648255894,1.4292429871885755
197,197,197,197,0.5413360302965373,0.5413360302965373,0.5413360302965373,0.5413360302965373,0.5413360302965373,0.5413360302965373,0.5413360302965373,0.5413360302965373,0.5413360302965373,0.5413360302965373,0.5413360302965373,0.5413360302965373,0.5413360302965373,0.5413360302965373,0.2478860988016785,0.7178819889194139,0.279097179972241,0.2591129098697313,0.8823891505332042,1.0004686876781852,0.234951804674307,0.2475824265577856,0.2345582704213057,0.9985472447679028,0.5270654109018338,0.8123371401214677,0.3100172357487152,0.3336412202826251,-0.0001780232201129,-0.0001951680178064,374.0,0.0,0.7359420750755481,0.7763506180697476,0.1378328494587537,0.151966353624163,0.925285077913802,0.0305454210323403,0.7981187024493254,0.7469151591312451,0.7032878921611835,0.0338023897631204,0.9418283836724008,0.20546840028302,0.8728077965440963,0.5007396312109774,100000,30,14,0.1,5.0,0.1,0,13,0.001,1e-06,0.001,1e-07,1.0,1e-08,adamax,0,0.0,disordered,1,0.5451911849143596,0 days 16:21:07.613160,0.0001780263085647,1.2558791876537458,1.2504603308968207
198,198,198,198,0.3919100249433399,0.3919100249433399,0.3919100249433399,0.3919100249433399,0.3919100249433399,0.3919100249433399,0.3919100249433399,0.3919100249433399,0.3919100249433399,0.3919100249433399,0.3919100249433399,0.3919100249433399,0.3919100249433399,0.3919100249433399,0.1077354638041921,0.1301076660328625,6.570029552623293e-06,0.0133193085265416,0.018785249618165,1.3428020256821496e-05,0.9204942422003408,0.1426555789922849,0.5377483406370511,5.02948107708132e-05,0.4735257208804456,0.9056288201220628,1.3049701325653296e-05,1.6184292423232702e-05,-0.0002569691640531,-0.0003243310905815,10588.0,1.0,0.3256459273497325,0.1748341691579661,0.0114767132297118,0.2342906526973365,0.1162598230412464,0.0066563200512604,0.6648013979836157,0.9771697778493912,0.5144152528968474,0.8204181545276492,0.9703876172775256,0.0807466354298075,0.4254319205126254,0.4217884105482588,100000,30,14,0.1,5.0,0.1,0,13,0.001,1e-06,0.001,1e-07,1.0,1e-08,adamax,0,0.0,disordered,1,0.3931137881121686,0 days 16:21:07.613160,0.0002569703383496,1.7842277539736282,1.254722825340414
199,199,199,199,0.3794532847236935,0.3794532847236935,0.3794532847236935,0.3794532847236935,0.3794532847236935,0.3794532847236935,0.3794532847236935,0.3794532847236935,0.3794532847236935,0.3794532847236935,0.3794532847236935,0.3794532847236935,0.3794532847236935,0.3794532847236935,0.736002255875103,0.1576626123663305,0.1546029738096514,0.5276533782241549,1.0008878905205811,0.3028313051228912,0.403539092595506,0.6412959020275871,0.1246137643525834,0.7133217389725094,0.1660394815167729,0.1527821372400568,0.1479626648251761,0.1203806651561375,-0.0002636591443586,-0.0003106172155356,559.0,0.0,0.2487687638254676,0.7175643490057031,0.5537527821643865,0.1679244739437104,0.9457826986198424,0.1192835651627532,0.0496830502617905,0.7558344124568469,0.4273698252746744,0.6525989397308843,0.0293280277415377,0.0800179552122662,0.2844917022951683,0.3277155772772908,100000,30,14,0.1,5.0,0.1,0,13,0.001,1e-06,0.001,1e-07,1.0,1e-08,adamax,0,0.0,disordered,1,0.3742430922821857,0 days 16:21:07.613160,0.0002636786561692,1.303036756068846,1.3181615127760435
200,200,200,200,0.3557150206821381,0.3557150206821381,0.3557150206821381,0.3557150206821381,0.3557150206821381,0.3557150206821381,0.3557150206821381,0.3557150206821381,0.3557150206821381,0.3557150206821381,0.3557150206821381,0.3557150206821381,0.3557150206821381,0.3557150206821381,0.2890252433235715,0.0982046082697701,0.2489038103813501,1.0004210771907858,0.535630858476154,0.0865058713003605,0.5254887688498772,0.3190224137926155,0.0854192488734532,0.1062207398728726,0.1006588194465118,0.0636864395239064,0.8128561391025383,0.1503476135773815,-0.000266176085917,-0.000319662947903,752.0,0.0,0.5278125088659839,0.318136568470538,0.2315795162140604,0.9511782787436884,0.1326977726338979,0.5025277899584487,0.223667964909474,0.8118586684336861,0.6191173950887304,0.6204957812457725,0.435440675338833,0.4582904144594563,0.9921851717130896,0.4248277365856714,100000,30,14,0.1,5.0,0.1,0,13,0.001,1e-06,0.001,1e-07,1.0,1e-08,adamax,0,0.0,disordered,1,0.3570887887694788,0 days 16:21:07.613160,0.0002661773011665,1.548475048753855,1.3410666409764889
201,201,201,201,0.31260072430687,0.31260072430687,0.31260072430687,0.31260072430687,0.31260072430687,0.31260072430687,0.31260072430687,0.31260072430687,0.31260072430687,0.31260072430687,0.31260072430687,0.31260072430687,0.31260072430687,0.31260072430687,0.8101999625695623,0.1697320225995421,0.7026892810147802,3.665756615770889e-05,0.0006708749210168,0.0001090338448292,0.5122919766486549,0.1974931761906502,0.5414788756958376,0.000239980363543,0.1264642354903087,0.8134666725154402,0.000193212857364,0.2682901808581167,-0.0002950839512309,-0.0003365015034274,6485.0,1.0,0.6574672079546182,0.0881713784179982,0.5245834158918792,0.755821557180018,0.4688493074920858,0.7273168622303527,0.6642606717342343,0.1098898573146673,0.4771317496998679,0.0312014157005438,0.0909429114613579,0.6732269794882545,0.2198682291590735,0.0506398991912545,100000,30,14,0.1,5.0,0.1,0,13,0.001,1e-06,0.001,1e-07,1.0,1e-08,adamax,0,0.0,disordered,1,0.3095633999532331,0 days 16:21:07.613160,0.0002950924105932,1.651865562656933,1.413369107774527
202,202,202,202,0.1988827856988807,0.1988827856988807,0.1988827856988807,0.1988827856988807,0.1988827856988807,0.1988827856988807,0.1988827856988807,0.1988827856988807,0.1988827856988807,0.1988827856988807,0.1988827856988807,0.1988827856988807,0.1988827856988807,0.1988827856988807,5.8036187153429206e-05,0.3477690931149553,0.2967391080617577,1.0228606508245698e-05,0.0918178090204608,1.617061632409966e-05,9.379084527705748e-05,0.5042066874344221,0.0097060473750415,0.7081784189814727,3.307419313263969e-05,1.992700168906e-05,3.1268333046820306e-05,9.960979035607431e-06,-0.0004581491289888,-0.0006216619723343,8144.0,1.0,0.4683997258247909,0.6982124711913849,0.2801904171648375,0.1906005552455659,0.230797647145204,0.0230889340700155,0.0417394724866417,0.4624317947354035,0.2153979852087361,0.4279799409301008,0.9132574465254402,0.8042383326726235,0.8267273504991763,0.929023616452101,100000,30,14,0.1,5.0,0.1,0,13,0.001,1e-06,0.001,1e-07,1.0,1e-08,adamax,0,0.0,disordered,1,0.1960463462032157,0 days 16:21:07.613160,0.0004581815018842,1.9276994586976035,1.5236822036501607
203,203,203,203,0.333461801578636,0.333461801578636,0.333461801578636,0.333461801578636,0.333461801578636,0.333461801578636,0.333461801578636,0.333461801578636,0.333461801578636,0.333461801578636,0.333461801578636,0.333461801578636,0.333461801578636,0.333461801578636,0.2754380003306848,0.1782416055492819,0.409296851251168,0.7663679097260421,0.3118171365133949,0.0001410387155172,0.9442503923543653,0.001176442790127,0.5380212151802575,0.3401027871502043,0.0001058788541179,0.4604537978130297,0.1326554689669511,8.928375820658606e-05,-0.0002983517571696,-0.000344049727147,7262.0,1.0,0.6669769559759705,0.4377045405814164,0.073335824822771,0.7217063751878922,0.111179044306536,0.3033866478777075,0.2806086191107868,0.937853584622824,0.8666195092203972,0.2545932023334656,0.3747550301281869,0.4773484970573644,0.0477178302504632,0.0192305137919545,100000,30,14,0.1,5.0,0.1,0,13,0.001,1e-06,0.001,1e-07,1.0,1e-08,adamax,0,0.0,disordered,1,0.3338070121175973,0 days 16:21:07.613160,0.0002983518094472,1.341050527527024,1.3379298094725542
204,204,204,204,0.3919100249433399,0.3919100249433399,0.3919100249433399,0.3919100249433399,0.3919100249433399,0.3919100249433399,0.3919100249433399,0.3919100249433399,0.3919100249433399,0.3919100249433399,0.3919100249433399,0.3919100249433399,0.3919100249433399,0.3919100249433399,0.1062296145966244,0.1324375583402433,0.2080973404046516,0.1263856164634454,1.0000570987330542,0.2014539184482893,0.8008063285401764,0.7223063382716581,0.4598735897716084,0.1199851287852201,0.6947247479550358,0.1090306978086533,0.125425333325855,0.1212856080571771,-0.0002337989297097,-0.0002728022822319,592.0,0.0,0.5690988942672214,0.500237146077834,0.6294636587888246,0.8784156622342133,0.1383305444213748,0.8959807609454241,0.2096072329667661,0.92267898419396,0.1586010092630354,0.3994831424772106,0.7364412446434414,0.2002039593139714,0.1171722651598887,0.2687335756630974,100000,30,14,0.1,5.0,0.1,0,13,0.001,1e-06,0.001,1e-07,1.0,1e-08,adamax,0,0.0,disordered,1,0.385645818329821,0 days 16:21:07.613160,0.0002338147455391,1.4259109963512098,1.3515547557029206
205,205,205,205,0.3444087275973818,0.3444087275973818,0.3444087275973818,0.3444087275973818,0.3444087275973818,0.3444087275973818,0.3444087275973818,0.3444087275973818,0.3444087275973818,0.3444087275973818,0.3444087275973818,0.3444087275973818,0.3444087275973818,0.3444087275973818,0.687785156048447,0.4008995704946001,0.7456733160680435,0.0001445682560711,0.8085894166822757,0.3908285823849521,0.4164878729720327,0.5700950213701286,5.928947848327348e-05,0.3003714393122514,0.0002082042916287,0.0727404330380985,0.4533690665480755,0.0001041493765151,-0.000280080885904,-0.0003354000175542,6977.0,1.0,0.3364332254505885,0.8859235799567501,0.250740658592031,0.6818726384248391,0.8348612693863806,0.0133505957865881,0.273762834221375,0.902726656459502,0.5817087775335785,0.1693126927876244,0.4931705350093037,0.4002097735936605,0.8354219932517978,0.7926098323818732,100000,30,14,0.1,5.0,0.1,0,13,0.001,1e-06,0.001,1e-07,1.0,1e-08,adamax,0,0.0,disordered,1,0.3488653974946687,0 days 16:21:07.613160,0.0002800989853469,1.6691386299070872,1.3413276608986702
206,206,206,206,0.3228628202536728,0.3228628202536728,0.3228628202536728,0.3228628202536728,0.3228628202536728,0.3228628202536728,0.3228628202536728,0.3228628202536728,0.3228628202536728,0.3228628202536728,0.3228628202536728,0.3228628202536728,0.3228628202536728,0.3228628202536728,0.6220506841524415,0.617829625468105,1.0000069967724947,0.6649342129488205,0.7467802852802377,0.1069329882297241,0.0815211181981936,0.4947530151676783,0.1235620735128352,0.174498927027534,0.4505198023934153,0.0507008117210813,0.0396688932315391,0.6123705337189644,-0.0002769664213353,-0.0003184055566715,1260.0,0.0,0.3241779405369809,0.9830646964827148,0.0477884867818838,0.9096517536701376,0.097267032824367,0.5542749186044887,0.4189021314134399,0.8234209293184693,0.4805061611921127,0.281411924913489,0.7128149525361499,0.3820168994194098,0.4251771273663627,0.8162498580807743,100000,30,14,0.1,5.0,0.1,0,13,0.001,1e-06,0.001,1e-07,1.0,1e-08,adamax,0,0.0,disordered,1,0.3221065764252119,0 days 16:21:07.613160,0.0002769669625097,1.5810352103514078,1.4185574855717509
207,207,207,207,0.367392478180207,0.367392478180207,0.367392478180207,0.367392478180207,0.367392478180207,0.367392478180207,0.367392478180207,0.367392478180207,0.367392478180207,0.367392478180207,0.367392478180207,0.367392478180207,0.367392478180207,0.367392478180207,0.0993711860509311,0.4009468373684073,0.0622088238293576,0.0667294928809518,0.0794400361198027,0.0514741858685465,0.8281056354939569,0.0594825796329049,0.0624901194311436,1.0001063793409803,0.1688655077318474,0.7835106482314812,0.053081935056629,0.0556277801538338,-0.0002660532377638,-0.000319286480009,1020.0,0.0,0.3562051574027112,0.530048822740228,0.8087430632572472,0.8267099729670038,0.6836381477745519,0.7098273205737634,0.0951861809945375,0.5452303824885759,0.5979696256481425,0.1411044150060496,0.8883386774979529,0.6756783223405803,0.1031471938061922,0.1217301673848533,100000,30,14,0.1,5.0,0.1,0,13,0.001,1e-06,0.001,1e-07,1.0,1e-08,adamax,0,0.0,disordered,1,0.3671684019391948,0 days 16:21:07.613160,0.0002660532551121,1.8424057952277066,1.294012651139948
208,208,208,208,0.1535934676510895,0.1535934676510895,0.1535934676510895,0.1535934676510895,0.1535934676510895,0.1535934676510895,0.1535934676510895,0.1535934676510895,0.1535934676510895,0.1535934676510895,0.1535934676510895,0.1535934676510895,0.1535934676510895,0.1535934676510895,8.47151437806669e-06,0.1945607926978508,0.4852974658147667,0.3754886762513464,0.0572992820641337,0.4388031878129456,0.016679826954324,3.36365558582665e-07,4.587171547511474e-07,0.1438824048788884,9.99993534750352e-08,0.1385775418067021,0.0429186488041934,0.4321110098809113,-0.0005061288972069,-0.0006120939586103,62127.0,0.0,0.1035658471359807,0.1448197919192561,0.58974415378652,0.097546201456495,0.4087798228349987,0.2886613044402275,0.6535582981725113,0.7123341566952256,0.6383601099847973,0.5954088370670796,0.5562000611310318,0.7675962287549989,0.5012767621670378,0.2140956364946002,100000,30,14,0.1,5.0,0.1,0,13,0.001,1e-06,0.001,1e-07,1.0,1e-08,adamax,0,0.0,disordered,1,0.1557387387657605,0 days 16:21:07.613160,0.0005061521936714,2.0610387326501947,1.7086025419637558
209,209,209,209,0.3794532847236935,0.3794532847236935,0.3794532847236935,0.3794532847236935,0.3794532847236935,0.3794532847236935,0.3794532847236935,0.3794532847236935,0.3794532847236935,0.3794532847236935,0.3794532847236935,0.3794532847236935,0.3794532847236935,0.3794532847236935,0.8326180337436324,0.1802094118239142,0.124572838905199,0.0992371383952717,0.10376262620382,0.0860663710222311,1.0001665476240211,0.4235167068738455,0.9160169840673934,0.1113301702143532,0.1690628493166082,0.2307307830605146,0.4373880492272405,0.212982403120101,-0.0002351580344645,-0.0002699889431213,673.0,0.0,0.1094107571203395,0.6000482200302583,0.80501981911651,0.7176535781625706,0.7077978198928584,0.777185446924128,0.0806533994303507,0.8507454167128043,0.031269612594601,0.559562244754216,0.4154770741987346,0.1317667119318895,0.5731232422677263,0.1149883664856494,100000,30,14,0.1,5.0,0.1,0,13,0.001,1e-06,0.001,1e-07,1.0,1e-08,adamax,0,0.0,disordered,1,0.3851410884644255,0 days 16:21:07.613160,0.0002351723807537,1.4359776058144815,1.3071270865508975
210,210,210,210,0.367392478180207,0.367392478180207,0.367392478180207,0.367392478180207,0.367392478180207,0.367392478180207,0.367392478180207,0.367392478180207,0.367392478180207,0.367392478180207,0.367392478180207,0.367392478180207,0.367392478180207,0.367392478180207,1.000734680113382,0.2458880097444582,0.1435510377552851,0.4840008800344049,0.1285431556851489,0.1622238109852652,0.2112424245320235,0.2228942156806427,0.842981716369096,0.2011106215528676,0.2687209194423781,0.3433297588911173,0.1195475227945256,0.8608358379920777,-0.0002667606898011,-0.0002935125158622,510.0,0.0,0.0505762404166152,0.7108632822931158,0.8915345125263209,0.4405463740297752,0.8064621134539653,0.9539262940959512,0.7305731267543529,0.421680384049949,0.9434034429065684,0.2472636957095301,0.2385588070509432,0.6698863231474224,0.8252363919080409,0.2609545946839984,100000,30,14,0.1,5.0,0.1,0,13,0.001,1e-06,0.001,1e-07,1.0,1e-08,adamax,0,0.0,disordered,1,0.3629558249353279,0 days 16:21:07.613160,0.000266775088076,1.4387933293493094,1.2965445014686345
211,211,211,211,0.3557150206821381,0.3557150206821381,0.3557150206821381,0.3557150206821381,0.3557150206821381,0.3557150206821381,0.3557150206821381,0.3557150206821381,0.3557150206821381,0.3557150206821381,0.3557150206821381,0.3557150206821381,0.3557150206821381,0.3557150206821381,0.212813538265721,0.4188922844104813,0.0049062471498022,0.0347804087533668,0.0087167229341236,1.000123604896426,0.1250314285675302,0.7418710011880794,0.3205877789532885,0.0379161404674388,0.3330480923579425,0.0330945733475479,0.4453200233501722,0.1313542395739498,-0.0002734538266985,-0.0003183419512955,2049.0,0.0,0.3136782132049029,0.0277853878946894,0.0948733749029787,0.3297294529593854,0.0947572752330966,0.0222784833335085,0.7705703551273733,0.8833589428933932,0.1365328338943136,0.3429746635592937,0.0158781896217724,0.4205723412559977,0.1194476200617402,0.5680865217585311,100000,30,14,0.1,5.0,0.1,0,13,0.001,1e-06,0.001,1e-07,1.0,1e-08,adamax,0,0.0,disordered,1,0.3506957522595808,0 days 16:21:07.613160,0.0002734741053816,1.6788035862162765,1.3159356547711551
212,212,212,212,0.4180637241455752,0.4180637241455752,0.4180637241455752,0.4180637241455752,0.4180637241455752,0.4180637241455752,0.4180637241455752,0.4180637241455752,0.4180637241455752,0.4180637241455752,0.4180637241455752,0.4180637241455752,0.4180637241455752,0.4180637241455752,1.0007629866436432,0.0118857638060431,0.6764222483059731,0.0135688081895358,0.0551698481315604,0.7420624053995851,0.8699225699681724,0.1288736526873208,0.0449842931167837,0.9721011284611616,0.1882981555994637,0.0572805433401449,0.281501924437693,0.5957924357825152,-0.0002371523144401,-0.0002786632384545,1563.0,0.0,0.6773855463639422,0.7161586602233061,0.1043067762860063,0.7991971980520339,0.838332325562638,0.2711926659637083,0.9735475529701468,0.3375149250565232,0.2575527416724514,0.1583268933402386,0.9622367725472548,0.9845068936899845,0.7833617607353065,0.3001591142917283,100000,30,14,0.1,5.0,0.1,0,13,0.001,1e-06,0.001,1e-07,1.0,1e-08,adamax,0,0.0,disordered,1,0.4165863590745929,0 days 16:21:07.613160,0.0002371533842203,1.5933940581102717,1.2752658791965554
213,213,213,213,0.4180637241455752,0.4180637241455752,0.4180637241455752,0.4180637241455752,0.4180637241455752,0.4180637241455752,0.4180637241455752,0.4180637241455752,0.4180637241455752,0.4180637241455752,0.4180637241455752,0.4180637241455752,0.4180637241455752,0.4180637241455752,1.0003267539123752,0.1592261212524614,0.1685259473025461,0.7769755060398987,0.2076055159362858,0.277639198793972,0.3849328099617806,0.84637356670187,0.2853784286775011,0.173860616850546,0.1686893448537413,0.6444953173979474,0.4787764244730246,0.16870841414513,-0.000242070440718,-0.000276175211701,425.0,0.0,0.1863168957933664,0.8160956278075892,0.8195866498882468,0.6917068724736452,0.0141286385790188,0.0897702749266857,0.5713045891257171,0.0394953411916256,0.8179250197915076,0.9777640393148442,0.9775786952206656,0.829646147129515,0.0386275721174035,0.1134416250312995,100000,30,14,0.1,5.0,0.1,0,13,0.001,1e-06,0.001,1e-07,1.0,1e-08,adamax,0,0.0,disordered,1,0.415834593121093,0 days 16:21:07.613160,0.0002420732484908,1.1953913034680888,1.1989467757068044
214,214,214,214,0.4317879727332017,0.4317879727332017,0.4317879727332017,0.4317879727332017,0.4317879727332017,0.4317879727332017,0.4317879727332017,0.4317879727332017,0.4317879727332017,0.4317879727332017,0.4317879727332017,0.4317879727332017,0.4317879727332017,0.4317879727332017,0.1028223365006759,0.7829160858925631,0.0627170214602454,0.068544833288196,0.1675473160649029,1.000396839152514,0.2198039441993053,0.5451415621560394,0.0348279865929749,0.5331859690574376,0.0345165071837694,0.92329557707343,0.2009769249021797,0.0608397296449697,-0.0002322503008631,-0.000280717564052,1096.0,0.0,0.9788995294148176,0.542143749584765,0.1121834598919309,0.0047986962695082,0.115267005663062,0.8785974091814128,0.2993388859024937,0.7459291170862314,0.937366336734396,0.35489974256256,0.9313564413874184,0.8822250626891953,0.1216177817136735,0.1278319281672717,100000,30,14,0.1,5.0,0.1,0,13,0.001,1e-06,0.001,1e-07,1.0,1e-08,adamax,0,0.0,disordered,1,0.4250475832612241,0 days 16:21:07.613160,0.0002322731777192,1.4685291615960987,1.2570923746366451
215,215,215,215,0.333461801578636,0.333461801578636,0.333461801578636,0.333461801578636,0.333461801578636,0.333461801578636,0.333461801578636,0.333461801578636,0.333461801578636,0.333461801578636,0.333461801578636,0.333461801578636,0.333461801578636,0.333461801578636,0.0201229667272536,1.8917594906253544e-05,5.270409600505049e-05,0.213580389168233,4.350124126151421e-05,0.6883378124152992,0.0694990873040323,0.111727563282793,0.4054745677067234,5.6092602146641296e-05,0.7520079829109196,0.4958340298075632,0.0001251508566575,0.0422016493116452,-0.0002971758673346,-0.0003842239749734,7552.0,1.0,0.9012288743775664,0.8379621667181256,0.8244225168815499,0.6668554539279069,0.9580380097249876,0.4217887832576917,0.8187208922359559,0.7743750860479226,0.4362492184849196,0.2919197500309933,0.1148970826679349,0.9529001346514946,0.8191868690166361,0.7431019824611016,100000,30,14,0.1,5.0,0.1,0,13,0.001,1e-06,0.001,1e-07,1.0,1e-08,adamax,0,0.0,disordered,1,0.3370984052756285,0 days 16:21:07.613160,0.000297190301524,2.1804147540799885,1.3171671757645615
216,216,216,216,0.3228628202536728,0.3228628202536728,0.3228628202536728,0.3228628202536728,0.3228628202536728,0.3228628202536728,0.3228628202536728,0.3228628202536728,0.3228628202536728,0.3228628202536728,0.3228628202536728,0.3228628202536728,0.3228628202536728,0.3228628202536728,0.741977719379184,0.3853316814790176,0.6857206548662359,1.213631044557764e-06,0.4836805177195727,0.1708159269631041,7.915224460525924e-07,0.3502507335952989,2.337819969192531e-06,8.698064420944354e-07,0.3984946007675187,0.7709750632967809,4.243126875319532e-06,0.5535040839987709,-0.000301265103304,-0.0003507653024878,100000.0,0.0,0.2514756636614588,0.820109396472933,0.1962333892589896,0.6352925218784667,0.162132723682877,0.4527068756174857,0.6110690318720912,0.7191537798294915,0.917432036335271,0.9578338934687016,0.7605457635265853,0.0449673550017765,0.3870494664839662,0.7263565217141167,100000,30,14,0.1,5.0,0.1,0,13,0.001,1e-06,0.001,1e-07,1.0,1e-08,adamax,0,0.0,disordered,1,0.3193062675131804,0 days 16:21:07.613160,0.0003012790016431,1.6603654000630033,1.3251024412886525
217,217,217,217,0.333461801578636,0.333461801578636,0.333461801578636,0.333461801578636,0.333461801578636,0.333461801578636,0.333461801578636,0.333461801578636,0.333461801578636,0.333461801578636,0.333461801578636,0.333461801578636,0.333461801578636,0.333461801578636,1.0012368735503412,0.3950976796630292,0.7826149683191187,0.0902893162365955,0.0923591805328249,0.5663207595101925,0.4492209799320195,0.609324922769948,0.2539154407056361,0.0873888284368844,0.1487560497442831,0.1386070767071595,0.0823797234671607,0.7199085510833114,-0.0003016375792223,-0.0003577904934362,625.0,0.0,0.8682551861790878,0.0223754131071074,0.3994927855175592,0.9352865305331108,0.9276172420620962,0.8841450737133036,0.1531324043775236,0.3220172421923563,0.9279693195160548,0.9198577998286604,0.963700685907931,0.6999404812707226,0.7101077891395438,0.252237697223585,100000,30,14,0.1,5.0,0.1,0,13,0.001,1e-06,0.001,1e-07,1.0,1e-08,adamax,0,0.0,disordered,1,0.3336535228509193,0 days 16:21:07.613160,0.0003016376772942,1.3400624630618407,1.2613907828180355
218,218,218,218,0.3919100249433399,0.3919100249433399,0.3919100249433399,0.3919100249433399,0.3919100249433399,0.3919100249433399,0.3919100249433399,0.3919100249433399,0.3919100249433399,0.3919100249433399,0.3919100249433399,0.3919100249433399,0.3919100249433399,0.3919100249433399,0.0951861532087793,0.7497262187704167,0.1107339197638599,0.4128951213706254,0.1745855906020161,0.1067680018300802,0.0940353985419667,0.2139554708006611,1.0001176960945848,0.1214616662410934,0.1383967978274742,0.9011278448556824,0.2252806819113181,0.0992966956592792,-0.0002486613731957,-0.0002969318149359,708.0,0.0,0.7103146712793887,0.2631889416072038,0.8420325931618102,0.6049027256782059,0.2835056803091478,0.1485516451166109,0.1243693386886878,0.1530930556237263,0.9161457305298456,0.3687576859935133,0.5669595468352621,0.1470186596387777,0.8967113091031558,0.992002109452133,100000,30,14,0.1,5.0,0.1,0,13,0.001,1e-06,0.001,1e-07,1.0,1e-08,adamax,0,0.0,disordered,1,0.3955934157238772,0 days 16:21:07.613160,0.0002486697615844,1.4086740748166087,1.2765876073812523
219,219,219,219,0.4047756965997316,0.4047756965997316,0.4047756965997316,0.4047756965997316,0.4047756965997316,0.4047756965997316,0.4047756965997316,0.4047756965997316,0.4047756965997316,0.4047756965997316,0.4047756965997316,0.4047756965997316,0.4047756965997316,0.4047756965997316,0.7698827607626829,0.1001694033884696,0.3415123898372109,0.0716539170756487,0.4818475955089616,0.0707843888711445,1.0001257259870937,0.1072669755505406,0.4477527812912099,0.541039676599039,0.1991371304848538,0.2241583734497464,0.5757392205994265,0.2175482461662288,-0.000236348755019,-0.0002557405773794,760.0,0.0,0.5147490275156694,0.9499885600368956,0.9701136625145927,0.6756551687211889,0.1429325326134809,0.6601249582783056,0.1824297694255304,0.8952110001764462,0.8916417348000365,0.1805464910078101,0.3537231622494197,0.6835251509075145,0.2400849932650752,0.8426929876747188,100000,30,14,0.1,5.0,0.1,0,13,0.001,1e-06,0.001,1e-07,1.0,1e-08,adamax,0,0.0,disordered,1,0.3994729031579244,0 days 16:21:07.613160,0.0002363624457754,1.5024056201263116,1.2900846732720086
220,220,220,220,0.3919100249433399,0.3919100249433399,0.3919100249433399,0.3919100249433399,0.3919100249433399,0.3919100249433399,0.3919100249433399,0.3919100249433399,0.3919100249433399,0.3919100249433399,0.3919100249433399,0.3919100249433399,0.3919100249433399,0.3919100249433399,0.1521543469181909,0.1329987397666946,0.2542234442052713,0.1653406831494155,0.1400207169449176,0.3543121288889259,0.2381635426556315,0.1434644147177786,0.174334288846824,1.00101349316871,0.3132150444672735,0.1734053500369976,0.3065034880387279,0.6888499755891552,-0.00024872052879,-0.0002883487952436,492.0,0.0,0.5074519866192873,0.6471583160880261,0.455021552701576,0.8081875903544601,0.7914361578902037,0.8042378766844865,0.3651652718958724,0.3576804118279693,0.2426460584093469,0.8995208590171605,0.1174960720252522,0.3553229724357469,0.0340966532694543,0.6558326165671662,100000,30,14,0.1,5.0,0.1,0,13,0.001,1e-06,0.001,1e-07,1.0,1e-08,adamax,0,0.0,disordered,1,0.3898366978723775,0 days 16:21:07.613160,0.0002487232474275,1.4575882751267533,1.2838447542565854
221,221,221,221,0.3557150206821381,0.3557150206821381,0.3557150206821381,0.3557150206821381,0.3557150206821381,0.3557150206821381,0.3557150206821381,0.3557150206821381,0.3557150206821381,0.3557150206821381,0.3557150206821381,0.3557150206821381,0.3557150206821381,0.3557150206821381,0.5013498370787061,0.3434398269935961,0.4484256152711359,0.1356627684137392,0.3627306012659962,0.4078488488043789,0.1208538891828149,0.1487232494911027,0.3986438273578263,0.9380973125983596,8.330618908783818e-07,0.2152603168282151,0.3982178922834964,7.350986924976371e-07,-0.0002732583889361,-0.0003068399365764,100000.0,0.0,0.959704573815436,0.535738467449102,0.0348565498696192,0.3526742600511262,0.6617173734036776,0.1614675232629825,0.5197121735457872,0.3376557883933568,0.0449962796988543,0.7832399072954109,0.2899752495294391,0.1812937250664439,0.6574280714254463,0.4400644591684004,100000,30,14,0.1,5.0,0.1,0,13,0.001,1e-06,0.001,1e-07,1.0,1e-08,adamax,0,0.0,disordered,1,0.3532354083370883,0 days 16:21:07.613160,0.0002732634844804,1.548651532600373,1.3636954428924362
222,222,222,222,0.3444087275973818,0.3444087275973818,0.3444087275973818,0.3444087275973818,0.3444087275973818,0.3444087275973818,0.3444087275973818,0.3444087275973818,0.3444087275973818,0.3444087275973818,0.3444087275973818,0.3444087275973818,0.3444087275973818,0.3444087275973818,0.0001071710827512,0.597813313801756,0.8928953360171972,2.778947942519628e-05,4.141103548678037e-05,3.987222240979021e-05,0.3937964810317504,0.0773500294784542,6.388678382456307e-06,0.3608228250694449,8.840260013405074e-06,0.9302619984806988,0.1521034700378801,0.2747560243593576,-0.0002637590323511,-0.0003369338868463,8349.0,1.0,0.3245048187798456,0.1028207830295079,0.9876947376557084,0.5933871710951234,0.443296832092249,0.5868687191075178,0.453314804225376,0.7892678009461863,0.866126467625619,0.302125317801908,0.9306283022390598,0.2952319883410219,0.6361245354362794,0.9431710141917132,100000,30,14,0.1,5.0,0.1,0,13,0.001,1e-06,0.001,1e-07,1.0,1e-08,adamax,0,0.0,disordered,1,0.3432949282816888,0 days 16:21:07.613160,0.0002637597175059,1.9199049470003489,1.3563970092542832
223,223,223,223,0.4459627626819087,0.4459627626819087,0.4459627626819087,0.4459627626819087,0.4459627626819087,0.4459627626819087,0.4459627626819087,0.4459627626819087,0.4459627626819087,0.4459627626819087,0.4459627626819087,0.4459627626819087,0.4459627626819087,0.4459627626819087,0.1845918657311572,0.7847127187125702,0.1665251423506833,0.7860026744600468,0.3950587077497433,0.2075331944071267,0.1984044791173402,0.1670248412806692,1.0002885437337163,0.4266040017420937,0.2462987290935694,0.3870705975899121,0.4762677411316178,0.2089774100083152,-0.0002204503937179,-0.0002449182773063,429.0,0.0,0.6975722156267917,0.0537800377932241,0.6217509280759834,0.8560950824105203,0.0525816180445954,0.2007623652999489,0.4101034939445396,0.3895477103995718,0.980737881660108,0.0858394690487681,0.1769934947805196,0.6332099416373053,0.1122251248701656,0.6176041322847631,100000,30,14,0.1,5.0,0.1,0,13,0.001,1e-06,0.001,1e-07,1.0,1e-08,adamax,0,0.0,disordered,1,0.4489405730031309,0 days 16:21:07.613160,0.0002204542410247,1.3424629726718547,1.2609703181172582
224,224,224,224,0.1148471547840287,0.1148471547840287,0.1148471547840287,0.1148471547840287,0.1148471547840287,0.1148471547840287,0.1148471547840287,0.1148471547840287,0.1148471547840287,0.1148471547840287,0.1148471547840287,0.1148471547840287,0.1148471547840287,0.1148471547840287,0.2406225103219162,7.024035226479876e-07,0.0972175310440125,1.799118808094198e-07,0.0924867734389784,2.846839601609221e-07,1.7329942540900738e-07,2.425319875768414e-07,0.420796717692075,2.407008880851752e-06,9.999774336790053e-08,1.062325985742563e-07,0.0167747538043447,0.4236990008628875,-0.0006720843430664,-0.0009124087437382,46689.0,0.0,0.631009444277022,0.5521792449310217,0.4219330543777089,0.4688673168649789,0.3703050703474619,0.3874850378822095,0.3479789844396158,0.3059189782878799,0.1724539557475153,0.5622395210157518,0.6064673032975222,0.5450361405853635,0.5080541627904619,0.8109065812067465,100000,30,14,0.1,5.0,0.1,0,13,0.001,1e-06,0.001,1e-07,1.0,1e-08,adamax,0,0.0,disordered,1,0.1151475337786087,0 days 16:21:07.613160,0.0006720854439044,3.518609422962085,1.9424474861063645
225,225,225,225,0.1439847952876006,0.1439847952876006,0.1439847952876006,0.1439847952876006,0.1439847952876006,0.1439847952876006,0.1439847952876006,0.1439847952876006,0.1439847952876006,0.1439847952876006,0.1439847952876006,0.1439847952876006,0.1439847952876006,0.1439847952876006,1.000230653959015,0.5606165812408207,0.1551762868968658,0.0122001471309609,0.3679360069022964,0.2094065332233695,0.007225665805729,0.0969101433656745,0.0079297251191864,0.0143895610383359,0.0096074629439648,0.2599883189679285,0.0130759794704711,0.0167196548133323,-0.00046616876125,-0.0006706238804779,1331.0,0.0,0.912984780874328,0.0623940902494647,0.4053585835436714,0.4702342654072243,0.0989895256344383,0.3329422678595225,0.4177399825672238,0.0405421071775401,0.432598683845726,0.1019778423785265,0.405697268029329,0.1989959852407393,0.1017426369298778,0.0641453256310438,100000,30,14,0.1,5.0,0.1,0,13,0.001,1e-06,0.001,1e-07,1.0,1e-08,adamax,0,0.0,disordered,1,0.1419623063040026,0 days 16:21:07.613160,0.0004661850899227,2.2633224846359306,1.8209336279382877
226,226,226,226,0.3228628202536728,0.3228628202536728,0.3228628202536728,0.3228628202536728,0.3228628202536728,0.3228628202536728,0.3228628202536728,0.3228628202536728,0.3228628202536728,0.3228628202536728,0.3228628202536728,0.3228628202536728,0.3228628202536728,0.3228628202536728,0.1894661170812641,0.5145157515727835,0.0779758885434518,0.9290215942491948,0.0139363666828535,0.1893165320064949,0.4612144263088171,0.2695679128306687,0.2320101056240528,0.8899522219111226,0.1520838171474716,4.954006681788984e-05,0.2087450498493858,3.097862863928461e-05,-0.0002754114581371,-0.0003151661039889,6963.0,1.0,0.5146914993733146,0.0029436462960327,0.3972314453993447,0.0603402546880796,0.6885300860953525,0.6492587923306573,0.1534919754584059,0.3637796473777184,0.7238740754382852,0.1280319556986398,0.8128231648965567,0.661485263191831,0.9413380476842622,0.6018492981573823,100000,30,14,0.1,5.0,0.1,0,13,0.001,1e-06,0.001,1e-07,1.0,1e-08,adamax,0,0.0,disordered,1,0.3195688047245889,0 days 16:21:07.613160,0.0002754192944218,1.633229497238921,1.415782934888874
227,227,227,227,0.2493409369951876,0.2493409369951876,0.2493409369951876,0.2493409369951876,0.2493409369951876,0.2493409369951876,0.2493409369951876,0.2493409369951876,0.2493409369951876,0.2493409369951876,0.2493409369951876,0.2493409369951876,0.2493409369951876,0.2493409369951876,0.7324940005813526,0.0179383270639527,0.234661842535164,8.64253907400131e-06,0.1195934262091836,0.5005258885600805,0.044258789725525,0.6781564651123049,0.0787707658273847,0.8273388360404911,1.207668616668091e-07,2.420364592507244e-06,9.9997676532991e-08,0.5962277096671037,-0.0003118961838905,-0.0003708556012705,42623.0,0.0,0.0445902509263321,0.409124444921672,0.6886117898087819,0.4691657950373045,0.3717486040287852,0.2505924859984356,0.6898879593102651,0.1555881240222396,0.7635421211835335,0.280977482261397,0.577472027191234,0.9217754151351226,0.5931649067290381,0.8689594774816964,100000,30,14,0.1,5.0,0.1,0,13,0.001,1e-06,0.001,1e-07,1.0,1e-08,adamax,0,0.0,disordered,1,0.2479887085056161,0 days 16:21:07.613160,0.0003118979867505,1.842227003630521,1.5042696485981248
228,228,228,228,0.5074705239490462,0.5074705239490462,0.5074705239490462,0.5074705239490462,0.5074705239490462,0.5074705239490462,0.5074705239490462,0.5074705239490462,0.5074705239490462,0.5074705239490462,0.5074705239490462,0.5074705239490462,0.5074705239490462,0.5074705239490462,0.5790329109295259,0.2658917155821796,0.2214303364465433,0.6108449513536116,0.228294692637336,0.2320326949602028,0.2735476454974463,0.2526160413200389,1.000931584030086,0.69101666736234,0.6681572642991688,0.750579062359839,0.25358000571461,0.2419662633278828,-0.0001880194022955,-0.0002081631869849,373.0,0.0,0.0893756936925884,0.5103121192969601,0.6543576980211803,0.162342821302332,0.6961494560836059,0.6592202247176523,0.4589126607363889,0.7942115492192897,0.003199537400046,0.928440515213488,0.0909687337918507,0.7702590598396649,0.1562516212076992,0.0117843303477425,100000,30,14,0.1,5.0,0.1,0,13,0.001,1e-06,0.001,1e-07,1.0,1e-08,adamax,0,0.0,disordered,1,0.5041316585150984,0 days 16:21:07.613160,0.0001880220696086,1.3607864574175146,1.2581576059677286
229,229,229,229,0.2575263326771198,0.2575263326771198,0.2575263326771198,0.2575263326771198,0.2575263326771198,0.2575263326771198,0.2575263326771198,0.2575263326771198,0.2575263326771198,0.2575263326771198,0.2575263326771198,0.2575263326771198,0.2575263326771198,0.2575263326771198,0.1164944865993058,1.0010038737913844,0.0005796387619234,0.083148766710286,0.0368125434125238,0.0008861592317046,0.0005949676468958,0.2385867487764592,0.0006107229637105,0.0005459645258223,0.6359977248740163,0.1329865890393091,0.4772849089373815,0.0032921887749724,-0.0003157139654177,-0.0004007238663021,3254.0,0.0,0.5972891241600773,0.5491985308302156,0.7439735337545018,0.8615405609098814,0.466055318132979,0.5253179180471028,0.5880511155909521,0.3335472471302999,0.801002658949726,0.7628449507003233,0.1587745769035796,0.6905607541838444,0.214488915647371,0.2841481238480106,100000,30,14,0.1,5.0,0.1,0,13,0.001,1e-06,0.001,1e-07,1.0,1e-08,adamax,0,0.0,disordered,1,0.2536670706445807,0 days 16:21:07.613160,0.0003157278625938,2.6680993001467606,1.504588480735797
230,230,230,230,0.4317879727332017,0.4317879727332017,0.4317879727332017,0.4317879727332017,0.4317879727332017,0.4317879727332017,0.4317879727332017,0.4317879727332017,0.4317879727332017,0.4317879727332017,0.4317879727332017,0.4317879727332017,0.4317879727332017,0.4317879727332017,0.0002578605210753,0.0007228140571284,0.29220120780241,0.029609534193528,0.8647932365328312,0.0001765436773033,0.0004089216351167,0.2386007228617522,0.2084202202810496,0.7187867637613748,0.0373230299958104,0.6824945223626931,0.7342020253106553,0.0002735801993394,-0.0002333028529535,-0.0002681130738372,6495.0,1.0,0.5742770187319882,0.4401600788869554,0.5778950390465654,0.236398247019809,0.7584946624080231,0.111493950200568,0.0077208357189407,0.2060136306400274,0.5028011774622677,0.8506888888481461,0.3398424630844097,0.087495067664021,0.986555766192252,0.6824529508865177,100000,30,14,0.1,5.0,0.1,0,13,0.001,1e-06,0.001,1e-07,1.0,1e-08,adamax,0,0.0,disordered,1,0.4339203767958245,0 days 16:21:07.613160,0.0002333049530324,1.679156155256712,1.254199394342724
231,231,231,231,0.367392478180207,0.367392478180207,0.367392478180207,0.367392478180207,0.367392478180207,0.367392478180207,0.367392478180207,0.367392478180207,0.367392478180207,0.367392478180207,0.367392478180207,0.367392478180207,0.367392478180207,0.367392478180207,0.0984583562818397,0.0579759764897836,0.0224572977532176,1.0001160949540382,0.0146284946993716,0.333186949135936,0.0077107290007343,0.0658315245432331,0.0533917153671884,0.3783534912450235,0.0321521393061832,0.9807810805438294,0.2213009906254456,0.0155131654699687,-0.0002636306947557,-0.0003410323354379,1992.0,0.0,0.2830754285024608,0.2278360249827873,0.15003468148599,0.1115562661543454,0.7189710713814235,0.1157080665018861,0.6796046309791528,0.4021280479214877,0.6274781731105906,0.3678044345162742,0.1170373989192457,0.000376779543783,0.8341296812024206,0.8267187926265982,100000,30,14,0.1,5.0,0.1,0,13,0.001,1e-06,0.001,1e-07,1.0,1e-08,adamax,0,0.0,disordered,1,0.3728033697561566,0 days 16:21:07.613160,0.0002636524742441,1.8095558695014446,1.303873192239611
232,232,232,232,0.4459627626819087,0.4459627626819087,0.4459627626819087,0.4459627626819087,0.4459627626819087,0.4459627626819087,0.4459627626819087,0.4459627626819087,0.4459627626819087,0.4459627626819087,0.4459627626819087,0.4459627626819087,0.4459627626819087,0.4459627626819087,0.0072605021054164,0.341459525792101,0.0073132508853173,0.8943595828573359,0.0005843180208985,0.7936453954490251,0.0013252805660741,0.3025698912350717,0.6941933979513283,0.0015762822653696,0.88509100362562,0.1853998172633814,0.8469913874393745,0.1492064406974126,-0.0002176706487996,-0.0002312470967122,6316.0,1.0,0.1301655596521703,0.2752386539913387,0.4554080665337299,0.9368295464244326,0.3671016505099553,0.5580898519135339,0.0081104213914865,0.059323985739747,0.7380031155235911,0.5128959699620482,0.0656368162927402,0.7228404773351511,0.2031364422457312,0.9018707614095632,100000,30,14,0.1,5.0,0.1,0,13,0.001,1e-06,0.001,1e-07,1.0,1e-08,adamax,0,0.0,disordered,1,0.4417180893775245,0 days 16:21:07.613160,0.0002176773632609,1.4543343753085576,1.274405803712501
233,233,233,233,0.2837303616516209,0.2837303616516209,0.2837303616516209,0.2837303616516209,0.2837303616516209,0.2837303616516209,0.2837303616516209,0.2837303616516209,0.2837303616516209,0.2837303616516209,0.2837303616516209,0.2837303616516209,0.2837303616516209,0.2837303616516209,0.0002967394519192,0.565894020541757,0.5851137813450599,0.4108396227982606,0.0011618840769667,0.5947548971636715,0.2704201630520758,0.1411898866816862,0.474520526363803,0.0003024679593622,0.3561011982974529,0.2637786808726373,0.1271584237752749,0.0001631799618723,-0.0003314770207714,-0.0003664254687746,6878.0,1.0,0.9880407081382132,0.9495948935198784,0.1822195100280351,0.5922797865020526,0.8776231876952161,0.6254736900968225,0.0675890759560324,0.2609365052536748,0.6708651192175487,0.3798904811545951,0.1634515878754359,0.5655292443318688,0.85335672271599,0.6804172173888218,100000,30,14,0.1,5.0,0.1,0,13,0.001,1e-06,0.001,1e-07,1.0,1e-08,adamax,0,0.0,disordered,1,0.2826640860783629,0 days 16:21:07.613160,0.0003314788249752,1.4626524670336052,1.4006255025405336
234,234,234,234,0.3919100249433399,0.3919100249433399,0.3919100249433399,0.3919100249433399,0.3919100249433399,0.3919100249433399,0.3919100249433399,0.3919100249433399,0.3919100249433399,0.3919100249433399,0.3919100249433399,0.3919100249433399,0.3919100249433399,0.3919100249433399,0.0335681655934311,5.421406526930346e-05,0.0001653074811594,0.0741080129603022,0.5306031872163157,0.1297207142420016,0.8144544731717382,0.1517670498508343,0.1937107853018675,0.738671542056833,0.0004863016276438,0.5397451534244261,0.6192371988933149,0.0002688921736115,-0.000247304068056,-0.0002756203524389,6639.0,1.0,0.2640058517854265,0.1926680205666354,0.1105012592568686,0.2748170304402223,0.5913625496602415,0.91081656207632,0.2686666960800681,0.7470281040025918,0.9496229651228262,0.366193797425507,0.7740885276701231,0.9923599348274472,0.2437272388690028,0.5477974900858349,100000,30,14,0.1,5.0,0.1,0,13,0.001,1e-06,0.001,1e-07,1.0,1e-08,adamax,0,0.0,disordered,1,0.3951098701338783,0 days 16:21:07.613160,0.0002473102228306,1.6528709723306083,1.292140508564405
235,235,235,235,0.2191196687578146,0.2191196687578146,0.2191196687578146,0.2191196687578146,0.2191196687578146,0.2191196687578146,0.2191196687578146,0.2191196687578146,0.2191196687578146,0.2191196687578146,0.2191196687578146,0.2191196687578146,0.2191196687578146,0.2191196687578146,1.0000766425248384,0.2418703693105413,0.4643804019404883,0.3813463902499542,0.0372776947260319,0.1800383593253798,0.0420325373612412,0.3228033827700784,0.1055616439465038,0.0647794849833467,0.4722791113724654,0.0495043860565636,0.0489650224465755,0.376706323116886,-0.0003992409982119,-0.0004535609189596,833.0,0.0,0.8752149682278184,0.1381448700139681,0.0758133040206286,0.6383266683789438,0.5939891525517612,0.906578298165276,0.6582655442898885,0.9069714689574804,0.5221224745190275,0.6262047940451518,0.8232969732668901,0.41251262654796,0.4059475931685383,0.6991843329844618,100000,30,14,0.1,5.0,0.1,0,13,0.001,1e-06,0.001,1e-07,1.0,1e-08,adamax,0,0.0,disordered,1,0.222654581521975,0 days 16:21:07.613160,0.0003992731119281,1.8695969728702633,1.5389797282800866
236,236,236,236,0.4047756965997316,0.4047756965997316,0.4047756965997316,0.4047756965997316,0.4047756965997316,0.4047756965997316,0.4047756965997316,0.4047756965997316,0.4047756965997316,0.4047756965997316,0.4047756965997316,0.4047756965997316,0.4047756965997316,0.4047756965997316,0.2810768090998246,0.179402292295896,0.1085858443859159,0.4043712836010542,0.1366824088507363,0.4103522408187145,0.2167897523011997,0.2693137727597172,0.1890144323582911,0.1166542918922012,0.1278406273444783,0.4377854299027788,1.0002222767712918,0.4766009624810923,-0.0002242528451611,-0.0002591297458827,693.0,0.0,0.0604267320994861,0.4620132350119723,0.1492970839202239,0.4656815048165154,0.0134670191414556,0.0510183970435795,0.536388393982969,0.3053922393281979,0.7055390682618229,0.5592864882279562,0.4859573174525038,0.8583701433323171,0.0493544167889244,0.9358299068925108,100000,30,14,0.1,5.0,0.1,0,13,0.001,1e-06,0.001,1e-07,1.0,1e-08,adamax,0,0.0,disordered,1,0.3991021733252997,0 days 16:21:07.613160,0.0002242650868131,1.530186824685213,1.3102410882758868
237,237,237,237,0.31260072430687,0.31260072430687,0.31260072430687,0.31260072430687,0.31260072430687,0.31260072430687,0.31260072430687,0.31260072430687,0.31260072430687,0.31260072430687,0.31260072430687,0.31260072430687,0.31260072430687,0.31260072430687,0.0640641432660723,0.5781039489458378,1.000488460441503,0.4635934975738747,0.0701043560492318,0.0691405087902128,0.1275770491276323,0.1559937713918425,0.5033259217651517,0.2270771245340891,0.108977911553837,0.6350339437154667,0.1344447267564643,0.0975690301168042,-0.0003010889022224,-0.0003495652545388,775.0,0.0,0.0845266536600494,0.0482046549366537,0.9617674286956964,0.1621724884477942,0.4620096227027535,0.3644529130106786,0.2686226111982106,0.5124319655104431,0.8812699945491104,0.42431576173784,0.6297212890351969,0.955393581696408,0.4497042469890406,0.3253482505283921,100000,30,14,0.1,5.0,0.1,0,13,0.001,1e-06,0.001,1e-07,1.0,1e-08,adamax,0,0.0,disordered,1,0.3155342524805978,0 days 16:21:07.613160,0.0003010983653831,1.5301897237960538,1.37370698110037
238,238,238,238,0.4317879727332017,0.4317879727332017,0.4317879727332017,0.4317879727332017,0.4317879727332017,0.4317879727332017,0.4317879727332017,0.4317879727332017,0.4317879727332017,0.4317879727332017,0.4317879727332017,0.4317879727332017,0.4317879727332017,0.4317879727332017,0.4952878487281074,0.0241503966047595,0.0006843384511135,0.6475197818052765,0.2318311261168082,0.8620344987350982,0.0003697286285216,0.6725620225778504,0.4487361795658698,1.4731806720011915e-05,0.5234608797813952,1.5672625332840443e-05,0.0852824712512137,0.9270249295593324,-0.0002204686136294,-0.0002697920613833,7161.0,1.0,0.4834897400149365,0.7968491988537617,0.688499924628667,0.962975038762871,0.3381166078949847,0.9361866226501284,0.3806661149355925,0.0147097345575248,0.6443951805948647,0.938062625049344,0.2385204668525549,0.8990764351902748,0.840875708159621,0.3190561714951616,100000,30,14,0.1,5.0,0.1,0,13,0.001,1e-06,0.001,1e-07,1.0,1e-08,adamax,0,0.0,disordered,1,0.4303918819008446,0 days 16:21:07.613160,0.0002204692620201,1.6969087599078554,1.2947085400485259
239,239,239,239,0.3919100249433399,0.3919100249433399,0.3919100249433399,0.3919100249433399,0.3919100249433399,0.3919100249433399,0.3919100249433399,0.3919100249433399,0.3919100249433399,0.3919100249433399,0.3919100249433399,0.3919100249433399,0.3919100249433399,0.3919100249433399,0.3392757440041158,0.3337370606482006,0.1416789995431896,0.1284633429493491,0.1902672460769726,0.0950571327939148,0.1163255120642336,0.4737428720889253,1.0001089528906606,0.0866925104571574,0.0966051570935624,0.950300074492341,0.084633021056559,0.0983639659060059,-0.0002476450521636,-0.0003055949377639,684.0,0.0,0.7838023570358867,0.3253127770916976,0.626623777840479,0.4999209781917535,0.2070485590793764,0.4298706776741199,0.4008442530521944,0.0793860875522738,0.8789597959373368,0.2957190579773816,0.3222527406874543,0.9537524218897822,0.3975478202448212,0.3956564716829931,100000,30,14,0.1,5.0,0.1,0,13,0.001,1e-06,0.001,1e-07,1.0,1e-08,adamax,0,0.0,disordered,1,0.3979153742596167,0 days 16:21:07.613160,0.0002476666264586,1.6566852437914863,1.3079135786613416
240,240,240,240,0.367392478180207,0.367392478180207,0.367392478180207,0.367392478180207,0.367392478180207,0.367392478180207,0.367392478180207,0.367392478180207,0.367392478180207,0.367392478180207,0.367392478180207,0.367392478180207,0.367392478180207,0.367392478180207,1.728456578489678e-05,0.626833614314874,0.5111529379789583,0.2567071332150759,0.0046109957785039,2.594868968596988e-06,0.0866741702499985,0.8725566769190064,0.6284053787495182,1.865808631146179e-06,0.3193587502789083,0.6768290642829401,5.659576876093646e-07,2.2222221923339454e-06,-0.000276713952402,-0.0003372008696312,99320.0,1.0,0.8413761009090188,0.3454709765613912,0.9530615138690972,0.4760561414970066,0.3783757029324619,0.3186624913919835,0.3102674809617397,0.9748663157172384,0.4875944898956392,0.0671753223090636,0.0778844286610215,0.7790505099511216,0.8987728495583549,0.9598272398828156,100000,30,14,0.1,5.0,0.1,0,13,0.001,1e-06,0.001,1e-07,1.0,1e-08,adamax,0,0.0,disordered,1,0.3638844201657234,0 days 16:21:07.613160,0.0002767245934057,1.3199485791695158,1.28291710796692
241,241,241,241,0.3794532847236935,0.3794532847236935,0.3794532847236935,0.3794532847236935,0.3794532847236935,0.3794532847236935,0.3794532847236935,0.3794532847236935,0.3794532847236935,0.3794532847236935,0.3794532847236935,0.3794532847236935,0.3794532847236935,0.3794532847236935,0.0784133368399274,0.88993687366747,0.063253386730198,0.0948889076481241,0.0625770418348122,0.8482535677757239,0.0628849704394532,0.0887506830068588,0.2907191636396236,0.297535707759593,0.1004895565177633,0.5525325879952308,0.2836508271993089,1.0000416271088963,-0.0002429518121996,-0.0002849560217446,790.0,0.0,0.0721938513714257,0.2522187367307998,0.8293373270005031,0.823164068875351,0.8241548544641216,0.1721168926794182,0.7631539558192966,0.7399952386736539,0.9041605805372264,0.4458217289327378,0.6489780362632892,0.2013475648270648,0.7443756164173957,0.0167396116284476,100000,30,14,0.1,5.0,0.1,0,13,0.001,1e-06,0.001,1e-07,1.0,1e-08,adamax,0,0.0,disordered,1,0.3750318688225553,0 days 16:21:07.613160,0.0002429616486306,1.9462913032436204,1.3125110758386784
242,242,242,242,0.293044697697214,0.293044697697214,0.293044697697214,0.293044697697214,0.293044697697214,0.293044697697214,0.293044697697214,0.293044697697214,0.293044697697214,0.293044697697214,0.293044697697214,0.293044697697214,0.293044697697214,0.293044697697214,0.0002899061715636,0.6158584438508469,0.0001865565618263,0.0882500827380671,0.2581611418888417,0.3324454195299203,0.0002566491065589,0.0494635784302228,0.6111644425368183,8.859327068868425e-05,0.5191273210970746,0.3753363445745766,8.697862014913211e-05,0.656573445293305,-0.00033588605059,-0.0003758340149413,7217.0,1.0,0.8573268392282832,0.6734087743835281,0.3139616014133347,0.1998689778605668,0.471898848207234,0.7414945241972167,0.9277437549735172,0.963848396707712,0.5405515801005358,0.2976589969561701,0.1245227184671975,0.72797693986176,0.5957422688107399,0.2192458298268514,100000,30,14,0.1,5.0,0.1,0,13,0.001,1e-06,0.001,1e-07,1.0,1e-08,adamax,0,0.0,disordered,1,0.2936602821030661,0 days 16:21:07.613160,0.0003358866017288,1.3358602795666008,1.2686873169751052
243,243,243,243,0.2263129568399526,0.2263129568399526,0.2263129568399526,0.2263129568399526,0.2263129568399526,0.2263129568399526,0.2263129568399526,0.2263129568399526,0.2263129568399526,0.2263129568399526,0.2263129568399526,0.2263129568399526,0.2263129568399526,0.2263129568399526,0.151417380938337,5.578197710155196e-05,0.7756918876652928,0.3680780479072545,1.0582613661029657e-05,0.1210224736548123,1.885642025905815e-05,9.822820464238675e-06,0.4620577756931474,5.126858965552962e-06,0.070043095040654,4.51976270398215e-05,4.721141141341847e-06,0.7956400104667977,-0.0003948090706314,-0.0005147552177031,7676.0,1.0,0.5352710382292845,0.3931430894054757,0.7941214516773568,0.0841189025502868,0.1914200849215601,0.1801497461003895,0.4802422845777224,0.3288859583636561,0.5925849107716346,0.4858081534111649,0.341949798637866,0.685005136474023,0.5729194668151868,0.125136999131761,100000,30,14,0.1,5.0,0.1,0,13,0.001,1e-06,0.001,1e-07,1.0,1e-08,adamax,0,0.0,disordered,1,0.2261570067592989,0 days 16:21:07.613160,0.00039480914954,2.5364563765772337,1.5355748469909276
244,244,244,244,0.4180637241455752,0.4180637241455752,0.4180637241455752,0.4180637241455752,0.4180637241455752,0.4180637241455752,0.4180637241455752,0.4180637241455752,0.4180637241455752,0.4180637241455752,0.4180637241455752,0.4180637241455752,0.4180637241455752,0.4180637241455752,0.4020263616463848,0.0002545804842306,0.0458242650393092,0.1177452566754287,0.5614543501927148,0.4283954487815631,0.1086317208184941,0.0004801450488789,0.9151160965857016,0.3178046216443054,3.123839585630454e-05,0.8800972162931309,4.382397621953841e-05,0.0937529068499574,-0.0002413542838161,-0.0002992729884667,6705.0,1.0,0.3767293310563495,0.6051134651189777,0.6221831305477327,0.4595955942335518,0.1865238175866085,0.8296427029360385,0.5272770425417767,0.6399471536026177,0.8653670293579092,0.0459198818955655,0.1203484935363097,0.7305334372171325,0.1022538031015628,0.0052975996247555,100000,30,14,0.1,5.0,0.1,0,13,0.001,1e-06,0.001,1e-07,1.0,1e-08,adamax,0,0.0,disordered,1,0.4164332873697071,0 days 16:21:07.613160,0.0002413559900599,1.6775151185103216,1.2644135304249406
245,245,245,245,0.5241298302206053,0.5241298302206053,0.5241298302206053,0.5241298302206053,0.5241298302206053,0.5241298302206053,0.5241298302206053,0.5241298302206053,0.5241298302206053,0.5241298302206053,0.5241298302206053,0.5241298302206053,0.5241298302206053,0.5241298302206053,0.5289503731447384,1.0014804760299838,0.2700773060018007,0.4281883652486715,0.3834911357095326,0.2880009707006712,0.9325662872661472,0.347576155449031,0.440265133836478,0.4167284691327213,0.6296316589499859,0.3858092507291305,0.4264258961045908,0.929512336059404,-0.0001914084768306,-0.0002014772596508,294.0,0.0,0.9776680483870748,0.0467950489014082,0.8606952505477922,0.9805012086622972,0.390219118228752,0.6208502393227161,0.1135888671832358,0.9967570285640566,0.8946976850395578,0.2920623406908523,0.074361974239148,0.7758735334793581,0.9995157093143716,0.1475928570374415,100000,30,14,0.1,5.0,0.1,0,13,0.001,1e-06,0.001,1e-07,1.0,1e-08,adamax,0,0.0,disordered,1,0.5325869788177773,0 days 16:21:07.613160,0.0001914291624554,1.2624674146511152,1.2056840000098843
246,246,246,246,0.367392478180207,0.367392478180207,0.367392478180207,0.367392478180207,0.367392478180207,0.367392478180207,0.367392478180207,0.367392478180207,0.367392478180207,0.367392478180207,0.367392478180207,0.367392478180207,0.367392478180207,0.367392478180207,0.0665457450003046,0.9680947532976636,0.0699463846651649,0.0664377009427701,0.0696047649507175,0.0749171959268927,0.0848648102431678,0.0816672538359953,0.1806603858727017,0.1417090638921724,0.0802397741028211,0.5684483396571939,1.0001506584987463,0.2102076115049604,-0.0002499568562455,-0.0003149340437594,872.0,0.0,0.8940571106055746,0.8619071253771695,0.2111454491560384,0.183197555349947,0.2008423733888371,0.280720978231278,0.4207873327317154,0.2076104016602467,0.320871791851617,0.5734472061777176,0.5969854144693492,0.9993144961112466,0.1525514997679254,0.8968171322269103,100000,30,14,0.1,5.0,0.1,0,13,0.001,1e-06,0.001,1e-07,1.0,1e-08,adamax,0,0.0,disordered,1,0.3617059747474095,0 days 16:21:07.613160,0.0002499748565994,1.7548797599028358,1.2472967189409272
247,247,247,247,0.2337423870891812,0.2337423870891812,0.2337423870891812,0.2337423870891812,0.2337423870891812,0.2337423870891812,0.2337423870891812,0.2337423870891812,0.2337423870891812,0.2337423870891812,0.2337423870891812,0.2337423870891812,0.2337423870891812,0.2337423870891812,3.1623807592463843e-06,0.6104849105620799,0.4517352966902089,0.1321337814724918,0.0076407856087193,9.136516293070964e-07,1.0690175953694189e-07,0.5131187254932187,0.0477143412529255,1.748063148531645e-07,2.47548220804212e-07,1.342851706280225e-07,0.2654232341843973,0.6083617451590067,-0.0003943196110486,-0.0005177568662357,100000.0,0.0,0.2423065908823569,0.2065151825309021,0.8860119661176991,0.572004962279185,0.6969367373958665,0.897523977584852,0.7649799658359385,0.754446323966763,0.3374111219513116,0.3178896984180053,0.501173647461315,0.3879353284662319,0.1913509870179872,0.7306430733101946,100000,30,14,0.1,5.0,0.1,0,13,0.001,1e-06,0.001,1e-07,1.0,1e-08,adamax,0,0.0,disordered,1,0.2316870963189149,0 days 16:21:07.613160,0.0003943302615049,1.858542547819377,1.429740436828699
248,248,248,248,0.2747120789270809,0.2747120789270809,0.2747120789270809,0.2747120789270809,0.2747120789270809,0.2747120789270809,0.2747120789270809,0.2747120789270809,0.2747120789270809,0.2747120789270809,0.2747120789270809,0.2747120789270809,0.2747120789270809,0.2747120789270809,3.272972730701892e-05,0.0001193996653322,0.1782829541488083,0.1650692924355825,0.000210055514059,0.3376984414163951,0.2306405987135364,0.0230094944670941,0.8692570764165596,0.1363092359918765,0.3721173483312127,1.389065017484465e-05,0.3211962852210889,1.3066058028205e-05,-0.0003083192102658,-0.0003793488345292,7164.0,1.0,0.7741768460150538,0.9139358213333044,0.6522178256772622,0.5133894875953481,0.3589098389931033,0.4025354437248277,0.8227530542123174,0.7333263922965245,0.1026974214041941,0.5927944703073608,0.8936856558871041,0.8444982045234292,0.3789456371105481,0.8240578907869724,100000,30,14,0.1,5.0,0.1,0,13,0.001,1e-06,0.001,1e-07,1.0,1e-08,adamax,0,0.0,disordered,1,0.2791647263254826,0 days 16:21:07.613160,0.0003083392484813,1.7956475602822148,1.3954700255532069
249,249,249,249,0.4317879727332017,0.4317879727332017,0.4317879727332017,0.4317879727332017,0.4317879727332017,0.4317879727332017,0.4317879727332017,0.4317879727332017,0.4317879727332017,0.4317879727332017,0.4317879727332017,0.4317879727332017,0.4317879727332017,0.4317879727332017,0.1664618254037052,0.2081086689780293,0.1689808210842974,1.0009059035461805,0.1695914384064132,0.1828958807626237,0.380974563550007,0.168287585050179,0.2148266158484952,0.2094332649292271,0.3546504739192441,0.1895471190710374,0.822176135311035,0.7023246326659962,-0.0002141404020956,-0.0002447402733425,419.0,0.0,0.8439965035767805,0.6197296454527124,0.8768345329653551,0.145914166227964,0.937057406305842,0.8475292389473765,0.4040773731846082,0.7993302906265415,0.5030733224482142,0.7910662104807297,0.3254727221014234,0.6560611741909652,0.0698488979961843,0.9809386685044856,100000,30,14,0.1,5.0,0.1,0,13,0.001,1e-06,0.001,1e-07,1.0,1e-08,adamax,0,0.0,disordered,1,0.4345499510458688,0 days 16:21:07.613160,0.0002141432978476,1.640798310867274,1.317962125989686
250,250,250,250,0.3228628202536728,0.3228628202536728,0.3228628202536728,0.3228628202536728,0.3228628202536728,0.3228628202536728,0.3228628202536728,0.3228628202536728,0.3228628202536728,0.3228628202536728,0.3228628202536728,0.3228628202536728,0.3228628202536728,0.3228628202536728,1.901744135619218e-05,6.726756041844706e-05,4.580528362180487e-05,0.2516451543963863,0.0299035114197361,0.981951415580722,2.1516854746173795e-05,0.0283653912614282,0.178830181506772,1.4091582549291788e-05,0.583406824575165,0.6038215583247342,0.1122579518274623,9.141291617202948e-05,-0.0002977434462231,-0.0003452546435785,7782.0,1.0,0.7142121376511152,0.9059759680177346,0.6580057516563411,0.6802513935552122,0.9007728856788634,0.9960818740771136,0.3720075897920343,0.2961473984048516,0.7517433952079304,0.4817295863675557,0.9995033981185528,0.5622808155658906,0.1084108624556785,0.0439609394451656,100000,30,14,0.1,5.0,0.1,0,13,0.001,1e-06,0.001,1e-07,1.0,1e-08,adamax,0,0.0,disordered,1,0.3266273594890735,0 days 16:21:07.613160,0.0002977588922241,1.9161271210844608,1.3313600721581298
251,251,251,251,0.3228628202536728,0.3228628202536728,0.3228628202536728,0.3228628202536728,0.3228628202536728,0.3228628202536728,0.3228628202536728,0.3228628202536728,0.3228628202536728,0.3228628202536728,0.3228628202536728,0.3228628202536728,0.3228628202536728,0.3228628202536728,0.7967927660803278,0.0283734437634087,6.94941673817662e-05,0.4553293681790144,3.822420819376695e-05,0.0972119675251243,0.4533239459985397,0.0859863699930691,0.0834162907763183,0.0746653170391299,0.8446899452899703,6.940228789977142e-05,0.6932499321283438,5.418346109499817e-05,-0.0002762638338649,-0.0003335219790737,7700.0,1.0,0.7501179875099128,0.3459297602737141,0.2769296085274552,0.6757370994097468,0.2413182925249379,0.3740589488102697,0.3790666167503335,0.7797839081968443,0.7197501425464129,0.9206783129372238,0.2792377484538071,0.9961073472526646,0.5419978118075405,0.3625027264274765,100000,30,14,0.1,5.0,0.1,0,13,0.001,1e-06,0.001,1e-07,1.0,1e-08,adamax,0,0.0,disordered,1,0.3207583173353322,0 days 16:21:07.613160,0.0002762672712936,1.8632218770170959,1.396495464228303
252,252,252,252,0.5074705239490462,0.5074705239490462,0.5074705239490462,0.5074705239490462,0.5074705239490462,0.5074705239490462,0.5074705239490462,0.5074705239490462,0.5074705239490462,0.5074705239490462,0.5074705239490462,0.5074705239490462,0.5074705239490462,0.5074705239490462,0.589463644486693,0.6891119207717858,1.0014904949868804,0.4065845380484146,0.2805389446784206,0.2742602626727483,0.3270119539809287,0.2803162706384958,0.2593498213686658,0.2698390983231914,0.2323420823576516,0.6741231854026752,0.8322747597321907,0.7555773283180464,-0.0001943628057294,-0.0002195569105121,367.0,0.0,0.9411183117264872,0.1771592667526775,0.9609075496764068,0.0219261810379189,0.1596152369082298,0.5410236219284826,0.2705640758574288,0.7291979815205126,0.5922223677925774,0.2503032281323029,0.4506949118350623,0.0152389491249703,0.9058641925026176,0.0510771506490037,100000,30,14,0.1,5.0,0.1,0,13,0.001,1e-06,0.001,1e-07,1.0,1e-08,adamax,0,0.0,disordered,1,0.5103212454407738,0 days 16:21:07.613160,0.0001943649427907,1.327764341393766,1.2353185162951186
253,253,253,253,0.2575263326771198,0.2575263326771198,0.2575263326771198,0.2575263326771198,0.2575263326771198,0.2575263326771198,0.2575263326771198,0.2575263326771198,0.2575263326771198,0.2575263326771198,0.2575263326771198,0.2575263326771198,0.2575263326771198,0.2575263326771198,0.4832867195424514,0.6612087936347903,5.281616624993327e-06,0.0930482853907978,2.070932094417485e-06,0.263670934986781,0.2383032688876064,0.671758261518205,0.0382807870806904,0.0313037871064835,2.897501006421065e-06,0.5046290598156423,0.0641568679990629,0.5675830317064087,-0.0003509938036599,-0.0004027638071808,100000.0,0.0,0.3187746718901159,0.906493446160361,0.5180160353870897,0.5450349779852018,0.6495278850206792,0.6994459645029049,0.3226159556358089,0.1183689880690106,0.6198104917329416,0.4700939253623446,0.6111552889066911,0.9565489554251436,0.5696480438757227,0.196540756699003,100000,30,14,0.1,5.0,0.1,0,13,0.001,1e-06,0.001,1e-07,1.0,1e-08,adamax,0,0.0,disordered,1,0.258809673793244,0 days 16:21:07.613160,0.0003509963823537,1.9328744098469497,1.4133559632060415
254,254,254,254,0.3919100249433399,0.3919100249433399,0.3919100249433399,0.3919100249433399,0.3919100249433399,0.3919100249433399,0.3919100249433399,0.3919100249433399,0.3919100249433399,0.3919100249433399,0.3919100249433399,0.3919100249433399,0.3919100249433399,0.3919100249433399,0.1075930095491791,0.9284101647745548,0.0782784979343169,0.1461843434624669,0.7883970821680477,0.128607079951126,0.2367201046329251,0.1340944251730374,0.3187308223050993,1.0000199608520268,0.0874356241365223,0.6462696889267395,0.1252235349497229,0.0961536554631781,-0.0002549308374537,-0.0002946035529009,721.0,0.0,0.3369938093317558,0.8787703268969127,0.2609786532194774,0.3049960631597719,0.9431770493886504,0.4790783587164211,0.6846595481514158,0.9334668524075788,0.857403718029288,0.0220751659859762,0.5011079534758528,0.6839860461745928,0.1379182317639302,0.1785523870129954,100000,30,14,0.1,5.0,0.1,0,13,0.001,1e-06,0.001,1e-07,1.0,1e-08,adamax,0,0.0,disordered,1,0.3881683513170348,0 days 16:21:07.613160,0.0002549401201345,1.4269861191859912,1.3046391045247367
255,255,255,255,0.3444087275973818,0.3444087275973818,0.3444087275973818,0.3444087275973818,0.3444087275973818,0.3444087275973818,0.3444087275973818,0.3444087275973818,0.3444087275973818,0.3444087275973818,0.3444087275973818,0.3444087275973818,0.3444087275973818,0.3444087275973818,0.0769262543100653,0.0728057904660412,1.0004201950309757,0.3886831608264551,0.6420359565234709,0.7664081082825447,0.0770844619681642,0.7574934253298511,0.0698070930011495,0.0819116748267785,0.0742977580824791,0.084914153858605,0.0903472913651425,0.1477973519799206,-0.0002858637620439,-0.00040573332021,697.0,0.0,0.775264430584093,0.7381296277212435,0.9826254178463568,0.05672478857114,0.0504916323493598,0.9890957275595484,0.7048947848948418,0.0976379162663055,0.6622569556116973,0.6466549941964531,0.6861270467187739,0.8295881718115148,0.7305496771064881,0.5520795230350595,100000,30,14,0.1,5.0,0.1,0,13,0.001,1e-06,0.001,1e-07,1.0,1e-08,adamax,0,0.0,disordered,1,0.3400381204076306,0 days 16:21:07.613160,0.00028588089116,1.7608123357639134,1.308788322532855
256,256,256,256,0.2414157116103016,0.2414157116103016,0.2414157116103016,0.2414157116103016,0.2414157116103016,0.2414157116103016,0.2414157116103016,0.2414157116103016,0.2414157116103016,0.2414157116103016,0.2414157116103016,0.2414157116103016,0.2414157116103016,0.2414157116103016,0.0245335449206589,0.378432453945261,1.0000876744410132,0.0435731959588896,0.4568154792176125,0.0161399928472115,0.0396842144922787,0.0168057465024429,0.220148604234255,0.0178857563464776,0.4450766380392484,0.0301452494348285,0.0248904632275388,0.5845531312754201,-0.0003883945729182,-0.0004776237614167,1172.0,0.0,0.3759810318474074,0.198179100436036,0.984206169145878,0.447232072539738,0.271266944019332,0.6508702694567878,0.6749796966982027,0.5947421721631754,0.8777561350711153,0.6071992001119455,0.3818902417841148,0.0931114700580979,0.1206871372677993,0.4937852451071219,100000,30,14,0.1,5.0,0.1,0,13,0.001,1e-06,0.001,1e-07,1.0,1e-08,adamax,0,0.0,disordered,1,0.2377880795996627,0 days 16:21:07.613160,0.0003884247127583,2.0093624761050974,1.4463348609569222
257,257,257,257,0.3026648059395688,0.3026648059395688,0.3026648059395688,0.3026648059395688,0.3026648059395688,0.3026648059395688,0.3026648059395688,0.3026648059395688,0.3026648059395688,0.3026648059395688,0.3026648059395688,0.3026648059395688,0.3026648059395688,0.3026648059395688,0.0870866125743628,0.6127602943491108,0.3925531935975445,0.2560149481425339,0.1221444673487359,0.1935243159808263,1.0002225211819582,0.6176333016628309,0.0869281999498683,0.1162557862320044,0.1023849736249086,0.1348071100034016,0.1397264546854015,0.2562116115242561,-0.0002833099345941,-0.0003484357205401,585.0,0.0,0.2610920573458406,0.143675143319628,0.830912931619557,0.4542667875837952,0.7284966939519985,0.8513856976782915,0.0540585049383388,0.9562660513346144,0.5540801259455461,0.3298529147487226,0.4860086620167514,0.2233575742389943,0.3322550188258053,0.6095934759945512,100000,30,14,0.1,5.0,0.1,0,13,0.001,1e-06,0.001,1e-07,1.0,1e-08,adamax,0,0.0,disordered,1,0.3072408867609091,0 days 16:21:07.613160,0.0002833258870689,1.5530006363924582,1.4203084337457095
258,258,258,258,0.2414157116103016,0.2414157116103016,0.2414157116103016,0.2414157116103016,0.2414157116103016,0.2414157116103016,0.2414157116103016,0.2414157116103016,0.2414157116103016,0.2414157116103016,0.2414157116103016,0.2414157116103016,0.2414157116103016,0.2414157116103016,0.2274441997283596,4.024181398357752e-05,9.796745266057508e-06,0.3576499499316318,2.435358873818926e-05,0.8194261407954728,0.7026988841941763,3.178431295509187e-05,3.69451720091303e-05,3.760739073031359e-05,0.4937783975302864,5.721163589544119e-05,0.1099981603313852,2.6376364874550783e-05,-0.0003361120469245,-0.0004308067373301,7642.0,1.0,0.1934417874985552,0.4503599800352695,0.2834719266138154,0.7794971887695216,0.2400318748230032,0.7294470601598501,0.0132393839244975,0.4385159072666922,0.4734987759415516,0.406168946043238,0.5189027103983602,0.8452300910015517,0.5229457637404864,0.8171458538819233,100000,30,14,0.1,5.0,0.1,0,13,0.001,1e-06,0.001,1e-07,1.0,1e-08,adamax,0,0.0,disordered,1,0.2451155771499147,0 days 16:21:07.613160,0.0003361311162725,1.912256993143278,1.530463162800029
259,259,259,259,0.2054117348353062,0.2054117348353062,0.2054117348353062,0.2054117348353062,0.2054117348353062,0.2054117348353062,0.2054117348353062,0.2054117348353062,0.2054117348353062,0.2054117348353062,0.2054117348353062,0.2054117348353062,0.2054117348353062,0.2054117348353062,1.0000289674789176,0.0234269840126906,0.0151749160534362,0.1109139509244434,0.7863916634079984,0.6934402696597031,0.5625385507215344,0.03234008115179,0.0296766534942019,0.0213588676889397,0.0243399093188062,0.0184870451969841,0.0668550597407583,0.297723778682036,-0.0003714080355427,-0.0005088052339181,1387.0,0.0,0.7296668340702964,0.1960980413704525,0.2983363770931467,0.1577054943448939,0.7788070150730986,0.0963064736583216,0.8564363688241255,0.5549408503937954,0.430836957458087,0.5628663925544286,0.5377616424280137,0.6195796401529267,0.5425353416111438,0.306024249914103,100000,30,14,0.1,5.0,0.1,0,13,0.001,1e-06,0.001,1e-07,1.0,1e-08,adamax,0,0.0,disordered,1,0.2045454909852207,0 days 16:21:07.613160,0.0003714095286806,1.8427845978861213,1.5384958413436445
260,260,260,260,0.367392478180207,0.367392478180207,0.367392478180207,0.367392478180207,0.367392478180207,0.367392478180207,0.367392478180207,0.367392478180207,0.367392478180207,0.367392478180207,0.367392478180207,0.367392478180207,0.367392478180207,0.367392478180207,0.1481352946193545,0.190674321381906,0.329740551889862,1.0007421405400192,0.353855876381884,0.1378618576576481,0.1234783010202737,0.7400667452838147,0.5287403508791856,0.1605082435916814,0.3623731804469547,0.1263421829192267,0.1935085501019739,0.1136139511919298,-0.0002604496845019,-0.0003102814535268,510.0,0.0,0.8986153874068937,0.616815155645467,0.9954409266140332,0.1305664684177212,0.9413896798372886,0.6257868077855991,0.6789169189102235,0.9412139376410446,0.0624637916473289,0.1890294281358702,0.5706729312589813,0.2978662262765116,0.0164398885199489,0.2912488115415481,100000,30,14,0.1,5.0,0.1,0,13,0.001,1e-06,0.001,1e-07,1.0,1e-08,adamax,0,0.0,disordered,1,0.368447582182567,0 days 16:21:07.613160,0.0002604503072907,1.4276946616227233,1.3404793162941857
261,261,261,261,0.3228628202536728,0.3228628202536728,0.3228628202536728,0.3228628202536728,0.3228628202536728,0.3228628202536728,0.3228628202536728,0.3228628202536728,0.3228628202536728,0.3228628202536728,0.3228628202536728,0.3228628202536728,0.3228628202536728,0.3228628202536728,0.0002270960707085,0.7272899846830616,0.2511243234441817,0.4701974790401425,0.4135890186925354,0.0004392509027372,0.0001937645762131,0.8622280784565807,0.1615666565312241,0.7043818771140898,0.0504227195258186,9.907965559620762e-05,0.0443870500751648,0.5853721379768585,-0.0003010539689039,-0.0003575346160288,7413.0,1.0,0.6906224920438333,0.6824747546512389,0.0243473179975725,0.3233772157689207,0.8570896250639003,0.6527474104669012,0.6191804671224441,0.97377324147106,0.3286767579782848,0.0832384027838331,0.6200275861014232,0.6401335363741893,0.5480909294992627,0.9544015939487656,100000,30,14,0.1,5.0,0.1,0,13,0.001,1e-06,0.001,1e-07,1.0,1e-08,adamax,0,0.0,disordered,1,0.3239467096561534,0 days 16:21:07.613160,0.0003010554033427,1.5397384588804204,1.3400420572508573
262,262,262,262,0.4180637241455752,0.4180637241455752,0.4180637241455752,0.4180637241455752,0.4180637241455752,0.4180637241455752,0.4180637241455752,0.4180637241455752,0.4180637241455752,0.4180637241455752,0.4180637241455752,0.4180637241455752,0.4180637241455752,0.4180637241455752,0.121165340932472,0.6520812092342283,0.1217065453798034,0.6660312755682666,0.1172737375888944,0.3107008539255654,0.3609555889143822,0.1700021235516775,0.1556840655632143,0.1378285544442339,0.3620037766361103,0.3317943228960442,0.5453822987615287,1.0000377182686595,-0.0002370612109618,-0.0002769768926915,559.0,0.0,0.6804865521266139,0.0678019738405787,0.6476396622361511,0.0664872246066922,0.5704321719943116,0.5026659264789222,0.0028872992005247,0.1965175663336678,0.4185439502633219,0.3193685561421232,0.1329217208895931,0.6168338315513925,0.943238717728384,0.039104284294701,100000,30,14,0.1,5.0,0.1,0,13,0.001,1e-06,0.001,1e-07,1.0,1e-08,adamax,0,0.0,disordered,1,0.4126556637710122,0 days 16:21:07.613160,0.0002370771929661,1.5345270375260491,1.264875537833163
263,263,263,263,0.4047756965997316,0.4047756965997316,0.4047756965997316,0.4047756965997316,0.4047756965997316,0.4047756965997316,0.4047756965997316,0.4047756965997316,0.4047756965997316,0.4047756965997316,0.4047756965997316,0.4047756965997316,0.4047756965997316,0.4047756965997316,0.7941660416745354,0.0108554433063329,0.3854890576804725,0.4069023680081221,0.0210987362633538,0.0128236039144492,1.0000111618600434,0.1540280139429865,0.951485171246781,0.107381813202776,0.0072918288873957,0.8551439371963951,0.0138417973942357,0.0137598348216421,-0.0002524136329049,-0.0003043434731235,2666.0,0.0,0.770642093358219,0.3530056890674251,0.2715969442479642,0.7938128323488172,0.9316915339620816,0.9816024369131277,0.9331484537746048,0.1245746193988084,0.0112939080882549,0.7475602706104801,0.7640568991220532,0.1490011188859666,0.5727014824881643,0.6440931339590131,100000,30,14,0.1,5.0,0.1,0,13,0.001,1e-06,0.001,1e-07,1.0,1e-08,adamax,0,0.0,disordered,1,0.3996144714541336,0 days 16:21:07.613160,0.0002524308556902,1.5354675598735936,1.2329277849227964
264,264,264,264,0.2414157116103016,0.2414157116103016,0.2414157116103016,0.2414157116103016,0.2414157116103016,0.2414157116103016,0.2414157116103016,0.2414157116103016,0.2414157116103016,0.2414157116103016,0.2414157116103016,0.2414157116103016,0.2414157116103016,0.2414157116103016,0.2268046840987332,0.0116555153285754,0.3360090637970703,1.2947703518543482e-07,5.642005678508692e-07,2.0048408127306986e-07,0.5710054489516159,0.1096794759575318,6.061189271702037e-06,5.023650399459483e-07,0.3835882479704531,0.0646345515174694,0.7539158490456627,0.1484235072817875,-0.0003243695446952,-0.0003930786102438,100000.0,0.0,0.3824474095003376,0.1690773663209991,0.3398999655537181,0.2816164289292787,0.0076791210226125,0.2757122259729295,0.2486359202264328,0.6756381518438787,0.6373724969914955,0.6756248000046686,0.29298127280873,0.594573782356606,0.1204389932529523,0.7645327467875227,100000,30,14,0.1,5.0,0.1,0,13,0.001,1e-06,0.001,1e-07,1.0,1e-08,adamax,0,0.0,disordered,1,0.2436757561012738,0 days 16:21:07.613160,0.0003243752971046,1.9758926632227123,1.4646275182425879
265,265,265,265,0.2575263326771198,0.2575263326771198,0.2575263326771198,0.2575263326771198,0.2575263326771198,0.2575263326771198,0.2575263326771198,0.2575263326771198,0.2575263326771198,0.2575263326771198,0.2575263326771198,0.2575263326771198,0.2575263326771198,0.2575263326771198,0.5538838020957281,1.633165170969172e-05,0.2032523156843076,0.0862248622088134,3.295276106707408e-06,2.5557869699489525e-07,0.0015731195754046,2.1722823566490944e-05,2.227198161175865e-07,0.1774169757500852,1.1006820323482677e-06,4.517415421308191e-06,0.5913626437100514,6.794638409878212e-05,-0.0003538840443543,-0.0004790009431637,10530.0,1.0,0.939942823405704,0.7650859415568515,0.7313715691484668,0.5717709554015099,0.7625380508868862,0.4641393591113667,0.257575102546457,0.7786558664111833,0.5170059703423491,0.9251620988818609,0.5867070829368026,0.533994533000577,0.0388040032213391,0.221140534295108,100000,30,14,0.1,5.0,0.1,0,13,0.001,1e-06,0.001,1e-07,1.0,1e-08,adamax,0,0.0,disordered,1,0.2550726086508738,0 days 16:21:07.613160,0.0003538941029572,2.983617744364369,1.492173599641115
266,266,266,266,0.2263129568399526,0.2263129568399526,0.2263129568399526,0.2263129568399526,0.2263129568399526,0.2263129568399526,0.2263129568399526,0.2263129568399526,0.2263129568399526,0.2263129568399526,0.2263129568399526,0.2263129568399526,0.2263129568399526,0.2263129568399526,0.0184003586297814,0.593350949620933,0.1398661238485653,0.5976996725096747,1.1037999808113551e-06,4.085796730900887e-07,6.569068715700685e-07,0.3420623079566009,0.0060505353469366,0.2971931973256571,1.1594399205381957e-07,0.7649804286400678,3.4703439913339072e-06,3.469104818421443e-07,-0.0003709208713877,-0.0004658142276425,100000.0,0.0,0.7186613988532663,0.4388809807656246,0.9257056476135832,0.615186859144445,0.2639157669577461,0.2450934880507677,0.2915311257963363,0.2171019367945525,0.5316124247090717,0.0846068115191674,0.5784091718602687,0.4289681518042565,0.8788343151379411,0.8907468797284301,100000,30,14,0.1,5.0,0.1,0,13,0.001,1e-06,0.001,1e-07,1.0,1e-08,adamax,0,0.0,disordered,1,0.2264645593234508,0 days 16:21:07.613160,0.0003709209300346,1.7226111315027923,1.522524779864525
267,267,267,267,0.367392478180207,0.367392478180207,0.367392478180207,0.367392478180207,0.367392478180207,0.367392478180207,0.367392478180207,0.367392478180207,0.367392478180207,0.367392478180207,0.367392478180207,0.367392478180207,0.367392478180207,0.367392478180207,0.0559979402590253,0.1390718231893195,0.1146229148464656,0.1326648633574608,0.2946119304271949,0.1122232265251438,0.3266214021703308,0.3486380736642098,0.0884245917158105,0.1216000047171703,0.2912913461048569,1.0001611423333707,0.2121883389398006,0.7526751593584593,-0.0002437862320808,-0.0002801805860712,829.0,0.0,0.2971523946037819,0.1908006677512463,0.4219832755495095,0.506328174724403,0.7109783252439936,0.9707250807177435,0.8949805686934579,0.3968997682447035,0.5490804140888205,0.5811396785133526,0.8791075936683179,0.105558755383498,0.8157310583955725,0.2625821000898687,100000,30,14,0.1,5.0,0.1,0,13,0.001,1e-06,0.001,1e-07,1.0,1e-08,adamax,0,0.0,disordered,1,0.3665563290524821,0 days 16:21:07.613160,0.0002437864509864,1.438655874090403,1.2725517942572648
268,268,268,268,0.4459627626819087,0.4459627626819087,0.4459627626819087,0.4459627626819087,0.4459627626819087,0.4459627626819087,0.4459627626819087,0.4459627626819087,0.4459627626819087,0.4459627626819087,0.4459627626819087,0.4459627626819087,0.4459627626819087,0.4459627626819087,0.7527390946348267,1.0002112899623532,0.0970834191239169,0.4766664358461968,0.1122943032276841,0.1063142285375235,0.2527139971989039,0.1222576289298287,0.101893117491735,0.7353384532988891,0.2318527561950187,0.6834524354157172,0.6762502996848425,0.0978456848330599,-0.0002328851502815,-0.0002697547664192,827.0,0.0,0.107500107434456,0.9801581869007052,0.3472983694743665,0.7478456638335392,0.3634214901784441,0.2906776165045854,0.5433210652185734,0.2329467089404197,0.2444241497926114,0.0508620963129747,0.7146135600942009,0.9213557025394892,0.0049391371660167,0.2883433059584358,100000,30,14,0.1,5.0,0.1,0,13,0.001,1e-06,0.001,1e-07,1.0,1e-08,adamax,0,0.0,disordered,1,0.4389112602375912,0 days 16:21:07.613160,0.0002329108738615,1.5642251133186236,1.2375168988530212
269,269,269,269,0.1638433645577982,0.1638433645577982,0.1638433645577982,0.1638433645577982,0.1638433645577982,0.1638433645577982,0.1638433645577982,0.1638433645577982,0.1638433645577982,0.1638433645577982,0.1638433645577982,0.1638433645577982,0.1638433645577982,0.1638433645577982,7.774004406055315e-05,0.7043298171947485,0.1521908309682617,2.308291674244287e-05,0.0400226386571724,9.359138946781487e-06,2.5445011848313925e-06,0.6179505185259918,8.527347737168045e-06,1.7188793061361528e-05,7.087063376718811e-07,0.4070348236383022,2.4512113343230897e-05,0.0002567053780994,-0.0005283403834333,-0.0006753219228762,11225.0,1.0,0.8698080901838249,0.6009611086345273,0.1285723646794975,0.2403953491724734,0.2074476020330385,0.0338475812205937,0.1285958813186927,0.1270902542951092,0.5037976427016844,0.768247250025672,0.5191068701186071,0.6562395971013444,0.8837135889312623,0.7808245670731921,100000,30,14,0.1,5.0,0.1,0,13,0.001,1e-06,0.001,1e-07,1.0,1e-08,adamax,0,0.0,disordered,1,0.1653118350085455,0 days 16:21:07.613160,0.0005283550460769,1.87377112445655,1.509658338584657
270,270,270,270,0.5964184945842456,0.5964184945842456,0.5964184945842456,0.5964184945842456,0.5964184945842456,0.5964184945842456,0.5964184945842456,0.5964184945842456,0.5964184945842456,0.5964184945842456,0.5964184945842456,0.5964184945842456,0.5964184945842456,0.5964184945842456,0.361066857928059,0.6996667076515977,0.71041596927164,0.5958451536036397,0.3696417691759164,0.8120598460225579,0.4021557161539433,0.404286922486645,0.6544122386854491,1.0009009211602238,0.3550567401849068,0.3589659852276827,0.8355529126326988,0.357661376988694,-0.0001688206689089,-0.0001775561829748,235.0,0.0,0.0997593227772318,0.0268519347524667,0.9298496661777996,0.2607789471225706,0.8632480873818676,0.1744944101266712,0.8793302462090203,0.4403183439820408,0.0289125951170617,0.9890317328695384,0.1168715186346838,0.0236418087236619,0.8008624272421115,0.3261165967064418,100000,30,14,0.1,5.0,0.1,0,13,0.001,1e-06,0.001,1e-07,1.0,1e-08,adamax,0,0.0,disordered,1,0.6049213158060505,0 days 16:21:07.613160,0.000168834342165,1.2464843719944447,1.2245657871553077
271,271,271,271,0.2414157116103016,0.2414157116103016,0.2414157116103016,0.2414157116103016,0.2414157116103016,0.2414157116103016,0.2414157116103016,0.2414157116103016,0.2414157116103016,0.2414157116103016,0.2414157116103016,0.2414157116103016,0.2414157116103016,0.2414157116103016,0.0966726147427082,4.375402713825752e-05,0.3728145913954869,3.458167979898362e-05,0.5932511145380606,9.68863339290965e-05,0.5140456491542149,0.534817792811192,4.498146959305635e-05,0.4080506261496897,1.1012071821459328e-05,0.0001167391326417,1.022688163593807e-05,0.5192204448575025,-0.0003605465438749,-0.0004441907081781,7396.0,1.0,0.0316929200137269,0.0121385674625584,0.4070895425927446,0.105375854119849,0.3521693916782696,0.6865019747544017,0.9509689675529264,0.2934854849756927,0.5755475392440509,0.7040855421249729,0.7943149992989771,0.4936219984790373,0.7911589406853283,0.4617548400991511,100000,30,14,0.1,5.0,0.1,0,13,0.001,1e-06,0.001,1e-07,1.0,1e-08,adamax,0,0.0,disordered,1,0.2447099327463782,0 days 16:21:07.613160,0.00036056622473,1.8435177203677484,1.5012449266023116
272,272,272,272,0.4757236139187883,0.4757236139187883,0.4757236139187883,0.4757236139187883,0.4757236139187883,0.4757236139187883,0.4757236139187883,0.4757236139187883,0.4757236139187883,0.4757236139187883,0.4757236139187883,0.4757236139187883,0.4757236139187883,0.4757236139187883,0.1405987205496157,0.1453672382222298,0.1175069055503567,0.7065168655721891,0.1180449836825032,0.1201731528437779,0.1000537031031974,0.5788967664843001,0.0901673995380302,1.000206775341444,0.4202895075409159,0.4675604212780361,0.4350608839270839,0.8551697521375756,-0.0002002967664071,-0.0002199184164701,818.0,0.0,0.7432089431913926,0.6344691439265372,0.4645925630309526,0.8703766258825952,0.312597817301891,0.3593160199082607,0.4827486753456478,0.0612250360142219,0.5916532212902839,0.0242044295789416,0.8663353398113628,0.3484932886953423,0.8881877051877,0.1493807642649662,100000,30,14,0.1,5.0,0.1,0,13,0.001,1e-06,0.001,1e-07,1.0,1e-08,adamax,0,0.0,disordered,1,0.4754024873299431,0 days 16:21:07.613160,0.0002002968194037,1.5543076980891655,1.2754568132387816
273,273,273,273,0.4606028844202396,0.4606028844202396,0.4606028844202396,0.4606028844202396,0.4606028844202396,0.4606028844202396,0.4606028844202396,0.4606028844202396,0.4606028844202396,0.4606028844202396,0.4606028844202396,0.4606028844202396,0.4606028844202396,0.4606028844202396,0.1755580185846361,0.1610514875317435,0.1796363181013767,0.4692432399017259,0.8434883240718007,0.906045318168426,0.1379673564282854,0.2209017052603874,0.3654593499651692,0.1698390512322192,0.3545054429840655,0.2327200464299069,0.5118268969157661,1.0004675456335654,-0.0002139715367487,-0.000240609282168,533.0,0.0,0.71624829296369,0.5855134953816346,0.5668054991174719,0.9065448576640236,0.0867575888476853,0.9177427468321386,0.2804969241390942,0.2538249548089413,0.6846903811960501,0.4131886612712611,0.1340955673338829,0.5580343537526458,0.8759672619772926,0.0088415666662903,100000,30,14,0.1,5.0,0.1,0,13,0.001,1e-06,0.001,1e-07,1.0,1e-08,adamax,0,0.0,disordered,1,0.4556779874734054,0 days 16:21:07.613160,0.0002139805246282,1.3560068364529938,1.2585503178854127
274,274,274,274,0.2575263326771198,0.2575263326771198,0.2575263326771198,0.2575263326771198,0.2575263326771198,0.2575263326771198,0.2575263326771198,0.2575263326771198,0.2575263326771198,0.2575263326771198,0.2575263326771198,0.2575263326771198,0.2575263326771198,0.2575263326771198,0.0002481332776112,0.8716503732826725,0.0606446335470121,2.2616507050701042e-07,0.2826162338299518,9.999752609556181e-08,0.6243014719553264,0.1977188995281038,0.640171316691924,0.2789860191551843,4.642679567264686e-07,0.0719416232872156,6.732627203442539e-07,0.1527255250392772,-0.0003119121109552,-0.0004206512187942,43353.0,0.0,0.4024341209001952,0.1791553579684491,0.7086352018966858,0.7871031607789767,0.141602596831929,0.8445017164340487,0.3122785108275705,0.7498669802182869,0.1287998260806334,0.4734033912116812,0.649239041295116,0.4950066534014287,0.6892716676081824,0.7752851900829789,100000,30,14,0.1,5.0,0.1,0,13,0.001,1e-06,0.001,1e-07,1.0,1e-08,adamax,0,0.0,disordered,1,0.2575174735932397,0 days 16:21:07.613160,0.000311912108534,1.9235692395173933,1.524910425051514
275,275,275,275,0.2054117348353062,0.2054117348353062,0.2054117348353062,0.2054117348353062,0.2054117348353062,0.2054117348353062,0.2054117348353062,0.2054117348353062,0.2054117348353062,0.2054117348353062,0.2054117348353062,0.2054117348353062,0.2054117348353062,0.2054117348353062,0.5128548434487361,0.1232325637819603,0.9550230419174296,2.6709339949645468e-05,0.2003127338523517,3.894658251751119e-05,3.639513142664696e-05,0.2344547174758099,0.3484997456069493,0.1409709284832937,0.2268987220584263,0.0002069171666741,4.241766924596135e-05,0.6539090919272497,-0.0004087588024406,-0.0004857188653649,7150.0,1.0,0.9283894315706523,0.6490635800408276,0.1759501685527703,0.7681127069410235,0.4237433273208904,0.6985926672318011,0.6892002298108775,0.8872912225265681,0.5892704824400701,0.2294741203878888,0.4062477741541459,0.6206195937384177,0.5708106848170152,0.1936271183098157,100000,30,14,0.1,5.0,0.1,0,13,0.001,1e-06,0.001,1e-07,1.0,1e-08,adamax,0,0.0,disordered,1,0.2077148244150547,0 days 16:21:07.613160,0.0004087733258544,1.998863792013293,1.5795258188581451
276,276,276,276,0.1925613572129196,0.1925613572129196,0.1925613572129196,0.1925613572129196,0.1925613572129196,0.1925613572129196,0.1925613572129196,0.1925613572129196,0.1925613572129196,0.1925613572129196,0.1925613572129196,0.1925613572129196,0.1925613572129196,0.1925613572129196,0.3835410337910034,0.1205662778500615,3.009373911308726e-06,0.3523780451257265,0.1968391402658141,0.014247792089063,1.2477017555084542e-06,0.2476712714344067,2.2239820433091682e-07,0.4464865469430358,0.0399513932106408,9.999881295852637e-08,0.1534715110253127,0.2818626295932802,-0.0004114461865882,-0.0004772856700772,69322.0,0.0,0.824032216762549,0.5794577714532373,0.5768013793246287,0.2050982457879387,0.4916221968829366,0.2686964542861396,0.3353176670488188,0.3418876984675734,0.6056950274603036,0.3727873636982007,0.8999060160301815,0.7507599098712591,0.9806062698694245,0.6116400008802909,100000,30,14,0.1,5.0,0.1,0,13,0.001,1e-06,0.001,1e-07,1.0,1e-08,adamax,0,0.0,disordered,1,0.1939781306889071,0 days 16:21:07.613160,0.0004114512384836,2.0726962494370365,1.635015298354521
277,277,277,277,0.4180637241455752,0.4180637241455752,0.4180637241455752,0.4180637241455752,0.4180637241455752,0.4180637241455752,0.4180637241455752,0.4180637241455752,0.4180637241455752,0.4180637241455752,0.4180637241455752,0.4180637241455752,0.4180637241455752,0.4180637241455752,0.1593082118316539,0.1742717678479782,0.5410135026156894,0.5710498523224647,0.1781042985550987,0.5648030497214349,1.000235156527537,0.1783617028062892,0.7559369092075661,0.1646727772184288,0.1579860077698122,0.1723206528975631,0.1545236006967812,0.9120728670394588,-0.0002380488136008,-0.0002767715213841,452.0,0.0,0.4303223165562948,0.3928690888518122,0.0368772763332992,0.7042187498065502,0.3157529253221451,0.0226824501927953,0.9126105342355452,0.2363758633618058,0.0934657012940052,0.7382360921493729,0.7714531340477934,0.7713963860397556,0.6159471154181675,0.0262046336281953,100000,30,14,0.1,5.0,0.1,0,13,0.001,1e-06,0.001,1e-07,1.0,1e-08,adamax,0,0.0,disordered,1,0.4234508020984558,0 days 16:21:07.613160,0.0002380653291824,1.2893796675437157,1.2597032002253248
278,278,278,278,0.3444087275973818,0.3444087275973818,0.3444087275973818,0.3444087275973818,0.3444087275973818,0.3444087275973818,0.3444087275973818,0.3444087275973818,0.3444087275973818,0.3444087275973818,0.3444087275973818,0.3444087275973818,0.3444087275973818,0.3444087275973818,1.636560192421231e-05,0.2338756091993842,2.260122513975635e-05,3.806620901699007e-05,0.0883141771696777,0.026257971327768,0.6278066489178263,0.0006508133362056,0.7563151994811228,0.392773772284362,0.0001385206557055,0.5908334668799284,0.0001427227114887,0.1957826244964193,-0.0002827245417067,-0.0003525514910836,6675.0,1.0,0.5344485508328887,0.960696137510391,0.4552101955437518,0.2965841288519965,0.5573687571007563,0.6323099431721152,0.2975807642435687,0.7748983341978675,0.841518314734828,0.0242541429599622,0.1004475902259629,0.500578936546438,0.0589401886932623,0.1958725048835413,100000,30,14,0.1,5.0,0.1,0,13,0.001,1e-06,0.001,1e-07,1.0,1e-08,adamax,0,0.0,disordered,1,0.3465218520784439,0 days 16:21:07.613160,0.0002827287638443,2.261607859279083,1.3247214270203154
279,279,279,279,0.4757236139187883,0.4757236139187883,0.4757236139187883,0.4757236139187883,0.4757236139187883,0.4757236139187883,0.4757236139187883,0.4757236139187883,0.4757236139187883,0.4757236139187883,0.4757236139187883,0.4757236139187883,0.4757236139187883,0.4757236139187883,0.0738957047508448,0.1399840337203125,0.0690768500053594,0.8174457020034632,0.0686545457647687,0.2057171683850564,0.5694125033425629,0.5011318837401005,1.0002656943303436,0.3801064076595954,0.2246841721703874,0.8404042261675877,0.1713903729314924,0.3151249860286629,-0.0002048077470902,-0.0002238751249344,848.0,0.0,0.8725808704046144,0.9985612409743008,0.8424408533718666,0.1644843202275913,0.8038890366662108,0.5819691893112379,0.9948420345429304,0.2824518866017588,0.901054160049732,0.0161443619646516,0.2219817421092476,0.904326725659339,0.5098987108635635,0.2084307679450512,100000,30,14,0.1,5.0,0.1,0,13,0.001,1e-06,0.001,1e-07,1.0,1e-08,adamax,0,0.0,disordered,1,0.4834073560739553,0 days 16:21:07.613160,0.0002048276600893,1.5986204795896681,1.2673842255667795
280,280,280,280,0.4459627626819087,0.4459627626819087,0.4459627626819087,0.4459627626819087,0.4459627626819087,0.4459627626819087,0.4459627626819087,0.4459627626819087,0.4459627626819087,0.4459627626819087,0.4459627626819087,0.4459627626819087,0.4459627626819087,0.4459627626819087,0.1632416063526102,0.237207139617115,0.1104850469158852,0.3425961346231536,0.1536614973773976,0.8822623236814231,0.3378897457410069,0.1910630541130838,0.4535142414777913,0.1035272694741683,0.3005611794494071,1.000190701420537,0.0607304359570383,0.9125077904967376,-0.0002293051654764,-0.0002544184181265,927.0,0.0,0.6999304023746258,0.3183931156556606,0.589163095201402,0.4156423357712343,0.0804423228665887,0.0639452407496375,0.9134199436822962,0.8685949990490613,0.4580567283612882,0.2402191191679729,0.1331714742981344,0.9575853826117988,0.5403821544940877,0.0077069788216748,100000,30,14,0.1,5.0,0.1,0,13,0.001,1e-06,0.001,1e-07,1.0,1e-08,adamax,0,0.0,disordered,1,0.4491864904105873,0 days 16:21:07.613160,0.0002293107606094,1.2949915193546964,1.1911912329179102
281,281,281,281,0.3026648059395688,0.3026648059395688,0.3026648059395688,0.3026648059395688,0.3026648059395688,0.3026648059395688,0.3026648059395688,0.3026648059395688,0.3026648059395688,0.3026648059395688,0.3026648059395688,0.3026648059395688,0.3026648059395688,0.3026648059395688,0.1041089674807459,0.1281698186595474,0.4974797780230224,1.0005505159872277,0.4046389465053399,0.4121384221051521,0.27030498623678,0.0745199307697307,0.1321979997888828,0.3296737324047452,0.084016961510533,0.0926973358433685,0.1216122046350732,0.6671661576649281,-0.0003157085939498,-0.0003784866565399,766.0,0.0,0.6256191561345337,0.7575658146244825,0.3039540231419534,0.9799665572099168,0.058976470767368,0.1117238983214603,0.603831803552466,0.4624899048622172,0.3695936464390237,0.6963669060780433,0.928911149355404,0.8603804184889041,0.7266129329024038,0.2893298787520199,100000,30,14,0.1,5.0,0.1,0,13,0.001,1e-06,0.001,1e-07,1.0,1e-08,adamax,0,0.0,disordered,1,0.3043589711978391,0 days 16:21:07.613160,0.0003157121878195,1.3269293620848355,1.327722004455093
282,282,282,282,0.4459627626819087,0.4459627626819087,0.4459627626819087,0.4459627626819087,0.4459627626819087,0.4459627626819087,0.4459627626819087,0.4459627626819087,0.4459627626819087,0.4459627626819087,0.4459627626819087,0.4459627626819087,0.4459627626819087,0.4459627626819087,0.0005017231282395,0.6657106192222345,0.4539442522971924,0.006583381207152,0.1531658807890672,0.7659621807130051,0.6479549436092117,0.5263920346317131,4.053749583832158e-06,0.2371543482310372,2.8518541252539607e-05,7.422013052122083e-06,0.93890908003924,0.0001000881704854,-0.0002167249037911,-0.0002465635725828,7478.0,1.0,0.3035754278572405,0.1781486816960641,0.8756895613363475,0.6768213378604695,0.5757831895041652,0.0701672526727372,0.8484925448291497,0.1448534997231394,0.5095451291667785,0.9355100792268508,0.3574547742171649,0.4576486448906808,0.9447030141551648,0.2973425907157143,100000,30,14,0.1,5.0,0.1,0,13,0.001,1e-06,0.001,1e-07,1.0,1e-08,adamax,0,0.0,disordered,1,0.453135165692172,0 days 16:21:07.613160,0.0002167453116519,1.9542966374248967,1.2732694136457121
283,283,283,283,0.3557150206821381,0.3557150206821381,0.3557150206821381,0.3557150206821381,0.3557150206821381,0.3557150206821381,0.3557150206821381,0.3557150206821381,0.3557150206821381,0.3557150206821381,0.3557150206821381,0.3557150206821381,0.3557150206821381,0.3557150206821381,0.0558150984226594,6.592525384868546e-05,5.194414731235184e-05,0.8240492675384724,0.0001943447850052,0.9285398202686248,2.884794142684273e-05,0.3939248862301651,3.286613159517437e-06,0.8481312289120329,1.8898599745729422e-05,0.1208403275503602,0.4207659662552142,3.521816126158872e-05,-0.0002693993228624,-0.0003104336132409,9643.0,1.0,0.4522681555553598,0.381264433246623,0.407176822363004,0.4311905702831072,0.9909251799832076,0.8054271184567908,0.0408023291092698,0.6091725876977999,0.0117547122692966,0.0783087638927918,0.5831792867219203,0.6205908503134709,0.1705372380655809,0.4032293846380065,100000,30,14,0.1,5.0,0.1,0,13,0.001,1e-06,0.001,1e-07,1.0,1e-08,adamax,0,0.0,disordered,1,0.3508596680660457,0 days 16:21:07.613160,0.0002694168589644,1.5891293220877156,1.3161781417896523
284,284,284,284,0.2659804395593755,0.2659804395593755,0.2659804395593755,0.2659804395593755,0.2659804395593755,0.2659804395593755,0.2659804395593755,0.2659804395593755,0.2659804395593755,0.2659804395593755,0.2659804395593755,0.2659804395593755,0.2659804395593755,0.2659804395593755,0.0988499211683087,0.3449994289659774,2.348781037371336e-06,0.4021431881531881,0.1882962283674304,0.0777541937670698,0.547287527397651,0.0421825811867653,0.2630798079056162,0.4210550450711852,6.984349214031956e-07,0.4705295630331454,0.188335913119156,3.750289602735617e-07,-0.0003352288975834,-0.0003631992146758,100000.0,0.0,0.360509845853903,0.7038513879430254,0.4198563038021821,0.3845682407265546,0.8254942886658027,0.6685329114974272,0.1107462968168769,0.5398995705201489,0.2246724106827123,0.2698871709329439,0.6128847196823363,0.8651806171917678,0.3588239467283936,0.5217412887033186,100000,30,14,0.1,5.0,0.1,0,13,0.001,1e-06,0.001,1e-07,1.0,1e-08,adamax,0,0.0,disordered,1,0.2671477181596716,0 days 16:21:07.613160,0.0003352307080447,1.8048778078076833,1.4527070132854913
285,285,285,285,0.100927151463057,0.100927151463057,0.100927151463057,0.100927151463057,0.100927151463057,0.100927151463057,0.100927151463057,0.100927151463057,0.100927151463057,0.100927151463057,0.100927151463057,0.100927151463057,0.100927151463057,0.100927151463057,0.1054532566803817,0.9839492086878469,0.1145017580777798,0.133948763916481,0.2413577042903403,6.24358823408421e-06,0.0769408692406785,8.435966837622549e-06,6.959039525885701e-06,0.2384676860551764,5.484050703169596e-06,0.0656480808282201,6.871870796322387e-06,0.2390269667088816,-0.0006306501953009,-0.000803400299737,7882.0,1.0,0.0780990026556265,0.7741300326825525,0.1734021894217381,0.3985102239098461,0.2744210850174291,0.5193636535366862,0.2995704625754152,0.4683101527284676,0.4409953107360257,0.6131035871577232,0.6889362944750851,0.5315913557048402,0.7426015513347075,0.89760034510713,100000,30,14,0.1,5.0,0.1,0,13,0.001,1e-06,0.001,1e-07,1.0,1e-08,adamax,0,0.0,disordered,1,0.1023595315150423,0 days 16:21:07.613160,0.0006306752065423,2.2256737552020893,1.9112835273021285
286,286,286,286,0.3919100249433399,0.3919100249433399,0.3919100249433399,0.3919100249433399,0.3919100249433399,0.3919100249433399,0.3919100249433399,0.3919100249433399,0.3919100249433399,0.3919100249433399,0.3919100249433399,0.3919100249433399,0.3919100249433399,0.3919100249433399,0.143924791421822,1.0004223125193406,0.1685157297776356,0.2450247986712108,0.1318524135263866,0.4810665094206464,0.6701969790742975,0.1636085494944097,0.2981828001485661,0.1321733478301453,0.131578552812167,0.1169169538590517,0.7881449657964026,0.5902364944740223,-0.000247315120911,-0.000290476348882,535.0,0.0,0.4578206884284567,0.0327799627638567,0.7668989494699516,0.4590148296163564,0.7825713013777795,0.8535599729288764,0.0768661860969489,0.3981452439674036,0.7405724890116195,0.451693757665647,0.4513610953619369,0.4785476144524054,0.9884437030222668,0.2399492332747925,100000,30,14,0.1,5.0,0.1,0,13,0.001,1e-06,0.001,1e-07,1.0,1e-08,adamax,0,0.0,disordered,1,0.395709127807609,0 days 16:21:07.613160,0.000247323882879,1.4831522650800884,1.2827587026239988
287,287,287,287,0.2747120789270809,0.2747120789270809,0.2747120789270809,0.2747120789270809,0.2747120789270809,0.2747120789270809,0.2747120789270809,0.2747120789270809,0.2747120789270809,0.2747120789270809,0.2747120789270809,0.2747120789270809,0.2747120789270809,0.2747120789270809,1.0000786704450542,0.131288163523196,0.3630169754957499,0.8298377903307164,0.2735169074861035,0.0913288377247468,0.5269843107468004,0.2720420232102665,0.16273557761652,0.1362471518434328,0.1006840622209145,0.1389532620943569,0.2733653019511711,0.1329008472465142,-0.0003338807766879,-0.0003782474683484,642.0,0.0,0.1631818548705969,0.7673370133500969,0.8394313855581875,0.0456307130379749,0.6133129324395125,0.8572995983522452,0.7181674555528159,0.1473417427558361,0.1679588803086876,0.4458328913533708,0.3733582963325904,0.1682323792248768,0.5188531758251657,0.1897948285479452,100000,30,14,0.1,5.0,0.1,0,13,0.001,1e-06,0.001,1e-07,1.0,1e-08,adamax,0,0.0,disordered,1,0.2745641005632228,0 days 16:21:07.613160,0.000333880760477,1.5105479479836934,1.4164199379616236
288,288,288,288,0.31260072430687,0.31260072430687,0.31260072430687,0.31260072430687,0.31260072430687,0.31260072430687,0.31260072430687,0.31260072430687,0.31260072430687,0.31260072430687,0.31260072430687,0.31260072430687,0.31260072430687,0.31260072430687,0.6827570228450489,0.1562986158488799,1.0004408157401068,0.2585647456927126,0.3428125965508843,0.0954628868600607,0.6559951554942604,0.0984627738833087,0.2535507350363185,0.2582734812095188,0.1202138638574068,0.4287429691252221,0.2731913114982727,0.0808377306111303,-0.0003027380287712,-0.0003297470120821,864.0,0.0,0.0767443040575475,0.490228514256099,0.9394881155284912,0.1529961204234934,0.1987775029263786,0.5108366387648576,0.9481088718036756,0.4515361091385279,0.2108011008155037,0.5748792763458139,0.3227719804758109,0.114826221392745,0.6288290534653564,0.4344524935734064,100000,30,14,0.1,5.0,0.1,0,13,0.001,1e-06,0.001,1e-07,1.0,1e-08,adamax,0,0.0,disordered,1,0.3124775515820193,0 days 16:21:07.613160,0.0003027380187844,1.5330786172909672,1.3694518923254118
289,289,289,289,0.2414157116103016,0.2414157116103016,0.2414157116103016,0.2414157116103016,0.2414157116103016,0.2414157116103016,0.2414157116103016,0.2414157116103016,0.2414157116103016,0.2414157116103016,0.2414157116103016,0.2414157116103016,0.2414157116103016,0.2414157116103016,0.9735702938912923,0.157806250288767,0.2646871034643197,8.923590699451684e-07,0.0566649566098195,2.4793060106405828e-06,0.4307615254841129,5.027255434268091e-07,7.59671233199909e-07,0.1523514774293367,0.0382085901951801,0.6220746441337144,0.2270765392465176,0.5198205979727203,-0.0003585421978111,-0.0004172553037932,100000.0,0.0,0.955836690367052,0.3841124741955217,0.1527400103484669,0.3235214770355218,0.478705397109699,0.2896744681672416,0.4236043653007638,0.7058796814751347,0.7649841990679365,0.5913785395004015,0.4819788990360973,0.1144645956674915,0.6681019572037156,0.2315605713434018,100000,30,14,0.1,5.0,0.1,0,13,0.001,1e-06,0.001,1e-07,1.0,1e-08,adamax,0,0.0,disordered,1,0.2396642477184598,0 days 16:21:07.613160,0.0003585475854994,1.909958788672248,1.4169170806139388
290,290,290,290,0.1638433645577982,0.1638433645577982,0.1638433645577982,0.1638433645577982,0.1638433645577982,0.1638433645577982,0.1638433645577982,0.1638433645577982,0.1638433645577982,0.1638433645577982,0.1638433645577982,0.1638433645577982,0.1638433645577982,0.1638433645577982,0.3876709400884479,3.936266020552938e-05,0.5357872838830372,0.3191109185018432,0.1385733854055796,1.1007343781827045e-05,0.4132065939398655,1.2023184824092974e-05,0.1597872131614308,0.0737358404445698,0.2218206144474613,0.0929359832092735,1.9342401021049364e-05,1.3120223657368804e-05,-0.0005253909098577,-0.0006603572898654,7857.0,1.0,0.7390020615307508,0.9544489617011576,0.8544794496351783,0.2752854311959272,0.4633228012303384,0.4448150007803281,0.7695702694079896,0.4177353826609133,0.3523804298155346,0.5876489041153224,0.5700373507724078,0.8437694751711267,0.9270465241719712,0.8580380618820481,100000,30,14,0.1,5.0,0.1,0,13,0.001,1e-06,0.001,1e-07,1.0,1e-08,adamax,0,0.0,disordered,1,0.1625862160275117,0 days 16:21:07.613160,0.0005254010192441,1.8855741758712627,1.6949817292484346
291,291,291,291,0.2575263326771198,0.2575263326771198,0.2575263326771198,0.2575263326771198,0.2575263326771198,0.2575263326771198,0.2575263326771198,0.2575263326771198,0.2575263326771198,0.2575263326771198,0.2575263326771198,0.2575263326771198,0.2575263326771198,0.2575263326771198,0.8675032818526768,0.0737622892411848,0.2806108570075716,2.301958750855097e-05,3.2878480748134646e-05,3.281596900022233e-05,0.3005772069205892,0.4118960658126107,0.6756620804819874,2.6889200743258147e-05,0.2030920157284596,5.083754288523132e-05,0.3962440258114174,0.1757751374874299,-0.0003326844404117,-0.0003946619842384,6977.0,1.0,0.9901759181550464,0.5752218574086545,0.4132837074807526,0.7075600902013015,0.8685163119647893,0.7130143259681695,0.5777545556052495,0.1626708743365238,0.7240797155870501,0.9090844381539972,0.4600232907566758,0.8684837932574364,0.5933301678821135,0.2654987928559305,100000,30,14,0.1,5.0,0.1,0,13,0.001,1e-06,0.001,1e-07,1.0,1e-08,adamax,0,0.0,disordered,1,0.2553045950594879,0 days 16:21:07.613160,0.0003326911015254,1.915680456100412,1.4605014921226787
292,292,292,292,0.2659804395593755,0.2659804395593755,0.2659804395593755,0.2659804395593755,0.2659804395593755,0.2659804395593755,0.2659804395593755,0.2659804395593755,0.2659804395593755,0.2659804395593755,0.2659804395593755,0.2659804395593755,0.2659804395593755,0.2659804395593755,3.448835125813375e-07,5.224132799448253e-07,5.968110778519682e-07,0.4018991827134203,0.2795962133559684,0.3445106702877832,6.34235734383822e-07,0.0574642412559533,0.2587067617033068,0.2032867361826063,0.4395099765208993,0.5341592105995397,8.210331331084384e-06,0.3241394917233342,-0.0003381172784728,-0.000371502203147,100000.0,0.0,0.980302087071833,0.7439096253516175,0.9795252067723554,0.6100530758570066,0.7432085107373737,0.2743893831586442,0.528768332327481,0.3843675888443327,0.685815770505385,0.9425531853188596,0.5579147457481594,0.0067021813154815,0.3157447487468376,0.5393754406066464,100000,30,14,0.1,5.0,0.1,0,13,0.001,1e-06,0.001,1e-07,1.0,1e-08,adamax,0,0.0,disordered,1,0.2680935133619391,0 days 16:21:07.613160,0.0003381243101331,1.6793297039231996,1.4364063160867622
293,293,293,293,0.4606028844202396,0.4606028844202396,0.4606028844202396,0.4606028844202396,0.4606028844202396,0.4606028844202396,0.4606028844202396,0.4606028844202396,0.4606028844202396,0.4606028844202396,0.4606028844202396,0.4606028844202396,0.4606028844202396,0.4606028844202396,0.2580045898164582,0.1575191274209668,0.3981561710337891,0.2029558258150853,0.2137597628524806,0.2058954177563581,0.2252585733149947,0.2118818084383389,0.7171121438442902,1.0003310981493527,0.4988506786045542,0.2900784285762376,0.2722620003311066,0.1813345377474241,-0.0002166380344694,-0.0002503884734799,488.0,0.0,0.7927550561613438,0.5851494185583955,0.2004989269701369,0.6086739255337252,0.8785329218706656,0.5196576168317664,0.8446810793024534,0.5367725491017408,0.0623806444892994,0.9740497216217924,0.0443351207676094,0.2788677951042795,0.6496983544362016,0.8143035604229114,100000,30,14,0.1,5.0,0.1,0,13,0.001,1e-06,0.001,1e-07,1.0,1e-08,adamax,0,0.0,disordered,1,0.4621883938144675,0 days 16:21:07.613160,0.0002166389061968,1.4320395368125196,1.2561075708080298
294,294,294,294,0.4459627626819087,0.4459627626819087,0.4459627626819087,0.4459627626819087,0.4459627626819087,0.4459627626819087,0.4459627626819087,0.4459627626819087,0.4459627626819087,0.4459627626819087,0.4459627626819087,0.4459627626819087,0.4459627626819087,0.4459627626819087,1.000578755722989,0.1853982098475119,0.3629244062163556,0.5361879145435511,0.3218999922814164,0.2620735466738459,0.329521301377745,0.184830922804172,0.8353046996079404,0.1831936275990032,0.766249255373162,0.2071802610026155,0.1824667514780249,0.9199045541164992,-0.0002207786987836,-0.0002386350724725,391.0,0.0,0.2143998146561042,0.8709662011441918,0.7041999841816713,0.0892101155075248,0.443404841571228,0.888556139924945,0.4476377740232786,0.8643357016188029,0.208028473648042,0.8729712189375171,0.6978724220509919,0.0260082553528578,0.1050460408884276,0.7372771680981177,100000,30,14,0.1,5.0,0.1,0,13,0.001,1e-06,0.001,1e-07,1.0,1e-08,adamax,0,0.0,disordered,1,0.4405816989994424,0 days 16:21:07.613160,0.0002207902275408,1.3778129654837425,1.273116517569875
295,295,295,295,0.4180637241455752,0.4180637241455752,0.4180637241455752,0.4180637241455752,0.4180637241455752,0.4180637241455752,0.4180637241455752,0.4180637241455752,0.4180637241455752,0.4180637241455752,0.4180637241455752,0.4180637241455752,0.4180637241455752,0.4180637241455752,0.7214959845696979,0.1690739304056006,0.8328940503438803,0.2093662033377306,0.1731624782131672,0.5608887837438432,0.6341196542090495,0.1745324111757266,0.6154728705994561,0.2425560242456437,0.3084129093949605,0.2084419025988899,0.2610005633490626,1.0002138165594097,-0.0002353196659563,-0.0002609354859494,435.0,0.0,0.8387652840941259,0.370744818252592,0.2664376532277743,0.9740513397038838,0.8470511746955247,0.9963015274446064,0.1755721556118751,0.508987638561795,0.097202802981983,0.6792269818519482,0.4061118564358863,0.0850005313577458,0.1526317251226819,0.910299374681492,100000,30,14,0.1,5.0,0.1,0,13,0.001,1e-06,0.001,1e-07,1.0,1e-08,adamax,0,0.0,disordered,1,0.4210138715787865,0 days 16:21:07.613160,0.0002353243540707,1.3183354695277496,1.2639268313118042
296,296,296,296,0.367392478180207,0.367392478180207,0.367392478180207,0.367392478180207,0.367392478180207,0.367392478180207,0.367392478180207,0.367392478180207,0.367392478180207,0.367392478180207,0.367392478180207,0.367392478180207,0.367392478180207,0.367392478180207,0.1098988688661141,0.0003459421282364,0.5262856426612961,8.997807859324054e-05,0.0303954192310173,9.621636937899216e-05,0.3155023103506831,0.4549859857364218,8.879727973732038e-05,0.0002548867948711,0.5725807485925001,0.9066071782546044,0.0432768488221262,0.925403615881366,-0.0002485060433159,-0.0002881119962759,6760.0,1.0,0.8768903554469762,0.9551525228261156,0.8965535951168451,0.5351546363255458,0.515455733158423,0.5871028732238763,0.7668237644363374,0.1977185743600077,0.4451151522347814,0.3975934206429982,0.7896529458900853,0.045998356855588,0.6402027140035832,0.0887070636110953,100000,30,14,0.1,5.0,0.1,0,13,0.001,1e-06,0.001,1e-07,1.0,1e-08,adamax,0,0.0,disordered,1,0.3678193249019037,0 days 16:21:07.613160,0.0002485062056035,2.113663811934066,1.3070391703467044
297,297,297,297,0.4757236139187883,0.4757236139187883,0.4757236139187883,0.4757236139187883,0.4757236139187883,0.4757236139187883,0.4757236139187883,0.4757236139187883,0.4757236139187883,0.4757236139187883,0.4757236139187883,0.4757236139187883,0.4757236139187883,0.4757236139187883,0.2361479967707208,0.4276346655057856,1.0015208692092388,0.3144984116877366,0.2196883309506648,0.2185440750930763,0.2941839723803348,0.2936165516098531,0.6997389982191341,0.2072618996755938,0.221162347143834,0.7712458442647979,0.7060270698282822,0.2228525558919914,-0.0002097897081696,-0.0002352477732519,370.0,0.0,0.5421498286417926,0.2224473832800946,0.9775771675428512,0.1337770573080597,0.3215407232104753,0.2104542570814508,0.2592652477594613,0.6798966146732351,0.0686101487521969,0.6204432240171837,0.5210326863650419,0.0479173199134617,0.9477142052086226,0.4848109501995765,100000,30,14,0.1,5.0,0.1,0,13,0.001,1e-06,0.001,1e-07,1.0,1e-08,adamax,0,0.0,disordered,1,0.472532569408909,0 days 16:21:07.613160,0.0002097934985769,1.35985420639955,1.268110244293109
298,298,298,298,0.367392478180207,0.367392478180207,0.367392478180207,0.367392478180207,0.367392478180207,0.367392478180207,0.367392478180207,0.367392478180207,0.367392478180207,0.367392478180207,0.367392478180207,0.367392478180207,0.367392478180207,0.367392478180207,0.7778126099091759,0.1544429696974894,0.0909994210427794,1.0000165025639194,0.032734588151841,0.0576903299673028,0.1400818853547853,0.158682565158449,0.82507652067866,0.3539134857745036,0.3976979941961345,0.0419808361333261,0.3487564391260999,0.021793790387427,-0.0002641360959173,-0.0003025389356955,1339.0,0.0,0.0552227853994373,0.5430994458188134,0.3849288534581921,0.1053313431245639,0.7779611767655182,0.8869022045397801,0.7002695496615222,0.4575697830924936,0.8279043825811457,0.0228108001645128,0.2168319095813321,0.5835180776469203,0.1919119630154349,0.6599521583299469,100000,30,14,0.1,5.0,0.1,0,13,0.001,1e-06,0.001,1e-07,1.0,1e-08,adamax,0,0.0,disordered,1,0.3621029019752145,0 days 16:21:07.613160,0.0002641560082349,1.5116793568277658,1.3052382266497333
299,299,299,299,0.3794532847236935,0.3794532847236935,0.3794532847236935,0.3794532847236935,0.3794532847236935,0.3794532847236935,0.3794532847236935,0.3794532847236935,0.3794532847236935,0.3794532847236935,0.3794532847236935,0.3794532847236935,0.3794532847236935,0.3794532847236935,0.5792212202993036,0.1088160849462849,0.4617995375483398,1.0002693547059889,0.3553510026255094,0.7414574993636361,0.1049589762045997,0.1188380921091527,0.1429498493121104,0.2774440068541852,0.9549699021649224,0.2330253163099304,0.1436485086352112,0.0980299479228686,-0.0002448495690396,-0.0002916668199986,664.0,0.0,0.4842590997345396,0.818860080709731,0.9829739193633368,0.0562300084333338,0.7374439039462058,0.0605299613106001,0.5366332415027617,0.3574310256945521,0.477786134856731,0.7429309261481368,0.0060714017867887,0.6322373208429781,0.8776752987789853,0.8889077610091979,100000,30,14,0.1,5.0,0.1,0,13,0.001,1e-06,0.001,1e-07,1.0,1e-08,adamax,0,0.0,disordered,1,0.3753984057162301,0 days 16:21:07.613160,0.0002448582529787,1.4641236192934426,1.3497978967405249
300,300,300,300,0.4459627626819087,0.4459627626819087,0.4459627626819087,0.4459627626819087,0.4459627626819087,0.4459627626819087,0.4459627626819087,0.4459627626819087,0.4459627626819087,0.4459627626819087,0.4459627626819087,0.4459627626819087,0.4459627626819087,0.4459627626819087,0.1598924932777313,0.5349353420427957,0.1979272302952339,0.2990748702619662,1.0003426582850965,0.7632301763322052,0.9232017090637225,0.1460968996150285,0.2273515472862244,0.1717033786661989,0.6304654637641355,0.4648020571294367,0.1828519211336584,0.1893933753283153,-0.0002166122542607,-0.0002472390651651,496.0,0.0,0.5089284620972206,0.6478809576340099,0.1556323125427124,0.2068350038228429,0.9780836291940408,0.0356991540319092,0.9092382284920736,0.2672374227202893,0.5307924500262473,0.2355793896833975,0.0901000589145878,0.8642026280397647,0.6317141650569772,0.876657615352935,100000,30,14,0.1,5.0,0.1,0,13,0.001,1e-06,0.001,1e-07,1.0,1e-08,adamax,0,0.0,disordered,1,0.4458663097115891,0 days 16:21:07.613160,0.0002166122407659,1.3220683384073146,1.2911663299835956
301,301,301,301,0.4047756965997316,0.4047756965997316,0.4047756965997316,0.4047756965997316,0.4047756965997316,0.4047756965997316,0.4047756965997316,0.4047756965997316,0.4047756965997316,0.4047756965997316,0.4047756965997316,0.4047756965997316,0.4047756965997316,0.4047756965997316,0.1596922444758834,0.7980758720615205,0.1520521226033694,0.1603864887385882,0.3216745254853355,1.00016410421576,0.3155052693842902,0.1565550499492178,0.1566197209166722,0.1876089401125412,0.2748433998124058,0.2238956505843934,0.4904882272701996,0.7800603771779713,-0.0002492975813475,-0.0002981481419435,432.0,0.0,0.6312930919644297,0.7195131777345785,0.1178494397021134,0.0080913134267293,0.0872828867116046,0.8508026412379843,0.033078484054218,0.097327803329519,0.1038749459723467,0.0650983777042751,0.3313407450886593,0.5978040048406219,0.916582533279836,0.17015582681389,100000,30,14,0.1,5.0,0.1,0,13,0.001,1e-06,0.001,1e-07,1.0,1e-08,adamax,0,0.0,disordered,1,0.3985223282576398,0 days 16:21:07.613160,0.0002493217176135,1.2732160030182165,1.2278552622666088
302,302,302,302,0.3794532847236935,0.3794532847236935,0.3794532847236935,0.3794532847236935,0.3794532847236935,0.3794532847236935,0.3794532847236935,0.3794532847236935,0.3794532847236935,0.3794532847236935,0.3794532847236935,0.3794532847236935,0.3794532847236935,0.3794532847236935,1.0004573412327744,0.6358806577651123,0.9263696032950394,0.1331698390845694,0.2288686669493601,0.4653745796067678,0.8257569675218663,0.1700262980162761,0.5244455190409771,0.4687464678123054,0.2866311858786982,0.2378156393082445,0.1714331241557067,0.1225963566425548,-0.0002506977149758,-0.0002741115794595,600.0,0.0,0.0494699350626028,0.9646569145800296,0.1397394755912353,0.7383568155103292,0.9288728859304648,0.410150121628493,0.985694627080419,0.3127921117733295,0.1647179687027753,0.8604756114186567,0.6569436959729558,0.3024521432812769,0.0392289274013856,0.297639526640463,100000,30,14,0.1,5.0,0.1,0,13,0.001,1e-06,0.001,1e-07,1.0,1e-08,adamax,0,0.0,disordered,1,0.3845228167964525,0 days 16:21:07.613160,0.0002507134319224,1.3020791799930578,1.3150382330241777
303,303,303,303,0.1925613572129196,0.1925613572129196,0.1925613572129196,0.1925613572129196,0.1925613572129196,0.1925613572129196,0.1925613572129196,0.1925613572129196,0.1925613572129196,0.1925613572129196,0.1925613572129196,0.1925613572129196,0.1925613572129196,0.1925613572129196,8.040035896443434e-05,0.150736899386004,0.152883932628508,0.000167488618518,0.0382264916437381,0.797506304929183,0.0003243683556601,0.0471209674645579,0.4741203768022939,5.673214495175259e-06,0.1173180521202522,5.822711014446979e-06,0.1843283383703781,0.132261248743243,-0.0004061881112866,-0.0005221837058331,7758.0,1.0,0.6244075956757914,0.5703928005178455,0.2740402596437613,0.4171649006978538,0.3383073762088127,0.0760985783527971,0.6413694409016957,0.5403388269281143,0.868269939434009,0.805147555387551,0.4031840261888079,0.7671894166866913,0.6234453362787614,0.9160253701982888,100000,30,14,0.1,5.0,0.1,0,13,0.001,1e-06,0.001,1e-07,1.0,1e-08,adamax,0,0.0,disordered,1,0.1950773338702094,0 days 16:21:07.613160,0.0004062040860482,2.1640160941389004,1.6656981548751086
304,304,304,304,0.3557150206821381,0.3557150206821381,0.3557150206821381,0.3557150206821381,0.3557150206821381,0.3557150206821381,0.3557150206821381,0.3557150206821381,0.3557150206821381,0.3557150206821381,0.3557150206821381,0.3557150206821381,0.3557150206821381,0.3557150206821381,0.1458822058004122,0.1527692858498805,0.1271141491305712,0.4265524551281389,0.1202187181422186,0.235070070824981,0.1591027627891711,0.1436428684691954,1.0011402732240142,0.3796987859460757,0.1318483538068558,0.5563246917862059,0.1516987520541913,0.127508703559897,-0.000261584255768,-0.0003145182876485,474.0,0.0,0.2260529647564922,0.3015135560709335,0.4814674968405427,0.1361810193696396,0.5786358154326687,0.3945728051585766,0.7390275440182333,0.8049961602735147,0.097440937207325,0.9958274747499029,0.783059412368617,0.7552922076196017,0.2436965995655647,0.255313277822048,100000,30,14,0.1,5.0,0.1,0,13,0.001,1e-06,0.001,1e-07,1.0,1e-08,adamax,0,0.0,disordered,1,0.3591316769638009,0 days 16:21:07.613160,0.0002615925366279,1.5847124231159113,1.3524469943266764
305,305,305,305,0.3919100249433399,0.3919100249433399,0.3919100249433399,0.3919100249433399,0.3919100249433399,0.3919100249433399,0.3919100249433399,0.3919100249433399,0.3919100249433399,0.3919100249433399,0.3919100249433399,0.3919100249433399,0.3919100249433399,0.3919100249433399,1.0001573303721092,0.2836538571600473,0.2728667822176542,0.3504362794862375,0.2240809000656094,0.1762512204907636,0.1697653970985989,0.3037731951176077,0.1506192753255261,0.6560636547240891,0.1484956738168176,0.2919142339251772,0.547638223680917,0.6947717367137775,-0.0002348650622316,-0.0002589971574009,421.0,0.0,0.8780696461448481,0.0474392181398537,0.1213003874962951,0.6042273808478984,0.2366047924505466,0.519481781434452,0.5303635051339174,0.4009237345058491,0.7996211312769392,0.2024393779900505,0.7549940596570428,0.4142712055183708,0.9037871628105756,0.1545010690876436,100000,30,14,0.1,5.0,0.1,0,13,0.001,1e-06,0.001,1e-07,1.0,1e-08,adamax,0,0.0,disordered,1,0.3902661555702061,0 days 16:21:07.613160,0.0002348662244606,1.4897916163163514,1.3156845120525018
306,306,306,306,0.3557150206821381,0.3557150206821381,0.3557150206821381,0.3557150206821381,0.3557150206821381,0.3557150206821381,0.3557150206821381,0.3557150206821381,0.3557150206821381,0.3557150206821381,0.3557150206821381,0.3557150206821381,0.3557150206821381,0.3557150206821381,0.38781278498487,0.000119972952811,0.0001814195005799,0.0001758660657692,0.5539511333097105,0.0001754834003812,0.0001023337082419,0.0001175292425367,0.4458635429355168,0.0003857443276771,0.4180155975588021,0.8544918794886287,9.465331172278256e-05,0.7417368270837195,-0.0002875626913014,-0.0003536935392796,6871.0,1.0,0.2283075734778952,0.3284351138941715,0.2082114225106698,0.3052946724139943,0.3839912012958899,0.7772702834581381,0.6941896989008876,0.78313027329173,0.5499592443768622,0.2908792486391455,0.14391926437249,0.95166470313576,0.6264611249987306,0.2094205563865516,100000,30,14,0.1,5.0,0.1,0,13,0.001,1e-06,0.001,1e-07,1.0,1e-08,adamax,0,0.0,disordered,1,0.3509177319244821,0 days 16:21:07.613160,0.000287585577214,1.49681508033973,1.236183687477744
307,307,307,307,0.293044697697214,0.293044697697214,0.293044697697214,0.293044697697214,0.293044697697214,0.293044697697214,0.293044697697214,0.293044697697214,0.293044697697214,0.293044697697214,0.293044697697214,0.293044697697214,0.293044697697214,0.293044697697214,0.474742344386068,6.866547984296896e-06,0.287526808594629,0.266706474842562,0.4030491465672499,7.94468734562008e-06,0.6986814519459776,0.2323327947629504,6.73776910402848e-07,0.0424956838752016,6.980446009087251e-07,0.7534018993288043,9.0659970045559e-07,0.5799228957723621,-0.000326167424141,-0.0003744979223031,100000.0,0.0,0.307021602556112,0.5711078240273729,0.4642153340076552,0.0443982716617367,0.3087127172689884,0.570101021446974,0.8113968835651177,0.1923760426349848,0.2362920343534394,0.4211772546111664,0.2909983679153783,0.8314709667747209,0.5534828446122183,0.2175816337899362,100000,30,14,0.1,5.0,0.1,0,13,0.001,1e-06,0.001,1e-07,1.0,1e-08,adamax,0,0.0,disordered,1,0.2949101697282359,0 days 16:21:07.613160,0.0003261721479734,1.701279219144486,1.3751188772199834
308,308,308,308,0.293044697697214,0.293044697697214,0.293044697697214,0.293044697697214,0.293044697697214,0.293044697697214,0.293044697697214,0.293044697697214,0.293044697697214,0.293044697697214,0.293044697697214,0.293044697697214,0.293044697697214,0.293044697697214,0.1086337208356936,1.918512312517077e-05,0.0803533670893052,1.7510736392703658e-05,0.834688704083728,0.0003653417901367,0.0184179070657402,0.0327872813232549,0.6729409651697582,0.0001261147193408,7.714817294530646e-05,0.3120189772426982,0.5865162877353909,8.115653820866554e-05,-0.0003382741092686,-0.0004080209974285,7403.0,1.0,0.4906757667783886,0.5199002449135323,0.2671437476940458,0.5979486596090239,0.7718729024134061,0.2164945105461688,0.2999434994304586,0.1533508288995307,0.3195367682869472,0.7820850369686129,0.7448619599270543,0.9248967866411554,0.3887877573003923,0.0985704167715635,100000,30,14,0.1,5.0,0.1,0,13,0.001,1e-06,0.001,1e-07,1.0,1e-08,adamax,0,0.0,disordered,1,0.2903354621355071,0 days 16:21:07.613160,0.0003382855459688,1.748324815502929,1.327081486808437
309,309,309,309,0.4180637241455752,0.4180637241455752,0.4180637241455752,0.4180637241455752,0.4180637241455752,0.4180637241455752,0.4180637241455752,0.4180637241455752,0.4180637241455752,0.4180637241455752,0.4180637241455752,0.4180637241455752,0.4180637241455752,0.4180637241455752,0.3244591846859148,0.2040034712404237,0.466637641639319,0.452184160694897,0.1939786960755027,0.1577140622780505,0.1509842153274623,0.1529163179932628,0.6916048980977522,0.708388503137522,1.0007978711967822,0.2563515695574535,0.1511008274479484,0.1528305321189637,-0.000221892797464,-0.0002680507217494,468.0,0.0,0.1675447666825603,0.5137492964779893,0.1105763306479585,0.7014873931592067,0.3016018973615433,0.476151153352352,0.4126774873130205,0.3734420164616533,0.8389299467094694,0.0392879488090178,0.8777632374124122,0.0916045713660271,0.1239922965806723,0.1954247213941399,100000,30,14,0.1,5.0,0.1,0,13,0.001,1e-06,0.001,1e-07,1.0,1e-08,adamax,0,0.0,disordered,1,0.4154208410079117,0 days 16:21:07.613160,0.0002218954336415,1.3548242374783221,1.3150762360319146
310,310,310,310,0.3557150206821381,0.3557150206821381,0.3557150206821381,0.3557150206821381,0.3557150206821381,0.3557150206821381,0.3557150206821381,0.3557150206821381,0.3557150206821381,0.3557150206821381,0.3557150206821381,0.3557150206821381,0.3557150206821381,0.3557150206821381,0.0923434216184254,0.5878224918803002,0.7218239247639862,0.0854562360867612,0.0939636013668104,0.5782112351324932,0.1833808820887809,0.2608767575464776,0.1201445345627689,0.1802571734866707,0.306606229650901,1.000098906217591,0.1411363711378448,0.0930700970673471,-0.0002575527334711,-0.0003041405298056,658.0,0.0,0.8594286123559097,0.978416148156912,0.159424131963394,0.5461449445673813,0.5942946417975588,0.1952037384692118,0.7259240638847196,0.4597594672468109,0.2430679274794144,0.2437548398522748,0.6250640713374368,0.0349049408870774,0.8137461123794502,0.8022082741594044,100000,30,14,0.1,5.0,0.1,0,13,0.001,1e-06,0.001,1e-07,1.0,1e-08,adamax,0,0.0,disordered,1,0.3582162638513995,0 days 16:21:07.613160,0.0002575562841834,1.5176038296867578,1.352715231238237
311,311,311,311,0.31260072430687,0.31260072430687,0.31260072430687,0.31260072430687,0.31260072430687,0.31260072430687,0.31260072430687,0.31260072430687,0.31260072430687,0.31260072430687,0.31260072430687,0.31260072430687,0.31260072430687,0.31260072430687,0.0074857525218802,0.7897978629286603,0.4957198603060868,0.0876493396946487,0.2740338420419701,0.0001390637418773,0.0703920143622976,0.5377412683818106,0.7613846604130762,0.3144867769481049,0.2326554598021517,0.1208733711431185,0.0059228749845758,5.343564040050861e-05,-0.0002953413896325,-0.0003653479727713,6843.0,1.0,0.5462395564276872,0.0257210106744134,0.6964174326169836,0.3760781192234548,0.0682837960718534,0.3122274830266416,0.3944899567097174,0.1226617231760087,0.9475207628202458,0.4260414586930559,0.8100282680279501,0.5975459503621761,0.3816991229716037,0.5126424269200387,100000,30,14,0.1,5.0,0.1,0,13,0.001,1e-06,0.001,1e-07,1.0,1e-08,adamax,0,0.0,disordered,1,0.3160906593208865,0 days 16:21:07.613160,0.0002953541262004,1.6482738717342629,1.3907102783637073
312,312,312,312,0.333461801578636,0.333461801578636,0.333461801578636,0.333461801578636,0.333461801578636,0.333461801578636,0.333461801578636,0.333461801578636,0.333461801578636,0.333461801578636,0.333461801578636,0.333461801578636,0.333461801578636,0.333461801578636,0.2597109571968577,0.0001467519286797,0.5427260441203902,0.6732983681085699,0.0001665174230677,0.0341463637559046,5.61042550311075e-05,0.7107033507377499,0.0004828970206565,2.4246652563104303e-05,0.4333570838266148,0.7177655611065594,0.0001766722825319,0.4801065061439853,-0.0002993958031051,-0.0003579427573903,9174.0,1.0,0.5061116559125608,0.3788965036930004,0.1129140091127403,0.8362778527014838,0.5030238399635895,0.5046900374199776,0.4505084098441546,0.4197558374274474,0.9170020334044912,0.9233777662856352,0.7390637377484149,0.0471269589715681,0.3849455089948101,0.6870402996533349,100000,30,14,0.1,5.0,0.1,0,13,0.001,1e-06,0.001,1e-07,1.0,1e-08,adamax,0,0.0,disordered,1,0.3307548732162184,0 days 16:21:07.613160,0.000299404144012,1.5372430055358282,1.2994215998569498
313,313,313,313,0.4180637241455752,0.4180637241455752,0.4180637241455752,0.4180637241455752,0.4180637241455752,0.4180637241455752,0.4180637241455752,0.4180637241455752,0.4180637241455752,0.4180637241455752,0.4180637241455752,0.4180637241455752,0.4180637241455752,0.4180637241455752,0.1577624047175579,0.3847317474504982,0.3142990896960427,0.7453586296941225,0.1064542034667072,0.1235263547145472,0.4563678241951416,0.151594833950332,0.836636149489261,0.0835147213289522,0.1251581044899327,0.683610076107921,0.2248045489115385,1.000110388961344,-0.0002214971052387,-0.0002435052658461,792.0,0.0,0.5518457225659112,0.8117566407050689,0.2855773821059476,0.8604068336916711,0.3051816407908357,0.4628075398844777,0.2570260760226827,0.7358269282622871,0.1547908482468332,0.7971521240790802,0.6923985787912933,0.1914895523452701,0.7597127404693617,0.0754586964981677,100000,30,14,0.1,5.0,0.1,0,13,0.001,1e-06,0.001,1e-07,1.0,1e-08,adamax,0,0.0,disordered,1,0.4122335271699034,0 days 16:21:07.613160,0.0002215098999732,1.5637522401531783,1.3382100213040988
314,314,314,314,0.4047756965997316,0.4047756965997316,0.4047756965997316,0.4047756965997316,0.4047756965997316,0.4047756965997316,0.4047756965997316,0.4047756965997316,0.4047756965997316,0.4047756965997316,0.4047756965997316,0.4047756965997316,0.4047756965997316,0.4047756965997316,0.199756826263192,0.4896804993186857,0.4087031869261384,0.1737707443944406,0.1335468895985563,0.5227321500081348,0.1805049201005719,1.0010451988688087,0.4814090554656988,0.1424273288447987,0.2494885154811654,0.4595805548176866,0.1782494059187907,0.1974217061413841,-0.0002491924603095,-0.0002900069158,505.0,0.0,0.4304434890408789,0.8152005596340461,0.2580527139330374,0.6069905266831779,0.4929727807818711,0.0009201373255063,0.4231275840871377,0.9957385943742338,0.0525133950508098,0.1719454362042398,0.0178923526428681,0.5314871003383851,0.2664625904387796,0.0473929502426381,100000,30,14,0.1,5.0,0.1,0,13,0.001,1e-06,0.001,1e-07,1.0,1e-08,adamax,0,0.0,disordered,1,0.3997539765105663,0 days 16:21:07.613160,0.0002492082723471,1.4324570227071844,1.2934593389403553
315,315,315,315,0.3026648059395688,0.3026648059395688,0.3026648059395688,0.3026648059395688,0.3026648059395688,0.3026648059395688,0.3026648059395688,0.3026648059395688,0.3026648059395688,0.3026648059395688,0.3026648059395688,0.3026648059395688,0.3026648059395688,0.3026648059395688,0.0002645339832456,0.0020048191255294,0.8106444992136804,0.3806682253223371,0.988977745605266,8.907186205473413e-05,0.6855464619048289,0.1916771442371033,0.1676746489010211,0.4324415513513593,0.0001344963112342,0.2809916843810647,0.1329966627268549,7.590593117156978e-05,-0.0003113489909936,-0.0003671068203886,7262.0,1.0,0.093472536815233,0.0788711661857149,0.6714068463376937,0.1248368096035815,0.9583195585207182,0.5025370125541082,0.3058175143573156,0.904148900983437,0.7832833205337459,0.3469327420832451,0.5858535224651464,0.6297820485179636,0.936713847664752,0.9642983442878172,100000,30,14,0.1,5.0,0.1,0,13,0.001,1e-06,0.001,1e-07,1.0,1e-08,adamax,0,0.0,disordered,1,0.3069677537145738,0 days 16:21:07.613160,0.000311372522646,1.4998616524101935,1.4045875784879953
316,316,316,316,0.2493409369951876,0.2493409369951876,0.2493409369951876,0.2493409369951876,0.2493409369951876,0.2493409369951876,0.2493409369951876,0.2493409369951876,0.2493409369951876,0.2493409369951876,0.2493409369951876,0.2493409369951876,0.2493409369951876,0.2493409369951876,0.9229516644561816,0.0201406600679267,0.6296344815872664,0.0667533701114746,0.6170226431540634,5.2327266678364005e-05,0.5180683691924439,0.1178178942385559,0.3639225663885244,0.2467776828323415,0.0046448816513989,0.0005100746953564,0.2820445385022019,0.2655957979686206,-0.0003776596195832,-0.0004161405162262,7426.0,1.0,0.7316120807444645,0.1572315633470487,0.5953399687295066,0.0808829652200129,0.4308987661125483,0.7585813161878658,0.8206362599828048,0.3609194732955105,0.2832105456181398,0.7241974383617511,0.9098867768209822,0.8280489583539762,0.6870967866430981,0.3671073857219832,100000,30,14,0.1,5.0,0.1,0,13,0.001,1e-06,0.001,1e-07,1.0,1e-08,adamax,0,0.0,disordered,1,0.2477743335520307,0 days 16:21:07.613160,0.0003776652195598,1.4651133102773,1.4351041781049685
317,317,317,317,0.4913407286296357,0.4913407286296357,0.4913407286296357,0.4913407286296357,0.4913407286296357,0.4913407286296357,0.4913407286296357,0.4913407286296357,0.4913407286296357,0.4913407286296357,0.4913407286296357,0.4913407286296357,0.4913407286296357,0.4913407286296357,0.842027246564444,9.73598323071616e-06,0.3450946734084996,0.5786619080864682,0.7459142196492952,9.999936038075694e-08,0.2252698057281507,1.0110538281022542e-07,0.3520726031801832,0.0587515305275994,0.2363086986303647,8.879414138116518e-07,0.9729082613816192,0.8160355673012114,-0.0002032565760764,-0.0002564924443514,86581.0,0.0,0.3189711500325738,0.7500660878620994,0.6578020412221989,0.0156159215051742,0.5081052609970176,0.9779334025364208,0.2936435467782463,0.962758541716221,0.809461121567692,0.5516756075826977,0.1611862320005465,0.4890303313130391,0.9532946051713728,0.0003131124743497,100000,30,14,0.1,5.0,0.1,0,13,0.001,1e-06,0.001,1e-07,1.0,1e-08,adamax,0,0.0,disordered,1,0.4857964557678654,0 days 16:21:07.613160,0.0002032666035099,1.7257431717947562,1.2185941348823326
318,318,318,318,0.333461801578636,0.333461801578636,0.333461801578636,0.333461801578636,0.333461801578636,0.333461801578636,0.333461801578636,0.333461801578636,0.333461801578636,0.333461801578636,0.333461801578636,0.333461801578636,0.333461801578636,0.333461801578636,0.0734255071428716,0.0623417408795529,1.000075154943716,0.2342547711799693,0.606749191017167,0.3898548580997188,0.0587239965393558,0.5425956659456553,0.0600301111802133,0.122730821243374,0.0793199216300337,0.0628851050216677,0.7224809287388886,0.1247967950252488,-0.0002890328417194,-0.0003489938851354,756.0,0.0,0.3516050939038463,0.3473358016872154,0.8073771264207719,0.0480981719073851,0.2480297017679916,0.907765416744697,0.7624828956394151,0.2814496118970105,0.7796507173569887,0.9232530201995508,0.9732924538699488,0.980736322933279,0.5384848373059271,0.1096050740299864,100000,30,14,0.1,5.0,0.1,0,13,0.001,1e-06,0.001,1e-07,1.0,1e-08,adamax,0,0.0,disordered,1,0.3365510569072455,0 days 16:21:07.613160,0.0002890420356577,1.563825226162898,1.3064487639774038
319,319,319,319,0.4317879727332017,0.4317879727332017,0.4317879727332017,0.4317879727332017,0.4317879727332017,0.4317879727332017,0.4317879727332017,0.4317879727332017,0.4317879727332017,0.4317879727332017,0.4317879727332017,0.4317879727332017,0.4317879727332017,0.4317879727332017,0.1630075243974822,0.2277203579207174,0.2424847224364864,0.3319776402209179,0.8102732787143194,0.2266176433254286,0.1729127897501847,1.0001508343872398,0.2306372587436919,0.1865722550229713,0.1826211990025671,0.1766857075312341,0.6697929522552032,0.6476090642037322,-0.000226936956814,-0.0002588397825661,428.0,0.0,0.5221932955930426,0.1617853181353836,0.5412202312016957,0.0769660944416684,0.7037686941014033,0.061660572358882,0.2799096842192778,0.8572675068465676,0.1046645108594531,0.206937431389777,0.3659442504613354,0.3463933507961929,0.8130169006915822,0.0778774210044539,100000,30,14,0.1,5.0,0.1,0,13,0.001,1e-06,0.001,1e-07,1.0,1e-08,adamax,0,0.0,disordered,1,0.4321932492636298,0 days 16:21:07.613160,0.000226936995739,1.3968979591353805,1.2906827522642526
320,320,320,320,0.3919100249433399,0.3919100249433399,0.3919100249433399,0.3919100249433399,0.3919100249433399,0.3919100249433399,0.3919100249433399,0.3919100249433399,0.3919100249433399,0.3919100249433399,0.3919100249433399,0.3919100249433399,0.3919100249433399,0.3919100249433399,0.6265229453533678,0.1597553675886545,0.1630607013716507,0.2657432259408671,1.0010082334374446,0.4348011095645272,0.6267620386318785,0.1650202750314874,0.5520930677104963,0.2098134385393838,0.1627713328163633,0.1483723775096084,0.7006631166410183,0.1628231173105465,-0.0002337237481878,-0.0002661512012351,422.0,0.0,0.4229366681256271,0.8116326527383245,0.7886301761429226,0.9142708145234216,0.0262067197719819,0.992209734199171,0.4039546520102427,0.9048788601975292,0.9896897703942176,0.4365052446544553,0.5147464514790232,0.4683008204566989,0.9983160563263184,0.5001684696384019,100000,30,14,0.1,5.0,0.1,0,13,0.001,1e-06,0.001,1e-07,1.0,1e-08,adamax,0,0.0,disordered,1,0.397392996157404,0 days 16:21:07.613160,0.000233737233398,1.3646817447974282,1.3132616893615836
321,321,321,321,0.2837303616516209,0.2837303616516209,0.2837303616516209,0.2837303616516209,0.2837303616516209,0.2837303616516209,0.2837303616516209,0.2837303616516209,0.2837303616516209,0.2837303616516209,0.2837303616516209,0.2837303616516209,0.2837303616516209,0.2837303616516209,0.060191622343174,0.2277990882529755,0.0542509575849081,0.0591370267402035,0.0831357445606784,0.1155056367503978,0.0535641748045074,0.1052331658501403,0.0567254286121076,0.0561035556740051,0.4842603877129535,0.2743644977145625,0.128709173522507,1.000065668313247,-0.0003428281708889,-0.0004399207015402,813.0,0.0,0.6696489443852937,0.4290115074682894,0.7220057119455903,0.6992126266860642,0.7274879920641235,0.573587612359193,0.466624550245058,0.315527619861375,0.5431451327634957,0.547453486818953,0.6094316868658907,0.0549317054565771,0.1009046407449411,0.7392540388606563,100000,30,14,0.1,5.0,0.1,0,13,0.001,1e-06,0.001,1e-07,1.0,1e-08,adamax,0,0.0,disordered,1,0.2799051307057177,0 days 16:21:07.613160,0.0003428523321344,2.0854374523148933,1.3098621943739468
322,322,322,322,0.2747120789270809,0.2747120789270809,0.2747120789270809,0.2747120789270809,0.2747120789270809,0.2747120789270809,0.2747120789270809,0.2747120789270809,0.2747120789270809,0.2747120789270809,0.2747120789270809,0.2747120789270809,0.2747120789270809,0.2747120789270809,1.1484362912207978e-05,0.145860098788342,1.2652630050150216e-05,0.3492614282055398,0.2984107230308888,0.2660147618702326,0.8257476052974916,0.0930889715241362,0.2716240896197646,0.2024993102171832,0.4632661637208833,0.1866296111755214,0.0046697261769939,0.0900637096614598,-0.0003324936933371,-0.0003836480448461,7250.0,1.0,0.7443773862062898,0.1267482879028416,0.7650644696535668,0.9499566543162627,0.9488872576719676,0.5613868915312763,0.1451168311174938,0.7799529869627154,0.5163958172106365,0.9048987933757484,0.5388350963686745,0.2112395965894995,0.1177453553882522,0.0239126348933008,100000,30,14,0.1,5.0,0.1,0,13,0.001,1e-06,0.001,1e-07,1.0,1e-08,adamax,0,0.0,disordered,1,0.2728579027761144,0 days 16:21:07.613160,0.0003324985899061,1.7084521710340221,1.431726087680306
323,323,323,323,0.4459627626819087,0.4459627626819087,0.4459627626819087,0.4459627626819087,0.4459627626819087,0.4459627626819087,0.4459627626819087,0.4459627626819087,0.4459627626819087,0.4459627626819087,0.4459627626819087,0.4459627626819087,0.4459627626819087,0.4459627626819087,0.1974572819652575,0.412330176590346,0.8740098940863827,0.1839684367936821,0.6504174503529558,0.1977428334476487,0.3916651545143574,0.3119508162473183,0.3024354651822995,0.3782479730996712,0.7557795520464771,0.1842397363368253,0.2477989234794825,1.0007007618900368,-0.0002183370258176,-0.0002367222207474,386.0,0.0,0.8926403674049982,0.9220886540303131,0.0942266363060382,0.6818076936469213,0.2951549822402676,0.8738098448736241,0.9661584469603594,0.4505722795694534,0.3840881884704785,0.9006194266532634,0.2810278723190802,0.8930288074611739,0.9558931635591684,0.2213844880995963,100000,30,14,0.1,5.0,0.1,0,13,0.001,1e-06,0.001,1e-07,1.0,1e-08,adamax,0,0.0,disordered,1,0.4404440964910453,0 days 16:21:07.613160,0.0002183485774857,1.380138171438565,1.2853157216728162
324,324,324,324,0.2837303616516209,0.2837303616516209,0.2837303616516209,0.2837303616516209,0.2837303616516209,0.2837303616516209,0.2837303616516209,0.2837303616516209,0.2837303616516209,0.2837303616516209,0.2837303616516209,0.2837303616516209,0.2837303616516209,0.2837303616516209,0.9272651097533376,0.0782627873891877,0.4608506761899537,8.558798057841012e-07,0.3946948503720259,0.2550014907173951,1.7940149826885618e-07,7.274714887943888e-07,0.379080331950122,1.4419129597272682e-07,0.4645697156173269,0.0872968144762956,0.6750109025685292,8.740519114344419e-07,-0.0002987472208696,-0.0003491962817715,100000.0,0.0,0.3965795959190823,0.7595521855232363,0.2431609378034048,0.6915815416694344,0.42791317365075,0.96874849649364,0.8592163463148417,0.945903583780766,0.5813822898716197,0.7546952799707574,0.2552831989608274,0.7076528690375721,0.1201963528076732,0.2924443689361549,100000,30,14,0.1,5.0,0.1,0,13,0.001,1e-06,0.001,1e-07,1.0,1e-08,adamax,0,0.0,disordered,1,0.2876287826878759,0 days 16:21:07.613160,0.0002987616616438,2.1703558014334208,1.4721709988623117
325,325,325,325,0.4047756965997316,0.4047756965997316,0.4047756965997316,0.4047756965997316,0.4047756965997316,0.4047756965997316,0.4047756965997316,0.4047756965997316,0.4047756965997316,0.4047756965997316,0.4047756965997316,0.4047756965997316,0.4047756965997316,0.4047756965997316,0.1418881753096956,0.9364058449966428,0.1451024424976909,0.1560004143510738,0.1469725386550379,0.1865962507294774,0.178134742431861,0.2910912821504085,0.2195711264692879,0.3309269522866728,0.4508429566689622,0.2505190324643851,1.000511053658895,0.2556644029034421,-0.0002353549811841,-0.0002677823231649,511.0,0.0,0.6740098869159676,0.872163295086585,0.182000644098114,0.2683975824038445,0.0940214398631992,0.0162079814751568,0.2750322596859617,0.4509305866684251,0.045231324178839,0.1442844224301414,0.6837916392513278,0.8630803657467981,0.0409277120260846,0.7619338150511243,100000,30,14,0.1,5.0,0.1,0,13,0.001,1e-06,0.001,1e-07,1.0,1e-08,adamax,0,0.0,disordered,1,0.4008487134912962,0 days 16:21:07.613160,0.0002353625857037,1.4464806178442684,1.2466924039885752
326,326,326,326,0.4047756965997316,0.4047756965997316,0.4047756965997316,0.4047756965997316,0.4047756965997316,0.4047756965997316,0.4047756965997316,0.4047756965997316,0.4047756965997316,0.4047756965997316,0.4047756965997316,0.4047756965997316,0.4047756965997316,0.4047756965997316,0.7432002131435873,5.689606675580638e-05,0.7350800543555073,0.0001106908686382,0.2857706243124566,0.6785399843271748,0.6006675624001341,0.0041412816457037,0.0009773168117902,0.779508965557746,0.3082767296194265,0.00050188305472,0.8741820604890957,0.0277662956526808,-0.0002308182780622,-0.0002655159601752,6254.0,1.0,0.307383338091152,0.4137215087205969,0.957045628874797,0.3557360703711822,0.1969500116450199,0.8312153463708688,0.2177669361098426,0.6234431765987403,0.6053947014299166,0.1601566044907036,0.7927012450523524,0.6426622147951562,0.0950728100628957,0.7397020715436405,100000,30,14,0.1,5.0,0.1,0,13,0.001,1e-06,0.001,1e-07,1.0,1e-08,adamax,0,0.0,disordered,1,0.4043208062845882,0 days 16:21:07.613160,0.0002308183151936,1.7769025571730521,1.3292800238648383
327,327,327,327,0.2191196687578146,0.2191196687578146,0.2191196687578146,0.2191196687578146,0.2191196687578146,0.2191196687578146,0.2191196687578146,0.2191196687578146,0.2191196687578146,0.2191196687578146,0.2191196687578146,0.2191196687578146,0.2191196687578146,0.2191196687578146,0.0001412872082333,0.4570250881522725,7.302149042140774e-06,0.6960378411084494,1.3534769908044232e-05,0.0477193064391906,1.073132203803684e-05,3.254290713435704e-05,1.7954982274689804e-05,0.2084425130541253,0.6088886163158089,2.3172657417337685e-05,4.93609210171013e-05,0.2224343738338489,-0.0003757645141958,-0.0005553741049266,7394.0,1.0,0.3692459504892917,0.3435746887997793,0.744955339806984,0.0387392697578511,0.7767177152409553,0.5809292547631857,0.7116122337323907,0.7691133095967271,0.860611359917133,0.8559009912885582,0.2827839154622973,0.5560959213758406,0.5286465591418159,0.7276876871696233,100000,30,14,0.1,5.0,0.1,0,13,0.001,1e-06,0.001,1e-07,1.0,1e-08,adamax,0,0.0,disordered,1,0.2166292324557644,0 days 16:21:07.613160,0.0003757759275098,3.0808948262670994,1.5760921861590695
328,328,328,328,0.333461801578636,0.333461801578636,0.333461801578636,0.333461801578636,0.333461801578636,0.333461801578636,0.333461801578636,0.333461801578636,0.333461801578636,0.333461801578636,0.333461801578636,0.333461801578636,0.333461801578636,0.333461801578636,0.50234359078635,0.2670567299622911,0.0530058236480438,0.0005773721128399,0.9828188964934303,0.2513124111219419,0.5435682002027268,0.1455766373260998,5.351014113223575e-06,0.0821789084121872,4.842391223383296e-06,0.8744654175150606,0.1176405321623744,1.4554576593140007e-05,-0.0002957359255952,-0.0003732340579902,10899.0,1.0,0.8189582836824862,0.3706032232667328,0.5525082823912467,0.6102544500620954,0.1404390577921855,0.8941345871509079,0.568859738231471,0.1291023971946122,0.2435611384923325,0.0331865656366267,0.2962405687946099,0.1518495884154276,0.8150201407033651,0.7591303017357368,100000,30,14,0.1,5.0,0.1,0,13,0.001,1e-06,0.001,1e-07,1.0,1e-08,adamax,0,0.0,disordered,1,0.3318896515336275,0 days 16:21:07.613160,0.0002957388337923,1.5610389946668235,1.3411583744295283
329,329,329,329,0.3919100249433399,0.3919100249433399,0.3919100249433399,0.3919100249433399,0.3919100249433399,0.3919100249433399,0.3919100249433399,0.3919100249433399,0.3919100249433399,0.3919100249433399,0.3919100249433399,0.3919100249433399,0.3919100249433399,0.3919100249433399,0.048137944978802,0.1834656036371963,0.056077472419967,0.2622737530513875,0.3121103384486479,0.112859102541913,0.0685426662536091,0.0731557882210571,0.2921736747502143,0.1496337629424522,0.836915147784361,0.4231272229832158,0.0562556778076084,1.0000726575462515,-0.000260394525498,-0.0003144691989803,926.0,0.0,0.2704798155990582,0.5574417861442812,0.2645835073688937,0.020375681832466,0.3801697260678117,0.6709123530856912,0.5870432899120543,0.5613012497231871,0.4258727804635797,0.784738594981888,0.9556522248295092,0.0793316494791577,0.1144053705724287,0.7099379341190432,100000,30,14,0.1,5.0,0.1,0,13,0.001,1e-06,0.001,1e-07,1.0,1e-08,adamax,0,0.0,disordered,1,0.3896843859241761,0 days 16:21:07.613160,0.0002603981216046,1.5442010713715426,1.2202519880706926
330,330,330,330,0.2263129568399526,0.2263129568399526,0.2263129568399526,0.2263129568399526,0.2263129568399526,0.2263129568399526,0.2263129568399526,0.2263129568399526,0.2263129568399526,0.2263129568399526,0.2263129568399526,0.2263129568399526,0.2263129568399526,0.2263129568399526,0.235054084464941,6.2185127179974754e-06,0.0112985321603922,1.419229441153465e-05,6.956585402496325e-06,0.0027497838089135,7.583375853311744e-05,0.0552739519547708,0.1365578796913437,0.3970471390335454,0.1867275133541512,5.42430571547829e-05,0.5706451568597772,3.8239279874893664e-05,-0.0004175463982404,-0.0004824144140945,7672.0,1.0,0.7752740383830551,0.4932818110244663,0.1335192256785398,0.3341402676041691,0.4694802362592661,0.6554125830568424,0.3630950522688787,0.5080630355157948,0.739563409263473,0.6888089062772412,0.2596193309041936,0.2059697623191735,0.5741622249609254,0.8538825750154767,100000,30,14,0.1,5.0,0.1,0,13,0.001,1e-06,0.001,1e-07,1.0,1e-08,adamax,0,0.0,disordered,1,0.2251938170871874,0 days 16:21:07.613160,0.0004175502595363,2.444271114414539,1.4779665927737513
331,331,331,331,0.31260072430687,0.31260072430687,0.31260072430687,0.31260072430687,0.31260072430687,0.31260072430687,0.31260072430687,0.31260072430687,0.31260072430687,0.31260072430687,0.31260072430687,0.31260072430687,0.31260072430687,0.31260072430687,1.00000159528292,0.4844631761576536,0.7385523484513004,0.0511088865189696,0.1475447438957297,0.2192155069210333,0.8874740176406785,0.1038657616643781,0.0895108129942934,0.0596350128677304,0.3093392428675343,0.5259160281088752,0.0613717597886026,0.0599313827145063,-0.0003128153045792,-0.0003849349962942,861.0,0.0,0.9670687845302742,0.1200533504685823,0.7348480970409724,0.2613109981557394,0.2637178971805501,0.5312432564614685,0.932645968051148,0.2914967231951824,0.1231598496995286,0.3206545213563795,0.3098032991184338,0.89090461258716,0.6652512896982025,0.7242408391894148,100000,30,14,0.1,5.0,0.1,0,13,0.001,1e-06,0.001,1e-07,1.0,1e-08,adamax,0,0.0,disordered,1,0.3093343607588938,0 days 16:21:07.613160,0.0003128285919114,1.4945709541803618,1.353706417750026
332,332,332,332,0.3444087275973818,0.3444087275973818,0.3444087275973818,0.3444087275973818,0.3444087275973818,0.3444087275973818,0.3444087275973818,0.3444087275973818,0.3444087275973818,0.3444087275973818,0.3444087275973818,0.3444087275973818,0.3444087275973818,0.3444087275973818,0.1620974376133711,0.1795852068036872,0.1332667405795805,1.0006726496199276,0.1845716777259597,0.1129046293525193,0.859502865903786,0.1645758486599597,0.2598782291143727,0.7101359639715539,0.1842513189705825,0.1232029324155935,0.1565305713277238,0.3416734713936728,-0.0002631405373545,-0.0003071468190942,505.0,0.0,0.4341615226130103,0.5561459413349006,0.7459158576917373,0.0391726092011945,0.8430621191712668,0.7212368489156964,0.0433107963317149,0.6968845402716777,0.3611057366657977,0.0747471514200509,0.7071534382801876,0.6946291061122937,0.6229816661606916,0.3127411071731237,100000,30,14,0.1,5.0,0.1,0,13,0.001,1e-06,0.001,1e-07,1.0,1e-08,adamax,0,0.0,disordered,1,0.3487537933685441,0 days 16:21:07.613160,0.0002631529321817,1.6004182889896723,1.3771360721253156
333,333,333,333,0.3026648059395688,0.3026648059395688,0.3026648059395688,0.3026648059395688,0.3026648059395688,0.3026648059395688,0.3026648059395688,0.3026648059395688,0.3026648059395688,0.3026648059395688,0.3026648059395688,0.3026648059395688,0.3026648059395688,0.3026648059395688,0.1201123826426542,0.1378607146675452,0.095226485336976,0.0810507907345444,0.0821792103802942,0.2991048896139267,0.4937053008156629,0.3525174769162035,0.1407691106971003,1.0000839659055687,0.0788343870715933,0.0959360362532327,0.1443800207913539,0.171746493581588,-0.0002798578601709,-0.0003500924524801,632.0,0.0,0.126650063773247,0.2040038584091258,0.4057406860067404,0.2843393900108888,0.3870401600825397,0.3135591235941246,0.9245701597870538,0.4975954007081968,0.8737953433263868,0.1062766432838366,0.7946741289460265,0.7805299554881263,0.6448123568991032,0.4396089297284533,100000,30,14,0.1,5.0,0.1,0,13,0.001,1e-06,0.001,1e-07,1.0,1e-08,adamax,0,0.0,disordered,1,0.3008118994567015,0 days 16:21:07.613160,0.0002798603416185,1.6529098172617152,1.4260744043850766
334,334,334,334,0.333461801578636,0.333461801578636,0.333461801578636,0.333461801578636,0.333461801578636,0.333461801578636,0.333461801578636,0.333461801578636,0.333461801578636,0.333461801578636,0.333461801578636,0.333461801578636,0.333461801578636,0.333461801578636,0.3888419957276599,0.0004627522992661,0.4858739610464424,0.1481747340984237,0.0006798211730163,0.5713044848558966,2.737777512208776e-05,2.255080410028056e-05,4.91482693724416e-05,0.988460127646586,0.0150698657544353,0.3736749696447426,0.48058174870708,0.2089826261863031,-0.0002903793139785,-0.0003304772389565,7054.0,1.0,0.902481343397564,0.703896263210458,0.4596989301045351,0.8953370057255919,0.9949998132101932,0.6681975516739568,0.3376225266527735,0.1287229334216706,0.3164210579903985,0.936882357123482,0.5678530723521644,0.3245273557426251,0.8321088777458423,0.4196507972565049,100000,30,14,0.1,5.0,0.1,0,13,0.001,1e-06,0.001,1e-07,1.0,1e-08,adamax,0,0.0,disordered,1,0.3283183910973418,0 days 16:21:07.613160,0.0002904045080119,1.547460744367878,1.3098491196131117
335,335,335,335,0.3026648059395688,0.3026648059395688,0.3026648059395688,0.3026648059395688,0.3026648059395688,0.3026648059395688,0.3026648059395688,0.3026648059395688,0.3026648059395688,0.3026648059395688,0.3026648059395688,0.3026648059395688,0.3026648059395688,0.3026648059395688,0.1808506407284379,0.4368968476682154,0.0004343816218823,0.0395189103264857,0.6744266687303347,0.0972642847891991,0.500515039872676,0.2115063249648073,0.713896849209819,0.2019894705162029,0.2845003764843149,0.5075180853609101,0.0003646872969863,0.0001312280157006,-0.0002918057423191,-0.0003265302895125,7018.0,1.0,0.6967560192481035,0.9931992533882544,0.665107672111141,0.7296448784414361,0.283705352205387,0.8509684574128458,0.3699475364425438,0.7060006792933821,0.0611357259679242,0.4277133102603786,0.7239983157707677,0.2314771855184867,0.5424706367753671,0.5839147989903594,100000,30,14,0.1,5.0,0.1,0,13,0.001,1e-06,0.001,1e-07,1.0,1e-08,adamax,0,0.0,disordered,1,0.3056657987864787,0 days 16:21:07.613160,0.0002918142300796,1.7036698111117967,1.475191249831017
336,336,336,336,0.3794532847236935,0.3794532847236935,0.3794532847236935,0.3794532847236935,0.3794532847236935,0.3794532847236935,0.3794532847236935,0.3794532847236935,0.3794532847236935,0.3794532847236935,0.3794532847236935,0.3794532847236935,0.3794532847236935,0.3794532847236935,0.1423458899851561,0.1337193715031889,0.1179493653252084,0.1127766139029548,0.3292314103513066,0.2321099874474093,0.1343076484525598,1.0002501844287726,0.3718954819093196,0.5110262867231046,0.1383895313430108,0.3722150345190571,0.3840831305647376,0.1098763195439293,-0.0002646160739622,-0.0002946225045986,703.0,0.0,0.6756249473948545,0.5644361194816802,0.4467105617646508,0.322566340148118,0.5431721493137949,0.1043161850708106,0.2713654362592039,0.8913095356498262,0.1177129813092361,0.4868236913432908,0.8883158335726428,0.8056520494654776,0.2562503657366681,0.4310825759753474,100000,30,14,0.1,5.0,0.1,0,13,0.001,1e-06,0.001,1e-07,1.0,1e-08,adamax,0,0.0,disordered,1,0.373988283425551,0 days 16:21:07.613160,0.0002646386939859,1.4261173809779013,1.3061401930392365
337,337,337,337,0.1805148879221106,0.1805148879221106,0.1805148879221106,0.1805148879221106,0.1805148879221106,0.1805148879221106,0.1805148879221106,0.1805148879221106,0.1805148879221106,0.1805148879221106,0.1805148879221106,0.1805148879221106,0.1805148879221106,0.1805148879221106,0.0715191574028831,1.6752230238816517e-06,0.8671369317617833,3.16454144805757e-06,0.3782737183276436,6.159013346847047e-06,2.257709110694023e-07,0.0498067034422072,0.2378032666901366,1.6255943484578964e-07,0.3538359128387804,2.432303022173299e-07,0.2430337139960314,0.102383268830838,-0.0004570355298876,-0.00054332847658,100000.0,0.0,0.3116509800447926,0.2401224809601317,0.3208213168340968,0.8953943453526839,0.8407594099518141,0.5558073384103739,0.564499311502318,0.4557401793635225,0.6984232093500041,0.8023233264058698,0.4442031573025502,0.7734872626310408,0.9537679656279108,0.6744471306793219,100000,30,14,0.1,5.0,0.1,0,13,0.001,1e-06,0.001,1e-07,1.0,1e-08,adamax,0,0.0,disordered,1,0.1784418626635705,0 days 16:21:07.613160,0.0004570520131886,1.948750594727986,1.6017802714370244
338,338,338,338,0.2493409369951876,0.2493409369951876,0.2493409369951876,0.2493409369951876,0.2493409369951876,0.2493409369951876,0.2493409369951876,0.2493409369951876,0.2493409369951876,0.2493409369951876,0.2493409369951876,0.2493409369951876,0.2493409369951876,0.2493409369951876,1.0000749071038204,0.2629445951237396,0.0707073658178916,0.0702986772834038,0.0363057954874712,0.7837151483306676,0.1141846405896294,0.2261850228849652,0.1087766829851653,0.4036938852966918,0.0379723164605261,0.5194664827579945,0.0337015734425285,0.0499329377215837,-0.0003450427288454,-0.0003952620583395,1000.0,0.0,0.7569087019953686,0.0891109610782433,0.2512353444833607,0.3239010723910901,0.3771656944410246,0.7567947300850265,0.1735663107745412,0.2445927796140452,0.476089490215865,0.8330767149942937,0.455771627978325,0.7825993536208345,0.3347703113145619,0.4035683030690843,100000,30,14,0.1,5.0,0.1,0,13,0.001,1e-06,0.001,1e-07,1.0,1e-08,adamax,0,0.0,disordered,1,0.2526461203908977,0 days 16:21:07.613160,0.0003450590160864,1.7401907747115615,1.476235383846112
339,339,339,339,0.2659804395593755,0.2659804395593755,0.2659804395593755,0.2659804395593755,0.2659804395593755,0.2659804395593755,0.2659804395593755,0.2659804395593755,0.2659804395593755,0.2659804395593755,0.2659804395593755,0.2659804395593755,0.2659804395593755,0.2659804395593755,0.2796641288164972,0.2008376622534158,0.0002450043461232,0.2723758475087835,7.16868202168997e-05,0.7843572062600657,0.0027730442596008,2.541145754481733e-05,0.1686545850860355,0.3385477221980152,0.7629360347754435,0.0198227267629441,0.0007151077467031,0.2240826670975912,-0.0003274948394924,-0.0004020954790204,7390.0,1.0,0.4796998377002315,0.1654700273762235,0.3356515241961211,0.3347824097944684,0.5780941768759115,0.1370385939587464,0.7640923412097118,0.7527620385325391,0.6830324751033955,0.3061844786267561,0.8560517643294215,0.3409530270969151,0.334862451366828,0.1729665047251034,100000,30,14,0.1,5.0,0.1,0,13,0.001,1e-06,0.001,1e-07,1.0,1e-08,adamax,0,0.0,disordered,1,0.2621803794852452,0 days 16:21:07.613160,0.0003275125398685,1.9139843346159073,1.4847384036951892
340,340,340,340,0.1394082826282576,0.1394082826282576,0.1394082826282576,0.1394082826282576,0.1394082826282576,0.1394082826282576,0.1394082826282576,0.1394082826282576,0.1394082826282576,0.1394082826282576,0.1394082826282576,0.1394082826282576,0.1394082826282576,0.1394082826282576,1.0000152242740754,0.1862219279453615,0.1779926048788372,0.1183383756281223,0.0044971545383524,0.0664392450070854,0.1139834290631151,0.0125168798628886,0.0813011288784773,0.0177789340124341,0.3204688016444952,0.093632687906431,0.2184407989334242,0.1149397552595006,-0.0005372116869487,-0.0006081173671415,2359.0,0.0,0.0449445984067116,0.648959232738285,0.4713664703897545,0.2301438615053004,0.3725707644259585,0.4437124343645714,0.2581506999408183,0.251564609391523,0.0808438171308055,0.1916437933634035,0.0087265047110913,0.3695896182601051,0.1663083476933545,0.5026550404017353,100000,30,14,0.1,5.0,0.1,0,13,0.001,1e-06,0.001,1e-07,1.0,1e-08,adamax,0,0.0,disordered,1,0.1392259778222651,0 days 16:21:07.613160,0.0005372118180285,2.1641357433552795,1.7565437599947844
341,341,341,341,0.4757236139187883,0.4757236139187883,0.4757236139187883,0.4757236139187883,0.4757236139187883,0.4757236139187883,0.4757236139187883,0.4757236139187883,0.4757236139187883,0.4757236139187883,0.4757236139187883,0.4757236139187883,0.4757236139187883,0.4757236139187883,0.7901360950591313,0.113294193323671,0.0438259789244662,0.7035232091120346,0.0005982681745786,0.0040110233844565,0.7892215033580842,0.1463564392740485,0.5330675189093672,0.8383524032165718,0.0005334303680831,0.8510156112724165,0.4170055808986216,0.4718774441237944,-0.0002107409484372,-0.0002286547164047,6671.0,1.0,0.9423979729191996,0.4775835942059916,0.4034967941983547,0.9087119185990504,0.5642523395856806,0.5557390625517705,0.2597035323070243,0.8662398842050749,0.9959946877208136,0.0783039574961678,0.3377482524543131,0.8510442769677045,0.1735191354582377,0.7331148524395593,100000,30,14,0.1,5.0,0.1,0,13,0.001,1e-06,0.001,1e-07,1.0,1e-08,adamax,0,0.0,disordered,1,0.4718723731489711,0 days 16:21:07.613160,0.0002107464423215,1.5099747766895981,1.2481674663303681
342,342,342,342,0.2414157116103016,0.2414157116103016,0.2414157116103016,0.2414157116103016,0.2414157116103016,0.2414157116103016,0.2414157116103016,0.2414157116103016,0.2414157116103016,0.2414157116103016,0.2414157116103016,0.2414157116103016,0.2414157116103016,0.2414157116103016,0.3159202444297549,9.649292768575696e-05,0.3312725763290168,3.38506342908901e-05,0.0002702895571452,0.1026097936846469,0.214602453595367,0.3563523564411655,0.4988403807726015,4.930192383416472e-05,0.0001410193572491,2.850318065530941e-05,0.6083105921039095,3.490594448440256e-05,-0.0003866380343975,-0.0004782297163373,7388.0,1.0,0.7255326478381177,0.639557314052677,0.3350453199734898,0.6546832366115755,0.6247178878573869,0.7255674606078969,0.4006922202446404,0.6332257548882735,0.0177002496235016,0.0677600047415827,0.1954807478163397,0.0713634191788881,0.478435833973823,0.7097997031372616,100000,30,14,0.1,5.0,0.1,0,13,0.001,1e-06,0.001,1e-07,1.0,1e-08,adamax,0,0.0,disordered,1,0.2412534211692477,0 days 16:21:07.613160,0.0003866380901077,1.9347467430782679,1.4652992810026209
343,343,343,343,0.2575263326771198,0.2575263326771198,0.2575263326771198,0.2575263326771198,0.2575263326771198,0.2575263326771198,0.2575263326771198,0.2575263326771198,0.2575263326771198,0.2575263326771198,0.2575263326771198,0.2575263326771198,0.2575263326771198,0.2575263326771198,0.7573978596147933,0.3791270108694283,0.0395778929579126,0.2876046998418579,0.0117175603590072,0.1795297531479827,0.5965986751866074,5.351526252038606e-05,0.0197482313083983,0.0124503896467329,0.7138287581316387,0.1482276082439889,0.0001586183528837,4.1447641635072064e-05,-0.0003617963828948,-0.0004553314121959,7431.0,1.0,0.0111277256209176,0.5662747045929442,0.798125165809622,0.4879731883762679,0.7110887173020436,0.8556861258481272,0.4154205646491997,0.0691684154016732,0.21481716726873,0.027370347994099,0.2673811318615855,0.8402521137735526,0.6311792806088276,0.7754008736993969,100000,30,14,0.1,5.0,0.1,0,13,0.001,1e-06,0.001,1e-07,1.0,1e-08,adamax,0,0.0,disordered,1,0.2616636108677533,0 days 16:21:07.613160,0.0003618303781344,1.56823693183688,1.3446910246773445
344,344,344,344,0.2414157116103016,0.2414157116103016,0.2414157116103016,0.2414157116103016,0.2414157116103016,0.2414157116103016,0.2414157116103016,0.2414157116103016,0.2414157116103016,0.2414157116103016,0.2414157116103016,0.2414157116103016,0.2414157116103016,0.2414157116103016,0.0001464256771894,0.6379123190301287,0.0002507341774268,0.0001083047606767,0.0092465066221209,0.6385667326833038,1.2308307627286673e-05,0.2080489724961812,6.510476400241587e-06,0.6605542641119431,6.764831770533432e-06,0.3049585099898687,7.830086233857328e-06,0.0656196289669279,-0.0003117938578104,-0.0004456021050436,7519.0,1.0,0.7963530460720882,0.6621589030010724,0.3018418328821807,0.4077530885422836,0.315598569222289,0.1942469018847711,0.7067296460618379,0.1257908558701507,0.7312760855115343,0.6355366742436587,0.8842038458507566,0.3874426485613825,0.8507308290949293,0.802486585118113,100000,30,14,0.1,5.0,0.1,0,13,0.001,1e-06,0.001,1e-07,1.0,1e-08,adamax,0,0.0,disordered,1,0.2379945247195694,0 days 16:21:07.613160,0.0003118028473189,2.030197144375053,1.553988365544099
345,345,345,345,0.31260072430687,0.31260072430687,0.31260072430687,0.31260072430687,0.31260072430687,0.31260072430687,0.31260072430687,0.31260072430687,0.31260072430687,0.31260072430687,0.31260072430687,0.31260072430687,0.31260072430687,0.31260072430687,0.024371010129847,0.2381141790733583,0.1508034869316749,0.5151236814267496,0.4029703833962976,0.0442154128082636,1.0000471847729986,0.1978761762028898,0.0889160363809256,0.1476853404839,0.2499879436194062,0.2954758222248362,0.0391812116132284,0.7220797638454882,-0.0003025854967315,-0.0003398622270486,1453.0,0.0,0.494292289273477,0.682609900786407,0.3725641663523547,0.0272673938552502,0.5852438550101288,0.3029416083570135,0.7682780523368302,0.0085747911495276,0.1139757795184868,0.2719907458348116,0.4229709442014934,0.7402405870844017,0.9094144345855256,0.4534370584472261,100000,30,14,0.1,5.0,0.1,0,13,0.001,1e-06,0.001,1e-07,1.0,1e-08,adamax,0,0.0,disordered,1,0.3172440100934683,0 days 16:21:07.613160,0.0003026113476149,1.445782720035065,1.3502514591676145
346,346,346,346,0.4459627626819087,0.4459627626819087,0.4459627626819087,0.4459627626819087,0.4459627626819087,0.4459627626819087,0.4459627626819087,0.4459627626819087,0.4459627626819087,0.4459627626819087,0.4459627626819087,0.4459627626819087,0.4459627626819087,0.4459627626819087,0.1945239188872846,0.644426441602262,0.2032217908635733,0.2001760196922755,0.1930124648757484,1.0006886214787991,0.4049410161263948,0.6619848197645762,0.5250400099899526,0.1928312915817149,0.1943413033036263,0.1964800127806586,0.219820270613387,0.9922154104713125,-0.0002317528576722,-0.0002785424100654,377.0,0.0,0.8229161262468085,0.656355197498123,0.1309073656753179,0.1402004458444904,0.2807439231489774,0.8956601217678828,0.0052103594162772,0.0024384183678635,0.8539605659647084,0.7587486691203781,0.8487034707947382,0.7024587747403095,0.8064897356075094,0.096040064869908,100000,30,14,0.1,5.0,0.1,0,13,0.001,1e-06,0.001,1e-07,1.0,1e-08,adamax,0,0.0,disordered,1,0.4392124991044868,0 days 16:21:07.613160,0.0002317761343346,1.2423613482875078,1.2112567682224413
347,347,347,347,0.293044697697214,0.293044697697214,0.293044697697214,0.293044697697214,0.293044697697214,0.293044697697214,0.293044697697214,0.293044697697214,0.293044697697214,0.293044697697214,0.293044697697214,0.293044697697214,0.293044697697214,0.293044697697214,0.4347541692724897,9.00081086197749e-07,0.1302235179643489,8.8536138397541e-07,0.1369479098634537,0.0126535386397988,4.212317669697798e-06,0.5378346587076683,0.1523513898401687,0.482988580657178,3.8262497136269093e-07,0.8306720569622668,0.0059284430061582,6.693237034586494e-07,-0.0003157071156562,-0.0003869524823208,100000.0,0.0,0.5781044751257525,0.3557285128888002,0.5352373611196514,0.3138085245158396,0.2168241248413949,0.1832146756250892,0.111436722645928,0.3791756494409032,0.8301401342107841,0.5756462290507317,0.2979740544920835,0.9069290345564972,0.3662335026779724,0.4468067111537439,100000,30,14,0.1,5.0,0.1,0,13,0.001,1e-06,0.001,1e-07,1.0,1e-08,adamax,0,0.0,disordered,1,0.2934708594426315,0 days 16:21:07.613160,0.0003157072568592,1.9057163600106417,1.3685534109724458
348,348,348,348,0.333461801578636,0.333461801578636,0.333461801578636,0.333461801578636,0.333461801578636,0.333461801578636,0.333461801578636,0.333461801578636,0.333461801578636,0.333461801578636,0.333461801578636,0.333461801578636,0.333461801578636,0.333461801578636,0.6618051517834189,3.417426557532231e-05,5.856216851400368e-05,7.029281648737558e-05,0.5020713390193894,0.0001008681530671,8.635387906346925e-05,0.0527782932535212,0.3848330481331391,0.0001735350963981,0.0757995393840171,0.3231213543017074,0.8902508673848724,0.369889242810059,-0.0002765172943421,-0.0003479683336677,7170.0,1.0,0.7855805416840606,0.4125200819409031,0.2548748480658125,0.4021089501413448,0.5486725296813683,0.9139300065742512,0.7564984767438613,0.8962173909518593,0.5099466331230018,0.4735919599083603,0.4083233663942057,0.1681273293857886,0.8215385562983929,0.0970294966266348,100000,30,14,0.1,5.0,0.1,0,13,0.001,1e-06,0.001,1e-07,1.0,1e-08,adamax,0,0.0,disordered,1,0.338157896224553,0 days 16:21:07.613160,0.000276535078357,1.5845688421488833,1.2669188665224185
349,349,349,349,0.2575263326771198,0.2575263326771198,0.2575263326771198,0.2575263326771198,0.2575263326771198,0.2575263326771198,0.2575263326771198,0.2575263326771198,0.2575263326771198,0.2575263326771198,0.2575263326771198,0.2575263326771198,0.2575263326771198,0.2575263326771198,0.0002938356655143,0.5153388179943499,0.0009099600921784,0.4649470206564431,5.417696862345533e-05,0.0001044393300453,0.0196871212179486,0.0162294032403141,0.3134640966022341,0.2554277940699323,0.0002595072744528,0.3803459439913651,0.6166066335333681,0.0001002377528438,-0.0003519402336658,-0.0004162728585408,6918.0,1.0,0.2897827467680697,0.2230409716587458,0.5645456657759919,0.6036830194577983,0.269830185183328,0.1788124517459227,0.2357624150844014,0.3336217547611876,0.3891640820689176,0.7861287104793945,0.9062220227841236,0.6540003011172316,0.0552854511999436,0.4636160285123724,100000,30,14,0.1,5.0,0.1,0,13,0.001,1e-06,0.001,1e-07,1.0,1e-08,adamax,0,0.0,disordered,1,0.2566755645751107,0 days 16:21:07.613160,0.0003519416887944,1.8546944551448787,1.3063554552192218
350,350,350,350,0.4606028844202396,0.4606028844202396,0.4606028844202396,0.4606028844202396,0.4606028844202396,0.4606028844202396,0.4606028844202396,0.4606028844202396,0.4606028844202396,0.4606028844202396,0.4606028844202396,0.4606028844202396,0.4606028844202396,0.4606028844202396,0.5841850584703837,0.223601298585174,0.63150585815276,0.0952010590562819,0.1698960638134581,0.1463805050156798,0.2815037814130752,0.2087719272018121,0.3978838904751677,1.0001953756027335,0.1386864473329878,0.3428362943549174,0.5898286965180871,0.7429249682634196,-0.000216922407355,-0.000241446588885,912.0,0.0,0.4689136373784628,0.8920170040860286,0.32096795300436,0.7187049607086551,0.7888855286745555,0.512166154123716,0.4918572089274071,0.1198997511692875,0.061671327308401,0.9720885810041372,0.5635966875862833,0.2670546605161175,0.8035496595825786,0.0546817624572014,100000,30,14,0.1,5.0,0.1,0,13,0.001,1e-06,0.001,1e-07,1.0,1e-08,adamax,0,0.0,disordered,1,0.4622629057612976,0 days 16:21:07.613160,0.0002169238887308,1.3809924028904814,1.2264002930290905
351,351,351,351,0.4047756965997316,0.4047756965997316,0.4047756965997316,0.4047756965997316,0.4047756965997316,0.4047756965997316,0.4047756965997316,0.4047756965997316,0.4047756965997316,0.4047756965997316,0.4047756965997316,0.4047756965997316,0.4047756965997316,0.4047756965997316,0.1403215061936097,0.9966971915299848,0.5216001906555344,0.486305832019261,1.00051447777652,0.330785536803691,0.1097344988035211,0.1694967057698066,0.1297031711176783,0.8462582799068413,0.1016146418969813,0.3465034462281469,0.4482571378741875,0.1227033976988351,-0.0002417585692908,-0.000274684307342,636.0,0.0,0.9434314091097408,0.1700249450255782,0.9855642339512826,0.2939539801636963,0.9085108274267332,0.0418157492874561,0.1454353558572717,0.0381762160982447,0.2866313393220127,0.7544789863006167,0.1546988089103884,0.1323172182467685,0.7117267801151361,0.5607881410253226,100000,30,14,0.1,5.0,0.1,0,13,0.001,1e-06,0.001,1e-07,1.0,1e-08,adamax,0,0.0,disordered,1,0.3995440703926212,0 days 16:21:07.613160,0.0002417731463829,1.4027632341293175,1.322191862147078
352,352,352,352,0.31260072430687,0.31260072430687,0.31260072430687,0.31260072430687,0.31260072430687,0.31260072430687,0.31260072430687,0.31260072430687,0.31260072430687,0.31260072430687,0.31260072430687,0.31260072430687,0.31260072430687,0.31260072430687,1.07967917161739e-05,0.7540740151899654,5.762167373819473e-07,0.2300344940976255,0.1900896733928918,9.978347502983833e-07,4.041393987515808e-07,0.3160121779650699,0.7749618440335059,0.0096775094752358,0.7489449563910716,0.0056088368888936,0.2738082359700268,2.244721131677957e-06,-0.0003055455693363,-0.0003653248187603,100000.0,0.0,0.058666084156174,0.2848001838030859,0.7555647851154688,0.5473565225145267,0.9435050805737084,0.771561222329849,0.7405937992546697,0.8103166757963779,0.0849733834319158,0.3521430743892157,0.8124079306416224,0.2975640905150405,0.4464281301385905,0.6224321748314845,100000,30,14,0.1,5.0,0.1,0,13,0.001,1e-06,0.001,1e-07,1.0,1e-08,adamax,0,0.0,disordered,1,0.3149542425732782,0 days 16:21:07.613160,0.0003055522611016,1.8726602870860045,1.3702744251554435
353,353,353,353,0.3444087275973818,0.3444087275973818,0.3444087275973818,0.3444087275973818,0.3444087275973818,0.3444087275973818,0.3444087275973818,0.3444087275973818,0.3444087275973818,0.3444087275973818,0.3444087275973818,0.3444087275973818,0.3444087275973818,0.3444087275973818,0.8592080926741054,0.2519996711500095,0.2127241463775162,0.5621012914990764,0.0858396475402533,1.000199322986997,0.1172522343524576,0.1029140040259417,0.1376924155060797,0.0673048632742749,0.1105339277064068,0.0665932756256482,0.8856495599075713,0.1419438494974399,-0.0002573792114152,-0.00031800952126,727.0,0.0,0.1122971306986191,0.6977694787300996,0.3950396829832031,0.8776528213979036,0.4886122252177215,0.0308946940186498,0.751795361244465,0.6927397456998063,0.9494849847345456,0.811636590478624,0.5665228893220841,0.7819235397398189,0.1950920852207742,0.9073612470162165,100000,30,14,0.1,5.0,0.1,0,13,0.001,1e-06,0.001,1e-07,1.0,1e-08,adamax,0,0.0,disordered,1,0.346118205669882,0 days 16:21:07.613160,0.0002573807218435,1.7016849322815215,1.3467998945817075
354,354,354,354,0.31260072430687,0.31260072430687,0.31260072430687,0.31260072430687,0.31260072430687,0.31260072430687,0.31260072430687,0.31260072430687,0.31260072430687,0.31260072430687,0.31260072430687,0.31260072430687,0.31260072430687,0.31260072430687,0.4188473472704567,1.795122094436844e-05,0.2279139297585146,3.129902861626117e-05,0.0192770031096143,0.5375528522511088,0.0001354153689877,0.8892065841213486,0.4323229965893914,9.426252650058415e-06,0.213652784487114,1.0543597053057558e-05,0.5920855445202957,0.0001253132090596,-0.0002771510688904,-0.0003484753126097,7143.0,1.0,0.7653546737569467,0.4945839206501871,0.0407779596741447,0.4142351233312004,0.3535042484970484,0.6620531995427018,0.9880842517880194,0.3135986493894647,0.933431091643605,0.6842137419365485,0.1592815852935352,0.6763240937503852,0.5538886611125697,0.2735114227291052,100000,30,14,0.1,5.0,0.1,0,13,0.001,1e-06,0.001,1e-07,1.0,1e-08,adamax,0,0.0,disordered,1,0.3116140920725803,0 days 16:21:07.613160,0.00027715181407,1.8651974590546423,1.4078445945295888
355,355,355,355,0.367392478180207,0.367392478180207,0.367392478180207,0.367392478180207,0.367392478180207,0.367392478180207,0.367392478180207,0.367392478180207,0.367392478180207,0.367392478180207,0.367392478180207,0.367392478180207,0.367392478180207,0.367392478180207,0.0003911031193456,0.4074908102355822,0.6999762387331294,0.1052154203732899,0.0008954189933712,0.7295053292525132,0.019741025582959,7.866846809875981e-05,0.5010248464626292,2.2099014949671573e-05,0.3505105232975195,0.827807520004914,0.1000022762901856,0.1573225714996297,-0.0002620150453964,-0.0003078988486973,6543.0,1.0,0.133063356038502,0.1645701961075513,0.8679442034747825,0.4744179740261339,0.5662040009371612,0.7366603978298915,0.2085849027409158,0.2484993359274289,0.7772139981506381,0.3088217808617497,0.1511325383147743,0.8082834161692315,0.3038834508652234,0.1242761929970105,100000,30,14,0.1,5.0,0.1,0,13,0.001,1e-06,0.001,1e-07,1.0,1e-08,adamax,0,0.0,disordered,1,0.3730714572128864,0 days 16:21:07.613160,0.0002620387323045,1.827370684858009,1.3289737694809567
356,356,356,356,0.1439847952876006,0.1439847952876006,0.1439847952876006,0.1439847952876006,0.1439847952876006,0.1439847952876006,0.1439847952876006,0.1439847952876006,0.1439847952876006,0.1439847952876006,0.1439847952876006,0.1439847952876006,0.1439847952876006,0.1439847952876006,0.44061498730653,0.2440250857684629,1.013622256093597e-06,5.21549567786882e-07,0.0026586697515057,1.1501921832661974e-06,3.919353090380919e-05,0.0088115478847094,9.995387963203558e-08,1.2236653263913436e-05,0.0023837988157119,2.8356871384833584e-05,0.5276397332307025,0.0002014137671069,-0.0004755120385602,-0.0008097705007283,9909.0,0.0,0.6315405474397277,0.2591674506590259,0.1431606887088047,0.2548469647279749,0.6287139094798047,0.2929084127701069,0.0834227142913034,0.4945478267642822,0.291793899664122,0.1565978688724559,0.5078217290705839,0.3486204132743177,0.5769817632936873,0.7510713306790604,100000,30,14,0.1,5.0,0.1,0,13,0.001,1e-06,0.001,1e-07,1.0,1e-08,adamax,0,0.0,disordered,1,0.1424116747296648,0 days 16:21:07.613160,0.0004755179910298,3.286853055258873,1.892336770261713
357,357,357,357,0.3557150206821381,0.3557150206821381,0.3557150206821381,0.3557150206821381,0.3557150206821381,0.3557150206821381,0.3557150206821381,0.3557150206821381,0.3557150206821381,0.3557150206821381,0.3557150206821381,0.3557150206821381,0.3557150206821381,0.3557150206821381,0.060887171065426,0.8931014756578842,0.4489541213077864,1.0000527779092592,0.0546812567025703,0.4969966520582353,0.2677360392987529,0.3484033494142212,0.5064364225231669,0.0769660872576418,0.4867433532795849,0.3820183762402203,0.105914525751144,0.1337367955772611,-0.0002720019072301,-0.0002982426449657,976.0,0.0,0.4694937053806567,0.8616798220997797,0.0416299546295133,0.7333545351240546,0.0898683117959612,0.1088618317406597,0.637169459506242,0.8459824512294478,0.2578681673610212,0.506191103076575,0.766673051496933,0.185030885259231,0.4122945057226029,0.5929087288957546,100000,30,14,0.1,5.0,0.1,0,13,0.001,1e-06,0.001,1e-07,1.0,1e-08,adamax,0,0.0,disordered,1,0.3533327909419614,0 days 16:21:07.613160,0.000272005914736,1.3836812137127685,1.3707962691777054
358,358,358,358,0.333461801578636,0.333461801578636,0.333461801578636,0.333461801578636,0.333461801578636,0.333461801578636,0.333461801578636,0.333461801578636,0.333461801578636,0.333461801578636,0.333461801578636,0.333461801578636,0.333461801578636,0.333461801578636,0.304676449303169,0.0680341929630183,0.9933809925612456,0.0682606668602885,0.0595151198352272,0.0559881781280215,0.088875233444712,0.1844383229777849,0.3079219473504823,0.1512718182758406,0.2175798381790876,1.000120438570923,0.0937630173501274,0.223282344770333,-0.0002867739989134,-0.0003443998607216,1047.0,0.0,0.7873948968751563,0.573430923762306,0.1461144656642543,0.8304681493688343,0.811101545734835,0.7229251348094788,0.7329973982168619,0.4557565028358032,0.6502365948399171,0.9987335699183316,0.9748681164688088,0.1864484035841972,0.6374105862886011,0.8675371190095641,100000,30,14,0.1,5.0,0.1,0,13,0.001,1e-06,0.001,1e-07,1.0,1e-08,adamax,0,0.0,disordered,1,0.3383407834745082,0 days 16:21:07.613160,0.0002867974491374,1.6736687539132145,1.3212252376943476
359,359,359,359,0.1988827856988807,0.1988827856988807,0.1988827856988807,0.1988827856988807,0.1988827856988807,0.1988827856988807,0.1988827856988807,0.1988827856988807,0.1988827856988807,0.1988827856988807,0.1988827856988807,0.1988827856988807,0.1988827856988807,0.1988827856988807,6.763648955935827e-07,0.4421376835828736,9.84823712657431e-07,0.1054533389833824,0.2855843974428617,1.77263836349233e-06,9.5788711654662e-07,1.941079255652885e-06,0.6330927292576695,0.3570659263947945,1.1022177370334169e-07,0.1022485750018726,9.999963127454341e-08,0.4245363612047125,-0.0003843571304888,-0.0005075543608362,33235.0,0.0,0.0601313626053201,0.5749402394646269,0.1154920690318445,0.1835654557528987,0.3591962505824296,0.5566692189919232,0.5414616291635949,0.5039855847684451,0.957260313018722,0.509341092943821,0.7330961375136982,0.3342997705890481,0.7443336718747016,0.7478906233940011,100000,30,14,0.1,5.0,0.1,0,13,0.001,1e-06,0.001,1e-07,1.0,1e-08,adamax,0,0.0,disordered,1,0.2020144352330962,0 days 16:21:07.613160,0.0003843768318955,1.960283146547842,1.6126124601967455
360,360,360,360,0.4757236139187883,0.4757236139187883,0.4757236139187883,0.4757236139187883,0.4757236139187883,0.4757236139187883,0.4757236139187883,0.4757236139187883,0.4757236139187883,0.4757236139187883,0.4757236139187883,0.4757236139187883,0.4757236139187883,0.4757236139187883,0.2115762184801817,0.2037650989301184,0.244890560939675,0.2196735092845039,0.3872391653629342,0.6686697621255572,0.223603834229052,0.5413318500366937,0.8284412256210408,0.2396289821587235,0.2007607151614167,1.00067518947414,0.2151349533738067,0.2098039191626894,-0.0002148034562635,-0.0002416978416675,387.0,0.0,0.6695653738514171,0.7542957489987696,0.5723566958838185,0.8556395752560504,0.8325339347465731,0.0963897738991226,0.4483557873561427,0.1206720643988498,0.950539039291707,0.4348911962790387,0.2200783181007833,0.8376285417225681,0.0872161595962289,0.1540869486458885,100000,30,14,0.1,5.0,0.1,0,13,0.001,1e-06,0.001,1e-07,1.0,1e-08,adamax,0,0.0,disordered,1,0.4690132970984937,0 days 16:21:07.613160,0.0002148210329385,1.3513474802405492,1.2559197339606516
361,361,361,361,0.2575263326771198,0.2575263326771198,0.2575263326771198,0.2575263326771198,0.2575263326771198,0.2575263326771198,0.2575263326771198,0.2575263326771198,0.2575263326771198,0.2575263326771198,0.2575263326771198,0.2575263326771198,0.2575263326771198,0.2575263326771198,0.1594193119087302,0.2566188943704271,1.146400225856048e-06,0.2922113266706466,5.716142585436144e-07,0.3663229633050453,0.1974835665244719,0.2423999132901013,4.5729801123374084e-07,6.300045027735058e-07,0.0273500096012216,0.6035386655770767,0.4030311815828805,0.2227603366268802,-0.0003454738780065,-0.0004062331024805,100000.0,0.0,0.6788299367495368,0.5074233228888243,0.2672946662715809,0.5762797692621788,0.2073836738115316,0.3092356108973476,0.6110606141408947,0.8829321547901784,0.7031782727739107,0.6432277841422299,0.746647137071686,0.3783757806318839,0.9809780602038732,0.6112601800079339,100000,30,14,0.1,5.0,0.1,0,13,0.001,1e-06,0.001,1e-07,1.0,1e-08,adamax,0,0.0,disordered,1,0.258006480486363,0 days 16:21:07.613160,0.0003454743286964,1.7527632794159937,1.4557347936433747
362,362,362,362,0.31260072430687,0.31260072430687,0.31260072430687,0.31260072430687,0.31260072430687,0.31260072430687,0.31260072430687,0.31260072430687,0.31260072430687,0.31260072430687,0.31260072430687,0.31260072430687,0.31260072430687,0.31260072430687,0.2781691540535499,0.0210456695446496,0.0002616597637487,0.6451869672689338,0.1754365301774455,0.0001549549666462,0.2087103441594522,0.1194826641995563,0.6440772542792444,0.1462521771008804,0.0003642714317362,0.4511741689201581,0.5702665702884614,0.000218156222453,-0.0003017372639589,-0.0003458423297092,6919.0,1.0,0.2575612755116058,0.0359652478498544,0.1117555852958921,0.1985091516147906,0.7343726390101744,0.8145211644726145,0.9254528450487752,0.6429102351775692,0.2972769899755106,0.8388690893434886,0.9534701698838012,0.6969038400375832,0.0723580399708068,0.4109819767819693,100000,30,14,0.1,5.0,0.1,0,13,0.001,1e-06,0.001,1e-07,1.0,1e-08,adamax,0,0.0,disordered,1,0.3160005892549227,0 days 16:21:07.613160,0.0003017501831561,1.582261880069451,1.2776746239676615
363,363,363,363,0.2337423870891812,0.2337423870891812,0.2337423870891812,0.2337423870891812,0.2337423870891812,0.2337423870891812,0.2337423870891812,0.2337423870891812,0.2337423870891812,0.2337423870891812,0.2337423870891812,0.2337423870891812,0.2337423870891812,0.2337423870891812,1.000891957802816,0.2192176341073251,0.3697774482914165,0.7265581039413759,0.4938048779547876,0.0999632502674915,0.4611402318952027,0.0472810992055545,0.2126513085203183,0.2805833599547027,0.0665585971147006,0.1351947082865391,0.0530079228442713,0.0909036689977828,-0.0003662159314302,-0.0004325595292008,775.0,0.0,0.2489436298082981,0.939260511885971,0.8111233911260713,0.0699271121302127,0.6094319303218612,0.985147583117178,0.5238061270198002,0.8894413442666818,0.8123306772126189,0.4715373988659999,0.4420083963922148,0.1616511877518771,0.3544695701133437,0.1913666756579829,100000,30,14,0.1,5.0,0.1,0,13,0.001,1e-06,0.001,1e-07,1.0,1e-08,adamax,0,0.0,disordered,1,0.2372615189175883,0 days 16:21:07.613160,0.0003662404579132,1.5734483669628172,1.4956511761234244
364,364,364,364,0.4606028844202396,0.4606028844202396,0.4606028844202396,0.4606028844202396,0.4606028844202396,0.4606028844202396,0.4606028844202396,0.4606028844202396,0.4606028844202396,0.4606028844202396,0.4606028844202396,0.4606028844202396,0.4606028844202396,0.4606028844202396,0.2156338861903614,0.2462699336030592,0.3754703733427918,0.3540757319907892,0.2325896957137779,0.568103970397451,0.6301450053249869,0.2249129254832131,0.3810569633669775,0.3135379257142178,0.2127340199838913,1.000525146022766,0.3130672705358283,0.2651997512954999,-0.000210179327833,-0.0002359822154871,350.0,0.0,0.8457075838517776,0.6034032711932213,0.9362422713484684,0.4103542175251248,0.701709320878533,0.8331501860292885,0.0128772803560253,0.3228539435400921,0.4362297917532894,0.9286034440245816,0.870488856793474,0.0845082427487821,0.9554591170160172,0.6269038089181593,100000,30,14,0.1,5.0,0.1,0,13,0.001,1e-06,0.001,1e-07,1.0,1e-08,adamax,0,0.0,disordered,1,0.4609397494319727,0 days 16:21:07.613160,0.0002101793511567,1.3737222907649316,1.2639625409706985
365,365,365,365,0.3228628202536728,0.3228628202536728,0.3228628202536728,0.3228628202536728,0.3228628202536728,0.3228628202536728,0.3228628202536728,0.3228628202536728,0.3228628202536728,0.3228628202536728,0.3228628202536728,0.3228628202536728,0.3228628202536728,0.3228628202536728,1.0006971731605627,0.1488267563134349,0.7226066348603157,0.1529065535748585,0.1042184282880929,0.3859276782921248,0.1888422571463149,0.1046608482957601,0.1105981528929043,0.2579806077014042,0.887840702613164,0.0955339225240957,0.109182788084429,0.5566798320482996,-0.0002944296391773,-0.0003540935929543,547.0,0.0,0.0719335740754174,0.6901222488276437,0.8553626300323566,0.2588552832063853,0.3226615572358212,0.2776926899694034,0.7025073975534427,0.7182791709760189,0.7743492306414659,0.9210411314108424,0.1818282485889627,0.7082479317554589,0.6457029893132942,0.2626210823170319,100000,30,14,0.1,5.0,0.1,0,13,0.001,1e-06,0.001,1e-07,1.0,1e-08,adamax,0,0.0,disordered,1,0.3198843171344863,0 days 16:21:07.613160,0.0002944381478143,1.5099498927358723,1.3178333937441935
366,366,366,366,0.2337423870891812,0.2337423870891812,0.2337423870891812,0.2337423870891812,0.2337423870891812,0.2337423870891812,0.2337423870891812,0.2337423870891812,0.2337423870891812,0.2337423870891812,0.2337423870891812,0.2337423870891812,0.2337423870891812,0.2337423870891812,0.0959861913883548,0.6541174538804292,2.8771651369963497e-05,5.603967815353639e-05,0.5524904928814113,0.0982126139097614,0.2063844260978271,0.1412856065439699,0.0001046418165377,4.14223090896192e-05,0.876908324847837,8.897311773203338e-05,2.68300392476428e-05,1.654604095741986e-05,-0.0003926327815592,-0.0005244443316843,7969.0,1.0,0.9753084815259296,0.4769602251685981,0.948827475692218,0.9717737931036624,0.9000480958386305,0.4594853599800932,0.279776790147522,0.5857619393553599,0.4495358329526387,0.468201581844572,0.244081343701929,0.8422530754022833,0.7307240932372813,0.8653095978798734,100000,30,14,0.1,5.0,0.1,0,13,0.001,1e-06,0.001,1e-07,1.0,1e-08,adamax,0,0.0,disordered,1,0.2344861541485005,0 days 16:21:07.613160,0.0003926339597763,1.93094007722108,1.4773781238886088
367,367,367,367,0.2659804395593755,0.2659804395593755,0.2659804395593755,0.2659804395593755,0.2659804395593755,0.2659804395593755,0.2659804395593755,0.2659804395593755,0.2659804395593755,0.2659804395593755,0.2659804395593755,0.2659804395593755,0.2659804395593755,0.2659804395593755,0.1782359533242624,0.5396818356106355,1.0000034224196743,0.2632052176054919,0.4808264588407185,0.7317031092435987,0.1092420663826693,0.0565052327729212,0.0661304832744241,0.0607320237072155,0.0866854157428862,0.0562672254328319,0.0630846564395256,0.0562674938898346,-0.0003537424087074,-0.0005214609343847,673.0,0.0,0.5315388259185277,0.0926637316410834,0.862308939525648,0.0692512016086123,0.1545160094800333,0.9441201300249854,0.5615047742597331,0.6749974103663908,0.8209926671878233,0.66455713568512,0.4439712880877319,0.5429994179458086,0.3984837936722691,0.5771904249705891,100000,30,14,0.1,5.0,0.1,0,13,0.001,1e-06,0.001,1e-07,1.0,1e-08,adamax,0,0.0,disordered,1,0.2649430073168103,0 days 16:21:07.613160,0.0003537447702977,1.6819190928766612,1.4202690823513933
368,368,368,368,0.4459627626819087,0.4459627626819087,0.4459627626819087,0.4459627626819087,0.4459627626819087,0.4459627626819087,0.4459627626819087,0.4459627626819087,0.4459627626819087,0.4459627626819087,0.4459627626819087,0.4459627626819087,0.4459627626819087,0.4459627626819087,0.1922086864435087,0.6458950828887866,0.1728556726738205,0.6574460517595242,0.4342368343939038,0.17427223285725,0.6559551932601012,0.2245606674120171,0.2477367848679002,0.4642657449137012,1.001381597617111,0.2990572373858188,0.1945729904817433,0.2093482540393156,-0.0002203350041997,-0.0002516546063501,432.0,0.0,0.0022070307099721,0.5082660962067422,0.023821782595742,0.1096719488239756,0.8463682746076329,0.6593861173054472,0.182167870828635,0.7472025252518296,0.4757832695878426,0.1348462759731289,0.929685695143032,0.1128050984854016,0.019742858018292,0.256601728456595,100000,30,14,0.1,5.0,0.1,0,13,0.001,1e-06,0.001,1e-07,1.0,1e-08,adamax,0,0.0,disordered,1,0.4520724014634968,0 days 16:21:07.613160,0.0002203516653076,1.3442482691931685,1.2675510386898914
369,369,369,369,0.367392478180207,0.367392478180207,0.367392478180207,0.367392478180207,0.367392478180207,0.367392478180207,0.367392478180207,0.367392478180207,0.367392478180207,0.367392478180207,0.367392478180207,0.367392478180207,0.367392478180207,0.367392478180207,0.0003998379632461,0.887425244838804,0.1392323490007666,0.5192485513819837,0.0250128001444648,0.4458082382410383,0.8235295854656608,0.5139826044295875,0.0224677921961273,0.5814989555666437,1.8329999695653817e-05,0.3890490423283845,7.254881073208563e-06,0.3414087379604029,-0.0002498339000087,-0.0002858739539958,7214.0,1.0,0.0868599069242335,0.016721458581569,0.653241876464221,0.1319621389912917,0.5638798440619879,0.2425898291710867,0.94065013576751,0.2158559882948059,0.5206547263415716,0.7349872579716564,0.3111299186294756,0.8317393900529948,0.3139789521314091,0.3878600637741026,100000,30,14,0.1,5.0,0.1,0,13,0.001,1e-06,0.001,1e-07,1.0,1e-08,adamax,0,0.0,disordered,1,0.3699647856293094,0 days 16:21:07.613160,0.0002498374922471,1.6548619290799447,1.3872894892746699
370,370,370,370,0.3794532847236935,0.3794532847236935,0.3794532847236935,0.3794532847236935,0.3794532847236935,0.3794532847236935,0.3794532847236935,0.3794532847236935,0.3794532847236935,0.3794532847236935,0.3794532847236935,0.3794532847236935,0.3794532847236935,0.3794532847236935,0.1322943630243654,0.1314871195865191,0.3023710983009052,0.174470154650483,0.1355020552549122,0.1342138522722915,0.4394933881776515,0.2130306691978836,0.2130960052601534,0.1799055612072143,0.5702525775050055,0.4615889564536246,0.1979756558226741,1.0006907249456751,-0.0002645107407796,-0.0003002428714758,519.0,0.0,0.4303882825277383,0.4188941219318052,0.6079436544104145,0.2262456115998308,0.3292141104429632,0.2289720313175148,0.2769452485168916,0.7627823261640054,0.6292667538218684,0.9627893024240344,0.9501300406270484,0.2050854469078391,0.2099460359611455,0.907647961225806,100000,30,14,0.1,5.0,0.1,0,13,0.001,1e-06,0.001,1e-07,1.0,1e-08,adamax,0,0.0,disordered,1,0.379729539005444,0 days 16:21:07.613160,0.0002645108194069,1.473164076101525,1.2498157735830482
371,371,371,371,0.31260072430687,0.31260072430687,0.31260072430687,0.31260072430687,0.31260072430687,0.31260072430687,0.31260072430687,0.31260072430687,0.31260072430687,0.31260072430687,0.31260072430687,0.31260072430687,0.31260072430687,0.31260072430687,0.1606922057025801,1.0000160581454407,0.0130036104554517,0.0309957787869029,0.4690245428815848,0.0241878821827132,0.8180771042196215,0.117362928607824,0.3087980886880187,0.6787507210599483,0.1083200138758166,0.0458155440449786,0.0428085424400301,0.1230211820834878,-0.0003160331474694,-0.0003887200988417,1741.0,0.0,0.1389598252584758,0.7611850469966638,0.1917597630569484,0.1430366635830099,0.4392438892869368,0.684059677178238,0.8441686846123795,0.2081510453823268,0.099703940964654,0.7927129199401057,0.4510172251086877,0.6095696684240932,0.5842015070063805,0.7608174964562291,100000,30,14,0.1,5.0,0.1,0,13,0.001,1e-06,0.001,1e-07,1.0,1e-08,adamax,0,0.0,disordered,1,0.3098949073438433,0 days 16:21:07.613160,0.0003160425577511,1.4016627678521105,1.3404177160948225
372,372,372,372,0.3228628202536728,0.3228628202536728,0.3228628202536728,0.3228628202536728,0.3228628202536728,0.3228628202536728,0.3228628202536728,0.3228628202536728,0.3228628202536728,0.3228628202536728,0.3228628202536728,0.3228628202536728,0.3228628202536728,0.3228628202536728,0.4879949403134661,0.1977295884862009,0.3701282878439158,0.0002908606343662,0.0963540038087505,0.8155410692251014,4.864210700141342e-05,0.1868188983504466,0.0126400359818702,8.657801559375579e-05,2.2942875299632493e-05,0.9735139997393378,0.1168478174473657,0.3482068951835499,-0.0002943037810874,-0.0003705650033561,8305.0,1.0,0.9895589133689572,0.6480914891334518,0.3652115374986091,0.1748898254706369,0.1028788189560984,0.6915541583491103,0.2551036083779704,0.2776011396638246,0.4433468759483189,0.527598538334692,0.4161480201571306,0.95570434973668,0.2980911074794119,0.6020186271784486,100000,30,14,0.1,5.0,0.1,0,13,0.001,1e-06,0.001,1e-07,1.0,1e-08,adamax,0,0.0,disordered,1,0.321686591556675,0 days 16:21:07.613160,0.0002943055403405,1.8426832579634373,1.3394417380997643
373,373,373,373,0.2493409369951876,0.2493409369951876,0.2493409369951876,0.2493409369951876,0.2493409369951876,0.2493409369951876,0.2493409369951876,0.2493409369951876,0.2493409369951876,0.2493409369951876,0.2493409369951876,0.2493409369951876,0.2493409369951876,0.2493409369951876,0.0293578943585332,0.1328376370296641,0.1431739388392738,0.0002866071892626,0.5260545215325202,8.542492778900287e-06,2.86307271740008e-05,1.6463225030880094e-05,0.7326113326952169,0.0282077682687716,0.3203155875831442,7.97618271936065e-05,0.1417092775663418,0.5259489060081375,-0.0003351298946894,-0.0003949513775654,7277.0,1.0,0.0162454249921948,0.063771841660438,0.1989468812680669,0.2813428737370801,0.4663233193249951,0.5742074019291394,0.1659211086570935,0.5786497571139853,0.0818230398967426,0.3922747160097736,0.7980970810066665,0.4749920191021805,0.6660683551009295,0.2235708907941258,100000,30,14,0.1,5.0,0.1,0,13,0.001,1e-06,0.001,1e-07,1.0,1e-08,adamax,0,0.0,disordered,1,0.2472637381374738,0 days 16:21:07.613160,0.0003351352582509,1.9368894816036717,1.4828278257304492
374,374,374,374,0.4317879727332017,0.4317879727332017,0.4317879727332017,0.4317879727332017,0.4317879727332017,0.4317879727332017,0.4317879727332017,0.4317879727332017,0.4317879727332017,0.4317879727332017,0.4317879727332017,0.4317879727332017,0.4317879727332017,0.4317879727332017,0.2223464136705659,0.1963945003337295,0.2464470203953687,0.2014100179312771,0.191210152002036,0.2174224268326114,0.2097551776453245,0.1947348020816243,0.4488462685431662,0.5437231336692762,1.0011554031630685,0.1851772866914009,0.1767430456598162,0.8890495961333463,-0.0002165656432557,-0.0002494531301241,400.0,0.0,0.7075247248967915,0.9843044416243631,0.6509490718265054,0.9805192866154516,0.8338745109081496,0.7682136922364887,0.4791942411113964,0.5740763250109749,0.2471420081135659,0.8745604543201495,0.0134213795824037,0.7974005150544419,0.940039683462813,0.3318403248175504,100000,30,14,0.1,5.0,0.1,0,13,0.001,1e-06,0.001,1e-07,1.0,1e-08,adamax,0,0.0,disordered,1,0.4325902566769716,0 days 16:21:07.613160,0.0002165659644953,1.436322971274923,1.2744652051734067
375,375,375,375,0.2837303616516209,0.2837303616516209,0.2837303616516209,0.2837303616516209,0.2837303616516209,0.2837303616516209,0.2837303616516209,0.2837303616516209,0.2837303616516209,0.2837303616516209,0.2837303616516209,0.2837303616516209,0.2837303616516209,0.2837303616516209,0.0512519641100545,0.4317075930870084,0.0004911650350679,0.498857543267216,0.4966404088736878,0.0001360490002873,0.8166822288721266,0.3506296440043253,4.110015199052234e-05,0.4058765234379947,0.2886668618560622,0.0001123812796453,4.438387169788926e-05,5.6360826071116e-05,-0.0003372388246054,-0.0004327708322188,7985.0,1.0,0.7999504016769723,0.4292777997945473,0.856945560024073,0.629020805899631,0.0557661954878206,0.3756640369001169,0.0192429518064972,0.7493186611795593,0.8708445149105573,0.9961083482561572,0.5263456854041744,0.3912925761498169,0.5245606389052777,0.4434965486529795,100000,30,14,0.1,5.0,0.1,0,13,0.001,1e-06,0.001,1e-07,1.0,1e-08,adamax,0,0.0,disordered,1,0.2809302982423895,0 days 16:21:07.613160,0.0003372511722401,1.5413465198804168,1.3707917778220329
376,376,376,376,0.1535934676510895,0.1535934676510895,0.1535934676510895,0.1535934676510895,0.1535934676510895,0.1535934676510895,0.1535934676510895,0.1535934676510895,0.1535934676510895,0.1535934676510895,0.1535934676510895,0.1535934676510895,0.1535934676510895,0.1535934676510895,1.001042409686395,0.0235218420942952,0.1605184454041741,0.0205160250028187,0.2321734889882498,0.104761802567348,0.0568424946477854,0.171955387515556,0.0273315911941297,0.0288546086983313,0.3510107678853781,0.1393362107494495,0.0246093671428219,0.316990132001294,-0.0004673793672904,-0.0005685034327757,877.0,0.0,0.293139703811096,0.9102584846087232,0.3941835262814683,0.8956621808161226,0.5665005108051067,0.8469154678831501,0.6656082493669545,0.4692428342605274,0.7163119857224545,0.7254649388716485,0.8693750319158191,0.460803334283726,0.5296219336694757,0.7642379384989474,100000,30,14,0.1,5.0,0.1,0,13,0.001,1e-06,0.001,1e-07,1.0,1e-08,adamax,0,0.0,disordered,1,0.1522696610771354,0 days 16:21:07.613160,0.0004673861714246,2.124596763400118,1.752847744343774
377,377,377,377,0.367392478180207,0.367392478180207,0.367392478180207,0.367392478180207,0.367392478180207,0.367392478180207,0.367392478180207,0.367392478180207,0.367392478180207,0.367392478180207,0.367392478180207,0.367392478180207,0.367392478180207,0.367392478180207,0.1428089853825282,0.0198963333759089,0.6877605930852985,0.6041014266290173,0.0003832811932335,0.0602209819808035,0.0002926719762992,0.1977014937414631,0.7388477489351769,0.3394735945884533,0.0014276678553328,0.6371528718353539,0.1203111556968399,0.8104290557256296,-0.0002671481188337,-0.0002994072700459,6782.0,1.0,0.5147658444584566,0.6203610325736882,0.235456309270706,0.9760989383750353,0.6359718342177035,0.6505473700781643,0.7451892912832438,0.7877180196219927,0.0958999123734476,0.370059051182342,0.5986401921465198,0.9941932829140352,0.5164730116754551,0.0025205341448895,100000,30,14,0.1,5.0,0.1,0,13,0.001,1e-06,0.001,1e-07,1.0,1e-08,adamax,0,0.0,disordered,1,0.3688122870664438,0 days 16:21:07.613160,0.0002671495018477,1.826043518933502,1.2851761777899513
378,378,378,378,0.2337423870891812,0.2337423870891812,0.2337423870891812,0.2337423870891812,0.2337423870891812,0.2337423870891812,0.2337423870891812,0.2337423870891812,0.2337423870891812,0.2337423870891812,0.2337423870891812,0.2337423870891812,0.2337423870891812,0.2337423870891812,0.4758533195497902,0.3564163254890138,0.5078043054032111,0.0600308375671057,0.9559543179755376,1.8646484174819707e-06,6.666760881439736e-07,5.358783872344217e-07,0.2871424356328355,0.1827076340292192,2.316765349940625e-07,1.7482377465884912e-07,9.999858172102689e-08,0.5919046985911034,-0.0003733557325641,-0.0004985861446909,57991.0,0.0,0.9701985250496246,0.5501854056360739,0.0650158369432254,0.3448943551193409,0.9588194982923972,0.3312254750905331,0.555588179445964,0.3269735275253345,0.6125847528272427,0.4864487575298477,0.3290494919078814,0.095190812584463,0.2829774057905865,0.6207035301900188,100000,30,14,0.1,5.0,0.1,0,13,0.001,1e-06,0.001,1e-07,1.0,1e-08,adamax,0,0.0,disordered,1,0.2315886571154683,0 days 16:21:07.613160,0.0003733639623858,2.3332991426885057,1.4979859906807202
379,379,379,379,0.333461801578636,0.333461801578636,0.333461801578636,0.333461801578636,0.333461801578636,0.333461801578636,0.333461801578636,0.333461801578636,0.333461801578636,0.333461801578636,0.333461801578636,0.333461801578636,0.333461801578636,0.333461801578636,0.0941682011718326,0.1029993383178458,0.0955047668903792,0.1179843236415275,0.1058527730185278,0.1181517906769151,0.2604368584508247,0.1131202171961489,1.000360627141767,0.1008473707080302,0.1403022787980519,0.1262402208874077,0.2066829513084188,0.9416665876156608,-0.0002712939054148,-0.0003519489426436,556.0,0.0,0.5144465729725662,0.4437887750487971,0.5719257653405888,0.3750087709591195,0.5192312737071254,0.5727900884907767,0.7149351637069162,0.9637567865186668,0.2250311965853751,0.975952865672312,0.9851854676617544,0.8069340169711616,0.715016523460935,0.0683509543637846,100000,30,14,0.1,5.0,0.1,0,13,0.001,1e-06,0.001,1e-07,1.0,1e-08,adamax,0,0.0,disordered,1,0.331992794377734,0 days 16:21:07.613160,0.0002712952682866,1.7961263694720784,1.3179724992240125
380,380,380,380,0.3444087275973818,0.3444087275973818,0.3444087275973818,0.3444087275973818,0.3444087275973818,0.3444087275973818,0.3444087275973818,0.3444087275973818,0.3444087275973818,0.3444087275973818,0.3444087275973818,0.3444087275973818,0.3444087275973818,0.3444087275973818,0.0005492747470429,0.5617412952860376,0.0005537882086914,0.0645027465947068,0.0005038129834617,0.0003459555421667,0.1978582119542336,0.0037263177080545,0.449752382520583,0.1167636742661863,0.6025461840693166,0.5133001075646325,0.7204015001875961,0.000431068412294,-0.0002635734748256,-0.0003046645988884,6539.0,1.0,0.7801177218732845,0.6112634591511934,0.2496788286783939,0.2421672294912946,0.3336024086504059,0.3211709673984647,0.3993479264267637,0.5307593942880608,0.7903723320832994,0.3978754419785018,0.0281708977614449,0.6906990160396024,0.0016510193001179,0.4713730750251848,100000,30,14,0.1,5.0,0.1,0,13,0.001,1e-06,0.001,1e-07,1.0,1e-08,adamax,0,0.0,disordered,1,0.3477698317856652,0 days 16:21:07.613160,0.0002635812718923,1.6779736066397235,1.2936850097963484
381,381,381,381,0.2191196687578146,0.2191196687578146,0.2191196687578146,0.2191196687578146,0.2191196687578146,0.2191196687578146,0.2191196687578146,0.2191196687578146,0.2191196687578146,0.2191196687578146,0.2191196687578146,0.2191196687578146,0.2191196687578146,0.2191196687578146,0.000109274963418,0.1549105890645117,0.0999515479117346,0.1743204745990666,0.6717760439880007,0.2298714209798754,1.676012204463246e-05,0.1930708553652076,4.881320150229597e-06,0.0236996273551905,2.359426149896692e-05,0.800266413514731,2.61650747289822e-05,2.621798773794881e-05,-0.0003889093874206,-0.0005078373089295,8414.0,1.0,0.6548680604569722,0.6150294538157866,0.813076256364178,0.9445714257635228,0.3329382657717585,0.7253059902193829,0.8648714785350653,0.8434369993818133,0.7971506335584522,0.5217048062087744,0.7841879994653727,0.2362327037491456,0.5131825221537591,0.5457954017067477,100000,30,14,0.1,5.0,0.1,0,13,0.001,1e-06,0.001,1e-07,1.0,1e-08,adamax,0,0.0,disordered,1,0.2217802266916591,0 days 16:21:07.613160,0.0003889261852231,2.255706791849941,1.6112774173621198
382,382,382,382,0.2747120789270809,0.2747120789270809,0.2747120789270809,0.2747120789270809,0.2747120789270809,0.2747120789270809,0.2747120789270809,0.2747120789270809,0.2747120789270809,0.2747120789270809,0.2747120789270809,0.2747120789270809,0.2747120789270809,0.2747120789270809,0.5851220653175656,0.823679378367291,4.6373422056220826e-07,1.874106669891899e-07,0.0571682466952519,0.1098261563967759,9.999832779508877e-08,0.1233140749388683,1.4616928298319384e-07,0.6802699993400193,0.1196434012392178,8.870974928366583e-07,1.5404052733018369e-06,0.9532014390830408,-0.0003354327371183,-0.0004398295333944,55351.0,0.0,0.1498802248515299,0.8640104194185583,0.4434296910153265,0.3982304591100782,0.5861595852311661,0.5912593448473008,0.3388482217670612,0.6936376786249734,0.3027612151615625,0.5412729527060989,0.0133509341030679,0.0700125464279866,0.0835928715736902,0.6187324937744663,100000,30,14,0.1,5.0,0.1,0,13,0.001,1e-06,0.001,1e-07,1.0,1e-08,adamax,0,0.0,disordered,1,0.2728910039383641,0 days 16:21:07.613160,0.0003354377539673,2.254495081043989,1.4119549638983422
383,383,383,383,0.3228628202536728,0.3228628202536728,0.3228628202536728,0.3228628202536728,0.3228628202536728,0.3228628202536728,0.3228628202536728,0.3228628202536728,0.3228628202536728,0.3228628202536728,0.3228628202536728,0.3228628202536728,0.3228628202536728,0.3228628202536728,0.2525267288684419,4.8856990269811066e-06,0.610334923499947,0.1544961533046362,0.329659449407065,0.4014364687358229,2.398004889470899e-07,0.7430571588712614,2.223654421035736e-07,0.4174857823783747,0.0207511549162807,0.5558527760706969,0.0896167642128637,0.562219151610025,-0.0002782365523245,-0.000310986482219,100000.0,0.0,0.5153290300671632,0.3604288191696071,0.3711834336632285,0.8987381444336907,0.7265193199408164,0.2714592384802545,0.3513291989755064,0.9529563886032808,0.3819932052353869,0.5071574636718336,0.7338041284575768,0.2262968427233753,0.6492239078454173,0.2341474212133192,100000,30,14,0.1,5.0,0.1,0,13,0.001,1e-06,0.001,1e-07,1.0,1e-08,adamax,0,0.0,disordered,1,0.32782192876088,0 days 16:21:07.613160,0.0002782557390681,1.66921491546716,1.3849173420590852
384,384,384,384,0.4047756965997316,0.4047756965997316,0.4047756965997316,0.4047756965997316,0.4047756965997316,0.4047756965997316,0.4047756965997316,0.4047756965997316,0.4047756965997316,0.4047756965997316,0.4047756965997316,0.4047756965997316,0.4047756965997316,0.4047756965997316,0.239257521008885,0.3978195166026353,0.7094990151773565,0.774120564209423,0.1523382116793691,0.1782618217367945,0.1919430252869414,0.1699619657704013,0.2457918341663563,1.0001419438936576,0.1555935691625681,0.2245040301956681,0.529541004003818,0.1676969572304827,-0.0002436364365362,-0.0002812769514785,445.0,0.0,0.8602267359870168,0.416073316382482,0.9767436890008184,0.0641119367943018,0.5340878171469802,0.4546269864432166,0.2913252060548866,0.124416561163175,0.0803511117705723,0.8174656721496811,0.1749951717571276,0.0321826839989172,0.5589492690391638,0.2225113306179205,100000,30,14,0.1,5.0,0.1,0,13,0.001,1e-06,0.001,1e-07,1.0,1e-08,adamax,0,0.0,disordered,1,0.4050882057873254,0 days 16:21:07.613160,0.0002436364304576,1.3547924611314388,1.2972151078166008
385,385,385,385,0.3026648059395688,0.3026648059395688,0.3026648059395688,0.3026648059395688,0.3026648059395688,0.3026648059395688,0.3026648059395688,0.3026648059395688,0.3026648059395688,0.3026648059395688,0.3026648059395688,0.3026648059395688,0.3026648059395688,0.3026648059395688,0.8570444985606347,9.617039114475897e-05,0.722907418906228,8.299633801592625e-05,0.0001352038902975,0.7517803399142502,1.1873596651116786e-05,0.2596689045640424,5.053083590901531e-06,7.376942130757757e-06,0.5320751270941227,3.6001147283608e-06,0.0541341270288586,4.679472328694482e-06,-0.000302531854679,-0.0004064308180966,8039.0,1.0,0.3697736077658321,0.8101363128429538,0.6014031377685471,0.1491607791759627,0.1286991711581556,0.5967692649703483,0.8424382511597339,0.4728904791868251,0.6743102410930518,0.7918020389548033,0.1611632448383022,0.65566490718991,0.9767674311051562,0.6864991146866753,100000,30,14,0.1,5.0,0.1,0,13,0.001,1e-06,0.001,1e-07,1.0,1e-08,adamax,0,0.0,disordered,1,0.2987405769501546,0 days 16:21:07.613160,0.0003025474623231,2.2817771807322247,1.3935682717589792
386,386,386,386,0.3919100249433399,0.3919100249433399,0.3919100249433399,0.3919100249433399,0.3919100249433399,0.3919100249433399,0.3919100249433399,0.3919100249433399,0.3919100249433399,0.3919100249433399,0.3919100249433399,0.3919100249433399,0.3919100249433399,0.3919100249433399,0.1845585881097537,0.6276976492668663,0.113667860968161,0.6687104119640096,0.1184642476103486,0.4233487988942275,0.2167105885707469,0.1418668179255516,0.1436682075821139,0.1450300574138035,0.18354476707887,1.0005055184376173,0.4379332596523221,0.1450282768833512,-0.0002438636032842,-0.0002827352978751,600.0,0.0,0.7063656388496063,0.1097672594158584,0.5761988566287133,0.1468813024270043,0.7106411026024182,0.4782738186463403,0.0572986595131552,0.2190365945489802,0.3901562065985702,0.144886516066273,0.3325942989567602,0.9992601243584844,0.2197886203535297,0.5738416692770718,100000,30,14,0.1,5.0,0.1,0,13,0.001,1e-06,0.001,1e-07,1.0,1e-08,adamax,0,0.0,disordered,1,0.3982497862584913,0 days 16:21:07.613160,0.0002438867646613,1.5125505138170718,1.3081112039864389
387,387,387,387,0.3228628202536728,0.3228628202536728,0.3228628202536728,0.3228628202536728,0.3228628202536728,0.3228628202536728,0.3228628202536728,0.3228628202536728,0.3228628202536728,0.3228628202536728,0.3228628202536728,0.3228628202536728,0.3228628202536728,0.3228628202536728,1.0010090539815355,0.4068128106150055,0.6708434699904177,0.4371602754458568,0.0915846998225278,0.5244610540884012,0.0906720363854287,0.5641247411785634,0.1204407581870527,0.1079658660005801,0.4427079060903091,0.3848193434254465,0.1081955703478324,0.1077209804804269,-0.0003100796448559,-0.0003639774900797,550.0,0.0,0.0044246297727955,0.94776207688652,0.8431877971672989,0.076926756762669,0.1640775841238413,0.5889098938452022,0.1582240491438289,0.3186352421090244,0.7868586014691246,0.6906391318322144,0.6394053235575408,0.0419931754943007,0.2124440790696045,0.1196279622646254,100000,30,14,0.1,5.0,0.1,0,13,0.001,1e-06,0.001,1e-07,1.0,1e-08,adamax,0,0.0,disordered,1,0.3214650430582264,0 days 16:21:07.613160,0.0003100825713344,1.3515963926264545,1.2994529931260772
388,388,388,388,0.4606028844202396,0.4606028844202396,0.4606028844202396,0.4606028844202396,0.4606028844202396,0.4606028844202396,0.4606028844202396,0.4606028844202396,0.4606028844202396,0.4606028844202396,0.4606028844202396,0.4606028844202396,0.4606028844202396,0.4606028844202396,0.170288608191766,0.213657037914324,0.1858309316538496,0.9128652893833314,0.1780846040989073,0.1794845878332443,0.2226575838460329,0.2351151887598735,0.2100034500493413,1.0000584589959038,0.4189641685570305,0.9731873267690104,0.1856377819778656,0.1937313479929381,-0.0002097027761112,-0.0002359914510127,457.0,0.0,0.5635489328790017,0.7465336242602753,0.481597369524578,0.8059920175883951,0.0756177169296772,0.1488783615121148,0.0631159156491667,0.4069117513832861,0.1983491845840524,0.925100462595671,0.1552443935880325,0.8030478839373323,0.0682633753156742,0.2378296802237579,100000,30,14,0.1,5.0,0.1,0,13,0.001,1e-06,0.001,1e-07,1.0,1e-08,adamax,0,0.0,disordered,1,0.4584757162055803,0 days 16:21:07.613160,0.0002097044083833,1.376409275200272,1.2766466933788674
389,389,389,389,0.3444087275973818,0.3444087275973818,0.3444087275973818,0.3444087275973818,0.3444087275973818,0.3444087275973818,0.3444087275973818,0.3444087275973818,0.3444087275973818,0.3444087275973818,0.3444087275973818,0.3444087275973818,0.3444087275973818,0.3444087275973818,1.0002324112013783,0.0942102471086417,0.2128379011697664,0.1999579735434369,0.4117549159724371,0.2604549007401308,0.4181001577916621,0.2137703646162609,0.1295681574461836,0.2012452981572589,0.923119079031746,0.1019448655786014,0.1648404084640799,0.2934631182950284,-0.0002786045304761,-0.0003119033707383,580.0,0.0,0.3414653668718492,0.9109750310514808,0.9603707068623992,0.655316152368591,0.3858945340329056,0.8679420449624552,0.5475987459921849,0.0874748104698309,0.35418518986067,0.1337350520161898,0.8054684793534074,0.2254593479487031,0.3448995269896708,0.644871770165876,100000,30,14,0.1,5.0,0.1,0,13,0.001,1e-06,0.001,1e-07,1.0,1e-08,adamax,0,0.0,disordered,1,0.3411306273056599,0 days 16:21:07.613160,0.0002786133731953,1.4571736274253972,1.3478931954460245
390,390,390,390,0.1692220351641035,0.1692220351641035,0.1692220351641035,0.1692220351641035,0.1692220351641035,0.1692220351641035,0.1692220351641035,0.1692220351641035,0.1692220351641035,0.1692220351641035,0.1692220351641035,0.1692220351641035,0.1692220351641035,0.1692220351641035,0.4445512824598558,5.4333410321981866e-05,5.527462682215061e-05,0.4363029307591369,0.1166990093205021,0.3339783079473194,0.1163062391315047,2.711250968936291e-05,2.394353431178568e-05,0.0702898303603787,0.0289619312914943,0.40407565103285,1.2394652419613307e-05,0.1965476929207268,-0.0004794635894475,-0.0005698886820121,7397.0,1.0,0.5602189450921227,0.7719383852770105,0.7528757807964268,0.9281663461076738,0.5310215879275292,0.3801299929028469,0.0543176892715134,0.1342209507836943,0.2044022602239826,0.1031902221782327,0.0022352480704844,0.4307531078917943,0.1159152094788605,0.3214828434319201,100000,30,14,0.1,5.0,0.1,0,13,0.001,1e-06,0.001,1e-07,1.0,1e-08,adamax,0,0.0,disordered,1,0.1676724773092761,0 days 16:21:07.613160,0.0004794740876601,2.1155446783325145,1.6071958896705403
391,391,391,391,0.31260072430687,0.31260072430687,0.31260072430687,0.31260072430687,0.31260072430687,0.31260072430687,0.31260072430687,0.31260072430687,0.31260072430687,0.31260072430687,0.31260072430687,0.31260072430687,0.31260072430687,0.31260072430687,0.4152201868137113,0.0048070775320728,0.0455445544044159,0.0800168323126358,0.0153138338942116,0.7712321873192315,0.0522248833960501,0.0652316991943706,0.0108780348840157,1.000090348574611,0.1758245956641443,0.0103367208211374,0.0275362369824695,0.1381828719055872,-0.0003154153944574,-0.0004246951113749,2052.0,0.0,0.3067743096086587,0.4136425956600331,0.5384913831989061,0.3226678518736501,0.2300198697910717,0.6623889679609051,0.1101221615745563,0.3451221496459224,0.1546508488147764,0.025493201686812,0.8229228620025792,0.7504520032525646,0.8575971491670297,0.6449237937876225,100000,30,14,0.1,5.0,0.1,0,13,0.001,1e-06,0.001,1e-07,1.0,1e-08,adamax,0,0.0,disordered,1,0.3125852566679924,0 days 16:21:07.613160,0.0003154153985665,1.8937246441685476,1.3551122180364612
392,392,392,392,0.31260072430687,0.31260072430687,0.31260072430687,0.31260072430687,0.31260072430687,0.31260072430687,0.31260072430687,0.31260072430687,0.31260072430687,0.31260072430687,0.31260072430687,0.31260072430687,0.31260072430687,0.31260072430687,0.7086199392096114,0.0576024519079943,0.0598055358439896,0.0513476750789828,1.0001997999420635,0.2194388078181733,0.0668370293083919,0.0671718743857554,0.0623312327021308,0.0633964330745015,0.2122608874977214,0.697410106663691,0.0734305262957096,0.7083176964277924,-0.0003048090859475,-0.0003772902397808,847.0,0.0,0.8307292743155575,0.4315473289881313,0.4856567490537737,0.4845504943239895,0.0711830085352931,0.8518343329898008,0.8530172072824797,0.984593150492002,0.8558921722446132,0.932450295273804,0.9775306000191508,0.3975414414420315,0.0714912741668479,0.5601002977142423,100000,30,14,0.1,5.0,0.1,0,13,0.001,1e-06,0.001,1e-07,1.0,1e-08,adamax,0,0.0,disordered,1,0.3167611556902059,0 days 16:21:07.613160,0.0003048298060089,1.559378841570376,1.2900714092473162
393,393,393,393,0.3919100249433399,0.3919100249433399,0.3919100249433399,0.3919100249433399,0.3919100249433399,0.3919100249433399,0.3919100249433399,0.3919100249433399,0.3919100249433399,0.3919100249433399,0.3919100249433399,0.3919100249433399,0.3919100249433399,0.3919100249433399,0.1017822436700434,0.9641075728303504,0.1214683970562216,0.6254693904650335,0.2953554951456339,0.1168160747975357,0.8539901038304837,1.0001786156770451,0.4066194756295179,0.1252437807399104,0.1231498234290497,0.1110659033612719,0.1530539251118651,0.3292189392753646,-0.0002482956152383,-0.0003096605395136,641.0,0.0,0.7762947126800197,0.9582739490714992,0.2677776550427568,0.3368189244939602,0.9598059598008344,0.8078174493490337,0.1719317107004105,0.9686934129665972,0.0307187192837778,0.0080358619467846,0.1879188510763596,0.1927842792595621,0.2921068165855192,0.6030226027679964,100000,30,14,0.1,5.0,0.1,0,13,0.001,1e-06,0.001,1e-07,1.0,1e-08,adamax,0,0.0,disordered,1,0.3902059047447538,0 days 16:21:07.613160,0.0002482972765854,1.2586971594817886,1.2882036895737248
394,394,394,394,0.3794532847236935,0.3794532847236935,0.3794532847236935,0.3794532847236935,0.3794532847236935,0.3794532847236935,0.3794532847236935,0.3794532847236935,0.3794532847236935,0.3794532847236935,0.3794532847236935,0.3794532847236935,0.3794532847236935,0.3794532847236935,0.9614512493341026,0.0681725033745208,0.1119486209515813,0.0879614024901856,0.4297203070850312,0.7687109159836341,0.2910820042916918,0.1095265995580986,0.4812738629722543,0.0843053047296391,0.1031512954726116,0.1229332503484397,0.3840482855196092,1.0000779969253184,-0.0002589517988893,-0.0003085059493864,750.0,0.0,0.92006895065972,0.4247042401612597,0.2119111778742417,0.4531602236821946,0.1470779049359977,0.8762897867936471,0.3317887883128524,0.5764227375061346,0.9169807566868498,0.5009288384725172,0.4685007457299357,0.6188524755980395,0.8691327568112146,0.1012588224930129,100000,30,14,0.1,5.0,0.1,0,13,0.001,1e-06,0.001,1e-07,1.0,1e-08,adamax,0,0.0,disordered,1,0.3751228653693458,0 days 16:21:07.613160,0.0002589648576058,1.5674056534822114,1.3048247368126125
395,395,395,395,0.4317879727332017,0.4317879727332017,0.4317879727332017,0.4317879727332017,0.4317879727332017,0.4317879727332017,0.4317879727332017,0.4317879727332017,0.4317879727332017,0.4317879727332017,0.4317879727332017,0.4317879727332017,0.4317879727332017,0.4317879727332017,0.4771507421206191,0.1556203811741187,1.0000494559648825,0.1370881613178007,0.4659909924059562,0.6602086885361629,0.3437225484261085,0.4297773192425274,0.2703098526685277,0.2049585997157468,0.5134579600950749,0.7581287805239948,0.1663637164447215,0.2001837236618359,-0.0002372626645177,-0.0002573720558392,652.0,0.0,0.6814215066029333,0.3379865107847667,0.1517178093126708,0.8967541234375397,0.9228173328636085,0.1385904530559727,0.4787754228691223,0.9948358555715848,0.7072735807209903,0.4051969903245617,0.1716854691798045,0.9858711779843162,0.6096803489283991,0.3879665209200317,100000,30,14,0.1,5.0,0.1,0,13,0.001,1e-06,0.001,1e-07,1.0,1e-08,adamax,0,0.0,disordered,1,0.430486001945727,0 days 16:21:07.613160,0.0002372634596156,1.2759882904334097,1.2525306920201045
396,396,396,396,0.2121550171362449,0.2121550171362449,0.2121550171362449,0.2121550171362449,0.2121550171362449,0.2121550171362449,0.2121550171362449,0.2121550171362449,0.2121550171362449,0.2121550171362449,0.2121550171362449,0.2121550171362449,0.2121550171362449,0.2121550171362449,1.0000194416132988,0.3344667066778761,0.005350922559919,0.390617989840019,0.0059075865159005,0.4657607825597827,0.0246774953633879,0.3314516011800655,0.0408435167935639,0.0245416236031705,0.0928792542495108,0.4367370575749927,0.022573283120663,0.1107978659031176,-0.0003779941906371,-0.0004764117680976,1638.0,0.0,0.2500355601637306,0.9404668059410964,0.6521376072235384,0.0085891188599948,0.6363610871397051,0.7725858175972655,0.5018035627325417,0.1272638007658598,0.3732774687630971,0.4793865570257138,0.5407194938509718,0.0987512070074391,0.3407709343350764,0.4801575235355311,100000,30,14,0.1,5.0,0.1,0,13,0.001,1e-06,0.001,1e-07,1.0,1e-08,adamax,0,0.0,disordered,1,0.2100991600105948,0 days 16:21:07.613160,0.0003780014330697,2.2110110372608913,1.5575085232423647
397,397,397,397,0.3444087275973818,0.3444087275973818,0.3444087275973818,0.3444087275973818,0.3444087275973818,0.3444087275973818,0.3444087275973818,0.3444087275973818,0.3444087275973818,0.3444087275973818,0.3444087275973818,0.3444087275973818,0.3444087275973818,0.3444087275973818,0.2440846108785048,0.0408243929859316,0.0297722644618358,0.6481942663564058,0.0474538247470463,0.1694084013971814,0.1152100030256176,0.050867988794365,0.0427845204098439,0.0353243957249542,1.00007103758815,0.2716705238917498,0.0381963451479653,0.7611476674506501,-0.0002873329989393,-0.0003729577613396,1146.0,0.0,0.232996881211676,0.0527537177449473,0.0825315427133343,0.509202252379113,0.0155571663055458,0.1311478678785814,0.2969192347050351,0.3819749526169108,0.4383435742997197,0.4100307161082041,0.0716629581621777,0.9030142146662644,0.8509124461317861,0.3997602068332945,100000,30,14,0.1,5.0,0.1,0,13,0.001,1e-06,0.001,1e-07,1.0,1e-08,adamax,0,0.0,disordered,1,0.3468302784689811,0 days 16:21:07.613160,0.0002873390399273,1.7152073561396115,1.276601260409621
398,398,398,398,0.3228628202536728,0.3228628202536728,0.3228628202536728,0.3228628202536728,0.3228628202536728,0.3228628202536728,0.3228628202536728,0.3228628202536728,0.3228628202536728,0.3228628202536728,0.3228628202536728,0.3228628202536728,0.3228628202536728,0.3228628202536728,0.0254889950642006,0.0254062490335556,0.1325167935114917,1.000176057799497,0.01095599076804,0.1649577854608033,0.0103325197209817,0.0167888317065794,0.01041806401611,0.0470876494495507,0.017158450727234,0.4891396099816042,0.6881692387254772,0.0840188159845089,-0.0002724226365473,-0.00036286678509,1503.0,0.0,0.8925417306576354,0.8724594995880467,0.8818706342834474,0.2508849869347904,0.5068210554810945,0.9706803355479112,0.5215053344902167,0.8302559849842693,0.5402986657569018,0.8867957578259319,0.5120682298119937,0.7735731316652373,0.1149615491203647,0.596802628327166,100000,30,14,0.1,5.0,0.1,0,13,0.001,1e-06,0.001,1e-07,1.0,1e-08,adamax,0,0.0,disordered,1,0.322789479410176,0 days 16:21:07.613160,0.0002724226379026,2.295867080091873,1.4227440132848062
399,399,399,399,0.3919100249433399,0.3919100249433399,0.3919100249433399,0.3919100249433399,0.3919100249433399,0.3919100249433399,0.3919100249433399,0.3919100249433399,0.3919100249433399,0.3919100249433399,0.3919100249433399,0.3919100249433399,0.3919100249433399,0.3919100249433399,0.970366651008604,0.1349229277984745,0.2365934548601657,0.1574253253701017,1.000771551589157,0.1382582306999261,0.2088323050920746,0.3205418384091111,0.7459133185744431,0.6612974016565252,0.1367122282919778,0.2321257746442412,0.1388385494082562,0.157091790531194,-0.0002467529951941,-0.0002955570125504,470.0,0.0,0.0289217346996859,0.6050717355829925,0.6252034262650652,0.9275704520554352,0.16330371862566,0.932950459210245,0.8901376253091028,0.5636310158020906,0.0738192033744657,0.9315598975200312,0.555107633170457,0.2598344842718589,0.558448793021853,0.4629233181138372,100000,30,14,0.1,5.0,0.1,0,13,0.001,1e-06,0.001,1e-07,1.0,1e-08,adamax,0,0.0,disordered,1,0.3890903456776117,0 days 16:21:07.613160,0.0002467576782399,1.5028617246974432,1.319952853256005
400,400,400,400,0.3794532847236935,0.3794532847236935,0.3794532847236935,0.3794532847236935,0.3794532847236935,0.3794532847236935,0.3794532847236935,0.3794532847236935,0.3794532847236935,0.3794532847236935,0.3794532847236935,0.3794532847236935,0.3794532847236935,0.3794532847236935,0.0041939705237821,0.4408652401409832,0.0006658852843364,0.7768343122082209,0.2189223637653266,0.5538275484757539,0.1668206052650087,0.2579797886039947,0.7058035722597623,0.0001989338455557,0.4511641168672688,0.4178030620006798,0.0001397493440509,0.8472346646284922,-0.0002569762223451,-0.0002766521922366,6527.0,1.0,0.0965189369829478,0.4966181532688682,0.0493171992577674,0.0854066718837814,0.7791703076324585,0.4413755041777686,0.9674035276021284,0.7600684212099268,0.1796904010903852,0.5809064359670586,0.8322220375021512,0.2448220828064458,0.4810487683326697,0.9600160177610196,100000,30,14,0.1,5.0,0.1,0,13,0.001,1e-06,0.001,1e-07,1.0,1e-08,adamax,0,0.0,disordered,1,0.3773321980876585,0 days 16:21:07.613160,0.0002569792818847,1.5818444853145195,1.3246310907113876
401,401,401,401,0.2575263326771198,0.2575263326771198,0.2575263326771198,0.2575263326771198,0.2575263326771198,0.2575263326771198,0.2575263326771198,0.2575263326771198,0.2575263326771198,0.2575263326771198,0.2575263326771198,0.2575263326771198,0.2575263326771198,0.2575263326771198,0.0007037151566729,3.675664938196034e-05,0.0522959333187598,0.4920521501587437,3.045902980729075e-05,0.7225424410784779,0.0615468434917907,0.1599812193587808,0.1131491948734195,0.4541098174577787,3.364656566541221e-05,0.5349230844413029,0.0861601695007706,0.1465484850755021,-0.0003208014455001,-0.0003658933776716,8179.0,1.0,0.3950129844229094,0.3910093644577334,0.3090302978689837,0.7845505877915102,0.5177488915231727,0.3714240135560924,0.9235630673418208,0.936238381927084,0.7047648902050764,0.1832028060730191,0.603030671514835,0.2536038843564333,0.7389025746576314,0.600595786378689,100000,30,14,0.1,5.0,0.1,0,13,0.001,1e-06,0.001,1e-07,1.0,1e-08,adamax,0,0.0,disordered,1,0.2575378891723908,0 days 16:21:07.613160,0.000320801449464,1.9331109382153946,1.481742276344052
402,402,402,402,0.4913407286296357,0.4913407286296357,0.4913407286296357,0.4913407286296357,0.4913407286296357,0.4913407286296357,0.4913407286296357,0.4913407286296357,0.4913407286296357,0.4913407286296357,0.4913407286296357,0.4913407286296357,0.4913407286296357,0.4913407286296357,0.2441263891654709,0.247470050064146,0.2567843392918727,0.3130150390160221,0.3166925718347402,0.5497233920495704,0.2813854365804669,0.5109975682482711,0.6657788558766035,0.2218468979587816,0.981594537447388,0.2404372691327959,0.2262706670615842,1.0003316735348522,-0.0002010868356493,-0.0002174901151951,345.0,0.0,0.7570572020104828,0.5907240952847114,0.7010243500330174,0.9684130575940378,0.4922369914244163,0.9275204901341656,0.3613686377893196,0.2063427263171846,0.996629289698394,0.667286221375886,0.0741571161963933,0.881248939634873,0.7200995178291671,0.0159347778510288,100000,30,14,0.1,5.0,0.1,0,13,0.001,1e-06,0.001,1e-07,1.0,1e-08,adamax,0,0.0,disordered,1,0.4973508871287671,0 days 16:21:07.613160,0.0002010987175622,1.3469109002551367,1.2388302886374047
403,403,403,403,0.2121550171362449,0.2121550171362449,0.2121550171362449,0.2121550171362449,0.2121550171362449,0.2121550171362449,0.2121550171362449,0.2121550171362449,0.2121550171362449,0.2121550171362449,0.2121550171362449,0.2121550171362449,0.2121550171362449,0.2121550171362449,1.0001806267651467,0.0823061208319406,0.6148438802969118,0.0640993172099431,0.5952384594432011,0.0346359128763332,0.1410302224862898,0.1435641590646309,0.0417548544047022,0.4167843099711772,0.1809159018011325,0.0429359220151678,0.0314393470177718,0.6209667563489024,-0.0003765310562252,-0.0004367366157023,924.0,0.0,0.4993996647076274,0.9998558026350854,0.4078326847613062,0.9470754971397144,0.4385693605078489,0.8025595391011993,0.8643611522715854,0.5861529868949396,0.5135374428785487,0.7786139674263414,0.3294104463864007,0.4803225417382838,0.4548528261292121,0.8532817978265456,100000,30,14,0.1,5.0,0.1,0,13,0.001,1e-06,0.001,1e-07,1.0,1e-08,adamax,0,0.0,disordered,1,0.214006850446752,0 days 16:21:07.613160,0.0003765376536378,1.8598603395004971,1.609881927422587
404,404,404,404,0.3557150206821381,0.3557150206821381,0.3557150206821381,0.3557150206821381,0.3557150206821381,0.3557150206821381,0.3557150206821381,0.3557150206821381,0.3557150206821381,0.3557150206821381,0.3557150206821381,0.3557150206821381,0.3557150206821381,0.3557150206821381,0.8091642779677266,0.4737744319131513,0.7934544858283342,0.085747766227438,0.0008075682210323,0.8076084767319992,0.2305211366286275,0.167497645496871,0.0005596577854754,0.000165261163187,0.882855508485799,0.4261337370250566,0.0303559100217745,0.0049530344793274,-0.0002746162030111,-0.0003399210290465,6805.0,1.0,0.921567785671202,0.176900909709231,0.8542513822134958,0.3488111562141596,0.4372606844742924,0.055145828599825,0.7318528353626711,0.5592732412885227,0.3561254802394609,0.4326205638799648,0.9092766636370226,0.1961302692774408,0.4499020887601183,0.5265325460354906,100000,30,14,0.1,5.0,0.1,0,13,0.001,1e-06,0.001,1e-07,1.0,1e-08,adamax,0,0.0,disordered,1,0.3507156255753926,0 days 16:21:07.613160,0.0002746363793996,1.775574284502745,1.3672153517020156
405,405,405,405,0.4606028844202396,0.4606028844202396,0.4606028844202396,0.4606028844202396,0.4606028844202396,0.4606028844202396,0.4606028844202396,0.4606028844202396,0.4606028844202396,0.4606028844202396,0.4606028844202396,0.4606028844202396,0.4606028844202396,0.4606028844202396,0.2117789507441915,0.863421942327713,0.2003696886398459,0.218513402764803,0.2076016910760047,0.2412869368612676,0.235889954862124,0.2140630104956994,0.7247838055813225,0.49197732203679,0.5912335677689889,0.4224939760272923,0.2227239489428957,1.0009431051892723,-0.0002250386215099,-0.0002496839670434,371.0,0.0,0.8556529788449271,0.9316943602598226,0.2586452226404353,0.079731208957217,0.1763118632702345,0.0574940029303201,0.3692756956058796,0.2412400554150854,0.0001583360637968,0.8561912652023629,0.8771104169210174,0.1487175470663148,0.2565814237180059,0.9807974466026292,100000,30,14,0.1,5.0,0.1,0,13,0.001,1e-06,0.001,1e-07,1.0,1e-08,adamax,0,0.0,disordered,1,0.4563147115435321,0 days 16:21:07.613160,0.0002250475273903,1.3035794223630588,1.1937653409209628
406,406,406,406,0.4047756965997316,0.4047756965997316,0.4047756965997316,0.4047756965997316,0.4047756965997316,0.4047756965997316,0.4047756965997316,0.4047756965997316,0.4047756965997316,0.4047756965997316,0.4047756965997316,0.4047756965997316,0.4047756965997316,0.4047756965997316,0.6464089805332767,3.870974904871316e-05,0.0103253312776355,0.0001149884907203,0.9316105899900028,0.0002652771424262,0.0001159967795796,0.0002288226802511,0.2833749551007304,0.8589690170991736,0.8697125305337782,0.0196271402917459,0.3055800270356114,0.2945049065336845,-0.0002413268998738,-0.0002935019571119,6716.0,1.0,0.7779387287203612,0.5305321076074754,0.3340742038910339,0.5537735817030518,0.755179315460992,0.114368136540646,0.1173263111222926,0.0709660569619977,0.2523576334423145,0.9057847636915864,0.060406081111584,0.5709291755724016,0.7774433481572746,0.381014453349313,100000,30,14,0.1,5.0,0.1,0,13,0.001,1e-06,0.001,1e-07,1.0,1e-08,adamax,0,0.0,disordered,1,0.4086969089635935,0 days 16:21:07.613160,0.0002413357058239,1.7633902313891465,1.260946374296504
407,407,407,407,0.367392478180207,0.367392478180207,0.367392478180207,0.367392478180207,0.367392478180207,0.367392478180207,0.367392478180207,0.367392478180207,0.367392478180207,0.367392478180207,0.367392478180207,0.367392478180207,0.367392478180207,0.367392478180207,0.2088613040506961,0.577852155793307,0.0130259184098105,0.8573794877899703,0.2876441840976587,0.3386691192311327,0.1286921767562624,6.127437280723445e-06,0.4021142993182385,0.1225247128270724,0.0340056990964943,0.5805142718787981,3.907116055342523e-07,0.7979417755317838,-0.0002424663461128,-0.0002936778902524,100000.0,0.0,0.9317318978627313,0.4167391333477563,0.8291542835035546,0.1433419578333007,0.7116079507581425,0.2373595416905221,0.432101953089105,0.5643094168885066,0.5279857101307782,0.9606665134754928,0.7911366063882921,0.0940267400653408,0.710436087155338,0.1790579110141255,100000,30,14,0.1,5.0,0.1,0,13,0.001,1e-06,0.001,1e-07,1.0,1e-08,adamax,0,0.0,disordered,1,0.3628950194004491,0 days 16:21:07.613160,0.0002424753619191,1.794940892582269,1.3531614592759738
408,408,408,408,0.3026648059395688,0.3026648059395688,0.3026648059395688,0.3026648059395688,0.3026648059395688,0.3026648059395688,0.3026648059395688,0.3026648059395688,0.3026648059395688,0.3026648059395688,0.3026648059395688,0.3026648059395688,0.3026648059395688,0.3026648059395688,0.6178017243028185,3.939236398654993e-06,0.5816833266739548,0.3014907641461682,0.4780914918978772,0.4351042055986409,0.2378591468979871,0.2475386317829818,1.0260001363335955e-06,0.545268075683215,0.1053086874078868,1.3644560482344678e-07,0.4325204669121207,1.07111393756205e-07,-0.0002977586095077,-0.000350732815086,100000.0,0.0,0.3657253925411833,0.0226621325884538,0.1197683377143737,0.719347623919078,0.3489145739508439,0.9655896216936398,0.5427321659462916,0.8266591679189909,0.9926375562776468,0.978734930579784,0.4888335545212123,0.5778654677138044,0.137083815803669,0.6488977399820093,100000,30,14,0.1,5.0,0.1,0,13,0.001,1e-06,0.001,1e-07,1.0,1e-08,adamax,0,0.0,disordered,1,0.3007158768763051,0 days 16:21:07.613160,0.0002977619035458,1.5261462156995151,1.3943738757653548
409,409,409,409,0.3919100249433399,0.3919100249433399,0.3919100249433399,0.3919100249433399,0.3919100249433399,0.3919100249433399,0.3919100249433399,0.3919100249433399,0.3919100249433399,0.3919100249433399,0.3919100249433399,0.3919100249433399,0.3919100249433399,0.3919100249433399,0.5193876499622295,0.2729545345674335,0.0002905952077753,0.2433123744120183,0.0045431400047387,0.001200693843899,0.2379720707095164,0.545967043593386,0.2388175085350257,0.3295486454705523,0.0019248754439487,0.2320220518115383,0.8163432456781844,0.7515096145873097,-0.0002434029991404,-0.0002889972155437,6932.0,1.0,0.3569402751842365,0.7799999831761204,0.5698587620461563,0.5532918085295625,0.7795915989881588,0.8369564573089643,0.6305299917287325,0.098059574945663,0.4939697806696594,0.8852123344178169,0.7371390638061622,0.593310820055502,0.0626312376663938,0.9740412613825372,100000,30,14,0.1,5.0,0.1,0,13,0.001,1e-06,0.001,1e-07,1.0,1e-08,adamax,0,0.0,disordered,1,0.3944026268707006,0 days 16:21:07.613160,0.0002434063907746,1.6580894426916737,1.2271587782693296
410,410,410,410,0.4047756965997316,0.4047756965997316,0.4047756965997316,0.4047756965997316,0.4047756965997316,0.4047756965997316,0.4047756965997316,0.4047756965997316,0.4047756965997316,0.4047756965997316,0.4047756965997316,0.4047756965997316,0.4047756965997316,0.4047756965997316,0.1880420709115855,0.0004220163212456,0.7869330398956327,5.10255952701741e-05,0.1041493847885677,0.4235449506742956,0.0287319240823672,0.0486763273966606,0.9221686248346044,0.960945291934125,7.841231589369019e-05,0.001926079478578,0.0575553677939104,0.6870074852460685,-0.0002436299971494,-0.0003015154527338,6677.0,1.0,0.0268998871928112,0.1392309437319007,0.068276396389596,0.6204465189832732,0.4824976044455001,0.9347611917994336,0.6237183284922451,0.5636332643790172,0.0226832867183802,0.9537640542411704,0.4533141647801824,0.2658425192217553,0.4999977343555219,0.946000806737788,100000,30,14,0.1,5.0,0.1,0,13,0.001,1e-06,0.001,1e-07,1.0,1e-08,adamax,0,0.0,disordered,1,0.4091946782278096,0 days 16:21:07.613160,0.0002436414319837,1.8619794233329776,1.2807416109583785
411,411,411,411,0.293044697697214,0.293044697697214,0.293044697697214,0.293044697697214,0.293044697697214,0.293044697697214,0.293044697697214,0.293044697697214,0.293044697697214,0.293044697697214,0.293044697697214,0.293044697697214,0.293044697697214,0.293044697697214,0.4119913818611103,0.7012608863225902,0.0453766749280486,0.1743423780617625,0.5655592115844201,2.8552590381101395e-05,0.2338317596845502,2.2383459733231192e-05,0.6768102413832273,0.0001568438777466,0.7238025755790394,0.0669043989842336,0.0001123926947948,0.4487022677041581,-0.0003127519829071,-0.0003686001195661,7103.0,1.0,0.7558106596901004,0.1039072838468661,0.553008879960637,0.4251651805897144,0.1577192876015617,0.667404054399585,0.1609321342283693,0.7032443776101638,0.6075310642765898,0.2325899952372897,0.0667857961317904,0.6122596778222226,0.6030852178590124,0.3191494085193088,100000,30,14,0.1,5.0,0.1,0,13,0.001,1e-06,0.001,1e-07,1.0,1e-08,adamax,0,0.0,disordered,1,0.2903371699690479,0 days 16:21:07.613160,0.0003127607432919,1.842809450309892,1.4372875614056362
412,412,412,412,0.4180637241455752,0.4180637241455752,0.4180637241455752,0.4180637241455752,0.4180637241455752,0.4180637241455752,0.4180637241455752,0.4180637241455752,0.4180637241455752,0.4180637241455752,0.4180637241455752,0.4180637241455752,0.4180637241455752,0.4180637241455752,0.7115571118574914,0.2179719170078231,0.1347605826825866,0.0002515664840934,0.0002368851480949,0.8069810105321196,0.8987557261780459,0.7543084462283196,0.0678489811877023,0.6940713985211935,0.4530390917591082,0.4925999816509339,0.0003136498376947,0.000226443438201,-0.0002213077308781,-0.0002587147792083,7014.0,1.0,0.257656434143466,0.7462871487028023,0.5590418129770737,0.4505760805328354,0.4511527664247908,0.9239768852467044,0.0145003676446708,0.8881324268587995,0.4361993291817716,0.0325399578546479,0.7023098195786367,0.1602318142272402,0.4789417905721482,0.4269567963579638,100000,30,14,0.1,5.0,0.1,0,13,0.001,1e-06,0.001,1e-07,1.0,1e-08,adamax,0,0.0,disordered,1,0.4225077727718134,0 days 16:21:07.613160,0.000221315419888,1.3781725975881847,1.3070304288591503
413,413,413,413,0.1692220351641035,0.1692220351641035,0.1692220351641035,0.1692220351641035,0.1692220351641035,0.1692220351641035,0.1692220351641035,0.1692220351641035,0.1692220351641035,0.1692220351641035,0.1692220351641035,0.1692220351641035,0.1692220351641035,0.1692220351641035,9.999866191914761e-08,1.891128057355063e-07,0.0571735238458498,2.087026837997801e-07,2.3937802958526066e-07,2.230196801259576e-07,0.9175134083521044,0.1479971212254508,4.7233835724226564e-07,0.1789415061293012,7.137186268362143e-07,2.1406168021087184e-06,0.0679144376148386,0.0980154932159765,-0.0004117153850253,-0.0006168597775805,16430.0,0.0,0.9315206444548928,0.6861887539108896,0.8897970999120511,0.8753478975154736,0.6777346181201297,0.90319524593537,0.199217838031007,0.7843657301576155,0.6484874063229421,0.9414595995183416,0.6613685750141448,0.6960798619141726,0.5280781247525055,0.6562230306091649,100000,30,14,0.1,5.0,0.1,0,13,0.001,1e-06,0.001,1e-07,1.0,1e-08,adamax,0,0.0,disordered,1,0.1692207328837163,0 days 16:21:07.613160,0.0004117153844503,3.0749785298258288,1.8907550728659361
414,414,414,414,0.3444087275973818,0.3444087275973818,0.3444087275973818,0.3444087275973818,0.3444087275973818,0.3444087275973818,0.3444087275973818,0.3444087275973818,0.3444087275973818,0.3444087275973818,0.3444087275973818,0.3444087275973818,0.3444087275973818,0.3444087275973818,0.6559543575217904,0.0598786821673396,0.5180194624473631,0.083125795957443,0.1817977146945509,0.0967906652555146,0.0496646274579729,0.0585768152179119,0.2763821223323652,0.182873532610203,1.0002024074247442,0.3130591913679023,0.077612713777083,0.0963192423749411,-0.000291923421762,-0.0003743561081732,984.0,0.0,0.5672203053707893,0.1791782058925952,0.1280333828056958,0.5428016341306184,0.5638904250123087,0.8226444866215767,0.7895322860633808,0.7825154795956952,0.6516774537694776,0.3482302615205167,0.0026343663339742,0.8895558334460113,0.7176355130265967,0.930257834394464,100000,30,14,0.1,5.0,0.1,0,13,0.001,1e-06,0.001,1e-07,1.0,1e-08,adamax,0,0.0,disordered,1,0.3446469654617747,0 days 16:21:07.613160,0.0002919235746847,1.5074693442378793,1.2617626177033234
415,415,415,415,0.4047756965997316,0.4047756965997316,0.4047756965997316,0.4047756965997316,0.4047756965997316,0.4047756965997316,0.4047756965997316,0.4047756965997316,0.4047756965997316,0.4047756965997316,0.4047756965997316,0.4047756965997316,0.4047756965997316,0.4047756965997316,1.000192559472418,0.164220326022955,0.1688640706466466,0.1806962962636239,0.1826042157502111,0.1726490729318948,0.4284850096968661,0.8557570064067161,0.7198878353357029,0.1580184164769664,0.1862438981598018,0.3031804219280683,0.238910331047747,0.351321912535886,-0.0002452424829924,-0.0002911864538405,420.0,0.0,0.7101898209887555,0.0102627377740803,0.1174155870597191,0.1795380272559462,0.3440912480742941,0.4985350146341423,0.2345977324718854,0.996744755122984,0.0286529124161153,0.4329269989624981,0.3937998656151162,0.7545407244066544,0.4503692892721964,0.0994137635863727,100000,30,14,0.1,5.0,0.1,0,13,0.001,1e-06,0.001,1e-07,1.0,1e-08,adamax,0,0.0,disordered,1,0.4068989377341038,0 days 16:21:07.613160,0.0002452455447648,1.3094768958048726,1.2563297624306502
416,416,416,416,0.2263129568399526,0.2263129568399526,0.2263129568399526,0.2263129568399526,0.2263129568399526,0.2263129568399526,0.2263129568399526,0.2263129568399526,0.2263129568399526,0.2263129568399526,0.2263129568399526,0.2263129568399526,0.2263129568399526,0.2263129568399526,0.69775641841615,1.782909116778017e-05,0.7492782976019464,1.3623959631695917e-07,0.273568686748854,1.3760381508146298e-07,0.7530529405585399,0.0650816542965014,0.0583860839366168,0.2968113129339398,4.050843533262764e-06,8.992406824831492e-07,9.999822009252172e-08,0.6030953895487368,-0.0003728507938933,-0.0004795150096838,38070.0,0.0,0.3416856101095349,0.6807932640255311,0.8620167336440742,0.8928341097651193,0.2642037554386612,0.890180363817954,0.9231419052470908,0.4597422857480402,0.4281232401409061,0.3826174233499158,0.6669389450730641,0.9798546545522298,0.7063168939058431,0.5120804824345455,100000,30,14,0.1,5.0,0.1,0,13,0.001,1e-06,0.001,1e-07,1.0,1e-08,adamax,0,0.0,disordered,1,0.2260069553718517,0 days 16:21:07.613160,0.0003728509882217,1.887702039971404,1.4925409527957554
417,417,417,417,0.3444087275973818,0.3444087275973818,0.3444087275973818,0.3444087275973818,0.3444087275973818,0.3444087275973818,0.3444087275973818,0.3444087275973818,0.3444087275973818,0.3444087275973818,0.3444087275973818,0.3444087275973818,0.3444087275973818,0.3444087275973818,0.8641155771884788,0.3519241706106981,3.4655206092976086e-05,0.1475645595044667,5.0555800424642846e-05,0.5348437387501876,0.2795413925311321,0.2132743606684747,0.638139450186711,1.905322448235329e-05,0.0311001652133339,2.320016344796502e-05,0.8205735096543698,0.0657543588786645,-0.0002506230378042,-0.0003204295647167,7600.0,1.0,0.295170176040476,0.9413704114140174,0.6144317985370988,0.8539510310694388,0.5509919645317711,0.2696837275858426,0.799997343997556,0.9739165967910208,0.3619579210134713,0.7832545350956869,0.3796811469478616,0.8005184078997508,0.1987976862911429,0.7236161689856554,100000,30,14,0.1,5.0,0.1,0,13,0.001,1e-06,0.001,1e-07,1.0,1e-08,adamax,0,0.0,disordered,1,0.3450515158174675,0 days 16:21:07.613160,0.0002506233172884,1.847088906443304,1.377141934004302
418,418,418,418,0.2659804395593755,0.2659804395593755,0.2659804395593755,0.2659804395593755,0.2659804395593755,0.2659804395593755,0.2659804395593755,0.2659804395593755,0.2659804395593755,0.2659804395593755,0.2659804395593755,0.2659804395593755,0.2659804395593755,0.2659804395593755,1.0001233671496588,0.1460125564367604,0.8063881710891776,0.586292398473794,0.4939886031542714,0.0428077411621575,0.1653793644865184,0.2072058924183873,0.111722276233802,0.0407709270388667,0.2210485801957148,0.1086298736236159,0.1504843990797035,0.400477950009183,-0.0003564631280407,-0.0004234266596783,951.0,0.0,0.9197242271809284,0.3286536768898924,0.0372020220714667,0.9398757066376384,0.5616296532373843,0.2403725752353733,0.0417902695619176,0.3446340232909837,0.5680709352972134,0.515183812562731,0.3151414277139536,0.6151674473762566,0.7717489201344195,0.4045809758220061,100000,30,14,0.1,5.0,0.1,0,13,0.001,1e-06,0.001,1e-07,1.0,1e-08,adamax,0,0.0,disordered,1,0.263930722087211,0 days 16:21:07.613160,0.000356470927491,1.5577113344905744,1.3753673245092488
419,419,419,419,0.4459627626819087,0.4459627626819087,0.4459627626819087,0.4459627626819087,0.4459627626819087,0.4459627626819087,0.4459627626819087,0.4459627626819087,0.4459627626819087,0.4459627626819087,0.4459627626819087,0.4459627626819087,0.4459627626819087,0.4459627626819087,0.1986821050357997,0.8736442111839249,0.3554715011556238,0.3423734361533975,0.2763995592697074,0.2160106173890987,0.1911817880233683,0.6765991130956388,0.1969523201155795,0.2227362953145142,1.000297059444377,0.1960054158195656,0.1901798323015235,0.8338763058980314,-0.0002137447676897,-0.0002481605734997,370.0,0.0,0.7253494477697275,0.9391036118184832,0.0985926528911563,0.2108116888655306,0.6369484962093364,0.7255276743820045,0.8767298968811298,0.3167229488791921,0.8205293585788253,0.9827427779920296,0.1407934529581205,0.9404062634838704,0.8743690913798847,0.3048492670131113,100000,30,14,0.1,5.0,0.1,0,13,0.001,1e-06,0.001,1e-07,1.0,1e-08,adamax,0,0.0,disordered,1,0.4451561245956896,0 days 16:21:07.613160,0.0002137448901916,1.4692613357123228,1.2642569944699467
420,420,420,420,0.2747120789270809,0.2747120789270809,0.2747120789270809,0.2747120789270809,0.2747120789270809,0.2747120789270809,0.2747120789270809,0.2747120789270809,0.2747120789270809,0.2747120789270809,0.2747120789270809,0.2747120789270809,0.2747120789270809,0.2747120789270809,0.0744939288537635,0.2645922879744644,0.3902102060710574,0.0782471130937704,0.2999135440178854,0.3272978303562032,0.3429549882606467,1.00066756797894,0.2300789261842703,0.0906321873092633,0.0788374721136808,0.0773578249089081,0.0766525167619894,0.0772148009286153,-0.0003050554851935,-0.0004281732947467,568.0,0.0,0.6145896220331847,0.615737034421334,0.1230384121512542,0.3740582604451449,0.3392535142368578,0.7802682274627909,0.9628732102721804,0.0502871393856284,0.8308844541150153,0.5992114957487431,0.7383903322259817,0.7133793185509453,0.7801329615803527,0.7391632969455101,100000,30,14,0.1,5.0,0.1,0,13,0.001,1e-06,0.001,1e-07,1.0,1e-08,adamax,0,0.0,disordered,1,0.2784570440876504,0 days 16:21:07.613160,0.0003050699130536,1.5297564051235584,1.4426957648784
421,421,421,421,0.2337423870891812,0.2337423870891812,0.2337423870891812,0.2337423870891812,0.2337423870891812,0.2337423870891812,0.2337423870891812,0.2337423870891812,0.2337423870891812,0.2337423870891812,0.2337423870891812,0.2337423870891812,0.2337423870891812,0.2337423870891812,1.0000931341709345,0.0394772561382112,0.7823787164287394,0.1989412967864929,0.0112503811164986,0.1343128316835746,0.0091745282395499,0.7541505489965655,0.1154670908641425,0.0150883976013663,0.1602346350294099,0.0350805417660659,0.0256345739525118,0.103593789045407,-0.000342088766242,-0.0004624807342042,1491.0,0.0,0.4082365160640961,0.922665412092793,0.2785954786268865,0.8452052320111841,0.6108044477250615,0.0747661923734003,0.5481698481112269,0.1509715887844878,0.8161648865616052,0.6614022898719162,0.6981847229478623,0.90548660852674,0.9310054513217976,0.7576629370816018,100000,30,14,0.1,5.0,0.1,0,13,0.001,1e-06,0.001,1e-07,1.0,1e-08,adamax,0,0.0,disordered,1,0.2332236666361946,0 days 16:21:07.613160,0.0003420892254881,2.025492728793727,1.5351478920396908
422,422,422,422,0.31260072430687,0.31260072430687,0.31260072430687,0.31260072430687,0.31260072430687,0.31260072430687,0.31260072430687,0.31260072430687,0.31260072430687,0.31260072430687,0.31260072430687,0.31260072430687,0.31260072430687,0.31260072430687,0.0541314496130692,9.680609369503329e-06,0.95299119425178,0.1173147999573819,1.5207234764562913e-07,0.0747353179136812,9.99977194273554e-08,0.3137825406285628,0.103453417026651,0.2557717111332896,0.3074462726655141,0.0560705014886745,0.6700919486616745,4.4205940960809664e-06,-0.0002958730924779,-0.0003362255846759,45095.0,0.0,0.916946471129361,0.9626762845967882,0.8339234140548013,0.0829648110269285,0.2380051220448843,0.7959494278392343,0.2994588670545705,0.7091862281603661,0.3668832034832454,0.6163951534534049,0.9963415584102784,0.7958607784605288,0.374949477986659,0.0592309482319466,100000,30,14,0.1,5.0,0.1,0,13,0.001,1e-06,0.001,1e-07,1.0,1e-08,adamax,0,0.0,disordered,1,0.3172053897690353,0 days 16:21:07.613160,0.0002958940591388,1.879849779908572,1.3511914947349744
423,423,423,423,0.2493409369951876,0.2493409369951876,0.2493409369951876,0.2493409369951876,0.2493409369951876,0.2493409369951876,0.2493409369951876,0.2493409369951876,0.2493409369951876,0.2493409369951876,0.2493409369951876,0.2493409369951876,0.2493409369951876,0.2493409369951876,1.1759770715910992e-05,0.4746659610286729,0.1654405805457554,0.1600645609203314,0.0864340043229087,3.654423938383037e-07,4.695663071496169e-07,0.0040078727455392,0.5792504593171911,0.8350915556649645,1.922590798654634e-07,0.0156585554531752,0.0302834886232866,0.2447982981647363,-0.0003583528112535,-0.0004681341785114,100000.0,0.0,0.6940682256143149,0.4883923393747944,0.9465673358770637,0.7915344389009975,0.6134193977519604,0.5761914292839605,0.6789525182142064,0.6272934215258565,0.2225776035200455,0.8393711502554573,0.3067638431943043,0.1842307100572533,0.3568542352760572,0.558589465836187,100000,30,14,0.1,5.0,0.1,0,13,0.001,1e-06,0.001,1e-07,1.0,1e-08,adamax,0,0.0,disordered,1,0.245738237897368,0 days 16:21:07.613160,0.0003583761248047,1.9085129768682763,1.4810446791180245
424,424,424,424,0.3228628202536728,0.3228628202536728,0.3228628202536728,0.3228628202536728,0.3228628202536728,0.3228628202536728,0.3228628202536728,0.3228628202536728,0.3228628202536728,0.3228628202536728,0.3228628202536728,0.3228628202536728,0.3228628202536728,0.3228628202536728,0.0004240285255663,0.4996061777663299,0.3147978838127123,0.0002161315463268,0.8131064046581803,0.5338626176114885,0.0002971524032233,0.0003594555381554,0.2520167531743109,0.050972591713861,0.380992280635488,0.0201206959275181,0.6887400692461217,0.024934558916743,-0.0002801224294242,-0.0003342416231345,6646.0,1.0,0.3897997292682356,0.0764226586737343,0.5828349493575802,0.744290071687234,0.9127079982544666,0.0222840237082316,0.2954126329471376,0.2093078830887529,0.4567925929692461,0.1312117020589208,0.4334551708785353,0.6576695860099616,0.1854528816467041,0.7703435978534116,100000,30,14,0.1,5.0,0.1,0,13,0.001,1e-06,0.001,1e-07,1.0,1e-08,adamax,0,0.0,disordered,1,0.3274875586092199,0 days 16:21:07.613160,0.0002801401375674,1.6013129649754143,1.3320454967846775
425,425,425,425,0.5074705239490462,0.5074705239490462,0.5074705239490462,0.5074705239490462,0.5074705239490462,0.5074705239490462,0.5074705239490462,0.5074705239490462,0.5074705239490462,0.5074705239490462,0.5074705239490462,0.5074705239490462,0.5074705239490462,0.5074705239490462,0.5601630511763563,0.2533793040746905,0.2232373605402774,0.5572597921292038,0.2852014017440332,0.916058989510422,0.1939067822526888,0.2248212745627138,0.3860932493038815,0.2182931323499206,0.1857188553070928,1.0001149700751983,0.5313338880927642,0.9699231047893954,-0.0001902637385209,-0.0002110621426919,443.0,0.0,0.069092282598041,0.472199049063251,0.6312166243975261,0.9123571199606536,0.3550780741605263,0.0643741100520589,0.813136186851187,0.8791268861887086,0.4378610281610287,0.800773722196821,0.900861959426306,0.1277661680685139,0.8808733530526761,0.0100175064669424,100000,30,14,0.1,5.0,0.1,0,13,0.001,1e-06,0.001,1e-07,1.0,1e-08,adamax,0,0.0,disordered,1,0.5107681764223925,0 days 16:21:07.613160,0.0001902661347907,1.3640579625981073,1.208173356087153
426,426,426,426,0.3794532847236935,0.3794532847236935,0.3794532847236935,0.3794532847236935,0.3794532847236935,0.3794532847236935,0.3794532847236935,0.3794532847236935,0.3794532847236935,0.3794532847236935,0.3794532847236935,0.3794532847236935,0.3794532847236935,0.3794532847236935,0.1164308936090513,0.3481136931177312,0.2018265902199436,0.1221376605483335,0.1168403373216781,0.1975978660862753,0.1189873205513724,0.1077199893037645,1.0002699437243634,0.5935079795636811,0.1829454741256125,0.1313109795400006,0.6023669060437944,0.3416816014623236,-0.0002378421523242,-0.0002709368272807,641.0,0.0,0.4014933915280007,0.4324948073372383,0.7832085810619104,0.9016307158403836,0.9427131396948296,0.6555012706612967,0.9081960871994283,0.8002141169495733,0.0799044418813251,0.8599441764117751,0.322144505857221,0.5044097438344656,0.0773450414378695,0.7104655125678447,100000,30,14,0.1,5.0,0.1,0,13,0.001,1e-06,0.001,1e-07,1.0,1e-08,adamax,0,0.0,disordered,1,0.3799452465542004,0 days 16:21:07.613160,0.0002378423290096,1.5514319677405017,1.3088105805263
427,427,427,427,0.2659804395593755,0.2659804395593755,0.2659804395593755,0.2659804395593755,0.2659804395593755,0.2659804395593755,0.2659804395593755,0.2659804395593755,0.2659804395593755,0.2659804395593755,0.2659804395593755,0.2659804395593755,0.2659804395593755,0.2659804395593755,0.0419257316590228,0.0333743233951194,0.0646431378297709,0.2205097176380736,0.1020327371759923,0.0522009750596758,0.0575591986915606,0.0375459758667591,0.0548481949581921,0.0451954863759154,0.2138119072646665,0.3798911492039915,0.1919717558991417,1.0002073888055207,-0.0003585563592821,-0.0004657821937813,983.0,0.0,0.5761360733205647,0.5799188748033306,0.6788512391507177,0.4705026828840426,0.1974968012269007,0.3515610349489242,0.270068114586571,0.2118380149530614,0.1307494240192599,0.2762023848073549,0.3208989595444518,0.7092323247596958,0.9113916176316118,0.2461115186053321,100000,30,14,0.1,5.0,0.1,0,13,0.001,1e-06,0.001,1e-07,1.0,1e-08,adamax,0,0.0,disordered,1,0.2640021815983874,0 days 16:21:07.613160,0.0003585636061281,1.8372017372720844,1.2712834540100284
428,428,428,428,0.2659804395593755,0.2659804395593755,0.2659804395593755,0.2659804395593755,0.2659804395593755,0.2659804395593755,0.2659804395593755,0.2659804395593755,0.2659804395593755,0.2659804395593755,0.2659804395593755,0.2659804395593755,0.2659804395593755,0.2659804395593755,0.0002606549556615,0.6886675352070534,0.0008654934480801,0.621320230777734,0.0002490483260527,0.3843830063083332,0.1750516277235928,6.612079660416266e-05,9.296931318484116e-05,0.0001902328314808,0.6645298850975835,0.3805375876865661,0.2109698039549618,0.0098134292879896,-0.0003457490412041,-0.0004073595277086,7269.0,1.0,0.5680958889695271,0.7262215002594852,0.2529690586614143,0.4881431124453288,0.8953193414215207,0.74688211630536,0.3782351860132924,0.4488508275133518,0.3865605906909223,0.4521270528711499,0.8101825897322692,0.2006138154752963,0.5724034073623667,0.3732329336878871,100000,30,14,0.1,5.0,0.1,0,13,0.001,1e-06,0.001,1e-07,1.0,1e-08,adamax,0,0.0,disordered,1,0.2652075908716394,0 days 16:21:07.613160,0.0003457499005405,1.582357350418117,1.4574792651282793
429,429,429,429,0.3794532847236935,0.3794532847236935,0.3794532847236935,0.3794532847236935,0.3794532847236935,0.3794532847236935,0.3794532847236935,0.3794532847236935,0.3794532847236935,0.3794532847236935,0.3794532847236935,0.3794532847236935,0.3794532847236935,0.3794532847236935,0.1228302225226813,0.1004835079548459,1.000164190996097,0.2481592961688941,0.1435409549036593,0.3659769974513577,0.1795856294586548,0.5104619660486084,0.6741075511959924,0.1498602094518693,0.1187811021375,0.5832689946381188,0.0984841118154208,0.6693830271203121,-0.000258812184561,-0.0002843242292892,632.0,0.0,0.669829291167042,0.5695301461337428,0.0153569233223502,0.7861226330612137,0.5728727651984655,0.4259486602083687,0.0506450282297052,0.0596703335045686,0.8644015596039273,0.5895861529738918,0.4356352868907317,0.8773704222257136,0.447225979707507,0.0228531492612331,100000,30,14,0.1,5.0,0.1,0,13,0.001,1e-06,0.001,1e-07,1.0,1e-08,adamax,0,0.0,disordered,1,0.3835915224417335,0 days 16:21:07.613160,0.0002588239434107,1.4453443269531128,1.2884844494522303
430,430,430,430,0.1864408533970484,0.1864408533970484,0.1864408533970484,0.1864408533970484,0.1864408533970484,0.1864408533970484,0.1864408533970484,0.1864408533970484,0.1864408533970484,0.1864408533970484,0.1864408533970484,0.1864408533970484,0.1864408533970484,0.1864408533970484,0.4471599964294748,1.134726587630693e-05,1.7974419176622108e-05,0.0804848846504649,0.1337559709251606,3.535351097503102e-05,0.3945231775566638,0.020898897826323,0.159705038905405,5.1380390827573456e-05,0.6614489719693932,0.0051690724727392,1.8187196326908195e-05,2.021774186582853e-05,-0.0004848766462636,-0.0006231887952986,7854.0,1.0,0.6710124399152106,0.5205638380751765,0.6356918064436893,0.5228737436229657,0.1998904492383013,0.4043259589939657,0.7640912984893296,0.5539212179066205,0.6633634320287356,0.7977489643266729,0.7760240709354824,0.286705533217526,0.3188642776951114,0.3120601921930018,100000,30,14,0.1,5.0,0.1,0,13,0.001,1e-06,0.001,1e-07,1.0,1e-08,adamax,0,0.0,disordered,1,0.1882004708964164,0 days 16:21:07.613160,0.0004848921428763,2.2729322915933854,1.572913310395278
431,431,431,431,0.2191196687578146,0.2191196687578146,0.2191196687578146,0.2191196687578146,0.2191196687578146,0.2191196687578146,0.2191196687578146,0.2191196687578146,0.2191196687578146,0.2191196687578146,0.2191196687578146,0.2191196687578146,0.2191196687578146,0.2191196687578146,0.6889877991902166,0.0020691433663136,1.0000112365531566,0.1217951444737065,0.3966514460313725,0.128621529888448,0.0826767383158638,0.0695296272919423,0.2261463645383592,0.0091586954120243,0.4053018971706119,0.0659676402151041,0.0067845626867837,0.3609967046643026,-0.0004226790073754,-0.0004888780892306,3174.0,0.0,0.393040729333176,0.7330717570054796,0.8700900080217161,0.1197367300888868,0.298179613134191,0.6723336075582489,0.5359484671801626,0.785358105521571,0.5918366755744854,0.8946037863717905,0.7626374183931498,0.4491438921239434,0.441045540970114,0.2046736565668689,100000,30,14,0.1,5.0,0.1,0,13,0.001,1e-06,0.001,1e-07,1.0,1e-08,adamax,0,0.0,disordered,1,0.2178009168762188,0 days 16:21:07.613160,0.0004226843312146,1.6653500775667818,1.5227845041740324
432,432,432,432,0.3919100249433399,0.3919100249433399,0.3919100249433399,0.3919100249433399,0.3919100249433399,0.3919100249433399,0.3919100249433399,0.3919100249433399,0.3919100249433399,0.3919100249433399,0.3919100249433399,0.3919100249433399,0.3919100249433399,0.3919100249433399,0.1332260141427042,0.080698735540896,0.1960508819124069,0.1864531031121606,0.7110338737168029,0.5143257592423689,0.112648143708447,0.5229389962966916,0.0514607892902369,0.2205235910909951,0.0435319083417876,1.0001967116055972,0.1844775384317966,0.0669582226613843,-0.0002437681278508,-0.0002910157231343,972.0,0.0,0.8111232222386004,0.9525608947453372,0.8991181780772404,0.5675979521640354,0.8748898639730461,0.044220406287015,0.3181892264285256,0.0601539528696936,0.5205553666425509,0.0760895857489244,0.535012520630721,0.129256663435776,0.8880643693742752,0.8298651207703098,100000,30,14,0.1,5.0,0.1,0,13,0.001,1e-06,0.001,1e-07,1.0,1e-08,adamax,0,0.0,disordered,1,0.3885312639177047,0 days 16:21:07.613160,0.0002437744583661,1.5579434965356895,1.326148446353177
433,433,433,433,0.293044697697214,0.293044697697214,0.293044697697214,0.293044697697214,0.293044697697214,0.293044697697214,0.293044697697214,0.293044697697214,0.293044697697214,0.293044697697214,0.293044697697214,0.293044697697214,0.293044697697214,0.293044697697214,0.4746587356600978,0.0678461118466356,0.066598226052946,0.0924718791137489,0.2208464800058859,0.2051039562521243,0.1306068012739086,0.1326495061685474,0.1136436434122062,0.0972638945259951,0.3468035003226005,0.1584686714711349,0.2936041473920377,1.0002312507418862,-0.0003250398558575,-0.0003902972368537,761.0,0.0,0.3861883211518989,0.6597427626888357,0.6611335690577363,0.5829810758107274,0.8849678415163109,0.6552741240537604,0.4304510875902286,0.371769271864908,0.2004699360783105,0.0345253850367333,0.2631827982525809,0.6013370730417169,0.7400736968263043,0.001915348089557,100000,30,14,0.1,5.0,0.1,0,13,0.001,1e-06,0.001,1e-07,1.0,1e-08,adamax,0,0.0,disordered,1,0.2949131360750069,0 days 16:21:07.613160,0.0003250446948239,1.5941921642361154,1.2514644591037694
434,434,434,434,0.3026648059395688,0.3026648059395688,0.3026648059395688,0.3026648059395688,0.3026648059395688,0.3026648059395688,0.3026648059395688,0.3026648059395688,0.3026648059395688,0.3026648059395688,0.3026648059395688,0.3026648059395688,0.3026648059395688,0.3026648059395688,0.0301913528689569,0.2801311435972563,0.0723385927243158,1.0001600084412536,0.4091772927797062,0.0283066242317808,0.4234626226322687,0.5144646133057659,0.0296370551684398,0.0913042863349192,0.3691210703695629,0.3225661423324713,0.0605217330783107,0.0278969239934207,-0.0003269247404217,-0.0004004571759238,1422.0,0.0,0.951263477375805,0.9140983022750618,0.6379200815562345,0.9697775961144574,0.0536399891212745,0.2492345834374647,0.0989903301141276,0.7341418048983557,0.8959450474569203,0.9560272676598676,0.6206655383358172,0.410314359073241,0.120066429661041,0.1935125257578839,100000,30,14,0.1,5.0,0.1,0,13,0.001,1e-06,0.001,1e-07,1.0,1e-08,adamax,0,0.0,disordered,1,0.3064946260286298,0 days 16:21:07.613160,0.000326947175487,1.267861717544238,1.272613117199566
435,435,435,435,0.333461801578636,0.333461801578636,0.333461801578636,0.333461801578636,0.333461801578636,0.333461801578636,0.333461801578636,0.333461801578636,0.333461801578636,0.333461801578636,0.333461801578636,0.333461801578636,0.333461801578636,0.333461801578636,0.0965881619715843,0.3687968996059494,1.0010089081335762,0.2876306350495942,0.0994844020107453,0.1042382880791806,0.1000322012855396,0.0977578980591026,0.5483174516261045,0.3836631049801771,0.1072611915828618,0.7683936742320566,0.0924897839437065,0.0923265264141565,-0.0002856272458646,-0.0003579006586856,577.0,0.0,0.3680109108531171,0.2283567810882508,0.975122843220294,0.2103970840124105,0.038782304223694,0.1563730079232136,0.0308113801511588,0.0287128710107281,0.126858766910757,0.782816739948572,0.6906431541354665,0.0751773488156073,0.5137137652483579,0.5552373759245905,100000,30,14,0.1,5.0,0.1,0,13,0.001,1e-06,0.001,1e-07,1.0,1e-08,adamax,0,0.0,disordered,1,0.3366888550891918,0 days 16:21:07.613160,0.0002856368867814,1.4879941913684092,1.321355241201655
436,436,436,436,0.1864408533970484,0.1864408533970484,0.1864408533970484,0.1864408533970484,0.1864408533970484,0.1864408533970484,0.1864408533970484,0.1864408533970484,0.1864408533970484,0.1864408533970484,0.1864408533970484,0.1864408533970484,0.1864408533970484,0.1864408533970484,4.886486859863944e-06,0.0545463879123441,4.189059423738167e-06,8.650788879357158e-06,0.1212511307445018,1.2949104414227296e-05,9.219677788650928e-06,0.4870727018890119,0.2235419662768209,0.4370177503379505,2.6876894007205337e-05,0.1590892412617731,0.1145428965081119,5.283711780533654e-05,-0.00044763639429,-0.0005637807709803,7374.0,1.0,0.8343461814650399,0.5489827658161149,0.9634351775630788,0.942068327659254,0.6684812073098699,0.7350897783094057,0.7615514050004097,0.985957922024998,0.579664412376067,0.1664697710009679,0.4132978521816753,0.5849234172278402,0.2958806571792679,0.2195586445485332,100000,30,14,0.1,5.0,0.1,0,13,0.001,1e-06,0.001,1e-07,1.0,1e-08,adamax,0,0.0,disordered,1,0.1861878251849377,0 days 16:21:07.613160,0.0004476367294515,2.7111438060229642,1.5868365195063523
437,437,437,437,0.1988827856988807,0.1988827856988807,0.1988827856988807,0.1988827856988807,0.1988827856988807,0.1988827856988807,0.1988827856988807,0.1988827856988807,0.1988827856988807,0.1988827856988807,0.1988827856988807,0.1988827856988807,0.1988827856988807,0.1988827856988807,1.8293101662209573e-06,3.930946133959477e-07,0.1235584551003342,0.7614563336024088,9.999835956247953e-08,0.0345099601814911,1.4400785317057274e-07,0.5531371244946092,0.1661243408940751,2.4077823012019144e-07,0.0575446359308078,9.443542923738276e-07,0.0318142826944519,0.4612970603389213,-0.0004288498819574,-0.0005622701744737,64590.0,0.0,0.7286079301308489,0.9289022655590295,0.6195612571842385,0.3856863939673046,0.9732449605288166,0.7078169133474163,0.9771431768687712,0.9408764039434094,0.4618126830528081,0.588216161788131,0.3982670853183778,0.5151127196494187,0.6180198467231484,0.296613156111745,100000,30,14,0.1,5.0,0.1,0,13,0.001,1e-06,0.001,1e-07,1.0,1e-08,adamax,0,0.0,disordered,1,0.2020247115819511,0 days 16:21:07.613160,0.0004288817484707,2.2922155815642675,1.6014563199868947
438,438,438,438,0.4317879727332017,0.4317879727332017,0.4317879727332017,0.4317879727332017,0.4317879727332017,0.4317879727332017,0.4317879727332017,0.4317879727332017,0.4317879727332017,0.4317879727332017,0.4317879727332017,0.4317879727332017,0.4317879727332017,0.4317879727332017,0.7744091728296845,0.0238235646318964,0.85454659475292,0.0214095088814894,0.1222232783442272,1.000001264163145,0.0051557325485866,0.3519851467080654,0.0050010801426091,0.3799353625766441,0.8516354200217869,0.0135451407455953,0.1617697540370582,0.070515684302229,-0.000229238976199,-0.0002745315683229,1947.0,0.0,0.4269797726079981,0.8292192800202886,0.7276376322705171,0.1560177174160377,0.1214066186115265,0.830695658287327,0.3490318186330915,0.9288468373987482,0.314366232143869,0.10918073302463,0.8977239429170171,0.4153171378928399,0.6214949316270276,0.3204901737675333,100000,30,14,0.1,5.0,0.1,0,13,0.001,1e-06,0.001,1e-07,1.0,1e-08,adamax,0,0.0,disordered,1,0.4264391630173391,0 days 16:21:07.613160,0.0002292518676736,1.7434977924072566,1.2966337369477934
439,439,439,439,0.4317879727332017,0.4317879727332017,0.4317879727332017,0.4317879727332017,0.4317879727332017,0.4317879727332017,0.4317879727332017,0.4317879727332017,0.4317879727332017,0.4317879727332017,0.4317879727332017,0.4317879727332017,0.4317879727332017,0.4317879727332017,0.188272885514942,0.1800899870435136,0.3898364441067369,1.00108860893482,0.5314782819848993,0.1725974893030858,0.8385800904552178,0.4092286177654255,0.1475443860356385,0.7115002604127333,0.1492303161590584,0.28685826721254,0.5012802970648925,0.2119810366794747,-0.0002230798323684,-0.0002458485137925,474.0,0.0,0.6223618248988457,0.7270941872469917,0.977710038827722,0.0535925484755391,0.9444550156953808,0.5564345168398469,0.1490018859191247,0.9666281149890982,0.7815522668547373,0.200161147228436,0.6976779331256668,0.8757540873138497,0.3941143983480203,0.0525245226020266,100000,30,14,0.1,5.0,0.1,0,13,0.001,1e-06,0.001,1e-07,1.0,1e-08,adamax,0,0.0,disordered,1,0.4348302679534739,0 days 16:21:07.613160,0.0002230838204994,1.3786395096639867,1.2898296204347608
440,440,440,440,0.4047756965997316,0.4047756965997316,0.4047756965997316,0.4047756965997316,0.4047756965997316,0.4047756965997316,0.4047756965997316,0.4047756965997316,0.4047756965997316,0.4047756965997316,0.4047756965997316,0.4047756965997316,0.4047756965997316,0.4047756965997316,0.0475705835133866,1.0002683965855386,0.4884977183731511,0.7450452749704849,0.0543970233360017,0.3453146214033591,0.5056770356256189,0.0544913091517979,0.3207670780072958,0.8211706018444492,0.0639194127287123,0.843262104670127,0.0808830078858431,0.0491895797652263,-0.0002496326647409,-0.0002849858090486,1249.0,0.0,0.0343887167115042,0.0317518276871768,0.9701488438032342,0.5174217910188467,0.0275620560122619,0.0428393787782283,0.6305228685021972,0.7750782974617847,0.8787329668751159,0.124593428745946,0.488965373327886,0.2701289631248684,0.9064723480974572,0.8949229715734249,100000,30,14,0.1,5.0,0.1,0,13,0.001,1e-06,0.001,1e-07,1.0,1e-08,adamax,0,0.0,disordered,1,0.4056831521793768,0 days 16:21:07.613160,0.0002496331321342,1.2944792141238866,1.2448065448658006
441,441,441,441,0.2659804395593755,0.2659804395593755,0.2659804395593755,0.2659804395593755,0.2659804395593755,0.2659804395593755,0.2659804395593755,0.2659804395593755,0.2659804395593755,0.2659804395593755,0.2659804395593755,0.2659804395593755,0.2659804395593755,0.2659804395593755,0.8586746243417224,0.7971880550983647,0.0190284911899215,1.0000609165960634,0.1537961929902386,0.0151347124814688,0.2126234674922097,0.0119764273029485,0.1154251569390854,0.0207390442293561,0.3620996813982641,0.2918291303497894,0.0270526785080038,0.0384814444584429,-0.0003549235598788,-0.0004594720520253,1499.0,0.0,0.1625005938129984,0.9945922317663168,0.5278359219862516,0.8911943216323667,0.1384309591090614,0.2718785820682514,0.1312433267623508,0.3981501998913397,0.6208255389975846,0.3367165315921983,0.2670146785157741,0.7866742595355626,0.7648707713507594,0.6694613367567712,100000,30,14,0.1,5.0,0.1,0,13,0.001,1e-06,0.001,1e-07,1.0,1e-08,adamax,0,0.0,disordered,1,0.2675137492224916,0 days 16:21:07.613160,0.0003549276079214,1.921689468582393,1.3875102250518867
442,442,442,442,0.1692220351641035,0.1692220351641035,0.1692220351641035,0.1692220351641035,0.1692220351641035,0.1692220351641035,0.1692220351641035,0.1692220351641035,0.1692220351641035,0.1692220351641035,0.1692220351641035,0.1692220351641035,0.1692220351641035,0.1692220351641035,0.6197678190439128,0.0001214502936801,0.0078878747859334,0.5096914117823019,0.0047698516185537,0.152735577267975,0.219003475968651,4.050803024767162e-05,0.4864991779509436,0.0116381594400507,0.0471438596793453,3.65105651889685e-05,1.477472102078856e-05,0.5205839646223037,-0.000473842900572,-0.0005852014402365,7444.0,1.0,0.645178751302457,0.9728028385242304,0.9570617372597902,0.6665456431640365,0.3490409422190252,0.4598698495229504,0.6730391934229725,0.815508260225061,0.3784495409878025,0.7080791938904019,0.7197206695314357,0.5317535216655522,0.6120840714808466,0.9486787468925072,100000,30,14,0.1,5.0,0.1,0,13,0.001,1e-06,0.001,1e-07,1.0,1e-08,adamax,0,0.0,disordered,1,0.1671652059892816,0 days 16:21:07.613160,0.0004738585547927,2.0038719271092145,1.704092639896279
443,443,443,443,0.2337423870891812,0.2337423870891812,0.2337423870891812,0.2337423870891812,0.2337423870891812,0.2337423870891812,0.2337423870891812,0.2337423870891812,0.2337423870891812,0.2337423870891812,0.2337423870891812,0.2337423870891812,0.2337423870891812,0.2337423870891812,1.0007243668001182,0.1552986976462851,0.5983702427219657,0.3388783685136837,0.0603316515989431,0.194432034759597,0.0864234253953005,0.0908885740836331,0.0620332734584761,0.2616261133435785,0.3400128670928266,0.5160874234737796,0.0507431217046972,0.0527230387791694,-0.0003645180961549,-0.0004277846551761,792.0,0.0,0.2428341040539382,0.8632436003259519,0.7723910403894917,0.1321751027960117,0.2541079545961704,0.2451634951582973,0.5179013837861869,0.3464875661283051,0.5501427794255523,0.555541591349914,0.9907464277043332,0.500629036831254,0.9070314114897748,0.9506320279624396,100000,30,14,0.1,5.0,0.1,0,13,0.001,1e-06,0.001,1e-07,1.0,1e-08,adamax,0,0.0,disordered,1,0.2329800593298016,0 days 16:21:07.613160,0.0003645193478797,1.6517344634940525,1.4865990287193696
444,444,444,444,0.3444087275973818,0.3444087275973818,0.3444087275973818,0.3444087275973818,0.3444087275973818,0.3444087275973818,0.3444087275973818,0.3444087275973818,0.3444087275973818,0.3444087275973818,0.3444087275973818,0.3444087275973818,0.3444087275973818,0.3444087275973818,0.7643567998167633,6.147237517492099e-06,4.111250391462991e-07,1.7720273851888763e-06,1.1207785492623066e-06,0.0008024951171579,0.3745115098108448,0.5399570585936884,0.0504769174019495,0.3581018401628912,0.8417917134967086,0.174547436284067,0.1978986096290776,8.701656739777405e-05,-0.0002848260488377,-0.0003444113049924,8676.0,1.0,0.858128052236383,0.8056394245100712,0.7835305250477045,0.391014681127289,0.758576472650221,0.8337671239018694,0.4476565647731256,0.7034654225896049,0.2345966788076496,0.1400016730637714,0.9608576962809732,0.5582200585665228,0.8231941581645352,0.9516923819351946,100000,30,14,0.1,5.0,0.1,0,13,0.001,1e-06,0.001,1e-07,1.0,1e-08,adamax,0,0.0,disordered,1,0.3400029655891425,0 days 16:21:07.613160,0.0002848440628893,2.0837955353095348,1.3585581366299448
445,445,445,445,0.4317879727332017,0.4317879727332017,0.4317879727332017,0.4317879727332017,0.4317879727332017,0.4317879727332017,0.4317879727332017,0.4317879727332017,0.4317879727332017,0.4317879727332017,0.4317879727332017,0.4317879727332017,0.4317879727332017,0.4317879727332017,0.2146229585792535,0.1714401370598408,0.602532703368743,0.1731749513305806,0.7562155449098017,0.1943184894006275,0.1807203246795759,1.0002466679404924,0.2409890097748949,0.2060285910183215,0.2010790487942065,0.3798789571733698,0.7480603116565055,0.1789099197700638,-0.0002292375966924,-0.0002581221634726,403.0,0.0,0.6921857046995211,0.7677583352437252,0.2512107955726324,0.7279755727913398,0.8797040407039607,0.2357434557880822,0.1227607179799549,0.776514163508214,0.0203434276326052,0.1312891640176345,0.3505006216581354,0.2015531621876327,0.9514506564122184,0.5342537052250912,100000,30,14,0.1,5.0,0.1,0,13,0.001,1e-06,0.001,1e-07,1.0,1e-08,adamax,0,0.0,disordered,1,0.4378078820437876,0 days 16:21:07.613160,0.0002292551254291,1.3907675078258805,1.2715504082005935
446,446,446,446,0.2747120789270809,0.2747120789270809,0.2747120789270809,0.2747120789270809,0.2747120789270809,0.2747120789270809,0.2747120789270809,0.2747120789270809,0.2747120789270809,0.2747120789270809,0.2747120789270809,0.2747120789270809,0.2747120789270809,0.2747120789270809,0.0001798857760109,0.9091092233962492,0.0345366048085753,1.003946294244177e-05,3.7502788254645934e-06,1.4112421181802103e-05,0.0052054060799162,0.4798215019378477,0.812840794463663,0.0004291928691859,0.1763969756128212,9.419320443884604e-05,3.368528813062645e-05,0.6975288945858394,-0.000341446285909,-0.0004467701043649,7380.0,1.0,0.2804251285639351,0.0219058077277137,0.5514318009775819,0.539695645104384,0.3525346228623798,0.5162792269266065,0.5182216837694167,0.2009556371768552,0.8887069605516414,0.4422530602272593,0.3750616982162829,0.1665666459342936,0.2369856484878769,0.6450433879550085,100000,30,14,0.1,5.0,0.1,0,13,0.001,1e-06,0.001,1e-07,1.0,1e-08,adamax,0,0.0,disordered,1,0.2767288608143687,0 days 16:21:07.613160,0.0003414529985722,2.240539717792988,1.4193314971907671
447,447,447,447,0.2837303616516209,0.2837303616516209,0.2837303616516209,0.2837303616516209,0.2837303616516209,0.2837303616516209,0.2837303616516209,0.2837303616516209,0.2837303616516209,0.2837303616516209,0.2837303616516209,0.2837303616516209,0.2837303616516209,0.2837303616516209,0.0545572693382245,0.4857233447111708,0.0007235677104846,0.6066259515306989,0.0742048199174432,0.0001744124063115,0.4123901416358278,0.6416450178995018,0.0008656334257167,7.281930146842822e-05,0.6867590016504891,0.1238238807983082,0.0004742320938456,0.2539595719509741,-0.0003328038886027,-0.0003883638844995,7361.0,1.0,0.2956019921788901,0.2015994139110932,0.5143601708292089,0.7458242553865019,0.2487552999628449,0.3377283824589477,0.0001752588409392,0.4820367809984697,0.8850219565188119,0.9067988058520552,0.7957863252931906,0.2061772482266294,0.3339056986659141,0.0824052734018997,100000,30,14,0.1,5.0,0.1,0,13,0.001,1e-06,0.001,1e-07,1.0,1e-08,adamax,0,0.0,disordered,1,0.2881119240325831,0 days 16:21:07.613160,0.0003328344701936,1.4870863944523076,1.3169109867968398
448,448,448,448,0.2493409369951876,0.2493409369951876,0.2493409369951876,0.2493409369951876,0.2493409369951876,0.2493409369951876,0.2493409369951876,0.2493409369951876,0.2493409369951876,0.2493409369951876,0.2493409369951876,0.2493409369951876,0.2493409369951876,0.2493409369951876,0.1759789981713329,0.001968529350641,0.8525778742503993,0.262665868776925,0.5109790306269777,0.0262345467015929,6.389160925050722e-06,2.144524044529885e-05,2.768686613180048e-06,0.3787588183678393,0.1215847991973664,0.3540632807280789,0.3514010394093,0.050842291123625,-0.0003488099732543,-0.0003951948751909,8275.0,1.0,0.5505852626206116,0.6658003880457302,0.2268934716595854,0.9126693917190336,0.5602091673271143,0.254931782857995,0.3189893118191247,0.67462960027887,0.3777958637086243,0.1687201351975703,0.4714162174935535,0.2113933122187485,0.682737352353348,0.4246658310098102,100000,30,14,0.1,5.0,0.1,0,13,0.001,1e-06,0.001,1e-07,1.0,1e-08,adamax,0,0.0,disordered,1,0.2507762331256619,0 days 16:21:07.613160,0.0003488135983336,1.9620662106023015,1.529162776697819
449,449,449,449,0.0086671387973892,0.0086671387973892,0.0086671387973892,0.0086671387973892,0.0086671387973892,0.0086671387973892,0.0086671387973892,0.0086671387973892,0.0086671387973892,0.0086671387973892,0.0086671387973892,0.0086671387973892,0.0086671387973892,0.0086671387973892,1.9149312779766481e-07,1.3455645962724722e-07,1.873125841696036e-07,2.448675248716293e-06,0.1424679255062913,3.1751127055564e-07,0.0110707576642001,1.1221587698874085e-07,1.0070556602265596e-07,1.2125930029006576e-07,6.344213531700549e-07,2.705006914177674e-07,0.1484566681251879,0.0013537135403944,-0.0005176601454172,-0.0008498304392096,7999.0,1.0,0.2640871645877805,0.1532820022467464,0.1193084435431824,0.1363527424319857,0.3705511705681996,0.3877042776868241,0.7795342147291026,0.3376492877252011,0.0267521430306616,0.2876256835436507,0.067894853575595,0.333958144327761,0.5000428802394755,0.276518480039977,100000,30,14,0.1,5.0,0.1,0,13,0.001,1e-06,0.001,1e-07,1.0,1e-08,adamax,0,0.0,disordered,1,0.0086207961761482,0 days 16:21:07.613160,0.0005176608794785,4.830146849178672,4.6554801095768745
450,450,450,450,0.2263129568399526,0.2263129568399526,0.2263129568399526,0.2263129568399526,0.2263129568399526,0.2263129568399526,0.2263129568399526,0.2263129568399526,0.2263129568399526,0.2263129568399526,0.2263129568399526,0.2263129568399526,0.2263129568399526,0.2263129568399526,0.6337831356101817,0.3969653938667044,6.944007438889862e-05,0.566641964932656,0.0001511479820776,0.1209941246268384,0.2730290389577997,5.511448478578116e-05,0.8679940826272871,3.817609319955322e-05,0.0222872556923436,7.876999937061372e-05,0.1399696491636615,0.1344835726501161,-0.0003948595236859,-0.000485896944431,7608.0,1.0,0.093740187595436,0.5926927230396476,0.8105077200110791,0.8069238093908835,0.390720802264089,0.452506201899712,0.8329317519201871,0.5748532100414313,0.297142887419544,0.8602833438262704,0.9721722675348786,0.8128666882287457,0.6449212511048895,0.908930792280012,100000,30,14,0.1,5.0,0.1,0,13,0.001,1e-06,0.001,1e-07,1.0,1e-08,adamax,0,0.0,disordered,1,0.227103874837885,0 days 16:21:07.613160,0.0003948609381776,1.8095072807444545,1.4846770583825237
451,451,451,451,0.1535934676510895,0.1535934676510895,0.1535934676510895,0.1535934676510895,0.1535934676510895,0.1535934676510895,0.1535934676510895,0.1535934676510895,0.1535934676510895,0.1535934676510895,0.1535934676510895,0.1535934676510895,0.1535934676510895,0.1535934676510895,1.5770926040076027e-06,0.0688318412970114,1.88056279475434e-06,0.7569141498475823,1.069958344080219e-06,0.3056820602859151,5.226657899922309e-06,0.2287675888645976,0.0413036150487577,0.0306181878251488,0.0188850104713179,0.00140866374684,7.644585131795166e-06,0.5247359448041113,-0.0004679476637172,-0.0006569628009933,10459.0,1.0,0.8924233039815173,0.4008927933315442,0.8915100628506638,0.6965506506209269,0.3166314277220029,0.7863066087458274,0.277520122055589,0.0662706780482879,0.1460803186230869,0.0478728293564257,0.0665607217992737,0.1895126757889381,0.1145459610085584,0.4541455869132742,100000,30,14,0.1,5.0,0.1,0,13,0.001,1e-06,0.001,1e-07,1.0,1e-08,adamax,0,0.0,disordered,1,0.1513813871046797,0 days 16:21:07.613160,0.0004679653341999,2.504951866547967,1.7113985700006025
452,452,452,452,0.3557150206821381,0.3557150206821381,0.3557150206821381,0.3557150206821381,0.3557150206821381,0.3557150206821381,0.3557150206821381,0.3557150206821381,0.3557150206821381,0.3557150206821381,0.3557150206821381,0.3557150206821381,0.3557150206821381,0.3557150206821381,1.000614549200751,0.1242862428998931,0.1511591361757066,0.4781107412443275,0.8509160668292365,0.4357131568473757,0.1292654921614179,0.197467329524703,0.5648327024836293,0.1214458951848855,0.1234181362409407,0.1326828634667627,0.219558429006671,0.8292066115858021,-0.0002726531417646,-0.0003242790412711,521.0,0.0,0.152301322626096,0.7663557351674622,0.6426880953255606,0.2566657255626504,0.9308648519699636,0.0925523924875316,0.244647840892473,0.3687846737233331,0.898185596025938,0.5604137669137534,0.689672044591621,0.6664562055423203,0.8823060240582657,0.278887255776775,100000,30,14,0.1,5.0,0.1,0,13,0.001,1e-06,0.001,1e-07,1.0,1e-08,adamax,0,0.0,disordered,1,0.3535140277899036,0 days 16:21:07.613160,0.0002726564910209,1.3385049021887818,1.3079852166442019
453,453,453,453,0.4317879727332017,0.4317879727332017,0.4317879727332017,0.4317879727332017,0.4317879727332017,0.4317879727332017,0.4317879727332017,0.4317879727332017,0.4317879727332017,0.4317879727332017,0.4317879727332017,0.4317879727332017,0.4317879727332017,0.4317879727332017,1.0001464887516598,0.2003581805394454,0.2177931441889441,0.2020420458011799,0.1916095260003465,0.683907579898169,0.5556992422787375,0.2476308319993664,0.2443963484522338,0.2036170163592419,0.4498618732991522,0.6636831732758804,0.5003306066626945,0.5785770269367212,-0.0002243132968589,-0.0002447940638198,387.0,0.0,0.7825996790433952,0.0452440549315609,0.2243396577252717,0.4114375023509999,0.3351150461502129,0.0799547331901786,0.9322265920476168,0.7205170483522597,0.4228964916352058,0.2991884650718357,0.0879357996031716,0.8282422507392804,0.2630308237729819,0.9459995547785152,100000,30,14,0.1,5.0,0.1,0,13,0.001,1e-06,0.001,1e-07,1.0,1e-08,adamax,0,0.0,disordered,1,0.4330279195738039,0 days 16:21:07.613160,0.0002243141075708,1.2521811282457362,1.233541244819455
454,454,454,454,0.4047756965997316,0.4047756965997316,0.4047756965997316,0.4047756965997316,0.4047756965997316,0.4047756965997316,0.4047756965997316,0.4047756965997316,0.4047756965997316,0.4047756965997316,0.4047756965997316,0.4047756965997316,0.4047756965997316,0.4047756965997316,1.0004779031353712,0.1990174397097847,0.1779598562810693,0.1708170842755948,0.5026487235710677,0.2311053269720549,0.1801620181592127,0.4236704658423842,0.9249998614502492,0.2605158607260563,0.1570078480279543,0.7028665041675853,0.1574937158311981,0.1707318074555219,-0.0002446216541972,-0.0002847486327866,411.0,0.0,0.2774748710102075,0.9858572364748016,0.8292966879819066,0.707858391737525,0.983855553787188,0.4804143764329242,0.3502824047626253,0.0942058816727031,0.8637164473134756,0.1241804115209771,0.0775489182117736,0.5811986737379304,0.0696138712552483,0.1499627357958644,100000,30,14,0.1,5.0,0.1,0,13,0.001,1e-06,0.001,1e-07,1.0,1e-08,adamax,0,0.0,disordered,1,0.4032113421680652,0 days 16:21:07.613160,0.000244622891907,1.3601784919544917,1.2847442578414525
455,455,455,455,0.293044697697214,0.293044697697214,0.293044697697214,0.293044697697214,0.293044697697214,0.293044697697214,0.293044697697214,0.293044697697214,0.293044697697214,0.293044697697214,0.293044697697214,0.293044697697214,0.293044697697214,0.293044697697214,0.0167931870885411,0.0249483758738207,0.4090312575267279,0.0696965760376415,0.0245606283797731,0.0297704624091549,0.3565631811760482,0.1880178132696538,1.000009975867971,0.216337273625962,0.456124548627318,0.028137917828303,0.0217586480343378,0.0202633594076735,-0.000310837992852,-0.0003982496379062,1576.0,0.0,0.3020052926665109,0.2694854303018006,0.1021405975070055,0.4940902356589441,0.3609801181708101,0.425721510912013,0.6508163357674089,0.2461857224794889,0.853305395521555,0.0989767396398615,0.3831688533410219,0.6908807825906036,0.6213634409070392,0.7094772592868398,100000,30,14,0.1,5.0,0.1,0,13,0.001,1e-06,0.001,1e-07,1.0,1e-08,adamax,0,0.0,disordered,1,0.2964140659795733,0 days 16:21:07.613160,0.0003108519078473,1.8460452476403115,1.4288774758272882
456,456,456,456,0.4317879727332017,0.4317879727332017,0.4317879727332017,0.4317879727332017,0.4317879727332017,0.4317879727332017,0.4317879727332017,0.4317879727332017,0.4317879727332017,0.4317879727332017,0.4317879727332017,0.4317879727332017,0.4317879727332017,0.4317879727332017,0.8655304419626484,0.1702275116768362,0.1678749389370747,0.9490719840712476,0.2039314285152735,0.6645198830777614,0.2104005726333299,0.5546506004919013,0.2847650602160597,0.4779431055897238,0.4282564783518211,0.1928631373827688,0.2591244237371239,1.00124909633799,-0.0002321790628547,-0.0002528873168534,414.0,0.0,0.9464557924557864,0.4052419632831352,0.4366361696541967,0.9535748508315142,0.2340306627604478,0.0967575426250608,0.7007641279211833,0.8403280034098862,0.2556837739524489,0.0584554232302474,0.676294710023509,0.8817389819805922,0.8684129141970942,0.1211929269167366,100000,30,14,0.1,5.0,0.1,0,13,0.001,1e-06,0.001,1e-07,1.0,1e-08,adamax,0,0.0,disordered,1,0.4371410518957666,0 days 16:21:07.613160,0.0002321941010492,1.2527926332727193,1.2229115259341594
457,457,457,457,0.2054117348353062,0.2054117348353062,0.2054117348353062,0.2054117348353062,0.2054117348353062,0.2054117348353062,0.2054117348353062,0.2054117348353062,0.2054117348353062,0.2054117348353062,0.2054117348353062,0.2054117348353062,0.2054117348353062,0.2054117348353062,7.331255849401833e-05,0.3065110560839438,0.3356943395361476,0.0497580572218006,4.809702479683983e-05,0.0452637519784317,0.2274069871584625,0.1192915402372322,3.986061077014335e-05,0.326396666368167,0.4000082844916159,5.645686013106766e-06,0.1186666713865844,5.782186855396869e-06,-0.000378002260581,-0.0004907700769341,7804.0,1.0,0.367904829697075,0.53155156160267,0.0757445498311533,0.3009524002022526,0.3606636217624508,0.2414474202498422,0.4822473776567588,0.5341685038817564,0.6253160145168393,0.8294577453653279,0.30759311330024,0.5579478441673834,0.149399346631589,0.5835635583089085,100000,30,14,0.1,5.0,0.1,0,13,0.001,1e-06,0.001,1e-07,1.0,1e-08,adamax,0,0.0,disordered,1,0.2040879241361746,0 days 16:21:07.613160,0.0003780053882832,2.2038273690025116,1.588478551348611
458,458,458,458,0.4180637241455752,0.4180637241455752,0.4180637241455752,0.4180637241455752,0.4180637241455752,0.4180637241455752,0.4180637241455752,0.4180637241455752,0.4180637241455752,0.4180637241455752,0.4180637241455752,0.4180637241455752,0.4180637241455752,0.4180637241455752,0.4443304679348464,0.5894414976978584,0.2390700165800588,0.1811943643261794,0.9206515589055356,0.2038949949814305,0.6792284414398464,0.165400214282183,0.2054643010677895,0.1637487204589949,1.0000758273268051,0.2068644170838111,0.2362184743219773,0.1715087259193376,-0.0002255592900181,-0.0002578486480405,431.0,0.0,0.1269086786885158,0.6993026103723348,0.205687254538032,0.4418769807055669,0.9061623593932842,0.1950145720243682,0.1259066478187899,0.73276638916092,0.5906910105382845,0.8769394900882838,0.1516301383790569,0.9615097820402017,0.6317530587180527,0.9425907316711448,100000,30,14,0.1,5.0,0.1,0,13,0.001,1e-06,0.001,1e-07,1.0,1e-08,adamax,0,0.0,disordered,1,0.4167796339369001,0 days 16:21:07.613160,0.0002255598518042,1.441668463516657,1.315268329914856
459,459,459,459,0.31260072430687,0.31260072430687,0.31260072430687,0.31260072430687,0.31260072430687,0.31260072430687,0.31260072430687,0.31260072430687,0.31260072430687,0.31260072430687,0.31260072430687,0.31260072430687,0.31260072430687,0.31260072430687,1.0000381500174145,0.3019975082819482,0.0779056475740255,0.2812668724359335,0.1255068181345875,0.071084388133173,0.0709081169471329,0.3112494518603532,0.3639231761162272,0.067460845104075,0.8209153121867199,0.3071745973141347,0.0774771260233351,0.0794746630644709,-0.0003180751489067,-0.0004022877775411,724.0,0.0,0.1878778445291622,0.8616211915128188,0.6374822336810431,0.5699658066427085,0.901555468658598,0.8920110759253913,0.9334189633894592,0.9165084160844514,0.4221607474135247,0.5689896116275962,0.8927708882155331,0.1598091707653032,0.0355695597677039,0.1719469483065711,100000,30,14,0.1,5.0,0.1,0,13,0.001,1e-06,0.001,1e-07,1.0,1e-08,adamax,0,0.0,disordered,1,0.3141577953306732,0 days 16:21:07.613160,0.0003180784049191,1.4235183180478392,1.2829611917891708
460,460,460,460,0.3557150206821381,0.3557150206821381,0.3557150206821381,0.3557150206821381,0.3557150206821381,0.3557150206821381,0.3557150206821381,0.3557150206821381,0.3557150206821381,0.3557150206821381,0.3557150206821381,0.3557150206821381,0.3557150206821381,0.3557150206821381,0.1332682237324151,0.1591349251649046,0.2073980830367103,0.1466968972756223,0.1202890607066276,0.1157156120091508,0.3320617868437138,1.0004396707628078,0.1360920146442474,0.1127085540436415,0.3311126983160799,0.1761118288253329,0.3849627010759575,0.5385982446272198,-0.0002709049186766,-0.0003182768164032,531.0,0.0,0.4819916248134843,0.2391677743386863,0.5495539806348022,0.2882513375666312,0.2413937794798807,0.2561478707412212,0.2091377860022807,0.9918570214720211,0.3697900659953291,0.317519567186085,0.0483089470687904,0.4390434058973187,0.7472915006463734,0.2050479893947151,100000,30,14,0.1,5.0,0.1,0,13,0.001,1e-06,0.001,1e-07,1.0,1e-08,adamax,0,0.0,disordered,1,0.3547100017529421,0 days 16:21:07.613160,0.0002709054680313,1.5949518004405228,1.3082286331900486
461,461,461,461,0.2659804395593755,0.2659804395593755,0.2659804395593755,0.2659804395593755,0.2659804395593755,0.2659804395593755,0.2659804395593755,0.2659804395593755,0.2659804395593755,0.2659804395593755,0.2659804395593755,0.2659804395593755,0.2659804395593755,0.2659804395593755,0.3373129844355579,0.00016549102809,0.0002463245765395,0.1576106544690531,0.4353109551110706,0.4327296953765562,0.0370281378815916,0.5855824632158847,3.407770069399765e-05,0.0042344588510342,1.7467646481565913e-05,0.5614901545540424,0.1163378534589418,0.0001026986876899,-0.0003230959573949,-0.0004151084654979,7489.0,1.0,0.94846037932697,0.7238608299275159,0.7993279845126658,0.5772159096845825,0.8292736450386092,0.1824579385583431,0.4949754415923402,0.0307102032231229,0.5559261811623837,0.3422863821022595,0.5610174130662167,0.8796933787477823,0.4106489264114674,0.5499795859778199,100000,30,14,0.1,5.0,0.1,0,13,0.001,1e-06,0.001,1e-07,1.0,1e-08,adamax,0,0.0,disordered,1,0.264958949471246,0 days 16:21:07.613160,0.0003230973076051,2.2372035693312173,1.5066390407507593
462,462,462,462,0.3794532847236935,0.3794532847236935,0.3794532847236935,0.3794532847236935,0.3794532847236935,0.3794532847236935,0.3794532847236935,0.3794532847236935,0.3794532847236935,0.3794532847236935,0.3794532847236935,0.3794532847236935,0.3794532847236935,0.3794532847236935,0.4354484910912676,0.1668076932601698,0.0240558466330325,0.060907019241179,1.0000110048581283,0.0419449111359206,0.4744559101770582,0.0668477416283698,0.509708445395601,0.0206122634299101,0.1999931941151108,0.0275256258870099,0.7764811091795424,0.3547659121682538,-0.0002337097632482,-0.0002659576321324,1855.0,0.0,0.9689473897851733,0.5954372978747997,0.8287405862232032,0.6922376858555169,0.2094855398326991,0.912147161894554,0.3568262177660414,0.8605238094723328,0.4425097807410589,0.2308153889397943,0.6383828055845041,0.2149365920676201,0.7170929543484147,0.0382721564930921,100000,30,14,0.1,5.0,0.1,0,13,0.001,1e-06,0.001,1e-07,1.0,1e-08,adamax,0,0.0,disordered,1,0.3848927622691739,0 days 16:21:07.613160,0.0002337222718163,1.869589488532421,1.3548568765775466
463,463,463,463,0.4317879727332017,0.4317879727332017,0.4317879727332017,0.4317879727332017,0.4317879727332017,0.4317879727332017,0.4317879727332017,0.4317879727332017,0.4317879727332017,0.4317879727332017,0.4317879727332017,0.4317879727332017,0.4317879727332017,0.4317879727332017,0.0861813490924519,0.6595478319234143,0.1352243840266191,0.2419507594022193,0.6469150985358105,0.0872900278707434,0.0595193423873123,1.0000640780601755,0.5553441868427825,0.647804619191859,0.1064894628802793,0.7181295977051337,0.2105186742334767,0.1042157635569822,-0.000222471468011,-0.0002490837845792,928.0,0.0,0.611052740909999,0.7159519504986597,0.2118838639127801,0.0619827034560982,0.6217425091831704,0.9309771452304636,0.9341961561942752,0.2259293280256683,0.9716073837283172,0.1805259932093457,0.5118952807761564,0.1622673967404834,0.7843540589756772,0.9249483996337976,100000,30,14,0.1,5.0,0.1,0,13,0.001,1e-06,0.001,1e-07,1.0,1e-08,adamax,0,0.0,disordered,1,0.4280670215812507,0 days 16:21:07.613160,0.0002224766846487,1.3047279525994955,1.2795573872371995
464,464,464,464,0.2747120789270809,0.2747120789270809,0.2747120789270809,0.2747120789270809,0.2747120789270809,0.2747120789270809,0.2747120789270809,0.2747120789270809,0.2747120789270809,0.2747120789270809,0.2747120789270809,0.2747120789270809,0.2747120789270809,0.2747120789270809,0.8137873514463191,0.4399477110428024,0.000718746534407,0.1268855535557107,3.87104951509946e-05,0.1831148652547921,0.1427700646988446,0.0001021105151505,0.9955375251896296,0.0133404487994148,7.985122749002543e-05,0.0057648926436045,0.5506129638872821,0.1642790331252248,-0.0003362897805944,-0.0004180771143063,7337.0,1.0,0.3250931386447635,0.9570939944796322,0.6635124999438109,0.7447943786234758,0.783264534760222,0.9531045323910884,0.6652341680328955,0.6735322110750197,0.2612303671090115,0.9169811408885524,0.767613593028924,0.9427565484656782,0.6347199997473488,0.2315094509847051,100000,30,14,0.1,5.0,0.1,0,13,0.001,1e-06,0.001,1e-07,1.0,1e-08,adamax,0,0.0,disordered,1,0.2718435265715962,0 days 16:21:07.613160,0.0003363015475445,2.520351057875697,1.4113635670012539
465,465,465,465,0.4317879727332017,0.4317879727332017,0.4317879727332017,0.4317879727332017,0.4317879727332017,0.4317879727332017,0.4317879727332017,0.4317879727332017,0.4317879727332017,0.4317879727332017,0.4317879727332017,0.4317879727332017,0.4317879727332017,0.4317879727332017,0.0032715227092272,0.5626405358654207,0.0059868580327911,1.0000015353026583,0.0024491846715586,0.2862184022478563,0.3583956872896823,0.0174757406299594,0.4785338855762837,0.7869654636808836,0.8783297847631009,0.0006957300261268,0.0948410598428921,0.0006230031045991,-0.00022687960588,-0.0002713506620201,3832.0,0.0,0.6401103577224783,0.5542339147619917,0.1795973753097524,0.3079704767958291,0.9726115279750064,0.9857305991282788,0.5363248091741699,0.3783446423726526,0.7197516297314767,0.036213677392095,0.932243884320458,0.4399368149177408,0.0794163814674309,0.40555441020504,100000,30,14,0.1,5.0,0.1,0,13,0.001,1e-06,0.001,1e-07,1.0,1e-08,adamax,0,0.0,disordered,1,0.4279778915158518,0 days 16:21:07.613160,0.000226886411279,1.3996607674798913,1.2624288799775973
466,466,466,466,0.2659804395593755,0.2659804395593755,0.2659804395593755,0.2659804395593755,0.2659804395593755,0.2659804395593755,0.2659804395593755,0.2659804395593755,0.2659804395593755,0.2659804395593755,0.2659804395593755,0.2659804395593755,0.2659804395593755,0.2659804395593755,0.0694083152913739,1.0000558668627444,0.8238451914628734,0.0095422551206416,0.0189948557951435,0.073110945158429,0.1695895120766316,0.1428911801280386,0.0146611525055484,0.0218290454834624,0.0042766927785869,0.4940336546085497,0.0125208607390966,0.3476448049043827,-0.0003275514498211,-0.0004429863904695,1806.0,0.0,0.7535038051096001,0.0207114494316059,0.884449415224412,0.3659317378327873,0.4805421139191279,0.3210878811686749,0.5938513618701763,0.3510986054430343,0.3252701678987393,0.5307817572333539,0.4017467626336386,0.8754282879263902,0.3399135155014511,0.1219967649325748,100000,30,14,0.1,5.0,0.1,0,13,0.001,1e-06,0.001,1e-07,1.0,1e-08,adamax,0,0.0,disordered,1,0.2691639195447247,0 days 16:21:07.613160,0.0003275639672091,2.524357346461464,1.4544494591267971
467,467,467,467,0.367392478180207,0.367392478180207,0.367392478180207,0.367392478180207,0.367392478180207,0.367392478180207,0.367392478180207,0.367392478180207,0.367392478180207,0.367392478180207,0.367392478180207,0.367392478180207,0.367392478180207,0.367392478180207,0.1375695847281205,0.0347024620130209,0.325784859490914,0.6133230146118712,0.0062101106539608,0.0512158323817712,0.0055300728278986,0.8403303078098522,0.2853190619892732,0.1460555288414702,1.0000164652541588,0.0666068749701959,0.0928486274837072,0.0136586176263164,-0.0002575220157041,-0.0003027439352143,2077.0,0.0,0.6844124728294719,0.7656238079934107,0.9357182280643452,0.3785782428326139,0.4500410733922475,0.7323904836767086,0.4323759369894736,0.997333263634656,0.4788416453159176,0.1743981069484947,0.7898416265271901,0.1077383139157749,0.3481506382928307,0.1701513762409409,100000,30,14,0.1,5.0,0.1,0,13,0.001,1e-06,0.001,1e-07,1.0,1e-08,adamax,0,0.0,disordered,1,0.3703089898109471,0 days 16:21:07.613160,0.0002575278712048,1.7254652560776549,1.3555429127065033
468,468,468,468,0.333461801578636,0.333461801578636,0.333461801578636,0.333461801578636,0.333461801578636,0.333461801578636,0.333461801578636,0.333461801578636,0.333461801578636,0.333461801578636,0.333461801578636,0.333461801578636,0.333461801578636,0.333461801578636,0.0505889769693969,0.1005064834217901,0.0469443681033566,0.2474006468928954,0.050801181365489,0.6898221440935407,0.139038609426408,0.6641558523965254,0.047649626059443,0.0682255796428548,0.5964942350167831,0.0695271465297336,0.0717972297699043,1.0000320199055464,-0.0002931442828154,-0.0003407971396505,852.0,0.0,0.7757959821721804,0.8301941523456482,0.7582397994422655,0.4289524364828488,0.7691271824860798,0.9039511764714248,0.3251454595275054,0.3428740624450832,0.8490603890323176,0.8526164186120888,0.3328486249724705,0.6043831837469494,0.612578139419939,0.0193470996025,100000,30,14,0.1,5.0,0.1,0,13,0.001,1e-06,0.001,1e-07,1.0,1e-08,adamax,0,0.0,disordered,1,0.3305791733998303,0 days 16:21:07.613160,0.0002931522758548,1.80890052303795,1.3273814571750044
469,469,469,469,0.1394082826282576,0.1394082826282576,0.1394082826282576,0.1394082826282576,0.1394082826282576,0.1394082826282576,0.1394082826282576,0.1394082826282576,0.1394082826282576,0.1394082826282576,0.1394082826282576,0.1394082826282576,0.1394082826282576,0.1394082826282576,0.5968654469065342,2.616183185382606e-06,0.0757340623568384,3.1895124283635693e-07,6.422003290754325e-07,0.1489804404900995,1.4943380143401162e-06,0.069042432868793,0.3433981477428033,9.999742407464628e-08,1.5530644301924974e-07,1.1432303970948081e-07,0.3993926329140318,4.348998126857064e-07,-0.0005875750345832,-0.0007171286190874,45247.0,0.0,0.6006280752352846,0.8903333259631713,0.8066317800062854,0.8089966562835611,0.9042228764309372,0.6204607735670469,0.7999703511396332,0.9618006717537834,0.8295202203668057,0.5833916105782465,0.3838079132101871,0.5712908858330356,0.8307995595244446,0.9612150719551013,100000,30,14,0.1,5.0,0.1,0,13,0.001,1e-06,0.001,1e-07,1.0,1e-08,adamax,0,0.0,disordered,1,0.1387176032405897,0 days 16:21:07.613160,0.0005875790541237,2.4830416805279842,1.78824968395174
470,470,470,470,0.333461801578636,0.333461801578636,0.333461801578636,0.333461801578636,0.333461801578636,0.333461801578636,0.333461801578636,0.333461801578636,0.333461801578636,0.333461801578636,0.333461801578636,0.333461801578636,0.333461801578636,0.333461801578636,1.000003779303994,0.0574287549415083,0.2818058000976902,0.1004916429260625,0.1953085007769859,0.6781806139079869,0.7120422863251656,0.4193368575919303,0.0765840401377017,0.7893622390822775,0.217540236372495,0.123482882629976,0.0966919878390226,0.3115846053146777,-0.0002684602300504,-0.0003030172356626,879.0,0.0,0.1134189103284313,0.6613838492327665,0.511619679349615,0.2714923664224742,0.2136416835277221,0.8275259093638383,0.200139584778804,0.9101343372566626,0.6604556518811057,0.1525878356365041,0.7663455601744278,0.515517514652494,0.5510879252588513,0.8401864161336767,100000,30,14,0.1,5.0,0.1,0,13,0.001,1e-06,0.001,1e-07,1.0,1e-08,adamax,0,0.0,disordered,1,0.3322941258524221,0 days 16:21:07.613160,0.0002684609679752,1.4537606219918218,1.3871463907910775
471,471,471,471,0.4047756965997316,0.4047756965997316,0.4047756965997316,0.4047756965997316,0.4047756965997316,0.4047756965997316,0.4047756965997316,0.4047756965997316,0.4047756965997316,0.4047756965997316,0.4047756965997316,0.4047756965997316,0.4047756965997316,0.4047756965997316,0.7596100357085459,0.3040305276167863,0.2949305662053106,0.7145214317271945,3.2639646317208e-06,0.0094107949643964,0.20237425063327,1.1321992470655573e-07,0.9050515471436108,0.195466377520032,0.4726825103497274,0.0452860997338291,0.7890876806505784,2.126176949752649e-06,-0.0002346501474061,-0.0002723845457821,100000.0,0.0,0.9832707906142746,0.3785156827981006,0.7076544827488199,0.1022333037490238,0.5197494226281969,0.5291639677835814,0.0651680539246426,0.4326658494441967,0.7477214808329589,0.0415203886572235,0.3082301782543825,0.6695332716826221,0.1067439486104169,0.7653430476356345,100000,30,14,0.1,5.0,0.1,0,13,0.001,1e-06,0.001,1e-07,1.0,1e-08,adamax,0,0.0,disordered,1,0.3997731076130559,0 days 16:21:07.613160,0.0002346617341917,1.7810871407876192,1.3260589778727292
472,472,472,472,0.2837303616516209,0.2837303616516209,0.2837303616516209,0.2837303616516209,0.2837303616516209,0.2837303616516209,0.2837303616516209,0.2837303616516209,0.2837303616516209,0.2837303616516209,0.2837303616516209,0.2837303616516209,0.2837303616516209,0.2837303616516209,0.6530738117176641,0.2125904052458556,0.3158115638477307,0.0264279281584307,0.4486019200542577,0.005344965938387,0.2092318329301647,0.1271572821285089,0.3267998114149366,1.592029600122864e-07,4.446884095610476e-07,0.6832979604379064,9.999877860179226e-08,0.4921612143952661,-0.0003193614043545,-0.000383255770309,81894.0,0.0,0.48335678231004,0.9538660734393776,0.6655232238474952,0.5337098078251732,0.8954074480770938,0.5556327142270704,0.2938797875126948,0.5974436725345941,0.2220825223964715,0.4353408804784706,0.4040848938534501,0.9913303664418236,0.5350648043294486,0.287325165296365,100000,30,14,0.1,5.0,0.1,0,13,0.001,1e-06,0.001,1e-07,1.0,1e-08,adamax,0,0.0,disordered,1,0.2836652222864595,0 days 16:21:07.613160,0.0003193614248972,2.3385406214252757,1.4450026141191024
473,473,473,473,0.4913407286296357,0.4913407286296357,0.4913407286296357,0.4913407286296357,0.4913407286296357,0.4913407286296357,0.4913407286296357,0.4913407286296357,0.4913407286296357,0.4913407286296357,0.4913407286296357,0.4913407286296357,0.4913407286296357,0.4913407286296357,0.914952158931513,0.2206331717860814,0.2862454749026766,0.6093732583877601,0.2274204212476721,0.7793060038533224,0.2527023294345241,0.2296802947477405,0.4882619831540685,0.3542184310570613,0.5002887391046414,0.3867041558237447,0.4960370457069235,1.000184031205248,-0.000207769517639,-0.00022367112582,395.0,0.0,0.227208811035703,0.8099932472644429,0.6398552318280012,0.017649013256303,0.4384305703962955,0.0762581180983065,0.7626735129249078,0.9429005317870662,0.8331578081899642,0.2297328470451939,0.1824511171909563,0.8152830421548504,0.9824978494635512,0.045682581879779,100000,30,14,0.1,5.0,0.1,0,13,0.001,1e-06,0.001,1e-07,1.0,1e-08,adamax,0,0.0,disordered,1,0.4889937840664138,0 days 16:21:07.613160,0.0002077713799824,1.2482022466248324,1.1814612586155027
474,474,474,474,0.2493409369951876,0.2493409369951876,0.2493409369951876,0.2493409369951876,0.2493409369951876,0.2493409369951876,0.2493409369951876,0.2493409369951876,0.2493409369951876,0.2493409369951876,0.2493409369951876,0.2493409369951876,0.2493409369951876,0.2493409369951876,1.000943660196418,0.3494091028633269,0.0419641490386375,0.4619059857976273,0.04193775178483,0.0643137201432898,0.1021700910089696,0.1689300100348944,0.0606288370959458,0.0478913463411368,0.5094210500217824,0.1208835259689889,0.1609162360864465,0.6754209155820796,-0.0003781582088051,-0.0004497735518884,783.0,0.0,0.0297055075117408,0.7880443009910753,0.6335761005478986,0.9954823477217928,0.5908038900795639,0.504091039947238,0.585749840969166,0.7859673465687607,0.8966419485301785,0.8877530763171715,0.6495093358546089,0.2756785190071861,0.125313626254127,0.6423771529559005,100000,30,14,0.1,5.0,0.1,0,13,0.001,1e-06,0.001,1e-07,1.0,1e-08,adamax,0,0.0,disordered,1,0.2488076873605969,0 days 16:21:07.613160,0.0003781587890744,1.6407965356257557,1.322416483074939
475,475,475,475,0.31260072430687,0.31260072430687,0.31260072430687,0.31260072430687,0.31260072430687,0.31260072430687,0.31260072430687,0.31260072430687,0.31260072430687,0.31260072430687,0.31260072430687,0.31260072430687,0.31260072430687,0.31260072430687,0.3825328949961742,0.3343794637760665,0.1699591618864225,0.1985592343503997,0.0432479678433956,7.465821422330769e-06,1.4838477889061793e-05,0.7560560787570205,1.6243515913164664e-05,0.4386507705869231,0.0793261769057297,0.0301690774820676,0.7916677438842106,0.0001430869265635,-0.0002775147805839,-0.000354615789593,7388.0,1.0,0.6335269532300448,0.1719776490818899,0.4518391453404771,0.6588474862879887,0.5042821259867678,0.6532390926501225,0.5768875722729377,0.0416900765071364,0.723311173346102,0.3289032918027161,0.5453892167226538,0.5971099951134881,0.110834846136107,0.7380194302582523,100000,30,14,0.1,5.0,0.1,0,13,0.001,1e-06,0.001,1e-07,1.0,1e-08,adamax,0,0.0,disordered,1,0.3111743777273968,0 days 16:21:07.613160,0.0002775162029909,2.5054206894951268,1.4150189156848691
476,476,476,476,0.293044697697214,0.293044697697214,0.293044697697214,0.293044697697214,0.293044697697214,0.293044697697214,0.293044697697214,0.293044697697214,0.293044697697214,0.293044697697214,0.293044697697214,0.293044697697214,0.293044697697214,0.293044697697214,0.585441808428989,0.0119811635582575,0.094361371585799,0.5126335991830224,0.0119351252727644,0.4767037935715326,0.0474990955438452,0.0314367386872896,0.012750568524318,0.2620558033224516,0.1671842043575685,1.0000008861839245,0.0327306371525231,0.0625991933694089,-0.0003117225584135,-0.0003847685722965,2211.0,0.0,0.5277299271803014,0.1934376134698414,0.2224961321262528,0.6047115082074426,0.8296051770624642,0.8393472699579823,0.4723661452608118,0.2717279477864255,0.4110530749349694,0.565165363685975,0.7654892320687915,0.0296768849410256,0.5507364630799796,0.6648035290204319,100000,30,14,0.1,5.0,0.1,0,13,0.001,1e-06,0.001,1e-07,1.0,1e-08,adamax,0,0.0,disordered,1,0.2972370216086024,0 days 16:21:07.613160,0.0003117432535075,1.6921988254148548,1.3367719179085464
477,477,477,477,0.4047756965997316,0.4047756965997316,0.4047756965997316,0.4047756965997316,0.4047756965997316,0.4047756965997316,0.4047756965997316,0.4047756965997316,0.4047756965997316,0.4047756965997316,0.4047756965997316,0.4047756965997316,0.4047756965997316,0.4047756965997316,1.0021733090381264,0.3551591728598015,0.1676560394518458,0.1675530605520185,0.1899349119502869,0.8893283213227927,0.730283228587495,0.1645268155382146,0.1657947621313512,0.7119457219189753,0.5147572110537872,0.2004227806072293,0.1893377439703,0.1705768202508995,-0.0002409193443931,-0.0002870218603352,398.0,0.0,0.0635194433960808,0.9710019240067054,0.9586148880399042,0.8811171402137306,0.9340565315351976,0.1543116510132697,0.91476950145053,0.3206445039886734,0.3680448975394689,0.0570102798293582,0.9117818509520296,0.6678102127778354,0.9257303922016116,0.9967091365744394,100000,30,14,0.1,5.0,0.1,0,13,0.001,1e-06,0.001,1e-07,1.0,1e-08,adamax,0,0.0,disordered,1,0.4021685755291018,0 days 16:21:07.613160,0.0002409229819177,1.2826168916286358,1.2778328220160426
478,478,478,478,0.2337423870891812,0.2337423870891812,0.2337423870891812,0.2337423870891812,0.2337423870891812,0.2337423870891812,0.2337423870891812,0.2337423870891812,0.2337423870891812,0.2337423870891812,0.2337423870891812,0.2337423870891812,0.2337423870891812,0.2337423870891812,0.1031800268716628,0.0357779706153891,0.043726860145235,0.4815835820164043,8.043889809136377e-05,6.596335070149984e-05,0.0414023637339699,0.55724974846119,0.3161125759334851,0.2730854399468204,0.0757341122171895,0.4762808567968855,0.000217433085669,0.2040756994613412,-0.0003854829580074,-0.0004319810464934,7102.0,1.0,0.7276574086150226,0.6076554441091927,0.5893780240157389,0.1648353102803886,0.4629891089131613,0.583618148676928,0.4355700635292643,0.8751741300829584,0.4634621203921272,0.0521836271140349,0.2155594829923628,0.5507842473788678,0.7381211427953985,0.9003861066310234,100000,30,14,0.1,5.0,0.1,0,13,0.001,1e-06,0.001,1e-07,1.0,1e-08,adamax,0,0.0,disordered,1,0.2371714508097781,0 days 16:21:07.613160,0.0003855095629718,2.044737593208563,1.4793084450388903
479,479,479,479,0.4459627626819087,0.4459627626819087,0.4459627626819087,0.4459627626819087,0.4459627626819087,0.4459627626819087,0.4459627626819087,0.4459627626819087,0.4459627626819087,0.4459627626819087,0.4459627626819087,0.4459627626819087,0.4459627626819087,0.4459627626819087,0.1559143324843523,0.5031313412044273,0.3882348637150816,0.1463917538933084,0.1032161386952481,1.0000346946867535,0.6928251428315663,0.1387125436661913,0.1418233713500325,0.938439609030467,0.1384917243956103,0.5319576886710409,0.3685045134967388,0.1898428610229198,-0.0002225798224353,-0.000243595643463,676.0,0.0,0.4219288870183579,0.6855546267882231,0.1129076892846582,0.4104489677651973,0.3403920197759168,0.9956131637009316,0.1473893533062931,0.6220181427824593,0.7300002064539245,0.0095053242159526,0.5051712455122496,0.857957248671211,0.2917551338064261,0.6353918915111868,100000,30,14,0.1,5.0,0.1,0,13,0.001,1e-06,0.001,1e-07,1.0,1e-08,adamax,0,0.0,disordered,1,0.4397128724394639,0 days 16:21:07.613160,0.0002225964059446,1.4450846839954274,1.3015802920386932
480,480,480,480,0.333461801578636,0.333461801578636,0.333461801578636,0.333461801578636,0.333461801578636,0.333461801578636,0.333461801578636,0.333461801578636,0.333461801578636,0.333461801578636,0.333461801578636,0.333461801578636,0.333461801578636,0.333461801578636,0.5886690097471364,0.1049076658463614,0.7153581887502258,0.1900899074612264,0.1240593349753969,0.5517235735630297,0.1509786029832025,1.0000087595209002,0.1259093158126519,0.3440051804812458,0.3961505088855216,0.1431308051774453,0.1456627205247499,0.1343722033984898,-0.0002681712164928,-0.0003175089648229,547.0,0.0,0.5951007269527597,0.9468568349758252,0.8633591614689379,0.2465916182867703,0.2695300873902642,0.7060316608530176,0.9642509203783942,0.1770099083113445,0.9478239686531252,0.8168138221565596,0.2750173528237055,0.5476243956447867,0.353720758133715,0.2131645558275922,100000,30,14,0.1,5.0,0.1,0,13,0.001,1e-06,0.001,1e-07,1.0,1e-08,adamax,0,0.0,disordered,1,0.3378116894719932,0 days 16:21:07.613160,0.0002681841582816,1.3881787104137864,1.3478419427301978
481,481,481,481,0.2659804395593755,0.2659804395593755,0.2659804395593755,0.2659804395593755,0.2659804395593755,0.2659804395593755,0.2659804395593755,0.2659804395593755,0.2659804395593755,0.2659804395593755,0.2659804395593755,0.2659804395593755,0.2659804395593755,0.2659804395593755,0.4337356243625399,3.148208351906712e-05,0.1170699683013231,0.3993261914644153,8.711229938614758e-06,0.7171926979400681,0.1376116306217872,0.2773438570703839,5.970967075991623e-06,0.8091053299053365,0.0168931503450737,0.1402431793268422,0.1519613848277276,9.628443860002128e-06,-0.0003511403131234,-0.0004148461588546,13399.0,1.0,0.4496892910022579,0.1941640163635237,0.197806305739161,0.5523239723921913,0.6868936134277752,0.1168678796749367,0.6305341008900484,0.9442780485427122,0.820291655843992,0.7864029540750304,0.2136639618852334,0.0726748329760627,0.3587839320563097,0.4440377020086732,100000,30,14,0.1,5.0,0.1,0,13,0.001,1e-06,0.001,1e-07,1.0,1e-08,adamax,0,0.0,disordered,1,0.2668311445916665,0 days 16:21:07.613160,0.0003511413846197,1.643392267173868,1.3994951219897982
482,482,482,482,0.2054117348353062,0.2054117348353062,0.2054117348353062,0.2054117348353062,0.2054117348353062,0.2054117348353062,0.2054117348353062,0.2054117348353062,0.2054117348353062,0.2054117348353062,0.2054117348353062,0.2054117348353062,0.2054117348353062,0.2054117348353062,0.1606603522879494,0.008926871261738,0.0514832797556762,7.688161349363439e-07,1.234437029433246e-07,9.999541153900789e-08,2.927859139974185e-07,0.7553485429113059,1.2515411675839563e-06,0.0511141730741815,0.3587595428680725,0.2284441972895882,3.073224523417104e-06,1.1733557555640515e-06,-0.0004232961546551,-0.0005793601803335,21292.0,0.0,0.2223669460289881,0.1908386402129033,0.218001267674638,0.1763651978655306,0.0277731718540701,0.0501644091834531,0.0863338131520763,0.6271419110834364,0.0875500394485959,0.1176320751524456,0.3779452896418467,0.5948226405472429,0.8036138002060478,0.7352606645859322,100000,30,14,0.1,5.0,0.1,0,13,0.001,1e-06,0.001,1e-07,1.0,1e-08,adamax,0,0.0,disordered,1,0.2072481105806901,0 days 16:21:07.613160,0.0004233055256589,2.4744922205455837,1.5170413009640877
483,483,483,483,0.367392478180207,0.367392478180207,0.367392478180207,0.367392478180207,0.367392478180207,0.367392478180207,0.367392478180207,0.367392478180207,0.367392478180207,0.367392478180207,0.367392478180207,0.367392478180207,0.367392478180207,0.367392478180207,0.5239831197182423,0.1322145353534501,0.4343138679002475,1.0009454306240573,0.163382671543953,0.1170999907426135,0.8159608939636486,0.1482783979489105,0.3176961958899567,0.6244091105001393,0.125912345224556,0.160011791129681,0.3209419223367083,0.3463462377169539,-0.0002697271776998,-0.0003043328101204,523.0,0.0,0.4934439520483571,0.1431064936869048,0.156081656727169,0.9814560319929372,0.304566495710329,0.3989439692344283,0.8077456768759435,0.1927234222622385,0.0435540663814499,0.6470496030580708,0.9484371236940884,0.9481402693550064,0.6728667576661967,0.2990382545061506,100000,30,14,0.1,5.0,0.1,0,13,0.001,1e-06,0.001,1e-07,1.0,1e-08,adamax,0,0.0,disordered,1,0.3705857799777975,0 days 16:21:07.613160,0.0002697355122488,1.2920904523361063,1.2815906394074794
484,484,484,484,0.4047756965997316,0.4047756965997316,0.4047756965997316,0.4047756965997316,0.4047756965997316,0.4047756965997316,0.4047756965997316,0.4047756965997316,0.4047756965997316,0.4047756965997316,0.4047756965997316,0.4047756965997316,0.4047756965997316,0.4047756965997316,0.7569243151770484,0.4045198872462125,0.1760611700979525,0.0110837335889071,0.9954440401859708,0.0839755276296304,0.6214298133122578,6.211713322567175e-05,0.5161467472851582,0.0001485900448275,0.2594103164672019,2.1834264513874337e-05,0.8672128088429282,0.0371217752851135,-0.0002218502730622,-0.0002761239001567,8265.0,1.0,0.1918364773974171,0.7853665333884081,0.434363328762075,0.5754519374839276,0.9979295878921464,0.3199679736598728,0.8226329452875503,0.3784644322386374,0.4059054775552967,0.8851250306522629,0.1953081352226892,0.9117626652258984,0.4132759758515169,0.8304377672119678,100000,30,14,0.1,5.0,0.1,0,13,0.001,1e-06,0.001,1e-07,1.0,1e-08,adamax,0,0.0,disordered,1,0.4064162267300137,0 days 16:21:07.613160,0.0002218513178428,1.8081587468168534,1.342613992177088
485,485,485,485,0.31260072430687,0.31260072430687,0.31260072430687,0.31260072430687,0.31260072430687,0.31260072430687,0.31260072430687,0.31260072430687,0.31260072430687,0.31260072430687,0.31260072430687,0.31260072430687,0.31260072430687,0.31260072430687,0.0006134322330459,0.7252777839459699,0.0004529283573018,0.6570052585842671,0.0042373657678761,0.6284997111089544,0.0569560836787381,0.2000643035481534,0.0375334456370221,0.0178406757879338,0.478534110752252,0.1642767687649933,0.8454028434294613,0.0286381094252428,-0.000279090191886,-0.0003164253717576,5593.0,1.0,0.6998735851015533,0.7918778705206366,0.3101849875848828,0.3667031024339268,0.8161988220258045,0.2888561164844176,0.7769947382966724,0.9232666243885602,0.7349943217003136,0.8162167619799395,0.3930944022898853,0.7225771059152559,0.063718657056387,0.5505835569677612,100000,30,14,0.1,5.0,0.1,0,13,0.001,1e-06,0.001,1e-07,1.0,1e-08,adamax,0,0.0,disordered,1,0.3141908083970878,0 days 16:21:07.613160,0.0002790919585174,2.068824056847061,1.419449012908285
486,486,486,486,0.2493409369951876,0.2493409369951876,0.2493409369951876,0.2493409369951876,0.2493409369951876,0.2493409369951876,0.2493409369951876,0.2493409369951876,0.2493409369951876,0.2493409369951876,0.2493409369951876,0.2493409369951876,0.2493409369951876,0.2493409369951876,0.0001550496783691,0.4868155634294026,0.0237929530785427,0.7015532210422581,0.0449813944018856,0.0755980558721404,0.3038976590924149,0.836385496357094,1.69733405143315e-06,4.606305804424102e-07,0.324259593507527,0.065880810824096,0.1007957854809856,0.5091564099109468,-0.00035949306516,-0.0004047257253318,100000.0,0.0,0.8336559810010794,0.6010940351894166,0.2620968827615786,0.6080575570567971,0.0868903070972991,0.0210280386233451,0.3378509283192934,0.0184279419459325,0.629469711302448,0.6536381971354349,0.4667528057436152,0.2498547036750016,0.1350053964370809,0.5448413160577761,100000,30,14,0.1,5.0,0.1,0,13,0.001,1e-06,0.001,1e-07,1.0,1e-08,adamax,0,0.0,disordered,1,0.2496443837134307,0 days 16:21:07.613160,0.0003594933192606,1.4633610272332298,1.4481586589847653
487,487,487,487,0.5241298302206053,0.5241298302206053,0.5241298302206053,0.5241298302206053,0.5241298302206053,0.5241298302206053,0.5241298302206053,0.5241298302206053,0.5241298302206053,0.5241298302206053,0.5241298302206053,0.5241298302206053,0.5241298302206053,0.5241298302206053,0.2175332556096473,0.5503959544771638,0.258759136669019,0.2767884908067404,0.2871242841219506,0.1891867300363312,0.8062879579491896,0.1888216532723751,0.2168808391779007,0.2022919644504514,1.0003365916652167,0.6072148855941554,0.9614618831631108,0.2044859762548452,-0.0001820356698587,-0.0002052225473333,442.0,0.0,0.9478480678050574,0.7995316029322906,0.2793164973403212,0.2713162929413526,0.6246487704349741,0.8018398359351082,0.214932025961354,0.8403914731930072,0.8814739187991609,0.7463558807881249,0.0604629493748769,0.9435880119817778,0.060286811125508,0.757956619964295,100000,30,14,0.1,5.0,0.1,0,13,0.001,1e-06,0.001,1e-07,1.0,1e-08,adamax,0,0.0,disordered,1,0.5285301633423428,0 days 16:21:07.613160,0.0001820400511229,1.3892681660095425,1.2219740639939942
488,488,488,488,0.4047756965997316,0.4047756965997316,0.4047756965997316,0.4047756965997316,0.4047756965997316,0.4047756965997316,0.4047756965997316,0.4047756965997316,0.4047756965997316,0.4047756965997316,0.4047756965997316,0.4047756965997316,0.4047756965997316,0.4047756965997316,1.0003199343756326,0.2338522680940739,0.7499386762618927,0.7364754840006128,0.7385436710747256,0.1769254642347132,0.1803731385720473,0.2121281313555311,0.4773484416117642,0.2919058369779739,0.1017981096863285,0.9688506419807532,0.1061800098359539,0.1102040777944118,-0.0002383314052586,-0.000270714488505,655.0,0.0,0.0259054706739989,0.6741707095078997,0.1042713187590625,0.9180442255463293,0.0778594235066407,0.5397960072421002,0.7234619934116718,0.9522219118932644,0.5553659588530595,0.0911817500354703,0.3283064611895312,0.8499098660010553,0.1863371697883865,0.2455291100789561,100000,30,14,0.1,5.0,0.1,0,13,0.001,1e-06,0.001,1e-07,1.0,1e-08,adamax,0,0.0,disordered,1,0.4107232581291337,0 days 16:21:07.613160,0.00023835034718,1.314515244790808,1.291823542653397
489,489,489,489,0.3026648059395688,0.3026648059395688,0.3026648059395688,0.3026648059395688,0.3026648059395688,0.3026648059395688,0.3026648059395688,0.3026648059395688,0.3026648059395688,0.3026648059395688,0.3026648059395688,0.3026648059395688,0.3026648059395688,0.3026648059395688,0.0005711973709025,0.7162050482275623,0.0012196806959484,0.3478069453565541,0.1188102936305818,0.0002076019753877,0.2049152734429238,0.3259205238151802,0.7544656074119958,0.2503673425640976,0.000126811375752,7.11723681731704e-05,0.6565495164763945,0.0002101982902416,-0.0003113081458894,-0.000358832078362,7225.0,1.0,0.4845123476445278,0.3839785936003753,0.8230016994434164,0.957306099700518,0.6006239057409234,0.5998993339339992,0.4818467462579304,0.139246317581382,0.7173667338247759,0.0994480529753064,0.3021639007920429,0.218914641428391,0.6075218556282194,0.9707100801295322,100000,30,14,0.1,5.0,0.1,0,13,0.001,1e-06,0.001,1e-07,1.0,1e-08,adamax,0,0.0,disordered,1,0.2989130885850188,0 days 16:21:07.613160,0.0003113244487392,1.5466875271499938,1.3788728491819864
490,490,490,490,0.3557150206821381,0.3557150206821381,0.3557150206821381,0.3557150206821381,0.3557150206821381,0.3557150206821381,0.3557150206821381,0.3557150206821381,0.3557150206821381,0.3557150206821381,0.3557150206821381,0.3557150206821381,0.3557150206821381,0.3557150206821381,0.1762490286781308,0.2572052143074281,0.7940611235280394,0.389728049375082,0.1245607519337832,0.1073243256093574,0.4912926003639262,1.0004633975604296,0.2959855935167518,0.1085526737464788,0.3580606795673733,0.1799389241648034,0.135268882271029,0.2323845248283968,-0.0002722061027886,-0.0003255026271326,614.0,0.0,0.7414148181972565,0.9712627849966752,0.2552808487036372,0.8571232717081592,0.5218319854095343,0.5473900008354462,0.1761906684946234,0.9164039572439502,0.0981082511207722,0.0829976086598314,0.2538507260322744,0.6082092370758789,0.6370554126444964,0.9033157663684772,100000,30,14,0.1,5.0,0.1,0,13,0.001,1e-06,0.001,1e-07,1.0,1e-08,adamax,0,0.0,disordered,1,0.353144554207485,0 days 16:21:07.613160,0.000272210824965,1.3214614880998243,1.3453051304382737
491,491,491,491,0.3026648059395688,0.3026648059395688,0.3026648059395688,0.3026648059395688,0.3026648059395688,0.3026648059395688,0.3026648059395688,0.3026648059395688,0.3026648059395688,0.3026648059395688,0.3026648059395688,0.3026648059395688,0.3026648059395688,0.3026648059395688,0.3515661522487115,0.0871672443301443,0.0744572670751703,0.0726200266699999,0.5224066088044718,0.1201830545107994,0.1010257615230059,0.0969999854677551,0.2119758893058164,0.1154463677207782,0.5954309351261623,0.0635999794718091,0.1721065104029204,1.0000543264552808,-0.0003201033006605,-0.000376294936073,724.0,0.0,0.0528151141464379,0.2613066359563056,0.2904027620856861,0.262278749857468,0.473104382460083,0.8973398063717223,0.7989211681934247,0.6638195532130509,0.488377747487389,0.8135692622783337,0.5379839630770181,0.1104495427930714,0.1264396807421358,0.7977479887152323,100000,30,14,0.1,5.0,0.1,0,13,0.001,1e-06,0.001,1e-07,1.0,1e-08,adamax,0,0.0,disordered,1,0.3007633369489046,0 days 16:21:07.613160,0.0003201082415934,1.4386501655412425,1.2697730892268206
492,492,492,492,0.3444087275973818,0.3444087275973818,0.3444087275973818,0.3444087275973818,0.3444087275973818,0.3444087275973818,0.3444087275973818,0.3444087275973818,0.3444087275973818,0.3444087275973818,0.3444087275973818,0.3444087275973818,0.3444087275973818,0.3444087275973818,0.0324281041805663,0.5748859666058528,0.5587371754538308,0.0555783510979416,0.5645140442942361,0.0657466886064778,0.4114572119420804,0.3432998693114916,0.2985866996505951,9.748294700956028e-07,0.2077676154460383,0.9432597457386016,4.982983754073016e-07,7.467733572084834e-07,-0.0002810261498136,-0.0003378833873977,100000.0,0.0,0.5954979052319928,0.166263893456239,0.7399059061950867,0.4070102862103428,0.0027837520623581,0.4800540512740539,0.1838739253177571,0.6594825963202536,0.3054598881441087,0.1489858622914508,0.0838564235858635,0.8363633791307626,0.4693562082477407,0.5185149607419649,100000,30,14,0.1,5.0,0.1,0,13,0.001,1e-06,0.001,1e-07,1.0,1e-08,adamax,0,0.0,disordered,1,0.344824629722521,0 days 16:21:07.613160,0.0002810263888596,1.575574643517788,1.3736705556158728
493,493,493,493,0.4180637241455752,0.4180637241455752,0.4180637241455752,0.4180637241455752,0.4180637241455752,0.4180637241455752,0.4180637241455752,0.4180637241455752,0.4180637241455752,0.4180637241455752,0.4180637241455752,0.4180637241455752,0.4180637241455752,0.4180637241455752,0.7787310096309206,0.0533746385322429,0.5705282897105144,6.451978453988673e-06,2.0457211593936685e-05,7.462177210349472e-06,0.944965618287278,0.7951949715060463,0.8012064774221018,0.0304983091766941,0.1779852480267607,7.425377906609788e-05,0.2319324106053464,0.6774856830192865,-0.0002256398446895,-0.0002886258293506,9278.0,1.0,0.8422931764199684,0.5671767561321978,0.2667935938564588,0.6104303144817262,0.2159695678833503,0.6050942070458719,0.0064270595950866,0.9121115910033064,0.0205776342880394,0.4778732174795674,0.2823153666397295,0.5462471830810489,0.4537867542021065,0.9775336955291146,100000,30,14,0.1,5.0,0.1,0,13,0.001,1e-06,0.001,1e-07,1.0,1e-08,adamax,0,0.0,disordered,1,0.4240645011589358,0 days 16:21:07.613160,0.0002256559261119,1.7976183094451916,1.3125504187380754
494,494,494,494,0.293044697697214,0.293044697697214,0.293044697697214,0.293044697697214,0.293044697697214,0.293044697697214,0.293044697697214,0.293044697697214,0.293044697697214,0.293044697697214,0.293044697697214,0.293044697697214,0.293044697697214,0.293044697697214,8.61538716264439e-06,0.8092461601875631,0.2588921660241581,0.5087259524375034,0.5413220815781491,1.2640605676295025e-07,0.3209458536469055,1.3281804209652566e-07,0.5412007272408651,1.6086151659689913e-06,0.0562807933128819,0.3783789829277534,0.3557847837251236,1.6121941874357034e-06,-0.0003186277742167,-0.0003770273045377,100000.0,0.0,0.9808248663002128,0.7298826695138971,0.0604322282087121,0.4083714868161339,0.990727279346154,0.9591844804702008,0.4728815671076004,0.9749339241851585,0.7619154420895458,0.4615112616872572,0.5258420467164534,0.7811712886888529,0.2923436145323466,0.5571138638545272,100000,30,14,0.1,5.0,0.1,0,13,0.001,1e-06,0.001,1e-07,1.0,1e-08,adamax,0,0.0,disordered,1,0.2891232338450275,0 days 16:21:07.613160,0.0003186475127618,1.7130934548224626,1.4099895279455548
495,495,495,495,0.3794532847236935,0.3794532847236935,0.3794532847236935,0.3794532847236935,0.3794532847236935,0.3794532847236935,0.3794532847236935,0.3794532847236935,0.3794532847236935,0.3794532847236935,0.3794532847236935,0.3794532847236935,0.3794532847236935,0.3794532847236935,0.1216230479473451,0.8978922573795114,0.3116076120402457,0.1691372776069793,0.1345987261932946,0.7276544346753362,0.0809055493159514,1.0000631906474424,0.4909290747203457,0.2482577797259439,0.2145108319002592,0.2490930497351977,0.1889668590295143,0.0961045820865002,-0.0002611060011962,-0.0003046136136417,696.0,0.0,0.8016826591964474,0.0602663633083907,0.7307312442200351,0.396838880696577,0.2566548142486043,0.8296946271688208,0.4232138542919427,0.0171094775073709,0.9834358326694204,0.8565635298019009,0.4890810960332049,0.5569072260300705,0.8987663345241977,0.906412715245836,100000,30,14,0.1,5.0,0.1,0,13,0.001,1e-06,0.001,1e-07,1.0,1e-08,adamax,0,0.0,disordered,1,0.3833170387126181,0 days 16:21:07.613160,0.0002611169827393,1.4310795971694592,1.312011130564994
496,496,496,496,0.1638433645577982,0.1638433645577982,0.1638433645577982,0.1638433645577982,0.1638433645577982,0.1638433645577982,0.1638433645577982,0.1638433645577982,0.1638433645577982,0.1638433645577982,0.1638433645577982,0.1638433645577982,0.1638433645577982,0.1638433645577982,1.000326143079738,0.5087047835652552,0.4048050005294493,0.0133933125803896,0.0190079196384287,0.023286379314014,0.2239364162513518,0.0207143171232856,0.0291463239892401,0.0276012116415742,0.4651374638432122,0.0340270255771476,0.0161963246072289,0.015806419484913,-0.0005243154091177,-0.0007553731930937,1166.0,0.0,0.0770458059534274,0.9050629660869476,0.4076670979049688,0.692042640486587,0.445533312144539,0.685515738669372,0.4162519896812147,0.6622245314896129,0.6742238875906849,0.6550485311010852,0.4889104222555381,0.1546385997824735,0.1353466678739393,0.1804238194709215,100000,30,14,0.1,5.0,0.1,0,13,0.001,1e-06,0.001,1e-07,1.0,1e-08,adamax,0,0.0,disordered,1,0.1641530119838569,0 days 16:21:07.613160,0.0005243160641525,2.1454858336113527,1.5467057838180904
497,497,497,497,0.4317879727332017,0.4317879727332017,0.4317879727332017,0.4317879727332017,0.4317879727332017,0.4317879727332017,0.4317879727332017,0.4317879727332017,0.4317879727332017,0.4317879727332017,0.4317879727332017,0.4317879727332017,0.4317879727332017,0.4317879727332017,0.1699187636962359,0.1669546133396977,0.6981252295419261,0.6361454233395828,0.1687976478604662,0.1630673125781556,0.6637595763251014,1.000723429511038,0.3053488184072281,0.2118900517767219,0.5096696448115208,0.221226550858275,0.1875258467782139,0.1650112619411188,-0.0002327214535648,-0.0002728633409472,460.0,0.0,0.52327627884049,0.4502501254348593,0.0813447158765047,0.8939327218736931,0.5102190862293348,0.4585535028934924,0.0324014716288943,0.9228680985347406,0.0944239968820747,0.1293520055150141,0.66647301487308,0.2840197664495039,0.5733118889572039,0.6427100641760164,100000,30,14,0.1,5.0,0.1,0,13,0.001,1e-06,0.001,1e-07,1.0,1e-08,adamax,0,0.0,disordered,1,0.4249632295147283,0 days 16:21:07.613160,0.0002327441726433,1.349644853460629,1.3046736600373918
498,498,498,498,0.2414157116103016,0.2414157116103016,0.2414157116103016,0.2414157116103016,0.2414157116103016,0.2414157116103016,0.2414157116103016,0.2414157116103016,0.2414157116103016,0.2414157116103016,0.2414157116103016,0.2414157116103016,0.2414157116103016,0.2414157116103016,3.992283581107649e-06,0.4774362441434424,0.2721686864306508,0.783875164018001,0.3394648253776295,4.453340150814253e-07,0.0275816472782897,3.294670185024788e-07,0.04311303325749,0.884582650465046,0.0303780353218754,0.0283511407213189,1.364016474005677e-07,0.1116541511498826,-0.0003456072770766,-0.0004835190098425,100000.0,0.0,0.297773458019765,0.2942470606164776,0.7938924584585185,0.2679994254579357,0.9621187048122276,0.7118910267544779,0.6397027219238077,0.8553582783619517,0.771710517475043,0.12102325769142,0.5835899212413443,0.4231156704571206,0.5826471613984056,0.6249784760651163,100000,30,14,0.1,5.0,0.1,0,13,0.001,1e-06,0.001,1e-07,1.0,1e-08,adamax,0,0.0,disordered,1,0.2375990984027919,0 days 16:21:07.613160,0.0003456282142455,2.2699850083525583,1.5628240192558116
499,499,499,499,0.4180637241455752,0.4180637241455752,0.4180637241455752,0.4180637241455752,0.4180637241455752,0.4180637241455752,0.4180637241455752,0.4180637241455752,0.4180637241455752,0.4180637241455752,0.4180637241455752,0.4180637241455752,0.4180637241455752,0.4180637241455752,0.0752312528338771,0.7426221779518488,0.0876113469814739,0.2570813048610985,0.1967640978492545,0.6962225661887388,0.5581259995635378,0.1283014883277616,0.1156942297240998,0.2621722702081936,0.193138019371913,0.0726339701535907,1.0001331917776854,0.416608490567605,-0.0002391254128813,-0.0002793292591282,802.0,0.0,0.5046686955938418,0.0983190289214767,0.668571059257282,0.6118086646396543,0.2790844186658202,0.079396401805468,0.9204801562539044,0.6937348180419278,0.5276474398503749,0.513977910887908,0.1580317932822608,0.1876942575289047,0.7972596168110705,0.0417540585017971,100000,30,14,0.1,5.0,0.1,0,13,0.001,1e-06,0.001,1e-07,1.0,1e-08,adamax,0,0.0,disordered,1,0.4144509326635037,0 days 16:21:07.613160,0.0002391321341984,1.4100331823182488,1.2372561703488163
