,Unnamed: 0.2,Unnamed: 0.1,Unnamed: 0,Gamma0_1,Gamma0_2,Gamma0_3,Gamma0_4,Gamma0_5,Gamma0_6,Gamma0_7,Gamma0_8,Gamma0_9,Gamma0_10,Gamma0_11,Gamma0_12,Gamma0_13,Gamma0_14,Gamma1,Gamma2,Gamma3,Gamma4,Gamma5,Gamma6,Gamma7,Gamma8,Gamma9,Gamma10,Gamma11,Gamma12,Gamma13,Gamma14,eta0,eta,count,success,e1,e2,e3,e4,e5,e6,e7,e8,e9,e10,e11,e12,e13,e14,max_iter,min_iter,N,Jmax,alpha,gleak,ex,lk,rate,minGg,maxGg,minGo,maxGo,tol,optim,exfix,exval,profile,seed,Gamma,runtime,ueta,cohlength,ucohlength
0,0,0,0,0.1306870229743345,0.1306870229743345,0.1306870229743345,0.1306870229743345,0.1306870229743345,0.1306870229743345,0.1306870229743345,0.1306870229743345,0.1306870229743345,0.1306870229743345,0.1306870229743345,0.1306870229743345,0.1306870229743345,0.1306870229743345,0.8403197646017465,0.0973874542482557,0.2592587710712354,1.001838246057514,0.0277892688925361,0.2789900132950083,0.1138764774613593,0.0365053865622195,0.0229495348749981,0.0146613840801022,0.1164863430855026,0.0168137439283451,0.0187942229219992,0.0350342661734725,-0.0019859505478269,-0.0023162296022256,1072.0,0.0,0.5118216247002567,0.9504636963259352,0.1441596127196337,0.948649447137244,0.3118314520104854,0.4233264489725756,0.8277025938204418,0.4091991363691613,0.5495936876730595,0.0275591132430683,0.7535131086748066,0.5381433132192782,0.3297317164990921,0.7884287034284043,100000,30,14,0.1,1.0,0.1,0,13,0.001,1e-06,0.001,1e-07,1.0,1e-08,adamax,0,0.0,disordered,1,0.1298297878758263,0 days 16:22:05.799689,0.001985964818775,4.507368731322106,4.361950797225896
1,1,1,1,0.3444087275973818,0.3444087275973818,0.3444087275973818,0.3444087275973818,0.3444087275973818,0.3444087275973818,0.3444087275973818,0.3444087275973818,0.3444087275973818,0.3444087275973818,0.3444087275973818,0.3444087275973818,0.3444087275973818,0.3444087275973818,0.6069148663149828,0.1205426123812821,0.1284226931584092,0.120502672503277,0.1181469033394594,0.1181799591977988,0.9399647286244772,0.1175637170747132,0.12007879773557,1.000142228384429,1.0014160907909704,0.4331934480602418,0.1180768079988519,0.567312950971346,-0.0010764004780434,-0.0012136176544067,464.0,0.0,0.303194829291645,0.4534978894806515,0.1340416972471647,0.4031129864471292,0.2034552406761496,0.2623133404418495,0.7503646726300526,0.2804087579860399,0.485190974431635,0.9807371998012386,0.9616571936637868,0.7247899407735336,0.5412268555474342,0.2768912040453708,100000,30,14,0.1,1.0,0.1,0,13,0.001,1e-06,0.001,1e-07,1.0,1e-08,adamax,0,0.0,disordered,1,0.3400230535276376,0 days 16:22:05.799689,0.0010764399835902,4.5066971175326715,4.3426576832240515
2,2,2,2,0.1925613572129196,0.1925613572129196,0.1925613572129196,0.1925613572129196,0.1925613572129196,0.1925613572129196,0.1925613572129196,0.1925613572129196,0.1925613572129196,0.1925613572129196,0.1925613572129196,0.1925613572129196,0.1925613572129196,0.1925613572129196,0.9834444641018656,0.5477008025671802,0.1386254480042172,0.2378238226032197,0.0526749391081372,0.9956727379791798,0.0365672217059572,1.00115963270992,0.0641850654583122,0.0360485016605883,0.0366100830858296,0.13683986109469,0.0365637701898801,0.0383398397970341,-0.0017255697539568,-0.0024614297339538,727.0,0.0,0.1606520087751268,0.9699254132161326,0.5160685855478787,0.1158656124707703,0.6234897555375004,0.776683114342298,0.6130033010530405,0.9172977047909028,0.0395928766642028,0.5285892632600216,0.4593358828854037,0.0623495791498756,0.641328169139375,0.8526328384806567,100000,30,14,0.1,1.0,0.1,0,13,0.001,1e-06,0.001,1e-07,1.0,1e-08,adamax,0,0.0,disordered,1,0.1932367177157383,0 days 16:22:05.799689,0.001725574529834,4.60017554667602,4.415484103071822
3,3,3,3,0.3026648059395688,0.3026648059395688,0.3026648059395688,0.3026648059395688,0.3026648059395688,0.3026648059395688,0.3026648059395688,0.3026648059395688,0.3026648059395688,0.3026648059395688,0.3026648059395688,0.3026648059395688,0.3026648059395688,0.3026648059395688,0.7623375055934282,0.6591602366810523,8.004209724535613e-06,0.2078557100249487,0.2485570110379073,1.4013256206141292e-05,0.0853905083220773,9.722346594490724e-06,0.615686260378217,0.9547045267486388,4.817784186490065e-06,0.7741967857140659,4.287980256067512e-06,0.3376775409216666,-0.001062971872155,-0.0013389516851038,8697.0,1.0,0.592941018104284,0.2600974477372232,0.8398815210314088,0.5094958815215094,0.510888884466533,0.7530302077021779,0.1479220357849565,0.819626719119277,0.6832869060032571,0.787096941554801,0.1916162590201352,0.80236416113453,0.1913239260572002,0.0815526173635127,100000,30,14,0.1,1.0,0.1,0,13,0.001,1e-06,0.001,1e-07,1.0,1e-08,adamax,0,0.0,disordered,1,0.3011129299263276,0 days 16:22:05.799689,0.0010629771858747,3.8577258387896793,4.143919558969401
4,4,4,4,0.0582815458123084,0.0582815458123084,0.0582815458123084,0.0582815458123084,0.0582815458123084,0.0582815458123084,0.0582815458123084,0.0582815458123084,0.0582815458123084,0.0582815458123084,0.0582815458123084,0.0582815458123084,0.0582815458123084,0.0582815458123084,0.494871959359816,0.0736790983976254,4.648583607378164e-07,2.1005829304623348e-07,3.631100775099662e-07,1.4207776970854763e-06,0.0757723147621627,0.0219278562792187,5.958228434311852e-07,1.2557647144572e-07,9.998230236047006e-08,0.0746531049213639,1.421148777244607e-06,2.757461862550778e-07,-0.0033710662125165,-0.0045223427428888,11018.0,0.0,0.8552269742870702,0.8612834961776684,0.8765370964165805,0.4719097193587902,0.2740483886137183,0.0070918286031662,0.6457208955749478,0.719909383508693,0.8355692165002742,0.2818778273645421,0.2152181671629736,0.6393313800665879,0.8050548331450097,0.9636708728449708,100000,30,14,0.1,1.0,0.1,0,13,0.001,1e-06,0.001,1e-07,1.0,1e-08,adamax,0,0.0,disordered,1,0.0581813498348048,0 days 16:22:05.799689,0.0033710682710188,4.552658588852604,4.3015276734076755
5,5,5,5,0.4180637241455752,0.4180637241455752,0.4180637241455752,0.4180637241455752,0.4180637241455752,0.4180637241455752,0.4180637241455752,0.4180637241455752,0.4180637241455752,0.4180637241455752,0.4180637241455752,0.4180637241455752,0.4180637241455752,0.4180637241455752,0.9799735732449418,0.5196029649436303,0.1703610567108184,0.2004635749418025,0.185832941692895,0.2142559865688062,0.1816706765988786,1.0001146660271911,0.1729753842999338,0.2746735898244112,0.1908765171567532,0.2055809610710239,0.4588533747600529,0.662718904229743,-0.0009436769043949,-0.0010113121241049,391.0,0.0,0.1505248304211774,0.4822123881993365,0.8947158621961735,0.4227169069454373,0.5895020620840481,0.0244906774933632,0.6734598871529389,0.9190886196338224,0.8268253295567211,0.8855202667099468,0.6603553805205233,0.2455522672431775,0.7685169988962544,0.2116747426075105,100000,30,14,0.1,1.0,0.1,0,13,0.001,1e-06,0.001,1e-07,1.0,1e-08,adamax,0,0.0,disordered,1,0.4184179393575218,0 days 16:22:05.799689,0.0009436770858746,4.215062530377328,4.281154572479541
6,6,6,6,0.0977192128371799,0.0977192128371799,0.0977192128371799,0.0977192128371799,0.0977192128371799,0.0977192128371799,0.0977192128371799,0.0977192128371799,0.0977192128371799,0.0977192128371799,0.0977192128371799,0.0977192128371799,0.0977192128371799,0.0977192128371799,0.0903900253668817,0.0094958571410434,1.0004252307689403,0.1849786377037399,0.01474969709808,0.0127743975000165,0.6494236354141553,0.0154668703511274,0.0128030372601704,0.0145909660795211,0.0139301200565246,0.009458578092206,0.0085175333329312,0.0093836734598935,-0.0023628410647502,-0.0032119096267873,1067.0,0.0,0.8312748346644612,0.0627179225707682,0.8254878133935558,0.1645072664741013,0.3751469964966418,0.3167381665569643,0.6913370352777413,0.1785718781743719,0.3962561622169864,0.0058245951079809,0.2624947127501015,0.4211888142289552,0.1059212367073244,0.6331599460365578,100000,30,14,0.1,1.0,0.1,0,13,0.001,1e-06,0.001,1e-07,1.0,1e-08,adamax,0,0.0,disordered,1,0.0976214234754908,0 days 16:22:05.799689,0.0023628413564543,5.208686267688897,4.57597966943614
7,7,7,7,0.31260072430687,0.31260072430687,0.31260072430687,0.31260072430687,0.31260072430687,0.31260072430687,0.31260072430687,0.31260072430687,0.31260072430687,0.31260072430687,0.31260072430687,0.31260072430687,0.31260072430687,0.31260072430687,0.4940566903459875,0.4298408688660076,0.4709021101245217,0.0966087210665815,0.1846264545228771,0.3490027178411141,0.4622520826943855,0.0913851215062925,0.9085640563624569,0.102216410520761,1.0007298968876963,0.1025719738833572,0.0903146327996942,0.465538776899661,-0.0010924651439626,-0.001249824165293,539.0,0.0,0.3804242698865323,0.7252939380762389,0.6538660110683944,0.4312267487774062,0.8673205056421992,0.632135117500167,0.8102743521062991,0.341794723940113,0.5436692896684556,0.1962968851147534,0.996141190118628,0.2432154643063271,0.2568674672271027,0.0731900723909659,100000,30,14,0.1,1.0,0.1,0,13,0.001,1e-06,0.001,1e-07,1.0,1e-08,adamax,0,0.0,disordered,1,0.313757386780829,0 days 16:22:05.799689,0.0010924685771829,4.206923416987437,4.13541436375223
8,8,8,8,0.2493409369951876,0.2493409369951876,0.2493409369951876,0.2493409369951876,0.2493409369951876,0.2493409369951876,0.2493409369951876,0.2493409369951876,0.2493409369951876,0.2493409369951876,0.2493409369951876,0.2493409369951876,0.2493409369951876,0.2493409369951876,0.9507760758957244,0.2090677133590023,0.0626525551867709,0.1057750011343886,0.0619133132224141,0.0618963065992964,0.8580898860753007,0.0615660538120547,0.3074958443019492,1.0007395227777522,0.5234657585517779,0.0994324462230923,0.081243221283579,0.2754339452881431,-0.0013858334586611,-0.0015566914437533,609.0,0.0,0.2578031189967366,0.7631285325440532,0.6978935706830813,0.1286732123171694,0.3762385014280942,0.4209213946174629,0.6649842463619607,0.4559289630437488,0.5865183268255314,0.8396846036089424,0.7264736103123705,0.3650072635085589,0.4483963093444842,0.3676995696900066,100000,30,14,0.1,1.0,0.1,0,13,0.001,1e-06,0.001,1e-07,1.0,1e-08,adamax,0,0.0,disordered,1,0.2511552739765066,0 days 16:22:05.799689,0.0013858519665344,4.326871089874275,4.101837833676875
9,9,9,9,0.293044697697214,0.293044697697214,0.293044697697214,0.293044697697214,0.293044697697214,0.293044697697214,0.293044697697214,0.293044697697214,0.293044697697214,0.293044697697214,0.293044697697214,0.293044697697214,0.293044697697214,0.293044697697214,1.0000096425417913,0.4791988593040635,0.3921088472190837,0.3877403929254403,0.376099694932955,0.3138684231001846,0.6036242421257747,0.0742083804269286,0.0489101695117627,0.0644275407984861,0.0325187566946867,0.4528532798228977,0.0727077356811582,0.5246186118909708,-0.0012039199403035,-0.0012683041919117,1142.0,0.0,0.1097346640066967,0.2032415440873966,0.2838064889441311,0.3141338956023022,0.3130478588199377,0.576699716252952,0.9716899756197548,0.774664134923732,0.7911339481728052,0.75926850053958,0.5969877305237564,0.9176922571709129,0.689630155447081,0.500356430736871,100000,30,14,0.1,1.0,0.1,0,13,0.001,1e-06,0.001,1e-07,1.0,1e-08,adamax,0,0.0,disordered,1,0.2959539055473019,0 days 16:22:05.799689,0.0012039474584861,3.824974906324642,3.950128944565114
10,10,10,10,0.2414157116103016,0.2414157116103016,0.2414157116103016,0.2414157116103016,0.2414157116103016,0.2414157116103016,0.2414157116103016,0.2414157116103016,0.2414157116103016,0.2414157116103016,0.2414157116103016,0.2414157116103016,0.2414157116103016,0.2414157116103016,0.9565885262185044,0.2258266571105108,0.2472200361324985,0.3735847570207085,0.0769391472974877,0.7505355738249087,0.0746566331519282,0.060975159755923,0.0575820601077241,0.0653293547754214,1.0016692817099322,0.0803372284267181,0.1539019009966831,0.0599256449905468,-0.0015007625129116,-0.0018375435135688,622.0,0.0,0.0770838085005387,0.4884492270855238,0.2128309953403343,0.1326962975467872,0.506064922529373,0.785085292596959,0.2950064428055194,0.7687717599091665,0.5256295231622541,0.1490480233707125,0.9649677439797356,0.4016362238885175,0.2952342556626958,0.8469983706337296,100000,30,14,0.1,1.0,0.1,0,13,0.001,1e-06,0.001,1e-07,1.0,1e-08,adamax,0,0.0,disordered,1,0.2418152206252082,0 days 16:22:05.799689,0.001500763823879,4.542205738001461,4.258870365180239
11,11,11,11,0.2054117348353062,0.2054117348353062,0.2054117348353062,0.2054117348353062,0.2054117348353062,0.2054117348353062,0.2054117348353062,0.2054117348353062,0.2054117348353062,0.2054117348353062,0.2054117348353062,0.2054117348353062,0.2054117348353062,0.2054117348353062,1.0011360395351478,0.1770030594383505,0.2528954505085906,0.2516057593438495,0.3667228408786589,0.1257110394661896,0.0415027544667151,0.9990502238676616,0.04148394888672,0.0412757822482828,0.0417903362053738,0.0529060768223554,0.0949887628674318,0.0413953782147983,-0.0016351074712267,-0.0022976621792856,695.0,0.0,0.1244603325154798,0.7335904610737034,0.1878247425654683,0.3924917760125824,0.2318998784621384,0.8412279926923869,0.3900745519398617,0.9746928128822892,0.6252614844151068,0.6936228347029152,0.5215251221324175,0.3089681990755911,0.3955564210524287,0.9409341876619016,100000,30,14,0.1,1.0,0.1,0,13,0.001,1e-06,0.001,1e-07,1.0,1e-08,adamax,0,0.0,disordered,1,0.2046249684453208,0 days 16:22:05.799689,0.0016351131248966,4.651285991440311,4.257855728392722
12,12,12,12,0.31260072430687,0.31260072430687,0.31260072430687,0.31260072430687,0.31260072430687,0.31260072430687,0.31260072430687,0.31260072430687,0.31260072430687,0.31260072430687,0.31260072430687,0.31260072430687,0.31260072430687,0.31260072430687,0.9713855569153528,0.6466696700375812,0.0980438699256855,0.0992832263446018,0.0975144563168732,0.0965878923453073,0.0959145498085105,0.0963094135481636,0.1135224296323938,0.1084253011304474,1.002032752468308,0.102996646608,0.2364924935052907,0.4029239870257116,-0.001230717456868,-0.0014296202176008,510.0,0.0,0.2012032007246644,0.9882189012202124,0.7583058620038184,0.3597869264926102,0.6415135895056033,0.3809815392930875,0.38149293263992,0.5038029501945296,0.016722821635377,0.4935715599433962,0.971598413446888,0.2854652287855784,0.7482179590766121,0.442788890070495,100000,30,14,0.1,1.0,0.1,0,13,0.001,1e-06,0.001,1e-07,1.0,1e-08,adamax,0,0.0,disordered,1,0.3125696420122475,0 days 16:22:05.799689,0.00123071745627,4.466144740622504,4.466454541861788
13,13,13,13,0.333461801578636,0.333461801578636,0.333461801578636,0.333461801578636,0.333461801578636,0.333461801578636,0.333461801578636,0.333461801578636,0.333461801578636,0.333461801578636,0.333461801578636,0.333461801578636,0.333461801578636,0.333461801578636,0.9729591226548648,0.1495160027930664,0.2002332564444501,0.1156188660011713,1.0004119092716972,0.1386664250116275,0.112097482207536,0.2311388911824473,0.183598480542091,0.5212904282007725,0.1101186969560667,0.8518315907464847,0.2015677822426018,0.1324518038758551,-0.0011484101972385,-0.0012755551438071,483.0,0.0,0.2092810426177854,0.9050025708181296,0.0168272846802129,0.3035089265995107,0.9990258823239376,0.2621467961899895,0.849044521859272,0.6056831486557043,0.8060357075271236,0.6303177554434782,0.3626968570578484,0.7607887845834825,0.0264845489039723,0.4468129517344519,100000,30,14,0.1,1.0,0.1,0,13,0.001,1e-06,0.001,1e-07,1.0,1e-08,adamax,0,0.0,disordered,1,0.3311652087871348,0 days 16:22:05.799689,0.0011484231110876,4.428432445533954,4.310503514768905
14,14,14,14,0.4047756965997316,0.4047756965997316,0.4047756965997316,0.4047756965997316,0.4047756965997316,0.4047756965997316,0.4047756965997316,0.4047756965997316,0.4047756965997316,0.4047756965997316,0.4047756965997316,0.4047756965997316,0.4047756965997316,0.4047756965997316,0.6178007087678732,0.22671842680605,0.2491134448719629,0.2786208822201117,0.2088868300267908,0.2040125894961682,0.484357717002586,0.1602981092772168,1.0018570341345348,0.1622951711047111,0.1678025777905457,0.1858896072769589,0.4081680950765693,0.6511393038513678,-0.0010152956347986,-0.0010929275956399,401.0,0.0,0.371854569870106,0.4770740056373495,0.1276206864960696,0.2225068659462724,0.5620515900997094,0.3877691156559539,0.7916562055903406,0.6051365892775145,0.8612666847869941,0.7323608373256045,0.601823447758565,0.2876156021959957,0.7827604679261685,0.2512675781710818,100000,30,14,0.1,1.0,0.1,0,13,0.001,1e-06,0.001,1e-07,1.0,1e-08,adamax,0,0.0,disordered,1,0.4005633215398691,0 days 16:22:05.799689,0.001015321835783,4.164869095598912,4.283446170755676
15,15,15,15,0.333461801578636,0.333461801578636,0.333461801578636,0.333461801578636,0.333461801578636,0.333461801578636,0.333461801578636,0.333461801578636,0.333461801578636,0.333461801578636,0.333461801578636,0.333461801578636,0.333461801578636,0.333461801578636,1.0012168727062958,0.4614167916797171,0.2437212990429731,0.1306962906143941,0.1109991795481844,0.1239145082622356,0.1135987920695194,0.1098507751518781,0.7200132899961839,0.155405825476012,0.1098706158126793,0.94498535417694,0.1105028276239876,0.2138895450450076,-0.001191275958467,-0.0014074607935271,481.0,0.0,0.0752111118144044,0.9628645784432278,0.5400112050964692,0.7738942975498113,0.5292228076303601,0.6115797303718215,0.0338922505165062,0.1867936793538085,0.6746893954347775,0.5705645979524983,0.1585550339867126,0.9520292687261848,0.1543536325474043,0.5103032497386853,100000,30,14,0.1,1.0,0.1,0,13,0.001,1e-06,0.001,1e-07,1.0,1e-08,adamax,0,0.0,disordered,1,0.334075139404024,0 days 16:22:05.799689,0.0011912768895155,4.3389373263853805,4.482594416468867
16,16,16,16,0.2659804395593755,0.2659804395593755,0.2659804395593755,0.2659804395593755,0.2659804395593755,0.2659804395593755,0.2659804395593755,0.2659804395593755,0.2659804395593755,0.2659804395593755,0.2659804395593755,0.2659804395593755,0.2659804395593755,0.2659804395593755,0.9728336198128352,0.1218945191150633,0.1327146370980867,0.2310476757798015,0.386309028476612,0.340403637940678,0.3533800354988855,0.0979824082016148,0.1105055108284685,0.8516248636901567,1.000434276385899,0.1051086789958762,0.0709728992988902,0.0716681251105106,-0.0014819117601745,-0.0018940143434626,581.0,0.0,0.1440028750192576,0.7173717261062347,0.2763130140951527,0.1341339751217832,0.0459871806705156,0.1748355378976236,0.1917987167235664,0.5369720795717926,0.4510388861713912,0.9572943672535372,0.9541513368666424,0.7965461104684304,0.6715876339807033,0.8450230915683464,100000,30,14,0.1,1.0,0.1,0,13,0.001,1e-06,0.001,1e-07,1.0,1e-08,adamax,0,0.0,disordered,1,0.263111531941533,0 days 16:22:05.799689,0.001481959084354,4.770743847917071,4.278892825431966
17,17,17,17,0.4606028844202396,0.4606028844202396,0.4606028844202396,0.4606028844202396,0.4606028844202396,0.4606028844202396,0.4606028844202396,0.4606028844202396,0.4606028844202396,0.4606028844202396,0.4606028844202396,0.4606028844202396,0.4606028844202396,0.4606028844202396,0.2029607112332453,0.2020110206400201,0.2281603384795134,0.2309588295840149,0.2475041716133685,0.2014239634548444,0.2223602950599001,0.2338092860846885,0.2435797604329024,0.247542249599703,0.203082987137882,0.2051541386162874,0.2981495771709496,1.001361428282348,-0.0009289227414881,-0.001059233256442,359.0,0.0,0.9387518284798846,0.0226177288870027,0.1181052271508587,0.3602638846836431,0.0935868530425997,0.5995244730532772,0.2603642223481086,0.2643397291323255,0.2883279886478656,0.09771565758439,0.7409444532381589,0.6506724295996501,0.6065080906412624,0.0340455822777754,100000,30,14,0.1,1.0,0.1,0,13,0.001,1e-06,0.001,1e-07,1.0,1e-08,adamax,0,0.0,disordered,1,0.4623122134074949,0 days 16:22:05.799689,0.0009289263693835,5.0532123859223805,4.708754578938337
18,18,18,18,0.4047756965997316,0.4047756965997316,0.4047756965997316,0.4047756965997316,0.4047756965997316,0.4047756965997316,0.4047756965997316,0.4047756965997316,0.4047756965997316,0.4047756965997316,0.4047756965997316,0.4047756965997316,0.4047756965997316,0.4047756965997316,0.5376357575534589,0.1642215656835644,0.167260148828132,0.1643151329429101,0.1726291644997755,0.1836856560057433,0.186254871982497,0.1827482273389352,0.1746586618531596,1.0015098625382062,0.3122269779740189,0.1805423489062567,0.795239481989831,0.456300612797299,-0.0009206909484271,-0.0010337099485069,398.0,0.0,0.4294641446388775,0.6852035898998426,0.1563466499035863,0.3856578446575508,0.0198341454699368,0.081857997077242,0.2164535799990539,0.4146501611412486,0.4632400362873798,0.884521531618113,0.3166584421740133,0.0214638762771913,0.8262233467711652,0.0618469353735727,100000,30,14,0.1,1.0,0.1,0,13,0.001,1e-06,0.001,1e-07,1.0,1e-08,adamax,0,0.0,disordered,1,0.4056699868648162,0 days 16:22:05.799689,0.0009206916436379,4.438974242665189,4.5285912863034055
19,19,19,19,0.333461801578636,0.333461801578636,0.333461801578636,0.333461801578636,0.333461801578636,0.333461801578636,0.333461801578636,0.333461801578636,0.333461801578636,0.333461801578636,0.333461801578636,0.333461801578636,0.333461801578636,0.333461801578636,1.000472553931717,0.2485906036248985,0.1086229023411808,0.4531155704350212,0.1094676311371297,0.8151247669873648,0.3774700120033208,0.1086717570499338,0.7319010510492249,0.108062035723358,0.6434685568977139,0.850800092138735,0.108186008831416,0.1109792973839463,-0.0010569393961074,-0.0012409495433334,490.0,0.0,0.0929919926622283,0.963181716739735,0.7533654181283584,0.337854202779255,0.1321788416191956,0.3867305731718615,0.3391948927801735,0.8744412014424732,0.41875301731404,0.082045006015622,0.9268052023585862,0.6223133637152601,0.1167098567810022,0.1131741600464223,100000,30,14,0.1,1.0,0.1,0,13,0.001,1e-06,0.001,1e-07,1.0,1e-08,adamax,0,0.0,disordered,1,0.3328293473460189,0 days 16:22:05.799689,0.0010569403060264,4.463624975831756,4.421250977390632
20,20,20,20,0.1925613572129196,0.1925613572129196,0.1925613572129196,0.1925613572129196,0.1925613572129196,0.1925613572129196,0.1925613572129196,0.1925613572129196,0.1925613572129196,0.1925613572129196,0.1925613572129196,0.1925613572129196,0.1925613572129196,0.1925613572129196,0.6839430788927707,0.7627393585785007,0.1036856390135817,0.09541194234944,0.178059780727987,0.0771114018714185,0.9873286238185586,1.0018466629585272,0.0367879076673466,0.039574381783981,0.0427411023078243,0.0703255057819356,0.5137015647772779,0.0363944822294484,-0.0013805190581274,-0.0018301391904917,724.0,0.0,0.4659332411642642,0.0920889656891161,0.6317521922027585,0.6163837910949103,0.0320813486181537,0.8074227810412945,0.7867947609394985,0.9153082686153085,0.6703066467384771,0.6928622323352233,0.1637416544531679,0.0238888139788117,0.0655631524184199,0.9644613401603572,100000,30,14,0.1,1.0,0.1,0,13,0.001,1e-06,0.001,1e-07,1.0,1e-08,adamax,0,0.0,disordered,1,0.1896502312753173,0 days 16:22:05.799689,0.001380578069505,4.788938453518632,4.471516048663597
21,21,21,21,0.3557150206821381,0.3557150206821381,0.3557150206821381,0.3557150206821381,0.3557150206821381,0.3557150206821381,0.3557150206821381,0.3557150206821381,0.3557150206821381,0.3557150206821381,0.3557150206821381,0.3557150206821381,0.3557150206821381,0.3557150206821381,0.4097848637012443,0.2802950582864447,7.674184643659572e-06,0.001226000605007,1.9078604385280825e-05,0.0085762471550903,0.0171394114374622,0.1636066254169288,2.08201504002378e-05,5.632769970808924e-06,1.3344117939350084e-05,0.022346669849546,0.8801769499560238,0.5359337122077227,-0.001178949418628,-0.001389779060412,7802.0,1.0,0.6457213655596336,0.9469066664934074,0.3493843588720956,0.755221576661414,0.0653989653616667,0.1662051655929711,0.27713333487199,0.5503182517007417,0.55740888009091,0.4989864523070149,0.4244635846320775,0.5757051603390986,0.9666623953878384,0.4580795604861192,100000,30,14,0.1,1.0,0.1,0,13,0.001,1e-06,0.001,1e-07,1.0,1e-08,adamax,0,0.0,disordered,1,0.3564570458591541,0 days 16:22:05.799689,0.0011789506206414,4.361324484077488,4.637402936406989
22,22,22,22,0.2575263326771198,0.2575263326771198,0.2575263326771198,0.2575263326771198,0.2575263326771198,0.2575263326771198,0.2575263326771198,0.2575263326771198,0.2575263326771198,0.2575263326771198,0.2575263326771198,0.2575263326771198,0.2575263326771198,0.2575263326771198,0.0660894996411837,0.0657922523023182,0.0707165462166663,0.0829812344508535,0.0676363914197023,0.0655996218989997,0.211724792325609,1.0011618147846513,0.6179086032907698,0.6541076351289873,0.1184890551820602,0.1112895197171461,0.1250818989603089,0.2153169067077565,-0.0013258282450635,-0.0014843395482477,590.0,0.0,0.8374714217984048,0.0558719650318711,0.3855872572300576,0.5604964436423991,0.6203205556549372,0.2500183399320113,0.3992910134865952,0.94700616873569,0.648850754011949,0.5849662484122946,0.0652987105198409,0.0521762576431477,0.2113984478320646,0.137822775848633,100000,30,14,0.1,1.0,0.1,0,13,0.001,1e-06,0.001,1e-07,1.0,1e-08,adamax,0,0.0,disordered,1,0.2579461843297487,0 days 16:22:05.799689,0.00132582899254,4.571116879352284,4.397926776564127
23,23,23,23,0.0564290847126253,0.0564290847126253,0.0564290847126253,0.0564290847126253,0.0564290847126253,0.0564290847126253,0.0564290847126253,0.0564290847126253,0.0564290847126253,0.0564290847126253,0.0564290847126253,0.0564290847126253,0.0564290847126253,0.0564290847126253,3.9280631223658514e-07,4.351797824700274e-07,4.954759373248895e-07,0.0099409598171152,3.908868394645038e-07,4.044163333380445e-07,6.204379718725347e-07,0.0327528386943417,0.0011676142951031,6.100847998020626e-07,0.0877031841913683,1.3154410983580825e-06,0.0489906061701303,0.1380611238955069,-0.0025905205285616,-0.0032185782402936,8835.0,1.0,0.9837499292732876,0.0027471476026641,0.3658435291805171,0.0584224496238016,0.6400105583176766,0.0465332020748591,0.0684096355417223,0.0799425056081188,0.2717851313028795,0.5763580679966506,0.8054486176308537,0.2671915845012608,0.2831710565694664,0.824482143951937,100000,30,14,0.1,1.0,0.1,0,13,0.001,1e-06,0.001,1e-07,1.0,1e-08,adamax,0,0.0,disordered,1,0.0570311865955726,0 days 16:22:05.799689,0.0025905538763106,6.176742054967655,6.108529027982403
24,24,24,24,0.088694316560147,0.088694316560147,0.088694316560147,0.088694316560147,0.088694316560147,0.088694316560147,0.088694316560147,0.088694316560147,0.088694316560147,0.088694316560147,0.088694316560147,0.088694316560147,0.088694316560147,0.088694316560147,0.0193385555601376,0.0620701913440204,0.9930939330715092,1.0001089173257296,0.0814179221544396,0.0080281504531335,0.0171766672592359,0.0422590498371209,0.0082352253661509,0.0078456189935695,0.0077788107565572,0.0077284414119984,0.0078457135972102,0.0077006910936806,-0.0025096832937565,-0.0046624667156873,1058.0,0.0,0.7459483801763226,0.1268147483573346,0.8063489347063569,0.8312511086352812,0.1778257835671058,0.6269479985725536,0.1967436218212379,0.2434927120280825,0.494005755328642,0.5222200279508085,0.4790335153981873,0.5411410533042087,0.2131646764254524,0.7785803681279121,100000,30,14,0.1,1.0,0.1,0,13,0.001,1e-06,0.001,1e-07,1.0,1e-08,adamax,0,0.0,disordered,1,0.0891805942051079,0 days 16:22:05.799689,0.0025096943436986,5.934524154926424,4.572227206345253
25,25,25,25,0.1487115462808952,0.1487115462808952,0.1487115462808952,0.1487115462808952,0.1487115462808952,0.1487115462808952,0.1487115462808952,0.1487115462808952,0.1487115462808952,0.1487115462808952,0.1487115462808952,0.1487115462808952,0.1487115462808952,0.1487115462808952,1.001552753352473,0.0379672978322293,0.0747340045314363,0.0909735823699504,0.1462191716395651,0.0708459012258674,0.0637610039435498,0.1576667448375678,0.0830949588015515,0.0637611328531906,0.0363587354166968,0.0331489396842281,0.0402422913732121,0.1312375740588848,-0.0019475908429708,-0.0025891781867171,836.0,0.0,0.2778484120286083,0.9126832897191104,0.5151553035895896,0.3036840529445848,0.1743839025083001,0.4852039624160302,0.3762973001513523,0.6230937907219327,0.4984595826229498,0.0369596980006967,0.8330947688085336,0.0516739391193959,0.8275951638592104,0.8127496434167762,100000,30,14,0.1,1.0,0.1,0,13,0.001,1e-06,0.001,1e-07,1.0,1e-08,adamax,0,0.0,disordered,1,0.1466912300714183,0 days 16:22:05.799689,0.0019476748495916,4.966896505022549,4.296737600207042
26,26,26,26,0.0188169442497055,0.0188169442497055,0.0188169442497055,0.0188169442497055,0.0188169442497055,0.0188169442497055,0.0188169442497055,0.0188169442497055,0.0188169442497055,0.0188169442497055,0.0188169442497055,0.0188169442497055,0.0188169442497055,0.0188169442497055,1.17325933536583e-06,0.3373324386948714,7.797158359043101e-07,2.339574787435813e-07,1.969841536591636e-07,1.6785303287364325e-07,1.1627331974360949e-07,1.52544750976814e-07,1.511056458815478e-07,0.0094423545471812,1.0083785777423756e-07,9.994872995582305e-08,3.4496687147187324e-07,2.421441425172214e-07,-0.0035258213339952,-0.004459315540647,8821.0,0.0,0.9239831252875618,0.6644010411515328,0.1606236341053505,0.4419294114540377,0.4394326601704705,0.6323329864819148,0.3811375324040436,0.6756780879691183,0.2039073800978377,0.3533507781465587,0.5433134112873544,0.427651051214449,0.1225256507690002,0.9658281207625043,100000,30,14,0.1,1.0,0.1,0,13,0.001,1e-06,0.001,1e-07,1.0,1e-08,adamax,0,0.0,disordered,1,0.0189265645699141,0 days 16:22:05.799689,0.0035258289752668,5.422211356642502,5.748550658025031
27,27,27,27,0.1864408533970484,0.1864408533970484,0.1864408533970484,0.1864408533970484,0.1864408533970484,0.1864408533970484,0.1864408533970484,0.1864408533970484,0.1864408533970484,0.1864408533970484,0.1864408533970484,0.1864408533970484,0.1864408533970484,0.1864408533970484,0.048452957904412,0.9976240154894552,0.0344467323718664,0.9947254880136578,0.9944903615441366,1.0021436106224342,0.0905553862611337,0.0556613010839453,0.0351211359039013,0.4522950817857216,0.0368104953481171,0.0820357815745236,0.0495018292941657,0.0355090488091341,-0.0017778072044116,-0.0024315467448417,731.0,0.0,0.6912954021364714,0.8330350777910258,0.3574607462891465,0.9448959101690874,0.8124471005528425,0.979506245587886,0.1973942523898054,0.4771694766007426,0.3858489940723694,0.613894995603037,0.2502197336679601,0.1004722897506863,0.4766165868289146,0.6394719365196334,100000,30,14,0.1,1.0,0.1,0,13,0.001,1e-06,0.001,1e-07,1.0,1e-08,adamax,0,0.0,disordered,1,0.1846172057144112,0 days 16:22:05.799689,0.0017778454507132,5.348296920805583,4.545258641696021
28,28,28,28,0.4047756965997316,0.4047756965997316,0.4047756965997316,0.4047756965997316,0.4047756965997316,0.4047756965997316,0.4047756965997316,0.4047756965997316,0.4047756965997316,0.4047756965997316,0.4047756965997316,0.4047756965997316,0.4047756965997316,0.4047756965997316,1.0005769843586962,0.1542404117973093,0.161828264465977,0.1968976004239143,0.1533188109951173,0.1545031296140622,0.1657798375461954,0.1646571145510128,0.9249598384053848,0.6517208748876394,0.1807941687971067,0.1765370542077503,0.4184297212335935,0.6213877700754306,-0.0009931039444392,-0.0010745355151876,420.0,0.0,0.3840154184913098,0.9874393427162872,0.4059887721488981,0.299815542437813,0.8138978250995115,0.466689803032796,0.2732167826992071,0.2864910244716064,0.9471557892442384,0.961736748159922,0.6462368962429871,0.2787679766747637,0.7113690437189849,0.2167694819361088,100000,30,14,0.1,1.0,0.1,0,13,0.001,1e-06,0.001,1e-07,1.0,1e-08,adamax,0,0.0,disordered,1,0.4044219705150507,0 days 16:22:05.799689,0.0009931041913815,4.469657528357381,4.44150486461516
29,29,29,29,0.615997796038016,0.615997796038016,0.615997796038016,0.615997796038016,0.615997796038016,0.615997796038016,0.615997796038016,0.615997796038016,0.615997796038016,0.615997796038016,0.615997796038016,0.615997796038016,0.615997796038016,0.615997796038016,0.5174741143955193,0.3635838850894851,0.3630420576290717,0.3639516486484794,0.3689935038861531,0.3368167248291307,0.321387640103639,0.3513953934030314,0.3549546394786743,0.3598678897944521,0.705395831203839,0.3213212660746817,0.6291006984820009,1.0000556275858306,-0.0007559213378787,-0.0008055387234693,287.0,0.0,0.3220846874139359,0.5417363597027655,0.4011441611645456,0.3510238626345868,0.974134429486488,0.170206174479749,0.6137785589494178,0.0385413894838495,0.0917147371339044,0.2099960050117245,0.9916861960144648,0.7264246392278,0.8680380956291989,0.0494837846367165,100000,30,14,0.1,1.0,0.1,0,13,0.001,1e-06,0.001,1e-07,1.0,1e-08,adamax,0,0.0,disordered,1,0.6167856618024999,0 days 16:22:05.799689,0.0007559216563197,4.510370791749917,4.599644409286116
30,30,30,30,0.0707455942281987,0.0707455942281987,0.0707455942281987,0.0707455942281987,0.0707455942281987,0.0707455942281987,0.0707455942281987,0.0707455942281987,0.0707455942281987,0.0707455942281987,0.0707455942281987,0.0707455942281987,0.0707455942281987,0.0707455942281987,0.2821971030112076,0.58671322116238,1.000650955147755,0.0116866650746649,0.0012972342284493,0.0060903594041285,0.0016652942355385,0.0012845249427221,0.0026404280741479,0.0012532661735187,0.0017877296969019,0.0049261386080023,0.0013426737162983,0.0016372319073821,-0.0032318803689675,-0.0048825671075245,1752.0,0.0,0.6814384526526729,0.4399364794360058,0.4164199485553493,0.7082547942479717,0.3083189505355805,0.5134678232710247,0.2607247218237164,0.3914040705924085,0.5333261752047522,0.1578810028262631,0.2761871219052035,0.4204059052215403,0.4727479785281554,0.8000039680110183,100000,30,14,0.1,1.0,0.1,0,13,0.001,1e-06,0.001,1e-07,1.0,1e-08,adamax,0,0.0,disordered,1,0.0707080581149624,0 days 16:22:05.799689,0.0032318804851821,4.819362838306643,4.541425307588657
31,31,31,31,0.0805029181229597,0.0805029181229597,0.0805029181229597,0.0805029181229597,0.0805029181229597,0.0805029181229597,0.0805029181229597,0.0805029181229597,0.0805029181229597,0.0805029181229597,0.0805029181229597,0.0805029181229597,0.0805029181229597,0.0805029181229597,0.6905443285897945,0.4158828442065825,9.499087077579444e-07,3.6287820507167453e-07,3.928796031359473e-07,0.109937360981076,0.1003039322931573,0.0931527623568646,0.0973961572101646,0.0817523284952157,3.589203503724266e-07,1.816655367536657e-07,1.8554207743443885e-07,3.651803037018911e-07,-0.0028863024706631,-0.0040174093390057,10301.0,1.0,0.6429501138675994,0.5624900665221173,0.8698673937003966,0.1973488647767637,0.1040830351780349,0.3937252133677354,0.1371899555572782,0.5559810381008665,0.5736433320658848,0.1315935497496901,0.7160539946963933,0.5565394834256112,0.4231819942696411,0.917481773299308,100000,30,14,0.1,1.0,0.1,0,13,0.001,1e-06,0.001,1e-07,1.0,1e-08,adamax,0,0.0,disordered,1,0.0804670247930271,0 days 16:22:05.799689,0.0028863026895149,5.051817224362746,4.801367372800464
32,32,32,32,0.2747120789270809,0.2747120789270809,0.2747120789270809,0.2747120789270809,0.2747120789270809,0.2747120789270809,0.2747120789270809,0.2747120789270809,0.2747120789270809,0.2747120789270809,0.2747120789270809,0.2747120789270809,0.2747120789270809,0.2747120789270809,0.0756568241083431,0.0750016554750194,0.0749111150163492,0.9571608577230086,0.0792488498151811,0.0759260023382685,0.0878325599583551,0.117437986034523,0.0893767145263691,1.0012166681520784,0.0991158648294064,0.0825472470791563,0.3700286725793251,0.2573851037720545,-0.0012901631283506,-0.0014969539339438,564.0,0.0,0.8559122943833432,0.2209691637648669,0.166583176525819,0.9155364039147176,0.1572518885137706,0.7572063264186215,0.3125170158121136,0.3611853466325139,0.5537246459677773,0.9259641674233372,0.0020568430646198,0.1622873344023199,0.7202117786599489,0.3944665294244958,100000,30,14,0.1,1.0,0.1,0,13,0.001,1e-06,0.001,1e-07,1.0,1e-08,adamax,0,0.0,disordered,1,0.2726402609831449,0 days 16:22:05.799689,0.0012901796046346,4.98935418053624,4.699912294531686
33,33,33,33,0.1586356533508588,0.1586356533508588,0.1586356533508588,0.1586356533508588,0.1586356533508588,0.1586356533508588,0.1586356533508588,0.1586356533508588,0.1586356533508588,0.1586356533508588,0.1586356533508588,0.1586356533508588,0.1586356533508588,0.1586356533508588,1.000707012459931,0.1515290577020964,0.3547599011255162,0.2500011247112227,1.0000338394536614,0.0281143156773158,0.0279426496078644,0.0275508440297552,0.025192517667223,0.0439676267445161,0.0416047619528283,0.0460837606597999,0.0267574374506874,0.101139666033324,-0.0019943343431486,-0.002728061609452,806.0,0.0,0.2878104198967977,0.9628956581275414,0.2640284233242796,0.7141669578683888,0.964225669092555,0.7627660562464376,0.7094140359205118,0.7232067127676901,0.8052261068309458,0.2712136489199229,0.6266867251784247,0.802885894043567,0.8882296412968325,0.9058341532080582,100000,30,14,0.1,1.0,0.1,0,13,0.001,1e-06,0.001,1e-07,1.0,1e-08,adamax,0,0.0,disordered,1,0.1574825493130406,0 days 16:22:05.799689,0.0019943590437036,4.135109043916738,3.7735419216350903
34,34,34,34,0.0977192128371799,0.0977192128371799,0.0977192128371799,0.0977192128371799,0.0977192128371799,0.0977192128371799,0.0977192128371799,0.0977192128371799,0.0977192128371799,0.0977192128371799,0.0977192128371799,0.0977192128371799,0.0977192128371799,0.0977192128371799,0.0116407421078729,0.00957534957807,0.0507976626873816,0.0112912390228834,0.4863670614547217,0.0093720737873892,0.0093272949214911,0.0094949169575062,0.0138115818017846,1.0000823369823966,0.0230243692086256,0.0646556690311566,0.0095656053225474,0.0100251149577957,-0.0020085307212031,-0.0030925175824107,1014.0,0.0,0.903896393587496,0.0976337994648727,0.3764060873778814,0.4563920834904191,0.8916854039669163,0.4192536193798634,0.2649121033591305,0.0198587731592583,0.2887542777621654,0.7807241847334279,0.0201709380598515,0.1649939279484876,0.3109684208465644,0.5320110718845206,100000,30,14,0.1,1.0,0.1,0,13,0.001,1e-06,0.001,1e-07,1.0,1e-08,adamax,0,0.0,disordered,1,0.0969964330183794,0 days 16:22:05.799689,0.0020085412465891,4.944646765646623,4.570749887101956
35,35,35,35,0.2191196687578146,0.2191196687578146,0.2191196687578146,0.2191196687578146,0.2191196687578146,0.2191196687578146,0.2191196687578146,0.2191196687578146,0.2191196687578146,0.2191196687578146,0.2191196687578146,0.2191196687578146,0.2191196687578146,0.2191196687578146,0.6983187344180277,0.3708287629766885,0.0620694089425728,0.1370157475581953,0.2313586669171147,1.0009445884974393,0.9973681917958368,0.0522589756154531,0.953489429403138,0.0477546841209086,0.0496456842750919,0.0539749527067149,0.1600074327633641,0.0485117718020811,-0.0014277202655401,-0.0017898100358032,664.0,0.0,0.3630433181948137,0.8826396945897659,0.2074776288518643,0.5616344004190236,0.7778175051376995,0.9296082290939864,0.8734802733413756,0.1355210037406805,0.7918000796455894,0.6753462694980112,0.4216035573870036,0.0255670989624631,0.1679814709579863,0.7494608262320578,100000,30,14,0.1,1.0,0.1,0,13,0.001,1e-06,0.001,1e-07,1.0,1e-08,adamax,0,0.0,disordered,1,0.221956162448666,0 days 16:22:05.799689,0.0014277600844224,4.7931381654218015,4.29891716696278
36,36,36,36,0.2263129568399526,0.2263129568399526,0.2263129568399526,0.2263129568399526,0.2263129568399526,0.2263129568399526,0.2263129568399526,0.2263129568399526,0.2263129568399526,0.2263129568399526,0.2263129568399526,0.2263129568399526,0.2263129568399526,0.2263129568399526,1.0000242945522737,0.5921377315175482,0.5711644407473524,0.0595499252896312,0.0727406561613461,0.1759838056894495,0.1655615155876875,0.3084869341426006,0.0575134880277544,0.0712926350075111,0.0544724871503679,0.0486172340681394,0.528395052278477,0.0975066753381152,-0.0016162461846531,-0.001810392891644,685.0,0.0,0.0840047677767746,0.3126499249880641,0.2552124382766044,0.7461008968986407,0.3590598291763175,0.0871882409887518,0.3704421018161166,0.3268298767186818,0.7170213673193974,0.3201222201986879,0.6936156490920399,0.538594453433759,0.8877328287244716,0.7333651729435877,100000,30,14,0.1,1.0,0.1,0,13,0.001,1e-06,0.001,1e-07,1.0,1e-08,adamax,0,0.0,disordered,1,0.2230896423019648,0 days 16:22:05.799689,0.0016163280226377,4.07346100885198,4.052082286535581
37,37,37,37,0.1805148879221106,0.1805148879221106,0.1805148879221106,0.1805148879221106,0.1805148879221106,0.1805148879221106,0.1805148879221106,0.1805148879221106,0.1805148879221106,0.1805148879221106,0.1805148879221106,0.1805148879221106,0.1805148879221106,0.1805148879221106,0.5216463719672749,0.1380721669710775,0.1297179103964317,0.7474037708134312,0.0844084239124681,0.0655324558065302,0.264575349374434,0.0678043171728574,0.5786117083632677,0.0272495859391906,0.0266289635674369,1.0004211142024209,0.0416273914594726,0.0390327006293213,-0.001848195052596,-0.002145738400257,830.0,0.0,0.4079187425363865,0.4849095181984443,0.4713857598653367,0.871702397518525,0.1380361717125459,0.4242300124285143,0.5349120574812903,0.436222832238696,0.5980284679987804,0.4988430954198491,0.4136957426619674,0.6868129726159958,0.329322465708467,0.6069010136690235,100000,30,14,0.1,1.0,0.1,0,13,0.001,1e-06,0.001,1e-07,1.0,1e-08,adamax,0,0.0,disordered,1,0.1795315052383779,0 days 16:22:05.799689,0.0018482065025947,4.183378274768555,4.006769295855518
38,38,38,38,0.2337423870891812,0.2337423870891812,0.2337423870891812,0.2337423870891812,0.2337423870891812,0.2337423870891812,0.2337423870891812,0.2337423870891812,0.2337423870891812,0.2337423870891812,0.2337423870891812,0.2337423870891812,0.2337423870891812,0.2337423870891812,0.6469240008407056,1.0000750014474695,0.7505592027095747,0.2677909787682541,0.1607771856975993,0.0383794294876498,0.2631528537084882,0.0321473575867546,0.3928152241854675,0.2882708798044711,0.0546352408129684,0.0463341581350737,0.0390800334986394,0.464125393146753,-0.0013727721534385,-0.0015114081437674,863.0,0.0,0.7285583473338744,0.1306466357938829,0.326452101504932,0.9447045555986052,0.9660212875626244,0.9923887631356604,0.0425258338882709,0.8265087689118491,0.9352758069942098,0.901944440055244,0.7149413034806142,0.6756193428878896,0.7196066164883864,0.5748858181470116,100000,30,14,0.1,1.0,0.1,0,13,0.001,1e-06,0.001,1e-07,1.0,1e-08,adamax,0,0.0,disordered,1,0.2361471489508446,0 days 16:22:05.799689,0.00137280056807,3.9227282144078663,4.170209801930625
39,39,39,39,0.2263129568399526,0.2263129568399526,0.2263129568399526,0.2263129568399526,0.2263129568399526,0.2263129568399526,0.2263129568399526,0.2263129568399526,0.2263129568399526,0.2263129568399526,0.2263129568399526,0.2263129568399526,0.2263129568399526,0.2263129568399526,0.0558819907005113,0.0646525340101949,0.0512425175267605,0.0516558953010151,1.002285852627478,0.966847802446838,0.0684652931446564,0.9854649522355098,0.0550155411217598,0.6122063049204854,0.2949558820322263,0.0589605918670263,0.0609984330578087,0.3552612293612486,-0.0013125341908671,-0.001526843873327,647.0,0.0,0.7884200798433164,0.5019296038006482,0.2259374998912283,0.0943490249781668,0.9082557233023724,0.7548789814030864,0.177241935760343,0.8224582773234224,0.3003467529241774,0.6356549721085979,0.3561528577486986,0.2141630863306429,0.1756087637828115,0.0709503107444076,100000,30,14,0.1,1.0,0.1,0,13,0.001,1e-06,0.001,1e-07,1.0,1e-08,adamax,0,0.0,disordered,1,0.22671687359129,0 days 16:22:05.799689,0.0013125349915587,4.58312646143723,4.316811878742505
40,40,40,40,0.2659804395593755,0.2659804395593755,0.2659804395593755,0.2659804395593755,0.2659804395593755,0.2659804395593755,0.2659804395593755,0.2659804395593755,0.2659804395593755,0.2659804395593755,0.2659804395593755,0.2659804395593755,0.2659804395593755,0.2659804395593755,0.7550555050169222,0.4658876869924798,0.4757600856370637,0.8371303816998085,0.2042552472456283,0.0942461267890148,0.201320159453834,0.9695939501568724,0.0709891620152815,0.069990942291718,0.06997815196009,1.0006817460994823,0.0706184577156714,0.0701658090572436,-0.001383866995409,-0.0018228871309537,580.0,0.0,0.0744385563946585,0.0690902107325821,0.0899187666373716,0.8340292890000545,0.5178083255163458,0.1285840147994693,0.5249946488828098,0.5426298015540887,0.4965920349441739,0.2064863646169302,0.4343978872245304,0.8708564535693805,0.3837354777850742,0.5039852429121634,100000,30,14,0.1,1.0,0.1,0,13,0.001,1e-06,0.001,1e-07,1.0,1e-08,adamax,0,0.0,disordered,1,0.2667657699825301,0 days 16:22:05.799689,0.0013838697996228,4.098041530797547,4.255762205085769
41,41,41,41,0.1638433645577982,0.1638433645577982,0.1638433645577982,0.1638433645577982,0.1638433645577982,0.1638433645577982,0.1638433645577982,0.1638433645577982,0.1638433645577982,0.1638433645577982,0.1638433645577982,0.1638433645577982,0.1638433645577982,0.1638433645577982,0.0295801860940225,0.5805095586703741,0.036178157438147,0.0437480500467738,0.0269085332012182,0.0264333415254265,0.0267268862620627,0.0607231088380013,0.4169775689186943,1.001582821159784,0.0295218834202007,0.8635351184995951,0.026312607798145,0.0271328646136192,-0.0018998651203039,-0.0024832880872116,804.0,0.0,0.9302423990750158,0.2328013979444163,0.7255076868062386,0.4838413345039069,0.7873679132996416,0.3596735148257848,0.5423586148739377,0.3682859436514883,0.8661492404529617,0.9148178896585872,0.6318212838540919,0.9810202364628208,0.7320556819078485,0.8304239319682308,100000,30,14,0.1,1.0,0.1,0,13,0.001,1e-06,0.001,1e-07,1.0,1e-08,adamax,0,0.0,disordered,1,0.1657480037291036,0 days 16:22:05.799689,0.0018999136354078,4.8405740401143404,4.442773841742922
42,42,42,42,0.2659804395593755,0.2659804395593755,0.2659804395593755,0.2659804395593755,0.2659804395593755,0.2659804395593755,0.2659804395593755,0.2659804395593755,0.2659804395593755,0.2659804395593755,0.2659804395593755,0.2659804395593755,0.2659804395593755,0.2659804395593755,0.0877990570351861,0.0701429130063509,0.962397859244184,0.0987165575934481,0.0734741003089893,0.0709288866521049,1.0013122553802742,0.0751753196696164,0.8683228669497008,0.0748440161963183,0.0732489742435664,0.0979026232614115,0.1201982803757858,0.6269374606916944,-0.0012294904136716,-0.0013700980063664,585.0,0.0,0.8947206498619251,0.2719057617661202,0.986677930317109,0.3904140233428148,0.4972125438158516,0.1803237316629968,0.8214787850033072,0.3368976266911904,0.6893444454848344,0.2183555948683124,0.3513630605551295,0.3842444862829067,0.2366239939357128,0.0350634420691885,100000,30,14,0.1,1.0,0.1,0,13,0.001,1e-06,0.001,1e-07,1.0,1e-08,adamax,0,0.0,disordered,1,0.2638404775031518,0 days 16:22:05.799689,0.0012295075913028,4.4177002886598284,4.255238663863057
43,43,43,43,0.31260072430687,0.31260072430687,0.31260072430687,0.31260072430687,0.31260072430687,0.31260072430687,0.31260072430687,0.31260072430687,0.31260072430687,0.31260072430687,0.31260072430687,0.31260072430687,0.31260072430687,0.31260072430687,0.4577755856891547,0.1813040557465744,9.5684834643667e-06,1.2468858380403317e-05,0.210650317379111,0.3742754854932397,0.5308173881254964,6.653395010822478e-05,0.4996456916899539,0.0001227849293042,8.349039512102463e-06,0.008780840598665,1.1210499808837856e-05,0.8544434828202249,-0.001220910401726,-0.0013899680861338,8183.0,1.0,0.7702089160972269,0.9503546630566791,0.226247857556275,0.1626513649707077,0.3476041753555777,0.0827660016297126,0.6497328757632396,0.3685525191996099,0.5624785542668137,0.9058499863649656,0.8615793288939493,0.9216768590469784,0.9350577167713908,0.5898193600864983,100000,30,14,0.1,1.0,0.1,0,13,0.001,1e-06,0.001,1e-07,1.0,1e-08,adamax,0,0.0,disordered,1,0.3126238916520887,0 days 16:22:05.799689,0.0012209104027267,4.788090819651443,4.71519894220581
44,44,44,44,0.1148471547840287,0.1148471547840287,0.1148471547840287,0.1148471547840287,0.1148471547840287,0.1148471547840287,0.1148471547840287,0.1148471547840287,0.1148471547840287,0.1148471547840287,0.1148471547840287,0.1148471547840287,0.1148471547840287,0.1148471547840287,6.742388572818816e-06,6.085559431006611e-07,0.873341830234181,0.1098600763475454,0.3438278564682616,2.0765181788063152e-07,1.8112641871774825e-07,0.0082066562983532,8.930055112806787e-07,9.40729340858078e-07,1.0910656861358351e-06,0.2051331719504813,0.001296372988326,1.0500463166706203e-06,-0.0022097672916006,-0.0028830797093485,9784.0,1.0,0.5023002858629506,0.0376151656370696,0.1024413113800782,0.5239233948745965,0.8560083046111611,0.4326345607117319,0.0037293622863878,0.2123031061951699,0.7599704182197689,0.1584179885297779,0.1995763351554023,0.2855360642034483,0.6092833765614685,0.8364055547707432,100000,30,14,0.1,1.0,0.1,0,13,0.001,1e-06,0.001,1e-07,1.0,1e-08,adamax,0,0.0,disordered,1,0.1141749316347199,0 days 16:22:05.799689,0.0022097830701664,4.691313358560502,4.561143795432094
45,45,45,45,0.3557150206821381,0.3557150206821381,0.3557150206821381,0.3557150206821381,0.3557150206821381,0.3557150206821381,0.3557150206821381,0.3557150206821381,0.3557150206821381,0.3557150206821381,0.3557150206821381,0.3557150206821381,0.3557150206821381,0.3557150206821381,0.9173560675057372,0.2161787912158527,0.1314973422789166,0.1293657089281259,0.1443393819956438,0.6357969507383546,0.1408038580773516,0.1289002001773847,0.1327698652181033,0.1266498204344597,1.0015673678272818,0.9787191498370188,0.1265432479699022,0.430850504067545,-0.001092079607287,-0.0012386959572399,452.0,0.0,0.2188948374279186,0.5994678737814576,0.5299406131466844,0.4448642064761482,0.5804205236557797,0.8141185235724825,0.2174880566784605,0.4972341508794262,0.0979205611461283,0.5132375550687044,0.7910078573202679,0.998558890651704,0.4756930540857839,0.2966034006997566,100000,30,14,0.1,1.0,0.1,0,13,0.001,1e-06,0.001,1e-07,1.0,1e-08,adamax,0,0.0,disordered,1,0.3584828127582726,0 days 16:22:05.799689,0.0010920972695845,4.2229299088531365,4.305140935712608
46,46,46,46,0.1805148879221106,0.1805148879221106,0.1805148879221106,0.1805148879221106,0.1805148879221106,0.1805148879221106,0.1805148879221106,0.1805148879221106,0.1805148879221106,0.1805148879221106,0.1805148879221106,0.1805148879221106,0.1805148879221106,0.1805148879221106,0.3383990233513851,0.1543741722509914,0.4201388592208127,0.1416716019490299,0.1404033035681754,0.9971590306051584,1.001795384945383,0.0381184511705036,0.0371714038542835,0.0614527561859119,0.290708815868589,0.0416598189107546,0.0345178029207271,0.0366614801794085,-0.0016743462811814,-0.0020997442330486,746.0,0.0,0.5795035819171939,0.3717520548106484,0.1170023891195599,0.5244985720304953,0.7991356910058783,0.8911272873731255,0.9781111877004136,0.367724622858563,0.2516651775815243,0.1108207735463092,0.4362319172994092,0.8070271602470545,0.2346447876245176,0.8495664980662655,100000,30,14,0.1,1.0,0.1,0,13,0.001,1e-06,0.001,1e-07,1.0,1e-08,adamax,0,0.0,disordered,1,0.1819078801817919,0 days 16:22:05.799689,0.0016743688303602,4.711193167397116,4.62089297216755
47,47,47,47,0.2263129568399526,0.2263129568399526,0.2263129568399526,0.2263129568399526,0.2263129568399526,0.2263129568399526,0.2263129568399526,0.2263129568399526,0.2263129568399526,0.2263129568399526,0.2263129568399526,0.2263129568399526,0.2263129568399526,0.2263129568399526,0.0805426834152219,0.1009264963539448,0.0546722833469593,0.8815675469803037,0.9627524721301268,0.058216712775478,0.9497368087361986,0.779675208068138,0.0650618355708038,0.0718618722306804,1.000386685360256,0.0576189635265371,0.0992972048297354,0.0960370897869811,-0.0015206186258135,-0.001809090770501,648.0,0.0,0.7117370178186778,0.2009428205260435,0.6317515391392956,0.8196921827935082,0.9328703661209736,0.1622147636965876,0.8220151936558258,0.775849087831725,0.243721640641587,0.2945814106681431,0.9570840322522522,0.3620160579603561,0.2889761052504432,0.7200111192047169,100000,30,14,0.1,1.0,0.1,0,13,0.001,1e-06,0.001,1e-07,1.0,1e-08,adamax,0,0.0,disordered,1,0.2280869788694962,0 days 16:22:05.799689,0.0015206384653268,5.175021527471229,4.341239667131635
48,48,48,48,0.3228628202536728,0.3228628202536728,0.3228628202536728,0.3228628202536728,0.3228628202536728,0.3228628202536728,0.3228628202536728,0.3228628202536728,0.3228628202536728,0.3228628202536728,0.3228628202536728,0.3228628202536728,0.3228628202536728,0.3228628202536728,0.913255472972698,0.2706172337667491,0.1221562725436281,0.1914599725522091,0.1923081114921573,0.3210441467045511,0.1042276094771492,1.0011618113151868,0.8430358886405889,0.9408946578946796,0.1036350173168874,0.516547311522242,0.1152705346093114,0.3896437081386317,-0.0011287164329729,-0.0012374485612036,495.0,0.0,0.1329060104599528,0.4831693166218948,0.3581331262376146,0.5439863429623552,0.6032501438505057,0.6401074539004775,0.4323990581888032,0.8869324087540136,0.8356760923639591,0.9333577853920362,0.4459056416232484,0.7300859144743024,0.4306957867862729,0.2787827545306491,100000,30,14,0.1,1.0,0.1,0,13,0.001,1e-06,0.001,1e-07,1.0,1e-08,adamax,0,0.0,disordered,1,0.3224737509306039,0 days 16:22:05.799689,0.0011287166312182,4.205837754071048,4.033134844647215
49,49,49,49,0.088694316560147,0.088694316560147,0.088694316560147,0.088694316560147,0.088694316560147,0.088694316560147,0.088694316560147,0.088694316560147,0.088694316560147,0.088694316560147,0.088694316560147,0.088694316560147,0.088694316560147,0.088694316560147,0.8398706757804939,0.0401245259127753,0.0731523179216141,0.0288055549445255,1.0001190250075302,0.3389535637722639,0.0084927732821079,0.0077021960558322,0.0101283744884739,0.0075466871444555,0.007452542930195,0.0074751050179077,0.0331690434338164,0.0084886176326824,-0.0020767886423359,-0.0029477491376051,1072.0,0.0,0.6518864471172541,0.9459871575106308,0.8043078809051966,0.2852017743720174,0.2281057563615371,0.771645461188267,0.70512847943679,0.8636017462548002,0.1463616109588943,0.8616792361529133,0.4326254526587491,0.2733454783925543,0.3432446624926287,0.993503904012744,100000,30,14,0.1,1.0,0.1,0,13,0.001,1e-06,0.001,1e-07,1.0,1e-08,adamax,0,0.0,disordered,1,0.0896327776959698,0 days 16:22:05.799689,0.0020768212440372,4.9203167981446825,4.376846759353953
50,50,50,50,0.2054117348353062,0.2054117348353062,0.2054117348353062,0.2054117348353062,0.2054117348353062,0.2054117348353062,0.2054117348353062,0.2054117348353062,0.2054117348353062,0.2054117348353062,0.2054117348353062,0.2054117348353062,0.2054117348353062,0.2054117348353062,0.0088405704876609,0.01700516610868,0.0116805283669662,0.016973321274635,0.0056718489453981,0.0092215562413986,0.0080399572439164,0.0105803952011905,0.5448678883364587,0.0057743985450069,0.1720200071649445,0.0069254864089579,1.0007058429108973,0.0336552580135556,-0.0013312802462178,-0.0019572206112808,1560.0,0.0,0.956032125019662,0.0837460354801209,0.3151884677170894,0.7195790246564682,0.0353251316082889,0.0359236544371629,0.0448902934218323,0.8684448332578513,0.333732439660985,0.3187398327715118,0.7933438210501507,0.3185662914766022,0.7384308555952237,0.3693407284032201,100000,30,14,0.1,1.0,0.1,0,13,0.001,1e-06,0.001,1e-07,1.0,1e-08,adamax,0,0.0,disordered,1,0.2035063480984976,0 days 16:22:05.799689,0.0013312920536213,4.450693197221493,4.890053949919515
51,51,51,51,0.4317879727332017,0.4317879727332017,0.4317879727332017,0.4317879727332017,0.4317879727332017,0.4317879727332017,0.4317879727332017,0.4317879727332017,0.4317879727332017,0.4317879727332017,0.4317879727332017,0.4317879727332017,0.4317879727332017,0.4317879727332017,0.2322159754943533,0.7711015667302501,0.1713089255152001,0.1729184500532848,0.963240872807532,0.8807674389075578,0.3697171112128226,0.5262897685934431,0.5424636265830134,0.3310286005407699,1.0005272440204087,0.985114943735237,0.1700056758927102,0.1691978693660848,-0.0009631340810348,-0.0010538010014992,410.0,0.0,0.2975193133791652,0.3872265142953374,0.1680372426068077,0.0750111463073801,0.8712014465037485,0.8683831797645515,0.4608213428635008,0.6883762257244914,0.862649616262373,0.3907233758976288,0.7118103284257594,0.7547914201079906,0.0780746100305868,0.1381620728272963,100000,30,14,0.1,1.0,0.1,0,13,0.001,1e-06,0.001,1e-07,1.0,1e-08,adamax,0,0.0,disordered,1,0.4285103316059601,0 days 16:22:05.799689,0.0009631504119169,4.808034727340959,4.413579690370464
52,52,52,52,0.4317879727332017,0.4317879727332017,0.4317879727332017,0.4317879727332017,0.4317879727332017,0.4317879727332017,0.4317879727332017,0.4317879727332017,0.4317879727332017,0.4317879727332017,0.4317879727332017,0.4317879727332017,0.4317879727332017,0.4317879727332017,0.1859537749947945,0.1663576945277498,0.1848429633798619,0.8957114097580015,0.3067543728329618,0.1722886628646724,0.179589186751931,0.2053892158145298,0.1711643822357625,0.2094773330553482,0.1657127767119175,0.1674564854681324,0.2186216374162198,1.000931788844608,-0.0009892844989743,-0.0011313500688884,416.0,0.0,0.7503299824856386,0.7056489373809989,0.1852674819801918,0.8267319229556759,0.8009011709823957,0.332743528625158,0.3402819990903042,0.1105719933342548,0.4454831559739022,0.1097612600786275,0.5434071419217806,0.6245833168710772,0.5819411427086918,0.0716485438516428,100000,30,14,0.1,1.0,0.1,0,13,0.001,1e-06,0.001,1e-07,1.0,1e-08,adamax,0,0.0,disordered,1,0.4327919449511493,0 days 16:22:05.799689,0.0009892856998099,4.671229206767532,4.528410587176537
53,53,53,53,0.636219849265748,0.636219849265748,0.636219849265748,0.636219849265748,0.636219849265748,0.636219849265748,0.636219849265748,0.636219849265748,0.636219849265748,0.636219849265748,0.636219849265748,0.636219849265748,0.636219849265748,0.636219849265748,0.4691927590704405,0.4105148306344778,0.4289592018679407,0.4058830742987853,0.3921936671371335,0.4171085214647725,0.4051399326740121,0.4690079469730555,0.3846870527823688,0.3856754883625447,0.4090253349352821,0.3882816101494461,0.6720036289627357,1.0018287862166584,-0.0007335127913491,-0.000789289625704,217.0,0.0,0.6216704469983908,0.7522149311552978,0.1418532078034277,0.5950767958664359,0.8190554752387017,0.1936194413797031,0.9134149207965668,0.971914081414014,0.7116445561732289,0.8720357680246629,0.2717827135360652,0.6649683870363727,0.9261442544579104,0.0447290207458562,100000,30,14,0.1,1.0,0.1,0,13,0.001,1e-06,0.001,1e-07,1.0,1e-08,adamax,0,0.0,disordered,1,0.6430000901170804,0 days 16:22:05.799689,0.0007335395120359,4.378235974468961,4.515319071561521
54,54,54,54,0.1186173716452477,0.1186173716452477,0.1186173716452477,0.1186173716452477,0.1186173716452477,0.1186173716452477,0.1186173716452477,0.1186173716452477,0.1186173716452477,0.1186173716452477,0.1186173716452477,0.1186173716452477,0.1186173716452477,0.1186173716452477,0.3573677261568298,0.7665325707802271,0.1433782188656645,0.1130850034189372,0.185419265901407,0.0231845923244802,0.0559557675331092,0.0158033777567593,0.0136358567551341,0.0159335674322637,1.001941275324918,0.0143273495096729,0.0183975503718863,0.0141337783108085,-0.0018700349287811,-0.0025806168659053,938.0,0.0,0.8208245363224256,0.2369231670586005,0.8011131119296838,0.6424195402459892,0.8015446039715485,0.4009949802868912,0.4502160475125643,0.9242973251731486,0.0712337006125366,0.1562007268025876,0.9728324105112393,0.9132513066775164,0.1468680542722815,0.9734592170118912,100000,30,14,0.1,1.0,0.1,0,13,0.001,1e-06,0.001,1e-07,1.0,1e-08,adamax,0,0.0,disordered,1,0.1202237280096514,0 days 16:22:05.799689,0.0018700895673713,4.40881774676162,4.252767883119196
55,55,55,55,0.1692220351641035,0.1692220351641035,0.1692220351641035,0.1692220351641035,0.1692220351641035,0.1692220351641035,0.1692220351641035,0.1692220351641035,0.1692220351641035,0.1692220351641035,0.1692220351641035,0.1692220351641035,0.1692220351641035,0.1692220351641035,1.0005343334510963,0.2761867624235697,0.0492622016770223,0.1499383635619266,0.311025494786342,0.1966053825677069,0.9747752194129904,0.0288027621148335,0.0302807073749053,0.028495119072963,0.0282461550787403,0.0286668847098552,0.286260526840252,0.0286116701796455,-0.0015692050918889,-0.0023429298642742,773.0,0.0,0.2654554315187777,0.892106866269302,0.9047752275802584,0.02374579364467,0.0097116349681444,0.3269948613028287,0.9311784773555224,0.7913436883497563,0.386850978460129,0.8580108138212066,0.3075618302920075,0.3474174026041087,0.1904783218387498,0.9595511044269076,100000,30,14,0.1,1.0,0.1,0,13,0.001,1e-06,0.001,1e-07,1.0,1e-08,adamax,0,0.0,disordered,1,0.1706718993660524,0 days 16:22:05.799689,0.0015692274697772,4.977924549682112,4.529109046434749
56,56,56,56,0.1747772774464679,0.1747772774464679,0.1747772774464679,0.1747772774464679,0.1747772774464679,0.1747772774464679,0.1747772774464679,0.1747772774464679,0.1747772774464679,0.1747772774464679,0.1747772774464679,0.1747772774464679,0.1747772774464679,0.1747772774464679,0.0613738601182543,0.0313454509076367,0.1128129262874458,0.9444528535228364,0.0298550070180233,0.0305548377532808,0.0311056678128339,0.9291152950969132,0.0321897442320421,0.0318746273325074,1.0010356237780988,0.0318161624596917,0.0644968458592067,0.0330506455610509,-0.0016460855109769,-0.0023289649372893,767.0,0.0,0.8036306332035066,0.4624248054107556,0.2642765705883787,0.9659796005287032,0.3968199655598801,0.2107055644668479,0.4246563813836979,0.7191217102511182,0.770684798983071,0.1089855521364941,0.945930767553762,0.6745707526164916,0.0624957620655682,0.8374364376590171,100000,30,14,0.1,1.0,0.1,0,13,0.001,1e-06,0.001,1e-07,1.0,1e-08,adamax,0,0.0,disordered,1,0.1732420775041834,0 days 16:22:05.799689,0.0016461121049003,5.178333966925198,4.5279533640907
57,57,57,57,0.2054117348353062,0.2054117348353062,0.2054117348353062,0.2054117348353062,0.2054117348353062,0.2054117348353062,0.2054117348353062,0.2054117348353062,0.2054117348353062,0.2054117348353062,0.2054117348353062,0.2054117348353062,0.2054117348353062,0.2054117348353062,0.0771920898441135,0.0782574509526551,0.0426125368772009,0.0431478406582564,0.0479045110568538,0.0442621293072236,0.0410872226684749,0.0448054428670132,1.0013933728925903,0.1605624411278471,0.0452120775092132,0.0479965532533276,0.2042909697362008,0.2207560010249805,-0.0016310344027302,-0.0018342141668157,697.0,0.0,0.9719037368942256,0.8377476422704673,0.0097848792944588,0.4730889081790549,0.5891737739594198,0.8879986937026283,0.5027604854148191,0.0773238153824005,0.933525505036036,0.951735797816364,0.4861622150139764,0.0534427364833297,0.8388906791646739,0.7416726764410203,100000,30,14,0.1,1.0,0.1,0,13,0.001,1e-06,0.001,1e-07,1.0,1e-08,adamax,0,0.0,disordered,1,0.2041180277403265,0 days 16:22:05.799689,0.0016310507937677,4.674840224431399,4.7145283725152805
58,58,58,58,0.3557150206821381,0.3557150206821381,0.3557150206821381,0.3557150206821381,0.3557150206821381,0.3557150206821381,0.3557150206821381,0.3557150206821381,0.3557150206821381,0.3557150206821381,0.3557150206821381,0.3557150206821381,0.3557150206821381,0.3557150206821381,4.953286449210281e-06,4.042669992671632e-07,4.6778370358675217e-07,2.463890002060296e-07,9.98737093270612e-08,4.028849030865746e-07,1.1361110211276789e-06,0.0156132914181254,3.436887453576476e-05,0.0019612066388458,0.0745652282180557,0.0261191610004251,0.5179402678573877,0.5934953047812306,-0.0010361269871683,-0.0014270882808678,7254.0,0.0,0.9712340798009208,0.0073136945373993,0.4354944495200968,0.2838023986323703,0.1077050956833312,0.7351346026730965,0.3412149163770641,0.0389691391211579,0.1336268057264049,0.8060002972277002,0.60587101798938,0.2150506251736147,0.6960422280017734,0.1304047937127705,100000,30,14,0.1,1.0,0.1,0,13,0.001,1e-06,0.001,1e-07,1.0,1e-08,adamax,0,0.0,disordered,1,0.3507314179594251,0 days 16:22:05.799689,0.0010361621758635,4.617356758802604,4.749647109576803
59,59,59,59,0.3026648059395688,0.3026648059395688,0.3026648059395688,0.3026648059395688,0.3026648059395688,0.3026648059395688,0.3026648059395688,0.3026648059395688,0.3026648059395688,0.3026648059395688,0.3026648059395688,0.3026648059395688,0.3026648059395688,0.3026648059395688,0.3374053856276414,0.3231320775283968,0.0875389165982206,0.1798751730214149,0.8078047127167318,0.823597670916095,0.576209482228218,1.0006495678824023,0.6674267867295837,0.8587587127548598,0.2917396575552328,0.1310684030049601,0.1080018984862607,0.0984822114386537,-0.0012024004088861,-0.0013516055356736,540.0,0.0,0.6731877575019788,0.6550402554226945,0.0055257315325957,0.5115154737487803,0.7263154319326705,0.7585337396231457,0.7057083392270682,0.8850456138709182,0.7562078404723139,0.9219899000274794,0.414807003582114,0.0341609866651546,0.1810034150072165,0.2877822813860587,100000,30,14,0.1,1.0,0.1,0,13,0.001,1e-06,0.001,1e-07,1.0,1e-08,adamax,0,0.0,disordered,1,0.3061630480190159,0 days 16:22:05.799689,0.0012024439854982,4.610163067483647,4.220791433089673
60,60,60,60,0.31260072430687,0.31260072430687,0.31260072430687,0.31260072430687,0.31260072430687,0.31260072430687,0.31260072430687,0.31260072430687,0.31260072430687,0.31260072430687,0.31260072430687,0.31260072430687,0.31260072430687,0.31260072430687,0.7624390665072536,0.4112607123705921,0.182854434510664,0.0990753125694092,0.1013522084210689,1.0010539490846038,0.9871737291081832,0.986375523179546,0.0973387802102324,0.8063229529654705,0.9667658416135948,0.1046161583046378,0.1468865453658804,0.1031453977652992,-0.0012495589757321,-0.0014485115327066,509.0,0.0,0.0417916138033247,0.1081595418560484,0.5187791211329045,0.2524893831318888,0.2855351348958012,0.7414695266286413,0.854679634313597,0.8620398082340321,0.3706215974025555,0.709630073307115,0.8523046329128582,0.1509575400611467,0.2005536674721244,0.6479602930950665,100000,30,14,0.1,1.0,0.1,0,13,0.001,1e-06,0.001,1e-07,1.0,1e-08,adamax,0,0.0,disordered,1,0.3161626006446311,0 days 16:22:05.799689,0.0012495978578925,4.794913911861733,4.294585297311736
61,61,61,61,0.1692220351641035,0.1692220351641035,0.1692220351641035,0.1692220351641035,0.1692220351641035,0.1692220351641035,0.1692220351641035,0.1692220351641035,0.1692220351641035,0.1692220351641035,0.1692220351641035,0.1692220351641035,0.1692220351641035,0.1692220351641035,0.7207306218100108,0.4923741114187563,0.2732552719329203,0.4566095995596904,8.276634091082133e-06,0.2406309083428265,1.7163064763473208e-05,0.0765770608992271,0.096697957853544,0.3315651404272602,0.0743820269850598,0.2489632581152422,0.1710311695203357,2.1716673782518447e-05,-0.0019602544499852,-0.0021255861557517,9382.0,1.0,0.2655503599204205,0.1926771538050761,0.367520227322573,0.0159832471722322,0.4383192764607815,0.0472699422103378,0.2447102483994975,0.2175422008613383,0.3294452338784563,0.1253899564827365,0.4711964164244566,0.6878566433246712,0.338928923504192,0.9271932187857496,100000,30,14,0.1,1.0,0.1,0,13,0.001,1e-06,0.001,1e-07,1.0,1e-08,adamax,0,0.0,disordered,1,0.166578760018055,0 days 16:22:05.799689,0.0019603793140422,4.409740348401704,4.234301791705748
62,62,62,62,0.1988827856988807,0.1988827856988807,0.1988827856988807,0.1988827856988807,0.1988827856988807,0.1988827856988807,0.1988827856988807,0.1988827856988807,0.1988827856988807,0.1988827856988807,0.1988827856988807,0.1988827856988807,0.1988827856988807,0.1988827856988807,0.0400775921598591,0.0403196152317548,0.0399164720677117,0.0397255667453376,0.039221457196885,0.0822246379724966,0.0763305875963894,1.0012385410478504,0.0522126504679584,0.0509986219999055,0.2569565866552639,0.1142912940496824,0.198625574685447,0.2451087986181576,-0.0016088927695488,-0.0018940713159663,702.0,0.0,0.8597668788883609,0.3060151354329368,0.038900403522143,0.7681917007692237,0.2400123129050898,0.3321610405787516,0.5793352263468351,0.998879676887163,0.2996775666119918,0.4685230029239946,0.6274508828630837,0.6833723791568794,0.2121661834498004,0.595321747502258,100000,30,14,0.1,1.0,0.1,0,13,0.001,1e-06,0.001,1e-07,1.0,1e-08,adamax,0,0.0,disordered,1,0.2003793908523332,0 days 16:22:05.799689,0.0016089089398113,4.6861990447480215,4.655009949469729
63,63,63,63,0.2337423870891812,0.2337423870891812,0.2337423870891812,0.2337423870891812,0.2337423870891812,0.2337423870891812,0.2337423870891812,0.2337423870891812,0.2337423870891812,0.2337423870891812,0.2337423870891812,0.2337423870891812,0.2337423870891812,0.2337423870891812,0.2895728513251751,0.1020037096769956,0.1881961398949777,0.4216178342806814,0.931948777994748,0.5359870413837047,0.5665398666813388,1.000956688183907,0.884810898882337,0.0623042429225927,0.5179699806235358,0.0546087255737936,0.0573699479770266,0.060024771674955,-0.001503182585689,-0.0018227533778023,655.0,0.0,0.5441064429064965,0.6585798628076089,0.114996975033249,0.126294515936877,0.9755274904159574,0.8213015645453736,0.8275573150954998,0.9341044081009072,0.9606477600179142,0.3934875320999323,0.7540671762368577,0.6416200925555191,0.5598502694613712,0.6793483833215337,100000,30,14,0.1,1.0,0.1,0,13,0.001,1e-06,0.001,1e-07,1.0,1e-08,adamax,0,0.0,disordered,1,0.2361139070569195,0 days 16:22:05.799689,0.0015032196787899,4.996334498814716,4.41614336777566
64,64,64,64,0.2263129568399526,0.2263129568399526,0.2263129568399526,0.2263129568399526,0.2263129568399526,0.2263129568399526,0.2263129568399526,0.2263129568399526,0.2263129568399526,0.2263129568399526,0.2263129568399526,0.2263129568399526,0.2263129568399526,0.2263129568399526,1.000222497551588,0.1283775277638853,0.1263298239773651,0.0566067926605361,0.4102786415373121,0.3336814797362722,0.1480679194336163,0.1055889736785945,0.0791108582799892,0.1090676157958785,0.7265803659447674,0.0837985816278977,0.0799536704392761,0.3056151447999567,-0.0015218379272694,-0.001637777411375,694.0,0.0,0.3194334511245228,0.8621787179353753,0.4070223282075782,0.1481786877104517,0.01098085101386,0.6391893320658769,0.2316316889649254,0.9560655599081944,0.195004457412108,0.3161794080516598,0.9841316837334272,0.5198546202904285,0.9220245989560004,0.781437673828669,100000,30,14,0.1,1.0,0.1,0,13,0.001,1e-06,0.001,1e-07,1.0,1e-08,adamax,0,0.0,disordered,1,0.2227986069469657,0 days 16:22:05.799689,0.0015219258165518,4.627428908762662,4.4442498661383665
65,65,65,65,0.2191196687578146,0.2191196687578146,0.2191196687578146,0.2191196687578146,0.2191196687578146,0.2191196687578146,0.2191196687578146,0.2191196687578146,0.2191196687578146,0.2191196687578146,0.2191196687578146,0.2191196687578146,0.2191196687578146,0.2191196687578146,1.000624556719532,0.6382101265815942,0.5960201356561121,0.0823388998872839,0.098151031964508,0.0510469544045085,0.0456370293706238,0.0576885090425669,0.0757366542978152,0.0581454759646429,0.0584515129040391,0.2409449361020118,0.0967967234847063,0.3354210966165577,-0.0014704823290731,-0.001592394306096,695.0,0.0,0.1189656934694649,0.2159834369804282,0.3871775574072005,0.8809562507227594,0.3339882823452316,0.463082038554324,0.4807654820193242,0.3247552471025198,0.7864852844832143,0.0548267275661812,0.2259101612470958,0.8250852070925885,0.6163417034041984,0.51182482978383,100000,30,14,0.1,1.0,0.1,0,13,0.001,1e-06,0.001,1e-07,1.0,1e-08,adamax,0,0.0,disordered,1,0.2162650293612631,0 days 16:22:05.799689,0.0014705375915254,4.216750246150701,4.110071430218702
66,66,66,66,0.333461801578636,0.333461801578636,0.333461801578636,0.333461801578636,0.333461801578636,0.333461801578636,0.333461801578636,0.333461801578636,0.333461801578636,0.333461801578636,0.333461801578636,0.333461801578636,0.333461801578636,0.333461801578636,0.4975192884508915,0.5243452055359087,0.2663687189716125,0.9335850916583748,0.1133476784067033,0.1131149398969268,0.9738022724834108,0.923191930612226,1.0020830175604551,0.9020977008608924,0.1117376661284156,0.1345057170283796,0.1383114096310991,0.5464311761669203,-0.0010904550906982,-0.0011897599866727,480.0,0.0,0.3695079637628718,0.1301395767928599,0.4567843092033645,0.9870944758123702,0.5950884747622851,0.5765793507415918,0.9901185849563507,0.8854033802553948,0.9991993182784584,0.9536333395616264,0.6674968517385982,0.3053121936604561,0.6281431780271564,0.3482098358137734,100000,30,14,0.1,1.0,0.1,0,13,0.001,1e-06,0.001,1e-07,1.0,1e-08,adamax,0,0.0,disordered,1,0.3314111457950093,0 days 16:22:05.799689,0.0010904641682749,4.433602460009081,4.185594663016305
67,67,67,67,0.1586356533508588,0.1586356533508588,0.1586356533508588,0.1586356533508588,0.1586356533508588,0.1586356533508588,0.1586356533508588,0.1586356533508588,0.1586356533508588,0.1586356533508588,0.1586356533508588,0.1586356533508588,0.1586356533508588,0.1586356533508588,0.0431002297010358,0.0475058157770956,0.0715591117656858,0.7993742102808192,0.027088868138428,0.0254397546068477,0.0250572138302397,0.0347977600604565,1.000320072949681,0.0248346384613413,0.0378379799926025,0.0633973848241071,0.0363702100584225,0.0693849618021218,-0.0020656949647501,-0.00280377859839,803.0,0.0,0.810769530791913,0.1373004610757547,0.4625463334785304,0.8407760221468864,0.4545120864552048,0.6010178494198809,0.098282937984683,0.2851049834564449,0.954485228687717,0.6569395453324917,0.3649391687249511,0.5168811759658247,0.7748685781334842,0.7874703499468639,100000,30,14,0.1,1.0,0.1,0,13,0.001,1e-06,0.001,1e-07,1.0,1e-08,adamax,0,0.0,disordered,1,0.1594531557435657,0 days 16:22:05.799689,0.0020657085537898,5.283460862130135,4.5762242864822245
68,68,68,68,0.3794532847236935,0.3794532847236935,0.3794532847236935,0.3794532847236935,0.3794532847236935,0.3794532847236935,0.3794532847236935,0.3794532847236935,0.3794532847236935,0.3794532847236935,0.3794532847236935,0.3794532847236935,0.3794532847236935,0.3794532847236935,0.0487618477044185,0.0624448719180718,0.2294226925006572,0.054465417218736,0.0683307037310139,0.0711796447457633,0.0555014827591315,0.0599063003936537,0.0323710018773358,0.222170074532042,1.0013271377046384,0.0611497997350274,0.9595052191660376,0.2582195876894646,-0.0009609689611152,-0.0011532058652786,1112.0,0.0,0.8279679389790622,0.2896426787975475,0.2383059387980907,0.6385084824992602,0.5272006473755549,0.5648867514980614,0.2146149182040537,0.3186241281654006,0.7520531805662839,0.3583232572055379,0.7574855506164321,0.0466446628262281,0.9508661797045698,0.208073038688888,100000,30,14,0.1,1.0,0.1,0,13,0.001,1e-06,0.001,1e-07,1.0,1e-08,adamax,0,0.0,disordered,1,0.3800684309072866,0 days 16:22:05.799689,0.0009609693412698,4.457542804260591,4.562963170714879
69,69,69,69,0.2493409369951876,0.2493409369951876,0.2493409369951876,0.2493409369951876,0.2493409369951876,0.2493409369951876,0.2493409369951876,0.2493409369951876,0.2493409369951876,0.2493409369951876,0.2493409369951876,0.2493409369951876,0.2493409369951876,0.2493409369951876,0.8393835254468878,0.1139779727920968,0.0616257966006513,0.1212047335813475,1.0017224842180597,0.2829121351194705,0.0917912673757847,0.0966596397906641,0.0605393151705865,0.0717261883862844,0.0746242111249681,0.7271108050389006,0.0653895880259778,0.3784117503400505,-0.0013186125083278,-0.0014681947971873,620.0,0.0,0.4782076330508558,0.9208852532322118,0.2534796826385556,0.22738427258263,0.9856407059323568,0.9044301672206756,0.5322461972191177,0.0610219450589694,0.6046687082088471,0.2515781875767063,0.2140104759049822,0.9321430366726656,0.6194232422172982,0.4440395249769181,100000,30,14,0.1,1.0,0.1,0,13,0.001,1e-06,0.001,1e-07,1.0,1e-08,adamax,0,0.0,disordered,1,0.2514716280383091,0 days 16:22:05.799689,0.0013186326038864,4.579959850000026,4.539236954223475
70,70,70,70,0.2659804395593755,0.2659804395593755,0.2659804395593755,0.2659804395593755,0.2659804395593755,0.2659804395593755,0.2659804395593755,0.2659804395593755,0.2659804395593755,0.2659804395593755,0.2659804395593755,0.2659804395593755,0.2659804395593755,0.2659804395593755,0.8891659947796953,0.3818228036698726,0.4332397882550857,0.0874782228555561,0.1904340121826628,0.1008520156287296,0.0789666142149955,0.0701224617910976,1.002216459119451,0.0825594781508759,0.2063833050033012,0.2986748086761975,0.116550751557353,0.4402372010115411,-0.0012800948637602,-0.0013816196025999,580.0,0.0,0.0626588585856636,0.3716213986030104,0.863983149761172,0.302676282624697,0.3227942730688419,0.6068560668114126,0.2521406786205266,0.5569347628095851,0.7686825338221793,0.2866737766544271,0.4727508707947953,0.5762673366342947,0.363331391445274,0.2236183745546042,100000,30,14,0.1,1.0,0.1,0,13,0.001,1e-06,0.001,1e-07,1.0,1e-08,adamax,0,0.0,disordered,1,0.2694096921749516,0 days 16:22:05.799689,0.0012801453067665,4.005141733595188,4.034208756085881
71,71,71,71,0.4180637241455752,0.4180637241455752,0.4180637241455752,0.4180637241455752,0.4180637241455752,0.4180637241455752,0.4180637241455752,0.4180637241455752,0.4180637241455752,0.4180637241455752,0.4180637241455752,0.4180637241455752,0.4180637241455752,0.4180637241455752,1.001669190014497,0.4222086447413137,0.2238252108974397,0.3339141710403762,0.172351668082604,0.9832847482616472,0.1717163460020226,0.8862257830153735,0.1694208120994837,0.1699154394464379,0.1781264685442591,0.1797127834968606,0.2367766979609815,0.8385457746539984,-0.0009980070386263,-0.0010976459436361,390.0,0.0,0.1144018670174983,0.5654837920917276,0.937429217870874,0.0187662025074489,0.8656634618701456,0.9624731102430444,0.5423265014841474,0.967883458447882,0.7047824365175038,0.5452252080293496,0.4636750178949943,0.4663990069336898,0.6819967270741285,0.2345053687759503,100000,30,14,0.1,1.0,0.1,0,13,0.001,1e-06,0.001,1e-07,1.0,1e-08,adamax,0,0.0,disordered,1,0.4197631388243784,0 days 16:22:05.799689,0.0009980118823298,4.177588817725979,4.229023560525699
72,72,72,72,0.1586356533508588,0.1586356533508588,0.1586356533508588,0.1586356533508588,0.1586356533508588,0.1586356533508588,0.1586356533508588,0.1586356533508588,0.1586356533508588,0.1586356533508588,0.1586356533508588,0.1586356533508588,0.1586356533508588,0.1586356533508588,0.0674313171570023,0.119840890115374,0.0366538258455953,0.9361271716639706,0.0328730546528171,0.0380001358323876,0.0460337820645829,0.1780310797481456,0.025999856043971,0.0246515226755077,1.000096148978388,0.0290900270915297,0.0305784867928125,0.0274679689930674,-0.0018819206407858,-0.0027116990304689,807.0,0.0,0.7154011245036019,0.490989737027474,0.6746622185381884,0.9408617504122404,0.2334536817920307,0.4032255184610195,0.2751601289752232,0.0526764147171315,0.6220897071828432,0.628520015007522,0.9994108501412068,0.6010269037381571,0.3961064626087849,0.9011587193387256,100000,30,14,0.1,1.0,0.1,0,13,0.001,1e-06,0.001,1e-07,1.0,1e-08,adamax,0,0.0,disordered,1,0.1611979148021902,0 days 16:22:05.799689,0.0018820149134998,4.974596508024282,4.690699766164964
73,73,73,73,0.2337423870891812,0.2337423870891812,0.2337423870891812,0.2337423870891812,0.2337423870891812,0.2337423870891812,0.2337423870891812,0.2337423870891812,0.2337423870891812,0.2337423870891812,0.2337423870891812,0.2337423870891812,0.2337423870891812,0.2337423870891812,0.8121351885932209,0.1529761119228462,1.0015607532824746,0.0608343954304228,0.0547908522002666,0.9570568748931944,0.0545938445211267,0.0540553618053019,0.976453020243482,0.0818522330045644,0.9979776199256952,0.0547713032892672,0.0536601782298525,0.0547733811507876,-0.0013857001286598,-0.0020511708104859,636.0,0.0,0.0153843211944366,0.3027069692435673,0.7519290472142671,0.1614870135216741,0.3612359751794584,0.8490636365580233,0.3446746493451292,0.242960708934384,0.8905882682808496,0.0774172052746193,0.856691807280719,0.3153846173974736,0.2077847171545707,0.4878787630597822,100000,30,14,0.1,1.0,0.1,0,13,0.001,1e-06,0.001,1e-07,1.0,1e-08,adamax,0,0.0,disordered,1,0.2345445456533203,0 days 16:22:05.799689,0.0013857030897123,4.534521721796742,4.29647167885704
74,74,74,74,0.2747120789270809,0.2747120789270809,0.2747120789270809,0.2747120789270809,0.2747120789270809,0.2747120789270809,0.2747120789270809,0.2747120789270809,0.2747120789270809,0.2747120789270809,0.2747120789270809,0.2747120789270809,0.2747120789270809,0.2747120789270809,0.8741923506602035,0.0887424978473864,0.1236853032956376,0.0738095098528866,0.3735117824445222,0.0727361707229807,0.9639949389011422,0.0724935657299866,1.0013254559307991,0.4943333392724042,0.8822326938833408,0.0904413504591737,0.0838062658485629,0.1792951635488616,-0.0012737202357012,-0.0014678980245938,577.0,0.0,0.4834181147525649,0.9646969872568616,0.7525046995401022,0.4601224335495554,0.559448179377736,0.3183682671306512,0.9827215923343974,0.3859388031179065,0.8856894269797009,0.6560771856866561,0.9161440724365804,0.3545676606804618,0.4166964266045845,0.3693269630957549,100000,30,14,0.1,1.0,0.1,0,13,0.001,1e-06,0.001,1e-07,1.0,1e-08,adamax,0,0.0,disordered,1,0.2744147977328853,0 days 16:22:05.799689,0.0012737207791256,4.448493610207281,4.309328003071657
75,75,75,75,0.1638433645577982,0.1638433645577982,0.1638433645577982,0.1638433645577982,0.1638433645577982,0.1638433645577982,0.1638433645577982,0.1638433645577982,0.1638433645577982,0.1638433645577982,0.1638433645577982,0.1638433645577982,0.1638433645577982,0.1638433645577982,0.2159817102992484,0.1250106258317616,1.247741213426079e-06,0.0055002075904606,1.641591780483277e-07,9.999962469096205e-08,2.085415475143225e-07,1.011657059957127e-07,0.0004148481669113,0.0019726058506527,3.0287503523602865e-07,0.0028620718988374,2.506430298283837e-06,0.3899686605907204,-0.0018329966318683,-0.0023678923893007,8860.0,0.0,0.8270428182013859,0.9531227652913028,0.8245693322036489,0.4514212725251594,0.8290967274280593,0.7301863689728796,0.5191332376501886,0.1834950095969402,0.2378709334464719,0.7037642552418423,0.1987394069753326,0.5603459846190683,0.8041887075195945,0.6538980773741612,100000,30,14,0.1,1.0,0.1,0,13,0.001,1e-06,0.001,1e-07,1.0,1e-08,adamax,0,0.0,disordered,1,0.1661948729348999,0 days 16:22:05.799689,0.0018330583832401,4.503721615061435,4.326693346760748
76,76,76,76,0.5241298302206053,0.5241298302206053,0.5241298302206053,0.5241298302206053,0.5241298302206053,0.5241298302206053,0.5241298302206053,0.5241298302206053,0.5241298302206053,0.5241298302206053,0.5241298302206053,0.5241298302206053,0.5241298302206053,0.5241298302206053,0.2501254032616689,0.2783816997878393,0.2950155520974353,0.3025682968403986,0.3013544441089668,0.2813284031353188,0.268909058581756,0.2505473388197657,0.2579543241951652,0.2501376974062486,0.2518032496968129,1.000940577673441,0.3022001861930022,0.998483569229528,-0.0008909295653429,-0.0009887252147546,320.0,0.0,0.6097557171857994,0.2577333633717787,0.119935968613166,0.0339098497467681,0.0463400935683828,0.2317624605308721,0.5576826791052716,0.4236802611593196,0.2040989308365327,0.3026871386777993,0.4612512907545262,0.798942229904156,0.6559291488966292,0.0409055308440315,100000,30,14,0.1,1.0,0.1,0,13,0.001,1e-06,0.001,1e-07,1.0,1e-08,adamax,0,0.0,disordered,1,0.5185122020454844,0 days 16:22:05.799689,0.000890963407239,4.56699958826799,4.581044853816507
77,77,77,77,0.333461801578636,0.333461801578636,0.333461801578636,0.333461801578636,0.333461801578636,0.333461801578636,0.333461801578636,0.333461801578636,0.333461801578636,0.333461801578636,0.333461801578636,0.333461801578636,0.333461801578636,0.333461801578636,0.9354686782668464,1.0001604066075844,0.1697038719504794,0.0124312322469705,0.0218287631583927,0.0454099536295992,0.033450365487592,0.2824389811200268,0.4512953393182394,0.0090439103942508,0.3365685076855245,0.8333193469819192,0.0118082175755269,0.3854700989219937,-0.0012090811012366,-0.0013851837487077,1619.0,0.0,0.4815189960665327,0.1859971408619078,0.8548328677142727,0.8849042337673497,0.5546647111131409,0.7364080424825971,0.686781002516244,0.8168348678564569,0.2788157443291197,0.2292883141352593,0.7463090556139563,0.9590819260938424,0.2298178228373562,0.5677739835398896,100000,30,14,0.1,1.0,0.1,0,13,0.001,1e-06,0.001,1e-07,1.0,1e-08,adamax,0,0.0,disordered,1,0.3332212363106651,0 days 16:22:05.799689,0.0012090809389274,4.098963079956336,4.407195665400666
78,78,78,78,0.3444087275973818,0.3444087275973818,0.3444087275973818,0.3444087275973818,0.3444087275973818,0.3444087275973818,0.3444087275973818,0.3444087275973818,0.3444087275973818,0.3444087275973818,0.3444087275973818,0.3444087275973818,0.3444087275973818,0.3444087275973818,0.1239407827071209,0.1216725242733201,0.8176191980304321,0.1179639512480315,0.2094790177107436,0.2114919410917659,1.000822289920004,0.7088960117003505,0.7566120962048326,1.000158862702478,0.1185237881634828,0.7527156565222837,0.1220363386939529,0.1185716257315678,-0.0010810480995745,-0.0012690533262873,465.0,0.0,0.5442195125318621,0.3735582233951082,0.7502377867354061,0.1317663476758382,0.3717770738280922,0.4310672285924066,0.9529997793113488,0.6843037903798886,0.7109588786233508,0.9997911436030892,0.2267787050296258,0.6035266324041912,0.1076616957623852,0.1624966741586189,100000,30,14,0.1,1.0,0.1,0,13,0.001,1e-06,0.001,1e-07,1.0,1e-08,adamax,0,0.0,disordered,1,0.3458813648112052,0 days 16:22:05.799689,0.0010810527123844,4.648306500431499,4.415409875044009
79,79,79,79,0.1306870229743345,0.1306870229743345,0.1306870229743345,0.1306870229743345,0.1306870229743345,0.1306870229743345,0.1306870229743345,0.1306870229743345,0.1306870229743345,0.1306870229743345,0.1306870229743345,0.1306870229743345,0.1306870229743345,0.1306870229743345,0.5488833491505709,0.0776164326915543,0.0553873878262534,0.0653297411038303,0.0828261399653565,1.0018502318000535,0.9908131436013862,0.0172988031703915,0.0166178566256569,0.0270932286420833,0.0168362852071344,0.0166642322676354,0.0171210996343296,0.0166523901447963,-0.001959762735971,-0.0030902200949382,890.0,0.0,0.6961278409738247,0.8259834276770187,0.6357975895967353,0.5797828945619068,0.790630726295852,0.9562374211517236,0.9255221732521834,0.8087770068293173,0.4321179044971832,0.7663340080029579,0.2338323123187341,0.904048678156823,0.2797343041595618,0.9803847111856008,100000,30,14,0.1,1.0,0.1,0,13,0.001,1e-06,0.001,1e-07,1.0,1e-08,adamax,0,0.0,disordered,1,0.1314343860593257,0 days 16:22:05.799689,0.0019597756840075,4.334773028198328,3.963637899909722
80,80,80,80,0.3026648059395688,0.3026648059395688,0.3026648059395688,0.3026648059395688,0.3026648059395688,0.3026648059395688,0.3026648059395688,0.3026648059395688,0.3026648059395688,0.3026648059395688,0.3026648059395688,0.3026648059395688,0.3026648059395688,0.3026648059395688,0.5367542788496902,0.2421055151158783,0.11180865453997,0.1218166379936231,0.0909087400592929,0.0916799281454112,1.0019213491752328,0.9907959870795326,0.1152104357000374,0.091330598401422,0.096463835699921,0.9932077290145188,0.1013835982013186,0.4983494134857923,-0.0012299707695029,-0.0013801687810091,522.0,0.0,0.3016832549624413,0.2640832767535498,0.3363274420383708,0.4851418951388808,0.2002006434705995,0.2637231920312685,0.8842365683840808,0.9313198157180764,0.1553798826124388,0.4413512264260195,0.4198464085418141,0.8282891159533825,0.6604139492479763,0.4080416756397663,100000,30,14,0.1,1.0,0.1,0,13,0.001,1e-06,0.001,1e-07,1.0,1e-08,adamax,0,0.0,disordered,1,0.3038007816495292,0 days 16:22:05.799689,0.001229975193699,4.550877163987332,4.409166063388653
81,81,81,81,0.4757236139187883,0.4757236139187883,0.4757236139187883,0.4757236139187883,0.4757236139187883,0.4757236139187883,0.4757236139187883,0.4757236139187883,0.4757236139187883,0.4757236139187883,0.4757236139187883,0.4757236139187883,0.4757236139187883,0.4757236139187883,0.2307473552261949,0.2423461157547317,0.2762527932344477,0.2061507178057613,0.2194463493681361,0.8678255815991232,0.2057886279738273,0.2389713245361381,0.2130388787087094,0.2057079929510681,0.205821633545034,0.2058033263633811,0.3466956013417727,1.0003309265750138,-0.0009176157786895,-0.0010411840895031,363.0,0.0,0.788695792970943,0.6051509888335281,0.2093610962463399,0.7926281560532956,0.4656375164822883,0.8869505002259676,0.6652286902850271,0.1511461071182099,0.7566756965413822,0.5812057528556136,0.5415794581404321,0.4197375547591516,0.66289024476234,0.063289788225274,100000,30,14,0.1,1.0,0.1,0,13,0.001,1e-06,0.001,1e-07,1.0,1e-08,adamax,0,0.0,disordered,1,0.4830344976595044,0 days 16:22:05.799689,0.0009176814044102,4.3021374103118815,4.42967071302203
82,82,82,82,0.4757236139187883,0.4757236139187883,0.4757236139187883,0.4757236139187883,0.4757236139187883,0.4757236139187883,0.4757236139187883,0.4757236139187883,0.4757236139187883,0.4757236139187883,0.4757236139187883,0.4757236139187883,0.4757236139187883,0.4757236139187883,0.5707253888288487,0.202296591309366,0.1988434787424558,0.2280953419889813,0.2151758675850621,0.2107485717751,0.1909208440076936,0.1806283812416711,0.2324986941410159,0.6722078944098161,0.2313201631716074,0.2080976037318052,0.3045577561783277,1.0004341106774446,-0.0009216510108561,-0.0010051859267502,442.0,0.0,0.5038335624770842,0.935506718815235,0.2048671372175592,0.137013393890617,0.4105203445189851,0.5195104419443821,0.3765258345746637,0.4839410295657812,0.6746681273088498,0.7927785685533543,0.0515914868847581,0.3817122140834397,0.6192309160099487,0.0209156604668269,100000,30,14,0.1,1.0,0.1,0,13,0.001,1e-06,0.001,1e-07,1.0,1e-08,adamax,0,0.0,disordered,1,0.4779687648983959,0 days 16:22:05.799689,0.0009216571863878,4.433127813574716,4.484629221811614
83,83,83,83,0.1076624177045491,0.1076624177045491,0.1076624177045491,0.1076624177045491,0.1076624177045491,0.1076624177045491,0.1076624177045491,0.1076624177045491,0.1076624177045491,0.1076624177045491,0.1076624177045491,0.1076624177045491,0.1076624177045491,0.1076624177045491,0.0282619700866458,0.0091736135356098,0.0091930414842822,0.011917761274372,0.0097161356364587,0.0093633307935794,0.0406960693598193,1.0003789753844263,0.5349756889923936,0.0156465578495981,0.3241802404040611,0.1929031557265052,0.0143307714916536,0.0214530610372476,-0.0018430672366771,-0.0023584053383728,1077.0,0.0,0.949196085805464,0.6408209766622542,0.4850036743611498,0.4483143018991906,0.1472576819398338,0.0662550030853231,0.6809667073821352,0.923986139489024,0.79236850187799,0.021454334921551,0.0389684819440877,0.5126584980908546,0.5732641256148879,0.6063464038688403,100000,30,14,0.1,1.0,0.1,0,13,0.001,1e-06,0.001,1e-07,1.0,1e-08,adamax,0,0.0,disordered,1,0.1073138864393549,0 days 16:22:05.799689,0.0018430685852217,5.124656211375491,4.906923941513968
84,84,84,84,0.1535934676510895,0.1535934676510895,0.1535934676510895,0.1535934676510895,0.1535934676510895,0.1535934676510895,0.1535934676510895,0.1535934676510895,0.1535934676510895,0.1535934676510895,0.1535934676510895,0.1535934676510895,0.1535934676510895,0.1535934676510895,0.1335764127486368,0.4820065007645376,0.5584224095245535,0.0331664022202906,0.1738248179408593,0.9848205661704192,0.0208436326941804,0.0309620923088298,1.000862431948433,0.0220064827736323,0.0271529068578637,0.0747208484918413,0.029666562090532,0.0247177610111639,-0.0018142852195149,-0.0024328706651004,903.0,0.0,0.8760248254439775,0.897865788127695,0.9892944308928155,0.3336362814836187,0.4685438744054826,0.993629312938368,0.7003627951620519,0.0574349150226748,0.9095515927383748,0.6166727366896131,0.1937122517675252,0.3477290547245186,0.5776592921086124,0.6527664441151828,100000,30,14,0.1,1.0,0.1,0,13,0.001,1e-06,0.001,1e-07,1.0,1e-08,adamax,0,0.0,disordered,1,0.1556214950860009,0 days 16:22:05.799689,0.0018143411978691,4.646127966956853,4.199642497215337
85,85,85,85,0.293044697697214,0.293044697697214,0.293044697697214,0.293044697697214,0.293044697697214,0.293044697697214,0.293044697697214,0.293044697697214,0.293044697697214,0.293044697697214,0.293044697697214,0.293044697697214,0.293044697697214,0.293044697697214,0.5924716896901008,0.1748488538240907,0.08909292349272,0.9745128424457464,0.7519295712756724,0.0920251633284187,0.0997373195749736,0.9879623392688652,0.0853400006947709,1.000689661659421,0.0966090894631492,0.1216459097255635,0.3936654449440292,0.0992687364120813,-0.0012846729236578,-0.0015452171170793,538.0,0.0,0.410728475381375,0.7443590959461956,0.5328265257248977,0.9747578061892131,0.8534960630493873,0.1500965432951359,0.1030876914121305,0.8535295930326651,0.6077306724577283,0.9762235664604278,0.435834779462619,0.1792983733266665,0.0369883463752735,0.7685847217103081,100000,30,14,0.1,1.0,0.1,0,13,0.001,1e-06,0.001,1e-07,1.0,1e-08,adamax,0,0.0,disordered,1,0.2915030629196727,0 days 16:22:05.799689,0.0012846813332979,4.9960167508094075,4.50666306341376
86,86,86,86,0.4047756965997316,0.4047756965997316,0.4047756965997316,0.4047756965997316,0.4047756965997316,0.4047756965997316,0.4047756965997316,0.4047756965997316,0.4047756965997316,0.4047756965997316,0.4047756965997316,0.4047756965997316,0.4047756965997316,0.4047756965997316,1.0005569252364643,0.3425061738655988,0.2247644624320931,0.1780580536831257,0.1633969911466791,0.166644065269037,0.1889089629185964,0.1696018821736434,0.1930052455558458,0.1866101023611429,0.1818376514576341,0.1675889861620601,0.5053985813912956,0.6122891734482082,-0.0009276197641489,-0.0010157753455192,397.0,0.0,0.0835179293669268,0.6439031526829808,0.5635435668373796,0.739568320401929,0.943891263002008,0.2365214903841666,0.4826040926959499,0.7515620687294599,0.2023581685917818,0.0920116234928242,0.1380229866068717,0.9316879857781158,0.7894252030152007,0.2004108507488413,100000,30,14,0.1,1.0,0.1,0,13,0.001,1e-06,0.001,1e-07,1.0,1e-08,adamax,0,0.0,disordered,1,0.4066497481476606,0 days 16:22:05.799689,0.000927623219643,4.330704410332071,4.426859071984949
87,87,87,87,0.31260072430687,0.31260072430687,0.31260072430687,0.31260072430687,0.31260072430687,0.31260072430687,0.31260072430687,0.31260072430687,0.31260072430687,0.31260072430687,0.31260072430687,0.31260072430687,0.31260072430687,0.31260072430687,1.000209813186322,0.2972177939292988,0.1121082324235883,0.0983752462018589,0.0970300155011051,0.0988095208235359,0.0990161493833134,0.9875019532904094,0.0979736459604035,0.978897261749045,0.987415651785274,0.9359364682128808,0.0965552029776568,0.0974983758414233,-0.0012208258247572,-0.0015802541181459,510.0,0.0,0.0158897298359887,0.6378190116729733,0.3219068800907684,0.227954613732546,0.1995556372938079,0.4722253635804095,0.3422514539903797,0.9402172918894702,0.5658874773949365,0.9001261446978802,0.9246386652645656,0.9001324900548501,0.4983454905287332,0.5832895646919062,100000,30,14,0.1,1.0,0.1,0,13,0.001,1e-06,0.001,1e-07,1.0,1e-08,adamax,0,0.0,disordered,1,0.3101424144028072,0 days 16:22:05.799689,0.0012208437725186,4.665346059949973,4.198107312452049
88,88,88,88,0.615997796038016,0.615997796038016,0.615997796038016,0.615997796038016,0.615997796038016,0.615997796038016,0.615997796038016,0.615997796038016,0.615997796038016,0.615997796038016,0.615997796038016,0.615997796038016,0.615997796038016,0.615997796038016,0.5322876401858712,0.563570038067196,0.392239275418521,0.4081006008259997,0.3979016423401695,0.3827909944637583,0.3775762240347332,0.385873021068885,0.3771399437245042,0.3783410251757795,0.3777718971044543,0.3791022016031355,0.5349952407552616,1.0006177669691807,-0.0007694781907261,-0.0008364173789332,212.0,0.0,0.5342589017236986,0.0202634807373287,0.9464100576900564,0.1510903531028005,0.5534559105858134,0.682647856788838,0.7863061131620858,0.5422231796108453,0.6391108790301397,0.8271093594992666,0.6435283568596154,0.6668418155384968,0.8540520560504438,0.0734116669155326,100000,30,14,0.1,1.0,0.1,0,13,0.001,1e-06,0.001,1e-07,1.0,1e-08,adamax,0,0.0,disordered,1,0.6201620786458792,0 days 16:22:05.799689,0.0007694904327937,4.289012567688888,4.448521486469823
89,89,89,89,0.615997796038016,0.615997796038016,0.615997796038016,0.615997796038016,0.615997796038016,0.615997796038016,0.615997796038016,0.615997796038016,0.615997796038016,0.615997796038016,0.615997796038016,0.615997796038016,0.615997796038016,0.615997796038016,0.4468785570310554,0.4449402283875449,0.4457583137873638,0.4800134386310296,0.4510975195810698,0.3792197388444114,0.3928368416469664,0.3821567766902886,0.3762058949948401,0.3936316634613006,0.3813818068921865,0.3682359023416885,0.5207307637069231,1.0002028041604305,-0.0007779421318239,-0.0008286471169884,224.0,0.0,0.518521050809158,0.0265520237612418,0.1513861713431294,0.0285064142169597,0.8662414965178878,0.329738218002739,0.5211312073463263,0.7872579379890905,0.688896824749785,0.9263145604956078,0.4898036887229915,0.7024378150343941,0.8677546688910042,0.1071970230385482,100000,30,14,0.1,1.0,0.1,0,13,0.001,1e-06,0.001,1e-07,1.0,1e-08,adamax,0,0.0,disordered,1,0.6118259229278639,0 days 16:22:05.799689,0.0007779543472929,4.360690953472021,4.497120902890357
90,90,90,90,0.2414157116103016,0.2414157116103016,0.2414157116103016,0.2414157116103016,0.2414157116103016,0.2414157116103016,0.2414157116103016,0.2414157116103016,0.2414157116103016,0.2414157116103016,0.2414157116103016,0.2414157116103016,0.2414157116103016,0.2414157116103016,0.0585577401753263,0.0591508351950426,0.7935633709199252,0.0943772280916232,0.9960615340895502,0.0575162116367499,0.0574824078548907,1.001674226533266,0.0596366583256344,0.0577372743805559,0.4103067941200382,0.5679722911665727,0.0577359331340588,0.0603725734817116,-0.0013521721714743,-0.0016263618001409,620.0,0.0,0.4698551588747217,0.0879942584045,0.5569643621342539,0.3133533464336471,0.8404982731519823,0.4683808695028418,0.16289530068774,0.8733791351470347,0.4258654966885558,0.0197112421874458,0.2686888585870096,0.3830994218100014,0.0262443207348223,0.1401115351915322,100000,30,14,0.1,1.0,0.1,0,13,0.001,1e-06,0.001,1e-07,1.0,1e-08,adamax,0,0.0,disordered,1,0.2402576704805937,0 days 16:22:05.799689,0.0013521790677903,4.398340860715637,4.366868666885348
91,91,91,91,0.2493409369951876,0.2493409369951876,0.2493409369951876,0.2493409369951876,0.2493409369951876,0.2493409369951876,0.2493409369951876,0.2493409369951876,0.2493409369951876,0.2493409369951876,0.2493409369951876,0.2493409369951876,0.2493409369951876,0.2493409369951876,0.3813526367064366,0.0827363705027708,0.9778943548753634,0.0639026735856,0.0636587416407021,0.968813110375779,0.0628172121682294,0.990893640509672,1.0015408059908697,0.1121681300853772,0.0820474552458571,0.0911267300329912,0.0846355565235918,0.0912377891206658,-0.001521629073706,-0.0020397381563342,605.0,0.0,0.2965088687873769,0.3375832951584115,0.4375794644216485,0.2976178144068799,0.3206682412694038,0.4620787748246554,0.3519327463102876,0.7497859477666411,0.781070814915798,0.0176659638470567,0.1620922119128206,0.1018191438928746,0.3528687006585745,0.3562605533678569,100000,30,14,0.1,1.0,0.1,0,13,0.001,1e-06,0.001,1e-07,1.0,1e-08,adamax,0,0.0,disordered,1,0.2481107183233627,0 days 16:22:05.799689,0.0015216371294252,4.6353243743489605,4.488784678500852
92,92,92,92,0.1487115462808952,0.1487115462808952,0.1487115462808952,0.1487115462808952,0.1487115462808952,0.1487115462808952,0.1487115462808952,0.1487115462808952,0.1487115462808952,0.1487115462808952,0.1487115462808952,0.1487115462808952,0.1487115462808952,0.1487115462808952,0.2499692207538898,0.1123046877903346,0.6675644530223847,0.0225209021149061,0.0223063433895974,0.987796638278088,0.0215969103136847,0.0260172336453915,0.0237098517492452,0.0222122771182287,1.000841605737797,0.021470625618803,0.0257904126381181,0.0230162113777984,-0.0018729221235022,-0.0026085733461066,836.0,0.0,0.7492930954460025,0.729520125674327,0.8824147325613924,0.6829980203089694,0.5955341403008954,0.9943332014900896,0.641966715068702,0.3894717582066502,0.3047671450549398,0.0357513358910965,0.9441383821019348,0.7526396033854349,0.3770744740385141,0.8750264088387725,100000,30,14,0.1,1.0,0.1,0,13,0.001,1e-06,0.001,1e-07,1.0,1e-08,adamax,0,0.0,disordered,1,0.1507105418146442,0 days 16:22:05.799689,0.0018729902786906,4.829058140868191,4.292583448946036
93,93,93,93,0.2191196687578146,0.2191196687578146,0.2191196687578146,0.2191196687578146,0.2191196687578146,0.2191196687578146,0.2191196687578146,0.2191196687578146,0.2191196687578146,0.2191196687578146,0.2191196687578146,0.2191196687578146,0.2191196687578146,0.2191196687578146,0.5480456095565146,0.1024890060439892,3.566898966216814e-07,6.234491033553075e-07,5.045636907902716e-07,3.048256302799583e-07,6.284422411495973e-07,7.305687080260021e-07,0.0131986510546378,1.723583940767118e-05,9.534220208219784e-06,0.4555153848424937,0.5486718977713437,4.200025115418296e-05,-0.0014945252690263,-0.001802635161668,8634.0,1.0,0.762923530257859,0.4651733664606914,0.9557833448132416,0.8923995250960749,0.4460462226478133,0.427009935517979,0.1516958500288139,0.1024071282176544,0.3572105858326114,0.2145963222654221,0.0686048753592449,0.7354797423575674,0.9611756267230732,0.6873883811420436,100000,30,14,0.1,1.0,0.1,0,13,0.001,1e-06,0.001,1e-07,1.0,1e-08,adamax,0,0.0,disordered,1,0.2191344784480274,0 days 16:22:05.799689,0.0014945252602845,4.618415590018024,4.876260918207498
94,94,94,94,0.3919100249433399,0.3919100249433399,0.3919100249433399,0.3919100249433399,0.3919100249433399,0.3919100249433399,0.3919100249433399,0.3919100249433399,0.3919100249433399,0.3919100249433399,0.3919100249433399,0.3919100249433399,0.3919100249433399,0.3919100249433399,0.2590321173299397,2.637096698048349e-05,8.730484155186783e-06,9.798784127627877e-06,2.0218674218747355e-05,2.457180530802389e-05,2.611761735918005e-05,3.6214945584152167e-05,7.589034771714398e-05,5.023975532129383e-05,0.0001529595356219,0.021137188728196,0.3241593311603773,1.0000659902001414,-0.0010051591691096,-0.0014301627202766,4642.0,0.0,0.9074324780725448,0.8703669412946711,0.6460543691700241,0.5226129115246972,0.3579013924678206,0.4949761755722949,0.3212519515014987,0.1720666773180067,0.4953270051382947,0.6611575082946666,0.5853151200539239,0.7378227930383214,0.3359702633489273,9.60405599956804e-05,100000,30,14,0.1,1.0,0.1,0,13,0.001,1e-06,0.001,1e-07,1.0,1e-08,adamax,0,0.0,disordered,1,0.3895321423838265,0 days 16:22:05.799689,0.0010051699308251,3.844346445342401,4.37593983572733
95,95,95,95,0.1864408533970484,0.1864408533970484,0.1864408533970484,0.1864408533970484,0.1864408533970484,0.1864408533970484,0.1864408533970484,0.1864408533970484,0.1864408533970484,0.1864408533970484,0.1864408533970484,0.1864408533970484,0.1864408533970484,0.1864408533970484,0.9224433655015148,0.4992664615345118,0.2843020516590029,0.274256877833717,0.1243523620905469,0.0772511590246363,0.2233426653149109,0.412939762914018,0.0339518936186065,0.2891857062696427,1.000677230344488,0.0334135872953322,0.0404973402742537,0.0335236604473894,-0.0016010772653813,-0.002031666693742,748.0,0.0,0.212659523709593,0.2896953747711416,0.553104867010391,0.389451515347593,0.6576718802427545,0.2239429185820662,0.4680172846291024,0.0022461445398733,0.6863003978230826,0.865358765091174,0.8586576209689326,0.8746833990846345,0.1961319899414358,0.981421288630042,100000,30,14,0.1,1.0,0.1,0,13,0.001,1e-06,0.001,1e-07,1.0,1e-08,adamax,0,0.0,disordered,1,0.1887631200132724,0 days 16:22:05.799689,0.0016011342815911,4.295082893350178,4.095686537394351
96,96,96,96,0.3444087275973818,0.3444087275973818,0.3444087275973818,0.3444087275973818,0.3444087275973818,0.3444087275973818,0.3444087275973818,0.3444087275973818,0.3444087275973818,0.3444087275973818,0.3444087275973818,0.3444087275973818,0.3444087275973818,0.3444087275973818,0.4316662127046858,0.5292528635599908,0.3292147229650343,0.5890217281068708,0.1460841584022197,0.1216839059827211,1.0003691412804163,0.118186044012249,0.1337216500377376,0.1333707878466199,0.1169322099248151,0.1420771452527457,0.3959967461519155,0.5277124904209959,-0.0010554539717686,-0.0011503558211615,470.0,0.0,0.551370055537916,0.1855797904828828,0.0910540624549163,0.0709756771489656,0.6369673359898222,0.6285879455462029,0.7867578153046024,0.6586148779360064,0.5194036064022658,0.1628216458053162,0.7344738470457473,0.0040607791752594,0.6603056326225697,0.1653106406351319,100000,30,14,0.1,1.0,0.1,0,13,0.001,1e-06,0.001,1e-07,1.0,1e-08,adamax,0,0.0,disordered,1,0.3461618926720537,0 days 16:22:05.799689,0.0010554593052085,4.199129616335811,4.4116667337359265
97,97,97,97,0.2493409369951876,0.2493409369951876,0.2493409369951876,0.2493409369951876,0.2493409369951876,0.2493409369951876,0.2493409369951876,0.2493409369951876,0.2493409369951876,0.2493409369951876,0.2493409369951876,0.2493409369951876,0.2493409369951876,0.2493409369951876,0.8034580433266528,0.6090903312541609,0.2148037392811027,0.3830461188770244,0.0848008750863653,0.7346201319599682,0.0627033243485458,0.0645362852166094,0.0667169157678952,0.0868057627735343,1.001305802843525,0.0761675215538446,0.0737958739781416,0.3577865771710585,-0.001287991821112,-0.0015274260141423,604.0,0.0,0.158812500494112,0.9060919823220174,0.9272687987305654,0.7202854143764663,0.2286132749517861,0.4693763724185115,0.3461982610739972,0.1176045480895723,0.2368161436599996,0.05796887217318,0.9722989391173464,0.2362951831663555,0.3871303033300499,0.2466130384795043,100000,30,14,0.1,1.0,0.1,0,13,0.001,1e-06,0.001,1e-07,1.0,1e-08,adamax,0,0.0,disordered,1,0.2485292409792357,0 days 16:22:05.799689,0.0012879946770299,4.3308117872487495,4.445828882397341
98,98,98,98,0.1439847952876006,0.1439847952876006,0.1439847952876006,0.1439847952876006,0.1439847952876006,0.1439847952876006,0.1439847952876006,0.1439847952876006,0.1439847952876006,0.1439847952876006,0.1439847952876006,0.1439847952876006,0.1439847952876006,0.1439847952876006,0.1197649344539661,0.0856525585279584,0.7504516281105942,0.0288580655977639,0.1917847227651793,0.0204515961016649,0.0207147087360871,1.0003305974641876,0.050851209529107,0.0388606317271052,0.0359073505659059,0.0254542613990467,0.0213079912997503,0.0203614392217218,-0.0021972047667557,-0.0032820504734948,849.0,0.0,0.6512560958980139,0.5625293241165457,0.7656657950986049,0.0114169824866066,0.204675351213916,0.5987377284896298,0.576566930148022,0.8244385564254193,0.080546864575358,0.3711524930990902,0.4037561394020001,0.5130269217785087,0.3514292192289528,0.734669791447239,100000,30,14,0.1,1.0,0.1,0,13,0.001,1e-06,0.001,1e-07,1.0,1e-08,adamax,0,0.0,disordered,1,0.1457110316357682,0 days 16:22:05.799689,0.0021972749110267,4.763897510270347,4.4894391532285685
99,99,99,99,0.367392478180207,0.367392478180207,0.367392478180207,0.367392478180207,0.367392478180207,0.367392478180207,0.367392478180207,0.367392478180207,0.367392478180207,0.367392478180207,0.367392478180207,0.367392478180207,0.367392478180207,0.367392478180207,0.8717209558466334,0.5755279903673697,0.4481179804199985,0.4335077394759152,0.2539065615430215,0.1545697890994374,0.0993806192570219,0.0574478010995176,0.0311433472489106,0.0401109248604661,0.0572003394186132,1.0022751322487242,0.0323351151159141,0.8746538434160882,-0.0010891023046976,-0.0012460952857964,1167.0,0.0,0.1043126694432297,0.0606265487732715,0.3134969656943688,0.08936835835602,0.3924113107452132,0.5784304362761635,0.0841896335863821,0.4597958892749636,0.5553176384279525,0.5645392862095029,0.0302027113843083,0.7732342916221171,0.7219944120767331,0.2970111784747991,100000,30,14,0.1,1.0,0.1,0,13,0.001,1e-06,0.001,1e-07,1.0,1e-08,adamax,0,0.0,disordered,1,0.3726476256950803,0 days 16:22:05.799689,0.0010891599528423,4.062127486503906,4.2325126175964645
100,100,100,100,0.2659804395593755,0.2659804395593755,0.2659804395593755,0.2659804395593755,0.2659804395593755,0.2659804395593755,0.2659804395593755,0.2659804395593755,0.2659804395593755,0.2659804395593755,0.2659804395593755,0.2659804395593755,0.2659804395593755,0.2659804395593755,0.5318093084675403,0.3301776313744575,0.1598802318041746,0.0888716840175714,0.4979146409664601,0.0711091360149653,0.9838760300176226,0.8989654893339665,0.070732266151331,0.071602083755808,0.0719630102382671,1.0017331745755813,0.1553960546002416,0.0727953230828976,-0.0012478317245196,-0.0015864167633726,576.0,0.0,0.4713454304536444,0.7391818794487419,0.8340747307980766,0.2477164179479444,0.7708320963728408,0.4241983695702475,0.9531604880370382,0.8783654950164146,0.3579915231080731,0.3598325142224708,0.4858358613989018,0.9606447966726998,0.1439805411979351,0.5489012665123931,100000,30,14,0.1,1.0,0.1,0,13,0.001,1e-06,0.001,1e-07,1.0,1e-08,adamax,0,0.0,disordered,1,0.2644626477057705,0 days 16:22:05.799689,0.001247837627118,4.455707125899358,4.340961667377069
101,101,101,101,0.293044697697214,0.293044697697214,0.293044697697214,0.293044697697214,0.293044697697214,0.293044697697214,0.293044697697214,0.293044697697214,0.293044697697214,0.293044697697214,0.293044697697214,0.293044697697214,0.293044697697214,0.293044697697214,0.3678297958974191,0.0858983383460052,0.0893154330552997,0.0888435602922826,0.0847069191906169,0.0837746095804505,1.0009113997750778,0.1067978977944342,0.325979139322186,0.1228429766025351,0.9269331861005392,0.1039442138455087,0.0940481925714145,0.5235338123515605,-0.0012143130626254,-0.0013631995552911,541.0,0.0,0.6477107544433567,0.7200550744245918,0.0671148507380147,0.5993153176299014,0.4504410344368798,0.3394168925365474,0.970535745395725,0.1060291218306453,0.708691782471572,0.20436046231027,0.9481022894736189,0.5003145590931377,0.4533875913258531,0.2485016800118726,100000,30,14,0.1,1.0,0.1,0,13,0.001,1e-06,0.001,1e-07,1.0,1e-08,adamax,0,0.0,disordered,1,0.2896970586276208,0 days 16:22:05.799689,0.0012143499579113,4.483626658582466,4.430797101179209
102,102,102,102,0.1111967731120697,0.1111967731120697,0.1111967731120697,0.1111967731120697,0.1111967731120697,0.1111967731120697,0.1111967731120697,0.1111967731120697,0.1111967731120697,0.1111967731120697,0.1111967731120697,0.1111967731120697,0.1111967731120697,0.1111967731120697,0.991375425277346,0.0754398671602873,0.2714488002362685,0.0052519997727584,0.0090929032403856,0.046636886166464,1.0001042981451242,0.020085885682836,0.0559366633343318,0.0655672655401695,0.0091467670186809,0.0112759356990894,0.0029775846972026,0.0040236535197877,-0.0021385034953446,-0.0029504411610273,1788.0,0.0,0.5337793923358432,0.8643289560409935,0.0720732812115272,0.6582265017536821,0.1465543869611854,0.2250704739888461,0.8538524976332683,0.0722715630299145,0.7316708832017987,0.0578531237565792,0.5095432760207479,0.6235079875011236,0.1469985366622423,0.8021095935456756,100000,30,14,0.1,1.0,0.1,0,13,0.001,1e-06,0.001,1e-07,1.0,1e-08,adamax,0,0.0,disordered,1,0.1104946031975508,0 days 16:22:05.799689,0.0021385204086536,5.09010638063977,4.345128432581433
103,103,103,103,0.2659804395593755,0.2659804395593755,0.2659804395593755,0.2659804395593755,0.2659804395593755,0.2659804395593755,0.2659804395593755,0.2659804395593755,0.2659804395593755,0.2659804395593755,0.2659804395593755,0.2659804395593755,0.2659804395593755,0.2659804395593755,0.8178616458814023,0.156497850537916,0.2067892547544616,0.1918961257608406,0.0672183534577024,0.0667779117751426,0.075459026585732,1.0005412394386957,0.1085149937266768,0.0945352765615008,0.1287284455136876,0.0763102945753716,0.1606905467250471,0.4528667758297117,-0.0013720132359035,-0.0015110306855784,599.0,0.0,0.2210107799811463,0.475682485797211,0.2402812112931351,0.7635859224107355,0.2511413197970664,0.262182598526722,0.012176776794017,0.8998375981764654,0.0335969627568926,0.3145864476464628,0.6470071622065572,0.3320857338144194,0.5972060998913077,0.3645648731152949,100000,30,14,0.1,1.0,0.1,0,13,0.001,1e-06,0.001,1e-07,1.0,1e-08,adamax,0,0.0,disordered,1,0.2654554087767,0 days 16:22:05.799689,0.0013720143826596,4.438895143171248,4.4075812147001185
104,104,104,104,0.1747772774464679,0.1747772774464679,0.1747772774464679,0.1747772774464679,0.1747772774464679,0.1747772774464679,0.1747772774464679,0.1747772774464679,0.1747772774464679,0.1747772774464679,0.1747772774464679,0.1747772774464679,0.1747772774464679,0.1747772774464679,0.0315092168264511,0.0305233968990134,0.0321904354797208,0.2559432130107275,0.0488153628475476,0.0311111880999245,0.9898773339053066,1.0007002866274823,0.0296807414814209,0.0305694576541194,0.0300895929108551,0.0336769055901378,0.1392603392960223,0.0307914491659539,-0.0016164106575368,-0.0026691404057413,765.0,0.0,0.8799511230920498,0.1589792162923121,0.0184104311826945,0.0997000036646228,0.5239920370250133,0.592268699619776,0.8339028183744194,0.9546479818986864,0.401304424874914,0.8236951744580298,0.4051697468493412,0.3706570239468989,0.1326942880592098,0.8686533835131917,100000,30,14,0.1,1.0,0.1,0,13,0.001,1e-06,0.001,1e-07,1.0,1e-08,adamax,0,0.0,disordered,1,0.1725143579858292,0 days 16:22:05.799689,0.0016164516602263,5.936872399990799,4.831377259401462
105,105,105,105,0.2659804395593755,0.2659804395593755,0.2659804395593755,0.2659804395593755,0.2659804395593755,0.2659804395593755,0.2659804395593755,0.2659804395593755,0.2659804395593755,0.2659804395593755,0.2659804395593755,0.2659804395593755,0.2659804395593755,0.2659804395593755,0.6526783560645234,0.307357564858541,0.1523369115567743,0.5772296612223216,0.0805170850745752,0.0872202790658811,0.3838209618792716,0.076067358118855,0.9905167547115344,0.0917796884276642,0.0886604845073706,1.00155172295672,0.0802894605846362,0.0687003911254854,-0.0013052019533804,-0.0015567458680217,600.0,0.0,0.3361072638152569,0.6466911011130169,0.5171654789011755,0.9968375249315816,0.2556339822243743,0.5514986455993405,0.7896322571214801,0.1910809996479252,0.8231738011496573,0.5581697323222211,0.103519069386064,0.9680567674181526,0.4118515661605675,0.475406182769067,100000,30,14,0.1,1.0,0.1,0,13,0.001,1e-06,0.001,1e-07,1.0,1e-08,adamax,0,0.0,disordered,1,0.266199359353906,0 days 16:22:05.799689,0.0013052021873531,4.439427626305697,4.308602410008579
106,106,106,106,0.1692220351641035,0.1692220351641035,0.1692220351641035,0.1692220351641035,0.1692220351641035,0.1692220351641035,0.1692220351641035,0.1692220351641035,0.1692220351641035,0.1692220351641035,0.1692220351641035,0.1692220351641035,0.1692220351641035,0.1692220351641035,0.3979267052891834,0.0272361447905485,0.0277115273386827,0.4667086567736186,0.0281316474113885,0.0272392269861801,0.038799410018052,0.0327486869668074,1.000142094138145,0.0270399506178498,0.0317614161477389,0.0272187665664835,0.0276056203253211,0.4204626198206681,-0.0017367579913946,-0.0020997463439862,797.0,0.0,0.7844622831603345,0.9646372922171242,0.2455385262562845,0.1361654883223276,0.7447308953008215,0.6770375078933076,0.4465205431987034,0.6476068992896135,0.9441499806395016,0.8419109783899698,0.5682197133325374,0.9086267688539756,0.9129114718218536,0.7711556229430179,100000,30,14,0.1,1.0,0.1,0,13,0.001,1e-06,0.001,1e-07,1.0,1e-08,adamax,0,0.0,disordered,1,0.1695892930276184,0 days 16:22:05.799689,0.0017367595210832,5.09378140102832,4.348736442791847
107,107,107,107,0.2414157116103016,0.2414157116103016,0.2414157116103016,0.2414157116103016,0.2414157116103016,0.2414157116103016,0.2414157116103016,0.2414157116103016,0.2414157116103016,0.2414157116103016,0.2414157116103016,0.2414157116103016,0.2414157116103016,0.2414157116103016,0.6685111134231647,0.2366595452397496,0.7298164875966745,0.9927079303871952,0.0601019110501369,1.0009048804888667,0.9368690711984856,0.0588373866486531,0.0732833394185736,0.0916547819392864,0.0997557451920738,0.108405527272572,0.1536118350708107,0.0708548092019338,-0.0015305233966801,-0.0018764569612383,623.0,0.0,0.1185609555698687,0.5617089206843101,0.6072668886067614,0.87933478726849,0.5162298994322575,0.6125897757826202,0.7151638936978153,0.0838712936818407,0.056342943723363,0.0303978264254882,0.1068354634281478,0.2554841462687353,0.0483867910215433,0.5964463432981612,100000,30,14,0.1,1.0,0.1,0,13,0.001,1e-06,0.001,1e-07,1.0,1e-08,adamax,0,0.0,disordered,1,0.2452397372182032,0 days 16:22:05.799689,0.0015306186354559,4.936732760203309,4.535928865822332
108,108,108,108,0.1747772774464679,0.1747772774464679,0.1747772774464679,0.1747772774464679,0.1747772774464679,0.1747772774464679,0.1747772774464679,0.1747772774464679,0.1747772774464679,0.1747772774464679,0.1747772774464679,0.1747772774464679,0.1747772774464679,0.1747772774464679,0.1268979311852081,0.1615374107202335,0.3083354627507745,0.1063967502630483,0.0518132959007259,0.1995387018381823,0.7654112751887443,1.0001741280099632,0.0808474986599236,0.0291390778084128,0.1113074743949159,0.0720341927594909,0.0365784812184744,0.2138133532187605,-0.0016876577965106,-0.0020326620521817,776.0,0.0,0.5722891842830293,0.4552914594104414,0.0089493536422102,0.519182761157155,0.1263686231862464,0.0051056795481539,0.7962273903844265,0.9106530114529016,0.0723200974103522,0.658998149581024,0.0532868940139118,0.5821887559626637,0.6239116307216966,0.5867520196653536,100000,30,14,0.1,1.0,0.1,0,13,0.001,1e-06,0.001,1e-07,1.0,1e-08,adamax,0,0.0,disordered,1,0.1773073296250612,0 days 16:22:05.799689,0.0016877173718934,4.827967775726378,4.694341615585914
109,109,109,109,0.4317879727332017,0.4317879727332017,0.4317879727332017,0.4317879727332017,0.4317879727332017,0.4317879727332017,0.4317879727332017,0.4317879727332017,0.4317879727332017,0.4317879727332017,0.4317879727332017,0.4317879727332017,0.4317879727332017,0.4317879727332017,0.1113024987008944,0.1229298532924426,0.1401110020600791,0.106438581100474,0.126415043447484,0.1083799620931738,0.1180897281702751,0.1061215003321822,0.1418951026330685,0.1510716996835186,0.1427737880073801,0.1293122839046327,0.2611255089040896,1.000250384376549,-0.0010208963086068,-0.00119330920447,609.0,0.0,0.9903001071880349,0.6136513534513286,0.1661334633397303,0.9328109107570048,0.29901133171327,0.5394260265834436,0.4325121818691179,0.8067388614302226,0.0840030486225367,0.3676129766955708,0.4427155432827598,0.5974138281036413,0.9079079158391044,0.3014981368667159,100000,30,14,0.1,1.0,0.1,0,13,0.001,1e-06,0.001,1e-07,1.0,1e-08,adamax,0,0.0,disordered,1,0.4311575166585442,0 days 16:22:05.799689,0.0010208972362463,4.755869472259896,4.68216879309232
110,110,110,110,0.31260072430687,0.31260072430687,0.31260072430687,0.31260072430687,0.31260072430687,0.31260072430687,0.31260072430687,0.31260072430687,0.31260072430687,0.31260072430687,0.31260072430687,0.31260072430687,0.31260072430687,0.31260072430687,0.7847599762840911,0.1003861086497489,0.1323311351648637,0.0988734582739535,0.0969614522494384,0.7228234488254736,0.0984017659441582,1.001035048340676,0.2203969556333045,0.0961518467988317,0.1246117180616672,0.6097906922563955,0.0979960209463791,0.5433164302214815,-0.0011465986847819,-0.001251221832368,513.0,0.0,0.3455366874625925,0.6720061274811792,0.2089574176435983,0.5098825266275231,0.3197210689074721,0.6237500993301396,0.5805693899218535,0.6859106949974794,0.4296962777480695,0.2336463865548357,0.0146175265289446,0.6015984339091843,0.2248147000656325,0.0048262758819638,100000,30,14,0.1,1.0,0.1,0,13,0.001,1e-06,0.001,1e-07,1.0,1e-08,adamax,0,0.0,disordered,1,0.3102142854479173,0 days 16:22:05.799689,0.0011466151751209,4.13014683208992,4.121286303992145
111,111,111,111,0.2054117348353062,0.2054117348353062,0.2054117348353062,0.2054117348353062,0.2054117348353062,0.2054117348353062,0.2054117348353062,0.2054117348353062,0.2054117348353062,0.2054117348353062,0.2054117348353062,0.2054117348353062,0.2054117348353062,0.2054117348353062,0.8281669945110348,0.6070844400568977,0.183575200703128,0.1241740761246265,0.2449184041099788,0.0766595198836507,0.0579759285353766,0.0515925697378112,0.0434355198167934,1.0019402449800168,0.9787927797506528,0.0418820669895786,0.0431120664415478,0.0417149574600838,-0.0015971960927818,-0.0022236928355914,692.0,0.0,0.3750287433963313,0.2741317771676971,0.6827360577876453,0.2977948399612876,0.3676598657762004,0.7239127119229027,0.6741544028160474,0.1607312564006348,0.5868115455253371,0.9328341831477888,0.9093519296579587,0.8493826043383815,0.2820135684768482,0.9595891417266345,100000,30,14,0.1,1.0,0.1,0,13,0.001,1e-06,0.001,1e-07,1.0,1e-08,adamax,0,0.0,disordered,1,0.2082276358443116,0 days 16:22:05.799689,0.0015972721296127,4.506211748120895,4.178204908303663
112,112,112,112,0.2493409369951876,0.2493409369951876,0.2493409369951876,0.2493409369951876,0.2493409369951876,0.2493409369951876,0.2493409369951876,0.2493409369951876,0.2493409369951876,0.2493409369951876,0.2493409369951876,0.2493409369951876,0.2493409369951876,0.2493409369951876,0.7787999986645235,0.2823676688179283,0.4554809794968016,0.1925027474976567,0.2366107556278652,0.1442030897021797,0.0775436178552641,0.9938104292514848,0.0881727103416533,0.1412628652206277,1.000125218300502,0.3541497964336361,0.0993423958389626,0.1006542076233102,-0.0013378401282518,-0.0014616488483646,607.0,0.0,0.1996494980015776,0.4018801330862289,0.1141341583754927,0.5656113337886529,0.7226522394674271,0.6876340767555652,0.007187578936125,0.98246869559216,0.310009802920434,0.7413852582866136,0.9266026353270806,0.7801669171634159,0.5232404430410416,0.5386586716387549,100000,30,14,0.1,1.0,0.1,0,13,0.001,1e-06,0.001,1e-07,1.0,1e-08,adamax,0,0.0,disordered,1,0.2497505075676339,0 days 16:22:05.799689,0.0013378411689445,4.2463982376610785,4.103742281219046
113,113,113,113,0.3026648059395688,0.3026648059395688,0.3026648059395688,0.3026648059395688,0.3026648059395688,0.3026648059395688,0.3026648059395688,0.3026648059395688,0.3026648059395688,0.3026648059395688,0.3026648059395688,0.3026648059395688,0.3026648059395688,0.3026648059395688,1.0014994028298432,0.635155861166933,0.150040392815466,0.0933933351213187,0.0910716798412,0.089040777735791,0.095082582586729,0.5196129152885712,0.1109025152927446,0.10425483301712,0.1566476036703572,0.1043757952825027,0.2866468759266285,0.4689926989680282,-0.0012272811032635,-0.001344371246237,532.0,0.0,0.1437732186149335,0.3820729563996142,0.8225019757503876,0.6811834984210781,0.6635233381008597,0.6814304294317084,0.34954178502582,0.9802030403849948,0.3362982768544122,0.1871303691083415,0.668718141104379,0.1691920119746617,0.9752731285769424,0.575521730097716,100000,30,14,0.1,1.0,0.1,0,13,0.001,1e-06,0.001,1e-07,1.0,1e-08,adamax,0,0.0,disordered,1,0.3068324229364473,0 days 16:22:05.799689,0.0012273374808302,4.374039155172494,4.347945532800954
114,114,114,114,0.367392478180207,0.367392478180207,0.367392478180207,0.367392478180207,0.367392478180207,0.367392478180207,0.367392478180207,0.367392478180207,0.367392478180207,0.367392478180207,0.367392478180207,0.367392478180207,0.367392478180207,0.367392478180207,0.1370133080059319,0.136946578553705,1.0017763750195643,0.1351048199426457,0.135605341831672,0.9941509135481584,0.9797459402976056,0.9654690774546926,0.1349159476560174,0.9897625349452164,0.6391376330686586,1.0021013920434476,0.1359836727849609,0.1698255628260271,-0.0009772682375996,-0.0011545569205987,440.0,0.0,0.1201417383412377,0.0236185122231495,0.6012062097735446,0.0421495147407849,0.0524429278030924,0.4124428301893003,0.4482890215201537,0.8289626115560034,0.1293951612755517,0.8683324006829127,0.4050021225416482,0.852980275804317,0.1513459287390148,0.0480696667768623,100000,30,14,0.1,1.0,0.1,0,13,0.001,1e-06,0.001,1e-07,1.0,1e-08,adamax,0,0.0,disordered,1,0.3660982551193276,0 days 16:22:05.799689,0.0009772705483254,4.917548758705831,4.407314372886248
115,115,115,115,0.1487115462808952,0.1487115462808952,0.1487115462808952,0.1487115462808952,0.1487115462808952,0.1487115462808952,0.1487115462808952,0.1487115462808952,0.1487115462808952,0.1487115462808952,0.1487115462808952,0.1487115462808952,0.1487115462808952,0.1487115462808952,0.0309067724067361,0.0521894236430971,0.2755219008622863,1.0017805917690552,0.9949876123527146,0.0415065321400947,0.0228698828538863,0.0226831740132443,0.0222434392607263,0.9781493031574344,0.0273181051151189,0.0265344137589518,0.0244902399907065,0.0224682211868129,-0.0018812129663301,-0.0028584143187067,828.0,0.0,0.4358259875344775,0.2156529926634499,0.4782527400504889,0.8201964792407497,0.8854287803570929,0.0868148262342157,0.2570898639873892,0.3048608686626178,0.1743675687195556,0.4670284280399481,0.0535861127015699,0.197278859615948,0.065128392987102,0.4569324761981242,100000,30,14,0.1,1.0,0.1,0,13,0.001,1e-06,0.001,1e-07,1.0,1e-08,adamax,0,0.0,disordered,1,0.1477548633738695,0 days 16:22:05.799689,0.0018812266341288,4.949032580160041,4.73277707692731
116,116,116,116,0.2659804395593755,0.2659804395593755,0.2659804395593755,0.2659804395593755,0.2659804395593755,0.2659804395593755,0.2659804395593755,0.2659804395593755,0.2659804395593755,0.2659804395593755,0.2659804395593755,0.2659804395593755,0.2659804395593755,0.2659804395593755,0.1581115309815462,0.2537326033968108,0.0345444095011476,0.0129943016686929,0.2332100699022158,0.0192326223408968,0.0160699832133178,0.0257095552999584,0.0626269668837438,1.000139444555005,0.402887874849979,0.322929020746202,0.0353568174043523,0.4922114309976185,-0.0011704452628762,-0.0012505083467387,1385.0,0.0,0.9399879068391092,0.1531331495662983,0.8871418143478639,0.3157644446371223,0.7471306209072098,0.8426267670549912,0.6050421877711433,0.7192556857432617,0.6321210957287544,0.930584437182522,0.77873739577466,0.4202621431901127,0.2909495185500346,0.1568346606596754,100000,30,14,0.1,1.0,0.1,0,13,0.001,1e-06,0.001,1e-07,1.0,1e-08,adamax,0,0.0,disordered,1,0.268851318655657,0 days 16:22:05.799689,0.0011704774486769,3.848759798989408,4.094331863283368
117,117,117,117,0.2263129568399526,0.2263129568399526,0.2263129568399526,0.2263129568399526,0.2263129568399526,0.2263129568399526,0.2263129568399526,0.2263129568399526,0.2263129568399526,0.2263129568399526,0.2263129568399526,0.2263129568399526,0.2263129568399526,0.2263129568399526,0.1609839079646314,0.2473028858744636,0.3655129489902188,0.8395965742148,0.7464460763041239,0.0513427670976687,0.9912934560122412,0.0522533317499801,0.0505214915876419,1.0006565086349717,0.4159948272689647,0.0723951438112607,0.0697990998043481,0.053382594487723,-0.0015735120821082,-0.0019153244905315,653.0,0.0,0.5121337977031166,0.2291368689240009,0.2348572092197005,0.8820484141316075,0.6997460033703966,0.5394646261123279,0.8431326722381455,0.5253805104147993,0.3944293509038648,0.6855071109125144,0.6087880351081263,0.2085078479663953,0.3185811314592214,0.5609879301131608,100000,30,14,0.1,1.0,0.1,0,13,0.001,1e-06,0.001,1e-07,1.0,1e-08,adamax,0,0.0,disordered,1,0.2240537626833039,0 days 16:22:05.799689,0.0015735465030758,4.630640141442863,4.35577568809149
118,118,118,118,0.4913407286296357,0.4913407286296357,0.4913407286296357,0.4913407286296357,0.4913407286296357,0.4913407286296357,0.4913407286296357,0.4913407286296357,0.4913407286296357,0.4913407286296357,0.4913407286296357,0.4913407286296357,0.4913407286296357,0.4913407286296357,1.0005470887661856,0.2413927400048539,0.3864070395742074,0.2424640908334192,0.3837107878565954,0.2403999090486574,0.2602527887467247,0.2358927244136235,0.2393480078380392,0.2535589396301674,0.2704134823478301,0.2604670770092815,0.7150195946059854,0.7574342521258672,-0.00081094714229,-0.0008839315490443,317.0,0.0,0.2186413794508285,0.9168829225602444,0.0443029206182613,0.8763618463029645,0.9799138945563578,0.6152402498943469,0.2118946172780164,0.8097544677218037,0.4413341943052026,0.7124486303836971,0.3226652389525126,0.2214514698981701,0.9542381762038586,0.0757471606529122,100000,30,14,0.1,1.0,0.1,0,13,0.001,1e-06,0.001,1e-07,1.0,1e-08,adamax,0,0.0,disordered,1,0.4890397924904402,0 days 16:22:05.799689,0.0008109502442969,4.257097215510201,4.449008072659524
119,119,119,119,0.3228628202536728,0.3228628202536728,0.3228628202536728,0.3228628202536728,0.3228628202536728,0.3228628202536728,0.3228628202536728,0.3228628202536728,0.3228628202536728,0.3228628202536728,0.3228628202536728,0.3228628202536728,0.3228628202536728,0.3228628202536728,1.0020822568149852,0.4053296918720136,0.1077318340454939,0.105068962760713,0.1074414121336223,0.1135147440812215,0.1239756927220723,0.201933674217361,0.1108310325349457,1.0003315235072483,0.1032129366206006,0.7178115922233326,0.1035024351067535,0.1041530565571659,-0.0012013779009261,-0.0014687690534611,493.0,0.0,0.0580890142398927,0.7827809055843171,0.7755035132004612,0.311476070621168,0.3740591998252107,0.6879268482728742,0.5997951354240146,0.6484783877139965,0.4353325034398152,0.9802432834230916,0.1479879525046613,0.6317385122222028,0.2061123790086017,0.3348588103989253,100000,30,14,0.1,1.0,0.1,0,13,0.001,1e-06,0.001,1e-07,1.0,1e-08,adamax,0,0.0,disordered,1,0.3220411648384461,0 days 16:22:05.799689,0.0012013808999184,4.2178559750050395,4.263209781947673
120,120,120,120,0.2747120789270809,0.2747120789270809,0.2747120789270809,0.2747120789270809,0.2747120789270809,0.2747120789270809,0.2747120789270809,0.2747120789270809,0.2747120789270809,0.2747120789270809,0.2747120789270809,0.2747120789270809,0.2747120789270809,0.2747120789270809,1.0001452979260437,0.312543391144268,0.0546285262380524,0.0940946744231613,0.064685693200462,0.0646068849847956,0.0530179934263083,0.0572561045962787,0.0638036230494659,0.073890795687487,0.0983085847335947,0.0722077850518089,0.3113135630591241,0.4342379445704781,-0.001286873829771,-0.0014780885342391,713.0,0.0,0.2975240377828509,0.8251332946474925,0.5799405734400951,0.3307931135673814,0.5355832957790975,0.4612390833904831,0.5441377875523028,0.2375414068801772,0.3740625086331685,0.4584177799823629,0.0831945352188586,0.0143439525158265,0.5936357353255101,0.2070699824562814,100000,30,14,0.1,1.0,0.1,0,13,0.001,1e-06,0.001,1e-07,1.0,1e-08,adamax,0,0.0,disordered,1,0.2708605737754653,0 days 16:22:05.799689,0.0012869220667845,4.0101049940257925,4.2136645918925995
121,121,121,121,0.333461801578636,0.333461801578636,0.333461801578636,0.333461801578636,0.333461801578636,0.333461801578636,0.333461801578636,0.333461801578636,0.333461801578636,0.333461801578636,0.333461801578636,0.333461801578636,0.333461801578636,0.333461801578636,0.1110374103946172,0.1115259556853368,0.1163999082179849,0.1138412288413543,0.1112768554823391,0.1359648324655563,0.1163368501428488,0.1162742298438151,0.1114294035714725,0.9842132611168348,0.256518799412105,0.1203781328480875,1.0005273785733029,0.2964914209348377,-0.0009668878680391,-0.0011825518305258,476.0,0.0,0.8021815598294975,0.0250590579178283,0.2232035242133819,0.629867870135683,0.1319975124791029,0.4207087845975831,0.2982748638429793,0.2685307756252719,0.2349098781636482,0.9759423060107242,0.3196653215726728,0.1178753135315892,0.9152367962235946,0.1583504969113206,100000,30,14,0.1,1.0,0.1,0,13,0.001,1e-06,0.001,1e-07,1.0,1e-08,adamax,0,0.0,disordered,1,0.3382598478746817,0 days 16:22:05.799689,0.0009669116182584,4.455381670363323,4.639749980364868
122,122,122,122,0.4317879727332017,0.4317879727332017,0.4317879727332017,0.4317879727332017,0.4317879727332017,0.4317879727332017,0.4317879727332017,0.4317879727332017,0.4317879727332017,0.4317879727332017,0.4317879727332017,0.4317879727332017,0.4317879727332017,0.4317879727332017,0.2777231467976088,0.2074594812512402,0.2061415317316699,0.2006467509523571,0.1556807397519497,0.190686207162592,0.1495053722484687,0.1485256808567822,0.1606124010714375,0.4274932021713947,0.1931378308337462,0.1537353611371064,0.2374481679476394,1.0000662628162849,-0.0009755434113579,-0.0010959705284877,463.0,0.0,0.7366984727215286,0.6588236811461464,0.7176553027169862,0.7733546933724372,0.1803030141992587,0.0373033824959746,0.430733016562524,0.4448800669236115,0.2366174382110738,0.8100134516481061,0.1090222125241248,0.4975099164328231,0.5284651505940233,0.0093609338845411,100000,30,14,0.1,1.0,0.1,0,13,0.001,1e-06,0.001,1e-07,1.0,1e-08,adamax,0,0.0,disordered,1,0.4309357902465646,0 days 16:22:05.799689,0.0009755443748954,4.423451145829322,4.496738749592162
123,123,123,123,0.2659804395593755,0.2659804395593755,0.2659804395593755,0.2659804395593755,0.2659804395593755,0.2659804395593755,0.2659804395593755,0.2659804395593755,0.2659804395593755,0.2659804395593755,0.2659804395593755,0.2659804395593755,0.2659804395593755,0.2659804395593755,0.0706061923809722,0.0702127116685383,0.0702771082303903,0.0720050282939436,0.0713063528359051,0.0710315655947032,0.0707982698784673,0.0698816461205836,0.0694816452909281,0.0697073626345193,1.0019498177819863,0.0704989921281101,0.0729584762810397,0.5827698559770027,-0.0013873722429906,-0.0017690251786824,579.0,0.0,0.8109055433193368,0.3581794790344946,0.4580439539978584,0.1608263990130709,0.3991063375864195,0.4525286946393249,0.6023069119094718,0.035474026553562,0.4274371712514283,0.4890100407897844,0.952522855058305,0.5957157030603453,0.6857109384559829,0.4401872814632463,100000,30,14,0.1,1.0,0.1,0,13,0.001,1e-06,0.001,1e-07,1.0,1e-08,adamax,0,0.0,disordered,1,0.2658723355274068,0 days 16:22:05.799689,0.0013873723325912,4.872060438857145,4.622228889736782
124,124,124,124,0.2121550171362449,0.2121550171362449,0.2121550171362449,0.2121550171362449,0.2121550171362449,0.2121550171362449,0.2121550171362449,0.2121550171362449,0.2121550171362449,0.2121550171362449,0.2121550171362449,0.2121550171362449,0.2121550171362449,0.2121550171362449,1.0011616690137397,0.1745589780352216,0.465931923611816,0.0785822299116344,0.0419630986544885,0.0408448505491503,0.0430215328041331,0.0404118367645682,0.0475945293264788,0.1303680983998565,0.0437018915336918,0.0976536182712145,0.0724226108939311,0.4058703027773094,-0.0015300483140287,-0.0017275331018512,719.0,0.0,0.4937840073436988,0.9825465245862512,0.4150828601514071,0.9937436869423648,0.6094596160979363,0.9163674550166016,0.5768442817305188,0.8217032618458111,0.8222158042742835,0.3857264901761283,0.3292363001418678,0.9395865128303924,0.3293178926786093,0.783446533920661,100000,30,14,0.1,1.0,0.1,0,13,0.001,1e-06,0.001,1e-07,1.0,1e-08,adamax,0,0.0,disordered,1,0.2137962290679436,0 days 16:22:05.799689,0.0015300665725561,3.9187455875644615,4.164016143123611
125,125,125,125,0.2054117348353062,0.2054117348353062,0.2054117348353062,0.2054117348353062,0.2054117348353062,0.2054117348353062,0.2054117348353062,0.2054117348353062,0.2054117348353062,0.2054117348353062,0.2054117348353062,0.2054117348353062,0.2054117348353062,0.2054117348353062,0.867536787279272,0.2935346178736918,0.311096417841082,0.3299776824645685,0.3889906893481304,1.00002178745586,0.1228365401916387,0.0467955880469961,0.0460216973521042,0.40724201110985,0.0422541745657281,0.0479678507722799,0.149070893620897,0.0434491977032079,-0.0014917429512473,-0.0018905522111493,687.0,0.0,0.1774196680395805,0.4891163999656509,0.3778665678222679,0.2759589605081787,0.2380782979215288,0.96516904812237,0.6688371881424954,0.4650183949765281,0.5728452462119683,0.8455036735849303,0.6768301855369802,0.128394532188094,0.2108679393843456,0.8913321666978421,100000,30,14,0.1,1.0,0.1,0,13,0.001,1e-06,0.001,1e-07,1.0,1e-08,adamax,0,0.0,disordered,1,0.2071379129781007,0 days 16:22:05.799689,0.0014917622519604,4.5069795651247295,4.347776585613563
126,126,126,126,0.3026648059395688,0.3026648059395688,0.3026648059395688,0.3026648059395688,0.3026648059395688,0.3026648059395688,0.3026648059395688,0.3026648059395688,0.3026648059395688,0.3026648059395688,0.3026648059395688,0.3026648059395688,0.3026648059395688,0.3026648059395688,0.3652260257772748,0.093351935088171,0.0916574889677924,0.0922112363912391,0.091688531066409,0.0916672826307118,0.6173416290346488,0.091285334394798,0.977805816620668,0.0914007378524955,0.0915879730991844,1.001384011631277,0.232932427594101,0.0935472390229175,-0.0013228990025621,-0.0018058658993617,524.0,0.0,0.5576828798014435,0.5904742904835077,0.1629920281794145,0.1370148768163365,0.2166959455232863,0.3254470036324582,0.5589067116449552,0.3724356813618187,0.6775240946536062,0.4312975026180609,0.5143280187607449,0.9518875125215324,0.0422314303022974,0.6368393993461833,100000,30,14,0.1,1.0,0.1,0,13,0.001,1e-06,0.001,1e-07,1.0,1e-08,adamax,0,0.0,disordered,1,0.2986415328102427,0 days 16:22:05.799689,0.0013229588390585,4.8101998161401465,4.579582653336657
127,127,127,127,0.0779441575040493,0.0779441575040493,0.0779441575040493,0.0779441575040493,0.0779441575040493,0.0779441575040493,0.0779441575040493,0.0779441575040493,0.0779441575040493,0.0779441575040493,0.0779441575040493,0.0779441575040493,0.0779441575040493,0.0779441575040493,0.4448963917805955,1.0003557703062684,0.0695625542003909,0.3800171143164421,0.0058683230176597,0.0345049639545756,0.0071912642097915,0.0066091561811497,0.0719364060683653,0.0596623524266717,0.0508862811597988,0.0071277490269581,0.0055348186077782,0.0077777451019047,-0.0028145990758172,-0.0038325873607774,1176.0,0.0,0.73620322449266,0.1801180898408009,0.8605060156171978,0.1228417003009307,0.8087761926475169,0.1927105408106034,0.4263224339622773,0.3955381334147549,0.5723300230934486,0.6346187417687575,0.0404595103490741,0.814818387646713,0.5264111815609723,0.91849143804291,100000,30,14,0.1,1.0,0.1,0,13,0.001,1e-06,0.001,1e-07,1.0,1e-08,adamax,0,0.0,disordered,1,0.077998050807003,0 days 16:22:05.799689,0.002814599375253,4.6932038087412185,4.34108847386485
128,128,128,128,0.5591070776755287,0.5591070776755287,0.5591070776755287,0.5591070776755287,0.5591070776755287,0.5591070776755287,0.5591070776755287,0.5591070776755287,0.5591070776755287,0.5591070776755287,0.5591070776755287,0.5591070776755287,0.5591070776755287,0.5591070776755287,1.000604605512434,0.5177554609037694,0.2941473318734766,0.3186950409422888,0.3244197145282596,0.3247416092455826,0.2913704942100244,0.3260288109666501,0.2936785093239032,0.3030304643026364,0.2922646881523099,0.3058601074692562,0.5097396941791072,0.9780750301876204,-0.0008040138454925,-0.0008717618139995,282.0,0.0,0.1689751393360372,0.4443163223170702,0.9554762399933886,0.6346789436606832,0.5071377741957223,0.470279083869187,0.9150857305175504,0.0077227771562485,0.9905345325286374,0.4708746949087971,0.8217513147384797,0.4833469202236423,0.8269340621207426,0.0984383469262281,100000,30,14,0.1,1.0,0.1,0,13,0.001,1e-06,0.001,1e-07,1.0,1e-08,adamax,0,0.0,disordered,1,0.5615144566612543,0 days 16:22:05.799689,0.0008040183283642,4.2420496783097805,4.413707016013572
129,129,129,129,0.2337423870891812,0.2337423870891812,0.2337423870891812,0.2337423870891812,0.2337423870891812,0.2337423870891812,0.2337423870891812,0.2337423870891812,0.2337423870891812,0.2337423870891812,0.2337423870891812,0.2337423870891812,0.2337423870891812,0.2337423870891812,1.0003197475464387,0.2016328518116755,0.053338804245024,0.0686884195614813,0.1587077854569124,0.0535939889228544,0.0634577848086886,0.0761574992805376,0.096663608896563,0.1057803209098147,0.1081478167877915,0.0551676115159688,0.0726187921283948,0.5173649547306391,-0.001452265266815,-0.0016836796077133,644.0,0.0,0.4256807315757339,0.770104221625241,0.996373483546578,0.5131814983831814,0.0743252973503707,0.7475382834694912,0.6482748545633997,0.1496609131895748,0.2096219217272472,0.5019083405080652,0.1662058939666842,0.9165163716026364,0.9907703113194848,0.7523977700633425,100000,30,14,0.1,1.0,0.1,0,13,0.001,1e-06,0.001,1e-07,1.0,1e-08,adamax,0,0.0,disordered,1,0.2324849692977139,0 days 16:22:05.799689,0.001452273738307,5.1115680712587235,4.646342014084552
130,130,130,130,0.0754667263084388,0.0754667263084388,0.0754667263084388,0.0754667263084388,0.0754667263084388,0.0754667263084388,0.0754667263084388,0.0754667263084388,0.0754667263084388,0.0754667263084388,0.0754667263084388,0.0754667263084388,0.0754667263084388,0.0754667263084388,0.2988578295956137,0.0090403920750917,1.000280385206325,0.0134749923973651,0.0333157087348921,0.0055122222974123,0.0054864127824868,0.005531656917181,0.006067726623658,0.0057060383548142,0.030322247153085,0.0112343282026324,0.0885766647656739,0.0083049707435201,-0.0023020427628006,-0.0029009948186831,1136.0,0.0,0.8439922733623291,0.3312196221219013,0.1066804343937446,0.7290186157281227,0.7939751161719123,0.6947801346813404,0.177051440159458,0.0266906115312945,0.5545568602357631,0.1499206963694241,0.294693182079087,0.4764056245886261,0.2509043791169674,0.932818986572725,100000,30,14,0.1,1.0,0.1,0,13,0.001,1e-06,0.001,1e-07,1.0,1e-08,adamax,0,0.0,disordered,1,0.0760852313616858,0 days 16:22:05.799689,0.0023020654905376,5.376648266034907,5.055163020465353
131,131,131,131,0.1864408533970484,0.1864408533970484,0.1864408533970484,0.1864408533970484,0.1864408533970484,0.1864408533970484,0.1864408533970484,0.1864408533970484,0.1864408533970484,0.1864408533970484,0.1864408533970484,0.1864408533970484,0.1864408533970484,0.1864408533970484,1.0000121190703035,0.3532242981158826,0.6441799310139876,0.0446456887588567,0.0356421424344931,0.0281263313092755,0.0183066278383244,0.0202749112993973,0.3098652979125441,0.1661327609805972,0.0216822952964967,0.0208871097381243,0.0294359398007909,0.3551992642810708,-0.0016534995941076,-0.0019951853437284,1077.0,0.0,0.3214092379050743,0.5609602809118995,0.9729887653335408,0.6708927172949258,0.3857643810724636,0.7530443630890749,0.193543124298731,0.103977241662804,0.038779099627476,0.6678087656439216,0.657988078578443,0.670959148799725,0.6733965454081345,0.5827774663664507,100000,30,14,0.1,1.0,0.1,0,13,0.001,1e-06,0.001,1e-07,1.0,1e-08,adamax,0,0.0,disordered,1,0.1867490383668444,0 days 16:22:05.799689,0.0016535003963982,3.9780836128599755,4.212583971593756
132,132,132,132,0.4047756965997316,0.4047756965997316,0.4047756965997316,0.4047756965997316,0.4047756965997316,0.4047756965997316,0.4047756965997316,0.4047756965997316,0.4047756965997316,0.4047756965997316,0.4047756965997316,0.4047756965997316,0.4047756965997316,0.4047756965997316,0.1002079462336873,0.0996773520925029,0.1235401625324812,0.1666253423088076,0.1836850344464634,0.160319563014726,0.1515180684251577,0.1712800246410983,0.1367714901182091,0.1010317982502073,0.1030013855654728,0.1392326037730303,0.2598364817235404,1.0003012925869006,-0.0009910250092527,-0.0011544472360499,609.0,0.0,0.9417557313138412,0.4598379478447295,0.1233252313945793,0.2499942574141122,0.4083691459001147,0.6123203267135688,0.3577362877443939,0.4357099077651283,0.2935833985092709,0.7277334408157906,0.845134155030783,0.338783613064323,0.8003503170635864,0.1970847602580898,100000,30,14,0.1,1.0,0.1,0,13,0.001,1e-06,0.001,1e-07,1.0,1e-08,adamax,0,0.0,disordered,1,0.4103023454010712,0 days 16:22:05.799689,0.0009910662780642,5.144005177828677,4.637560137629708
133,133,133,133,0.2575263326771198,0.2575263326771198,0.2575263326771198,0.2575263326771198,0.2575263326771198,0.2575263326771198,0.2575263326771198,0.2575263326771198,0.2575263326771198,0.2575263326771198,0.2575263326771198,0.2575263326771198,0.2575263326771198,0.2575263326771198,0.0968885368256166,0.0654522763109512,0.1019868129798842,0.0670463557036474,0.06551919056407,0.0655878276720601,0.0744655595979649,0.0713534768039733,0.0661002706685523,1.0009392121143794,0.0941100029664848,0.0739655058676347,0.290886589821104,0.327030355079809,-0.0012903133192933,-0.0015248348353064,591.0,0.0,0.9749271752625236,0.356152860257068,0.6614055922360822,0.6022105897609114,0.0821534229842885,0.5858340924685699,0.0466246723891885,0.4855800778680106,0.5371882984053611,0.951997611074012,0.182133745387985,0.0485946351976115,0.6269918487949945,0.3099575823858593,100000,30,14,0.1,1.0,0.1,0,13,0.001,1e-06,0.001,1e-07,1.0,1e-08,adamax,0,0.0,disordered,1,0.2606137507899311,0 days 16:22:05.799689,0.0012903433851419,4.733930732507713,4.712423952741965
134,134,134,134,0.1394082826282576,0.1394082826282576,0.1394082826282576,0.1394082826282576,0.1394082826282576,0.1394082826282576,0.1394082826282576,0.1394082826282576,0.1394082826282576,0.1394082826282576,0.1394082826282576,0.1394082826282576,0.1394082826282576,0.1394082826282576,0.5770819156183806,0.6329765051834022,0.144502507506452,0.3447352216715507,0.1228543944875246,0.0337755512014848,0.4618200681181702,0.032193990721536,0.0203709576880185,1.0001703925706982,0.101682691123338,0.0123273820623242,0.0163211037319201,0.0158581672262197,-0.0020910269464407,-0.0026474107453375,1114.0,0.0,0.5502766895860995,0.2555058305220564,0.690354676478183,0.1258208526893879,0.5118869253857486,0.7715420836198362,0.892247253863254,0.3278519753616105,0.5487013173130514,0.9531344850851424,0.1384454988354615,0.830214191649277,0.7327395107432352,0.9660335288182658,100000,30,14,0.1,1.0,0.1,0,13,0.001,1e-06,0.001,1e-07,1.0,1e-08,adamax,0,0.0,disordered,1,0.1383342860161431,0 days 16:22:05.799689,0.0020910536139801,4.462885190232762,4.038229238260502
135,135,135,135,0.5074705239490462,0.5074705239490462,0.5074705239490462,0.5074705239490462,0.5074705239490462,0.5074705239490462,0.5074705239490462,0.5074705239490462,0.5074705239490462,0.5074705239490462,0.5074705239490462,0.5074705239490462,0.5074705239490462,0.5074705239490462,0.5858453384494937,0.3005568463768144,0.206166670032063,0.2466717850828876,0.2559431662079482,0.1449027042989117,0.1698559435038797,0.1538538109073516,0.1457954350762763,0.1583712189574583,0.1446738211060983,0.1135300485960128,0.5337055681306575,1.000106222537985,-0.0008927135840824,-0.0009896130660322,739.0,0.0,0.4885474892180693,0.4552687916562221,0.5453349965360131,0.3611917337246968,0.0583130261082898,0.5685933037770732,0.3898531222958959,0.5053216831123871,0.6995514146566701,0.3938181735900791,0.1621186463421164,0.8307599058240421,0.9442078856421376,0.2347843226477063,100000,30,14,0.1,1.0,0.1,0,13,0.001,1e-06,0.001,1e-07,1.0,1e-08,adamax,0,0.0,disordered,1,0.5102071105924492,0 days 16:22:05.799689,0.0008927211465038,4.2228461761620295,4.504519075100722
136,136,136,136,0.1864408533970484,0.1864408533970484,0.1864408533970484,0.1864408533970484,0.1864408533970484,0.1864408533970484,0.1864408533970484,0.1864408533970484,0.1864408533970484,0.1864408533970484,0.1864408533970484,0.1864408533970484,0.1864408533970484,0.1864408533970484,0.2416424955125693,0.2191791251598504,0.1031514603427082,0.1467869045442111,0.9166444851616268,0.7190280014549085,0.0923032442790723,0.0343734798139953,0.033935658284516,0.0340261930239218,1.000871908122397,0.4892165321435158,0.0420152691265415,0.034265275311398,-0.0016652754706589,-0.0019921948641399,737.0,0.0,0.6108236996679951,0.3773559526274866,0.7018834718502762,0.0546730326301002,0.9194034540657708,0.854608348268091,0.1387081230046472,0.6410568369788642,0.3306023906468737,0.2100287729330664,0.8474872128226818,0.7529992406443696,0.5771772316266393,0.6204337554211788,100000,30,14,0.1,1.0,0.1,0,13,0.001,1e-06,0.001,1e-07,1.0,1e-08,adamax,0,0.0,disordered,1,0.1880369288441525,0 days 16:22:05.799689,0.0016653020622155,4.652238674449426,4.362526430822228
137,137,137,137,0.1805148879221106,0.1805148879221106,0.1805148879221106,0.1805148879221106,0.1805148879221106,0.1805148879221106,0.1805148879221106,0.1805148879221106,0.1805148879221106,0.1805148879221106,0.1805148879221106,0.1805148879221106,0.1805148879221106,0.1805148879221106,0.0353635921055498,0.0331055072138442,0.0360913574662706,0.0323928714542185,0.0350900502975129,0.0338335439332593,0.0431139947453818,0.1696355011895525,0.0385461837443129,0.0695672201308886,1.0022964554753997,0.1897990558375441,0.0808071263666426,0.3451461928636914,-0.0016014494856621,-0.0017889389671321,744.0,0.0,0.8697201396394431,0.3413880117550416,0.4930006569675881,0.2293783972850448,0.4531024331903944,0.1709223691586158,0.3456081147054866,0.6432019355210938,0.2766867791863913,0.6528621810348465,0.7971262366886388,0.6295824775477612,0.46928653969985,0.390735095512803,100000,30,14,0.1,1.0,0.1,0,13,0.001,1e-06,0.001,1e-07,1.0,1e-08,adamax,0,0.0,disordered,1,0.1787613193461478,0 days 16:22:05.799689,0.0016014816255453,4.863155008458576,4.551697736143024
138,138,138,138,0.4317879727332017,0.4317879727332017,0.4317879727332017,0.4317879727332017,0.4317879727332017,0.4317879727332017,0.4317879727332017,0.4317879727332017,0.4317879727332017,0.4317879727332017,0.4317879727332017,0.4317879727332017,0.4317879727332017,0.4317879727332017,1.0016322391373302,0.3795756566831204,0.4521291349347377,0.2037950576953056,0.1999451115490089,0.1784942235695123,0.9980013521738836,0.2144901423963503,0.2270121576081254,0.2263052233640072,0.2694383079680714,0.1995420088206469,0.4980653730561345,0.6345213494189911,-0.0009841303867591,-0.0010500731283287,382.0,0.0,0.0723702891932622,0.7662354457714627,0.9554555810072084,0.241228705435484,0.6963187340726933,0.60276645076222,0.8127417971322611,0.6830013088815216,0.1960750665428106,0.1349177742162709,0.3368118541359427,0.1861283494682134,0.6023762430226838,0.0878655252270514,100000,30,14,0.1,1.0,0.1,0,13,0.001,1e-06,0.001,1e-07,1.0,1e-08,adamax,0,0.0,disordered,1,0.4366213804636374,0 days 16:22:05.799689,0.0009841650086668,4.248471993879973,4.336436469968024
139,139,139,139,0.100927151463057,0.100927151463057,0.100927151463057,0.100927151463057,0.100927151463057,0.100927151463057,0.100927151463057,0.100927151463057,0.100927151463057,0.100927151463057,0.100927151463057,0.100927151463057,0.100927151463057,0.100927151463057,0.2920426994175519,0.0439614520569657,0.0137913011853226,1.00038866183597,0.0105243938327502,0.01382461773079,0.00984395264354,0.0451363000102989,0.0138441990841897,0.0255902519392404,0.043025176159465,0.0708782543885428,0.5768023323350971,0.0103651723987238,-0.0017649358406505,-0.0022911610264675,1004.0,0.0,0.6752825814993385,0.7853399182255231,0.0413469873262518,0.8872135498661534,0.8203067955127752,0.0426734613804549,0.5476119930948808,0.0276987578582994,0.476849323850059,0.0810706566252456,0.5758752183135014,0.0770917045106102,0.0891812636734423,0.9707655112111976,100000,30,14,0.1,1.0,0.1,0,13,0.001,1e-06,0.001,1e-07,1.0,1e-08,adamax,0,0.0,disordered,1,0.1025499940710559,0 days 16:22:05.799689,0.0017649982314491,5.178533660183468,5.019602799186931
140,140,140,140,0.333461801578636,0.333461801578636,0.333461801578636,0.333461801578636,0.333461801578636,0.333461801578636,0.333461801578636,0.333461801578636,0.333461801578636,0.333461801578636,0.333461801578636,0.333461801578636,0.333461801578636,0.333461801578636,0.2453126287958741,0.1051626530669133,0.0310877930418888,0.0208170149672782,0.05134094247672,0.1161035595164745,1.000397942406504,0.0272397470889331,0.0200374668301923,0.0284275132995958,0.0275961889143232,0.2271301363116755,0.0573977187307803,0.950279884879588,-0.0011255456452171,-0.0013246261545205,1295.0,0.0,0.8086431747728513,0.6726456573027725,0.7873534174037112,0.2138068606342079,0.1035298872262434,0.3220818050220797,0.7609848968381185,0.7554276132962582,0.7175991955140247,0.4169878110167524,0.5086903174204658,0.7400016015709628,0.5875236478790725,0.2213090706827494,100000,30,14,0.1,1.0,0.1,0,13,0.001,1e-06,0.001,1e-07,1.0,1e-08,adamax,0,0.0,disordered,1,0.3363355016819294,0 days 16:22:05.799689,0.0011255666311701,4.278829063604305,4.414329037027235
141,141,141,141,0.1306870229743345,0.1306870229743345,0.1306870229743345,0.1306870229743345,0.1306870229743345,0.1306870229743345,0.1306870229743345,0.1306870229743345,0.1306870229743345,0.1306870229743345,0.1306870229743345,0.1306870229743345,0.1306870229743345,0.1306870229743345,1.0008691138494323,0.3333510416573148,0.0183806136984093,0.0211587056177534,0.0340837489452773,0.2319278629612303,0.3015634499159955,0.0288738279910824,0.0178108057663401,0.022102482366397,0.0226168365999024,0.0337234003147543,0.0542558407272379,0.0888015764848962,-0.001966762158442,-0.0023867878391674,905.0,0.0,0.4701230161149549,0.9348430298883496,0.961070735677403,0.0774580871146507,0.1196809759074851,0.0580147337772677,0.5053224970285753,0.8981542338510546,0.5149285866757037,0.3326697194301049,0.8811087944470062,0.2414535217964392,0.5495248734337503,0.8854725114915851,100000,30,14,0.1,1.0,0.1,0,13,0.001,1e-06,0.001,1e-07,1.0,1e-08,adamax,0,0.0,disordered,1,0.130345343204863,0 days 16:22:05.799689,0.0019667644102529,4.439201161883488,4.582947863576087
142,142,142,142,0.3228628202536728,0.3228628202536728,0.3228628202536728,0.3228628202536728,0.3228628202536728,0.3228628202536728,0.3228628202536728,0.3228628202536728,0.3228628202536728,0.3228628202536728,0.3228628202536728,0.3228628202536728,0.3228628202536728,0.3228628202536728,0.0765332383174889,0.0662395320619203,0.0660923911820749,0.0815660037452343,0.1236835485725569,0.0735054534497318,0.3800682990696206,0.0659935574316848,0.065264500790048,1.0015162677257294,0.955278906418248,0.0676457963550764,0.0722685279403227,0.7292039420669504,-0.0010932367275935,-0.0012601961567147,694.0,0.0,0.8715760559548247,0.1321769159494964,0.3050751526083735,0.4077745572349009,0.7725284557686096,0.686684721711338,0.5367303424045855,0.3768587937652314,0.2869107062612098,0.5824724774589648,0.8038178801135077,0.3512810604683982,0.2841725811036992,0.0098014693381194,100000,30,14,0.1,1.0,0.1,0,13,0.001,1e-06,0.001,1e-07,1.0,1e-08,adamax,0,0.0,disordered,1,0.3250191165223061,0 days 16:22:05.799689,0.001093248407544,4.243903590686928,4.339039324691625
143,143,143,143,0.3026648059395688,0.3026648059395688,0.3026648059395688,0.3026648059395688,0.3026648059395688,0.3026648059395688,0.3026648059395688,0.3026648059395688,0.3026648059395688,0.3026648059395688,0.3026648059395688,0.3026648059395688,0.3026648059395688,0.3026648059395688,0.7367763147973341,0.4055835097503275,0.1629437910804935,0.7513105339698277,0.0911022032835446,0.0895391683019264,0.0904170219621335,0.9906811708709288,0.2968448015347097,0.0913485993995967,1.0005556769678443,0.9354199946387094,0.1216499972332521,0.1672523261813416,-0.0011897696557384,-0.0013524486535936,529.0,0.0,0.110380666903483,0.1312510297306344,0.4322052618946842,0.7758345101290121,0.4043857509029754,0.1460427398879018,0.1679213699100826,0.952884908736082,0.6201842307810612,0.2964785426638304,0.8444660694775874,0.9474444975391232,0.5467043710128199,0.4530432787594874,100000,30,14,0.1,1.0,0.1,0,13,0.001,1e-06,0.001,1e-07,1.0,1e-08,adamax,0,0.0,disordered,1,0.3062413884867445,0 days 16:22:05.799689,0.0011898096411256,4.483555335620062,4.301199984688534
144,144,144,144,0.3444087275973818,0.3444087275973818,0.3444087275973818,0.3444087275973818,0.3444087275973818,0.3444087275973818,0.3444087275973818,0.3444087275973818,0.3444087275973818,0.3444087275973818,0.3444087275973818,0.3444087275973818,0.3444087275973818,0.3444087275973818,0.6391590146889973,0.4416146545995812,0.5789662560513541,0.0887778973962943,0.4039259510926276,0.119381272875421,0.1752758169534459,0.1997998678294495,0.2121421356706739,0.0878439867825254,0.0890377874853234,1.0019025818032077,0.0894659398921301,0.6965972220897684,-0.0011098610441499,-0.0012287798484705,590.0,0.0,0.3865609462752719,0.3750887220633633,0.8641334593779851,0.7121169088606202,0.9116187399049344,0.0330861618683887,0.1317100749102014,0.5247398946099376,0.586993413190181,0.4302177437931249,0.5175722149699251,0.901339437787484,0.5628716867420183,0.2620706984769563,100000,30,14,0.1,1.0,0.1,0,13,0.001,1e-06,0.001,1e-07,1.0,1e-08,adamax,0,0.0,disordered,1,0.341289706213144,0 days 16:22:05.799689,0.0011098845091804,4.256170213660235,4.408170217323344
145,145,145,145,0.1638433645577982,0.1638433645577982,0.1638433645577982,0.1638433645577982,0.1638433645577982,0.1638433645577982,0.1638433645577982,0.1638433645577982,0.1638433645577982,0.1638433645577982,0.1638433645577982,0.1638433645577982,0.1638433645577982,0.1638433645577982,0.69523997394627,0.5841305497982674,0.0876395779889162,0.0517616944285979,0.0486979800350819,0.9715231805277008,0.0236177202763103,0.0439304001915622,0.0310529632185169,0.0428675129145141,0.0244675921953366,1.001365771411375,0.0897333537597568,0.0257613676625204,-0.0016757784643067,-0.002145895493201,1011.0,0.0,0.4998416118676445,0.2976851522117538,0.6305004038324661,0.5873705253573342,0.7080282063122164,0.9740300030341958,0.4986415638058594,0.0375864993647589,0.4949250184604326,0.5079226609557341,0.7907435523960199,0.9276889739859024,0.1612277039736088,0.8859141379692881,100000,30,14,0.1,1.0,0.1,0,13,0.001,1e-06,0.001,1e-07,1.0,1e-08,adamax,0,0.0,disordered,1,0.163505533113933,0 days 16:22:05.799689,0.0016757798350996,4.544283630851527,4.1716571337053905
146,146,146,146,0.4459627626819087,0.4459627626819087,0.4459627626819087,0.4459627626819087,0.4459627626819087,0.4459627626819087,0.4459627626819087,0.4459627626819087,0.4459627626819087,0.4459627626819087,0.4459627626819087,0.4459627626819087,0.4459627626819087,0.4459627626819087,0.7874151577908738,0.1963874480011038,0.2631275883902291,0.6382850552094428,0.1933681237726016,0.2064937175015525,1.0014959107159225,0.2194524655765902,0.1940356705109534,0.1930048684911843,0.2044207142573947,0.1980562807950389,0.7680817481159896,0.6090843959757759,-0.000965498541584,-0.0010581009969409,363.0,0.0,0.1726543840939524,0.5902395946811771,0.0046682064387766,0.8449914787022698,0.412171198620191,0.2167115328242185,0.9461633176947816,0.0858252645518551,0.3519555683948094,0.4662096657402347,0.2641610423199229,0.3577243023289156,0.8439450561857775,0.1966853652975934,100000,30,14,0.1,1.0,0.1,0,13,0.001,1e-06,0.001,1e-07,1.0,1e-08,adamax,0,0.0,disordered,1,0.4476684556025357,0 days 16:22:05.799689,0.0009655018600191,4.484190247955915,4.522998992027036
147,147,147,147,0.3919100249433399,0.3919100249433399,0.3919100249433399,0.3919100249433399,0.3919100249433399,0.3919100249433399,0.3919100249433399,0.3919100249433399,0.3919100249433399,0.3919100249433399,0.3919100249433399,0.3919100249433399,0.3919100249433399,0.3919100249433399,0.2956221643470089,0.2992908976758269,0.1640642470366178,0.1648329970206653,0.1705341225069029,0.1535589361348149,0.1511623232711295,0.8725915053792495,0.155457855368059,1.0005776074943815,0.1978253409771876,0.1825437917176327,0.3822748914291148,0.6300140741273933,-0.0010163758536481,-0.0010963177002776,411.0,0.0,0.5568244398237743,0.2123840167638335,0.6193251512817038,0.2504078897401338,0.3153846107667606,0.5267904055998419,0.2517950567936714,0.7296339402648715,0.2245900242579696,0.8373230498189689,0.7008026550476931,0.1292264353061747,0.5201552343639971,0.0661997105179632,100000,30,14,0.1,1.0,0.1,0,13,0.001,1e-06,0.001,1e-07,1.0,1e-08,adamax,0,0.0,disordered,1,0.3927036814968627,0 days 16:22:05.799689,0.0010163769925836,4.381215319404381,4.392953773361714
148,148,148,148,0.2747120789270809,0.2747120789270809,0.2747120789270809,0.2747120789270809,0.2747120789270809,0.2747120789270809,0.2747120789270809,0.2747120789270809,0.2747120789270809,0.2747120789270809,0.2747120789270809,0.2747120789270809,0.2747120789270809,0.2747120789270809,1.0003422999826006,0.6343453240190554,0.0641165572448042,0.0614052204028668,0.0806252338728698,0.0645898242896482,0.0634341425891105,0.0889194694505751,0.4363120906312926,0.0632505654653549,0.0720988242484524,0.0844782627195528,0.8518705622874543,0.1291451829046271,-0.0012174941824633,-0.001456999849513,649.0,0.0,0.1721544722467036,0.312892160296816,0.7078524496291896,0.6182809299151276,0.532032312442629,0.1823636503495314,0.297466122530351,0.6865605756254168,0.490586013515179,0.3226402252012018,0.0690082719759968,0.0460383384738465,0.9243948450781102,0.4160384084032459,100000,30,14,0.1,1.0,0.1,0,13,0.001,1e-06,0.001,1e-07,1.0,1e-08,adamax,0,0.0,disordered,1,0.2736219146408188,0 days 16:22:05.799689,0.0012174976154674,4.212328297600665,4.36242438159058
149,149,149,149,0.3228628202536728,0.3228628202536728,0.3228628202536728,0.3228628202536728,0.3228628202536728,0.3228628202536728,0.3228628202536728,0.3228628202536728,0.3228628202536728,0.3228628202536728,0.3228628202536728,0.3228628202536728,0.3228628202536728,0.3228628202536728,0.1037547868375986,0.1039350431382814,0.1039535455666222,0.1152922440382503,0.9318285579101712,0.1079936521698103,0.1249639046424393,1.0008881257719513,0.200125811957104,0.1868356510164152,0.4159015307074775,0.7678668460600998,0.113374854440371,0.118230449977182,-0.0011401371510567,-0.0012599813308969,494.0,0.0,0.892642849940053,0.2427364202596078,0.5902893458566169,0.2554925136067161,0.8824369211174049,0.2237432147542696,0.5457548232681747,0.966408500467066,0.7300655008831317,0.55451469704545,0.3642251993788008,0.5299935154653812,0.003964601886879,0.1307005979703461,100000,30,14,0.1,1.0,0.1,0,13,0.001,1e-06,0.001,1e-07,1.0,1e-08,adamax,0,0.0,disordered,1,0.324036775580319,0 days 16:22:05.799689,0.0011401411925848,4.648049610309535,4.340371441835894
150,150,150,150,0.2337423870891812,0.2337423870891812,0.2337423870891812,0.2337423870891812,0.2337423870891812,0.2337423870891812,0.2337423870891812,0.2337423870891812,0.2337423870891812,0.2337423870891812,0.2337423870891812,0.2337423870891812,0.2337423870891812,0.2337423870891812,0.0552125724899582,0.0585984938463232,0.0550587013765629,1.000591607920959,0.942880923919182,0.9864659128001894,0.0623608986524831,0.8770468781602369,1.0015156242631793,0.994923485351582,0.0641505826731202,0.0541763059752918,0.0541231983778701,0.0548512663228028,-0.0013649840756096,-0.0019543057622413,636.0,0.0,0.2790991030065441,0.0468384390791053,0.2382331369006272,0.4210956189228788,0.8581652380491207,0.919041328596542,0.0206468547942875,0.4598981761889207,0.6834911275073907,0.752343177655418,0.1593110042926907,0.0072366000934332,0.2493808475659444,0.3142001016251147,100000,30,14,0.1,1.0,0.1,0,13,0.001,1e-06,0.001,1e-07,1.0,1e-08,adamax,0,0.0,disordered,1,0.230070011072587,0 days 16:22:05.799689,0.0013650377732909,5.652657562785706,4.653991661575796
151,151,151,151,0.2414157116103016,0.2414157116103016,0.2414157116103016,0.2414157116103016,0.2414157116103016,0.2414157116103016,0.2414157116103016,0.2414157116103016,0.2414157116103016,0.2414157116103016,0.2414157116103016,0.2414157116103016,0.2414157116103016,0.2414157116103016,0.947235978410666,0.599187503592667,0.3961428738562975,0.307910771681822,0.423804360443645,0.3778607933279089,0.3748987535976,0.4668225940417467,0.2869509971170085,0.3856893796642113,0.0261318719451612,0.0961909791786484,1.461880608363548e-05,0.1554147890310359,-0.0015665072637795,-0.0017451512919657,8809.0,1.0,0.1871628674307952,0.2204804283056316,0.6620003487166186,0.2217289002022189,0.1888468319739497,0.2708439558761873,0.455397885465194,0.1981833967994051,0.4956181222794322,0.936968986660444,0.8217622708517057,0.7513602717091733,0.9424908823824212,0.9216691367522626,100000,30,14,0.1,1.0,0.1,0,13,0.001,1e-06,0.001,1e-07,1.0,1e-08,adamax,0,0.0,disordered,1,0.2445160378858546,0 days 16:22:05.799689,0.0015665766970384,4.13325758857114,4.128769145565454
152,152,152,152,0.1864408533970484,0.1864408533970484,0.1864408533970484,0.1864408533970484,0.1864408533970484,0.1864408533970484,0.1864408533970484,0.1864408533970484,0.1864408533970484,0.1864408533970484,0.1864408533970484,0.1864408533970484,0.1864408533970484,0.1864408533970484,0.5046044973329835,0.0539224086671744,0.0871162681028399,0.0447959314273936,1.0005570105308292,0.0496309328290287,0.0452198117911935,0.0409129223278529,0.03384125401561,0.0342163624834068,0.035160260392604,0.0381401739071332,0.6930759170370944,0.047063545768131,-0.0017230180446954,-0.0020148404080822,740.0,0.0,0.5530379528488172,0.6917257743704043,0.3526787263580574,0.5383261755672814,0.920654969928161,0.5076198694558568,0.4212669136615909,0.6581423117426194,0.4650690107189882,0.0950751511429794,0.3789402569079488,0.1358529711872043,0.914623681246587,0.7408822942823422,100000,30,14,0.1,1.0,0.1,0,13,0.001,1e-06,0.001,1e-07,1.0,1e-08,adamax,0,0.0,disordered,1,0.1843381091122922,0 days 16:22:05.799689,0.0017230656545326,4.565349106069495,4.530254010784867
153,153,153,153,0.1535934676510895,0.1535934676510895,0.1535934676510895,0.1535934676510895,0.1535934676510895,0.1535934676510895,0.1535934676510895,0.1535934676510895,0.1535934676510895,0.1535934676510895,0.1535934676510895,0.1535934676510895,0.1535934676510895,0.1535934676510895,0.0579688689751269,0.0247242388271871,0.0549123898907601,0.0792170541781429,0.982720894574556,0.0239710890675836,0.6223668225490472,0.1492972098768559,0.1375420101658641,0.028800487752787,0.0274782530070724,1.000690103720994,0.0272601545324014,0.2325332399127309,-0.0013930046920949,-0.0018862167281492,819.0,0.0,0.4393104955811658,0.0707768976316932,0.1130279864224709,0.2624156021116005,0.5242856925683992,0.1061762451345866,0.3628835152626581,0.1810869435269304,0.1040694882091142,0.1207156030198123,0.1205773080414402,0.8314340131623814,0.1801038565742732,0.1114461759198258,100000,30,14,0.1,1.0,0.1,0,13,0.001,1e-06,0.001,1e-07,1.0,1e-08,adamax,0,0.0,disordered,1,0.1518804882888662,0 days 16:22:05.799689,0.0013930224372057,4.144889266466403,4.134192281009719
154,154,154,154,0.1586356533508588,0.1586356533508588,0.1586356533508588,0.1586356533508588,0.1586356533508588,0.1586356533508588,0.1586356533508588,0.1586356533508588,0.1586356533508588,0.1586356533508588,0.1586356533508588,0.1586356533508588,0.1586356533508588,0.1586356533508588,0.0624865146062509,1.0009110323488322,0.1341659675376485,0.0277103607012526,0.0431277469622083,0.0714967059495925,0.1654627935462505,0.0639043348896349,0.0318985609460126,0.890472421714586,0.0250979624504472,0.0275356390003518,0.032239909786711,0.0254974806817356,-0.0017701204815548,-0.0024317306937228,798.0,0.0,0.8308278558558296,0.961011026603638,0.7342278090035012,0.0729623876622924,0.135227585489973,0.1455237945638252,0.097818328651009,0.4805453164795235,0.0559177808052885,0.7949178194024896,0.4107411089264134,0.1952745361576933,0.0930262237184345,0.5691464282847171,100000,30,14,0.1,1.0,0.1,0,13,0.001,1e-06,0.001,1e-07,1.0,1e-08,adamax,0,0.0,disordered,1,0.1600491245507664,0 days 16:22:05.799689,0.0017701432342039,4.971075636403779,4.788574617232486
155,155,155,155,0.2054117348353062,0.2054117348353062,0.2054117348353062,0.2054117348353062,0.2054117348353062,0.2054117348353062,0.2054117348353062,0.2054117348353062,0.2054117348353062,0.2054117348353062,0.2054117348353062,0.2054117348353062,0.2054117348353062,0.2054117348353062,0.0774343655522153,0.0783559897951752,0.1556614510599794,0.5476805706342049,0.0474732368180271,0.0576311444362625,1.0007221754735964,0.0483183549202118,0.0529701007021388,0.0737384006280179,0.0515613745648964,0.3866513291752058,0.0802265141839895,0.1929951533349887,-0.0016447172443017,-0.0018646078407422,688.0,0.0,0.7780822486374359,0.5827575179313235,0.2376203456844096,0.8029028204045157,0.5144587734644316,0.5852728529588221,0.90773163704272,0.6753026600541806,0.1166591329730092,0.6944758160683953,0.2903939653665163,0.7900091434874791,0.5623982115664938,0.5406843913905252,100000,30,14,0.1,1.0,0.1,0,13,0.001,1e-06,0.001,1e-07,1.0,1e-08,adamax,0,0.0,disordered,1,0.2023529003971275,0 days 16:22:05.799689,0.0016448108320255,4.328469417242849,4.234221084558796
156,156,156,156,0.1988827856988807,0.1988827856988807,0.1988827856988807,0.1988827856988807,0.1988827856988807,0.1988827856988807,0.1988827856988807,0.1988827856988807,0.1988827856988807,0.1988827856988807,0.1988827856988807,0.1988827856988807,0.1988827856988807,0.1988827856988807,1.0009894220876674,0.9792757562372784,0.2057958080006126,0.2997228799509328,0.4979753490002873,0.5905531921333366,0.0687093191431272,0.1839266437808648,0.1590476187288074,0.0420963681411481,0.0543732620792553,0.0697585430218457,0.04881764845983,0.0848296465397652,-0.0016612531353268,-0.0020551813816323,704.0,0.0,0.1413538655857303,0.0271220945245717,0.9748166908535594,0.0303579646415819,0.0518069464734765,0.4585185987142001,0.9373870480730612,0.541439845201694,0.992234973213659,0.7159409359468822,0.8206692556312501,0.8193095900901667,0.943006272690257,0.9689264863063872,100000,30,14,0.1,1.0,0.1,0,13,0.001,1e-06,0.001,1e-07,1.0,1e-08,adamax,0,0.0,disordered,1,0.1997073384460028,0 days 16:22:05.799689,0.0016612620407938,3.8749173060501803,3.773690274266798
157,157,157,157,0.4459627626819087,0.4459627626819087,0.4459627626819087,0.4459627626819087,0.4459627626819087,0.4459627626819087,0.4459627626819087,0.4459627626819087,0.4459627626819087,0.4459627626819087,0.4459627626819087,0.4459627626819087,0.4459627626819087,0.4459627626819087,0.9603125082697376,0.0842320266368483,0.1202835666394337,1.0005286230207453,0.0942370331887943,0.1284261395678106,0.1311372338531465,0.093639567555899,0.1259259064681622,0.08446895110773,0.1252031501731974,0.0871773116341018,0.7182064753066968,0.7806688218081136,-0.0009698444484292,-0.0011026243302115,724.0,0.0,0.3276494541319806,0.7083458703669923,0.5084046609907297,0.9787623649000357,0.5912992803747523,0.4000301605128264,0.0337555554224702,0.7289475620574137,0.0126671734556811,0.6485375145549263,0.2649876404506113,0.6755883122773291,0.9918198827907344,0.3484962578197382,100000,30,14,0.1,1.0,0.1,0,13,0.001,1e-06,0.001,1e-07,1.0,1e-08,adamax,0,0.0,disordered,1,0.4515394032870273,0 days 16:22:05.799689,0.0009698867265756,4.325701165044552,4.534955636240759
158,158,158,158,0.1805148879221106,0.1805148879221106,0.1805148879221106,0.1805148879221106,0.1805148879221106,0.1805148879221106,0.1805148879221106,0.1805148879221106,0.1805148879221106,0.1805148879221106,0.1805148879221106,0.1805148879221106,0.1805148879221106,0.1805148879221106,0.0395540929243226,0.9178486254775052,0.0321516446419519,1.0018548789899877,0.9951935993598048,0.9648826932201272,0.1223957345177634,0.1820784430606244,0.0321959150961182,0.0320525317107652,0.0330468559184398,0.0337487910137291,0.048913407958305,0.2055842250115329,-0.0017364055575622,-0.0022841727051334,749.0,0.0,0.5571793767128005,0.5563311598316637,0.1628741883429298,0.7379079615026909,0.7030663930457914,0.7713941988124761,0.2208141426746092,0.0677345045417457,0.3937263229318543,0.1172362072779105,0.2767631958326918,0.0169696425388787,0.4022489219427492,0.360677478882739,100000,30,14,0.1,1.0,0.1,0,13,0.001,1e-06,0.001,1e-07,1.0,1e-08,adamax,0,0.0,disordered,1,0.1782149672979064,0 days 16:22:05.799689,0.0017364548011077,5.302719331366003,4.549983712379193
159,159,159,159,0.2575263326771198,0.2575263326771198,0.2575263326771198,0.2575263326771198,0.2575263326771198,0.2575263326771198,0.2575263326771198,0.2575263326771198,0.2575263326771198,0.2575263326771198,0.2575263326771198,0.2575263326771198,0.2575263326771198,0.2575263326771198,0.3936080148433026,0.0888109792476767,0.1115818205178899,0.0790461492065002,1.000494815271661,0.0667994611714535,0.743335784670469,0.978816384309995,0.067175189011336,0.9904569815581652,0.9518560896778658,0.1101101130669825,0.1679613799014797,0.1194621982047225,-0.0012591500393378,-0.0014343229502669,589.0,0.0,0.3262305583495524,0.3855598183281474,0.0402466755464366,0.4349757485946594,0.6537146155742647,0.3242104328068582,0.566660944618112,0.8021387118032729,0.5251025981088469,0.9268620006938288,0.7707486331253395,0.5573566425490262,0.083710156867153,0.4687061008091225,100000,30,14,0.1,1.0,0.1,0,13,0.001,1e-06,0.001,1e-07,1.0,1e-08,adamax,0,0.0,disordered,1,0.2603718753630051,0 days 16:22:05.799689,0.0012591758740313,4.531392081876232,4.160543660050703
160,160,160,160,0.2263129568399526,0.2263129568399526,0.2263129568399526,0.2263129568399526,0.2263129568399526,0.2263129568399526,0.2263129568399526,0.2263129568399526,0.2263129568399526,0.2263129568399526,0.2263129568399526,0.2263129568399526,0.2263129568399526,0.2263129568399526,1.0000574285542427,0.155575842829241,0.1168558852746697,0.2214713048085948,0.3510461221350974,0.4506766765270001,0.9937309265602894,0.0515664050276431,0.2943008038529912,0.0631983565566718,0.063074118673471,0.0684874865034664,0.2198537132203868,0.1320308568062108,-0.0013547454322419,-0.0015643502092365,647.0,0.0,0.0344612358466409,0.9556562375208256,0.0461552314059547,0.2080422743690986,0.182888538163592,0.8612550547128319,0.9076713176225232,0.7260500788554521,0.8534359499340505,0.2604361863396208,0.8953795199981,0.1011413368929425,0.3093937870356646,0.8592206377761276,100000,30,14,0.1,1.0,0.1,0,13,0.001,1e-06,0.001,1e-07,1.0,1e-08,adamax,0,0.0,disordered,1,0.2284546138571162,0 days 16:22:05.799689,0.0013547648600948,4.6022808832232105,4.263064851511289
161,161,161,161,0.1535934676510895,0.1535934676510895,0.1535934676510895,0.1535934676510895,0.1535934676510895,0.1535934676510895,0.1535934676510895,0.1535934676510895,0.1535934676510895,0.1535934676510895,0.1535934676510895,0.1535934676510895,0.1535934676510895,0.1535934676510895,0.600843187557122,0.368407153350929,0.048398657181231,0.0256220638605485,0.0674382675250159,1.0012677115068496,0.0229123454267042,0.0230759885131703,0.0270828037201186,0.9670010984823764,0.0319441433537822,0.1196867144127028,0.0503272744803586,0.0263426618172533,-0.0018530644203821,-0.0023671825047877,828.0,0.0,0.6908871214304099,0.9334503857974236,0.8486891703034303,0.2110979491736087,0.4184623937005955,0.9889100188894656,0.7029882633961682,0.7939055624479926,0.0828351181710876,0.9537513978759496,0.5504452183949765,0.1535995306316145,0.5736723197413477,0.9153875006878254,100000,30,14,0.1,1.0,0.1,0,13,0.001,1e-06,0.001,1e-07,1.0,1e-08,adamax,0,0.0,disordered,1,0.1522784862173351,0 days 16:22:05.799689,0.0018530864921667,4.997886861994841,4.334275281487975
162,162,162,162,0.1535934676510895,0.1535934676510895,0.1535934676510895,0.1535934676510895,0.1535934676510895,0.1535934676510895,0.1535934676510895,0.1535934676510895,0.1535934676510895,0.1535934676510895,0.1535934676510895,0.1535934676510895,0.1535934676510895,0.1535934676510895,0.5724254294580924,0.7131786195170584,0.2742467516091539,0.023411792426737,1.002143526105104,0.0249570135674627,0.0228384161166733,0.0224629202468889,0.0238865816599802,0.0650606985006584,0.0304402244141469,0.0224720909854556,0.3700127630299196,0.0260966027053329,-0.0016436781162053,-0.0021788767130248,834.0,0.0,0.5444825998444183,0.993121278246118,0.9275317473818308,0.4971718245075625,0.9670829696362684,0.7673314384722845,0.2547568216334356,0.098490210601175,0.0272324688657978,0.5214504280051905,0.7549609517339175,0.1307618672497297,0.2019192370687201,0.9738257135088684,100000,30,14,0.1,1.0,0.1,0,13,0.001,1e-06,0.001,1e-07,1.0,1e-08,adamax,0,0.0,disordered,1,0.1517898167174109,0 days 16:22:05.799689,0.0016437167767948,5.012892427953315,4.812682247041253
163,163,163,163,0.1692220351641035,0.1692220351641035,0.1692220351641035,0.1692220351641035,0.1692220351641035,0.1692220351641035,0.1692220351641035,0.1692220351641035,0.1692220351641035,0.1692220351641035,0.1692220351641035,0.1692220351641035,0.1692220351641035,0.1692220351641035,0.0270539845478138,0.0400523899515629,1.0001134968621126,0.0291929522284311,0.0288690927954788,0.0276336264713065,0.0360539194658862,0.1487119140137645,0.0280378876727113,0.2005348513953736,0.2095782780014269,0.0763707560806948,0.038292083016484,0.3875398271158991,-0.0016428236556098,-0.0018431902455728,801.0,0.0,0.8070049822452176,0.3232655752736976,0.942666287822342,0.4773792660807354,0.2539339041208778,0.3450083298787604,0.2721710178793161,0.695103192343459,0.3738620607514251,0.5778116469885942,0.6203660689295584,0.504510367883843,0.4526898545703495,0.3522765421765111,100000,30,14,0.1,1.0,0.1,0,13,0.001,1e-06,0.001,1e-07,1.0,1e-08,adamax,0,0.0,disordered,1,0.1670724270923133,0 days 16:22:05.799689,0.0016428705803196,4.760643962525461,4.275539130572897
164,164,164,164,0.2659804395593755,0.2659804395593755,0.2659804395593755,0.2659804395593755,0.2659804395593755,0.2659804395593755,0.2659804395593755,0.2659804395593755,0.2659804395593755,0.2659804395593755,0.2659804395593755,0.2659804395593755,0.2659804395593755,0.2659804395593755,0.2302479682884173,0.2906528062349501,0.5654490046298958,0.0998335632297224,0.8409781207948137,0.8187678002041054,0.9459706041383446,0.3049857086500517,1.0009249395846636,0.0798510265593273,0.6481446207086367,0.06472017454519,0.091293401945783,0.0685450880352699,-0.0012996802144138,-0.0015680753427994,612.0,0.0,0.2336160401454557,0.0943539969195973,0.6992249408750559,0.0159136325147031,0.733419644458273,0.7540298348866528,0.8060443633742611,0.6416431025412082,0.9523553741693856,0.3824415633651347,0.4588303912340334,0.2890005676901521,0.0102491746072319,0.4378307091080925,100000,30,14,0.1,1.0,0.1,0,13,0.001,1e-06,0.001,1e-07,1.0,1e-08,adamax,0,0.0,disordered,1,0.2652168215157539,0 days 16:22:05.799689,0.0012996830832281,4.724493135585074,4.260854992618404
165,165,165,165,0.3228628202536728,0.3228628202536728,0.3228628202536728,0.3228628202536728,0.3228628202536728,0.3228628202536728,0.3228628202536728,0.3228628202536728,0.3228628202536728,0.3228628202536728,0.3228628202536728,0.3228628202536728,0.3228628202536728,0.3228628202536728,0.3128069258464351,0.116049076380543,0.1028585669322143,0.1160969800722796,0.1042279128930177,0.1036027931850664,0.1027848810898022,0.103279744691723,0.1028200697646526,0.1045036222314906,0.992704174434628,0.1036588408250044,1.0004423491224816,0.1073068155151606,-0.0012585456447886,-0.0016478078562402,497.0,0.0,0.4989893551030308,0.4638998004232579,0.0363402251181919,0.1599930653138644,0.2731509409073254,0.4093936651384934,0.2053063242044668,0.3641622980777784,0.2873065360873149,0.1083947633854334,0.8762896426779009,0.6078379019517387,0.9833838722013164,0.6033553992658931,100000,30,14,0.1,1.0,0.1,0,13,0.001,1e-06,0.001,1e-07,1.0,1e-08,adamax,0,0.0,disordered,1,0.3212853809481386,0 days 16:22:05.799689,0.0012585528685269,4.672921618036943,4.613179566076381
166,166,166,166,0.293044697697214,0.293044697697214,0.293044697697214,0.293044697697214,0.293044697697214,0.293044697697214,0.293044697697214,0.293044697697214,0.293044697697214,0.293044697697214,0.293044697697214,0.293044697697214,0.293044697697214,0.293044697697214,0.0883436482335056,0.0958326989025968,0.9994457835487874,0.0843131181660135,0.9955526446995284,0.0843898160097636,1.0011797767123194,0.5840714560812319,0.0832424208014326,0.1081588821882955,0.1108453072852768,0.0859901751306449,0.0864861111828046,0.622023394282942,-0.0012804529354768,-0.0014959846554338,545.0,0.0,0.6151744480332769,0.3638928687688877,0.8050107012280634,0.46257811294563,0.8233457583558952,0.467187880323444,0.7391654216140363,0.6624902070156852,0.3966253711726136,0.0910683153333375,0.2326909156195593,0.4405565030924935,0.474846501111212,0.2149263998002676,100000,30,14,0.1,1.0,0.1,0,13,0.001,1e-06,0.001,1e-07,1.0,1e-08,adamax,0,0.0,disordered,1,0.2895288972893939,0 days 16:22:05.799689,0.0012804945213714,4.776216878874054,4.213072572108697
167,167,167,167,0.4459627626819087,0.4459627626819087,0.4459627626819087,0.4459627626819087,0.4459627626819087,0.4459627626819087,0.4459627626819087,0.4459627626819087,0.4459627626819087,0.4459627626819087,0.4459627626819087,0.4459627626819087,0.4459627626819087,0.4459627626819087,0.5560022375800007,0.2871219151346992,0.2668032243456273,0.2251699320343448,0.2261579053855392,0.3395750175196255,0.9851241794901484,0.1975794771702326,1.0012411758486477,0.3801783295116106,0.5861491799974273,0.2375958010036556,0.3874754643340024,0.6777046900541366,-0.0009073774318111,-0.0009453524998637,354.0,0.0,0.2611191001577414,0.32406667033864,0.5476708885325725,0.0894110589885438,0.4069143497006983,0.6819223085236259,0.8363983479429605,0.5160144767242176,0.949979402173526,0.7355018799350038,0.7899085260994683,0.1351363732864036,0.5054466145492318,0.0355158673137723,100000,30,14,0.1,1.0,0.1,0,13,0.001,1e-06,0.001,1e-07,1.0,1e-08,adamax,0,0.0,disordered,1,0.4517602985734429,0 days 16:22:05.799689,0.000907417294814,4.327505362500976,4.298430915402867
168,168,168,168,0.1111967731120697,0.1111967731120697,0.1111967731120697,0.1111967731120697,0.1111967731120697,0.1111967731120697,0.1111967731120697,0.1111967731120697,0.1111967731120697,0.1111967731120697,0.1111967731120697,0.1111967731120697,0.1111967731120697,0.1111967731120697,0.3806067656509692,0.4126248715246328,1.736637711847588e-06,4.724586756389618e-07,8.603436723601995e-07,0.1326065319103735,0.1670034384068249,0.032461223536555,0.0433896336499531,2.119644321248981e-05,0.2519355516383355,0.3473520620240363,0.5998042925837078,1.8904999904856168e-06,-0.001661282929801,-0.0021011102679953,9210.0,1.0,0.6686059503680927,0.3251334369395169,0.8798028165753388,0.1307903418945708,0.0744285519985907,0.3954721885583812,0.1582355029892318,0.5499431101406985,0.4335836390226216,0.0233206750933897,0.2434279857651122,0.1529470534494994,0.178557698236764,0.9864765064167909,100000,30,14,0.1,1.0,0.1,0,13,0.001,1e-06,0.001,1e-07,1.0,1e-08,adamax,0,0.0,disordered,1,0.1104393994044186,0 days 16:22:05.799689,0.0016612909548863,5.608377574437534,5.359146141784252
169,169,169,169,0.31260072430687,0.31260072430687,0.31260072430687,0.31260072430687,0.31260072430687,0.31260072430687,0.31260072430687,0.31260072430687,0.31260072430687,0.31260072430687,0.31260072430687,0.31260072430687,0.31260072430687,0.31260072430687,0.7340460497430762,3.0815566420217128e-06,0.1857468557225167,0.756908130288115,4.252967260172829e-05,2.687432711738024e-07,2.510727822875005e-07,0.0085258217429318,9.99602455149236e-08,1.4045184860414717e-07,1.6857989715973968e-07,0.0264588065526063,0.2758125201759552,0.6705116182152845,-0.0012669500854541,-0.0015665220122096,9275.0,0.0,0.5802669901481098,0.7786487208669559,0.385326367591873,0.1808871699442573,0.3356644626741416,0.6958219443032294,0.412754854929284,0.0101844634306326,0.5555004877988412,0.5116245431637026,0.681389258535672,0.0279195512608697,0.8886576664772401,0.4617757620554003,100000,30,14,0.1,1.0,0.1,0,13,0.001,1e-06,0.001,1e-07,1.0,1e-08,adamax,0,0.0,disordered,1,0.3090783695629815,0 days 16:22:05.799689,0.00126699304336,4.178894475293088,4.571135378509774
170,170,170,170,0.1148471547840287,0.1148471547840287,0.1148471547840287,0.1148471547840287,0.1148471547840287,0.1148471547840287,0.1148471547840287,0.1148471547840287,0.1148471547840287,0.1148471547840287,0.1148471547840287,0.1148471547840287,0.1148471547840287,0.1148471547840287,1.0007912769988296,0.8325693780606293,0.1594814101348121,0.1281745311909046,0.3681408051305729,0.0141292685317887,0.0245642544545749,0.0121036615177798,0.1532366595397349,0.0167198785893888,0.0185825690021463,0.0166150253615836,0.1925786102721795,0.0131813561588247,-0.0019007426776029,-0.0025094188500547,974.0,0.0,0.3609768275175162,0.289008128569262,0.8497778919538789,0.2650221997416373,0.3000606751089203,0.890549619917677,0.4697969398622841,0.0481888327873848,0.1217279892452802,0.7537796875070989,0.3256504687772292,0.3045053044763848,0.2952510340528028,0.9727208800550315,100000,30,14,0.1,1.0,0.1,0,13,0.001,1e-06,0.001,1e-07,1.0,1e-08,adamax,0,0.0,disordered,1,0.1163035075231474,0 days 16:22:05.799689,0.0019008044692852,5.044479637463948,4.606592754155494
171,171,171,171,0.2121550171362449,0.2121550171362449,0.2121550171362449,0.2121550171362449,0.2121550171362449,0.2121550171362449,0.2121550171362449,0.2121550171362449,0.2121550171362449,0.2121550171362449,0.2121550171362449,0.2121550171362449,0.2121550171362449,0.2121550171362449,1.000174923275983,0.1462098773645894,0.0439687490464186,0.0431142646333828,0.0441179835084815,0.0354485997734046,0.1713840277914419,0.0633027149316077,0.052732838842359,0.0649195115864978,0.2846445791284649,0.0394720331326639,0.7264759770450889,0.0791492828896774,-0.001433398212103,-0.0017249052501022,776.0,0.0,0.485780485319188,0.8958793515846852,0.794521456410357,0.7877334579722135,0.7770429063710832,0.3059606779942405,0.8244392034908372,0.4911312071591382,0.1743065041068486,0.2526191617436665,0.529351337168041,0.4815206204777555,0.9867843901463148,0.6194609079728355,100000,30,14,0.1,1.0,0.1,0,13,0.001,1e-06,0.001,1e-07,1.0,1e-08,adamax,0,0.0,disordered,1,0.2152693075911344,0 days 16:22:05.799689,0.0014334411570285,4.181602666223274,4.410482875323572
172,172,172,172,0.3919100249433399,0.3919100249433399,0.3919100249433399,0.3919100249433399,0.3919100249433399,0.3919100249433399,0.3919100249433399,0.3919100249433399,0.3919100249433399,0.3919100249433399,0.3919100249433399,0.3919100249433399,0.3919100249433399,0.3919100249433399,0.096871986797834,0.085793876865978,0.1357520610148713,0.1572787918377188,0.1517366225908472,0.9473735381583064,0.11786026370633,0.5372217463715192,0.2133034278691273,0.1090345994928089,1.0005506159513895,0.1158440254921051,0.6362386579422675,0.4777981943602603,-0.0009990831980448,-0.0010887083578444,698.0,0.0,0.6215859920169071,0.0524927380880116,0.067573032072897,0.3021883093028757,0.4478209969175157,0.929205516160431,0.0519727166174219,0.7232004354680686,0.6213470831831388,0.244135003144323,0.9173282488688378,0.3808779113966473,0.8361096974910278,0.2736123712221463,100000,30,14,0.1,1.0,0.1,0,13,0.001,1e-06,0.001,1e-07,1.0,1e-08,adamax,0,0.0,disordered,1,0.3930563581734927,0 days 16:22:05.799689,0.0009990849564008,4.750466575156482,4.536923973414049
173,173,173,173,0.3794532847236935,0.3794532847236935,0.3794532847236935,0.3794532847236935,0.3794532847236935,0.3794532847236935,0.3794532847236935,0.3794532847236935,0.3794532847236935,0.3794532847236935,0.3794532847236935,0.3794532847236935,0.3794532847236935,0.3794532847236935,0.8378918145240196,0.1286238489962214,0.0595889504196635,0.0956975807959574,0.1561434609634322,0.1197925852594791,0.0894721689701891,0.0929448651174033,0.060356776147716,0.0721359522141874,0.0866727676287217,0.0530137088118422,0.120597396377425,1.0000240362148496,-0.0010706235413254,-0.0012365331859585,905.0,0.0,0.5667415851187126,0.7774686433301689,0.8636305027325928,0.3578680612554048,0.2112459440382831,0.6543765105242911,0.6403701140307498,0.0471057754816398,0.6018484804530835,0.9423163520551128,0.2464685248707037,0.6272551856554093,0.916652850718212,0.3850284656869082,100000,30,14,0.1,1.0,0.1,0,13,0.001,1e-06,0.001,1e-07,1.0,1e-08,adamax,0,0.0,disordered,1,0.3839986221178328,0 days 16:22:05.799689,0.0010706626549203,4.507057946460134,4.5351017086552785
174,174,174,174,0.5774615152359814,0.5774615152359814,0.5774615152359814,0.5774615152359814,0.5774615152359814,0.5774615152359814,0.5774615152359814,0.5774615152359814,0.5774615152359814,0.5774615152359814,0.5774615152359814,0.5774615152359814,0.5774615152359814,0.5774615152359814,0.3441331416112806,0.3179123699478809,0.3443102211933467,0.3571179426253388,0.3653893564374734,0.3196954951631393,0.3294382002666818,0.3516178976876402,0.3600799438102759,0.3572244791922466,0.3194248838198382,0.3235152909289292,0.4973475046613443,1.001418636267149,-0.0007887457424766,-0.0008599161732987,259.0,0.0,0.8188878601767233,0.8964059679926287,0.0484300356515227,0.293115301790483,0.243636751309774,0.9086741710215764,0.6004880466794573,0.1234831925914161,0.3815905620546198,0.2719774145582413,0.9945869699981436,0.8802131913296977,0.850867248391095,0.1092569845101124,100000,30,14,0.1,1.0,0.1,0,13,0.001,1e-06,0.001,1e-07,1.0,1e-08,adamax,0,0.0,disordered,1,0.5745454982566908,0 days 16:22:05.799689,0.000788751732624,4.718086874572801,4.702342956391856
175,175,175,175,0.367392478180207,0.367392478180207,0.367392478180207,0.367392478180207,0.367392478180207,0.367392478180207,0.367392478180207,0.367392478180207,0.367392478180207,0.367392478180207,0.367392478180207,0.367392478180207,0.367392478180207,0.367392478180207,0.3527756948665148,0.135647289320131,0.1358934145756179,0.9937328574264398,0.1336348389915755,0.9582387732412716,0.3345937142417376,0.1333082844910312,0.1439076204992233,1.0017308713848307,0.1339043874462523,0.1543336639746894,0.2732863622671503,0.6458532628938216,-0.0010295244593513,-0.0011520250805429,441.0,0.0,0.3814798876274029,0.4411322871244214,0.3227557146861554,0.8861147408234264,0.4552874539031986,0.7646152929540657,0.5824745232374682,0.4026152886684402,0.0886153008960615,0.856369101229503,0.4806791422147897,0.072793224590257,0.4777851937174479,0.0450081269015736,100000,30,14,0.1,1.0,0.1,0,13,0.001,1e-06,0.001,1e-07,1.0,1e-08,adamax,0,0.0,disordered,1,0.3656724072496916,0 days 16:22:05.799689,0.00102952839801,4.360450529814399,4.302559056835743
176,176,176,176,0.2837303616516209,0.2837303616516209,0.2837303616516209,0.2837303616516209,0.2837303616516209,0.2837303616516209,0.2837303616516209,0.2837303616516209,0.2837303616516209,0.2837303616516209,0.2837303616516209,0.2837303616516209,0.2837303616516209,0.2837303616516209,0.89732832609847,0.0878264694079279,0.079304439881284,0.0804692872644345,0.0794949349470011,0.5414828479793475,0.3858107351671925,0.0788228783338456,1.0015558239526112,0.0789416663147174,0.961624150514793,0.0814971463455299,0.0828337428758576,0.494434488465872,-0.0011919309102567,-0.0013895734311288,556.0,0.0,0.3183553635281133,0.8976339234749199,0.3439072133477977,0.3324293914690569,0.3039366007088133,0.569887898873839,0.4989958913690794,0.381346565586563,0.8521272269871337,0.4682495285459923,0.8375165347341721,0.403600109263188,0.3514017666271822,0.1762511945620999,100000,30,14,0.1,1.0,0.1,0,13,0.001,1e-06,0.001,1e-07,1.0,1e-08,adamax,0,0.0,disordered,1,0.2840588461762938,0 days 16:22:05.799689,0.0011919312699403,4.2194735785738375,4.191507318817058
177,177,177,177,0.4913407286296357,0.4913407286296357,0.4913407286296357,0.4913407286296357,0.4913407286296357,0.4913407286296357,0.4913407286296357,0.4913407286296357,0.4913407286296357,0.4913407286296357,0.4913407286296357,0.4913407286296357,0.4913407286296357,0.4913407286296357,1.0009969966380237,0.2685466917134664,0.2820120900063753,0.3078758197923257,0.2494811727848375,0.2745688648835465,0.2380500633947675,0.2649298729814696,0.2486610846128822,0.233594004164808,0.2418712990655687,0.2402673775034405,0.4312822809199893,0.8765627967562681,-0.0009336011794502,-0.0010207945824687,323.0,0.0,0.067595211883687,0.5717102458078651,0.3563021378792804,0.1461079581166916,0.526654999002543,0.7178119387512039,0.6297846379505861,0.0191522600550047,0.3702712376468413,0.6717660864900934,0.3959241965180239,0.439459132931866,0.7891218488770692,0.1544573202441299,100000,30,14,0.1,1.0,0.1,0,13,0.001,1e-06,0.001,1e-07,1.0,1e-08,adamax,0,0.0,disordered,1,0.4840830868868455,0 days 16:22:05.799689,0.0009336652508505,4.198192663560585,4.367908888346223
178,178,178,178,0.2121550171362449,0.2121550171362449,0.2121550171362449,0.2121550171362449,0.2121550171362449,0.2121550171362449,0.2121550171362449,0.2121550171362449,0.2121550171362449,0.2121550171362449,0.2121550171362449,0.2121550171362449,0.2121550171362449,0.2121550171362449,1.0008764279932914,0.2003377302686919,0.0449677575894356,0.2812897892458759,0.4359879962993203,0.0474211199416157,0.0464146370367336,0.0742072443230867,0.1243723608551144,0.1155932152956277,0.165848447399165,0.0453477372030803,0.0461943825090837,0.4413901698461274,-0.001485910409093,-0.0017911835721359,676.0,0.0,0.1708834652946238,0.767500006808759,0.9200554942008304,0.1642597836479339,0.0582671407789139,0.8168400483419096,0.5670668071585856,0.2440312619042394,0.0468076571671319,0.5504058783497054,0.1531049502246909,0.9002778045222289,0.9053052331162712,0.7355949843695778,100000,30,14,0.1,1.0,0.1,0,13,0.001,1e-06,0.001,1e-07,1.0,1e-08,adamax,0,0.0,disordered,1,0.2152122691367467,0 days 16:22:05.799689,0.0014859723914363,4.902394476499425,4.476446687833161
179,179,179,179,0.5413360302965373,0.5413360302965373,0.5413360302965373,0.5413360302965373,0.5413360302965373,0.5413360302965373,0.5413360302965373,0.5413360302965373,0.5413360302965373,0.5413360302965373,0.5413360302965373,0.5413360302965373,0.5413360302965373,0.5413360302965373,0.2293382952982261,0.2304871794639899,0.2805491540054293,0.2555413282716554,0.2603840483881804,0.2375492859866906,0.2584676680391147,0.2393725743601934,0.230553620534801,0.3044309398775029,0.2741576017436426,0.2402910865319561,0.626202418002974,1.0003399425725952,-0.0007966829646318,-0.0008858236327219,373.0,0.0,0.9835124135202812,0.3054619161676705,0.1184242592651162,0.6432048685397752,0.244330172172993,0.6954679303535842,0.0732515818752885,0.3424183216010423,0.6576331766972209,0.9369311549104504,0.0856212060585552,0.4517917240877723,0.946169956946712,0.0537779125707414,100000,30,14,0.1,1.0,0.1,0,13,0.001,1e-06,0.001,1e-07,1.0,1e-08,adamax,0,0.0,disordered,1,0.5452489950689989,0 days 16:22:05.799689,0.0007966932789461,4.795062478082762,4.696381466542453
180,180,180,180,0.2747120789270809,0.2747120789270809,0.2747120789270809,0.2747120789270809,0.2747120789270809,0.2747120789270809,0.2747120789270809,0.2747120789270809,0.2747120789270809,0.2747120789270809,0.2747120789270809,0.2747120789270809,0.2747120789270809,0.2747120789270809,0.6199661495995581,0.0925040329711463,0.0754820488570615,0.8094970912260898,0.0739235964420016,0.0966038896428051,0.0772099992540304,0.0863987721229498,1.0009543642012744,0.2914582713631619,0.0802081503686504,0.3017010008034303,0.5771298258167533,0.0764103921901054,-0.0012420068154942,-0.0014584420168244,567.0,0.0,0.4554402937625047,0.7478081669006321,0.4797578563888679,0.8525627461655038,0.4030474540111718,0.3060520678005715,0.0254430929056723,0.4923116383124941,0.9802118305683788,0.9135696880935296,0.000768234941632,0.0318791968457493,0.0585939623681758,0.8591093843821155,100000,30,14,0.1,1.0,0.1,0,13,0.001,1e-06,0.001,1e-07,1.0,1e-08,adamax,0,0.0,disordered,1,0.2786583071141672,0 days 16:22:05.799689,0.001242062613467,4.996870940868913,4.718341410782531
181,181,181,181,0.4757236139187883,0.4757236139187883,0.4757236139187883,0.4757236139187883,0.4757236139187883,0.4757236139187883,0.4757236139187883,0.4757236139187883,0.4757236139187883,0.4757236139187883,0.4757236139187883,0.4757236139187883,0.4757236139187883,0.4757236139187883,0.7469184362037274,0.5350289797556699,0.2861041774813689,0.2131737483313338,0.2434391693900027,0.1825680378504734,0.1437032911091284,0.1841732679735235,0.1966762978233523,0.204627856965711,0.1458772140623898,0.1917561765834654,0.35103922366343,1.0002669729475135,-0.0009046368903153,-0.000987942438408,521.0,0.0,0.3642848511656624,0.276111667831922,0.742800342020206,0.3379896140391083,0.3829920339198718,0.697626958912838,0.8927029522571527,0.1775640656990037,0.2034948796600576,0.1990368814863647,0.9443271932156678,0.5595442169967103,0.8206666614734891,0.1894438738068623,100000,30,14,0.1,1.0,0.1,0,13,0.001,1e-06,0.001,1e-07,1.0,1e-08,adamax,0,0.0,disordered,1,0.4814126583637405,0 days 16:22:05.799689,0.0009046722175998,4.2784289039873,4.503342986941297
182,182,182,182,0.2837303616516209,0.2837303616516209,0.2837303616516209,0.2837303616516209,0.2837303616516209,0.2837303616516209,0.2837303616516209,0.2837303616516209,0.2837303616516209,0.2837303616516209,0.2837303616516209,0.2837303616516209,0.2837303616516209,0.2837303616516209,0.0804571016152632,0.0814702761337165,0.9750169001426902,0.0807078982075439,0.4651889510374378,0.0997745693809925,0.0892184375458265,1.0014827617257231,0.9239204808221044,0.6078677051364562,0.7492996728482545,0.0832094379866966,0.0865301357275071,0.0802787453137848,-0.001251354799273,-0.0014965739887064,549.0,0.0,0.8637899145128142,0.2983505751178661,0.620094130280667,0.2165517394329432,0.5128352867250683,0.7534004633828354,0.1765318319782453,0.964140085186656,0.8489472669069664,0.7034117411247928,0.7537395768310681,0.284153934820696,0.0926599923456954,0.3253723149622051,100000,30,14,0.1,1.0,0.1,0,13,0.001,1e-06,0.001,1e-07,1.0,1e-08,adamax,0,0.0,disordered,1,0.2857266054424987,0 days 16:22:05.799689,0.001251369432582,4.886638649472244,4.4259585514865485
183,183,183,183,0.2121550171362449,0.2121550171362449,0.2121550171362449,0.2121550171362449,0.2121550171362449,0.2121550171362449,0.2121550171362449,0.2121550171362449,0.2121550171362449,0.2121550171362449,0.2121550171362449,0.2121550171362449,0.2121550171362449,0.2121550171362449,0.9639271887054114,0.5157467421273092,0.1508216374013986,0.2205466393634701,0.5650963311785319,0.0760527703424543,1.0015577571059124,0.0525047862628928,0.0706169768330817,0.0847047349705275,0.064781881945769,0.0951907966348061,0.1316502512432443,0.2061691822103797,-0.0015520229790473,-0.0017248031387698,688.0,0.0,0.1325561314591513,0.3344508118899171,0.7673368828674216,0.171345108192211,0.0741423907856182,0.8077350598370507,0.9325290066271064,0.4103447885466904,0.2152282906670802,0.8851003106243219,0.0569248119607362,0.3469704817392123,0.8052679974095998,0.7313561010156443,100000,30,14,0.1,1.0,0.1,0,13,0.001,1e-06,0.001,1e-07,1.0,1e-08,adamax,0,0.0,disordered,1,0.2097477100101064,0 days 16:22:05.799689,0.0015520679025614,4.368428154001439,4.311347807256665
184,184,184,184,0.1988827856988807,0.1988827856988807,0.1988827856988807,0.1988827856988807,0.1988827856988807,0.1988827856988807,0.1988827856988807,0.1988827856988807,0.1988827856988807,0.1988827856988807,0.1988827856988807,0.1988827856988807,0.1988827856988807,0.1988827856988807,0.2820771361962284,0.3554101161036781,0.1167423579175317,0.149801268996588,0.395356931543364,0.1570487502267525,1.0017201099484467,0.0388836430994585,0.0406666725100443,0.0386263136397049,0.0454236841491148,0.0395463715422042,0.136417850922062,0.2066185757330289,-0.0016836303792363,-0.0019396028034014,707.0,0.0,0.7619255532478207,0.4808196668333941,0.7038498972102746,0.3041274037383474,0.8654412239970198,0.7879370414502169,0.9421300208264416,0.7655567952170195,0.7283477491541813,0.1894850892328052,0.5692679561641704,0.0757737949846564,0.9170775304514804,0.7980433262342324,100000,30,14,0.1,1.0,0.1,0,13,0.001,1e-06,0.001,1e-07,1.0,1e-08,adamax,0,0.0,disordered,1,0.1992048148777624,0 days 16:22:05.799689,0.0016836315831537,4.459251386589769,4.377151211252018
185,185,185,185,0.2191196687578146,0.2191196687578146,0.2191196687578146,0.2191196687578146,0.2191196687578146,0.2191196687578146,0.2191196687578146,0.2191196687578146,0.2191196687578146,0.2191196687578146,0.2191196687578146,0.2191196687578146,0.2191196687578146,0.2191196687578146,1.000437251681527,0.0857472227389779,0.0444616084438737,0.0383777638028527,0.0366719508902199,0.0359967231784307,0.0375754892283219,0.0459229970247238,0.0553656827499184,0.0855679220064894,0.0632494396686651,0.3776380065201775,0.0688382850484525,0.5142029187708592,-0.0014327184031908,-0.0016199804831372,782.0,0.0,0.5347384480514644,0.8328512474128952,0.8688294765361098,0.3576412026843396,0.6729904847785244,0.1316870185948778,0.0494690471332501,0.7734713847258656,0.2179444903296191,0.4051685070348134,0.4895244512820976,0.944529780676274,0.7779945093375673,0.548788980306916,100000,30,14,0.1,1.0,0.1,0,13,0.001,1e-06,0.001,1e-07,1.0,1e-08,adamax,0,0.0,disordered,1,0.2219446541703517,0 days 16:22:05.799689,0.0014327639403535,4.697515017001532,4.51044877929422
186,186,186,186,0.1925613572129196,0.1925613572129196,0.1925613572129196,0.1925613572129196,0.1925613572129196,0.1925613572129196,0.1925613572129196,0.1925613572129196,0.1925613572129196,0.1925613572129196,0.1925613572129196,0.1925613572129196,0.1925613572129196,0.1925613572129196,0.0369114042799881,0.0371929721577651,0.0371547956131901,0.0428847562393043,0.2843337367325259,0.0379311945306106,1.001058206483462,0.3205021376287225,0.318957815212133,0.8011650882608286,0.2501644751878998,0.0546684800879971,0.0567010175392614,0.0490023285625251,-0.001579239207437,-0.0019131996964615,716.0,0.0,0.8087660989410643,0.249111627952104,0.0858929229390899,0.254972155699174,0.5957210477611887,0.3361802632506178,0.9883799878715483,0.5522747263302411,0.5682927062040893,0.7419191567654806,0.5150272388966293,0.173762931102551,0.2014018916290892,0.4537291805351077,100000,30,14,0.1,1.0,0.1,0,13,0.001,1e-06,0.001,1e-07,1.0,1e-08,adamax,0,0.0,disordered,1,0.1900606856277353,0 days 16:22:05.799689,0.001579285571202,4.933248096914209,4.577222516762142
187,187,187,187,0.1439847952876006,0.1439847952876006,0.1439847952876006,0.1439847952876006,0.1439847952876006,0.1439847952876006,0.1439847952876006,0.1439847952876006,0.1439847952876006,0.1439847952876006,0.1439847952876006,0.1439847952876006,0.1439847952876006,0.1439847952876006,0.4723941787469585,0.2872840847482377,0.0483978421517492,0.9453733286750888,1.0011118623561792,0.0257364814854489,0.0306879453614923,0.0409451851929481,0.2530606241399765,0.1900387237442684,0.03988227211669,0.0238365743172253,0.0199892108104459,0.0201288712097783,-0.0019104869249652,-0.0026480949153535,865.0,0.0,0.2529303537024083,0.2071190140352143,0.3677948718250868,0.8022049364481282,0.8649307511344473,0.263361393734891,0.1976445899594007,0.0359647497220525,0.0092730827320837,0.3667459082696913,0.193624417425568,0.5036283345830826,0.1314198051986721,0.6267589787464479,100000,30,14,0.1,1.0,0.1,0,13,0.001,1e-06,0.001,1e-07,1.0,1e-08,adamax,0,0.0,disordered,1,0.143353615427237,0 days 16:22:05.799689,0.0019104927465765,4.474654113809799,4.57041060272524
188,188,188,188,0.2414157116103016,0.2414157116103016,0.2414157116103016,0.2414157116103016,0.2414157116103016,0.2414157116103016,0.2414157116103016,0.2414157116103016,0.2414157116103016,0.2414157116103016,0.2414157116103016,0.2414157116103016,0.2414157116103016,0.2414157116103016,0.1223103596182903,0.984684536096717,0.9427510043492466,0.0641270003588092,0.8460305670871248,0.0752527976633325,0.0666556084918702,0.5954257208326861,1.0021892238574788,0.1174844879410629,0.0608205765954663,0.0581946247541547,0.6463507786059528,0.0675565390014935,-0.0013695616523993,-0.0015900487638726,621.0,0.0,0.5573134997452802,0.913913495233418,0.8106934315245854,0.1216145605187998,0.5469880187365489,0.3670105904446643,0.041128447497859,0.5501240844177487,0.9756807101632458,0.1452335134155775,0.0049731952874135,0.1983570391565602,0.4297408315359265,0.2642354381906198,100000,30,14,0.1,1.0,0.1,0,13,0.001,1e-06,0.001,1e-07,1.0,1e-08,adamax,0,0.0,disordered,1,0.2425973163639847,0 days 16:22:05.799689,0.0013695679864047,4.747799109187475,4.525450052854973
189,189,189,189,0.1148471547840287,0.1148471547840287,0.1148471547840287,0.1148471547840287,0.1148471547840287,0.1148471547840287,0.1148471547840287,0.1148471547840287,0.1148471547840287,0.1148471547840287,0.1148471547840287,0.1148471547840287,0.1148471547840287,0.1148471547840287,0.4649779185315674,0.8693458276915736,9.994467933283002e-07,2.587790349387483e-07,5.939560964343536e-07,0.6546953990901939,6.417068833615974e-07,2.013224458611413e-06,0.0259306600219341,0.5252487633262115,0.0195387854588969,6.376247174715305e-07,5.062269665126785e-07,1.099235070093895e-06,-0.0023569505544452,-0.003370489963894,10124.0,1.0,0.6932936735933287,0.2672623689173509,0.8626971619102233,0.1282659346033251,0.1554012837198247,0.969377300428406,0.0732914500203085,0.7549998240434538,0.0837677614254499,0.158740130602586,0.6247094369153915,0.8248364219899545,0.61683593577394,0.9963130923697778,100000,30,14,0.1,1.0,0.1,0,13,0.001,1e-06,0.001,1e-07,1.0,1e-08,adamax,0,0.0,disordered,1,0.1131747593430987,0 days 16:22:05.799689,0.0023570785428876,5.204261010474517,4.515384693363434
190,190,190,190,0.0140700808560268,0.0140700808560268,0.0140700808560268,0.0140700808560268,0.0140700808560268,0.0140700808560268,0.0140700808560268,0.0140700808560268,0.0140700808560268,0.0140700808560268,0.0140700808560268,0.0140700808560268,0.0140700808560268,0.0140700808560268,1.740595122592223e-06,1.284691200715924e-06,4.565339213939718e-06,9.654359327467444e-05,0.1700263836858351,0.0966560095881929,1.0316678722540147e-06,9.99744947691172e-08,1.7570085707937968e-06,2.1765818890042024e-06,3.715200100429237e-06,4.919081871342926e-06,0.0379227770315659,1.815966015682848e-06,-0.003068577487262,-0.0044096843908506,7035.0,0.0,0.9862650632997776,0.1496825260515591,0.4663641044360879,0.4693755395883446,0.1866419388638073,0.658724005284566,0.8699229564331522,0.739314693065344,0.7889120561966407,0.2608953373879905,0.5658976998449771,0.1771920208128851,0.7632416685987634,0.9303556820469552,100000,30,14,0.1,1.0,0.1,0,13,0.001,1e-06,0.001,1e-07,1.0,1e-08,adamax,0,0.0,disordered,1,0.014291983371786,0 days 16:22:05.799689,0.0030686217175492,6.345514593602965,5.996194381356702
191,191,191,191,0.2493409369951876,0.2493409369951876,0.2493409369951876,0.2493409369951876,0.2493409369951876,0.2493409369951876,0.2493409369951876,0.2493409369951876,0.2493409369951876,0.2493409369951876,0.2493409369951876,0.2493409369951876,0.2493409369951876,0.2493409369951876,0.4861543958482169,0.2458456014212632,0.1293199645289916,1.0021121992013544,0.0960874185566876,0.0640330660113601,1.001869718558287,0.0939833250451045,0.1254104539365564,0.1480137268829037,0.063987480153356,0.0674960658478085,0.0692962964585933,0.5261390905956328,-0.0014221031148534,-0.0016083297991911,610.0,0.0,0.4980075984843168,0.5180013816179263,0.7386344412351523,0.8936842151923095,0.0920337176574582,0.7535529918836987,0.8954766724913747,0.2084573312018964,0.2950824311468091,0.4705927554564316,0.5950447400288534,0.4579302653735336,0.5732551458625734,0.3881864994297214,100000,30,14,0.1,1.0,0.1,0,13,0.001,1e-06,0.001,1e-07,1.0,1e-08,adamax,0,0.0,disordered,1,0.2526328115934633,0 days 16:22:05.799689,0.0014221617321129,4.255451174512606,4.279346056531117
192,192,192,192,0.2263129568399526,0.2263129568399526,0.2263129568399526,0.2263129568399526,0.2263129568399526,0.2263129568399526,0.2263129568399526,0.2263129568399526,0.2263129568399526,0.2263129568399526,0.2263129568399526,0.2263129568399526,0.2263129568399526,0.2263129568399526,0.0541797125993709,0.0852417405085132,1.0016464784358812,0.7123950349907443,0.0604208639191428,0.0514449995715799,0.0508826455450629,0.9709126032350448,0.9870522083900802,0.8222187246867144,0.8618380541225672,0.0512616461722305,0.0526020145077237,0.0511561095853939,-0.0012869092660625,-0.0017042640043119,650.0,0.0,0.421754827938559,0.3106504491655834,0.6538618646577183,0.9378398401958934,0.9857411687514108,0.3822793335511966,0.0447837545754448,0.6344540443711366,0.9535155505474926,0.9528442754090228,0.6866387119651769,0.374571382510796,0.0832200958643163,0.4619080306863552,100000,30,14,0.1,1.0,0.1,0,13,0.001,1e-06,0.001,1e-07,1.0,1e-08,adamax,0,0.0,disordered,1,0.2261749695528942,0 days 16:22:05.799689,0.0012869093102264,5.476040041925302,4.321308852199993
193,193,193,193,0.1487115462808952,0.1487115462808952,0.1487115462808952,0.1487115462808952,0.1487115462808952,0.1487115462808952,0.1487115462808952,0.1487115462808952,0.1487115462808952,0.1487115462808952,0.1487115462808952,0.1487115462808952,0.1487115462808952,0.1487115462808952,0.4105627341995755,0.1467188119455257,0.04929401422054,1.001245309027406,0.0338856806750807,0.097360840182495,0.047033551699422,0.9828510761410552,0.023743840425156,0.4307512768752339,0.032425741162521,0.3531841586838513,0.0366175725547732,0.031411926575468,-0.0020120075441975,-0.002292411530355,840.0,0.0,0.6550143139959383,0.7226245092723456,0.6616841453875995,0.7867142639609922,0.1126774006320914,0.517710147750081,0.4516629498610115,0.5011458474264819,0.4659594818300158,0.604678520127203,0.1066072353397643,0.0106474547550092,0.4366853920221658,0.5885711331191602,100000,30,14,0.1,1.0,0.1,0,13,0.001,1e-06,0.001,1e-07,1.0,1e-08,adamax,0,0.0,disordered,1,0.14646637045179,0 days 16:22:05.799689,0.0020120973554127,4.540967892208396,4.093147394560757
194,194,194,194,0.2191196687578146,0.2191196687578146,0.2191196687578146,0.2191196687578146,0.2191196687578146,0.2191196687578146,0.2191196687578146,0.2191196687578146,0.2191196687578146,0.2191196687578146,0.2191196687578146,0.2191196687578146,0.2191196687578146,0.2191196687578146,0.7653856869100986,0.6002719762509447,0.4783879714101947,0.2926338585341547,2.1796026507955494e-06,0.0144729575989008,3.1354803910102267e-06,0.0521327981267595,0.0129190999670435,1.0567963754087244e-05,0.1569864499943988,8.317876492294646e-05,3.706224635766585e-06,0.4515305103146912,-0.0014547778676857,-0.0017105875652898,8577.0,1.0,0.4241803299861904,0.514728566376785,0.4008883582920273,0.8127546735256219,0.8101603872738865,0.151060378924085,0.6237938163812798,0.5232326869776311,0.0560213795149061,0.0880739856496465,0.8140995207742553,0.7159176301300607,0.1578200566934275,0.5868011269753782,100000,30,14,0.1,1.0,0.1,0,13,0.001,1e-06,0.001,1e-07,1.0,1e-08,adamax,0,0.0,disordered,1,0.221109725652633,0 days 16:22:05.799689,0.0014547975601109,3.8153846387117256,4.313342009567698
195,195,195,195,0.1864408533970484,0.1864408533970484,0.1864408533970484,0.1864408533970484,0.1864408533970484,0.1864408533970484,0.1864408533970484,0.1864408533970484,0.1864408533970484,0.1864408533970484,0.1864408533970484,0.1864408533970484,0.1864408533970484,0.1864408533970484,0.0454645047646355,0.0359307591008463,0.0455576240713248,1.0001449714016697,0.0356349584688812,0.989559238572562,0.0341530993675269,0.0339713146865169,0.0362695561350913,0.5786770053455427,0.0349768628036753,0.4300214199075029,0.0487626492991159,0.0430388980147862,-0.0018031178784175,-0.0021833262875601,744.0,0.0,0.8935856838618846,0.5232036772996999,0.601254124412449,0.6769815814116454,0.5294803439752425,0.8793058389897858,0.2552990482349658,0.2256741123218106,0.1008685885186569,0.4444062800865939,0.3266186604958152,0.4998105982025818,0.1746521771424269,0.4806145190096268,100000,30,14,0.1,1.0,0.1,0,13,0.001,1e-06,0.001,1e-07,1.0,1e-08,adamax,0,0.0,disordered,1,0.186613582399893,0 days 16:22:05.799689,0.0018031182435139,4.79460418111793,4.495125059275556
196,196,196,196,0.367392478180207,0.367392478180207,0.367392478180207,0.367392478180207,0.367392478180207,0.367392478180207,0.367392478180207,0.367392478180207,0.367392478180207,0.367392478180207,0.367392478180207,0.367392478180207,0.367392478180207,0.367392478180207,0.3823392322581611,0.3689423713808291,0.5088439563401108,0.1338284091419714,0.1350363779541802,1.0010866718280584,0.9957708858458812,0.1339323588692096,0.1514802539301253,0.1353446640369766,0.1735905168676944,0.1583818283601776,0.3060896199988954,0.6448412164959181,-0.0010745200064685,-0.0011883000024304,437.0,0.0,0.4961025453543837,0.3056658187410817,0.8043076207169698,0.5053229983693688,0.5946087624129153,0.952240590006979,0.8769549097354983,0.6449731068224848,0.0053036025347792,0.6442923242156278,0.3049230873607423,0.24701432822798,0.6052588097979229,0.1761206429723647,100000,30,14,0.1,1.0,0.1,0,13,0.001,1e-06,0.001,1e-07,1.0,1e-08,adamax,0,0.0,disordered,1,0.3733260149527907,0 days 16:22:05.799689,0.0010745883722691,4.277764163679271,4.341994455418663
197,197,197,197,0.2837303616516209,0.2837303616516209,0.2837303616516209,0.2837303616516209,0.2837303616516209,0.2837303616516209,0.2837303616516209,0.2837303616516209,0.2837303616516209,0.2837303616516209,0.2837303616516209,0.2837303616516209,0.2837303616516209,0.2837303616516209,0.4929956532160336,0.3298358434164994,0.0052427679275048,1.0004116405819872,0.0049069988013802,0.0183604628873937,0.004200863854917,0.0066896416958944,0.0123291887335466,0.0345524821083101,0.0187168051284759,0.0559678515934695,0.1619450212634892,0.7230891432416503,-0.0012436084700889,-0.0014653138564462,1842.0,0.0,0.7359420750755481,0.7763506180697476,0.1378328494587537,0.151966353624163,0.925285077913802,0.0305454210323403,0.7981187024493254,0.7469151591312451,0.7032878921611835,0.0338023897631204,0.9418283836724008,0.20546840028302,0.8728077965440963,0.5007396312109774,100000,30,14,0.1,1.0,0.1,0,13,0.001,1e-06,0.001,1e-07,1.0,1e-08,adamax,0,0.0,disordered,1,0.2845276818274598,0 days 16:22:05.799689,0.0012436101706976,4.142769916879373,4.540009636855266
198,198,198,198,0.2747120789270809,0.2747120789270809,0.2747120789270809,0.2747120789270809,0.2747120789270809,0.2747120789270809,0.2747120789270809,0.2747120789270809,0.2747120789270809,0.2747120789270809,0.2747120789270809,0.2747120789270809,0.2747120789270809,0.2747120789270809,0.0858459202291913,0.0934745608183381,0.092374699361596,0.0802681136006425,0.0770315041760384,0.0782237926855386,0.9668790155818296,0.9806797971045464,0.1585684719614583,0.9945247433024962,1.0002964617471088,0.1078263165813175,0.0798089619328084,0.0869911076402149,-0.0011916890183833,-0.0016184139655689,563.0,0.0,0.3256459273497325,0.1748341691579661,0.0114767132297118,0.2342906526973365,0.1162598230412464,0.0066563200512604,0.6648013979836157,0.9771697778493912,0.5144152528968474,0.8204181545276492,0.9703876172775256,0.0807466354298075,0.4254319205126254,0.4217884105482588,100000,30,14,0.1,1.0,0.1,0,13,0.001,1e-06,0.001,1e-07,1.0,1e-08,adamax,0,0.0,disordered,1,0.2784105784216129,0 days 16:22:05.799689,0.0011917189981093,5.170285908307937,4.755522023275533
199,199,199,199,0.2414157116103016,0.2414157116103016,0.2414157116103016,0.2414157116103016,0.2414157116103016,0.2414157116103016,0.2414157116103016,0.2414157116103016,0.2414157116103016,0.2414157116103016,0.2414157116103016,0.2414157116103016,0.2414157116103016,0.2414157116103016,0.2491095617887962,0.8347414416550849,0.3680461041907882,0.057617683575058,1.0008530487198823,0.0726875348682548,0.0659198808922146,0.9922174836376818,0.0887799557738527,0.9864330616114256,0.0584912414780726,0.0909280625789396,0.1182466337820995,0.0628468068667654,-0.0014497193427135,-0.0018032491618616,620.0,0.0,0.2487687638254676,0.7175643490057031,0.5537527821643865,0.1679244739437104,0.9457826986198424,0.1192835651627532,0.0496830502617905,0.7558344124568469,0.4273698252746744,0.6525989397308843,0.0293280277415377,0.0800179552122662,0.2844917022951683,0.3277155772772908,100000,30,14,0.1,1.0,0.1,0,13,0.001,1e-06,0.001,1e-07,1.0,1e-08,adamax,0,0.0,disordered,1,0.2381067532365988,0 days 16:22:05.799689,0.0014497799953933,4.632162116524082,4.493624465455676
200,200,200,200,0.3557150206821381,0.3557150206821381,0.3557150206821381,0.3557150206821381,0.3557150206821381,0.3557150206821381,0.3557150206821381,0.3557150206821381,0.3557150206821381,0.3557150206821381,0.3557150206821381,0.3557150206821381,0.3557150206821381,0.3557150206821381,0.5593819665262667,0.5504561911543357,0.76347225364612,0.0958362285305605,0.1463988398989202,0.1336019364016494,0.1645687232794017,0.1497062370009035,0.1447107412116525,0.2877087459500037,0.1079146551493515,0.0664794770789973,1.0005102235706735,0.2893243160314971,-0.0010902936367417,-0.0012122208105487,864.0,0.0,0.5278125088659839,0.318136568470538,0.2315795162140604,0.9511782787436884,0.1326977726338979,0.5025277899584487,0.223667964909474,0.8118586684336861,0.6191173950887304,0.6204957812457725,0.435440675338833,0.4582904144594563,0.9921851717130896,0.4248277365856714,100000,30,14,0.1,1.0,0.1,0,13,0.001,1e-06,0.001,1e-07,1.0,1e-08,adamax,0,0.0,disordered,1,0.3591166774945012,0 days 16:22:05.799689,0.0010903131116487,4.249480554727799,4.504339723781689
201,201,201,201,0.2747120789270809,0.2747120789270809,0.2747120789270809,0.2747120789270809,0.2747120789270809,0.2747120789270809,0.2747120789270809,0.2747120789270809,0.2747120789270809,0.2747120789270809,0.2747120789270809,0.2747120789270809,0.2747120789270809,0.2747120789270809,0.0770498322536295,0.0783649605065143,0.076433423902472,1.0002223282126688,0.0750703559243764,0.9914453086359212,0.2677729250983941,0.0774986270236515,0.5206989190890087,0.0843502254127024,0.0901447908717658,0.6736327949186143,0.089565567204665,0.4058024547657504,-0.0012043484306345,-0.0013463523654088,563.0,0.0,0.6574672079546182,0.0881713784179982,0.5245834158918792,0.755821557180018,0.4688493074920858,0.7273168622303527,0.6642606717342343,0.1098898573146673,0.4771317496998679,0.0312014157005438,0.0909429114613579,0.6732269794882545,0.2198682291590735,0.0506398991912545,100000,30,14,0.1,1.0,0.1,0,13,0.001,1e-06,0.001,1e-07,1.0,1e-08,adamax,0,0.0,disordered,1,0.2758045879277375,0 days 16:22:05.799689,0.0012043526857063,4.351883115507687,4.2539946040568966
202,202,202,202,0.2337423870891812,0.2337423870891812,0.2337423870891812,0.2337423870891812,0.2337423870891812,0.2337423870891812,0.2337423870891812,0.2337423870891812,0.2337423870891812,0.2337423870891812,0.2337423870891812,0.2337423870891812,0.2337423870891812,0.2337423870891812,0.6205374176084969,0.198605690219789,7.506477746434242e-06,0.2839240124435654,0.2841584209426565,0.4890229347877949,0.510595470601777,0.3585291988867198,0.3623567684877293,0.2670678253978025,0.7304006947077227,0.0167099633183232,9.999976820064629e-08,1.2392550658278098e-07,-0.0016927024498565,-0.0020483422473138,37362.0,0.0,0.4683997258247909,0.6982124711913849,0.2801904171648375,0.1906005552455659,0.230797647145204,0.0230889340700155,0.0417394724866417,0.4624317947354035,0.2153979852087361,0.4279799409301008,0.9132574465254402,0.8042383326726235,0.8267273504991763,0.929023616452101,100000,30,14,0.1,1.0,0.1,0,13,0.001,1e-06,0.001,1e-07,1.0,1e-08,adamax,0,0.0,disordered,1,0.2352319521338648,0 days 16:22:05.799689,0.0016927229506581,4.768766828531109,4.599936451783312
203,203,203,203,0.333461801578636,0.333461801578636,0.333461801578636,0.333461801578636,0.333461801578636,0.333461801578636,0.333461801578636,0.333461801578636,0.333461801578636,0.333461801578636,0.333461801578636,0.333461801578636,0.333461801578636,0.333461801578636,0.1145366178066277,0.1128177704257067,0.1118612315817786,0.9764084354619323,0.1140829252773242,0.1310575632218989,0.1168537218880817,0.9959839162947136,1.0014287923065663,0.1926150376892208,0.4692537217113214,0.6546402975633114,0.1523198385318858,0.1815884305365951,-0.00111645364682,-0.0012505310580925,476.0,0.0,0.6669769559759705,0.4377045405814164,0.073335824822771,0.7217063751878922,0.111179044306536,0.3033866478777075,0.2806086191107868,0.937853584622824,0.8666195092203972,0.2545932023334656,0.3747550301281869,0.4773484970573644,0.0477178302504632,0.0192305137919545,100000,30,14,0.1,1.0,0.1,0,13,0.001,1e-06,0.001,1e-07,1.0,1e-08,adamax,0,0.0,disordered,1,0.3359757633010768,0 days 16:22:05.799689,0.0011164706916846,4.614487709658799,4.4817263124570434
204,204,204,204,0.2263129568399526,0.2263129568399526,0.2263129568399526,0.2263129568399526,0.2263129568399526,0.2263129568399526,0.2263129568399526,0.2263129568399526,0.2263129568399526,0.2263129568399526,0.2263129568399526,0.2263129568399526,0.2263129568399526,0.2263129568399526,0.3097603964953769,0.2785250493175917,0.4782903309333759,0.746009207954537,0.0612185570270756,0.9960065636089832,0.0501321097182962,1.0016574980980706,0.0503327671855612,0.6852724827221603,0.9165306257698376,0.0531792677877553,0.0505312390722125,0.0508189013675399,-0.0013637523639844,-0.0018106452647279,653.0,0.0,0.5690988942672214,0.500237146077834,0.6294636587888246,0.8784156622342133,0.1383305444213748,0.8959807609454241,0.2096072329667661,0.92267898419396,0.1586010092630354,0.3994831424772106,0.7364412446434414,0.2002039593139714,0.1171722651598887,0.2687335756630974,100000,30,14,0.1,1.0,0.1,0,13,0.001,1e-06,0.001,1e-07,1.0,1e-08,adamax,0,0.0,disordered,1,0.2256383645460944,0 days 16:22:05.799689,0.0013637555246152,4.5559100357122855,4.227041417149368
205,205,205,205,0.1747772774464679,0.1747772774464679,0.1747772774464679,0.1747772774464679,0.1747772774464679,0.1747772774464679,0.1747772774464679,0.1747772774464679,0.1747772774464679,0.1747772774464679,0.1747772774464679,0.1747772774464679,0.1747772774464679,0.1747772774464679,1.0007016162153546,0.1600549352884353,0.3959981605347275,0.14975926402175,0.0985523109505665,0.0643490896766041,0.1932871622916444,0.0356306273492437,0.0345623903463789,0.0561669447547229,0.0449822733711788,0.0535831488177407,0.183698383577233,0.1106018058297746,-0.0018750660463218,-0.0021028978851829,778.0,0.0,0.3364332254505885,0.8859235799567501,0.250740658592031,0.6818726384248391,0.8348612693863806,0.0133505957865881,0.273762834221375,0.902726656459502,0.5817087775335785,0.1693126927876244,0.4931705350093037,0.4002097735936605,0.8354219932517978,0.7926098323818732,100000,30,14,0.1,1.0,0.1,0,13,0.001,1e-06,0.001,1e-07,1.0,1e-08,adamax,0,0.0,disordered,1,0.1737469430584356,0 days 16:22:05.799689,0.0018750839152425,4.346686295880901,4.273071274847847
206,206,206,206,0.1638433645577982,0.1638433645577982,0.1638433645577982,0.1638433645577982,0.1638433645577982,0.1638433645577982,0.1638433645577982,0.1638433645577982,0.1638433645577982,0.1638433645577982,0.1638433645577982,0.1638433645577982,0.1638433645577982,0.1638433645577982,1.0005679681280637,0.2969207826578477,0.5636533453748414,0.2007367166223183,0.2969459911244558,0.0496111878515459,0.0238030399203777,0.3358604216772519,0.0248610403935257,0.0379097384646418,0.0253661896669221,0.0249080479968782,0.0271554206944586,0.0252924800924629,-0.0019110555367794,-0.0024812469845163,847.0,0.0,0.3241779405369809,0.9830646964827148,0.0477884867818838,0.9096517536701376,0.097267032824367,0.5542749186044887,0.4189021314134399,0.8234209293184693,0.4805061611921127,0.281411924913489,0.7128149525361499,0.3820168994194098,0.4251771273663627,0.8162498580807743,100000,30,14,0.1,1.0,0.1,0,13,0.001,1e-06,0.001,1e-07,1.0,1e-08,adamax,0,0.0,disordered,1,0.1621140465405689,0 days 16:22:05.799689,0.0019111018782794,4.4802996048328785,4.258812515820838
207,207,207,207,0.3228628202536728,0.3228628202536728,0.3228628202536728,0.3228628202536728,0.3228628202536728,0.3228628202536728,0.3228628202536728,0.3228628202536728,0.3228628202536728,0.3228628202536728,0.3228628202536728,0.3228628202536728,0.3228628202536728,0.3228628202536728,0.6373875982812826,0.6102233702125849,0.1364730925715505,0.0986817066208112,0.0972256023085137,0.1031561879115458,0.097786480446213,0.7707110575579915,1.0004841992015048,0.0983999599380377,0.4121213194040105,0.8815895558435491,0.1013419671588901,0.1000661931324542,-0.0010684659043484,-0.0012886140391904,519.0,0.0,0.3562051574027112,0.530048822740228,0.8087430632572472,0.8267099729670038,0.6836381477745519,0.7098273205737634,0.0951861809945375,0.5452303824885759,0.5979696256481425,0.1411044150060496,0.8883386774979529,0.6756783223405803,0.1031471938061922,0.1217301673848533,100000,30,14,0.1,1.0,0.1,0,13,0.001,1e-06,0.001,1e-07,1.0,1e-08,adamax,0,0.0,disordered,1,0.3242481755840131,0 days 16:22:05.799689,0.0010684703205716,4.153935591558197,4.179617617839488
208,208,208,208,0.3444087275973818,0.3444087275973818,0.3444087275973818,0.3444087275973818,0.3444087275973818,0.3444087275973818,0.3444087275973818,0.3444087275973818,0.3444087275973818,0.3444087275973818,0.3444087275973818,0.3444087275973818,0.3444087275973818,0.3444087275973818,1.0001498876445254,0.6410202867434397,0.2370568865401225,0.2578113900360053,0.2408515063362922,0.2873342108945582,0.0937608949512797,0.5410064157687616,0.0619965062972373,0.1104020950474583,0.0602133353047286,0.5756372253730165,0.079937720076848,0.7610931494340277,-0.0010862943165957,-0.0011654392151957,754.0,0.0,0.1035658471359807,0.1448197919192561,0.58974415378652,0.097546201456495,0.4087798228349987,0.2886613044402275,0.6535582981725113,0.7123341566952256,0.6383601099847973,0.5954088370670796,0.5562000611310318,0.7675962287549989,0.5012767621670378,0.2140956364946002,100000,30,14,0.1,1.0,0.1,0,13,0.001,1e-06,0.001,1e-07,1.0,1e-08,adamax,0,0.0,disordered,1,0.3494785326473274,0 days 16:22:05.799689,0.0010863532139656,3.8028890244946685,4.074121710428391
209,209,209,209,0.3794532847236935,0.3794532847236935,0.3794532847236935,0.3794532847236935,0.3794532847236935,0.3794532847236935,0.3794532847236935,0.3794532847236935,0.3794532847236935,0.3794532847236935,0.3794532847236935,0.3794532847236935,0.3794532847236935,0.3794532847236935,1.0007299158617082,0.4325451736666404,0.1933342387721985,0.1859746368732845,0.1758445368489284,0.1846791093478261,0.1337770342252319,0.2966646665827945,0.1580381193667497,0.2245305406134153,0.2409198235507935,0.1538303785577332,0.4976805560482041,0.5005801695671285,-0.0010319179331353,-0.0010975073739537,475.0,0.0,0.1094107571203395,0.6000482200302583,0.80501981911651,0.7176535781625706,0.7077978198928584,0.777185446924128,0.0806533994303507,0.8507454167128043,0.031269612594601,0.559562244754216,0.4154770741987346,0.1317667119318895,0.5731232422677263,0.1149883664856494,100000,30,14,0.1,1.0,0.1,0,13,0.001,1e-06,0.001,1e-07,1.0,1e-08,adamax,0,0.0,disordered,1,0.3765412871459345,0 days 16:22:05.799689,0.0010319322612899,4.073033052988166,4.269838111220357
210,210,210,210,0.4606028844202396,0.4606028844202396,0.4606028844202396,0.4606028844202396,0.4606028844202396,0.4606028844202396,0.4606028844202396,0.4606028844202396,0.4606028844202396,0.4606028844202396,0.4606028844202396,0.4606028844202396,0.4606028844202396,0.4606028844202396,1.001726421927294,0.4234835231600257,0.2134297796615985,0.2405249623708244,0.21326746220143,0.5295117740080828,0.2111600557111388,0.2158248757560363,0.2152696866879423,0.2433059635348154,0.2463270488524135,0.2669205798589632,0.3710710523200587,0.8113584997732266,-0.0009344116088325,-0.0010103641753139,337.0,0.0,0.0505762404166152,0.7108632822931158,0.8915345125263209,0.4405463740297752,0.8064621134539653,0.9539262940959512,0.7305731267543529,0.421680384049949,0.9434034429065684,0.2472636957095301,0.2385588070509432,0.6698863231474224,0.8252363919080409,0.2609545946839984,100000,30,14,0.1,1.0,0.1,0,13,0.001,1e-06,0.001,1e-07,1.0,1e-08,adamax,0,0.0,disordered,1,0.4604393964567913,0 days 16:22:05.799689,0.000934411547751,4.222352680790621,4.332967972769886
211,211,211,211,0.0730680395052949,0.0730680395052949,0.0730680395052949,0.0730680395052949,0.0730680395052949,0.0730680395052949,0.0730680395052949,0.0730680395052949,0.0730680395052949,0.0730680395052949,0.0730680395052949,0.0730680395052949,0.0730680395052949,0.0730680395052949,0.240301884742081,0.3077123974578989,0.2012239396073407,0.0065251771451754,0.0051130320758168,0.0295237849877479,1.001181733981392,1.0018680655032468,0.0241117062650949,0.0193315279509012,0.0270423777451096,0.0086205208479761,0.0080530792122656,0.0051691054470403,-0.0019570175976218,-0.0029968327236157,1153.0,0.0,0.3136782132049029,0.0277853878946894,0.0948733749029787,0.3297294529593854,0.0947572752330966,0.0222784833335085,0.7705703551273733,0.8833589428933932,0.1365328338943136,0.3429746635592937,0.0158781896217724,0.4205723412559977,0.1194476200617402,0.5680865217585311,100000,30,14,0.1,1.0,0.1,0,13,0.001,1e-06,0.001,1e-07,1.0,1e-08,adamax,0,0.0,disordered,1,0.0738237842525679,0 days 16:22:05.799689,0.0019570370113141,4.981657074661514,4.968611359816454
212,212,212,212,0.3919100249433399,0.3919100249433399,0.3919100249433399,0.3919100249433399,0.3919100249433399,0.3919100249433399,0.3919100249433399,0.3919100249433399,0.3919100249433399,0.3919100249433399,0.3919100249433399,0.3919100249433399,0.3919100249433399,0.3919100249433399,0.63929929236872,0.3926045498622293,0.967010513697373,0.180011766369288,0.1668284643548609,0.1143757343193524,2.04359593746728e-05,1.330372532100307e-07,2.3410532979469734e-07,2.960872967595712e-07,1.1022617845022737e-06,0.0595057271684693,0.3519681803222599,0.8115641262096417,-0.0009715795642941,-0.0011502179274856,9835.0,1.0,0.6773855463639422,0.7161586602233061,0.1043067762860063,0.7991971980520339,0.838332325562638,0.2711926659637083,0.9735475529701468,0.3375149250565232,0.2575527416724514,0.1583268933402386,0.9622367725472548,0.9845068936899845,0.7833617607353065,0.3001591142917283,100000,30,14,0.1,1.0,0.1,0,13,0.001,1e-06,0.001,1e-07,1.0,1e-08,adamax,0,0.0,disordered,1,0.3914887762281375,0 days 16:22:05.799689,0.0009715799057089,3.595596393533964,4.537525747930851
213,213,213,213,0.0015148189222583,0.0015148189222583,0.0015148189222583,0.0015148189222583,0.0015148189222583,0.0015148189222583,0.0015148189222583,0.0015148189222583,0.0015148189222583,0.0015148189222583,0.0015148189222583,0.0015148189222583,0.0015148189222583,0.0015148189222583,3.309752833588342e-05,3.103499149655044e-05,0.000641232523814,7.016778838051307e-05,1.4785726954083029e-05,0.0008985793057782,4.106035899760521e-05,0.000123922127483,0.0478593263054475,0.015968024821025,0.0678050219103664,1.0013742709773368,0.0012126335772834,1.8770012948624914e-05,-0.0013619898154879,-0.0023406189369855,2844.0,0.0,0.1863168957933664,0.8160956278075892,0.8195866498882468,0.6917068724736452,0.0141286385790188,0.0897702749266857,0.5713045891257171,0.0394953411916256,0.8179250197915076,0.9777640393148442,0.9775786952206656,0.829646147129515,0.0386275721174035,0.1134416250312995,100000,30,14,0.1,1.0,0.1,0,13,0.001,1e-06,0.001,1e-07,1.0,1e-08,adamax,0,0.0,disordered,1,0.0015276122967471,0 days 16:22:05.799689,0.0013620000600661,6.173942040497767,6.433581542843367
214,214,214,214,0.367392478180207,0.367392478180207,0.367392478180207,0.367392478180207,0.367392478180207,0.367392478180207,0.367392478180207,0.367392478180207,0.367392478180207,0.367392478180207,0.367392478180207,0.367392478180207,0.367392478180207,0.367392478180207,0.1316641119803644,0.3230555525542856,0.1333465217299741,0.1330465099873604,0.1336453790174733,0.1334360858263432,0.185405815292675,0.1416422597616443,0.156663105670954,0.258329511785281,1.0014417995259148,0.9763784840327656,0.1561381925033639,0.1344652499590329,-0.0009574871204029,-0.001130621374855,443.0,0.0,0.9788995294148176,0.542143749584765,0.1121834598919309,0.0047986962695082,0.115267005663062,0.8785974091814128,0.2993388859024937,0.7459291170862314,0.937366336734396,0.35489974256256,0.9313564413874184,0.8822250626891953,0.1216177817136735,0.1278319281672717,100000,30,14,0.1,1.0,0.1,0,13,0.001,1e-06,0.001,1e-07,1.0,1e-08,adamax,0,0.0,disordered,1,0.3671183770749662,0 days 16:22:05.799689,0.0009574872934582,4.961903031889989,4.700041628225768
215,215,215,215,0.1535934676510895,0.1535934676510895,0.1535934676510895,0.1535934676510895,0.1535934676510895,0.1535934676510895,0.1535934676510895,0.1535934676510895,0.1535934676510895,0.1535934676510895,0.1535934676510895,0.1535934676510895,0.1535934676510895,0.1535934676510895,0.3503150004355214,0.0661270444995384,0.0461616568549054,0.0230250537692263,1.0019418789390615,0.0324985764963581,0.0255260903756358,0.0229756386238178,0.0223271323225475,0.0223965219542056,0.0252195788087821,0.2311951116438634,0.0314036476232832,0.2976867559127437,-0.0018288083845456,-0.0020989656521204,833.0,0.0,0.9012288743775664,0.8379621667181256,0.8244225168815499,0.6668554539279069,0.9580380097249876,0.4217887832576917,0.8187208922359559,0.7743750860479226,0.4362492184849196,0.2919197500309933,0.1148970826679349,0.9529001346514946,0.8191868690166361,0.7431019824611016,100000,30,14,0.1,1.0,0.1,0,13,0.001,1e-06,0.001,1e-07,1.0,1e-08,adamax,0,0.0,disordered,1,0.1542728610686065,0 days 16:22:05.799689,0.0018288163060769,4.310245657912213,4.284026057626139
216,216,216,216,0.2575263326771198,0.2575263326771198,0.2575263326771198,0.2575263326771198,0.2575263326771198,0.2575263326771198,0.2575263326771198,0.2575263326771198,0.2575263326771198,0.2575263326771198,0.2575263326771198,0.2575263326771198,0.2575263326771198,0.2575263326771198,0.982946057388223,0.2407996295213296,0.2315136183778578,0.0692357472095881,0.1068576960150287,0.0656825252180936,0.0664821510665923,0.9890460641009172,1.0020070099508571,1.001337408882706,0.0677484928869036,0.137187306535601,0.1387099518180243,0.0667458221281535,-0.0013572036365533,-0.0017357458811101,593.0,0.0,0.2514756636614588,0.820109396472933,0.1962333892589896,0.6352925218784667,0.162132723682877,0.4527068756174857,0.6110690318720912,0.7191537798294915,0.917432036335271,0.9578338934687016,0.7605457635265853,0.0449673550017765,0.3870494664839662,0.7263565217141167,100000,30,14,0.1,1.0,0.1,0,13,0.001,1e-06,0.001,1e-07,1.0,1e-08,adamax,0,0.0,disordered,1,0.2592002898904118,0 days 16:22:05.799689,0.0013572132958998,4.7270970510532955,4.3336529717549706
217,217,217,217,0.4180637241455752,0.4180637241455752,0.4180637241455752,0.4180637241455752,0.4180637241455752,0.4180637241455752,0.4180637241455752,0.4180637241455752,0.4180637241455752,0.4180637241455752,0.4180637241455752,0.4180637241455752,0.4180637241455752,0.4180637241455752,0.4078237824527294,0.2364856666932867,0.718903133286969,0.1429333973064483,0.1446692264243338,0.1517492575126839,0.1903859461054647,0.2228876840576021,0.1386741258000697,0.1553815706698498,0.2169469668340644,0.1794102699212072,0.1952670372624757,1.0005003408765176,-0.000953473729235,-0.0010466031059693,482.0,0.0,0.8682551861790878,0.0223754131071074,0.3994927855175592,0.9352865305331108,0.9276172420620962,0.8841450737133036,0.1531324043775236,0.3220172421923563,0.9279693195160548,0.9198577998286604,0.963700685907931,0.6999404812707226,0.7101077891395438,0.252237697223585,100000,30,14,0.1,1.0,0.1,0,13,0.001,1e-06,0.001,1e-07,1.0,1e-08,adamax,0,0.0,disordered,1,0.4152349700688768,0 days 16:22:05.799689,0.0009534850589137,4.132970498310509,4.447534814395214
218,218,218,218,0.100927151463057,0.100927151463057,0.100927151463057,0.100927151463057,0.100927151463057,0.100927151463057,0.100927151463057,0.100927151463057,0.100927151463057,0.100927151463057,0.100927151463057,0.100927151463057,0.100927151463057,0.100927151463057,0.3743045037800596,0.7595824286968246,0.1340308071220416,4.247335632081693e-07,9.993760934555045e-08,2.623615967246804e-07,2.0381296653486294e-06,0.0003718039989162,5.977030336197483e-06,1.0495396833826e-06,0.4061137719975707,0.4862927865692332,0.0091714008707014,3.730735997331952e-05,-0.0022881250652426,-0.0029073179990922,7069.0,0.0,0.7103146712793887,0.2631889416072038,0.8420325931618102,0.6049027256782059,0.2835056803091478,0.1485516451166109,0.1243693386886878,0.1530930556237263,0.9161457305298456,0.3687576859935133,0.5669595468352621,0.1470186596387777,0.8967113091031558,0.992002109452133,100000,30,14,0.1,1.0,0.1,0,13,0.001,1e-06,0.001,1e-07,1.0,1e-08,adamax,0,0.0,disordered,1,0.1013182091918564,0 days 16:22:05.799689,0.0022881317223705,4.7139554796955325,4.7098662366286534
219,219,219,219,0.1747772774464679,0.1747772774464679,0.1747772774464679,0.1747772774464679,0.1747772774464679,0.1747772774464679,0.1747772774464679,0.1747772774464679,0.1747772774464679,0.1747772774464679,0.1747772774464679,0.1747772774464679,0.1747772774464679,0.1747772774464679,0.5807488423393219,0.5844042103603614,0.9278723217872654,0.0306905776620142,0.031134258890849,0.0305433343262587,0.0327839566379188,1.00047502403233,0.989870951316823,0.0356316888555803,0.1180768297665362,0.030071465210384,0.04213712702587,0.0300960353139244,-0.0016982070549723,-0.0023739735753274,764.0,0.0,0.5147490275156694,0.9499885600368956,0.9701136625145927,0.6756551687211889,0.1429325326134809,0.6601249582783056,0.1824297694255304,0.8952110001764462,0.8916417348000365,0.1805464910078101,0.3537231622494197,0.6835251509075145,0.2400849932650752,0.8426929876747188,100000,30,14,0.1,1.0,0.1,0,13,0.001,1e-06,0.001,1e-07,1.0,1e-08,adamax,0,0.0,disordered,1,0.1763449605233332,0 days 16:22:05.799689,0.0016982352405566,4.90951282276891,4.476961027568088
220,220,220,220,0.2191196687578146,0.2191196687578146,0.2191196687578146,0.2191196687578146,0.2191196687578146,0.2191196687578146,0.2191196687578146,0.2191196687578146,0.2191196687578146,0.2191196687578146,0.2191196687578146,0.2191196687578146,0.2191196687578146,0.2191196687578146,0.1129079008919666,0.7665613315862204,0.0556249355603808,0.9812100796224008,0.9807415986300264,0.9846159524855072,0.0472566669466544,0.0471541021250248,0.0511761143315809,1.0012385390081642,0.057239847476192,0.0578340047097935,0.1248570505195207,0.0556222675096746,-0.0014828434030751,-0.0020261607073242,665.0,0.0,0.5074519866192873,0.6471583160880261,0.455021552701576,0.8081875903544601,0.7914361578902037,0.8042378766844865,0.3651652718958724,0.3576804118279693,0.2426460584093469,0.8995208590171605,0.1174960720252522,0.3553229724357469,0.0340966532694543,0.6558326165671662,100000,30,14,0.1,1.0,0.1,0,13,0.001,1e-06,0.001,1e-07,1.0,1e-08,adamax,0,0.0,disordered,1,0.2208954726456179,0 days 16:22:05.799689,0.0014828616098102,4.930617127828425,4.358235158005903
221,221,221,221,0.1988827856988807,0.1988827856988807,0.1988827856988807,0.1988827856988807,0.1988827856988807,0.1988827856988807,0.1988827856988807,0.1988827856988807,0.1988827856988807,0.1988827856988807,0.1988827856988807,0.1988827856988807,0.1988827856988807,0.1988827856988807,0.0177467212128429,0.0109580829267593,0.0107143013494669,0.013310172617953,0.1678501630894906,0.0140465798550632,0.2620470332220678,0.0117221742843596,0.0187825409741875,1.000629410205295,0.0108261409203894,0.0134181568096881,0.758387361990403,0.0402525529975043,-0.0016399197974105,-0.0020548498917792,1273.0,0.0,0.959704573815436,0.535738467449102,0.0348565498696192,0.3526742600511262,0.6617173734036776,0.1614675232629825,0.5197121735457872,0.3376557883933568,0.0449962796988543,0.7832399072954109,0.2899752495294391,0.1812937250664439,0.6574280714254463,0.4400644591684004,100000,30,14,0.1,1.0,0.1,0,13,0.001,1e-06,0.001,1e-07,1.0,1e-08,adamax,0,0.0,disordered,1,0.1965564124419338,0 days 16:22:05.799689,0.0016399668174757,4.849025112240541,4.815101552784436
222,222,222,222,0.1988827856988807,0.1988827856988807,0.1988827856988807,0.1988827856988807,0.1988827856988807,0.1988827856988807,0.1988827856988807,0.1988827856988807,0.1988827856988807,0.1988827856988807,0.1988827856988807,0.1988827856988807,0.1988827856988807,0.1988827856988807,1.0001202862862386,0.9838995033976048,0.1328681952961592,0.2013914977708639,0.1225848506034339,0.1274704306118083,0.0913450224826919,0.1631754690684591,0.1739501486475159,0.0440869789639102,0.0379036372736639,0.0609443514228488,0.1170192743336744,0.0617950253938906,-0.0016971149993646,-0.0021322207203628,717.0,0.0,0.3245048187798456,0.1028207830295079,0.9876947376557084,0.5933871710951234,0.443296832092249,0.5868687191075178,0.453314804225376,0.7892678009461863,0.866126467625619,0.302125317801908,0.9306283022390598,0.2952319883410219,0.6361245354362794,0.9431710141917132,100000,30,14,0.1,1.0,0.1,0,13,0.001,1e-06,0.001,1e-07,1.0,1e-08,adamax,0,0.0,disordered,1,0.1982728592429202,0 days 16:22:05.799689,0.001697118040848,4.256500340396985,4.359697992788813
223,223,223,223,0.1805148879221106,0.1805148879221106,0.1805148879221106,0.1805148879221106,0.1805148879221106,0.1805148879221106,0.1805148879221106,0.1805148879221106,0.1805148879221106,0.1805148879221106,0.1805148879221106,0.1805148879221106,0.1805148879221106,0.1805148879221106,0.0343552537343715,0.0327139186899229,0.0331067718456451,0.9976966365079936,0.0376683814711725,0.0513200879596476,0.03607786404947,0.0350434652300688,1.001264461710271,0.0329280113965757,0.0444294790035932,0.1307342978928662,0.0402987033702095,0.0486206730878624,-0.0016298601892113,-0.0022736362047663,748.0,0.0,0.6975722156267917,0.0537800377932241,0.6217509280759834,0.8560950824105203,0.0525816180445954,0.2007623652999489,0.4101034939445396,0.3895477103995718,0.980737881660108,0.0858394690487681,0.1769934947805196,0.6332099416373053,0.1122251248701656,0.6176041322847631,100000,30,14,0.1,1.0,0.1,0,13,0.001,1e-06,0.001,1e-07,1.0,1e-08,adamax,0,0.0,disordered,1,0.1799787440348324,0 days 16:22:05.799689,0.0016298623517597,5.205914474408927,4.833753874140999
224,224,224,224,0.0642118570906475,0.0642118570906475,0.0642118570906475,0.0642118570906475,0.0642118570906475,0.0642118570906475,0.0642118570906475,0.0642118570906475,0.0642118570906475,0.0642118570906475,0.0642118570906475,0.0642118570906475,0.0642118570906475,0.0642118570906475,0.3708737423904548,1.6315857389016504e-06,1.476719119640131e-07,1.4846739006586657e-07,2.0239423070659615e-07,2.7734737201423342e-05,0.7842733162104703,0.6017252434179541,0.06045220364372,3.64028523508624e-06,2.80364017921489e-07,9.998651731033724e-08,1.108223239392049e-07,8.709458033749141e-07,-0.0033258709350122,-0.0044896806759581,9411.0,0.0,0.631009444277022,0.5521792449310217,0.4219330543777089,0.4688673168649789,0.3703050703474619,0.3874850378822095,0.3479789844396158,0.3059189782878799,0.1724539557475153,0.5622395210157518,0.6064673032975222,0.5450361405853635,0.5080541627904619,0.8109065812067465,100000,30,14,0.1,1.0,0.1,0,13,0.001,1e-06,0.001,1e-07,1.0,1e-08,adamax,0,0.0,disordered,1,0.0649430243916727,0 days 16:22:05.799689,0.0033259357139718,4.639642520646533,4.240208199181251
225,225,225,225,0.1638433645577982,0.1638433645577982,0.1638433645577982,0.1638433645577982,0.1638433645577982,0.1638433645577982,0.1638433645577982,0.1638433645577982,0.1638433645577982,0.1638433645577982,0.1638433645577982,0.1638433645577982,0.1638433645577982,0.1638433645577982,0.2686254987895848,2.265300538912672e-06,0.2156721797198959,3.2614601169938735e-07,2.477350794755899e-07,1.7142074132766265e-07,3.164030715754722e-07,2.0700137790145122e-07,1.791811423716624e-06,0.0037399748515314,0.2872648714120622,0.2561921212951894,0.0001195417355892,0.2663716724242547,-0.0016505122408805,-0.0018846273378629,8572.0,1.0,0.912984780874328,0.0623940902494647,0.4053585835436714,0.4702342654072243,0.0989895256344383,0.3329422678595225,0.4177399825672238,0.0405421071775401,0.432598683845726,0.1019778423785265,0.405697268029329,0.1989959852407393,0.1017426369298778,0.0641453256310438,100000,30,14,0.1,1.0,0.1,0,13,0.001,1e-06,0.001,1e-07,1.0,1e-08,adamax,0,0.0,disordered,1,0.1653466912644342,0 days 16:22:05.799689,0.0016505408966446,3.9456585129008803,4.253799491331041
226,226,226,226,0.31260072430687,0.31260072430687,0.31260072430687,0.31260072430687,0.31260072430687,0.31260072430687,0.31260072430687,0.31260072430687,0.31260072430687,0.31260072430687,0.31260072430687,0.31260072430687,0.31260072430687,0.31260072430687,0.6611385492970835,0.9696112097707348,0.5359581695788247,0.763285705872103,0.0002954688884758,0.0456161557609526,1.6403181633646063e-05,0.050744972751762,3.248356106685969e-05,1.5203348135883928e-05,0.6508831587543559,4.794191803623217e-05,0.5816175188643736,0.3768950087417393,-0.0012771410363181,-0.0013975058399703,8031.0,1.0,0.5146914993733146,0.0029436462960327,0.3972314453993447,0.0603402546880796,0.6885300860953525,0.6492587923306573,0.1534919754584059,0.3637796473777184,0.7238740754382852,0.1280319556986398,0.8128231648965567,0.661485263191831,0.9413380476842622,0.6018492981573823,100000,30,14,0.1,1.0,0.1,0,13,0.001,1e-06,0.001,1e-07,1.0,1e-08,adamax,0,0.0,disordered,1,0.3142301527033058,0 days 16:22:05.799689,0.0012771501184763,4.119205917955284,4.4205118996834605
227,227,227,227,0.2121550171362449,0.2121550171362449,0.2121550171362449,0.2121550171362449,0.2121550171362449,0.2121550171362449,0.2121550171362449,0.2121550171362449,0.2121550171362449,0.2121550171362449,0.2121550171362449,0.2121550171362449,0.2121550171362449,0.2121550171362449,1.0007159109016082,0.5110173980269319,0.1582700335559806,0.1855774507234936,0.2255720608032995,0.309760559332155,0.0597323196907045,0.0773427456597995,0.0440492878923001,0.0561046027061785,0.0467028318685404,0.9990370673559784,0.0460228607287746,0.0440982540984024,-0.0017527964802716,-0.002352591726497,681.0,0.0,0.0445902509263321,0.409124444921672,0.6886117898087819,0.4691657950373045,0.3717486040287852,0.2505924859984356,0.6898879593102651,0.1555881240222396,0.7635421211835335,0.280977482261397,0.577472027191234,0.9217754151351226,0.5931649067290381,0.8689594774816964,100000,30,14,0.1,1.0,0.1,0,13,0.001,1e-06,0.001,1e-07,1.0,1e-08,adamax,0,0.0,disordered,1,0.2110852207287097,0 days 16:22:05.799689,0.0017528089422994,4.316102045100011,4.0613243511401445
228,228,228,228,0.31260072430687,0.31260072430687,0.31260072430687,0.31260072430687,0.31260072430687,0.31260072430687,0.31260072430687,0.31260072430687,0.31260072430687,0.31260072430687,0.31260072430687,0.31260072430687,0.31260072430687,0.31260072430687,0.4604402549647637,0.6045096484762686,0.3152575898912017,0.0974010256786565,0.1133767812983874,0.0965670166140554,0.4155282269020762,0.9562896662149206,0.1117653196851537,1.0005816747080765,0.0968368288069188,0.7895551895602121,0.108595561969451,0.2837700152527975,-0.0010195234443988,-0.0011556737982181,510.0,0.0,0.0893756936925884,0.5103121192969601,0.6543576980211803,0.162342821302332,0.6961494560836059,0.6592202247176523,0.4589126607363889,0.7942115492192897,0.003199537400046,0.928440515213488,0.0909687337918507,0.7702590598396649,0.1562516212076992,0.0117843303477425,100000,30,14,0.1,1.0,0.1,0,13,0.001,1e-06,0.001,1e-07,1.0,1e-08,adamax,0,0.0,disordered,1,0.3114654043177741,0 days 16:22:05.799689,0.001019526438684,4.323315221736585,4.178922295453145
229,229,229,229,0.2659804395593755,0.2659804395593755,0.2659804395593755,0.2659804395593755,0.2659804395593755,0.2659804395593755,0.2659804395593755,0.2659804395593755,0.2659804395593755,0.2659804395593755,0.2659804395593755,0.2659804395593755,0.2659804395593755,0.2659804395593755,0.5047643709585808,0.3362261209053226,0.0890430496804781,0.4175160999784759,0.0942962915529897,0.1035738102103435,0.1912830455317542,0.0664860750570447,1.0012520668063878,0.780980448960876,0.0656090168228372,0.7761103998587201,0.0672865261875569,0.0688695449961479,-0.0012868789083548,-0.0015383579745556,604.0,0.0,0.5972891241600773,0.5491985308302156,0.7439735337545018,0.8615405609098814,0.466055318132979,0.5253179180471028,0.5880511155909521,0.3335472471302999,0.801002658949726,0.7628449507003233,0.1587745769035796,0.6905607541838444,0.214488915647371,0.2841481238480106,100000,30,14,0.1,1.0,0.1,0,13,0.001,1e-06,0.001,1e-07,1.0,1e-08,adamax,0,0.0,disordered,1,0.264710400291579,0 days 16:22:05.799689,0.0012868856158688,4.190129558889288,4.089236967138483
230,230,230,230,0.2493409369951876,0.2493409369951876,0.2493409369951876,0.2493409369951876,0.2493409369951876,0.2493409369951876,0.2493409369951876,0.2493409369951876,0.2493409369951876,0.2493409369951876,0.2493409369951876,0.2493409369951876,0.2493409369951876,0.2493409369951876,0.4157856635505807,0.1194266289366424,0.0741443298412506,0.0314608996562407,0.4701324813373771,0.0352212315621061,0.0531204684705718,0.1387385448145004,0.0385614449551875,0.7158495323429716,0.0507560375978877,0.0568651628843994,1.0008551739453844,0.0851866154645575,-0.0014225554585235,-0.001646081727424,1002.0,0.0,0.5742770187319882,0.4401600788869554,0.5778950390465654,0.236398247019809,0.7584946624080231,0.111493950200568,0.0077208357189407,0.2060136306400274,0.5028011774622677,0.8506888888481461,0.3398424630844097,0.087495067664021,0.986555766192252,0.6824529508865177,100000,30,14,0.1,1.0,0.1,0,13,0.001,1e-06,0.001,1e-07,1.0,1e-08,adamax,0,0.0,disordered,1,0.2507125609823339,0 days 16:22:05.799689,0.0014225652212045,4.878221959963296,4.646084897045078
231,231,231,231,0.1535934676510895,0.1535934676510895,0.1535934676510895,0.1535934676510895,0.1535934676510895,0.1535934676510895,0.1535934676510895,0.1535934676510895,0.1535934676510895,0.1535934676510895,0.1535934676510895,0.1535934676510895,0.1535934676510895,0.1535934676510895,0.9792843932813444,0.7999076920259273,0.7809864305450369,0.7257409101744055,0.0658477662046938,0.2550145788147698,2.7001873234443152e-06,1.0473260365737135e-06,3.567312044993261e-06,2.216237330780688e-06,0.2096650575277379,0.5981442981934999,3.0762931681859067e-06,0.1485983704751876,-0.001826621403222,-0.0023117736112382,9204.0,1.0,0.2830754285024608,0.2278360249827873,0.15003468148599,0.1115562661543454,0.7189710713814235,0.1157080665018861,0.6796046309791528,0.4021280479214877,0.6274781731105906,0.3678044345162742,0.1170373989192457,0.000376779543783,0.8341296812024206,0.8267187926265982,100000,30,14,0.1,1.0,0.1,0,13,0.001,1e-06,0.001,1e-07,1.0,1e-08,adamax,0,0.0,disordered,1,0.1530091555709185,0 days 16:22:05.799689,0.0018266278817547,4.517114995672238,4.393050734068032
232,232,232,232,0.1394082826282576,0.1394082826282576,0.1394082826282576,0.1394082826282576,0.1394082826282576,0.1394082826282576,0.1394082826282576,0.1394082826282576,0.1394082826282576,0.1394082826282576,0.1394082826282576,0.1394082826282576,0.1394082826282576,0.1394082826282576,1.0001621141997152,0.4317270103997167,0.2794629065783029,0.4154571347359962,0.0218738648080189,0.2236508594774816,0.0359056645620507,0.434581805241418,0.0169837105802893,0.0304054627204838,0.093902825723601,0.0168884346922699,0.0350060356738518,0.0171017220639432,-0.0018893880979947,-0.0025564257437947,1018.0,0.0,0.1301655596521703,0.2752386539913387,0.4554080665337299,0.9368295464244326,0.3671016505099553,0.5580898519135339,0.0081104213914865,0.059323985739747,0.7380031155235911,0.5128959699620482,0.0656368162927402,0.7228404773351511,0.2031364422457312,0.9018707614095632,100000,30,14,0.1,1.0,0.1,0,13,0.001,1e-06,0.001,1e-07,1.0,1e-08,adamax,0,0.0,disordered,1,0.1409391699951908,0 days 16:22:05.799689,0.001889446838025,4.439891779787786,4.283432160707681
233,233,233,233,0.1638433645577982,0.1638433645577982,0.1638433645577982,0.1638433645577982,0.1638433645577982,0.1638433645577982,0.1638433645577982,0.1638433645577982,0.1638433645577982,0.1638433645577982,0.1638433645577982,0.1638433645577982,0.1638433645577982,0.1638433645577982,0.1791228497804739,1.5470541548132486e-07,1.3635160256152968e-07,9.999693647402617e-08,3.247787748677965e-07,0.0198312149262037,6.370488671979408e-07,0.098294074146959,0.3162479405634704,4.459073675366117e-06,0.0538089443936119,2.0535341531066934e-07,0.6167633527937784,2.659901239713423e-07,-0.0018565673130027,-0.0022873849638727,17654.0,0.0,0.9880407081382132,0.9495948935198784,0.1822195100280351,0.5922797865020526,0.8776231876952161,0.6254736900968225,0.0675890759560324,0.2609365052536748,0.6708651192175487,0.3798904811545951,0.1634515878754359,0.5655292443318688,0.85335672271599,0.6804172173888218,100000,30,14,0.1,1.0,0.1,0,13,0.001,1e-06,0.001,1e-07,1.0,1e-08,adamax,0,0.0,disordered,1,0.1627554834318542,0 days 16:22:05.799689,0.0018565811266686,4.308304715500163,4.796885921019096
234,234,234,234,0.3557150206821381,0.3557150206821381,0.3557150206821381,0.3557150206821381,0.3557150206821381,0.3557150206821381,0.3557150206821381,0.3557150206821381,0.3557150206821381,0.3557150206821381,0.3557150206821381,0.3557150206821381,0.3557150206821381,0.3557150206821381,0.1404144995248089,0.1274193499809897,0.1259472505476611,0.1268463009655368,0.8661820037791509,0.951052859267572,0.1263152775872894,0.971652294516038,0.96214580407512,0.1258778059702087,0.9980022130886154,1.0014808808377351,0.126273563299547,0.1305241714152819,-0.0011239127973934,-0.0013649857274153,453.0,0.0,0.2640058517854265,0.1926680205666354,0.1105012592568686,0.2748170304402223,0.5913625496602415,0.91081656207632,0.2686666960800681,0.7470281040025918,0.9496229651228262,0.366193797425507,0.7740885276701231,0.9923599348274472,0.2437272388690028,0.5477974900858349,100000,30,14,0.1,1.0,0.1,0,13,0.001,1e-06,0.001,1e-07,1.0,1e-08,adamax,0,0.0,disordered,1,0.3538323809606346,0 days 16:22:05.799689,0.001123920872966,4.864868914046937,4.379620762215799
235,235,235,235,0.2054117348353062,0.2054117348353062,0.2054117348353062,0.2054117348353062,0.2054117348353062,0.2054117348353062,0.2054117348353062,0.2054117348353062,0.2054117348353062,0.2054117348353062,0.2054117348353062,0.2054117348353062,0.2054117348353062,0.2054117348353062,0.0428374310107043,0.0418931712437771,0.3743673500816024,0.0518723836576162,0.0427195359940004,0.9933532707644036,0.0429082068793446,0.9837835421843606,0.041598578176393,0.0424922780944373,1.0011548608257388,0.0434042453687976,0.052314115721419,0.0423390949560599,-0.0016870521937198,-0.0023869882033099,695.0,0.0,0.8752149682278184,0.1381448700139681,0.0758133040206286,0.6383266683789438,0.5939891525517612,0.906578298165276,0.6582655442898885,0.9069714689574804,0.5221224745190275,0.6262047940451518,0.8232969732668901,0.41251262654796,0.4059475931685383,0.6991843329844618,100000,30,14,0.1,1.0,0.1,0,13,0.001,1e-06,0.001,1e-07,1.0,1e-08,adamax,0,0.0,disordered,1,0.2042472356683679,0 days 16:22:05.799689,0.0016870641663496,4.840472390285709,4.391613699523313
236,236,236,236,0.1692220351641035,0.1692220351641035,0.1692220351641035,0.1692220351641035,0.1692220351641035,0.1692220351641035,0.1692220351641035,0.1692220351641035,0.1692220351641035,0.1692220351641035,0.1692220351641035,0.1692220351641035,0.1692220351641035,0.1692220351641035,1.0003119147955524,0.3750263120747326,0.506969203602038,0.2533161563338329,0.5146675680048185,0.5555359956608172,0.1550489746233572,0.2643589346229707,0.2469304015473978,0.1204851809020103,0.086874790212469,0.0271161726441235,0.0397711810199966,0.0322153045334877,-0.001701345414375,-0.0020997432871566,830.0,0.0,0.0604267320994861,0.4620132350119723,0.1492970839202239,0.4656815048165154,0.0134670191414556,0.0510183970435795,0.536388393982969,0.3053922393281979,0.7055390682618229,0.5592864882279562,0.4859573174525038,0.8583701433323171,0.0493544167889244,0.9358299068925108,100000,30,14,0.1,1.0,0.1,0,13,0.001,1e-06,0.001,1e-07,1.0,1e-08,adamax,0,0.0,disordered,1,0.1673913104552676,0 days 16:22:05.799689,0.0017013976482303,4.238769051584159,4.105143617951384
237,237,237,237,0.3228628202536728,0.3228628202536728,0.3228628202536728,0.3228628202536728,0.3228628202536728,0.3228628202536728,0.3228628202536728,0.3228628202536728,0.3228628202536728,0.3228628202536728,0.3228628202536728,0.3228628202536728,0.3228628202536728,0.3228628202536728,0.9131116908634196,0.8443191048798766,0.1620634637226797,0.136038395256225,0.4420992673854682,0.0937392761617811,0.0910046763120863,0.4792249512415888,0.5488751882026549,0.0917573198631942,0.7383824752487094,1.0009062665060715,0.0975244611649512,0.2907665630773853,-0.001114691647423,-0.0012464574484703,550.0,0.0,0.0845266536600494,0.0482046549366537,0.9617674286956964,0.1621724884477942,0.4620096227027535,0.3644529130106786,0.2686226111982106,0.5124319655104431,0.8812699945491104,0.42431576173784,0.6297212890351969,0.955393581696408,0.4497042469890406,0.3253482505283921,100000,30,14,0.1,1.0,0.1,0,13,0.001,1e-06,0.001,1e-07,1.0,1e-08,adamax,0,0.0,disordered,1,0.3241211572986543,0 days 16:22:05.799689,0.0011146959309686,4.313701267443406,4.238691673270487
238,238,238,238,0.3919100249433399,0.3919100249433399,0.3919100249433399,0.3919100249433399,0.3919100249433399,0.3919100249433399,0.3919100249433399,0.3919100249433399,0.3919100249433399,0.3919100249433399,0.3919100249433399,0.3919100249433399,0.3919100249433399,0.3919100249433399,1.00022180342696,0.2379147655141752,0.202045095331825,0.1165171206621399,0.1408773066115135,0.1097719218735027,0.1418873408906561,0.1522657306319524,0.1276505448425511,0.1103041307882626,0.1480784223365186,0.111214975826074,0.2081016998715987,0.9912598337396282,-0.0009870531909813,-0.0011537589546827,553.0,0.0,0.4834897400149365,0.7968491988537617,0.688499924628667,0.962975038762871,0.3381166078949847,0.9361866226501284,0.3806661149355925,0.0147097345575248,0.6443951805948647,0.938062625049344,0.2385204668525549,0.8990764351902748,0.840875708159621,0.3190561714951616,100000,30,14,0.1,1.0,0.1,0,13,0.001,1e-06,0.001,1e-07,1.0,1e-08,adamax,0,0.0,disordered,1,0.3912355353814624,0 days 16:22:05.799689,0.0009870537303585,4.146692276277529,4.444037163478114
239,239,239,239,0.1535934676510895,0.1535934676510895,0.1535934676510895,0.1535934676510895,0.1535934676510895,0.1535934676510895,0.1535934676510895,0.1535934676510895,0.1535934676510895,0.1535934676510895,0.1535934676510895,0.1535934676510895,0.1535934676510895,0.1535934676510895,0.0240075266790102,0.0666229041132783,0.0733776668470562,0.0793568171296914,0.0232870748911772,0.6400627956025864,0.0233869326679649,0.0233364728044185,0.996742401950551,0.0238331511822172,0.0237540981574051,1.001204922140292,0.0236114045190236,0.0606089415655134,-0.0014862656269569,-0.0022621149690656,823.0,0.0,0.7838023570358867,0.3253127770916976,0.626623777840479,0.4999209781917535,0.2070485590793764,0.4298706776741199,0.4008442530521944,0.0793860875522738,0.8789597959373368,0.2957190579773816,0.3222527406874543,0.9537524218897822,0.3975478202448212,0.3956564716829931,100000,30,14,0.1,1.0,0.1,0,13,0.001,1e-06,0.001,1e-07,1.0,1e-08,adamax,0,0.0,disordered,1,0.1530329809962735,0 days 16:22:05.799689,0.0014862677549761,4.200140395727905,4.393439396511365
240,240,240,240,0.088694316560147,0.088694316560147,0.088694316560147,0.088694316560147,0.088694316560147,0.088694316560147,0.088694316560147,0.088694316560147,0.088694316560147,0.088694316560147,0.088694316560147,0.088694316560147,0.088694316560147,0.088694316560147,0.3286185658022976,0.6756154342280576,0.0404307164811242,0.0052607842308564,0.0056103233392064,0.0457837217491783,1.0017225119091848,0.0066820030049601,0.0051959308112864,0.0076531500521742,0.1556520888747303,0.2017762229115595,0.0130274391215905,0.0170812633211152,-0.0024556517937133,-0.0029396152961675,1231.0,0.0,0.8413761009090188,0.3454709765613912,0.9530615138690972,0.4760561414970066,0.3783757029324619,0.3186624913919835,0.3102674809617397,0.9748663157172384,0.4875944898956392,0.0671753223090636,0.0778844286610215,0.7790505099511216,0.8987728495583549,0.9598272398828156,100000,30,14,0.1,1.0,0.1,0,13,0.001,1e-06,0.001,1e-07,1.0,1e-08,adamax,0,0.0,disordered,1,0.0895780165101421,0 days 16:22:05.799689,0.0024556988825164,4.478737186081131,4.554313532235893
241,241,241,241,0.5241298302206053,0.5241298302206053,0.5241298302206053,0.5241298302206053,0.5241298302206053,0.5241298302206053,0.5241298302206053,0.5241298302206053,0.5241298302206053,0.5241298302206053,0.5241298302206053,0.5241298302206053,0.5241298302206053,0.5241298302206053,1.0018712840174653,0.748873701193267,0.2932543384246472,0.2667773220636977,0.2679957937037773,0.2991505473372585,0.2716967507399642,0.2679076786354823,0.3110627990894152,0.2931602690514573,0.2832457026323952,0.2988213361033112,0.583244699626498,0.8475173324181481,-0.0008133896165632,-0.0008711869824093,293.0,0.0,0.0721938513714257,0.2522187367307998,0.8293373270005031,0.823164068875351,0.8241548544641216,0.1721168926794182,0.7631539558192966,0.7399952386736539,0.9041605805372264,0.4458217289327378,0.6489780362632892,0.2013475648270648,0.7443756164173957,0.0167396116284476,100000,30,14,0.1,1.0,0.1,0,13,0.001,1e-06,0.001,1e-07,1.0,1e-08,adamax,0,0.0,disordered,1,0.5198991749546245,0 days 16:22:05.799689,0.0008134025151472,4.08293972819804,4.302407507227968
242,242,242,242,0.3557150206821381,0.3557150206821381,0.3557150206821381,0.3557150206821381,0.3557150206821381,0.3557150206821381,0.3557150206821381,0.3557150206821381,0.3557150206821381,0.3557150206821381,0.3557150206821381,0.3557150206821381,0.3557150206821381,0.3557150206821381,0.1304709698458349,0.1253693583895922,0.1248557698401387,0.1476377843496846,0.1273880906173921,0.1282530617122851,0.9933984020378198,1.0018711917798455,0.1264410014138327,0.1530969106637363,0.1573425231928004,0.1665767120272231,0.1716525950418232,0.759974254549748,-0.001087848373282,-0.0012371184290114,453.0,0.0,0.8573268392282832,0.6734087743835281,0.3139616014133347,0.1998689778605668,0.471898848207234,0.7414945241972167,0.9277437549735172,0.963848396707712,0.5405515801005358,0.2976589969561701,0.1245227184671975,0.72797693986176,0.5957422688107399,0.2192458298268514,100000,30,14,0.1,1.0,0.1,0,13,0.001,1e-06,0.001,1e-07,1.0,1e-08,adamax,0,0.0,disordered,1,0.3602289853323668,0 days 16:22:05.799689,0.0010878922140718,4.796540197772764,4.535876198383792
243,243,243,243,0.3919100249433399,0.3919100249433399,0.3919100249433399,0.3919100249433399,0.3919100249433399,0.3919100249433399,0.3919100249433399,0.3919100249433399,0.3919100249433399,0.3919100249433399,0.3919100249433399,0.3919100249433399,0.3919100249433399,0.3919100249433399,0.4829965036799056,0.3750353555961602,0.1157787402479504,0.1458880849991311,0.1719972149837872,0.193830205046492,0.1512169944584286,0.1447524194892493,0.1156614181032132,0.116649175937546,0.1365252797866756,0.1190552748620593,0.146297640747009,1.0004458417862303,-0.0010573618582136,-0.0012227611140067,530.0,0.0,0.5352710382292845,0.3931430894054757,0.7941214516773568,0.0841189025502868,0.1914200849215601,0.1801497461003895,0.4802422845777224,0.3288859583636561,0.5925849107716346,0.4858081534111649,0.341949798637866,0.685005136474023,0.5729194668151868,0.125136999131761,100000,30,14,0.1,1.0,0.1,0,13,0.001,1e-06,0.001,1e-07,1.0,1e-08,adamax,0,0.0,disordered,1,0.3892395763923378,0 days 16:22:05.799689,0.0010573752359925,4.3503916011655415,4.450727559019078
244,244,244,244,0.2837303616516209,0.2837303616516209,0.2837303616516209,0.2837303616516209,0.2837303616516209,0.2837303616516209,0.2837303616516209,0.2837303616516209,0.2837303616516209,0.2837303616516209,0.2837303616516209,0.2837303616516209,0.2837303616516209,0.2837303616516209,0.5617767589496723,0.2173203583504991,0.0828937577889831,0.3797618286953238,0.0815062387230259,1.001137843816542,0.4397026689006068,0.6546748442125081,0.9700612480328782,0.0885532229557623,0.0826936973939358,0.746077578940679,0.0837480607829912,0.245536769156569,-0.0010792907575032,-0.0012583307798442,548.0,0.0,0.3767293310563495,0.6051134651189777,0.6221831305477327,0.4595955942335518,0.1865238175866085,0.8296427029360385,0.5272770425417767,0.6399471536026177,0.8653670293579092,0.0459198818955655,0.1203484935363097,0.7305334372171325,0.1022538031015628,0.0052975996247555,100000,30,14,0.1,1.0,0.1,0,13,0.001,1e-06,0.001,1e-07,1.0,1e-08,adamax,0,0.0,disordered,1,0.2850061626744168,0 days 16:22:05.799689,0.0010792946915159,4.250537613035143,4.166701846785549
245,245,245,245,0.5241298302206053,0.5241298302206053,0.5241298302206053,0.5241298302206053,0.5241298302206053,0.5241298302206053,0.5241298302206053,0.5241298302206053,0.5241298302206053,0.5241298302206053,0.5241298302206053,0.5241298302206053,0.5241298302206053,0.5241298302206053,0.235778801231257,0.2426445203990555,0.1893930336737565,0.1731724515163859,0.1986361280563991,0.2162303678193817,0.2054096448179068,0.1706293806743904,0.1713489669729828,0.2345818704880843,0.211656090736706,0.3189437180056202,0.5449185536106842,1.0000899774606846,-0.0007957478902626,-0.000898754833917,485.0,0.0,0.9776680483870748,0.0467950489014082,0.8606952505477922,0.9805012086622972,0.390219118228752,0.6208502393227161,0.1135888671832358,0.9967570285640566,0.8946976850395578,0.2920623406908523,0.074361974239148,0.7758735334793581,0.9995157093143716,0.1475928570374415,100000,30,14,0.1,1.0,0.1,0,13,0.001,1e-06,0.001,1e-07,1.0,1e-08,adamax,0,0.0,disordered,1,0.5220815039375473,0 days 16:22:05.799689,0.0007957503064951,4.484022249959852,4.658367059118456
246,246,246,246,0.1394082826282576,0.1394082826282576,0.1394082826282576,0.1394082826282576,0.1394082826282576,0.1394082826282576,0.1394082826282576,0.1394082826282576,0.1394082826282576,0.1394082826282576,0.1394082826282576,0.1394082826282576,0.1394082826282576,0.1394082826282576,0.3357394607330039,0.0179696117272906,0.017923302246792,0.0179372330126287,0.017875303205384,0.0348620217765277,0.0755355147552368,0.0205637589502255,0.0824643252616791,0.0259990589636049,0.0332901940481209,1.0016481302777664,0.0290983386939573,0.0188350679535533,-0.0018398857504791,-0.0025931954606161,894.0,0.0,0.8940571106055746,0.8619071253771695,0.2111454491560384,0.183197555349947,0.2008423733888371,0.280720978231278,0.4207873327317154,0.2076104016602467,0.320871791851617,0.5734472061777176,0.5969854144693492,0.9993144961112466,0.1525514997679254,0.8968171322269103,100000,30,14,0.1,1.0,0.1,0,13,0.001,1e-06,0.001,1e-07,1.0,1e-08,adamax,0,0.0,disordered,1,0.1391573892370168,0 days 16:22:05.799689,0.00183988690747,5.970304828516863,5.314789370552243
247,247,247,247,0.2191196687578146,0.2191196687578146,0.2191196687578146,0.2191196687578146,0.2191196687578146,0.2191196687578146,0.2191196687578146,0.2191196687578146,0.2191196687578146,0.2191196687578146,0.2191196687578146,0.2191196687578146,0.2191196687578146,0.2191196687578146,0.7403024625689052,0.5417978344228312,0.7827053139057285,0.1310558871671402,0.1901017251757185,1.0007298871392565,0.9957697706122242,0.4612576269241866,0.0500396923450186,0.0650055587226266,0.048274276541977,0.0550364622789649,0.0755940391919965,0.0467939342151832,-0.0015642303323778,-0.0020352269591079,667.0,0.0,0.2423065908823569,0.2065151825309021,0.8860119661176991,0.572004962279185,0.6969367373958665,0.897523977584852,0.7649799658359385,0.754446323966763,0.3374111219513116,0.3178896984180053,0.501173647461315,0.3879353284662319,0.1913509870179872,0.7306430733101946,100000,30,14,0.1,1.0,0.1,0,13,0.001,1e-06,0.001,1e-07,1.0,1e-08,adamax,0,0.0,disordered,1,0.2181361996569144,0 days 16:22:05.799689,0.0015642367481732,4.592443541073068,4.305306724240704
248,248,248,248,0.1349772330233941,0.1349772330233941,0.1349772330233941,0.1349772330233941,0.1349772330233941,0.1349772330233941,0.1349772330233941,0.1349772330233941,0.1349772330233941,0.1349772330233941,0.1349772330233941,0.1349772330233941,0.1349772330233941,0.1349772330233941,0.6873306928009425,0.0161832410140371,0.0158889971702657,0.0158055063620321,0.0158397120927598,0.1882713726155158,0.0209046044235359,0.0170505527180885,0.0155100145115074,0.0205705142373377,1.0008348049864442,0.0248386954890636,0.0555636614659244,0.0853797048591272,-0.0018786331264558,-0.0023162030209656,936.0,0.0,0.7741768460150538,0.9139358213333044,0.6522178256772622,0.5133894875953481,0.3589098389931033,0.4025354437248277,0.8227530542123174,0.7333263922965245,0.1026974214041941,0.5927944703073608,0.8936856558871041,0.8444982045234292,0.3789456371105481,0.8240578907869724,100000,30,14,0.1,1.0,0.1,0,13,0.001,1e-06,0.001,1e-07,1.0,1e-08,adamax,0,0.0,disordered,1,0.1366793066799135,0 days 16:22:05.799689,0.0018786691134906,4.425607719181658,4.240208214227179
249,249,249,249,0.0977192128371799,0.0977192128371799,0.0977192128371799,0.0977192128371799,0.0977192128371799,0.0977192128371799,0.0977192128371799,0.0977192128371799,0.0977192128371799,0.0977192128371799,0.0977192128371799,0.0977192128371799,0.0977192128371799,0.0977192128371799,0.1720247218817849,0.1356514851886599,0.0671030198501602,0.0887063827046761,1.0015960806359017,0.9762078156555216,0.0096727139245658,0.0092912045167418,0.0095154404139991,0.0092627323048243,0.0093652087927415,0.0098961250683268,0.027054909577686,0.0093344546360141,-0.0021104629665074,-0.003397798071065,1019.0,0.0,0.8439965035767805,0.6197296454527124,0.8768345329653551,0.145914166227964,0.937057406305842,0.8475292389473765,0.4040773731846082,0.7993302906265415,0.5030733224482142,0.7910662104807297,0.3254727221014234,0.6560611741909652,0.0698488979961843,0.9809386685044856,100000,30,14,0.1,1.0,0.1,0,13,0.001,1e-06,0.001,1e-07,1.0,1e-08,adamax,0,0.0,disordered,1,0.0978464689766793,0 days 16:22:05.799689,0.002110463517106,4.796029904436305,4.326561871498308
250,250,250,250,0.3557150206821381,0.3557150206821381,0.3557150206821381,0.3557150206821381,0.3557150206821381,0.3557150206821381,0.3557150206821381,0.3557150206821381,0.3557150206821381,0.3557150206821381,0.3557150206821381,0.3557150206821381,0.3557150206821381,0.3557150206821381,0.6930213290245995,0.0764184767694191,0.096639461179759,0.1078422190905242,0.0882284270203531,1.0017874461086431,0.2772275008486695,0.1448763709293802,0.2740600706060134,0.338966224216592,0.5736836266852016,0.6644666170365409,0.1639463828236253,0.2876368387815776,-0.0009998480086994,-0.0010470975355173,714.0,0.0,0.7142121376511152,0.9059759680177346,0.6580057516563411,0.6802513935552122,0.9007728856788634,0.9960818740771136,0.3720075897920343,0.2961473984048516,0.7517433952079304,0.4817295863675557,0.9995033981185528,0.5622808155658906,0.1084108624556785,0.0439609394451656,100000,30,14,0.1,1.0,0.1,0,13,0.001,1e-06,0.001,1e-07,1.0,1e-08,adamax,0,0.0,disordered,1,0.3605224547291843,0 days 16:22:05.799689,0.0009998974089265,4.152770007714884,4.182631616269657
251,251,251,251,0.31260072430687,0.31260072430687,0.31260072430687,0.31260072430687,0.31260072430687,0.31260072430687,0.31260072430687,0.31260072430687,0.31260072430687,0.31260072430687,0.31260072430687,0.31260072430687,0.31260072430687,0.31260072430687,0.1010098549631073,0.0975462473354856,0.0971412305306597,0.8257498489453778,0.0961918295508536,0.0972196456851449,0.0972112794372431,0.9539168788314556,0.7897901172733364,1.0022068138933846,0.1132173872334404,0.9567184314546108,0.1288085254033816,0.3193123937108788,-0.0011759018326575,-0.001315353553061,512.0,0.0,0.7501179875099128,0.3459297602737141,0.2769296085274552,0.6757370994097468,0.2413182925249379,0.3740589488102697,0.3790666167503335,0.7797839081968443,0.7197501425464129,0.9206783129372238,0.2792377484538071,0.9961073472526646,0.5419978118075405,0.3625027264274765,100000,30,14,0.1,1.0,0.1,0,13,0.001,1e-06,0.001,1e-07,1.0,1e-08,adamax,0,0.0,disordered,1,0.3134117044197236,0 days 16:22:05.799689,0.0011759037324405,4.90571183115476,4.463646177095131
252,252,252,252,0.367392478180207,0.367392478180207,0.367392478180207,0.367392478180207,0.367392478180207,0.367392478180207,0.367392478180207,0.367392478180207,0.367392478180207,0.367392478180207,0.367392478180207,0.367392478180207,0.367392478180207,0.367392478180207,0.1196296167975452,0.090973408169635,0.1692537406044534,0.0908463259709533,0.1826136673448481,0.1504421877439729,0.1753801448193876,0.1286646157437187,0.1239525532023075,0.364336939356287,0.7875055696651645,0.1036797641740805,1.000337342568402,0.2785320198877641,-0.0008911438143433,-0.0010786286384242,606.0,0.0,0.9411183117264872,0.1771592667526775,0.9609075496764068,0.0219261810379189,0.1596152369082298,0.5410236219284826,0.2705640758574288,0.7291979815205126,0.5922223677925774,0.2503032281323029,0.4506949118350623,0.0152389491249703,0.9058641925026176,0.0510771506490037,100000,30,14,0.1,1.0,0.1,0,13,0.001,1e-06,0.001,1e-07,1.0,1e-08,adamax,0,0.0,disordered,1,0.3704048967512438,0 days 16:22:05.799689,0.0008911504246426,4.57596216173158,4.628701553013167
253,253,253,253,0.4047756965997316,0.4047756965997316,0.4047756965997316,0.4047756965997316,0.4047756965997316,0.4047756965997316,0.4047756965997316,0.4047756965997316,0.4047756965997316,0.4047756965997316,0.4047756965997316,0.4047756965997316,0.4047756965997316,0.4047756965997316,1.0003876230556574,0.1589211689870886,0.1591136206793263,0.1643328518518443,0.157389406153087,0.1574134850255406,0.1674759528780906,0.1982564392363566,0.1674108460976143,0.1586996349889574,0.1585617661041099,0.9170517441682432,0.1610129127734688,0.8224417514315762,-0.0010079584145138,-0.001135808216003,410.0,0.0,0.3187746718901159,0.906493446160361,0.5180160353870897,0.5450349779852018,0.6495278850206792,0.6994459645029049,0.3226159556358089,0.1183689880690106,0.6198104917329416,0.4700939253623446,0.6111552889066911,0.9565489554251436,0.5696480438757227,0.196540756699003,100000,30,14,0.1,1.0,0.1,0,13,0.001,1e-06,0.001,1e-07,1.0,1e-08,adamax,0,0.0,disordered,1,0.3996172613652105,0 days 16:22:05.799689,0.0010080031904354,4.173839122030753,4.335579614859247
254,254,254,254,0.3557150206821381,0.3557150206821381,0.3557150206821381,0.3557150206821381,0.3557150206821381,0.3557150206821381,0.3557150206821381,0.3557150206821381,0.3557150206821381,0.3557150206821381,0.3557150206821381,0.3557150206821381,0.3557150206821381,0.3557150206821381,0.6860188012022087,0.1696830002081742,0.125412590497136,0.1944856590434137,0.9888387249841032,0.2573500627719769,0.1297356856806404,1.001075119950849,0.713781601103023,0.1287898715952376,0.666562199426858,0.8240719637518645,0.1268505004673965,0.1270187891301568,-0.0010730629814031,-0.0012011469053512,452.0,0.0,0.3369938093317558,0.8787703268969127,0.2609786532194774,0.3049960631597719,0.9431770493886504,0.4790783587164211,0.6846595481514158,0.9334668524075788,0.857403718029288,0.0220751659859762,0.5011079534758528,0.6839860461745928,0.1379182317639302,0.1785523870129954,100000,30,14,0.1,1.0,0.1,0,13,0.001,1e-06,0.001,1e-07,1.0,1e-08,adamax,0,0.0,disordered,1,0.3582059355221165,0 days 16:22:05.799689,0.0010730766743067,4.6103426931536475,4.37085194286399
255,255,255,255,0.2054117348353062,0.2054117348353062,0.2054117348353062,0.2054117348353062,0.2054117348353062,0.2054117348353062,0.2054117348353062,0.2054117348353062,0.2054117348353062,0.2054117348353062,0.2054117348353062,0.2054117348353062,0.2054117348353062,0.2054117348353062,0.4446918672725814,0.2774714990958725,0.0440235593676361,0.0426131195095062,0.042424161148567,1.0010777318764963,0.0529032777427128,0.1328456112011877,0.0511776851450526,0.0511176834292983,0.0571388643019778,0.1166820241041037,0.0531690016066712,0.565907356086034,-0.0015051953347243,-0.0016713018341553,702.0,0.0,0.775264430584093,0.7381296277212435,0.9826254178463568,0.05672478857114,0.0504916323493598,0.9890957275595484,0.7048947848948418,0.0976379162663055,0.6622569556116973,0.6466549941964531,0.6861270467187739,0.8295881718115148,0.7305496771064881,0.5520795230350595,100000,30,14,0.1,1.0,0.1,0,13,0.001,1e-06,0.001,1e-07,1.0,1e-08,adamax,0,0.0,disordered,1,0.2064764364966811,0 days 16:22:05.799689,0.001505203965263,4.502864925963748,4.2940665756885625
256,256,256,256,0.2121550171362449,0.2121550171362449,0.2121550171362449,0.2121550171362449,0.2121550171362449,0.2121550171362449,0.2121550171362449,0.2121550171362449,0.2121550171362449,0.2121550171362449,0.2121550171362449,0.2121550171362449,0.2121550171362449,0.2121550171362449,0.1704215675560655,0.3084810870743889,0.9626613225135028,0.0497296136033919,0.0455324324006221,0.9874340657040076,0.9892569104197358,0.957102900491664,1.0004625920765085,0.917758069699211,0.0448428140707996,0.0497474005074904,0.0588990731958885,0.0449497104425101,-0.0014477720150898,-0.0018739755049772,676.0,0.0,0.3759810318474074,0.198179100436036,0.984206169145878,0.447232072539738,0.271266944019332,0.6508702694567878,0.6749796966982027,0.5947421721631754,0.8777561350711153,0.6071992001119455,0.3818902417841148,0.0931114700580979,0.1206871372677993,0.4937852451071219,100000,30,14,0.1,1.0,0.1,0,13,0.001,1e-06,0.001,1e-07,1.0,1e-08,adamax,0,0.0,disordered,1,0.2116623194320482,0 days 16:22:05.799689,0.0014477731404845,5.040580566155945,4.296438013767397
257,257,257,257,0.2191196687578146,0.2191196687578146,0.2191196687578146,0.2191196687578146,0.2191196687578146,0.2191196687578146,0.2191196687578146,0.2191196687578146,0.2191196687578146,0.2191196687578146,0.2191196687578146,0.2191196687578146,0.2191196687578146,0.2191196687578146,0.6170880009615757,0.544360728530158,0.6937352709090083,0.0831390734688793,0.4016350326912642,1.0011376103040426,0.1140489205340789,0.8854103530099967,0.0495314628351085,0.0466307294295468,0.0470342612717256,0.0505664834501993,0.0600429052429758,0.0478532069739845,-0.0015832570473605,-0.0021177766915412,675.0,0.0,0.2610920573458406,0.143675143319628,0.830912931619557,0.4542667875837952,0.7284966939519985,0.8513856976782915,0.0540585049383388,0.9562660513346144,0.5540801259455461,0.3298529147487226,0.4860086620167514,0.2233575742389943,0.3322550188258053,0.6095934759945512,100000,30,14,0.1,1.0,0.1,0,13,0.001,1e-06,0.001,1e-07,1.0,1e-08,adamax,0,0.0,disordered,1,0.2209829801444363,0 days 16:22:05.799689,0.0015832847884723,4.421429699625655,4.348393236690749
258,258,258,258,0.1747772774464679,0.1747772774464679,0.1747772774464679,0.1747772774464679,0.1747772774464679,0.1747772774464679,0.1747772774464679,0.1747772774464679,0.1747772774464679,0.1747772774464679,0.1747772774464679,0.1747772774464679,0.1747772774464679,0.1747772774464679,0.8874592905377341,0.4512285792387968,0.513072623779046,0.2676105026590398,0.1546668189613167,0.0301217152024711,0.0895363062028915,0.0294262717555378,0.0299161596907909,0.0304433452418302,0.0297319199465452,1.0002116907735956,0.0334715433026028,0.0297698830441554,-0.001934997072408,-0.0025422895551407,770.0,0.0,0.1934417874985552,0.4503599800352695,0.2834719266138154,0.7794971887695216,0.2400318748230032,0.7294470601598501,0.0132393839244975,0.4385159072666922,0.4734987759415516,0.406168946043238,0.5189027103983602,0.8452300910015517,0.5229457637404864,0.8171458538819233,100000,30,14,0.1,1.0,0.1,0,13,0.001,1e-06,0.001,1e-07,1.0,1e-08,adamax,0,0.0,disordered,1,0.1757769538455773,0 days 16:22:05.799689,0.0019350124345266,4.518483757304578,4.113271630556927
259,259,259,259,0.2575263326771198,0.2575263326771198,0.2575263326771198,0.2575263326771198,0.2575263326771198,0.2575263326771198,0.2575263326771198,0.2575263326771198,0.2575263326771198,0.2575263326771198,0.2575263326771198,0.2575263326771198,0.2575263326771198,0.2575263326771198,0.0671059304280239,0.0665747690752765,0.1117167938108493,0.1456415499115,0.4411000770824567,0.0883799292803157,1.0012346141236166,0.0662782145072673,0.0707463779564714,0.0652621234821348,0.0684139031213656,0.0741130911144472,0.0742931037884371,0.6510266737464687,-0.0013254050219726,-0.0015420035683605,595.0,0.0,0.7296668340702964,0.1960980413704525,0.2983363770931467,0.1577054943448939,0.7788070150730986,0.0963064736583216,0.8564363688241255,0.5549408503937954,0.430836957458087,0.5628663925544286,0.5377616424280137,0.6195796401529267,0.5425353416111438,0.306024249914103,100000,30,14,0.1,1.0,0.1,0,13,0.001,1e-06,0.001,1e-07,1.0,1e-08,adamax,0,0.0,disordered,1,0.2592336474508345,0 days 16:22:05.799689,0.0013254173752548,4.96710673314143,4.387300369685918
260,260,260,260,0.2575263326771198,0.2575263326771198,0.2575263326771198,0.2575263326771198,0.2575263326771198,0.2575263326771198,0.2575263326771198,0.2575263326771198,0.2575263326771198,0.2575263326771198,0.2575263326771198,0.2575263326771198,0.2575263326771198,0.2575263326771198,0.1226248922882792,0.0734668156669687,0.9841851346742498,0.0896269160771959,1.0003483363427,0.315819938537452,0.536827814115489,0.9623363521813189,0.0755577802718277,0.0987997975875823,0.6623357149006827,0.07806945338354,0.0916551980751423,0.0676865707152248,-0.0013116175997138,-0.001546833992089,597.0,0.0,0.8986153874068937,0.616815155645467,0.9954409266140332,0.1305664684177212,0.9413896798372886,0.6257868077855991,0.6789169189102235,0.9412139376410446,0.0624637916473289,0.1890294281358702,0.5706729312589813,0.2978662262765116,0.0164398885199489,0.2912488115415481,100000,30,14,0.1,1.0,0.1,0,13,0.001,1e-06,0.001,1e-07,1.0,1e-08,adamax,0,0.0,disordered,1,0.2579682218834505,0 days 16:22:05.799689,0.0013116184447534,4.5777082013393,4.317408312414268
261,261,261,261,0.1439847952876006,0.1439847952876006,0.1439847952876006,0.1439847952876006,0.1439847952876006,0.1439847952876006,0.1439847952876006,0.1439847952876006,0.1439847952876006,0.1439847952876006,0.1439847952876006,0.1439847952876006,0.1439847952876006,0.1439847952876006,0.1781010279009555,0.0416213182887277,0.0412378550210849,0.1247236919387589,1.000655912207341,0.0198922779650201,0.0196031080651871,0.9734596431499034,0.0330162073923765,0.0957958032494675,0.019581951297381,0.0191938004824741,0.0281365005950015,0.0271474404698424,-0.0021101021114775,-0.0029899304947587,873.0,0.0,0.6906224920438333,0.6824747546512389,0.0243473179975725,0.3233772157689207,0.8570896250639003,0.6527474104669012,0.6191804671224441,0.97377324147106,0.3286767579782848,0.0832384027838331,0.6200275861014232,0.6401335363741893,0.5480909294992627,0.9544015939487656,100000,30,14,0.1,1.0,0.1,0,13,0.001,1e-06,0.001,1e-07,1.0,1e-08,adamax,0,0.0,disordered,1,0.1457998649007307,0 days 16:22:05.799689,0.002110173337691,4.949751691675858,4.677635488938338
262,262,262,262,0.5964184945842456,0.5964184945842456,0.5964184945842456,0.5964184945842456,0.5964184945842456,0.5964184945842456,0.5964184945842456,0.5964184945842456,0.5964184945842456,0.5964184945842456,0.5964184945842456,0.5964184945842456,0.5964184945842456,0.5964184945842456,0.2661357924091253,0.3205922436816898,0.2522870750896245,0.2952279120885056,0.2479835896820638,0.2488601629314197,0.286383222150835,0.2791509880448654,0.2494549223347563,0.2595194024952397,0.2817004453690351,0.2559965334760921,0.8836531969817721,1.0000916751386004,-0.0007954148480098,-0.0008922669024184,379.0,0.0,0.6804865521266139,0.0678019738405787,0.6476396622361511,0.0664872246066922,0.5704321719943116,0.5026659264789222,0.0028872992005247,0.1965175663336678,0.4185439502633219,0.3193685561421232,0.1329217208895931,0.6168338315513925,0.943238717728384,0.039104284294701,100000,30,14,0.1,1.0,0.1,0,13,0.001,1e-06,0.001,1e-07,1.0,1e-08,adamax,0,0.0,disordered,1,0.5990865227545291,0 days 16:22:05.799689,0.0007954198974748,4.516692211547511,4.645125120432084
263,263,263,263,0.2121550171362449,0.2121550171362449,0.2121550171362449,0.2121550171362449,0.2121550171362449,0.2121550171362449,0.2121550171362449,0.2121550171362449,0.2121550171362449,0.2121550171362449,0.2121550171362449,0.2121550171362449,0.2121550171362449,0.2121550171362449,0.0441418607096275,0.0456099722095415,0.0949435299328085,0.6815342288586392,0.9857698581654613,1.0014521884266936,0.6726233878227703,0.0480647634980948,0.0466083996547083,0.7029783319763055,0.2523185479610443,0.0884724796410076,0.1080286230284,0.0511549946713542,-0.0015230151119705,-0.0017457884331099,686.0,0.0,0.770642093358219,0.3530056890674251,0.2715969442479642,0.7938128323488172,0.9316915339620816,0.9816024369131277,0.9331484537746048,0.1245746193988084,0.0112939080882549,0.7475602706104801,0.7640568991220532,0.1490011188859666,0.5727014824881643,0.6440931339590131,100000,30,14,0.1,1.0,0.1,0,13,0.001,1e-06,0.001,1e-07,1.0,1e-08,adamax,0,0.0,disordered,1,0.2150196428997785,0 days 16:22:05.799689,0.0015230705914333,5.2720233259990525,4.5407354684247245
264,264,264,264,0.1747772774464679,0.1747772774464679,0.1747772774464679,0.1747772774464679,0.1747772774464679,0.1747772774464679,0.1747772774464679,0.1747772774464679,0.1747772774464679,0.1747772774464679,0.1747772774464679,0.1747772774464679,0.1747772774464679,0.1747772774464679,0.3544574201186228,0.3368598077264896,0.1185119992791551,0.0970418831056861,0.2161002152619536,0.0703717351819467,0.1198226027778727,0.5138948722286854,0.6616627222167877,1.001067503007613,0.0398631413240367,0.0346981549963305,0.0316726716113079,0.031789566347752,-0.001798000140137,-0.0022187608368661,768.0,0.0,0.3824474095003376,0.1690773663209991,0.3398999655537181,0.2816164289292787,0.0076791210226125,0.2757122259729295,0.2486359202264328,0.6756381518438787,0.6373724969914955,0.6756248000046686,0.29298127280873,0.594573782356606,0.1204389932529523,0.7645327467875227,100000,30,14,0.1,1.0,0.1,0,13,0.001,1e-06,0.001,1e-07,1.0,1e-08,adamax,0,0.0,disordered,1,0.1750907445812739,0 days 16:22:05.799689,0.0017980012042535,4.573562491850948,4.217272835902955
265,265,265,265,0.31260072430687,0.31260072430687,0.31260072430687,0.31260072430687,0.31260072430687,0.31260072430687,0.31260072430687,0.31260072430687,0.31260072430687,0.31260072430687,0.31260072430687,0.31260072430687,0.31260072430687,0.31260072430687,0.0700497876456826,0.0743395605841267,0.0326615439079473,0.0445111622354673,0.0190504173441854,1.001015090701065,0.0160200567445526,0.0170372587504076,0.4560249716973609,0.8955285281754403,0.6791909938829661,0.8139568187681188,0.0211366494857824,0.0207195032955643,-0.0011802026528548,-0.0013221209921269,1292.0,0.0,0.939942823405704,0.7650859415568515,0.7313715691484668,0.5717709554015099,0.7625380508868862,0.4641393591113667,0.257575102546457,0.7786558664111833,0.5170059703423491,0.9251620988818609,0.5867070829368026,0.533994533000577,0.0388040032213391,0.221140534295108,100000,30,14,0.1,1.0,0.1,0,13,0.001,1e-06,0.001,1e-07,1.0,1e-08,adamax,0,0.0,disordered,1,0.3094466589555903,0 days 16:22:05.799689,0.0011802346400519,4.137967604189764,4.189964073102583
266,266,266,266,0.1148471547840287,0.1148471547840287,0.1148471547840287,0.1148471547840287,0.1148471547840287,0.1148471547840287,0.1148471547840287,0.1148471547840287,0.1148471547840287,0.1148471547840287,0.1148471547840287,0.1148471547840287,0.1148471547840287,0.1148471547840287,0.7586663020084559,0.7987076770308241,8.825335852999236e-07,8.702409697609815e-07,9.782171778373926e-07,1.07923023149632e-06,2.118695639067526e-06,0.0750605821225384,0.0859680239196199,0.0657271847050592,0.0433698647393118,8.274947846700368e-06,0.1899208459479291,2.3841888084268525e-06,-0.002352800288409,-0.0028435127662789,9603.0,1.0,0.7186613988532663,0.4388809807656246,0.9257056476135832,0.615186859144445,0.2639157669577461,0.2450934880507677,0.2915311257963363,0.2171019367945525,0.5316124247090717,0.0846068115191674,0.5784091718602687,0.4289681518042565,0.8788343151379411,0.8907468797284301,100000,30,14,0.1,1.0,0.1,0,13,0.001,1e-06,0.001,1e-07,1.0,1e-08,adamax,0,0.0,disordered,1,0.1131230246111968,0 days 16:22:05.799689,0.0023529168872457,5.448404500842962,5.022980716935175
267,267,267,267,0.3919100249433399,0.3919100249433399,0.3919100249433399,0.3919100249433399,0.3919100249433399,0.3919100249433399,0.3919100249433399,0.3919100249433399,0.3919100249433399,0.3919100249433399,0.3919100249433399,0.3919100249433399,0.3919100249433399,0.3919100249433399,0.7102489584112089,0.462358376139904,0.3185264061005389,0.2687905237998734,0.268661627129709,1.0017089943479212,0.1467235712291028,0.1666733772953821,0.1605571113933153,0.1705000126448897,0.1514538457481165,0.1877311410118834,0.3420402117521982,0.7334753916116958,-0.0009815069486267,-0.0010518621237624,436.0,0.0,0.2971523946037819,0.1908006677512463,0.4219832755495095,0.506328174724403,0.7109783252439936,0.9707250807177435,0.8949805686934579,0.3968997682447035,0.5490804140888205,0.5811396785133526,0.8791075936683179,0.105558755383498,0.8157310583955725,0.2625821000898687,100000,30,14,0.1,1.0,0.1,0,13,0.001,1e-06,0.001,1e-07,1.0,1e-08,adamax,0,0.0,disordered,1,0.3941462249864035,0 days 16:22:05.799689,0.0009815143018602,4.107372587764828,4.27187342554625
268,268,268,268,0.3919100249433399,0.3919100249433399,0.3919100249433399,0.3919100249433399,0.3919100249433399,0.3919100249433399,0.3919100249433399,0.3919100249433399,0.3919100249433399,0.3919100249433399,0.3919100249433399,0.3919100249433399,0.3919100249433399,0.3919100249433399,0.9597252651907184,0.4159302887213902,0.1602794355048071,0.2050378467014004,0.2450531010120335,0.1712327936377858,0.9847071608688406,0.1518891550893948,0.1528803964752569,0.1524642827679041,0.9976439270392649,1.001143367716142,0.1536269882972839,0.155410978613622,-0.0010320152880623,-0.0012491413747831,410.0,0.0,0.107500107434456,0.9801581869007052,0.3472983694743665,0.7478456638335392,0.3634214901784441,0.2906776165045854,0.5433210652185734,0.2329467089404197,0.2444241497926114,0.0508620963129747,0.7146135600942009,0.9213557025394892,0.0049391371660167,0.2883433059584358,100000,30,14,0.1,1.0,0.1,0,13,0.001,1e-06,0.001,1e-07,1.0,1e-08,adamax,0,0.0,disordered,1,0.3937924836468198,0 days 16:22:05.799689,0.0010320206640648,4.434045864776671,4.515047639554727
269,269,269,269,0.1394082826282576,0.1394082826282576,0.1394082826282576,0.1394082826282576,0.1394082826282576,0.1394082826282576,0.1394082826282576,0.1394082826282576,0.1394082826282576,0.1394082826282576,0.1394082826282576,0.1394082826282576,0.1394082826282576,0.1394082826282576,0.0131526101385181,0.0118379402663981,0.0050001641533205,0.0107962226892371,0.0057537218982445,0.0103863306670368,0.0246188509712297,0.1763346625148412,0.1495746105746715,0.1919700540226971,0.0120336224088331,0.0123456447142614,1.000098390356939,0.0222797945328876,-0.0019882881305464,-0.0024562334925376,1443.0,0.0,0.8698080901838249,0.6009611086345273,0.1285723646794975,0.2403953491724734,0.2074476020330385,0.0338475812205937,0.1285958813186927,0.1270902542951092,0.5037976427016844,0.768247250025672,0.5191068701186071,0.6562395971013444,0.8837135889312623,0.7808245670731921,100000,30,14,0.1,1.0,0.1,0,13,0.001,1e-06,0.001,1e-07,1.0,1e-08,adamax,0,0.0,disordered,1,0.1381305492700822,0 days 16:22:05.799689,0.0019883153571915,5.586801220332678,5.237025540205717
270,270,270,270,0.2837303616516209,0.2837303616516209,0.2837303616516209,0.2837303616516209,0.2837303616516209,0.2837303616516209,0.2837303616516209,0.2837303616516209,0.2837303616516209,0.2837303616516209,0.2837303616516209,0.2837303616516209,0.2837303616516209,0.2837303616516209,0.0782797773005335,0.2228105883137686,0.9074532593933357,0.2365685595181844,0.0928215433295027,0.0783848420820914,0.0930559763209525,0.827207834804955,0.0792249105060998,0.96149316226466,0.0776279971811456,0.0792332640135598,1.000916000913442,0.1006162000388785,-0.0010858030266808,-0.0013668980528162,563.0,0.0,0.0997593227772318,0.0268519347524667,0.9298496661777996,0.2607789471225706,0.8632480873818676,0.1744944101266712,0.8793302462090203,0.4403183439820408,0.0289125951170617,0.9890317328695384,0.1168715186346838,0.0236418087236619,0.8008624272421115,0.3261165967064418,100000,30,14,0.1,1.0,0.1,0,13,0.001,1e-06,0.001,1e-07,1.0,1e-08,adamax,0,0.0,disordered,1,0.2841401517171927,0 days 16:22:05.799689,0.0010858035126832,4.862082159086965,4.521244929901254
271,271,271,271,0.3228628202536728,0.3228628202536728,0.3228628202536728,0.3228628202536728,0.3228628202536728,0.3228628202536728,0.3228628202536728,0.3228628202536728,0.3228628202536728,0.3228628202536728,0.3228628202536728,0.3228628202536728,0.3228628202536728,0.3228628202536728,1.000053286740363,0.6573971909327451,0.4152533113639479,0.3849153368007722,0.3170901488542368,0.2372550852519064,0.3937564842284742,0.0981981890847083,0.1366367156300015,0.1160296620931226,0.0532041327338863,0.0832189191856201,0.0842524620398178,0.7213403789968499,-0.0011737140901591,-0.0012706561565034,828.0,0.0,0.0316929200137269,0.0121385674625584,0.4070895425927446,0.105375854119849,0.3521693916782696,0.6865019747544017,0.9509689675529264,0.2934854849756927,0.5755475392440509,0.7040855421249729,0.7943149992989771,0.4936219984790373,0.7911589406853283,0.4617548400991511,100000,30,14,0.1,1.0,0.1,0,13,0.001,1e-06,0.001,1e-07,1.0,1e-08,adamax,0,0.0,disordered,1,0.3266136622678233,0 days 16:22:05.799689,0.0011737517617701,3.882960010920386,4.068934215424996
272,272,272,272,0.4459627626819087,0.4459627626819087,0.4459627626819087,0.4459627626819087,0.4459627626819087,0.4459627626819087,0.4459627626819087,0.4459627626819087,0.4459627626819087,0.4459627626819087,0.4459627626819087,0.4459627626819087,0.4459627626819087,0.4459627626819087,0.2918907630638465,0.2005633591405695,0.1951826244621002,0.0999245040939969,0.1139538853021819,0.1425382788093788,0.1598431831446991,0.1446149279052794,0.1861398262958986,0.1488078662845445,0.1013179464288159,0.1508698560143619,0.367477438100415,1.000545378196127,-0.0009096320710011,-0.0010394014352048,650.0,0.0,0.7432089431913926,0.6344691439265372,0.4645925630309526,0.8703766258825952,0.312597817301891,0.3593160199082607,0.4827486753456478,0.0612250360142219,0.5916532212902839,0.0242044295789416,0.8663353398113628,0.3484932886953423,0.8881877051877,0.1493807642649662,100000,30,14,0.1,1.0,0.1,0,13,0.001,1e-06,0.001,1e-07,1.0,1e-08,adamax,0,0.0,disordered,1,0.4457922182284522,0 days 16:22:05.799689,0.0009096320782564,4.542923017146192,4.6057067259017455
273,273,273,273,0.5964184945842456,0.5964184945842456,0.5964184945842456,0.5964184945842456,0.5964184945842456,0.5964184945842456,0.5964184945842456,0.5964184945842456,0.5964184945842456,0.5964184945842456,0.5964184945842456,0.5964184945842456,0.5964184945842456,0.5964184945842456,0.3562810075474673,0.3407177391087967,0.3357302991016316,0.3821181495677568,0.3439973303190126,0.3693837271182676,0.3329355802422966,0.3371547010874732,0.3149146788891665,0.3172387819140775,0.3433590703548023,0.3196164021765272,0.6830618599781807,1.0005510606632575,-0.0007850429436035,-0.0008560578224959,276.0,0.0,0.71624829296369,0.5855134953816346,0.5668054991174719,0.9065448576640236,0.0867575888476853,0.9177427468321386,0.2804969241390942,0.2538249548089413,0.6846903811960501,0.4131886612712611,0.1340955673338829,0.5580343537526458,0.8759672619772926,0.0088415666662903,100000,30,14,0.1,1.0,0.1,0,13,0.001,1e-06,0.001,1e-07,1.0,1e-08,adamax,0,0.0,disordered,1,0.5994531060945105,0 days 16:22:05.799689,0.0007850492711269,4.494983358092397,4.586125311731674
274,274,274,274,0.1394082826282576,0.1394082826282576,0.1394082826282576,0.1394082826282576,0.1394082826282576,0.1394082826282576,0.1394082826282576,0.1394082826282576,0.1394082826282576,0.1394082826282576,0.1394082826282576,0.1394082826282576,0.1394082826282576,0.1394082826282576,0.7584565437878902,0.7479710489437748,0.2103218527643103,0.0591658456293844,0.1021705211570469,1.0004239291662331,0.1341066682260476,0.0236990379914507,0.0424945845691346,0.1056491937091331,0.033330386204934,0.0243127953881994,0.0240426592381127,0.0325948659586023,-0.0021500157008623,-0.0029351260103582,862.0,0.0,0.4024341209001952,0.1791553579684491,0.7086352018966858,0.7871031607789767,0.141602596831929,0.8445017164340487,0.3122785108275705,0.7498669802182869,0.1287998260806334,0.4734033912116812,0.649239041295116,0.4950066534014287,0.6892716676081824,0.7752851900829789,100000,30,14,0.1,1.0,0.1,0,13,0.001,1e-06,0.001,1e-07,1.0,1e-08,adamax,0,0.0,disordered,1,0.1382903806146945,0 days 16:22:05.799689,0.0021500456546464,4.034086887327735,4.038593780049161
275,275,275,275,0.3557150206821381,0.3557150206821381,0.3557150206821381,0.3557150206821381,0.3557150206821381,0.3557150206821381,0.3557150206821381,0.3557150206821381,0.3557150206821381,0.3557150206821381,0.3557150206821381,0.3557150206821381,0.3557150206821381,0.3557150206821381,0.1248572144603213,0.1473684267731025,0.166515842733988,0.1594119024820274,0.1410578500702652,0.14030830660471,0.1254883824684627,1.000626173895702,0.1239761860259465,0.1625105087224593,0.1564949917007228,0.1267708068045527,0.1478070166428655,0.8433048601184074,-0.0011181840787589,-0.0012830565913756,457.0,0.0,0.9283894315706523,0.6490635800408276,0.1759501685527703,0.7681127069410235,0.4237433273208904,0.6985926672318011,0.6892002298108775,0.8872912225265681,0.5892704824400701,0.2294741203878888,0.4062477741541459,0.6206195937384177,0.5708106848170152,0.1936271183098157,100000,30,14,0.1,1.0,0.1,0,13,0.001,1e-06,0.001,1e-07,1.0,1e-08,adamax,0,0.0,disordered,1,0.3541540870676794,0 days 16:22:05.799689,0.0011181899517491,4.308591749585341,4.3698780625621305
276,276,276,276,0.3228628202536728,0.3228628202536728,0.3228628202536728,0.3228628202536728,0.3228628202536728,0.3228628202536728,0.3228628202536728,0.3228628202536728,0.3228628202536728,0.3228628202536728,0.3228628202536728,0.3228628202536728,0.3228628202536728,0.3228628202536728,0.1125142621753696,0.1026377795144468,0.1001615497546549,0.1073653208717592,0.1007146905880274,0.1173161296965311,0.123015615493089,0.1271533067559733,0.1138229742013587,0.1081711105335378,1.0013228997924764,0.1016263961973053,0.6450729268752977,0.3900889381409524,-0.0012965810959013,-0.0014317184554253,507.0,0.0,0.824032216762549,0.5794577714532373,0.5768013793246287,0.2050982457879387,0.4916221968829366,0.2686964542861396,0.3353176670488188,0.3418876984675734,0.6056950274603036,0.3727873636982007,0.8999060160301815,0.7507599098712591,0.9806062698694245,0.6116400008802909,100000,30,14,0.1,1.0,0.1,0,13,0.001,1e-06,0.001,1e-07,1.0,1e-08,adamax,0,0.0,disordered,1,0.3248871379277311,0 days 16:22:05.799689,0.0012965952373681,4.749072858419453,4.679670872212016
277,277,277,277,0.5074705239490462,0.5074705239490462,0.5074705239490462,0.5074705239490462,0.5074705239490462,0.5074705239490462,0.5074705239490462,0.5074705239490462,0.5074705239490462,0.5074705239490462,0.5074705239490462,0.5074705239490462,0.5074705239490462,0.5074705239490462,0.5158546511463326,0.392637970401391,0.3937600364014309,0.3102689430248752,0.2952623516569054,0.3212768939356177,0.2607249433824154,0.278517861299338,0.301954332935964,0.2546952775271368,0.2514253637429247,0.253124539265306,0.3227865621299307,1.0015280778009854,-0.0008396408026605,-0.0009086362225468,306.0,0.0,0.4303223165562948,0.3928690888518122,0.0368772763332992,0.7042187498065502,0.3157529253221451,0.0226824501927953,0.9126105342355452,0.2363758633618058,0.0934657012940052,0.7382360921493729,0.7714531340477934,0.7713963860397556,0.6159471154181675,0.0262046336281953,100000,30,14,0.1,1.0,0.1,0,13,0.001,1e-06,0.001,1e-07,1.0,1e-08,adamax,0,0.0,disordered,1,0.5148286975047764,0 days 16:22:05.799689,0.0008396903138964,4.358908246930882,4.528736446123466
278,278,278,278,0.3026648059395688,0.3026648059395688,0.3026648059395688,0.3026648059395688,0.3026648059395688,0.3026648059395688,0.3026648059395688,0.3026648059395688,0.3026648059395688,0.3026648059395688,0.3026648059395688,0.3026648059395688,0.3026648059395688,0.3026648059395688,0.4071828982170013,0.218849387002268,0.1416508647066031,0.0914534885578295,0.657084303863681,0.7448173376743046,0.0913814555290727,1.0006652260724338,0.9990777335023636,0.0918622087354704,0.0918536738756059,0.8902635895844486,0.0915474716331274,0.092366032740264,-0.0012402105796245,-0.0015783425722653,520.0,0.0,0.5344485508328887,0.960696137510391,0.4552101955437518,0.2965841288519965,0.5573687571007563,0.6323099431721152,0.2975807642435687,0.7748983341978675,0.841518314734828,0.0242541429599622,0.1004475902259629,0.500578936546438,0.0589401886932623,0.1958725048835413,100000,30,14,0.1,1.0,0.1,0,13,0.001,1e-06,0.001,1e-07,1.0,1e-08,adamax,0,0.0,disordered,1,0.298964032216164,0 days 16:22:05.799689,0.0012402546191255,4.512955827814449,4.413369024249061
279,279,279,279,0.3026648059395688,0.3026648059395688,0.3026648059395688,0.3026648059395688,0.3026648059395688,0.3026648059395688,0.3026648059395688,0.3026648059395688,0.3026648059395688,0.3026648059395688,0.3026648059395688,0.3026648059395688,0.3026648059395688,0.3026648059395688,0.641598331790901,0.0326511163640864,0.0211263679772442,0.0261236397808014,0.0255191153625113,0.2929099890743869,1.0002189813836877,0.0419164457747621,0.0304036633918137,0.0344221923012268,0.0328014769992177,0.1076839558766114,0.7586360616334298,0.068401818619849,-0.0011018670107596,-0.0012872684710682,1161.0,0.0,0.8725808704046144,0.9985612409743008,0.8424408533718666,0.1644843202275913,0.8038890366662108,0.5819691893112379,0.9948420345429304,0.2824518866017588,0.901054160049732,0.0161443619646516,0.2219817421092476,0.904326725659339,0.5098987108635635,0.2084307679450512,100000,30,14,0.1,1.0,0.1,0,13,0.001,1e-06,0.001,1e-07,1.0,1e-08,adamax,0,0.0,disordered,1,0.3040310960757282,0 days 16:22:05.799689,0.0011018719079599,4.194810741353501,4.364593553467132
280,280,280,280,0.4606028844202396,0.4606028844202396,0.4606028844202396,0.4606028844202396,0.4606028844202396,0.4606028844202396,0.4606028844202396,0.4606028844202396,0.4606028844202396,0.4606028844202396,0.4606028844202396,0.4606028844202396,0.4606028844202396,0.4606028844202396,0.224963721854113,0.2142774964016896,0.2219188794528961,0.2102663140187603,0.2103979365451252,0.2288104885696981,0.9791626599717408,0.7830658155104198,0.2100318669923378,0.2075889753356256,0.2319844749550748,1.001180122819339,0.3224287003588774,0.80065499819879,-0.0008807819337847,-0.0009615267989154,344.0,0.0,0.6999304023746258,0.3183931156556606,0.589163095201402,0.4156423357712343,0.0804423228665887,0.0639452407496375,0.9134199436822962,0.8685949990490613,0.4580567283612882,0.2402191191679729,0.1331714742981344,0.9575853826117988,0.5403821544940877,0.0077069788216748,100000,30,14,0.1,1.0,0.1,0,13,0.001,1e-06,0.001,1e-07,1.0,1e-08,adamax,0,0.0,disordered,1,0.4656991267294992,0 days 16:22:05.799689,0.0008808103890639,4.691301460477534,4.596308471006902
281,281,281,281,0.3919100249433399,0.3919100249433399,0.3919100249433399,0.3919100249433399,0.3919100249433399,0.3919100249433399,0.3919100249433399,0.3919100249433399,0.3919100249433399,0.3919100249433399,0.3919100249433399,0.3919100249433399,0.3919100249433399,0.3919100249433399,0.4444418422709955,0.1631541173605779,0.1941537312462124,0.2192845646706955,0.1767129148797604,0.2237274026750668,0.1458448540389562,0.1580221504905077,0.1830283098634193,0.147360305914484,1.001949398813728,0.164612367616519,0.173492387470414,0.8960269864333256,-0.0010127649413829,-0.0011212926772463,428.0,0.0,0.6256191561345337,0.7575658146244825,0.3039540231419534,0.9799665572099168,0.058976470767368,0.1117238983214603,0.603831803552466,0.4624899048622172,0.3695936464390237,0.6963669060780433,0.928911149355404,0.8603804184889041,0.7266129329024038,0.2893298787520199,100000,30,14,0.1,1.0,0.1,0,13,0.001,1e-06,0.001,1e-07,1.0,1e-08,adamax,0,0.0,disordered,1,0.3955001478376354,0 days 16:22:05.799689,0.0010127870552394,4.556024713064637,4.5571800913422225
282,282,282,282,0.4317879727332017,0.4317879727332017,0.4317879727332017,0.4317879727332017,0.4317879727332017,0.4317879727332017,0.4317879727332017,0.4317879727332017,0.4317879727332017,0.4317879727332017,0.4317879727332017,0.4317879727332017,0.4317879727332017,0.4317879727332017,1.0002481609027971,0.89982743561069,0.1669097943721204,0.1691330524867275,0.1778862905195496,0.2045029957740455,0.1630728364852687,0.1986906211311235,0.1634163477843052,0.1638991011165888,0.1997955177145793,0.1874909723407738,0.4725700536680448,0.7256532721615638,-0.0009560858486366,-0.0010451255660347,421.0,0.0,0.3035754278572405,0.1781486816960641,0.8756895613363475,0.6768213378604695,0.5757831895041652,0.0701672526727372,0.8484925448291497,0.1448534997231394,0.5095451291667785,0.9355100792268508,0.3574547742171649,0.4576486448906808,0.9447030141551648,0.2973425907157143,100000,30,14,0.1,1.0,0.1,0,13,0.001,1e-06,0.001,1e-07,1.0,1e-08,adamax,0,0.0,disordered,1,0.4256818100109636,0 days 16:22:05.799689,0.0009561308658599,4.312986880755762,4.488517545407132
283,283,283,283,0.2659804395593755,0.2659804395593755,0.2659804395593755,0.2659804395593755,0.2659804395593755,0.2659804395593755,0.2659804395593755,0.2659804395593755,0.2659804395593755,0.2659804395593755,0.2659804395593755,0.2659804395593755,0.2659804395593755,0.2659804395593755,0.3164364019544318,0.1498707137299779,0.1387936776221215,0.155010088589983,0.981493294830636,1.0019402100385553,0.0751913917794417,0.3893238333467786,0.0696372208074131,0.0698559852073548,0.7618991436183948,0.659039900981472,0.070003804180812,0.077454774244655,-0.0013946154201735,-0.0016235398525135,579.0,0.0,0.4522681555553598,0.381264433246623,0.407176822363004,0.4311905702831072,0.9909251799832076,0.8054271184567908,0.0408023291092698,0.6091725876977999,0.0117547122692966,0.0783087638927918,0.5831792867219203,0.6205908503134709,0.1705372380655809,0.4032293846380065,100000,30,14,0.1,1.0,0.1,0,13,0.001,1e-06,0.001,1e-07,1.0,1e-08,adamax,0,0.0,disordered,1,0.2667402083658723,0 days 16:22:05.799689,0.0013946180043817,4.700942828323199,4.5210105910159575
284,284,284,284,0.2575263326771198,0.2575263326771198,0.2575263326771198,0.2575263326771198,0.2575263326771198,0.2575263326771198,0.2575263326771198,0.2575263326771198,0.2575263326771198,0.2575263326771198,0.2575263326771198,0.2575263326771198,0.2575263326771198,0.2575263326771198,0.8395107890414244,0.1253441139713828,0.0690642101677236,0.0790371143425988,0.7458378952288163,0.1299320221326755,0.0616209433181514,0.19808267617632,0.0596952894701917,0.0597447906624585,0.6169238533301191,1.000501668354667,0.060221550614481,0.0609411553392549,-0.0014679165539431,-0.0018290290455452,633.0,0.0,0.360509845853903,0.7038513879430254,0.4198563038021821,0.3845682407265546,0.8254942886658027,0.6685329114974272,0.1107462968168769,0.5398995705201489,0.2246724106827123,0.2698871709329439,0.6128847196823363,0.8651806171917678,0.3588239467283936,0.5217412887033186,100000,30,14,0.1,1.0,0.1,0,13,0.001,1e-06,0.001,1e-07,1.0,1e-08,adamax,0,0.0,disordered,1,0.2540633826112884,0 days 16:22:05.799689,0.0014679807326706,4.448689268770936,4.3204645573406015
285,285,285,285,0.1349772330233941,0.1349772330233941,0.1349772330233941,0.1349772330233941,0.1349772330233941,0.1349772330233941,0.1349772330233941,0.1349772330233941,0.1349772330233941,0.1349772330233941,0.1349772330233941,0.1349772330233941,0.1349772330233941,0.1349772330233941,1.0001568335817486,0.0782021262114183,0.2681854219666537,0.2102155414756226,0.2310451678960281,0.0810894049110644,0.1296470950084144,0.1119545757243808,0.0918939788867848,0.035627584536999,0.018279962290724,0.0220207388425562,0.0195344550130014,0.0198445793986608,-0.0022383481852126,-0.0033824693204319,877.0,0.0,0.0780990026556265,0.7741300326825525,0.1734021894217381,0.3985102239098461,0.2744210850174291,0.5193636535366862,0.2995704625754152,0.4683101527284676,0.4409953107360257,0.6131035871577232,0.6889362944750851,0.5315913557048402,0.7426015513347075,0.89760034510713,100000,30,14,0.1,1.0,0.1,0,13,0.001,1e-06,0.001,1e-07,1.0,1e-08,adamax,0,0.0,disordered,1,0.1362609097538935,0 days 16:22:05.799689,0.0022383936657496,4.696753038493317,3.7684374537168965
286,286,286,286,0.5074705239490462,0.5074705239490462,0.5074705239490462,0.5074705239490462,0.5074705239490462,0.5074705239490462,0.5074705239490462,0.5074705239490462,0.5074705239490462,0.5074705239490462,0.5074705239490462,0.5074705239490462,0.5074705239490462,0.5074705239490462,0.767496703987068,1.0001645972772435,0.1876763532039905,0.1906146734104551,0.1517883157635132,0.1836984339652069,0.1723740461532967,0.1716535226518418,0.1385410825101522,0.1576347271121386,0.1677196676113984,0.1590234732804983,0.5485312281809992,0.9374608889140322,-0.0008921670798635,-0.0009875640933628,616.0,0.0,0.4578206884284567,0.0327799627638567,0.7668989494699516,0.4590148296163564,0.7825713013777795,0.8535599729288764,0.0768661860969489,0.3981452439674036,0.7405724890116195,0.451693757665647,0.4513610953619369,0.4785476144524054,0.9884437030222668,0.2399492332747925,100000,30,14,0.1,1.0,0.1,0,13,0.001,1e-06,0.001,1e-07,1.0,1e-08,adamax,0,0.0,disordered,1,0.5035545025594059,0 days 16:22:05.799689,0.0008921827337824,4.24323871414922,4.494195827973972
287,287,287,287,0.3228628202536728,0.3228628202536728,0.3228628202536728,0.3228628202536728,0.3228628202536728,0.3228628202536728,0.3228628202536728,0.3228628202536728,0.3228628202536728,0.3228628202536728,0.3228628202536728,0.3228628202536728,0.3228628202536728,0.3228628202536728,0.877400220826243,0.3639690981633936,0.5027247171689382,0.1826691823507172,0.105227658473496,1.0011852197878237,0.3485623035351666,0.1382852067248731,0.1733906625394875,0.1090285809063976,0.106705626123372,0.126294508263357,0.1814924388027914,0.606021242758221,-0.0011805406519885,-0.0013019129240454,494.0,0.0,0.1631818548705969,0.7673370133500969,0.8394313855581875,0.0456307130379749,0.6133129324395125,0.8572995983522452,0.7181674555528159,0.1473417427558361,0.1679588803086876,0.4458328913533708,0.3733582963325904,0.1682323792248768,0.5188531758251657,0.1897948285479452,100000,30,14,0.1,1.0,0.1,0,13,0.001,1e-06,0.001,1e-07,1.0,1e-08,adamax,0,0.0,disordered,1,0.3271615407519783,0 days 16:22:05.799689,0.0011805885929009,4.344146439346826,4.328552549724914
288,288,288,288,0.2575263326771198,0.2575263326771198,0.2575263326771198,0.2575263326771198,0.2575263326771198,0.2575263326771198,0.2575263326771198,0.2575263326771198,0.2575263326771198,0.2575263326771198,0.2575263326771198,0.2575263326771198,0.2575263326771198,0.2575263326771198,0.9150230006476686,0.1941434985498754,0.8782627792518503,0.1052098482713039,0.2244907076374837,0.0778229740385865,1.0000958594699272,0.071311836844448,0.081823386971666,0.066364626386942,0.0764503759501201,0.073426405803906,0.0776338105428276,0.4136869393027857,-0.0014099608540952,-0.0016849058677505,593.0,0.0,0.0767443040575475,0.490228514256099,0.9394881155284912,0.1529961204234934,0.1987775029263786,0.5108366387648576,0.9481088718036756,0.4515361091385279,0.2108011008155037,0.5748792763458139,0.3227719804758109,0.114826221392745,0.6288290534653564,0.4344524935734064,100000,30,14,0.1,1.0,0.1,0,13,0.001,1e-06,0.001,1e-07,1.0,1e-08,adamax,0,0.0,disordered,1,0.2553960286187001,0 days 16:22:05.799689,0.0014099826978661,4.20010318879601,4.282887687709296
289,289,289,289,0.31260072430687,0.31260072430687,0.31260072430687,0.31260072430687,0.31260072430687,0.31260072430687,0.31260072430687,0.31260072430687,0.31260072430687,0.31260072430687,0.31260072430687,0.31260072430687,0.31260072430687,0.31260072430687,0.0984322577846607,0.095725999494082,0.0970035529824253,0.1209619290671818,0.1166223346664837,0.1150505204613689,0.1141139486383528,0.1937917028553427,1.0008340652412937,0.095076781755676,0.1077200081417267,0.1238362296367034,0.3113675841493958,0.6044551808868979,-0.0011864595898576,-0.001348430689595,516.0,0.0,0.955836690367052,0.3841124741955217,0.1527400103484669,0.3235214770355218,0.478705397109699,0.2896744681672416,0.4236043653007638,0.7058796814751347,0.7649841990679365,0.5913785395004015,0.4819788990360973,0.1144645956674915,0.6681019572037156,0.2315605713434018,100000,30,14,0.1,1.0,0.1,0,13,0.001,1e-06,0.001,1e-07,1.0,1e-08,adamax,0,0.0,disordered,1,0.3095010934307387,0 days 16:22:05.799689,0.0011864846462862,4.813587698617274,4.558824963822654
290,290,290,290,0.1186173716452477,0.1186173716452477,0.1186173716452477,0.1186173716452477,0.1186173716452477,0.1186173716452477,0.1186173716452477,0.1186173716452477,0.1186173716452477,0.1186173716452477,0.1186173716452477,0.1186173716452477,0.1186173716452477,0.1186173716452477,1.0002803755390774,0.0121581438820309,0.008285465978823,0.0266865501269461,0.0178169761299051,0.0890957507069728,0.009887738225403,0.009683651692098,0.0119691534663621,0.0176095030751755,0.0181452381686307,0.008332804379321,0.0081332122389201,0.2320373615820746,-0.0022224383591101,-0.0028354623647943,1159.0,0.0,0.7390020615307508,0.9544489617011576,0.8544794496351783,0.2752854311959272,0.4633228012303384,0.4448150007803281,0.7695702694079896,0.4177353826609133,0.3523804298155346,0.5876489041153224,0.5700373507724078,0.8437694751711267,0.9270465241719712,0.8580380618820481,100000,30,14,0.1,1.0,0.1,0,13,0.001,1e-06,0.001,1e-07,1.0,1e-08,adamax,0,0.0,disordered,1,0.1180051185554091,0 days 16:22:05.799689,0.0022224476108855,5.15767903752566,4.506085681736854
291,291,291,291,0.3228628202536728,0.3228628202536728,0.3228628202536728,0.3228628202536728,0.3228628202536728,0.3228628202536728,0.3228628202536728,0.3228628202536728,0.3228628202536728,0.3228628202536728,0.3228628202536728,0.3228628202536728,0.3228628202536728,0.3228628202536728,0.0043525369737112,0.0067684584372145,1.000259657674834,0.0324454430172349,0.0023432841264252,0.0027621105822603,0.0040340297096438,0.004789234356279,0.0048854179488241,0.0023500226367009,0.0162008112764742,0.2896307785358796,0.191956830898142,0.780099117661158,-0.0011208238381377,-0.0013460683296925,2132.0,0.0,0.9901759181550464,0.5752218574086545,0.4132837074807526,0.7075600902013015,0.8685163119647893,0.7130143259681695,0.5777545556052495,0.1626708743365238,0.7240797155870501,0.9090844381539972,0.4600232907566758,0.8684837932574364,0.5933301678821135,0.2654987928559305,100000,30,14,0.1,1.0,0.1,0,13,0.001,1e-06,0.001,1e-07,1.0,1e-08,adamax,0,0.0,disordered,1,0.3201508195910426,0 days 16:22:05.799689,0.0011208434352776,4.570556062146645,4.377529418596891
292,292,292,292,0.1805148879221106,0.1805148879221106,0.1805148879221106,0.1805148879221106,0.1805148879221106,0.1805148879221106,0.1805148879221106,0.1805148879221106,0.1805148879221106,0.1805148879221106,0.1805148879221106,0.1805148879221106,0.1805148879221106,0.1805148879221106,0.0549932437245427,0.0447054456167622,0.5259539344017262,0.0327526749279099,0.970126159262436,0.0464462769250707,0.0328291573953277,0.0318572900072369,1.0011411968975006,0.9723410003608508,0.0331514348819358,0.134714101836774,0.0647589438265706,0.0329502317506702,-0.0015614581919798,-0.0020914105204662,749.0,0.0,0.980302087071833,0.7439096253516175,0.9795252067723554,0.6100530758570066,0.7432085107373737,0.2743893831586442,0.528768332327481,0.3843675888443327,0.685815770505385,0.9425531853188596,0.5579147457481594,0.0067021813154815,0.3157447487468376,0.5393754406066464,100000,30,14,0.1,1.0,0.1,0,13,0.001,1e-06,0.001,1e-07,1.0,1e-08,adamax,0,0.0,disordered,1,0.1800397852888831,0 days 16:22:05.799689,0.0015614597938381,4.339053299511903,4.3111661601683435
293,293,293,293,0.1988827856988807,0.1988827856988807,0.1988827856988807,0.1988827856988807,0.1988827856988807,0.1988827856988807,0.1988827856988807,0.1988827856988807,0.1988827856988807,0.1988827856988807,0.1988827856988807,0.1988827856988807,0.1988827856988807,0.1988827856988807,0.0897092722791975,0.0405697656971082,0.0415126863457036,0.0416357792484317,0.97978535609132,0.0396181235862616,0.9759752744908904,0.0388495289780283,0.045144018335896,1.0010963616261814,0.0450190978912343,0.2710833136477074,0.0397749322900629,0.0393767914887197,-0.0017535824615187,-0.0025071769074017,706.0,0.0,0.7927550561613438,0.5851494185583955,0.2004989269701369,0.6086739255337252,0.8785329218706656,0.5196576168317664,0.8446810793024534,0.5367725491017408,0.0623806444892994,0.9740497216217924,0.0443351207676094,0.2788677951042795,0.6496983544362016,0.8143035604229114,100000,30,14,0.1,1.0,0.1,0,13,0.001,1e-06,0.001,1e-07,1.0,1e-08,adamax,0,0.0,disordered,1,0.1987635455600192,0 days 16:22:05.799689,0.0017535825826358,5.448287973578679,4.564459606877933
294,294,294,294,0.2493409369951876,0.2493409369951876,0.2493409369951876,0.2493409369951876,0.2493409369951876,0.2493409369951876,0.2493409369951876,0.2493409369951876,0.2493409369951876,0.2493409369951876,0.2493409369951876,0.2493409369951876,0.2493409369951876,0.2493409369951876,0.9261473999015362,0.5733330555980836,0.1043362538403993,0.0918769837694747,0.0993137044326228,0.9874147488220278,0.0609802395424643,0.9965744134287196,0.0808150375519801,1.0009568008150205,0.0611034961990709,0.0628825383941601,0.1747755345702513,0.0638031383524731,-0.0013095562600602,-0.0017004363782124,612.0,0.0,0.2143998146561042,0.8709662011441918,0.7041999841816713,0.0892101155075248,0.443404841571228,0.888556139924945,0.4476377740232786,0.8643357016188029,0.208028473648042,0.8729712189375171,0.6978724220509919,0.0260082553528578,0.1050460408884276,0.7372771680981177,100000,30,14,0.1,1.0,0.1,0,13,0.001,1e-06,0.001,1e-07,1.0,1e-08,adamax,0,0.0,disordered,1,0.2469702350868445,0 days 16:22:05.799689,0.0013095752890093,4.82021603557159,4.426389468361528
295,295,295,295,0.1864408533970484,0.1864408533970484,0.1864408533970484,0.1864408533970484,0.1864408533970484,0.1864408533970484,0.1864408533970484,0.1864408533970484,0.1864408533970484,0.1864408533970484,0.1864408533970484,0.1864408533970484,0.1864408533970484,0.1864408533970484,0.0352419893173749,0.035233893980509,0.0741989035966697,1.0011030265800815,0.9807986146700024,0.9844217432797246,0.0388650885151454,0.0590129185577859,0.0346248056810665,0.0356529955432441,0.0362401530547927,0.0368175273957966,0.3711369141175058,0.0348472081552685,-0.0015204863189427,-0.0022740916831355,735.0,0.0,0.8387652840941259,0.370744818252592,0.2664376532277743,0.9740513397038838,0.8470511746955247,0.9963015274446064,0.1755721556118751,0.508987638561795,0.097202802981983,0.6792269818519482,0.4061118564358863,0.0850005313577458,0.1526317251226819,0.910299374681492,100000,30,14,0.1,1.0,0.1,0,13,0.001,1e-06,0.001,1e-07,1.0,1e-08,adamax,0,0.0,disordered,1,0.189385921275452,0 days 16:22:05.799689,0.0015205464015109,5.984278107506049,4.984108081857444
296,296,296,296,0.367392478180207,0.367392478180207,0.367392478180207,0.367392478180207,0.367392478180207,0.367392478180207,0.367392478180207,0.367392478180207,0.367392478180207,0.367392478180207,0.367392478180207,0.367392478180207,0.367392478180207,0.367392478180207,0.2474633400446709,1.0008348639203646,0.0750380835342774,0.0775222370430691,0.0915923631710966,0.0874554141801687,0.0748090086674185,0.0887906858189722,0.0892417711897227,0.0987438498384291,0.0756748118113858,0.1484764857276956,0.374206380127743,0.8319859190474378,-0.0010070305472361,-0.001136191912351,693.0,0.0,0.8768903554469762,0.9551525228261156,0.8965535951168451,0.5351546363255458,0.515455733158423,0.5871028732238763,0.7668237644363374,0.1977185743600077,0.4451151522347814,0.3975934206429982,0.7896529458900853,0.045998356855588,0.6402027140035832,0.0887070636110953,100000,30,14,0.1,1.0,0.1,0,13,0.001,1e-06,0.001,1e-07,1.0,1e-08,adamax,0,0.0,disordered,1,0.3653974181461809,0 days 16:22:05.799689,0.0010070362769871,4.173575419649159,4.337705847502097
297,297,297,297,0.3228628202536728,0.3228628202536728,0.3228628202536728,0.3228628202536728,0.3228628202536728,0.3228628202536728,0.3228628202536728,0.3228628202536728,0.3228628202536728,0.3228628202536728,0.3228628202536728,0.3228628202536728,0.3228628202536728,0.3228628202536728,0.1229737773610463,0.2295056903981389,0.5235194618069268,0.10641907543985,0.081805710165222,0.0875519610478161,0.1008394583676687,0.5886425012947062,0.0727010807744003,0.6045386863158881,0.0951449917109653,0.0897547519829653,1.0000940887354772,0.1988511006312822,-0.0012119239564571,-0.0013714152614684,666.0,0.0,0.5421498286417926,0.2224473832800946,0.9775771675428512,0.1337770573080597,0.3215407232104753,0.2104542570814508,0.2592652477594613,0.6798966146732351,0.0686101487521969,0.6204432240171837,0.5210326863650419,0.0479173199134617,0.9477142052086226,0.4848109501995765,100000,30,14,0.1,1.0,0.1,0,13,0.001,1e-06,0.001,1e-07,1.0,1e-08,adamax,0,0.0,disordered,1,0.3235480239325021,0 days 16:22:05.799689,0.0012119253729736,4.8026241292519245,4.664725379237475
298,298,298,298,0.2337423870891812,0.2337423870891812,0.2337423870891812,0.2337423870891812,0.2337423870891812,0.2337423870891812,0.2337423870891812,0.2337423870891812,0.2337423870891812,0.2337423870891812,0.2337423870891812,0.2337423870891812,0.2337423870891812,0.2337423870891812,0.901749500239686,0.1255743770977782,0.1144419495636506,0.1422363173697068,1.0013770867185388,0.9886459708862856,0.9870419145859416,0.0546487870379753,0.9920597081134764,0.0774484278002995,0.0826255844360689,0.0541153557118159,0.0544870606468578,0.0539723277833571,-0.0014601219360181,-0.0020275230657195,635.0,0.0,0.0552227853994373,0.5430994458188134,0.3849288534581921,0.1053313431245639,0.7779611767655182,0.8869022045397801,0.7002695496615222,0.4575697830924936,0.8279043825811457,0.0228108001645128,0.2168319095813321,0.5835180776469203,0.1919119630154349,0.6599521583299469,100000,30,14,0.1,1.0,0.1,0,13,0.001,1e-06,0.001,1e-07,1.0,1e-08,adamax,0,0.0,disordered,1,0.2312222680455987,0 days 16:22:05.799689,0.0014601541449003,5.037783230668996,4.390878802889739
299,299,299,299,0.1265331759388941,0.1265331759388941,0.1265331759388941,0.1265331759388941,0.1265331759388941,0.1265331759388941,0.1265331759388941,0.1265331759388941,0.1265331759388941,0.1265331759388941,0.1265331759388941,0.1265331759388941,0.1265331759388941,0.1265331759388941,1.0001734793327268,0.1605107618166189,0.160425217938332,0.0271244620060082,0.0168260160344267,0.2434758576836269,0.013412884670267,0.0260048584522964,0.0635822504024526,0.0266665202127949,0.1273698645301262,0.0515049893654894,0.0221880739278317,0.0442810793302427,-0.0022498789651363,-0.0026966177906173,1063.0,0.0,0.4842590997345396,0.818860080709731,0.9829739193633368,0.0562300084333338,0.7374439039462058,0.0605299613106001,0.5366332415027617,0.3574310256945521,0.477786134856731,0.7429309261481368,0.0060714017867887,0.6322373208429781,0.8776752987789853,0.8889077610091979,100000,30,14,0.1,1.0,0.1,0,13,0.001,1e-06,0.001,1e-07,1.0,1e-08,adamax,0,0.0,disordered,1,0.1281616907525429,0 days 16:22:05.799689,0.0022499652120995,4.787659789052239,4.529388986555541
300,300,300,300,0.1692220351641035,0.1692220351641035,0.1692220351641035,0.1692220351641035,0.1692220351641035,0.1692220351641035,0.1692220351641035,0.1692220351641035,0.1692220351641035,0.1692220351641035,0.1692220351641035,0.1692220351641035,0.1692220351641035,0.1692220351641035,0.6245344523975916,0.3910885508078806,0.5339216571077509,0.6268474577624507,0.4538760607073168,0.5551647374215888,3.625737027027508e-06,3.782623750619273e-05,5.616767874714094e-06,9.56762458022486e-06,0.4201007485486881,0.0312473839399211,3.2846982986798774e-06,0.0777771379215569,-0.0018539349934957,-0.0023255229298909,8908.0,1.0,0.5089284620972206,0.6478809576340099,0.1556323125427124,0.2068350038228429,0.9780836291940408,0.0356991540319092,0.9092382284920736,0.2672374227202893,0.5307924500262473,0.2355793896833975,0.0901000589145878,0.8642026280397647,0.6317141650569772,0.876657615352935,100000,30,14,0.1,1.0,0.1,0,13,0.001,1e-06,0.001,1e-07,1.0,1e-08,adamax,0,0.0,disordered,1,0.1685339581409104,0 days 16:22:05.799689,0.0018539423966116,4.436936868848998,4.643331546339848
301,301,301,301,0.4757236139187883,0.4757236139187883,0.4757236139187883,0.4757236139187883,0.4757236139187883,0.4757236139187883,0.4757236139187883,0.4757236139187883,0.4757236139187883,0.4757236139187883,0.4757236139187883,0.4757236139187883,0.4757236139187883,0.4757236139187883,0.2323262263369685,0.1529903515648675,0.0737045044286932,0.1016874150018567,0.1000758502419984,0.4000817211451429,0.0970996540810075,0.1184535022363842,0.1330710776637211,0.1136910933936169,0.2946877696251587,0.4538928174059087,1.0002034311127703,0.5777803836070159,-0.0009183944627258,-0.0010219351205079,844.0,0.0,0.6312930919644297,0.7195131777345785,0.1178494397021134,0.0080913134267293,0.0872828867116046,0.8508026412379843,0.033078484054218,0.097327803329519,0.1038749459723467,0.0650983777042751,0.3313407450886593,0.5978040048406219,0.916582533279836,0.17015582681389,100000,30,14,0.1,1.0,0.1,0,13,0.001,1e-06,0.001,1e-07,1.0,1e-08,adamax,0,0.0,disordered,1,0.4825269076004309,0 days 16:22:05.799689,0.000918444737192,4.6254367999498776,4.754359664535508
302,302,302,302,0.2414157116103016,0.2414157116103016,0.2414157116103016,0.2414157116103016,0.2414157116103016,0.2414157116103016,0.2414157116103016,0.2414157116103016,0.2414157116103016,0.2414157116103016,0.2414157116103016,0.2414157116103016,0.2414157116103016,0.2414157116103016,1.0012794643201932,0.4136998397989178,0.2301766642680212,0.6287832786025486,0.0967829017404365,0.0697261180400024,0.5015889632021172,0.0539754508018888,0.0535619713225635,0.8077193001757725,0.8964661415666443,0.0543045494583065,0.0697791061440273,0.0563050891509869,-0.0012264926460213,-0.001556915260252,655.0,0.0,0.0494699350626028,0.9646569145800296,0.1397394755912353,0.7383568155103292,0.9288728859304648,0.410150121628493,0.985694627080419,0.3127921117733295,0.1647179687027753,0.8604756114186567,0.6569436959729558,0.3024521432812769,0.0392289274013856,0.297639526640463,100000,30,14,0.1,1.0,0.1,0,13,0.001,1e-06,0.001,1e-07,1.0,1e-08,adamax,0,0.0,disordered,1,0.2452340366867143,0 days 16:22:05.799689,0.001226549451643,4.2258964634053795,4.172395290057984
303,303,303,303,0.1586356533508588,0.1586356533508588,0.1586356533508588,0.1586356533508588,0.1586356533508588,0.1586356533508588,0.1586356533508588,0.1586356533508588,0.1586356533508588,0.1586356533508588,0.1586356533508588,0.1586356533508588,0.1586356533508588,0.1586356533508588,0.2289954096295552,0.0955149429521411,0.1929689786946005,0.1779992250292097,0.2481472892251035,0.3571677027930758,0.0430141289143126,0.045391211433661,0.8887311012492332,1.001595169704509,0.0294009876569686,0.0204995002551702,0.0247888679310438,0.0213160058855906,-0.0020963658184974,-0.0027800245904328,889.0,0.0,0.6244075956757914,0.5703928005178455,0.2740402596437613,0.4171649006978538,0.3383073762088127,0.0760985783527971,0.6413694409016957,0.5403388269281143,0.868269939434009,0.805147555387551,0.4031840261888079,0.7671894166866913,0.6234453362787614,0.9160253701982888,100000,30,14,0.1,1.0,0.1,0,13,0.001,1e-06,0.001,1e-07,1.0,1e-08,adamax,0,0.0,disordered,1,0.1592469609876656,0 days 16:22:05.799689,0.0020963725384803,4.662992657411836,4.314902637579955
304,304,304,304,0.3557150206821381,0.3557150206821381,0.3557150206821381,0.3557150206821381,0.3557150206821381,0.3557150206821381,0.3557150206821381,0.3557150206821381,0.3557150206821381,0.3557150206821381,0.3557150206821381,0.3557150206821381,0.3557150206821381,0.3557150206821381,0.1791513993176528,0.1335324683182205,0.9753018532903852,0.1280967192928307,0.970841667545184,0.234808047804833,0.6060200991040243,0.9653315835844564,0.1302735427295446,1.0006960831141425,0.9049161069315742,0.8363041516538428,0.1269285051482837,0.1269949502569506,-0.0010704523277622,-0.0011913179520771,450.0,0.0,0.2260529647564922,0.3015135560709335,0.4814674968405427,0.1361810193696396,0.5786358154326687,0.3945728051585766,0.7390275440182333,0.8049961602735147,0.097440937207325,0.9958274747499029,0.783059412368617,0.7552922076196017,0.2436965995655647,0.255313277822048,100000,30,14,0.1,1.0,0.1,0,13,0.001,1e-06,0.001,1e-07,1.0,1e-08,adamax,0,0.0,disordered,1,0.3519831524160929,0 days 16:22:05.799689,0.0010704827959556,4.867856279249799,4.2639084441362725
305,305,305,305,0.4757236139187883,0.4757236139187883,0.4757236139187883,0.4757236139187883,0.4757236139187883,0.4757236139187883,0.4757236139187883,0.4757236139187883,0.4757236139187883,0.4757236139187883,0.4757236139187883,0.4757236139187883,0.4757236139187883,0.4757236139187883,0.1532861494311534,0.1567754415032712,0.2491890225979671,0.1836867709912861,0.2133506004651569,0.1800501938389734,0.17685367369675,0.180528707011076,0.1540255225801769,0.1870488008920356,0.1546430649463995,0.1800522726919665,0.4748034380671482,1.000418287967132,-0.0008869437006954,-0.0010220355435048,490.0,0.0,0.8780696461448481,0.0474392181398537,0.1213003874962951,0.6042273808478984,0.2366047924505466,0.519481781434452,0.5303635051339174,0.4009237345058491,0.7996211312769392,0.2024393779900505,0.7549940596570428,0.4142712055183708,0.9037871628105756,0.1545010690876436,100000,30,14,0.1,1.0,0.1,0,13,0.001,1e-06,0.001,1e-07,1.0,1e-08,adamax,0,0.0,disordered,1,0.4822512273804488,0 days 16:22:05.799689,0.0008869849838502,4.80722690484867,4.636447654604822
306,306,306,306,0.3794532847236935,0.3794532847236935,0.3794532847236935,0.3794532847236935,0.3794532847236935,0.3794532847236935,0.3794532847236935,0.3794532847236935,0.3794532847236935,0.3794532847236935,0.3794532847236935,0.3794532847236935,0.3794532847236935,0.3794532847236935,0.6498200470107773,0.140274609709812,0.1678840587329295,0.1479235631400666,0.1778666353137128,0.8325898619144422,0.5136065653246874,0.458477907989631,0.1010516709095009,0.1206069601128214,0.1306231263307314,1.0020202925282486,0.224247321539196,0.6552402522121281,-0.0010080709167382,-0.001076302602212,591.0,0.0,0.2283075734778952,0.3284351138941715,0.2082114225106698,0.3052946724139943,0.3839912012958899,0.7772702834581381,0.6941896989008876,0.78313027329173,0.5499592443768622,0.2908792486391455,0.14391926437249,0.95166470313576,0.6264611249987306,0.2094205563865516,100000,30,14,0.1,1.0,0.1,0,13,0.001,1e-06,0.001,1e-07,1.0,1e-08,adamax,0,0.0,disordered,1,0.3800394459333133,0 days 16:22:05.799689,0.0010080714023296,4.312047758228519,4.286099184598666
307,307,307,307,0.333461801578636,0.333461801578636,0.333461801578636,0.333461801578636,0.333461801578636,0.333461801578636,0.333461801578636,0.333461801578636,0.333461801578636,0.333461801578636,0.333461801578636,0.333461801578636,0.333461801578636,0.333461801578636,0.7851315189281579,0.1126949475536057,0.1109818296757267,0.1316945472880637,0.1134817555831382,0.1120671149043047,0.939641946281096,0.122232566710139,0.1134573618329613,0.111422891326545,0.1205146807221229,1.0005989850206405,0.1248840592005187,0.6743230824198049,-0.0011389430660517,-0.0013042868734499,481.0,0.0,0.307021602556112,0.5711078240273729,0.4642153340076552,0.0443982716617367,0.3087127172689884,0.570101021446974,0.8113968835651177,0.1923760426349848,0.2362920343534394,0.4211772546111664,0.2909983679153783,0.8314709667747209,0.5534828446122183,0.2175816337899362,100000,30,14,0.1,1.0,0.1,0,13,0.001,1e-06,0.001,1e-07,1.0,1e-08,adamax,0,0.0,disordered,1,0.3359936978793887,0 days 16:22:05.799689,0.0011389574342631,4.391438642887971,4.374026160410618
308,308,308,308,0.4047756965997316,0.4047756965997316,0.4047756965997316,0.4047756965997316,0.4047756965997316,0.4047756965997316,0.4047756965997316,0.4047756965997316,0.4047756965997316,0.4047756965997316,0.4047756965997316,0.4047756965997316,0.4047756965997316,0.4047756965997316,0.3343065588103592,0.2547046423809004,0.1822993875203487,0.3207587130858771,0.407748597853081,0.1571312630027664,0.1588426652919854,0.1575441850369225,0.1593314005623388,1.0021913347390392,0.7822791816694135,0.9276614565625042,0.1618773661503864,0.624567635928448,-0.0009680431000016,-0.0010613574451686,409.0,0.0,0.4906757667783886,0.5199002449135323,0.2671437476940458,0.5979486596090239,0.7718729024134061,0.2164945105461688,0.2999434994304586,0.1533508288995307,0.3195367682869472,0.7820850369686129,0.7448619599270543,0.9248967866411554,0.3887877573003923,0.0985704167715635,100000,30,14,0.1,1.0,0.1,0,13,0.001,1e-06,0.001,1e-07,1.0,1e-08,adamax,0,0.0,disordered,1,0.4109864278899826,0 days 16:22:05.799689,0.0009681021075191,4.459515746510433,4.438273079278623
309,309,309,309,0.293044697697214,0.293044697697214,0.293044697697214,0.293044697697214,0.293044697697214,0.293044697697214,0.293044697697214,0.293044697697214,0.293044697697214,0.293044697697214,0.293044697697214,0.293044697697214,0.293044697697214,0.293044697697214,0.164430104705919,0.8077668592230077,0.0865019136064355,0.9086763913190644,0.1172657084575746,1.0001011778813007,0.88207844080453,0.420358927722296,0.9906700255639737,0.0894939357639308,0.9868469016393556,0.0877154507079077,0.0850016598625809,0.0848542288280728,-0.0012111402202525,-0.0015757773862717,536.0,0.0,0.1675447666825603,0.5137492964779893,0.1105763306479585,0.7014873931592067,0.3016018973615433,0.476151153352352,0.4126774873130205,0.3734420164616533,0.8389299467094694,0.0392879488090178,0.8777632374124122,0.0916045713660271,0.1239922965806723,0.1954247213941399,100000,30,14,0.1,1.0,0.1,0,13,0.001,1e-06,0.001,1e-07,1.0,1e-08,adamax,0,0.0,disordered,1,0.2935156446093949,0 days 16:22:05.799689,0.0012111410234572,4.793200046860627,4.333919990367401
310,310,310,310,0.0946132375589076,0.0946132375589076,0.0946132375589076,0.0946132375589076,0.0946132375589076,0.0946132375589076,0.0946132375589076,0.0946132375589076,0.0946132375589076,0.0946132375589076,0.0946132375589076,0.0946132375589076,0.0946132375589076,0.0946132375589076,0.0316881410303536,1.000559424902794,0.0241774452206387,0.0221254567629422,0.0243724535844644,0.0462201946227325,0.0089329160502387,0.0089030011051339,0.0088552515264663,0.009044910459422,0.0320964925850612,0.0091427923740705,0.0090389596820072,0.1705804668931031,-0.0025216413323119,-0.0033573578895138,1024.0,0.0,0.8594286123559097,0.978416148156912,0.159424131963394,0.5461449445673813,0.5942946417975588,0.1952037384692118,0.7259240638847196,0.4597594672468109,0.2430679274794144,0.2437548398522748,0.6250640713374368,0.0349049408870774,0.8137461123794502,0.8022082741594044,100000,30,14,0.1,1.0,0.1,0,13,0.001,1e-06,0.001,1e-07,1.0,1e-08,adamax,0,0.0,disordered,1,0.09598282476639,0 days 16:22:05.799689,0.0025217429690293,5.350200024987423,5.0548641594625865
311,311,311,311,0.2054117348353062,0.2054117348353062,0.2054117348353062,0.2054117348353062,0.2054117348353062,0.2054117348353062,0.2054117348353062,0.2054117348353062,0.2054117348353062,0.2054117348353062,0.2054117348353062,0.2054117348353062,0.2054117348353062,0.2054117348353062,0.0689121882844014,0.2221306085837809,0.9522213097123676,0.0420520358904963,0.0420891524857785,0.042253101000898,0.0427288322967521,0.0549127691830332,1.0003836567774758,0.0420473643694425,0.9940081853277564,0.7119779439089573,0.0414091823296756,0.0417927259822775,-0.0015609588634726,-0.0022544261380026,692.0,0.0,0.5462395564276872,0.0257210106744134,0.6964174326169836,0.3760781192234548,0.0682837960718534,0.3122274830266416,0.3944899567097174,0.1226617231760087,0.9475207628202458,0.4260414586930559,0.8100282680279501,0.5975459503621761,0.3816991229716037,0.5126424269200387,100000,30,14,0.1,1.0,0.1,0,13,0.001,1e-06,0.001,1e-07,1.0,1e-08,adamax,0,0.0,disordered,1,0.2041122025778487,0 days 16:22:05.799689,0.001560971116888,4.845856978661215,4.573231684924468
312,312,312,312,0.2493409369951876,0.2493409369951876,0.2493409369951876,0.2493409369951876,0.2493409369951876,0.2493409369951876,0.2493409369951876,0.2493409369951876,0.2493409369951876,0.2493409369951876,0.2493409369951876,0.2493409369951876,0.2493409369951876,0.2493409369951876,0.354910507415431,0.3365301479693526,0.4478510422723622,0.9927766706393047,0.0625627112657493,0.0627652404542594,0.0615158277080847,0.0615156634727298,1.001117925299407,1.0013927684116988,0.1706601351227647,0.1247234954878384,0.1064622303277139,0.0615921415165947,-0.0014181678040207,-0.0017866011295965,608.0,0.0,0.5061116559125608,0.3788965036930004,0.1129140091127403,0.8362778527014838,0.5030238399635895,0.5046900374199776,0.4505084098441546,0.4197558374274474,0.9170020334044912,0.9233777662856352,0.7390637377484149,0.0471269589715681,0.3849455089948101,0.6870402996533349,100000,30,14,0.1,1.0,0.1,0,13,0.001,1e-06,0.001,1e-07,1.0,1e-08,adamax,0,0.0,disordered,1,0.2459336972996388,0 days 16:22:05.799689,0.0014182137721903,4.6702466576204325,4.4946187425988375
313,313,313,313,0.4180637241455752,0.4180637241455752,0.4180637241455752,0.4180637241455752,0.4180637241455752,0.4180637241455752,0.4180637241455752,0.4180637241455752,0.4180637241455752,0.4180637241455752,0.4180637241455752,0.4180637241455752,0.4180637241455752,0.4180637241455752,0.7944779739557014,0.1232355505682343,0.1950929058439103,0.0970307494282834,0.1278924008015639,0.1523819445331338,0.12748588869378,0.1021058191129518,0.107138458423224,0.0974759998277801,0.0966842297244177,0.1465390210823577,0.3504441054461751,1.0003312634285089,-0.0009122459351104,-0.00106047700903,635.0,0.0,0.5518457225659112,0.8117566407050689,0.2855773821059476,0.8604068336916711,0.3051816407908357,0.4628075398844777,0.2570260760226827,0.7358269282622871,0.1547908482468332,0.7971521240790802,0.6923985787912933,0.1914895523452701,0.7597127404693617,0.0754586964981677,100000,30,14,0.1,1.0,0.1,0,13,0.001,1e-06,0.001,1e-07,1.0,1e-08,adamax,0,0.0,disordered,1,0.4227619698128099,0 days 16:22:05.799689,0.0009122677935952,4.175265354705649,4.446292314297649
314,314,314,314,0.293044697697214,0.293044697697214,0.293044697697214,0.293044697697214,0.293044697697214,0.293044697697214,0.293044697697214,0.293044697697214,0.293044697697214,0.293044697697214,0.293044697697214,0.293044697697214,0.293044697697214,0.293044697697214,0.1992020212657989,0.7195691468530994,0.0856957401950518,0.9130689479801416,0.1248015493623357,0.0952302693135552,0.1267718429514592,1.0000544408903378,0.0937586903764596,0.0862253355828922,0.0999865408130258,0.5412902669783263,0.0863017445026558,0.5091709153012571,-0.0011797383335313,-0.0013480914163552,533.0,0.0,0.4304434890408789,0.8152005596340461,0.2580527139330374,0.6069905266831779,0.4929727807818711,0.0009201373255063,0.4231275840871377,0.9957385943742338,0.0525133950508098,0.1719454362042398,0.0178923526428681,0.5314871003383851,0.2664625904387796,0.0473929502426381,100000,30,14,0.1,1.0,0.1,0,13,0.001,1e-06,0.001,1e-07,1.0,1e-08,adamax,0,0.0,disordered,1,0.2951892478345121,0 days 16:22:05.799689,0.0011797513127663,4.495871541498473,4.47562979131809
315,315,315,315,0.1864408533970484,0.1864408533970484,0.1864408533970484,0.1864408533970484,0.1864408533970484,0.1864408533970484,0.1864408533970484,0.1864408533970484,0.1864408533970484,0.1864408533970484,0.1864408533970484,0.1864408533970484,0.1864408533970484,0.1864408533970484,1.000166471217917,0.7895772902207568,0.5495616528445603,0.7583937348753775,0.0857126244616681,0.2165356121482489,0.2805373319279254,0.0341205364190575,0.0338197326614671,0.0481599812376075,0.0544938663046006,0.0756782585859507,0.056809928234818,0.0684328926034711,-0.001763229563457,-0.0022783438875029,742.0,0.0,0.093472536815233,0.0788711661857149,0.6714068463376937,0.1248368096035815,0.9583195585207182,0.5025370125541082,0.3058175143573156,0.904148900983437,0.7832833205337459,0.3469327420832451,0.5858535224651464,0.6297820485179636,0.936713847664752,0.9642983442878172,100000,30,14,0.1,1.0,0.1,0,13,0.001,1e-06,0.001,1e-07,1.0,1e-08,adamax,0,0.0,disordered,1,0.1844148458816261,0 days 16:22:05.799689,0.0017632829179346,4.119276579060177,4.030416496611775
316,316,316,316,0.3228628202536728,0.3228628202536728,0.3228628202536728,0.3228628202536728,0.3228628202536728,0.3228628202536728,0.3228628202536728,0.3228628202536728,0.3228628202536728,0.3228628202536728,0.3228628202536728,0.3228628202536728,0.3228628202536728,0.3228628202536728,0.226352445004752,0.372684432862,0.1868083746507204,0.2431046445710556,0.2020799889721444,0.1525149396546347,0.3400123112791157,0.1288919163923747,0.1495811182175752,0.1024261820094187,1.0015722930943132,0.1355769155721644,0.1142624964779021,0.7503880743077938,-0.0011452719051608,-0.0012423024790108,501.0,0.0,0.7316120807444645,0.1572315633470487,0.5953399687295066,0.0808829652200129,0.4308987661125483,0.7585813161878658,0.8206362599828048,0.3609194732955105,0.2832105456181398,0.7241974383617511,0.9098867768209822,0.8280489583539762,0.6870967866430981,0.3671073857219832,100000,30,14,0.1,1.0,0.1,0,13,0.001,1e-06,0.001,1e-07,1.0,1e-08,adamax,0,0.0,disordered,1,0.321023232330475,0 days 16:22:05.799689,0.0011452807778551,4.3390613878676,4.402570465356481
317,317,317,317,0.636219849265748,0.636219849265748,0.636219849265748,0.636219849265748,0.636219849265748,0.636219849265748,0.636219849265748,0.636219849265748,0.636219849265748,0.636219849265748,0.636219849265748,0.636219849265748,0.636219849265748,0.636219849265748,0.7500676332530155,0.3990479685491742,0.3864443980161198,0.4020642589480839,0.3815948452619209,0.4212594325801071,0.3802648933498432,0.436079542155644,0.3582645748530039,0.3571454625823137,0.384699652028774,0.3570195422550988,0.7763931732951869,1.0004858307946398,-0.0007258339890575,-0.0007787243124848,250.0,0.0,0.3189711500325738,0.7500660878620994,0.6578020412221989,0.0156159215051742,0.5081052609970176,0.9779334025364208,0.2936435467782463,0.962758541716221,0.809461121567692,0.5516756075826977,0.1611862320005465,0.4890303313130391,0.9532946051713728,0.0003131124743497,100000,30,14,0.1,1.0,0.1,0,13,0.001,1e-06,0.001,1e-07,1.0,1e-08,adamax,0,0.0,disordered,1,0.6438300892744874,0 days 16:22:05.799689,0.0007258656832422,4.3757997826396045,4.514095392932336
318,318,318,318,0.4913407286296357,0.4913407286296357,0.4913407286296357,0.4913407286296357,0.4913407286296357,0.4913407286296357,0.4913407286296357,0.4913407286296357,0.4913407286296357,0.4913407286296357,0.4913407286296357,0.4913407286296357,0.4913407286296357,0.4913407286296357,0.8050123172625536,0.5556992522670507,0.3158380460976923,0.21829658945604,0.4640950192865005,0.1410999196428105,0.1620289788919732,0.1482480377856818,0.1692723105343315,0.0931287522015666,1.0018396976890265,0.3779601124537317,0.3300764127468721,0.9630059071746242,-0.0008377755107091,-0.0008751838729058,783.0,0.0,0.3516050939038463,0.3473358016872154,0.8073771264207719,0.0480981719073851,0.2480297017679916,0.907765416744697,0.7624828956394151,0.2814496118970105,0.7796507173569887,0.9232530201995508,0.9732924538699488,0.980736322933279,0.5384848373059271,0.1096050740299864,100000,30,14,0.1,1.0,0.1,0,13,0.001,1e-06,0.001,1e-07,1.0,1e-08,adamax,0,0.0,disordered,1,0.4841671576680727,0 days 16:22:05.799689,0.0008378278836762,4.158944098064962,4.386534401634574
319,319,319,319,0.5074705239490462,0.5074705239490462,0.5074705239490462,0.5074705239490462,0.5074705239490462,0.5074705239490462,0.5074705239490462,0.5074705239490462,0.5074705239490462,0.5074705239490462,0.5074705239490462,0.5074705239490462,0.5074705239490462,0.5074705239490462,0.2426003483141447,0.261769456842218,0.2503403393830165,0.2377581960518308,0.4022266073083879,0.2309023394396383,0.214469457666424,1.00228256433831,0.2341013538863945,0.2242532993870787,0.2133915310684802,0.2142973034604821,0.7370697054541068,0.8110241376846155,-0.0009020521482166,-0.0009866076937134,383.0,0.0,0.5221932955930426,0.1617853181353836,0.5412202312016957,0.0769660944416684,0.7037686941014033,0.061660572358882,0.2799096842192778,0.8572675068465676,0.1046645108594531,0.206937431389777,0.3659442504613354,0.3463933507961929,0.8130169006915822,0.0778774210044539,100000,30,14,0.1,1.0,0.1,0,13,0.001,1e-06,0.001,1e-07,1.0,1e-08,adamax,0,0.0,disordered,1,0.5065066807758294,0 days 16:22:05.799689,0.0009020531703772,4.578687611372147,4.607353126876524
320,320,320,320,0.3228628202536728,0.3228628202536728,0.3228628202536728,0.3228628202536728,0.3228628202536728,0.3228628202536728,0.3228628202536728,0.3228628202536728,0.3228628202536728,0.3228628202536728,0.3228628202536728,0.3228628202536728,0.3228628202536728,0.3228628202536728,1.0004534965062388,0.3056176480000737,0.2185355833222743,0.1588610003056931,0.2429058766956637,0.0867827538728479,0.0989835574944474,0.1041916713479926,0.2242887310088231,0.1681452809099546,0.2653027505269541,0.1015887445657414,0.4900958009323074,0.3759069605294003,-0.0011318147981944,-0.0012284688114138,599.0,0.0,0.4229366681256271,0.8116326527383245,0.7886301761429226,0.9142708145234216,0.0262067197719819,0.992209734199171,0.4039546520102427,0.9048788601975292,0.9896897703942176,0.4365052446544553,0.5147464514790232,0.4683008204566989,0.9983160563263184,0.5001684696384019,100000,30,14,0.1,1.0,0.1,0,13,0.001,1e-06,0.001,1e-07,1.0,1e-08,adamax,0,0.0,disordered,1,0.3177620810809226,0 days 16:22:05.799689,0.0011318697537303,4.077693786970756,4.320369611489511
321,321,321,321,0.0564290847126253,0.0564290847126253,0.0564290847126253,0.0564290847126253,0.0564290847126253,0.0564290847126253,0.0564290847126253,0.0564290847126253,0.0564290847126253,0.0564290847126253,0.0564290847126253,0.0564290847126253,0.0564290847126253,0.0564290847126253,0.1445019765774159,0.2544442544364359,0.0432978736688081,1.0003668841260214,0.0031397311026123,0.0031506729081544,0.0031724518602295,0.0034784815160705,0.0159968685530999,0.0046401503385062,0.0038408544735723,0.0031707896521381,0.0036836658946365,0.0040015540462033,-0.0021196308132504,-0.0030023693786327,1255.0,0.0,0.6696489443852937,0.4290115074682894,0.7220057119455903,0.6992126266860642,0.7274879920641235,0.573587612359193,0.466624550245058,0.315527619861375,0.5431451327634957,0.547453486818953,0.6094316868658907,0.0549317054565771,0.1009046407449411,0.7392540388606563,100000,30,14,0.1,1.0,0.1,0,13,0.001,1e-06,0.001,1e-07,1.0,1e-08,adamax,0,0.0,disordered,1,0.0562350993486464,0 days 16:22:05.799689,0.002119632668559,4.236912844205915,3.944870580846048
322,322,322,322,0.2837303616516209,0.2837303616516209,0.2837303616516209,0.2837303616516209,0.2837303616516209,0.2837303616516209,0.2837303616516209,0.2837303616516209,0.2837303616516209,0.2837303616516209,0.2837303616516209,0.2837303616516209,0.2837303616516209,0.2837303616516209,0.102393150801439,0.0807094619568525,0.2267552868378474,1.001291088528193,0.9803241986482925,0.0988397482554274,0.0789078285538527,0.8220588659504747,0.1250949386233395,0.9479618540007444,0.378363178038366,0.273447954776426,0.1092901807208642,0.3029057891996097,-0.0011244858982646,-0.0012126380669408,552.0,0.0,0.7443773862062898,0.1267482879028416,0.7650644696535668,0.9499566543162627,0.9488872576719676,0.5613868915312763,0.1451168311174938,0.7799529869627154,0.5163958172106365,0.9048987933757484,0.5388350963686745,0.2112395965894995,0.1177453553882522,0.0239126348933008,100000,30,14,0.1,1.0,0.1,0,13,0.001,1e-06,0.001,1e-07,1.0,1e-08,adamax,0,0.0,disordered,1,0.2798956042815555,0 days 16:22:05.799689,0.0011245336526831,4.395412616101618,4.127998524460127
323,323,323,323,0.5074705239490462,0.5074705239490462,0.5074705239490462,0.5074705239490462,0.5074705239490462,0.5074705239490462,0.5074705239490462,0.5074705239490462,0.5074705239490462,0.5074705239490462,0.5074705239490462,0.5074705239490462,0.5074705239490462,0.5074705239490462,0.284897794719727,0.2361922448310905,0.2692510757007779,0.2621388517103212,0.2801959011638358,0.2282686585882982,0.2313623879115161,0.2463244545488636,0.2539442954167974,0.2305202928799934,0.2589400271008852,0.2363810237459238,0.4741962973041,1.0011105587534408,-0.000843511703853,-0.0009525397713556,345.0,0.0,0.8926403674049982,0.9220886540303131,0.0942266363060382,0.6818076936469213,0.2951549822402676,0.8738098448736241,0.9661584469603594,0.4505722795694534,0.3840881884704785,0.9006194266532634,0.2810278723190802,0.8930288074611739,0.9558931635591684,0.2213844880995963,100000,30,14,0.1,1.0,0.1,0,13,0.001,1e-06,0.001,1e-07,1.0,1e-08,adamax,0,0.0,disordered,1,0.5110608723092306,0 days 16:22:05.799689,0.0008435226897554,4.5147344691602225,4.6195787212155786
324,324,324,324,0.3228628202536728,0.3228628202536728,0.3228628202536728,0.3228628202536728,0.3228628202536728,0.3228628202536728,0.3228628202536728,0.3228628202536728,0.3228628202536728,0.3228628202536728,0.3228628202536728,0.3228628202536728,0.3228628202536728,0.3228628202536728,0.687583442921974,0.1554305232056936,0.1035071785230502,0.1063763544047702,0.1037829771065349,1.001425020813396,0.8702748507721059,0.9603377388844444,0.3209506523229316,0.6790936416412283,0.1022747015172901,0.8506209111632381,0.103240766620072,0.1047435209823393,-0.0011329561877807,-0.0013302370095151,498.0,0.0,0.3965795959190823,0.7595521855232363,0.2431609378034048,0.6915815416694344,0.42791317365075,0.96874849649364,0.8592163463148417,0.945903583780766,0.5813822898716197,0.7546952799707574,0.2552831989608274,0.7076528690375721,0.1201963528076732,0.2924443689361549,100000,30,14,0.1,1.0,0.1,0,13,0.001,1e-06,0.001,1e-07,1.0,1e-08,adamax,0,0.0,disordered,1,0.3186697176515909,0 days 16:22:05.799689,0.001132997131521,4.489710798533076,4.240248436984864
325,325,325,325,0.1349772330233941,0.1349772330233941,0.1349772330233941,0.1349772330233941,0.1349772330233941,0.1349772330233941,0.1349772330233941,0.1349772330233941,0.1349772330233941,0.1349772330233941,0.1349772330233941,0.1349772330233941,0.1349772330233941,0.1349772330233941,0.5982108311762889,0.0567822174766528,0.0145022187613674,0.0239615080431482,0.0114031248838748,0.0131544360720597,0.177605618668549,0.2725691468679765,0.0183658464888168,0.3113364839122112,0.0110433350491839,1.000085922936146,0.0715979179335276,0.018190047677796,-0.001729725246689,-0.002011540153581,1218.0,0.0,0.6740098869159676,0.872163295086585,0.182000644098114,0.2683975824038445,0.0940214398631992,0.0162079814751568,0.2750322596859617,0.4509305866684251,0.045231324178839,0.1442844224301414,0.6837916392513278,0.8630803657467981,0.0409277120260846,0.7619338150511243,100000,30,14,0.1,1.0,0.1,0,13,0.001,1e-06,0.001,1e-07,1.0,1e-08,adamax,0,0.0,disordered,1,0.1360662779350944,0 days 16:22:05.799689,0.001729741948243,5.224620810693417,5.131852848703808
326,326,326,326,0.1747772774464679,0.1747772774464679,0.1747772774464679,0.1747772774464679,0.1747772774464679,0.1747772774464679,0.1747772774464679,0.1747772774464679,0.1747772774464679,0.1747772774464679,0.1747772774464679,0.1747772774464679,0.1747772774464679,0.1747772774464679,0.755655863553003,0.4493135590139011,0.3464361143907145,0.0753851273581938,0.3913804485521409,0.3210827845160586,0.0833851927053847,0.0329927158509507,0.0301092108337758,0.034236887628583,1.0000489632345224,0.0310288579688656,0.0313475621360771,0.0303762285654037,-0.0016483838865613,-0.002110785625033,765.0,0.0,0.307383338091152,0.4137215087205969,0.957045628874797,0.3557360703711822,0.1969500116450199,0.8312153463708688,0.2177669361098426,0.6234431765987403,0.6053947014299166,0.1601566044907036,0.7927012450523524,0.6426622147951562,0.0950728100628957,0.7397020715436405,100000,30,14,0.1,1.0,0.1,0,13,0.001,1e-06,0.001,1e-07,1.0,1e-08,adamax,0,0.0,disordered,1,0.173045034326537,0 days 16:22:05.799689,0.0016484173704298,4.298586176254143,4.035219276800736
327,327,327,327,0.2263129568399526,0.2263129568399526,0.2263129568399526,0.2263129568399526,0.2263129568399526,0.2263129568399526,0.2263129568399526,0.2263129568399526,0.2263129568399526,0.2263129568399526,0.2263129568399526,0.2263129568399526,0.2263129568399526,0.2263129568399526,0.567350401703504,0.3714568683211816,0.1685519685029345,0.1524615133864318,1.0002817053424014,0.0515756929441453,0.9895829693126016,0.9562716723166842,0.978838347584181,0.7883367759837339,0.1303948873733019,0.0503652780930525,0.0495175967361969,0.049313134799126,-0.0016257595873546,-0.0020188255462011,659.0,0.0,0.3692459504892917,0.3435746887997793,0.744955339806984,0.0387392697578511,0.7767177152409553,0.5809292547631857,0.7116122337323907,0.7691133095967271,0.860611359917133,0.8559009912885582,0.2827839154622973,0.5560959213758406,0.5286465591418159,0.7276876871696233,100000,30,14,0.1,1.0,0.1,0,13,0.001,1e-06,0.001,1e-07,1.0,1e-08,adamax,0,0.0,disordered,1,0.2261161217639771,0 days 16:22:05.799689,0.0016257599114853,4.847586368261431,4.111934890083474
328,328,328,328,0.1487115462808952,0.1487115462808952,0.1487115462808952,0.1487115462808952,0.1487115462808952,0.1487115462808952,0.1487115462808952,0.1487115462808952,0.1487115462808952,0.1487115462808952,0.1487115462808952,0.1487115462808952,0.1487115462808952,0.1487115462808952,0.0220156956514107,0.0358208915685371,0.0259727227026057,0.0225208985345044,0.0208710264566211,1.0013729985327695,0.0205544765504393,0.0205834141703711,0.0254445238419909,0.0208590396673902,0.0335257187488624,0.1552622862555007,0.2027245242845769,0.0301159072444985,-0.0019578382746362,-0.0024275269514605,854.0,0.0,0.8189582836824862,0.3706032232667328,0.5525082823912467,0.6102544500620954,0.1404390577921855,0.8941345871509079,0.568859738231471,0.1291023971946122,0.2435611384923325,0.0331865656366267,0.2962405687946099,0.1518495884154276,0.8150201407033651,0.7591303017357368,100000,30,14,0.1,1.0,0.1,0,13,0.001,1e-06,0.001,1e-07,1.0,1e-08,adamax,0,0.0,disordered,1,0.1494909444820554,0 days 16:22:05.799689,0.0019578500080287,5.5652126240047295,5.017780037629248
329,329,329,329,0.333461801578636,0.333461801578636,0.333461801578636,0.333461801578636,0.333461801578636,0.333461801578636,0.333461801578636,0.333461801578636,0.333461801578636,0.333461801578636,0.333461801578636,0.333461801578636,0.333461801578636,0.333461801578636,0.6883554971183169,0.1159331331347475,0.1109363930646141,0.1272150172309806,0.1117283193381817,0.976985882663286,0.5303125357534499,0.1126754738895714,0.1105388296754513,0.989245786904019,1.0007322861705563,0.1387463092073448,0.29394582591148,0.1137718732531367,-0.0012456212185825,-0.0014906215025361,481.0,0.0,0.2704798155990582,0.5574417861442812,0.2645835073688937,0.020375681832466,0.3801697260678117,0.6709123530856912,0.5870432899120543,0.5613012497231871,0.4258727804635797,0.784738594981888,0.9556522248295092,0.0793316494791577,0.1144053705724287,0.7099379341190432,100000,30,14,0.1,1.0,0.1,0,13,0.001,1e-06,0.001,1e-07,1.0,1e-08,adamax,0,0.0,disordered,1,0.3321317773943159,0 days 16:22:05.799689,0.0012456267147629,4.8333537816535594,4.470881740654911
330,330,330,330,0.0946132375589076,0.0946132375589076,0.0946132375589076,0.0946132375589076,0.0946132375589076,0.0946132375589076,0.0946132375589076,0.0946132375589076,0.0946132375589076,0.0946132375589076,0.0946132375589076,0.0946132375589076,0.0946132375589076,0.0946132375589076,0.0554379991313467,0.0455448166601016,0.0711675803909953,0.2287083436580061,0.082655808869333,0.0781449788327064,0.0112302843856635,0.0142102209733079,1.0000735396272613,0.0086185622618737,0.0085202410829772,0.0463385383909135,0.0334880436657283,0.0109492526680869,-0.0025420766545619,-0.0034642016025998,1040.0,0.0,0.7752740383830551,0.4932818110244663,0.1335192256785398,0.3341402676041691,0.4694802362592661,0.6554125830568424,0.3630950522688787,0.5080630355157948,0.739563409263473,0.6888089062772412,0.2596193309041936,0.2059697623191735,0.5741622249609254,0.8538825750154767,100000,30,14,0.1,1.0,0.1,0,13,0.001,1e-06,0.001,1e-07,1.0,1e-08,adamax,0,0.0,disordered,1,0.095326784322922,0 days 16:22:05.799689,0.0025420998184648,4.920588786250854,4.6801567976366245
331,331,331,331,0.1225113576604117,0.1225113576604117,0.1225113576604117,0.1225113576604117,0.1225113576604117,0.1225113576604117,0.1225113576604117,0.1225113576604117,0.1225113576604117,0.1225113576604117,0.1225113576604117,0.1225113576604117,0.1225113576604117,0.1225113576604117,0.0091085900553626,0.0175792395057986,0.0044665635738588,0.0132298909187945,0.0042074438179508,0.0024918116079725,1.0011361220781716,0.0040730605005453,0.0038009598993815,0.1575673848104604,0.1440221496808682,0.549498471659293,0.0078227836032774,0.0042433532933506,-0.0020693443038019,-0.0025923991281915,1845.0,0.0,0.9670687845302742,0.1200533504685823,0.7348480970409724,0.2613109981557394,0.2637178971805501,0.5312432564614685,0.932645968051148,0.2914967231951824,0.1231598496995286,0.3206545213563795,0.3098032991184338,0.89090461258716,0.6652512896982025,0.7242408391894148,100000,30,14,0.1,1.0,0.1,0,13,0.001,1e-06,0.001,1e-07,1.0,1e-08,adamax,0,0.0,disordered,1,0.1209137111643938,0 days 16:22:05.799689,0.0020694081604453,5.563284751017401,4.898496454547518
332,332,332,332,0.293044697697214,0.293044697697214,0.293044697697214,0.293044697697214,0.293044697697214,0.293044697697214,0.293044697697214,0.293044697697214,0.293044697697214,0.293044697697214,0.293044697697214,0.293044697697214,0.293044697697214,0.293044697697214,0.7236894523573087,0.2633480278663025,0.0807339464322658,0.0947976221447238,1.0003555043937344,0.0814682125018557,0.1103082965992462,0.0808323129693647,0.0997779373823083,0.1110519271226266,0.0828057397058209,0.0824978442994579,0.1018484140549341,0.7481185529248309,-0.0012185299996033,-0.0014155187908971,559.0,0.0,0.4341615226130103,0.5561459413349006,0.7459158576917373,0.0391726092011945,0.8430621191712668,0.7212368489156964,0.0433107963317149,0.6968845402716777,0.3611057366657977,0.0747471514200509,0.7071534382801876,0.6946291061122937,0.6229816661606916,0.3127411071731237,100000,30,14,0.1,1.0,0.1,0,13,0.001,1e-06,0.001,1e-07,1.0,1e-08,adamax,0,0.0,disordered,1,0.2897603447324762,0 days 16:22:05.799689,0.0012185648914437,4.062874582388945,4.283552169566851
333,333,333,333,0.2837303616516209,0.2837303616516209,0.2837303616516209,0.2837303616516209,0.2837303616516209,0.2837303616516209,0.2837303616516209,0.2837303616516209,0.2837303616516209,0.2837303616516209,0.2837303616516209,0.2837303616516209,0.2837303616516209,0.2837303616516209,1.0001281885466689,0.4993814314152543,0.2016920581060068,0.2243205372415275,0.0931079353425685,0.3712873280704142,0.4722259415172787,0.1012019143421269,0.1001489894302813,0.0656705604812455,0.1107192425651287,0.1255703445501777,0.110002692261344,0.5720657662000098,-0.0012258065214172,-0.0012903114327517,898.0,0.0,0.126650063773247,0.2040038584091258,0.4057406860067404,0.2843393900108888,0.3870401600825397,0.3135591235941246,0.9245701597870538,0.4975954007081968,0.8737953433263868,0.1062766432838366,0.7946741289460265,0.7805299554881263,0.6448123568991032,0.4396089297284533,100000,30,14,0.1,1.0,0.1,0,13,0.001,1e-06,0.001,1e-07,1.0,1e-08,adamax,0,0.0,disordered,1,0.283817163138611,0 days 16:22:05.799689,0.001225806562956,3.9284599645557234,4.115749961467894
334,334,334,334,0.293044697697214,0.293044697697214,0.293044697697214,0.293044697697214,0.293044697697214,0.293044697697214,0.293044697697214,0.293044697697214,0.293044697697214,0.293044697697214,0.293044697697214,0.293044697697214,0.293044697697214,0.293044697697214,0.0950908172037944,0.1223490242538408,0.0948900823020248,0.0855436002478597,1.001084770543124,0.1057742141102284,0.0847119686990334,0.0886167971282678,0.0864967409741273,0.0869866887867818,0.5137727618664888,0.0855038612222478,0.65219212567679,0.2196024918709139,-0.0012286052619787,-0.0014316305385263,541.0,0.0,0.902481343397564,0.703896263210458,0.4596989301045351,0.8953370057255919,0.9949998132101932,0.6681975516739568,0.3376225266527735,0.1287229334216706,0.3164210579903985,0.936882357123482,0.5678530723521644,0.3245273557426251,0.8321088777458423,0.4196507972565049,100000,30,14,0.1,1.0,0.1,0,13,0.001,1e-06,0.001,1e-07,1.0,1e-08,adamax,0,0.0,disordered,1,0.296237608226799,0 days 16:22:05.799689,0.001228634702156,4.397127435843522,4.519503709216688
335,335,335,335,0.1692220351641035,0.1692220351641035,0.1692220351641035,0.1692220351641035,0.1692220351641035,0.1692220351641035,0.1692220351641035,0.1692220351641035,0.1692220351641035,0.1692220351641035,0.1692220351641035,0.1692220351641035,0.1692220351641035,0.1692220351641035,0.4294657192165748,0.6587249351676014,0.0487676935627235,0.028604876726528,0.0345139605857012,1.0022099824316195,0.0547391258994572,0.1038630237106077,0.031634435799332,0.035737193902834,0.3574444673143059,0.1183463762064872,0.0964358151960096,0.0616434621034826,-0.001837487523518,-0.0020526626130699,780.0,0.0,0.6967560192481035,0.9931992533882544,0.665107672111141,0.7296448784414361,0.283705352205387,0.8509684574128458,0.3699475364425438,0.7060006792933821,0.0611357259679242,0.4277133102603786,0.7239983157707677,0.2314771855184867,0.5424706367753671,0.5839147989903594,100000,30,14,0.1,1.0,0.1,0,13,0.001,1e-06,0.001,1e-07,1.0,1e-08,adamax,0,0.0,disordered,1,0.1707372253449224,0 days 16:22:05.799689,0.0018375212184194,4.2698183977407655,4.180294011630566
336,336,336,336,0.293044697697214,0.293044697697214,0.293044697697214,0.293044697697214,0.293044697697214,0.293044697697214,0.293044697697214,0.293044697697214,0.293044697697214,0.293044697697214,0.293044697697214,0.293044697697214,0.293044697697214,0.293044697697214,0.1080305236939985,0.2199301667387882,0.0867193835577891,0.0857590505221273,0.8137229772038472,0.0840234426041952,0.0841701156686796,0.9882250256917678,0.0885987075701681,0.1564463531709425,1.0013806130888203,0.905776461281908,0.084498079335604,0.085833984539684,-0.0012781500598464,-0.0015642903319804,541.0,0.0,0.6756249473948545,0.5644361194816802,0.4467105617646508,0.322566340148118,0.5431721493137949,0.1043161850708106,0.2713654362592039,0.8913095356498262,0.1177129813092361,0.4868236913432908,0.8883158335726428,0.8056520494654776,0.2562503657366681,0.4310825759753474,100000,30,14,0.1,1.0,0.1,0,13,0.001,1e-06,0.001,1e-07,1.0,1e-08,adamax,0,0.0,disordered,1,0.2969212917077649,0 days 16:22:05.799689,0.0012782017163798,4.75788268919508,4.5548593748492125
337,337,337,337,0.293044697697214,0.293044697697214,0.293044697697214,0.293044697697214,0.293044697697214,0.293044697697214,0.293044697697214,0.293044697697214,0.293044697697214,0.293044697697214,0.293044697697214,0.293044697697214,0.293044697697214,0.293044697697214,1.0010587392303896,0.8551372560998911,0.7125985790963109,0.1577241643919179,0.0812119536105467,0.0801547331063395,0.0812924705106984,0.1125367193735532,0.0895294438263953,0.0825555722464548,0.1043050775935174,0.0875175370049105,0.0869631342042773,0.6177309108978323,-0.0013496604038354,-0.0015404199033958,561.0,0.0,0.3116509800447926,0.2401224809601317,0.3208213168340968,0.8953943453526839,0.8407594099518141,0.5558073384103739,0.564499311502318,0.4557401793635225,0.6984232093500041,0.8023233264058698,0.4442031573025502,0.7734872626310408,0.9537679656279108,0.6744471306793219,100000,30,14,0.1,1.0,0.1,0,13,0.001,1e-06,0.001,1e-07,1.0,1e-08,adamax,0,0.0,disordered,1,0.2933470281384881,0 days 16:22:05.799689,0.0013496607703144,4.254247688292355,4.187805488867557
338,338,338,338,0.2191196687578146,0.2191196687578146,0.2191196687578146,0.2191196687578146,0.2191196687578146,0.2191196687578146,0.2191196687578146,0.2191196687578146,0.2191196687578146,0.2191196687578146,0.2191196687578146,0.2191196687578146,0.2191196687578146,0.2191196687578146,0.0478737913214989,0.0475267247743054,0.0557932998572616,0.0542107320365452,0.0531090315069322,0.5303565437492689,0.050719129805207,0.0501201263918267,0.2936220023406649,1.0013088918025013,0.0477458492648211,0.9841734433605508,0.0571934674064859,0.0484556225643652,-0.0014518083895951,-0.0018963720748562,667.0,0.0,0.7569087019953686,0.0891109610782433,0.2512353444833607,0.3239010723910901,0.3771656944410246,0.7567947300850265,0.1735663107745412,0.2445927796140452,0.476089490215865,0.8330767149942937,0.455771627978325,0.7825993536208345,0.3347703113145619,0.4035683030690843,100000,30,14,0.1,1.0,0.1,0,13,0.001,1e-06,0.001,1e-07,1.0,1e-08,adamax,0,0.0,disordered,1,0.2173531312335346,0 days 16:22:05.799689,0.0014518231779472,4.751129034489571,4.5362718091197864
339,339,339,339,0.3026648059395688,0.3026648059395688,0.3026648059395688,0.3026648059395688,0.3026648059395688,0.3026648059395688,0.3026648059395688,0.3026648059395688,0.3026648059395688,0.3026648059395688,0.3026648059395688,0.3026648059395688,0.3026648059395688,0.3026648059395688,0.2054002584918044,0.0914332143678381,0.0939255407123711,0.0948349425738541,0.991626246752144,0.0911288246814589,0.9723977039915608,0.984617483661864,0.994239497120706,0.0910336431497012,1.0017235993761793,0.0935927585393717,0.0907044840022321,0.4059118822647904,-0.001186269722334,-0.0014078381601066,521.0,0.0,0.4796998377002315,0.1654700273762235,0.3356515241961211,0.3347824097944684,0.5780941768759115,0.1370385939587464,0.7640923412097118,0.7527620385325391,0.6830324751033955,0.3061844786267561,0.8560517643294215,0.3409530270969151,0.334862451366828,0.1729665047251034,100000,30,14,0.1,1.0,0.1,0,13,0.001,1e-06,0.001,1e-07,1.0,1e-08,adamax,0,0.0,disordered,1,0.2985723885642607,0 days 16:22:05.799689,0.0011863207932253,4.902369631321861,4.289721387257022
340,340,340,340,0.1586356533508588,0.1586356533508588,0.1586356533508588,0.1586356533508588,0.1586356533508588,0.1586356533508588,0.1586356533508588,0.1586356533508588,0.1586356533508588,0.1586356533508588,0.1586356533508588,0.1586356533508588,0.1586356533508588,0.1586356533508588,1.0007479612423618,0.384329984193752,0.0998904281773164,0.1989504883653401,0.6546382436577669,0.0262961766529341,0.0225878796758193,0.0223200184025078,0.0230625066381051,0.0405393053756194,0.0402747455196434,0.0319551176025533,0.0254042916882501,0.0247820228175219,-0.002095867003085,-0.0030843965580852,849.0,0.0,0.0449445984067116,0.648959232738285,0.4713664703897545,0.2301438615053004,0.3725707644259585,0.4437124343645714,0.2581506999408183,0.251564609391523,0.0808438171308055,0.1916437933634035,0.0087265047110913,0.3695896182601051,0.1663083476933545,0.5026550404017353,100000,30,14,0.1,1.0,0.1,0,13,0.001,1e-06,0.001,1e-07,1.0,1e-08,adamax,0,0.0,disordered,1,0.1565605797257501,0 days 16:22:05.799689,0.0020959530230985,4.322032946751548,4.222441339534655
341,341,341,341,0.2191196687578146,0.2191196687578146,0.2191196687578146,0.2191196687578146,0.2191196687578146,0.2191196687578146,0.2191196687578146,0.2191196687578146,0.2191196687578146,0.2191196687578146,0.2191196687578146,0.2191196687578146,0.2191196687578146,0.2191196687578146,0.0482353834735413,0.0484153217050218,0.0485772118627772,0.9619879860446556,0.0476316135619781,0.0499518274030395,0.0585830918272204,0.991196066829768,1.0013007645196168,0.0649368557402891,0.0967628118153791,0.314790154784719,0.1302451904150588,0.1170003352677063,-0.0014901603529946,-0.0016842596729422,661.0,0.0,0.9423979729191996,0.4775835942059916,0.4034967941983547,0.9087119185990504,0.5642523395856806,0.5557390625517705,0.2597035323070243,0.8662398842050749,0.9959946877208136,0.0783039574961678,0.3377482524543131,0.8510442769677045,0.1735191354582377,0.7331148524395593,100000,30,14,0.1,1.0,0.1,0,13,0.001,1e-06,0.001,1e-07,1.0,1e-08,adamax,0,0.0,disordered,1,0.2183041163392776,0 days 16:22:05.799689,0.0014901653277241,5.281821036174787,4.655094766570837
342,342,342,342,0.1439847952876006,0.1439847952876006,0.1439847952876006,0.1439847952876006,0.1439847952876006,0.1439847952876006,0.1439847952876006,0.1439847952876006,0.1439847952876006,0.1439847952876006,0.1439847952876006,0.1439847952876006,0.1439847952876006,0.1439847952876006,0.2176398088211075,0.0868843399861697,0.0260182856302417,0.9928573109259448,0.9997959786334346,1.00092213147522,0.0202887567722436,0.0203775298231168,0.020527634175597,0.0216507104706416,0.058208896741239,0.169165265311693,0.0400782681947317,0.0204907744106219,-0.0020465877808624,-0.0029020387365571,849.0,0.0,0.7255326478381177,0.639557314052677,0.3350453199734898,0.6546832366115755,0.6247178878573869,0.7255674606078969,0.4006922202446404,0.6332257548882735,0.0177002496235016,0.0677600047415827,0.1954807478163397,0.0713634191788881,0.478435833973823,0.7097997031372616,100000,30,14,0.1,1.0,0.1,0,13,0.001,1e-06,0.001,1e-07,1.0,1e-08,adamax,0,0.0,disordered,1,0.143459602316302,0 days 16:22:05.799689,0.0020465932816563,5.2683821336524215,4.506824009107402
343,343,343,343,0.1988827856988807,0.1988827856988807,0.1988827856988807,0.1988827856988807,0.1988827856988807,0.1988827856988807,0.1988827856988807,0.1988827856988807,0.1988827856988807,0.1988827856988807,0.1988827856988807,0.1988827856988807,0.1988827856988807,0.1988827856988807,1.0017447855081951,0.4661795155541981,0.285386934764173,0.0766322037212267,0.0722181984531372,0.0458887793676342,0.0397295326354763,0.0400675026016659,0.0457464370929695,0.0497582332918522,0.2183129501816438,0.2034926537906452,0.0779357914281159,0.0829613907604091,-0.0016824962808076,-0.0020101887153337,709.0,0.0,0.0111277256209176,0.5662747045929442,0.798125165809622,0.4879731883762679,0.7110887173020436,0.8556861258481272,0.4154205646491997,0.0691684154016732,0.21481716726873,0.027370347994099,0.2673811318615855,0.8402521137735526,0.6311792806088276,0.7754008736993969,100000,30,14,0.1,1.0,0.1,0,13,0.001,1e-06,0.001,1e-07,1.0,1e-08,adamax,0,0.0,disordered,1,0.2008828531380156,0 days 16:22:05.799689,0.0016825403892527,4.514152400896943,4.382770167279909
344,344,344,344,0.1394082826282576,0.1394082826282576,0.1394082826282576,0.1394082826282576,0.1394082826282576,0.1394082826282576,0.1394082826282576,0.1394082826282576,0.1394082826282576,0.1394082826282576,0.1394082826282576,0.1394082826282576,0.1394082826282576,0.1394082826282576,0.0463678589386583,0.1232127217308686,0.031885157824059,0.3763512238064599,0.2997627948330003,0.257042093964633,0.019880069814507,0.0699874859751942,0.019439740948878,0.0192120280155095,1.0011582098418683,0.0289304391616222,0.0215828936739484,0.2039992517521576,-0.0020547725922936,-0.0025395399107764,864.0,0.0,0.7963530460720882,0.6621589030010724,0.3018418328821807,0.4077530885422836,0.315598569222289,0.1942469018847711,0.7067296460618379,0.1257908558701507,0.7312760855115343,0.6355366742436587,0.8842038458507566,0.3874426485613825,0.8507308290949293,0.802486585118113,100000,30,14,0.1,1.0,0.1,0,13,0.001,1e-06,0.001,1e-07,1.0,1e-08,adamax,0,0.0,disordered,1,0.1392962669970991,0 days 16:22:05.799689,0.0020547727829922,4.682954089076986,4.523319448039247
345,345,345,345,0.3444087275973818,0.3444087275973818,0.3444087275973818,0.3444087275973818,0.3444087275973818,0.3444087275973818,0.3444087275973818,0.3444087275973818,0.3444087275973818,0.3444087275973818,0.3444087275973818,0.3444087275973818,0.3444087275973818,0.3444087275973818,0.6409700031031793,0.0080421977122622,0.0164913194969042,0.046379056626029,0.0119807889615258,0.008901467202694,1.0005442154568485,0.0178087825754288,0.0336994699037776,0.0312561521303645,0.0727182368934195,0.0078954053851708,0.8095441507341238,0.4619590606507326,-0.0011855026504038,-0.0013404472080851,1993.0,0.0,0.494292289273477,0.682609900786407,0.3725641663523547,0.0272673938552502,0.5852438550101288,0.3029416083570135,0.7682780523368302,0.0085747911495276,0.1139757795184868,0.2719907458348116,0.4229709442014934,0.7402405870844017,0.9094144345855256,0.4534370584472261,100000,30,14,0.1,1.0,0.1,0,13,0.001,1e-06,0.001,1e-07,1.0,1e-08,adamax,0,0.0,disordered,1,0.3427611000294051,0 days 16:22:05.799689,0.0011855093857042,5.110973715854223,4.621845757789899
346,346,346,346,0.5591070776755287,0.5591070776755287,0.5591070776755287,0.5591070776755287,0.5591070776755287,0.5591070776755287,0.5591070776755287,0.5591070776755287,0.5591070776755287,0.5591070776755287,0.5591070776755287,0.5591070776755287,0.5591070776755287,0.5591070776755287,0.3201826924881403,0.3351822729196139,0.348961685778798,0.3652816638570547,0.3839685941528209,0.3040937043733083,0.3396516510388618,0.3546129160999616,0.3033645321290899,0.3035979134129501,0.3050595994022354,0.3061732321980882,0.4574491394780385,1.000739932482666,-0.0008082575047347,-0.0008862370691502,264.0,0.0,0.8229161262468085,0.656355197498123,0.1309073656753179,0.1402004458444904,0.2807439231489774,0.8956601217678828,0.0052103594162772,0.0024384183678635,0.8539605659647084,0.7587486691203781,0.8487034707947382,0.7024587747403095,0.8064897356075094,0.096040064869908,100000,30,14,0.1,1.0,0.1,0,13,0.001,1e-06,0.001,1e-07,1.0,1e-08,adamax,0,0.0,disordered,1,0.5515991347172321,0 days 16:22:05.799689,0.0008083011033151,4.640034240588499,4.688584578894025
347,347,347,347,0.2414157116103016,0.2414157116103016,0.2414157116103016,0.2414157116103016,0.2414157116103016,0.2414157116103016,0.2414157116103016,0.2414157116103016,0.2414157116103016,0.2414157116103016,0.2414157116103016,0.2414157116103016,0.2414157116103016,0.2414157116103016,0.1301833266655818,0.0983359190704797,0.9839387481937844,0.0586227081514912,0.0579653097365015,0.0577111118719485,0.0576344922986082,0.0586883254882679,0.9873553932677108,0.9855585017505136,0.0572586609866913,1.001857556457224,0.0581932816510378,0.0583009406315016,-0.0014188694213797,-0.0021623520451302,623.0,0.0,0.5781044751257525,0.3557285128888002,0.5352373611196514,0.3138085245158396,0.2168241248413949,0.1832146756250892,0.111436722645928,0.3791756494409032,0.8301401342107841,0.5756462290507317,0.2979740544920835,0.9069290345564972,0.3662335026779724,0.4468067111537439,100000,30,14,0.1,1.0,0.1,0,13,0.001,1e-06,0.001,1e-07,1.0,1e-08,adamax,0,0.0,disordered,1,0.2379196612336891,0 days 16:22:05.799689,0.0014189231276218,4.821410611857658,4.525111327559912
348,348,348,348,0.4606028844202396,0.4606028844202396,0.4606028844202396,0.4606028844202396,0.4606028844202396,0.4606028844202396,0.4606028844202396,0.4606028844202396,0.4606028844202396,0.4606028844202396,0.4606028844202396,0.4606028844202396,0.4606028844202396,0.4606028844202396,0.2074419243820304,0.2071010984097021,0.2232329943856118,0.2100961683123128,0.2070508793700908,1.0011892034485852,0.250701918834386,0.9771800409325776,0.2070503214414412,0.2071556584626384,0.2128394288049457,0.226964368011914,0.6625180369473913,0.6856794818732512,-0.0009029053006502,-0.0009994278426438,346.0,0.0,0.7855805416840606,0.4125200819409031,0.2548748480658125,0.4021089501413448,0.5486725296813683,0.9139300065742512,0.7564984767438613,0.8962173909518593,0.5099466331230018,0.4735919599083603,0.4083233663942057,0.1681273293857886,0.8215385562983929,0.0970294966266348,100000,30,14,0.1,1.0,0.1,0,13,0.001,1e-06,0.001,1e-07,1.0,1e-08,adamax,0,0.0,disordered,1,0.459104127477571,0 days 16:22:05.799689,0.0009029079181821,4.494151993644173,4.456549230439364
349,349,349,349,0.31260072430687,0.31260072430687,0.31260072430687,0.31260072430687,0.31260072430687,0.31260072430687,0.31260072430687,0.31260072430687,0.31260072430687,0.31260072430687,0.31260072430687,0.31260072430687,0.31260072430687,0.31260072430687,0.417024636566881,0.2859438632683018,0.3736361863454483,0.85904518903151,0.0985455942829304,0.0986882435559315,0.0992041558081758,0.1001092580941792,0.0981384192281116,0.992350232786798,1.0003633873586812,0.5495491852194808,0.1928551289045828,0.100160964024753,-0.0012291718724597,-0.0014052293523996,506.0,0.0,0.2897827467680697,0.2230409716587458,0.5645456657759919,0.6036830194577983,0.269830185183328,0.1788124517459227,0.2357624150844014,0.3336217547611876,0.3891640820689176,0.7861287104793945,0.9062220227841236,0.6540003011172316,0.0552854511999436,0.4636160285123724,100000,30,14,0.1,1.0,0.1,0,13,0.001,1e-06,0.001,1e-07,1.0,1e-08,adamax,0,0.0,disordered,1,0.3081171928509209,0 days 16:22:05.799689,0.0012292274033985,4.535458735481886,4.394578463847814
350,350,350,350,0.4913407286296357,0.4913407286296357,0.4913407286296357,0.4913407286296357,0.4913407286296357,0.4913407286296357,0.4913407286296357,0.4913407286296357,0.4913407286296357,0.4913407286296357,0.4913407286296357,0.4913407286296357,0.4913407286296357,0.4913407286296357,0.998928459285319,0.1128419377649525,0.2208114660317469,0.1251908616420848,0.1139826450591957,0.1125749055270491,0.1086921069084998,0.1407534979108322,0.1593661497137385,0.257423444242379,0.1372891299812412,0.16019458520521,0.4953224072173958,1.0003666902548305,-0.0008523552997272,-0.000959942204632,660.0,0.0,0.4689136373784628,0.8920170040860286,0.32096795300436,0.7187049607086551,0.7888855286745555,0.512166154123716,0.4918572089274071,0.1198997511692875,0.061671327308401,0.9720885810041372,0.5635966875862833,0.2670546605161175,0.8035496595825786,0.0546817624572014,100000,30,14,0.1,1.0,0.1,0,13,0.001,1e-06,0.001,1e-07,1.0,1e-08,adamax,0,0.0,disordered,1,0.497719638971381,0 days 16:22:05.799689,0.0008523911733171,4.3180486175050845,4.494539227290334
351,351,351,351,0.1805148879221106,0.1805148879221106,0.1805148879221106,0.1805148879221106,0.1805148879221106,0.1805148879221106,0.1805148879221106,0.1805148879221106,0.1805148879221106,0.1805148879221106,0.1805148879221106,0.1805148879221106,0.1805148879221106,0.1805148879221106,0.0327026046350923,0.0463847608509125,1.001482369234254,0.0448473078864802,0.1317939247592555,0.0341749241822872,0.032833465019362,0.0367453276934745,0.3220285412667875,0.0670636393812356,0.039222834780823,0.0401195186869586,0.1918950679752673,0.2990604838264855,-0.0016459387048305,-0.0018452913855804,748.0,0.0,0.9434314091097408,0.1700249450255782,0.9855642339512826,0.2939539801636963,0.9085108274267332,0.0418157492874561,0.1454353558572717,0.0381762160982447,0.2866313393220127,0.7544789863006167,0.1546988089103884,0.1323172182467685,0.7117267801151361,0.5607881410253226,100000,30,14,0.1,1.0,0.1,0,13,0.001,1e-06,0.001,1e-07,1.0,1e-08,adamax,0,0.0,disordered,1,0.1780903219499583,0 days 16:22:05.799689,0.0016459925970436,4.8039746307312345,4.690945299188231
352,352,352,352,0.2493409369951876,0.2493409369951876,0.2493409369951876,0.2493409369951876,0.2493409369951876,0.2493409369951876,0.2493409369951876,0.2493409369951876,0.2493409369951876,0.2493409369951876,0.2493409369951876,0.2493409369951876,0.2493409369951876,0.2493409369951876,0.8442910980622094,0.3965538732003814,0.4883882940597003,0.1406098833923989,1.0004155175849865,0.913374551684182,0.5473165101788716,0.59462708563987,0.1151585382144319,0.0709424533533159,0.8124086955836332,0.0695829009042026,0.0620069131500641,0.0562249757395007,-0.0014573464089664,-0.0017420736389124,646.0,0.0,0.058666084156174,0.2848001838030859,0.7555647851154688,0.5473565225145267,0.9435050805737084,0.771561222329849,0.7405937992546697,0.8103166757963779,0.0849733834319158,0.3521430743892157,0.8124079306416224,0.2975640905150405,0.4464281301385905,0.6224321748314845,100000,30,14,0.1,1.0,0.1,0,13,0.001,1e-06,0.001,1e-07,1.0,1e-08,adamax,0,0.0,disordered,1,0.2521281036149186,0 days 16:22:05.799689,0.0014573916451288,4.590910856259016,4.1586419705432
353,353,353,353,0.2054117348353062,0.2054117348353062,0.2054117348353062,0.2054117348353062,0.2054117348353062,0.2054117348353062,0.2054117348353062,0.2054117348353062,0.2054117348353062,0.2054117348353062,0.2054117348353062,0.2054117348353062,0.2054117348353062,0.2054117348353062,1.0020301704417591,0.4130232724284385,0.5140554276111929,0.0799223194761117,0.1083577581647698,0.4152294454712679,0.0434797797481594,0.0430210992407623,0.981421044386551,0.0426979596575623,0.0418219181685976,0.0419320912267314,0.0432104391853267,0.0418394977153903,-0.0015603219783035,-0.0024091024425676,689.0,0.0,0.1122971306986191,0.6977694787300996,0.3950396829832031,0.8776528213979036,0.4886122252177215,0.0308946940186498,0.751795361244465,0.6927397456998063,0.9494849847345456,0.811636590478624,0.5665228893220841,0.7819235397398189,0.1950920852207742,0.9073612470162165,100000,30,14,0.1,1.0,0.1,0,13,0.001,1e-06,0.001,1e-07,1.0,1e-08,adamax,0,0.0,disordered,1,0.205273328129632,0 days 16:22:05.799689,0.0015603221298977,4.103704049817814,4.123699885161323
354,354,354,354,0.293044697697214,0.293044697697214,0.293044697697214,0.293044697697214,0.293044697697214,0.293044697697214,0.293044697697214,0.293044697697214,0.293044697697214,0.293044697697214,0.293044697697214,0.293044697697214,0.293044697697214,0.293044697697214,0.0862537928990245,0.084484577977171,0.0953589139405666,0.1090584741722906,0.1128762281087875,0.086058060920341,1.001517603917977,0.1116011979817493,1.0001309257290456,0.0851309867399378,0.1002628356203849,0.0909061110443617,0.109248266489704,0.681517417015289,-0.0011806778050607,-0.0014131516465907,540.0,0.0,0.7653546737569467,0.4945839206501871,0.0407779596741447,0.4142351233312004,0.3535042484970484,0.6620531995427018,0.9880842517880194,0.3135986493894647,0.933431091643605,0.6842137419365485,0.1592815852935352,0.6763240937503852,0.5538886611125697,0.2735114227291052,100000,30,14,0.1,1.0,0.1,0,13,0.001,1e-06,0.001,1e-07,1.0,1e-08,adamax,0,0.0,disordered,1,0.2955484522701589,0 days 16:22:05.799689,0.0011806945688229,4.75133028685185,4.4996970950353345
355,355,355,355,0.2747120789270809,0.2747120789270809,0.2747120789270809,0.2747120789270809,0.2747120789270809,0.2747120789270809,0.2747120789270809,0.2747120789270809,0.2747120789270809,0.2747120789270809,0.2747120789270809,0.2747120789270809,0.2747120789270809,0.2747120789270809,0.7967116276871525,0.6554533203786062,0.2655020952794377,0.2289530815354168,0.3436965968764797,0.0601718944821057,0.0535068226254352,0.0514577268466632,0.3478580703865859,0.0352584156771868,0.056952068014016,1.0005692935510606,0.0382652801300139,0.4447265470355827,-0.0011355867235856,-0.0013188288876383,889.0,0.0,0.133063356038502,0.1645701961075513,0.8679442034747825,0.4744179740261339,0.5662040009371612,0.7366603978298915,0.2085849027409158,0.2484993359274289,0.7772139981506381,0.3088217808617497,0.1511325383147743,0.8082834161692315,0.3038834508652234,0.1242761929970105,100000,30,14,0.1,1.0,0.1,0,13,0.001,1e-06,0.001,1e-07,1.0,1e-08,adamax,0,0.0,disordered,1,0.271623376330927,0 days 16:22:05.799689,0.0011356113279211,3.988602056617647,4.311952839936469
356,356,356,356,0.0564290847126253,0.0564290847126253,0.0564290847126253,0.0564290847126253,0.0564290847126253,0.0564290847126253,0.0564290847126253,0.0564290847126253,0.0564290847126253,0.0564290847126253,0.0564290847126253,0.0564290847126253,0.0564290847126253,0.0564290847126253,1.0507752788450333e-05,3.838562147784321e-06,2.9094730162603044e-05,0.068327274497748,0.7103749982969305,7.072722561235211e-05,0.0057147083032914,3.409098242343776e-06,4.102026305960946e-07,9.988642868858994e-08,2.0549594074220672e-06,0.0076278395069765,1.125630466588454e-05,6.241869239602616e-06,-0.0034825139951391,-0.0050858431464133,7346.0,0.0,0.6315405474397277,0.2591674506590259,0.1431606887088047,0.2548469647279749,0.6287139094798047,0.2929084127701069,0.0834227142913034,0.4945478267642822,0.291793899664122,0.1565978688724559,0.5078217290705839,0.3486204132743177,0.5769817632936873,0.7510713306790604,100000,30,14,0.1,1.0,0.1,0,13,0.001,1e-06,0.001,1e-07,1.0,1e-08,adamax,0,0.0,disordered,1,0.0559373552940658,0 days 16:22:05.799689,0.0034825509483704,5.922974993047487,4.766007659085227
357,357,357,357,0.1988827856988807,0.1988827856988807,0.1988827856988807,0.1988827856988807,0.1988827856988807,0.1988827856988807,0.1988827856988807,0.1988827856988807,0.1988827856988807,0.1988827856988807,0.1988827856988807,0.1988827856988807,0.1988827856988807,0.1988827856988807,0.8268750816715774,0.0852499532456073,0.2394745188863804,0.0575902209978438,0.045864425510481,0.0984876231074913,0.1136182884619404,1.000906729427215,0.0841582894990094,0.040245639383383,0.8384766612521959,0.0950352813443613,0.0631365992226012,0.038823344555936,-0.0016687030359599,-0.0020589410190128,712.0,0.0,0.4694937053806567,0.8616798220997797,0.0416299546295133,0.7333545351240546,0.0898683117959612,0.1088618317406597,0.637169459506242,0.8459824512294478,0.2578681673610212,0.506191103076575,0.766673051496933,0.185030885259231,0.4122945057226029,0.5929087288957546,100000,30,14,0.1,1.0,0.1,0,13,0.001,1e-06,0.001,1e-07,1.0,1e-08,adamax,0,0.0,disordered,1,0.2015625871723258,0 days 16:22:05.799689,0.0016687700151977,4.5053440630673345,4.422832945951529
358,358,358,358,0.2337423870891812,0.2337423870891812,0.2337423870891812,0.2337423870891812,0.2337423870891812,0.2337423870891812,0.2337423870891812,0.2337423870891812,0.2337423870891812,0.2337423870891812,0.2337423870891812,0.2337423870891812,0.2337423870891812,0.2337423870891812,0.1933831390498471,0.236416425257784,0.4535321032981805,0.577610126868019,0.9680109576678104,0.060018445422802,0.0556624706652299,0.053895796481841,0.0542905108166295,1.0014852022751402,1.0014660925921466,0.2584623024922688,0.053931440030149,0.0547020730465409,-0.0015946272077727,-0.0020435397032506,638.0,0.0,0.7873948968751563,0.573430923762306,0.1461144656642543,0.8304681493688343,0.811101545734835,0.7229251348094788,0.7329973982168619,0.4557565028358032,0.6502365948399171,0.9987335699183316,0.9748681164688088,0.1864484035841972,0.6374105862886011,0.8675371190095641,100000,30,14,0.1,1.0,0.1,0,13,0.001,1e-06,0.001,1e-07,1.0,1e-08,adamax,0,0.0,disordered,1,0.2355015542204792,0 days 16:22:05.799689,0.0015946501657863,4.823444339371523,4.416063792538533
359,359,359,359,0.2054117348353062,0.2054117348353062,0.2054117348353062,0.2054117348353062,0.2054117348353062,0.2054117348353062,0.2054117348353062,0.2054117348353062,0.2054117348353062,0.2054117348353062,0.2054117348353062,0.2054117348353062,0.2054117348353062,0.2054117348353062,0.9991617142241253,0.2549157346712377,0.4206579061908155,0.3960448585835892,0.2162317847643423,0.0411620076178319,0.0416686867550607,0.0524734950266608,1.001074972461403,0.0496022646467457,0.0411089485845099,0.0442365683701611,0.042641384789778,0.0794910501128498,-0.0016741110935741,-0.002275230552398,701.0,0.0,0.0601313626053201,0.5749402394646269,0.1154920690318445,0.1835654557528987,0.3591962505824296,0.5566692189919232,0.5414616291635949,0.5039855847684451,0.957260313018722,0.509341092943821,0.7330961375136982,0.3342997705890481,0.7443336718747016,0.7478906233940011,100000,30,14,0.1,1.0,0.1,0,13,0.001,1e-06,0.001,1e-07,1.0,1e-08,adamax,0,0.0,disordered,1,0.2037390660866268,0 days 16:22:05.799689,0.0016741367906975,3.8605698019898025,3.942344501506896
360,360,360,360,0.2575263326771198,0.2575263326771198,0.2575263326771198,0.2575263326771198,0.2575263326771198,0.2575263326771198,0.2575263326771198,0.2575263326771198,0.2575263326771198,0.2575263326771198,0.2575263326771198,0.2575263326771198,0.2575263326771198,0.2575263326771198,0.62521658781547,0.3336684647145251,0.3142312834702093,0.0565835797269133,0.0590642845482569,0.0584011900931408,0.7439076187763225,0.060461434616162,0.0575082123004826,0.7940580568264255,0.073996708124415,1.000528153052622,0.0643876272505338,0.0581448996430878,-0.0011367944891764,-0.0014746056716004,667.0,0.0,0.6695653738514171,0.7542957489987696,0.5723566958838185,0.8556395752560504,0.8325339347465731,0.0963897738991226,0.4483557873561427,0.1206720643988498,0.950539039291707,0.4348911962790387,0.2200783181007833,0.8376285417225681,0.0872161595962289,0.1540869486458885,100000,30,14,0.1,1.0,0.1,0,13,0.001,1e-06,0.001,1e-07,1.0,1e-08,adamax,0,0.0,disordered,1,0.259197102264805,0 days 16:22:05.799689,0.0011368010709279,3.9781517801257418,4.195077462451968
361,361,361,361,0.3026648059395688,0.3026648059395688,0.3026648059395688,0.3026648059395688,0.3026648059395688,0.3026648059395688,0.3026648059395688,0.3026648059395688,0.3026648059395688,0.3026648059395688,0.3026648059395688,0.3026648059395688,0.3026648059395688,0.3026648059395688,0.2406308998986955,0.2733835389515561,0.3333174617759707,0.1051171595272156,0.1382580551009224,0.1975706842814777,0.1128369887530174,1.0002980955956733,0.1091934089436777,0.1224077608976759,0.2421637386989431,0.0934817201989094,0.4279538909608364,0.3980336515671551,-0.0013204723464187,-0.0014024333692256,614.0,0.0,0.6788299367495368,0.5074233228888243,0.2672946662715809,0.5762797692621788,0.2073836738115316,0.3092356108973476,0.6110606141408947,0.8829321547901784,0.7031782727739107,0.6432277841422299,0.746647137071686,0.3783757806318839,0.9809780602038732,0.6112601800079339,100000,30,14,0.1,1.0,0.1,0,13,0.001,1e-06,0.001,1e-07,1.0,1e-08,adamax,0,0.0,disordered,1,0.3024641077381017,0 days 16:22:05.799689,0.0013204727460514,4.364621671946353,4.431775022673672
362,362,362,362,0.3557150206821381,0.3557150206821381,0.3557150206821381,0.3557150206821381,0.3557150206821381,0.3557150206821381,0.3557150206821381,0.3557150206821381,0.3557150206821381,0.3557150206821381,0.3557150206821381,0.3557150206821381,0.3557150206821381,0.3557150206821381,0.1297651232479399,0.1285575577777457,0.1291181170426472,0.1563436030200886,1.0002327651338776,0.9472383783984776,0.4884777918202825,0.9610775303718564,0.1278265378539222,0.9747634372548716,0.9911241802620804,0.7995264022405802,0.1265122051895746,0.1295594821526041,-0.0010588026771147,-0.0012059874725953,449.0,0.0,0.2575612755116058,0.0359652478498544,0.1117555852958921,0.1985091516147906,0.7343726390101744,0.8145211644726145,0.9254528450487752,0.6429102351775692,0.2972769899755106,0.8388690893434886,0.9534701698838012,0.6969038400375832,0.0723580399708068,0.4109819767819693,100000,30,14,0.1,1.0,0.1,0,13,0.001,1e-06,0.001,1e-07,1.0,1e-08,adamax,0,0.0,disordered,1,0.3539837019481488,0 days 16:22:05.799689,0.0010588087408503,5.125206925748228,4.362237245203393
363,363,363,363,0.2747120789270809,0.2747120789270809,0.2747120789270809,0.2747120789270809,0.2747120789270809,0.2747120789270809,0.2747120789270809,0.2747120789270809,0.2747120789270809,0.2747120789270809,0.2747120789270809,0.2747120789270809,0.2747120789270809,0.2747120789270809,0.8890900857477249,0.444251074498429,0.2195906647208597,0.2025238973386638,0.0805038680391063,0.9993680469975714,0.0740402103804808,1.0007606124076789,0.6946419210055367,0.1487627638847678,0.0741256353004167,0.1223330308545501,0.1173596004851487,0.4522383802995061,-0.0012013048298383,-0.0013252201783159,572.0,0.0,0.2489436298082981,0.939260511885971,0.8111233911260713,0.0699271121302127,0.6094319303218612,0.985147583117178,0.5238061270198002,0.8894413442666818,0.8123306772126189,0.4715373988659999,0.4420083963922148,0.1616511877518771,0.3544695701133437,0.1913666756579829,100000,30,14,0.1,1.0,0.1,0,13,0.001,1e-06,0.001,1e-07,1.0,1e-08,adamax,0,0.0,disordered,1,0.2768192123064149,0 days 16:22:05.799689,0.0012013202267719,4.111297715338147,4.159245730682063
364,364,364,364,0.2493409369951876,0.2493409369951876,0.2493409369951876,0.2493409369951876,0.2493409369951876,0.2493409369951876,0.2493409369951876,0.2493409369951876,0.2493409369951876,0.2493409369951876,0.2493409369951876,0.2493409369951876,0.2493409369951876,0.2493409369951876,0.46308825343378,0.427515238825193,6.873113347140962e-07,0.1154625203759763,0.0124471235908606,0.0518630637331883,0.0094455363214704,0.1490437848940979,5.3174391127399855e-06,1.6039319678620454e-07,9.998742562931313e-08,2.24624624927194e-06,0.0842413441918539,0.6831814133031681,-0.0013618243373798,-0.0016874138908877,16146.0,0.0,0.8457075838517776,0.6034032711932213,0.9362422713484684,0.4103542175251248,0.701709320878533,0.8331501860292885,0.0128772803560253,0.3228539435400921,0.4362297917532894,0.9286034440245816,0.870488856793474,0.0845082427487821,0.9554591170160172,0.6269038089181593,100000,30,14,0.1,1.0,0.1,0,13,0.001,1e-06,0.001,1e-07,1.0,1e-08,adamax,0,0.0,disordered,1,0.246802835398307,0 days 16:22:05.799689,0.0013618558841894,4.351111815628277,4.571952504499791
365,365,365,365,0.3794532847236935,0.3794532847236935,0.3794532847236935,0.3794532847236935,0.3794532847236935,0.3794532847236935,0.3794532847236935,0.3794532847236935,0.3794532847236935,0.3794532847236935,0.3794532847236935,0.3794532847236935,0.3794532847236935,0.3794532847236935,1.0003904458257606,0.3267808330978851,0.143756913239009,0.1646721121132515,0.1949848523326078,0.2195133835195537,0.1759930254339604,0.152888387893134,0.1452346729005818,0.9801498109729108,0.1864967522966574,0.1585767250316804,0.161636579003793,0.804591207211824,-0.0010322806502249,-0.0011361029832815,422.0,0.0,0.0719335740754174,0.6901222488276437,0.8553626300323566,0.2588552832063853,0.3226615572358212,0.2776926899694034,0.7025073975534427,0.7182791709760189,0.7743492306414659,0.9210411314108424,0.1818282485889627,0.7082479317554589,0.6457029893132942,0.2626210823170319,100000,30,14,0.1,1.0,0.1,0,13,0.001,1e-06,0.001,1e-07,1.0,1e-08,adamax,0,0.0,disordered,1,0.3838903203495321,0 days 16:22:05.799689,0.0010323173011084,4.209027247537513,4.287431774319547
366,366,366,366,0.1535934676510895,0.1535934676510895,0.1535934676510895,0.1535934676510895,0.1535934676510895,0.1535934676510895,0.1535934676510895,0.1535934676510895,0.1535934676510895,0.1535934676510895,0.1535934676510895,0.1535934676510895,0.1535934676510895,0.1535934676510895,0.0586631818446589,0.0700823103185634,1.002272889021158,1.002197785466916,0.0235079099280309,0.0238838838456038,0.0337292530586161,0.0325462401717256,0.0231319591205188,0.0240885290516985,0.0526558554421327,0.2312902349330208,0.0230291882020658,0.0235505668021285,-0.0021617816234614,-0.0030997224395779,822.0,0.0,0.9753084815259296,0.4769602251685981,0.948827475692218,0.9717737931036624,0.9000480958386305,0.4594853599800932,0.279776790147522,0.5857619393553599,0.4495358329526387,0.468201581844572,0.244081343701929,0.8422530754022833,0.7307240932372813,0.8653095978798734,100000,30,14,0.1,1.0,0.1,0,13,0.001,1e-06,0.001,1e-07,1.0,1e-08,adamax,0,0.0,disordered,1,0.1539040190635612,0 days 16:22:05.799689,0.0021617837058033,5.113962374526976,4.670738097624855
367,367,367,367,0.1925613572129196,0.1925613572129196,0.1925613572129196,0.1925613572129196,0.1925613572129196,0.1925613572129196,0.1925613572129196,0.1925613572129196,0.1925613572129196,0.1925613572129196,0.1925613572129196,0.1925613572129196,0.1925613572129196,0.1925613572129196,0.5053791712591421,0.8127326113475831,0.1746744105835527,0.1922432750585968,0.4088498383116595,0.9856981882482184,0.0474665808648347,0.066391237889403,1.0014156144167417,0.1392882212887199,0.0807127769921654,0.0707050694390435,0.0606536036728824,0.0636134120448161,-0.0016481119799599,-0.0019555375707323,727.0,0.0,0.5315388259185277,0.0926637316410834,0.862308939525648,0.0692512016086123,0.1545160094800333,0.9441201300249854,0.5615047742597331,0.6749974103663908,0.8209926671878233,0.66455713568512,0.4439712880877319,0.5429994179458086,0.3984837936722691,0.5771904249705891,100000,30,14,0.1,1.0,0.1,0,13,0.001,1e-06,0.001,1e-07,1.0,1e-08,adamax,0,0.0,disordered,1,0.1920719999932005,0 days 16:22:05.799689,0.0016481136086286,4.131493577588233,4.20229197933319
368,368,368,368,0.2414157116103016,0.2414157116103016,0.2414157116103016,0.2414157116103016,0.2414157116103016,0.2414157116103016,0.2414157116103016,0.2414157116103016,0.2414157116103016,0.2414157116103016,0.2414157116103016,0.2414157116103016,0.2414157116103016,0.2414157116103016,0.4900183334650541,0.8645712673840125,0.0607136119718431,0.0649849106448594,0.9873243842196175,0.9833654749260156,0.0584363466197624,0.9782815673511792,0.9972359805115122,0.0579020853160902,1.0017176996092805,0.0590758972050124,0.0576687295280148,0.0579397884651252,-0.0012200998664782,-0.001900084895577,621.0,0.0,0.0022070307099721,0.5082660962067422,0.023821782595742,0.1096719488239756,0.8463682746076329,0.6593861173054472,0.182167870828635,0.7472025252518296,0.4757832695878426,0.1348462759731289,0.929685695143032,0.1128050984854016,0.019742858018292,0.256601728456595,100000,30,14,0.1,1.0,0.1,0,13,0.001,1e-06,0.001,1e-07,1.0,1e-08,adamax,0,0.0,disordered,1,0.2425477665235266,0 days 16:22:05.799689,0.0012201041388499,4.633797186340929,4.413474014299459
369,369,369,369,0.293044697697214,0.293044697697214,0.293044697697214,0.293044697697214,0.293044697697214,0.293044697697214,0.293044697697214,0.293044697697214,0.293044697697214,0.293044697697214,0.293044697697214,0.293044697697214,0.293044697697214,0.293044697697214,0.392567429664396,0.395250271808074,0.6861812975490141,0.085766608892472,0.8223867749188698,0.0866111826952986,0.9924877183259792,0.0856336771379628,0.725936907510533,0.979002352729436,0.0856465553326049,1.0019499204882143,0.086226448890419,0.0862139051505073,-0.0012457063365773,-0.0016213381130542,536.0,0.0,0.0868599069242335,0.016721458581569,0.653241876464221,0.1319621389912917,0.5638798440619879,0.2425898291710867,0.94065013576751,0.2158559882948059,0.5206547263415716,0.7349872579716564,0.3111299186294756,0.8317393900529948,0.3139789521314091,0.3878600637741026,100000,30,14,0.1,1.0,0.1,0,13,0.001,1e-06,0.001,1e-07,1.0,1e-08,adamax,0,0.0,disordered,1,0.2898728391293828,0 days 16:22:05.799689,0.0012457392628538,4.409544284251997,4.273116600421525
370,370,370,370,0.2493409369951876,0.2493409369951876,0.2493409369951876,0.2493409369951876,0.2493409369951876,0.2493409369951876,0.2493409369951876,0.2493409369951876,0.2493409369951876,0.2493409369951876,0.2493409369951876,0.2493409369951876,0.2493409369951876,0.2493409369951876,0.6168979217923095,0.3064246066209194,0.0668247058072876,0.0643289952776788,0.1128093678213889,0.0938388350941543,0.1365016033395938,0.1465889607685861,0.0624902533500457,1.0000136654955372,0.9950402671434476,0.0861101684353648,0.3030874401510344,0.0622713031519251,-0.001388323926699,-0.0016656202944415,607.0,0.0,0.4303882825277383,0.4188941219318052,0.6079436544104145,0.2262456115998308,0.3292141104429632,0.2289720313175148,0.2769452485168916,0.7627823261640054,0.6292667538218684,0.9627893024240344,0.9501300406270484,0.2050854469078391,0.2099460359611455,0.907647961225806,100000,30,14,0.1,1.0,0.1,0,13,0.001,1e-06,0.001,1e-07,1.0,1e-08,adamax,0,0.0,disordered,1,0.2477794459627338,0 days 16:22:05.799689,0.0013883361234605,4.763453885009517,4.4705548762929626
371,371,371,371,0.1692220351641035,0.1692220351641035,0.1692220351641035,0.1692220351641035,0.1692220351641035,0.1692220351641035,0.1692220351641035,0.1692220351641035,0.1692220351641035,0.1692220351641035,0.1692220351641035,0.1692220351641035,0.1692220351641035,0.1692220351641035,1.0001844513853764,0.116332710306362,0.1358904424693861,0.2303649964969289,0.1584052514148871,0.0433143530730662,0.9693414557088706,0.0294466211361078,0.0658701373466712,0.7329468944779023,0.0645847470955463,0.0304923475152391,0.0293982389549321,0.0310967287111172,-0.0019190991661716,-0.0026544512814176,776.0,0.0,0.1389598252584758,0.7611850469966638,0.1917597630569484,0.1430366635830099,0.4392438892869368,0.684059677178238,0.8441686846123795,0.2081510453823268,0.099703940964654,0.7927129199401057,0.4510172251086877,0.6095696684240932,0.5842015070063805,0.7608174964562291,100000,30,14,0.1,1.0,0.1,0,13,0.001,1e-06,0.001,1e-07,1.0,1e-08,adamax,0,0.0,disordered,1,0.1691747721746141,0 days 16:22:05.799689,0.0019190991843349,4.701422376868605,3.965500408674272
372,372,372,372,0.1535934676510895,0.1535934676510895,0.1535934676510895,0.1535934676510895,0.1535934676510895,0.1535934676510895,0.1535934676510895,0.1535934676510895,0.1535934676510895,0.1535934676510895,0.1535934676510895,0.1535934676510895,0.1535934676510895,0.1535934676510895,0.0587180578346561,0.0247935401729386,0.0234489051080259,0.0233656333357571,0.0237369178120142,0.3923944303284552,0.0329120755093348,0.045370825852643,0.2298912784609932,0.0431964754784327,0.0327846463406361,1.0005450895052377,0.0776926844490115,0.0493760639742052,-0.0016254960081561,-0.0021419688905508,817.0,0.0,0.9895589133689572,0.6480914891334518,0.3652115374986091,0.1748898254706369,0.1028788189560984,0.6915541583491103,0.2551036083779704,0.2776011396638246,0.4433468759483189,0.527598538334692,0.4161480201571306,0.95570434973668,0.2980911074794119,0.6020186271784486,100000,30,14,0.1,1.0,0.1,0,13,0.001,1e-06,0.001,1e-07,1.0,1e-08,adamax,0,0.0,disordered,1,0.1536099946080096,0 days 16:22:05.799689,0.0016254960114587,4.866343442376608,4.933909152356094
373,373,373,373,0.3919100249433399,0.3919100249433399,0.3919100249433399,0.3919100249433399,0.3919100249433399,0.3919100249433399,0.3919100249433399,0.3919100249433399,0.3919100249433399,0.3919100249433399,0.3919100249433399,0.3919100249433399,0.3919100249433399,0.3919100249433399,0.8675483520267325,0.4340124332041017,0.3106363637199891,0.2593817553617147,0.1962522617671572,0.1614307451159758,0.1722363814000388,0.1527035911818283,0.1774723077300894,0.1529870264534562,1.0009940324146165,0.1522304862216755,0.2090066325338992,0.7936113338748925,-0.0010590439865982,-0.0011629295130026,412.0,0.0,0.0162454249921948,0.063771841660438,0.1989468812680669,0.2813428737370801,0.4663233193249951,0.5742074019291394,0.1659211086570935,0.5786497571139853,0.0818230398967426,0.3922747160097736,0.7980970810066665,0.4749920191021805,0.6660683551009295,0.2235708907941258,100000,30,14,0.1,1.0,0.1,0,13,0.001,1e-06,0.001,1e-07,1.0,1e-08,adamax,0,0.0,disordered,1,0.3952557051174306,0 days 16:22:05.799689,0.0010590651643592,4.039191990008489,4.2076793530771965
374,374,374,374,0.4459627626819087,0.4459627626819087,0.4459627626819087,0.4459627626819087,0.4459627626819087,0.4459627626819087,0.4459627626819087,0.4459627626819087,0.4459627626819087,0.4459627626819087,0.4459627626819087,0.4459627626819087,0.4459627626819087,0.4459627626819087,0.7430810786515729,0.1731227628182136,0.2050151488047011,0.235699707490059,0.1597028453662544,0.1593342741601227,0.1771878558581325,0.1801020088487727,0.2037988498068076,0.1596382794645288,0.1873514700958758,0.1624503230035655,0.2908754459368051,1.0009578260063017,-0.0009614021736984,-0.0011034282238325,446.0,0.0,0.7075247248967915,0.9843044416243631,0.6509490718265054,0.9805192866154516,0.8338745109081496,0.7682136922364887,0.4791942411113964,0.5740763250109749,0.2471420081135659,0.8745604543201495,0.0134213795824037,0.7974005150544419,0.940039683462813,0.3318403248175504,100000,30,14,0.1,1.0,0.1,0,13,0.001,1e-06,0.001,1e-07,1.0,1e-08,adamax,0,0.0,disordered,1,0.4436815955572702,0 days 16:22:05.799689,0.0009614092183511,4.372885186008668,4.479196681717132
375,375,375,375,0.2493409369951876,0.2493409369951876,0.2493409369951876,0.2493409369951876,0.2493409369951876,0.2493409369951876,0.2493409369951876,0.2493409369951876,0.2493409369951876,0.2493409369951876,0.2493409369951876,0.2493409369951876,0.2493409369951876,0.2493409369951876,0.1074910387873857,0.0623212247851966,0.98375736551397,0.0622597113951501,0.0611309058082952,0.0618043328435035,0.0614944424297812,0.8637752099039759,1.0013807963996464,0.9919463712952596,0.0629335028650063,0.0664713814168209,0.0634241797256525,0.2661420692385042,-0.0014208768438027,-0.0017743579411072,613.0,0.0,0.7999504016769723,0.4292777997945473,0.856945560024073,0.629020805899631,0.0557661954878206,0.3756640369001169,0.0192429518064972,0.7493186611795593,0.8708445149105573,0.9961083482561572,0.5263456854041744,0.3912925761498169,0.5245606389052777,0.4434965486529795,100000,30,14,0.1,1.0,0.1,0,13,0.001,1e-06,0.001,1e-07,1.0,1e-08,adamax,0,0.0,disordered,1,0.247772875701486,0 days 16:22:05.799689,0.0014208909680668,5.034348646232233,4.529668829434546
376,376,376,376,0.2121550171362449,0.2121550171362449,0.2121550171362449,0.2121550171362449,0.2121550171362449,0.2121550171362449,0.2121550171362449,0.2121550171362449,0.2121550171362449,0.2121550171362449,0.2121550171362449,0.2121550171362449,0.2121550171362449,0.2121550171362449,1.0018532440021326,0.2258852002034731,0.4577724594496269,0.0454074747947204,0.0448659800320294,0.0503719953771206,0.0500569941085866,0.0450617042485107,0.3948972231005721,0.0511214215099246,0.800615303723056,0.0692622610359314,0.0696383345063766,0.0529791588980657,-0.0016925422609716,-0.0020277270578597,682.0,0.0,0.293139703811096,0.9102584846087232,0.3941835262814683,0.8956621808161226,0.5665005108051067,0.8469154678831501,0.6656082493669545,0.4692428342605274,0.7163119857224545,0.7254649388716485,0.8693750319158191,0.460803334283726,0.5296219336694757,0.7642379384989474,100000,30,14,0.1,1.0,0.1,0,13,0.001,1e-06,0.001,1e-07,1.0,1e-08,adamax,0,0.0,disordered,1,0.2137360752674256,0 days 16:22:05.799689,0.0016925657170627,4.006964849980536,3.9138801035806017
377,377,377,377,0.5074705239490462,0.5074705239490462,0.5074705239490462,0.5074705239490462,0.5074705239490462,0.5074705239490462,0.5074705239490462,0.5074705239490462,0.5074705239490462,0.5074705239490462,0.5074705239490462,0.5074705239490462,0.5074705239490462,0.5074705239490462,0.4627355224479356,0.3145194044641169,0.3567360788956793,0.5613326072419951,0.2597725695521574,0.2766015477216899,0.3105119154858325,0.294308888311611,0.2734215163354084,0.2329127193731477,0.2336996909358391,0.7991270998015181,0.2414755923241857,1.0004852576389396,-0.0008392192024381,-0.0009068114139749,340.0,0.0,0.5147658444584566,0.6203610325736882,0.235456309270706,0.9760989383750353,0.6359718342177035,0.6505473700781643,0.7451892912832438,0.7877180196219927,0.0958999123734476,0.370059051182342,0.5986401921465198,0.9941932829140352,0.5164730116754551,0.0025205341448895,100000,30,14,0.1,1.0,0.1,0,13,0.001,1e-06,0.001,1e-07,1.0,1e-08,adamax,0,0.0,disordered,1,0.5000051724182216,0 days 16:22:05.799689,0.0008392714151355,4.287917513794504,4.4082905603223175
378,378,378,378,0.1349772330233941,0.1349772330233941,0.1349772330233941,0.1349772330233941,0.1349772330233941,0.1349772330233941,0.1349772330233941,0.1349772330233941,0.1349772330233941,0.1349772330233941,0.1349772330233941,0.1349772330233941,0.1349772330233941,0.1349772330233941,0.0275254628194475,0.017511916629419,0.0176981385455106,0.0228549062263056,0.5279504235283982,0.0184259874676689,0.312570976850937,0.0259445940559378,1.0009410712788576,0.0177467634204372,0.0173958775036769,0.0176970859934718,0.021527765689967,0.0178241490718579,-0.0020647792067886,-0.0028599424962824,885.0,0.0,0.9701985250496246,0.5501854056360739,0.0650158369432254,0.3448943551193409,0.9588194982923972,0.3312254750905331,0.555588179445964,0.3269735275253345,0.6125847528272427,0.4864487575298477,0.3290494919078814,0.095190812584463,0.2829774057905865,0.6207035301900188,100000,30,14,0.1,1.0,0.1,0,13,0.001,1e-06,0.001,1e-07,1.0,1e-08,adamax,0,0.0,disordered,1,0.1360124498176821,0 days 16:22:05.799689,0.0020648020309352,4.78975206097893,4.48160865012313
379,379,379,379,0.5591070776755287,0.5591070776755287,0.5591070776755287,0.5591070776755287,0.5591070776755287,0.5591070776755287,0.5591070776755287,0.5591070776755287,0.5591070776755287,0.5591070776755287,0.5591070776755287,0.5591070776755287,0.5591070776755287,0.5591070776755287,0.4705908259723793,0.3781686425836333,0.3559558094700502,0.3560523660468934,0.3394473153057957,0.3336144704913418,0.3274453243205831,0.3454925634218713,0.344644525215086,0.3873369775047631,0.3551217174061941,0.3106829921468752,0.367426769828692,1.0013165283344,-0.0007836553108696,-0.0008480540339531,256.0,0.0,0.5144465729725662,0.4437887750487971,0.5719257653405888,0.3750087709591195,0.5192312737071254,0.5727900884907767,0.7149351637069162,0.9637567865186668,0.2250311965853751,0.975952865672312,0.9851854676617544,0.8069340169711616,0.715016523460935,0.0683509543637846,100000,30,14,0.1,1.0,0.1,0,13,0.001,1e-06,0.001,1e-07,1.0,1e-08,adamax,0,0.0,disordered,1,0.566781148586198,0 days 16:22:05.799689,0.0007837011217167,4.1627792074568895,4.379237310437989
380,380,380,380,0.2337423870891812,0.2337423870891812,0.2337423870891812,0.2337423870891812,0.2337423870891812,0.2337423870891812,0.2337423870891812,0.2337423870891812,0.2337423870891812,0.2337423870891812,0.2337423870891812,0.2337423870891812,0.2337423870891812,0.2337423870891812,0.0757323783347877,0.0544212956677646,0.0541438668711636,0.0581115385937032,0.068399769505366,0.0710549312115414,0.0771680858668638,0.3221852765136053,1.000720034582676,0.0562569657361176,0.0681638230468858,0.5300299876446657,0.0745867006777227,0.170645677016408,-0.0014620414355605,-0.0016962855433695,635.0,0.0,0.7801177218732845,0.6112634591511934,0.2496788286783939,0.2421672294912946,0.3336024086504059,0.3211709673984647,0.3993479264267637,0.5307593942880608,0.7903723320832994,0.3978754419785018,0.0281708977614449,0.6906990160396024,0.0016510193001179,0.4713730750251848,100000,30,14,0.1,1.0,0.1,0,13,0.001,1e-06,0.001,1e-07,1.0,1e-08,adamax,0,0.0,disordered,1,0.2349060722117876,0 days 16:22:05.799689,0.0014620488785759,4.6668621295630395,4.582587688560808
381,381,381,381,0.2191196687578146,0.2191196687578146,0.2191196687578146,0.2191196687578146,0.2191196687578146,0.2191196687578146,0.2191196687578146,0.2191196687578146,0.2191196687578146,0.2191196687578146,0.2191196687578146,0.2191196687578146,0.2191196687578146,0.2191196687578146,0.771079166825056,4.577378463776277e-07,0.54790841747614,1.0213491714779955e-06,6.636561238464114e-06,0.2105377162790013,1.422355701827625e-06,0.3046669722385977,0.560275486548437,9.999595649462636e-08,0.9438756038035204,0.191263631590799,1.0549462399385225e-07,0.0977564630642151,-0.0015208619511231,-0.0017982061091111,27899.0,0.0,0.6548680604569722,0.6150294538157866,0.813076256364178,0.9445714257635228,0.3329382657717585,0.7253059902193829,0.8648714785350653,0.8434369993818133,0.7971506335584522,0.5217048062087744,0.7841879994653727,0.2362327037491456,0.5131825221537591,0.5457954017067477,100000,30,14,0.1,1.0,0.1,0,13,0.001,1e-06,0.001,1e-07,1.0,1e-08,adamax,0,0.0,disordered,1,0.2162106886763892,0 days 16:22:05.799689,0.0015209213731452,4.298041941640462,3.9554520008232568
382,382,382,382,0.2191196687578146,0.2191196687578146,0.2191196687578146,0.2191196687578146,0.2191196687578146,0.2191196687578146,0.2191196687578146,0.2191196687578146,0.2191196687578146,0.2191196687578146,0.2191196687578146,0.2191196687578146,0.2191196687578146,0.2191196687578146,0.8530369409572843,0.7234605936160426,0.1348066560060501,0.0873531864989888,0.3594585605011268,0.973947296470999,0.0469758677135427,1.0013198127573353,0.0470450752886671,0.0471689024489387,0.0489935486514033,0.0594880408465915,0.0889797600802589,0.0476817459150517,-0.001531350810612,-0.0020613714110763,669.0,0.0,0.1498802248515299,0.8640104194185583,0.4434296910153265,0.3982304591100782,0.5861595852311661,0.5912593448473008,0.3388482217670612,0.6936376786249734,0.3027612151615625,0.5412729527060989,0.0133509341030679,0.0700125464279866,0.0835928715736902,0.6187324937744663,100000,30,14,0.1,1.0,0.1,0,13,0.001,1e-06,0.001,1e-07,1.0,1e-08,adamax,0,0.0,disordered,1,0.2220329804747195,0 days 16:22:05.799689,0.0015314009400134,4.543816638020347,4.391750956768918
383,383,383,383,0.3557150206821381,0.3557150206821381,0.3557150206821381,0.3557150206821381,0.3557150206821381,0.3557150206821381,0.3557150206821381,0.3557150206821381,0.3557150206821381,0.3557150206821381,0.3557150206821381,0.3557150206821381,0.3557150206821381,0.3557150206821381,0.3411395676122075,0.2030962835603431,0.1756671936099973,0.9314870367985856,0.1597845425591276,0.1310078153525622,0.1331662333370259,1.000248068372892,0.1352908147404357,0.1475562946704927,0.2160808886400094,0.1530625317455157,0.2777334327626037,0.6273494447666718,-0.0011048117036342,-0.0011997747845081,453.0,0.0,0.5153290300671632,0.3604288191696071,0.3711834336632285,0.8987381444336907,0.7265193199408164,0.2714592384802545,0.3513291989755064,0.9529563886032808,0.3819932052353869,0.5071574636718336,0.7338041284575768,0.2262968427233753,0.6492239078454173,0.2341474212133192,100000,30,14,0.1,1.0,0.1,0,13,0.001,1e-06,0.001,1e-07,1.0,1e-08,adamax,0,0.0,disordered,1,0.3515281766131697,0 days 16:22:05.799689,0.0011048477463867,4.388379493213891,4.395886344340817
384,384,384,384,0.2659804395593755,0.2659804395593755,0.2659804395593755,0.2659804395593755,0.2659804395593755,0.2659804395593755,0.2659804395593755,0.2659804395593755,0.2659804395593755,0.2659804395593755,0.2659804395593755,0.2659804395593755,0.2659804395593755,0.2659804395593755,0.0760206071852745,0.0663862289006194,1.0014289473004363,0.1142723130611577,0.1543333376705143,0.1287914524720823,0.155716067068819,0.0649269243263546,0.0677611438531838,0.6592121701315489,0.065429725019325,0.0649640479693408,0.8683522341233696,0.1082723143328698,-0.0012962142425475,-0.0015998613669275,609.0,0.0,0.8602267359870168,0.416073316382482,0.9767436890008184,0.0641119367943018,0.5340878171469802,0.4546269864432166,0.2913252060548866,0.124416561163175,0.0803511117705723,0.8174656721496811,0.1749951717571276,0.0321826839989172,0.5589492690391638,0.2225113306179205,100000,30,14,0.1,1.0,0.1,0,13,0.001,1e-06,0.001,1e-07,1.0,1e-08,adamax,0,0.0,disordered,1,0.2640183328405754,0 days 16:22:05.799689,0.0012962270223478,4.4855223086890055,4.615861444595094
385,385,385,385,0.2575263326771198,0.2575263326771198,0.2575263326771198,0.2575263326771198,0.2575263326771198,0.2575263326771198,0.2575263326771198,0.2575263326771198,0.2575263326771198,0.2575263326771198,0.2575263326771198,0.2575263326771198,0.2575263326771198,0.2575263326771198,1.0003115084664282,0.1687806869791519,0.2498641138174104,0.216862053917916,0.5596105898748106,0.1526951640311948,0.0581997642699392,0.0749116441821008,0.0746200660874969,0.0654475238799413,0.0708081649234718,0.0702183178610574,0.1975983394421298,0.4453817742802841,-0.001426169798705,-0.0015870958221106,686.0,0.0,0.3697736077658321,0.8101363128429538,0.6014031377685471,0.1491607791759627,0.1286991711581556,0.5967692649703483,0.8424382511597339,0.4728904791868251,0.6743102410930518,0.7918020389548033,0.1611632448383022,0.65566490718991,0.9767674311051562,0.6864991146866753,100000,30,14,0.1,1.0,0.1,0,13,0.001,1e-06,0.001,1e-07,1.0,1e-08,adamax,0,0.0,disordered,1,0.2566760587855647,0 days 16:22:05.799689,0.0014261733461534,4.347298549447565,4.337170433843639
386,386,386,386,0.1487115462808952,0.1487115462808952,0.1487115462808952,0.1487115462808952,0.1487115462808952,0.1487115462808952,0.1487115462808952,0.1487115462808952,0.1487115462808952,0.1487115462808952,0.1487115462808952,0.1487115462808952,0.1487115462808952,0.1487115462808952,0.0453002244396635,0.0231393475171294,0.0803565941059845,0.0278785868438665,1.0016959878346436,0.0220120867041916,0.0216357969718225,0.021611055745369,0.0216288345657779,0.0214696347485378,0.0247471693322651,0.9981509585193764,0.0290056150378824,0.0219526381470073,-0.0015727584598456,-0.0027071278514755,835.0,0.0,0.7063656388496063,0.1097672594158584,0.5761988566287133,0.1468813024270043,0.7106411026024182,0.4782738186463403,0.0572986595131552,0.2190365945489802,0.3901562065985702,0.144886516066273,0.3325942989567602,0.9992601243584844,0.2197886203535297,0.5738416692770718,100000,30,14,0.1,1.0,0.1,0,13,0.001,1e-06,0.001,1e-07,1.0,1e-08,adamax,0,0.0,disordered,1,0.1483780122499731,0 days 16:22:05.799689,0.0015727590141285,4.911088751303107,4.6100351806546
387,387,387,387,0.3228628202536728,0.3228628202536728,0.3228628202536728,0.3228628202536728,0.3228628202536728,0.3228628202536728,0.3228628202536728,0.3228628202536728,0.3228628202536728,0.3228628202536728,0.3228628202536728,0.3228628202536728,0.3228628202536728,0.3228628202536728,0.7954943268106182,0.6955127288247593,0.1287375698708252,0.1055945626750341,0.1044265301876204,0.9865242729675956,0.1032007720999764,0.1985781755602052,1.0018183598615282,0.9171792363933374,0.8444861643432297,0.1102246855824513,0.1416955174712391,0.203978864895555,-0.001121116056879,-0.001256817498794,496.0,0.0,0.0044246297727955,0.94776207688652,0.8431877971672989,0.076926756762669,0.1640775841238413,0.5889098938452022,0.1582240491438289,0.3186352421090244,0.7868586014691246,0.6906391318322144,0.6394053235575408,0.0419931754943007,0.2124440790696045,0.1196279622646254,100000,30,14,0.1,1.0,0.1,0,13,0.001,1e-06,0.001,1e-07,1.0,1e-08,adamax,0,0.0,disordered,1,0.322902211255977,0 days 16:22:05.799689,0.0011211160579737,4.533868047356889,4.402271929280053
388,388,388,388,0.2191196687578146,0.2191196687578146,0.2191196687578146,0.2191196687578146,0.2191196687578146,0.2191196687578146,0.2191196687578146,0.2191196687578146,0.2191196687578146,0.2191196687578146,0.2191196687578146,0.2191196687578146,0.2191196687578146,0.2191196687578146,0.5320866441086665,0.0903286711647663,0.1353530340986531,0.2649191004395238,0.0757915283028145,0.0528089723328915,0.0496416437204062,0.9867372546535932,0.047887698105217,0.90959668155853,0.0487207926270502,1.0013305260540843,0.0485349027743257,0.0492672829139772,-0.0012498176252601,-0.0017934683364348,661.0,0.0,0.5635489328790017,0.7465336242602753,0.481597369524578,0.8059920175883951,0.0756177169296772,0.1488783615121148,0.0631159156491667,0.4069117513832861,0.1983491845840524,0.925100462595671,0.1552443935880325,0.8030478839373323,0.0682633753156742,0.2378296802237579,100000,30,14,0.1,1.0,0.1,0,13,0.001,1e-06,0.001,1e-07,1.0,1e-08,adamax,0,0.0,disordered,1,0.215999450413077,0 days 16:22:05.799689,0.0012498513717978,4.456218909008962,4.433001712077461
389,389,389,389,0.2121550171362449,0.2121550171362449,0.2121550171362449,0.2121550171362449,0.2121550171362449,0.2121550171362449,0.2121550171362449,0.2121550171362449,0.2121550171362449,0.2121550171362449,0.2121550171362449,0.2121550171362449,0.2121550171362449,0.2121550171362449,0.7889055900399548,0.4525107340576422,0.9792014776845612,0.0437994053722223,0.0426062477495287,0.8381564525396472,0.0431732135561606,0.0426614875136979,0.0471797314836714,0.0517575645405096,1.0013693960042511,0.0614028255612875,0.0509379298106031,0.0435164557558173,-0.0015982410078024,-0.0021302785648705,696.0,0.0,0.3414653668718492,0.9109750310514808,0.9603707068623992,0.655316152368591,0.3858945340329056,0.8679420449624552,0.5475987459921849,0.0874748104698309,0.35418518986067,0.1337350520161898,0.8054684793534074,0.2254593479487031,0.3448995269896708,0.644871770165876,100000,30,14,0.1,1.0,0.1,0,13,0.001,1e-06,0.001,1e-07,1.0,1e-08,adamax,0,0.0,disordered,1,0.212614629490835,0 days 16:22:05.799689,0.0015982426465691,4.740649747139048,4.502826650238762
390,390,390,390,0.1864408533970484,0.1864408533970484,0.1864408533970484,0.1864408533970484,0.1864408533970484,0.1864408533970484,0.1864408533970484,0.1864408533970484,0.1864408533970484,0.1864408533970484,0.1864408533970484,0.1864408533970484,0.1864408533970484,0.1864408533970484,0.0359102927674308,1.0017206464938797,0.964153827477494,0.8884838034131197,0.4131933282507762,0.0398871330211211,0.034717056296639,0.0355834395522686,0.0347838468640946,0.034871323662355,0.0350759563003688,0.820400919550277,0.0349376075948047,0.0352251671653739,-0.001724515769239,-0.0023419230337942,729.0,0.0,0.5602189450921227,0.7719383852770105,0.7528757807964268,0.9281663461076738,0.5310215879275292,0.3801299929028469,0.0543176892715134,0.1342209507836943,0.2044022602239826,0.1031902221782327,0.0022352480704844,0.4307531078917943,0.1159152094788605,0.3214828434319201,100000,30,14,0.1,1.0,0.1,0,13,0.001,1e-06,0.001,1e-07,1.0,1e-08,adamax,0,0.0,disordered,1,0.1879089722066374,0 days 16:22:05.799689,0.0017245376321446,4.710934682243418,4.351657783209589
391,391,391,391,0.2837303616516209,0.2837303616516209,0.2837303616516209,0.2837303616516209,0.2837303616516209,0.2837303616516209,0.2837303616516209,0.2837303616516209,0.2837303616516209,0.2837303616516209,0.2837303616516209,0.2837303616516209,0.2837303616516209,0.2837303616516209,0.7738670250557964,0.2987759828011214,0.1507658913550299,0.1020503793612589,0.1389394642912324,0.1120722160395757,0.0935669247147076,0.096745454504779,0.0827359171119347,0.1927717674987873,1.0000639637954534,0.0802338696158261,0.4771406864748325,0.263349470504118,-0.0014001085744467,-0.0014660262541322,557.0,0.0,0.3067743096086587,0.4136425956600331,0.5384913831989061,0.3226678518736501,0.2300198697910717,0.6623889679609051,0.1101221615745563,0.3451221496459224,0.1546508488147764,0.025493201686812,0.8229228620025792,0.7504520032525646,0.8575971491670297,0.6449237937876225,100000,30,14,0.1,1.0,0.1,0,13,0.001,1e-06,0.001,1e-07,1.0,1e-08,adamax,0,0.0,disordered,1,0.2801950968946835,0 days 16:22:05.799689,0.0014001659801712,4.5544226176726506,4.472745366690834
392,392,392,392,0.3557150206821381,0.3557150206821381,0.3557150206821381,0.3557150206821381,0.3557150206821381,0.3557150206821381,0.3557150206821381,0.3557150206821381,0.3557150206821381,0.3557150206821381,0.3557150206821381,0.3557150206821381,0.3557150206821381,0.3557150206821381,0.1687748970573488,0.1258373155481661,0.1262277233071803,0.1270520650849454,0.1267674830669293,0.9864607527996452,0.9936962223219729,1.0018859262549944,0.9122779719500056,0.9749978759493624,0.956246632834424,0.1253387516876899,0.1639009405371203,0.1267814038960121,-0.0011107452049714,-0.0013208261886885,456.0,0.0,0.8307292743155575,0.4315473289881313,0.4856567490537737,0.4845504943239895,0.0711830085352931,0.8518343329898008,0.8530172072824797,0.984593150492002,0.8558921722446132,0.932450295273804,0.9775306000191508,0.3975414414420315,0.0714912741668479,0.5601002977142423,100000,30,14,0.1,1.0,0.1,0,13,0.001,1e-06,0.001,1e-07,1.0,1e-08,adamax,0,0.0,disordered,1,0.3602097490747091,0 days 16:22:05.799689,0.0011107894199413,5.284960771398095,4.521772868999692
393,393,393,393,0.2054117348353062,0.2054117348353062,0.2054117348353062,0.2054117348353062,0.2054117348353062,0.2054117348353062,0.2054117348353062,0.2054117348353062,0.2054117348353062,0.2054117348353062,0.2054117348353062,0.2054117348353062,0.2054117348353062,0.2054117348353062,0.3481532658664124,0.9814927331401292,0.0426513314676277,0.0418838734623032,0.9779820425224232,1.0003704065514294,0.0542643588954177,0.9988201462713232,0.0556237515050546,0.0630777614817087,0.0456723534538787,0.0466468254163248,0.0596883044139133,0.0959502395452201,-0.0015681511416229,-0.0021457300399322,691.0,0.0,0.7762947126800197,0.9582739490714992,0.2677776550427568,0.3368189244939602,0.9598059598008344,0.8078174493490337,0.1719317107004105,0.9686934129665972,0.0307187192837778,0.0080358619467846,0.1879188510763596,0.1927842792595621,0.2921068165855192,0.6030226027679964,100000,30,14,0.1,1.0,0.1,0,13,0.001,1e-06,0.001,1e-07,1.0,1e-08,adamax,0,0.0,disordered,1,0.2084407677118257,0 days 16:22:05.799689,0.0015682150857322,5.186483207794895,4.600464409850475
394,394,394,394,0.5774615152359814,0.5774615152359814,0.5774615152359814,0.5774615152359814,0.5774615152359814,0.5774615152359814,0.5774615152359814,0.5774615152359814,0.5774615152359814,0.5774615152359814,0.5774615152359814,0.5774615152359814,0.5774615152359814,0.5774615152359814,0.3151277256326678,0.3353718500743253,0.3586592410250519,0.3449873112156457,0.3649331753056818,0.3324243792404706,0.3286529390796567,0.3153799635266787,0.3718331616046463,0.3148489191232307,0.3177515932133535,0.3165843523160329,0.5586908343289148,1.000323953629561,-0.0008188849950702,-0.0008991284746468,262.0,0.0,0.92006895065972,0.4247042401612597,0.2119111778742417,0.4531602236821946,0.1470779049359977,0.8762897867936471,0.3317887883128524,0.5764227375061346,0.9169807566868498,0.5009288384725172,0.4685007457299357,0.6188524755980395,0.8691327568112146,0.1012588224930129,100000,30,14,0.1,1.0,0.1,0,13,0.001,1e-06,0.001,1e-07,1.0,1e-08,adamax,0,0.0,disordered,1,0.585116581474152,0 days 16:22:05.799689,0.0008189344116695,4.608668050160501,4.622962967416883
395,395,395,395,0.2837303616516209,0.2837303616516209,0.2837303616516209,0.2837303616516209,0.2837303616516209,0.2837303616516209,0.2837303616516209,0.2837303616516209,0.2837303616516209,0.2837303616516209,0.2837303616516209,0.2837303616516209,0.2837303616516209,0.2837303616516209,0.111203428363876,0.0386987988154391,0.254132377252613,0.8803831830314073,0.7007875609477504,0.0712042368774499,0.0686371531086289,0.3494810764685749,0.3422879241033176,0.0542733500531194,0.0520081810926524,1.0016068829206974,0.2467422354104464,0.2860810713865327,-0.0011953021481669,-0.0012881077493219,943.0,0.0,0.6814215066029333,0.3379865107847667,0.1517178093126708,0.8967541234375397,0.9228173328636085,0.1385904530559727,0.4787754228691223,0.9948358555715848,0.7072735807209903,0.4051969903245617,0.1716854691798045,0.9858711779843162,0.6096803489283991,0.3879665209200317,100000,30,14,0.1,1.0,0.1,0,13,0.001,1e-06,0.001,1e-07,1.0,1e-08,adamax,0,0.0,disordered,1,0.2838292854047036,0 days 16:22:05.799689,0.0011953020878079,4.826735878358717,4.51019732174329
396,396,396,396,0.2191196687578146,0.2191196687578146,0.2191196687578146,0.2191196687578146,0.2191196687578146,0.2191196687578146,0.2191196687578146,0.2191196687578146,0.2191196687578146,0.2191196687578146,0.2191196687578146,0.2191196687578146,0.2191196687578146,0.2191196687578146,0.8364869657477424,0.5928256383333539,0.1038883329860806,0.260092918987717,0.0820521205607302,1.0004970901704555,0.0523875883217729,0.0503797177501083,0.0486222676411765,0.9043904144605532,0.3131248266143923,0.0967449423685924,0.065817596368566,0.0540856097542466,-0.0016381155158143,-0.0019616790605431,662.0,0.0,0.2500355601637306,0.9404668059410964,0.6521376072235384,0.0085891188599948,0.6363610871397051,0.7725858175972655,0.5018035627325417,0.1272638007658598,0.3732774687630971,0.4793865570257138,0.5407194938509718,0.0987512070074391,0.3407709343350764,0.4801575235355311,100000,30,14,0.1,1.0,0.1,0,13,0.001,1e-06,0.001,1e-07,1.0,1e-08,adamax,0,0.0,disordered,1,0.2191752844148049,0 days 16:22:05.799689,0.0016381155278792,4.294634843213428,4.27910079753787
397,397,397,397,0.4047756965997316,0.4047756965997316,0.4047756965997316,0.4047756965997316,0.4047756965997316,0.4047756965997316,0.4047756965997316,0.4047756965997316,0.4047756965997316,0.4047756965997316,0.4047756965997316,0.4047756965997316,0.4047756965997316,0.4047756965997316,0.520888009097574,0.3222099457081745,0.3168521652008946,0.2788113527300672,0.1801739144235029,0.1958822445695152,0.213204274554969,0.21294844998691,0.2619610519048539,0.1685209585041693,0.162253410339231,1.0019142420199814,0.6924127810143426,0.32744842287567,-0.0010741243615062,-0.0011520459603707,398.0,0.0,0.232996881211676,0.0527537177449473,0.0825315427133343,0.509202252379113,0.0155571663055458,0.1311478678785814,0.2969192347050351,0.3819749526169108,0.4383435742997197,0.4100307161082041,0.0716629581621777,0.9030142146662644,0.8509124461317861,0.3997602068332945,100000,30,14,0.1,1.0,0.1,0,13,0.001,1e-06,0.001,1e-07,1.0,1e-08,adamax,0,0.0,disordered,1,0.4089979087710204,0 days 16:22:05.799689,0.0010741588287971,4.322339365691943,4.4347731002457795
398,398,398,398,0.2414157116103016,0.2414157116103016,0.2414157116103016,0.2414157116103016,0.2414157116103016,0.2414157116103016,0.2414157116103016,0.2414157116103016,0.2414157116103016,0.2414157116103016,0.2414157116103016,0.2414157116103016,0.2414157116103016,0.2414157116103016,0.4036100433740742,0.1146606076678759,0.0671427424721017,0.0589456627879298,0.0514381825061598,0.3669167470174796,0.0507054044647972,0.2127212754144968,0.0508918434976802,1.0016652891267694,0.0511286564244729,0.7245119187870867,0.25075496036377,0.0908537424942137,-0.0013704592404268,-0.0015579626139784,676.0,0.0,0.8925417306576354,0.8724594995880467,0.8818706342834474,0.2508849869347904,0.5068210554810945,0.9706803355479112,0.5215053344902167,0.8302559849842693,0.5402986657569018,0.8867957578259319,0.5120682298119937,0.7735731316652373,0.1149615491203647,0.596802628327166,100000,30,14,0.1,1.0,0.1,0,13,0.001,1e-06,0.001,1e-07,1.0,1e-08,adamax,0,0.0,disordered,1,0.2398289041469242,0 days 16:22:05.799689,0.0013704704199886,4.265792580481405,4.228317970816221
399,399,399,399,0.2575263326771198,0.2575263326771198,0.2575263326771198,0.2575263326771198,0.2575263326771198,0.2575263326771198,0.2575263326771198,0.2575263326771198,0.2575263326771198,0.2575263326771198,0.2575263326771198,0.2575263326771198,0.2575263326771198,0.2575263326771198,0.981914263616012,0.2364538300336549,0.1089609541763979,0.8884649095388124,0.0680393681988794,0.9815013121237272,0.969022629876778,0.0661349742544067,0.0876825481954124,1.0006575727876688,0.0665228318486901,0.0701335340269039,0.0688781310841293,0.2625286130828789,-0.0013137942295997,-0.0016558534712391,593.0,0.0,0.0289217346996859,0.6050717355829925,0.6252034262650652,0.9275704520554352,0.16330371862566,0.932950459210245,0.8901376253091028,0.5636310158020906,0.0738192033744657,0.9315598975200312,0.555107633170457,0.2598344842718589,0.558448793021853,0.4629233181138372,100000,30,14,0.1,1.0,0.1,0,13,0.001,1e-06,0.001,1e-07,1.0,1e-08,adamax,0,0.0,disordered,1,0.2600166322419132,0 days 16:22:05.799689,0.0013138202549295,4.622184603334832,4.167559799313268
400,400,400,400,0.1925613572129196,0.1925613572129196,0.1925613572129196,0.1925613572129196,0.1925613572129196,0.1925613572129196,0.1925613572129196,0.1925613572129196,0.1925613572129196,0.1925613572129196,0.1925613572129196,0.1925613572129196,0.1925613572129196,0.1925613572129196,0.9885407758135702,0.4924081239113571,0.7389647440931782,0.7168014653351387,0.1523490742227384,0.084191002720581,1.0010834176500891,0.0382349578922657,0.072934410109903,0.038949783558316,0.036581763799136,0.0466505535273867,0.056719506870141,0.0358761833506254,-0.0016121941011389,-0.0022701756117462,728.0,0.0,0.0965189369829478,0.4966181532688682,0.0493171992577674,0.0854066718837814,0.7791703076324585,0.4413755041777686,0.9674035276021284,0.7600684212099268,0.1796904010903852,0.5809064359670586,0.8322220375021512,0.2448220828064458,0.4810487683326697,0.9600160177610196,100000,30,14,0.1,1.0,0.1,0,13,0.001,1e-06,0.001,1e-07,1.0,1e-08,adamax,0,0.0,disordered,1,0.19390995672755,0 days 16:22:05.799689,0.0016122104107614,4.471982655852039,4.361625414180773
401,401,401,401,0.2414157116103016,0.2414157116103016,0.2414157116103016,0.2414157116103016,0.2414157116103016,0.2414157116103016,0.2414157116103016,0.2414157116103016,0.2414157116103016,0.2414157116103016,0.2414157116103016,0.2414157116103016,0.2414157116103016,0.2414157116103016,0.6410534067136889,0.4045962696568737,0.4412769301631091,0.1482283371558903,0.0588729910939849,0.0585170532607925,1.0013638951169923,0.9977658552714984,0.0583623995616561,0.0619875217326904,0.0652547755041499,0.0682790332766499,0.0689781604539604,0.3415018180479512,-0.0014802439907738,-0.0018019092711733,619.0,0.0,0.3950129844229094,0.3910093644577334,0.3090302978689837,0.7845505877915102,0.5177488915231727,0.3714240135560924,0.9235630673418208,0.936238381927084,0.7047648902050764,0.1832028060730191,0.603030671514835,0.2536038843564333,0.7389025746576314,0.600595786378689,100000,30,14,0.1,1.0,0.1,0,13,0.001,1e-06,0.001,1e-07,1.0,1e-08,adamax,0,0.0,disordered,1,0.2444946440309511,0 days 16:22:05.799689,0.0014802983698095,4.4389283705512925,4.317429192205046
402,402,402,402,0.5241298302206053,0.5241298302206053,0.5241298302206053,0.5241298302206053,0.5241298302206053,0.5241298302206053,0.5241298302206053,0.5241298302206053,0.5241298302206053,0.5241298302206053,0.5241298302206053,0.5241298302206053,0.5241298302206053,0.5241298302206053,0.360976427082101,0.3197007429860326,0.2907332185224712,0.2663852005994283,0.264863796403947,0.2431891049897764,0.269934403099969,0.2744765673011576,0.2443169669348148,0.2495040666358697,0.2783816986601801,0.2457596693651557,0.4895703389979323,1.000966028009316,-0.0007993481071859,-0.000880351461646,332.0,0.0,0.7570572020104828,0.5907240952847114,0.7010243500330174,0.9684130575940378,0.4922369914244163,0.9275204901341656,0.3613686377893196,0.2063427263171846,0.996629289698394,0.667286221375886,0.0741571161963933,0.881248939634873,0.7200995178291671,0.0159347778510288,100000,30,14,0.1,1.0,0.1,0,13,0.001,1e-06,0.001,1e-07,1.0,1e-08,adamax,0,0.0,disordered,1,0.5264873927312997,0 days 16:22:05.799689,0.0007993525943282,4.273227793818561,4.47797103666843
403,403,403,403,0.1349772330233941,0.1349772330233941,0.1349772330233941,0.1349772330233941,0.1349772330233941,0.1349772330233941,0.1349772330233941,0.1349772330233941,0.1349772330233941,0.1349772330233941,0.1349772330233941,0.1349772330233941,0.1349772330233941,0.1349772330233941,0.7985028256123111,0.2566683320945139,0.1173538336087718,0.7274164899662992,0.0893171611558897,0.1508978788370496,1.0003027347528517,0.0288701394695185,0.027712575734025,0.0193716828652254,0.0173845150514058,0.021788188597135,0.0196726158479,0.0183051219109221,-0.0019747154707685,-0.0025564114682738,886.0,0.0,0.4993996647076274,0.9998558026350854,0.4078326847613062,0.9470754971397144,0.4385693605078489,0.8025595391011993,0.8643611522715854,0.5861529868949396,0.5135374428785487,0.7786139674263414,0.3294104463864007,0.4803225417382838,0.4548528261292121,0.8532817978265456,100000,30,14,0.1,1.0,0.1,0,13,0.001,1e-06,0.001,1e-07,1.0,1e-08,adamax,0,0.0,disordered,1,0.1330979451054744,0 days 16:22:05.799689,0.0019747678696468,4.406528293996997,4.071787631900705
404,404,404,404,0.1439847952876006,0.1439847952876006,0.1439847952876006,0.1439847952876006,0.1439847952876006,0.1439847952876006,0.1439847952876006,0.1439847952876006,0.1439847952876006,0.1439847952876006,0.1439847952876006,0.1439847952876006,0.1439847952876006,0.1439847952876006,0.0560311766067756,0.0386770937055439,0.0399423387935735,0.0431576737141448,0.0275677248052385,0.0235673296378867,0.4921735234725796,0.4903544527750417,0.0252030483572227,0.0220185974849162,1.0017575130563117,0.1385539110125765,0.0226221142453099,0.0248398071538078,-0.0017214373190901,-0.002384941201777,862.0,0.0,0.921567785671202,0.176900909709231,0.8542513822134958,0.3488111562141596,0.4372606844742924,0.055145828599825,0.7318528353626711,0.5592732412885227,0.3561254802394609,0.4326205638799648,0.9092766636370226,0.1961302692774408,0.4499020887601183,0.5265325460354906,100000,30,14,0.1,1.0,0.1,0,13,0.001,1e-06,0.001,1e-07,1.0,1e-08,adamax,0,0.0,disordered,1,0.1458149154870282,0 days 16:22:05.799689,0.0017214663392798,4.269595324152694,4.4843163725709845
405,405,405,405,0.0347601918154197,0.0347601918154197,0.0347601918154197,0.0347601918154197,0.0347601918154197,0.0347601918154197,0.0347601918154197,0.0347601918154197,0.0347601918154197,0.0347601918154197,0.0347601918154197,0.0347601918154197,0.0347601918154197,0.0347601918154197,0.1365228045529635,0.0019909139519594,0.0019423247695702,0.0013918212976854,0.0034387903314306,0.0128870308625195,0.2323254913431075,0.2033067730617045,1.0003890867346317,0.0056481054297584,0.0025177388318723,0.0027294928593766,0.0084519518676238,0.0022404358879329,-0.0027155578092651,-0.0033533464089819,1669.0,0.0,0.8556529788449271,0.9316943602598226,0.2586452226404353,0.079731208957217,0.1763118632702345,0.0574940029303201,0.3692756956058796,0.2412400554150854,0.0001583360637968,0.8561912652023629,0.8771104169210174,0.1487175470663148,0.2565814237180059,0.9807974466026292,100000,30,14,0.1,1.0,0.1,0,13,0.001,1e-06,0.001,1e-07,1.0,1e-08,adamax,0,0.0,disordered,1,0.0348171522781083,0 days 16:22:05.799689,0.0027155587968857,5.810822262960941,5.206171335952414
406,406,406,406,0.3026648059395688,0.3026648059395688,0.3026648059395688,0.3026648059395688,0.3026648059395688,0.3026648059395688,0.3026648059395688,0.3026648059395688,0.3026648059395688,0.3026648059395688,0.3026648059395688,0.3026648059395688,0.3026648059395688,0.3026648059395688,0.1474536045274312,0.1155795532247669,0.0989804867275179,0.1032917343818457,0.1058928933630454,0.0915978379635348,0.1103205875967844,0.1160041738391286,0.1290267497043446,1.000039648261788,0.11336915132966,0.1756204546814101,0.2162578333617236,0.5676795178157137,-0.0012459777899095,-0.0013696393758352,525.0,0.0,0.7779387287203612,0.5305321076074754,0.3340742038910339,0.5537735817030518,0.755179315460992,0.114368136540646,0.1173263111222926,0.0709660569619977,0.2523576334423145,0.9057847636915864,0.060406081111584,0.5709291755724016,0.7774433481572746,0.381014453349313,100000,30,14,0.1,1.0,0.1,0,13,0.001,1e-06,0.001,1e-07,1.0,1e-08,adamax,0,0.0,disordered,1,0.3027004935867401,0 days 16:22:05.799689,0.0012459777873996,4.902135619484482,4.748576734880924
407,407,407,407,0.3557150206821381,0.3557150206821381,0.3557150206821381,0.3557150206821381,0.3557150206821381,0.3557150206821381,0.3557150206821381,0.3557150206821381,0.3557150206821381,0.3557150206821381,0.3557150206821381,0.3557150206821381,0.3557150206821381,0.3557150206821381,0.1401263712828775,0.1509075705617745,0.1248520250170273,0.1249830384572596,0.1257203533765988,0.1374441131096545,0.1347395912365579,0.1243258395611846,0.1268938877054463,1.0021844515855496,0.1249381490184331,0.1671215106955788,0.3273361438657627,0.7112782499377364,-0.0010158103581978,-0.0011585138029801,454.0,0.0,0.9317318978627313,0.4167391333477563,0.8291542835035546,0.1433419578333007,0.7116079507581425,0.2373595416905221,0.432101953089105,0.5643094168885066,0.5279857101307782,0.9606665134754928,0.7911366063882921,0.0940267400653408,0.710436087155338,0.1790579110141255,100000,30,14,0.1,1.0,0.1,0,13,0.001,1e-06,0.001,1e-07,1.0,1e-08,adamax,0,0.0,disordered,1,0.3569649209103052,0 days 16:22:05.799689,0.0010158121884168,4.505197707196116,4.554468730000974
408,408,408,408,0.2575263326771198,0.2575263326771198,0.2575263326771198,0.2575263326771198,0.2575263326771198,0.2575263326771198,0.2575263326771198,0.2575263326771198,0.2575263326771198,0.2575263326771198,0.2575263326771198,0.2575263326771198,0.2575263326771198,0.2575263326771198,0.3418719937337188,0.4937994223349879,0.4321206550451709,0.3725036308668462,0.0670492593674961,0.9928691193153386,0.0660322863860801,1.0008798558739254,0.9989524562990264,0.976100103480145,0.0657778964266993,0.0654412024325893,0.0711388525726705,0.0654397659441242,-0.0012693912833972,-0.001696919423964,595.0,0.0,0.3657253925411833,0.0226621325884538,0.1197683377143737,0.719347623919078,0.3489145739508439,0.9655896216936398,0.5427321659462916,0.8266591679189909,0.9926375562776468,0.978734930579784,0.4888335545212123,0.5778654677138044,0.137083815803669,0.6488977399820093,100000,30,14,0.1,1.0,0.1,0,13,0.001,1e-06,0.001,1e-07,1.0,1e-08,adamax,0,0.0,disordered,1,0.2596062662798433,0 days 16:22:05.799689,0.0012694062424008,4.602771439887219,4.351519858852671
409,409,409,409,0.1439847952876006,0.1439847952876006,0.1439847952876006,0.1439847952876006,0.1439847952876006,0.1439847952876006,0.1439847952876006,0.1439847952876006,0.1439847952876006,0.1439847952876006,0.1439847952876006,0.1439847952876006,0.1439847952876006,0.1439847952876006,1.0004175001529274,0.2805116400368895,0.3162506143421588,0.2873377519261131,0.0735660478148449,0.1238738318981519,0.0189337441479735,0.0189771142890002,0.0215817240681091,0.0188054990266121,0.0185963005321135,0.0188005762841315,0.0259328321043187,0.0243429042149181,-0.0018366815188487,-0.0025230130202578,883.0,0.0,0.3569402751842365,0.7799999831761204,0.5698587620461563,0.5532918085295625,0.7795915989881588,0.8369564573089643,0.6305299917287325,0.098059574945663,0.4939697806696594,0.8852123344178169,0.7371390638061622,0.593310820055502,0.0626312376663938,0.9740412613825372,100000,30,14,0.1,1.0,0.1,0,13,0.001,1e-06,0.001,1e-07,1.0,1e-08,adamax,0,0.0,disordered,1,0.142141181784957,0 days 16:22:05.799689,0.0018367462250975,4.227833662845547,4.010854200089551
410,410,410,410,0.2191196687578146,0.2191196687578146,0.2191196687578146,0.2191196687578146,0.2191196687578146,0.2191196687578146,0.2191196687578146,0.2191196687578146,0.2191196687578146,0.2191196687578146,0.2191196687578146,0.2191196687578146,0.2191196687578146,0.2191196687578146,1.0009982508167643,0.6219619680689558,0.6091751308704103,0.35651957872649,0.3127548925557812,0.2839130142756018,0.0707534762303967,0.0450603621379274,0.1245427778315096,0.1096572475483402,0.0485336600095714,0.0771130901969232,0.1166305546879884,0.0762139352543415,-0.0015422361987113,-0.0017768484436297,708.0,0.0,0.0268998871928112,0.1392309437319007,0.068276396389596,0.6204465189832732,0.4824976044455001,0.9347611917994336,0.6237183284922451,0.5636332643790172,0.0226832867183802,0.9537640542411704,0.4533141647801824,0.2658425192217553,0.4999977343555219,0.946000806737788,100000,30,14,0.1,1.0,0.1,0,13,0.001,1e-06,0.001,1e-07,1.0,1e-08,adamax,0,0.0,disordered,1,0.222322032042524,0 days 16:22:05.799689,0.0015423135147368,4.348394141293125,4.281051605037733
411,411,411,411,0.2493409369951876,0.2493409369951876,0.2493409369951876,0.2493409369951876,0.2493409369951876,0.2493409369951876,0.2493409369951876,0.2493409369951876,0.2493409369951876,0.2493409369951876,0.2493409369951876,0.2493409369951876,0.2493409369951876,0.2493409369951876,0.060989836149576,0.1023743576619752,0.0778193227113861,0.0741103222931257,0.0679872843168993,0.0596658619263983,0.0701088847281543,1.0003969444235383,0.0590370890868494,0.0777595886406133,0.078079257276884,0.0605921600731016,0.0891730446434797,0.6404772374005621,-0.001386073151326,-0.0016717763164386,628.0,0.0,0.7558106596901004,0.1039072838468661,0.553008879960637,0.4251651805897144,0.1577192876015617,0.667404054399585,0.1609321342283693,0.7032443776101638,0.6075310642765898,0.2325899952372897,0.0667857961317904,0.6122596778222226,0.6030852178590124,0.3191494085193088,100000,30,14,0.1,1.0,0.1,0,13,0.001,1e-06,0.001,1e-07,1.0,1e-08,adamax,0,0.0,disordered,1,0.2466584532854799,0 days 16:22:05.799689,0.0013861070826545,4.464762557823539,4.454592611156287
412,412,412,412,0.2575263326771198,0.2575263326771198,0.2575263326771198,0.2575263326771198,0.2575263326771198,0.2575263326771198,0.2575263326771198,0.2575263326771198,0.2575263326771198,0.2575263326771198,0.2575263326771198,0.2575263326771198,0.2575263326771198,0.2575263326771198,0.821943591996836,0.4142098693989123,0.0876014522942203,0.0665486669415593,0.0668624635295269,1.00025103062056,0.0691711279428394,0.9949128020880628,0.0661024028595724,0.0711307166993965,0.6835513291484092,0.111207447493232,0.107698719536796,0.1503298645674973,-0.0014181330135595,-0.0017044882370284,593.0,0.0,0.257656434143466,0.7462871487028023,0.5590418129770737,0.4505760805328354,0.4511527664247908,0.9239768852467044,0.0145003676446708,0.8881324268587995,0.4361993291817716,0.0325399578546479,0.7023098195786367,0.1602318142272402,0.4789417905721482,0.4269567963579638,100000,30,14,0.1,1.0,0.1,0,13,0.001,1e-06,0.001,1e-07,1.0,1e-08,adamax,0,0.0,disordered,1,0.2565594691923125,0 days 16:22:05.799689,0.0014181382125977,4.650677049802527,4.373671734920836
413,413,413,413,0.1586356533508588,0.1586356533508588,0.1586356533508588,0.1586356533508588,0.1586356533508588,0.1586356533508588,0.1586356533508588,0.1586356533508588,0.1586356533508588,0.1586356533508588,0.1586356533508588,0.1586356533508588,0.1586356533508588,0.1586356533508588,0.2698116829442915,0.5018792063897682,0.0490297762406187,1.3546398337014833e-07,9.999293424781757e-08,2.051468866011566e-07,1.0791780662433672e-06,0.212438052176344,6.220592156259163e-07,0.6297567597365614,5.905489287225236e-07,0.5971711426965,1.3217895667254465e-06,3.336345392438659e-07,-0.0018675685099292,-0.0021957042661239,13924.0,0.0,0.9315206444548928,0.6861887539108896,0.8897970999120511,0.8753478975154736,0.6777346181201297,0.90319524593537,0.199217838031007,0.7843657301576155,0.6484874063229421,0.9414595995183416,0.6613685750141448,0.6960798619141726,0.5280781247525055,0.6562230306091649,100000,30,14,0.1,1.0,0.1,0,13,0.001,1e-06,0.001,1e-07,1.0,1e-08,adamax,0,0.0,disordered,1,0.1562350926455773,0 days 16:22:05.799689,0.0018676649801566,3.471532396134926,3.708850457507222
414,414,414,414,0.1306870229743345,0.1306870229743345,0.1306870229743345,0.1306870229743345,0.1306870229743345,0.1306870229743345,0.1306870229743345,0.1306870229743345,0.1306870229743345,0.1306870229743345,0.1306870229743345,0.1306870229743345,0.1306870229743345,0.1306870229743345,0.622101742878034,0.7866054729622203,0.7286618769767661,0.3587988739917035,0.3565735995641239,0.7591477426975712,0.0103560604781584,5.659614407630209e-06,0.0222147506915519,3.832936530200274e-05,0.7426335992142815,4.035036440709786e-06,0.015422129878436,0.0028493142169692,-0.0020617017771898,-0.0025286684863791,8830.0,1.0,0.5672203053707893,0.1791782058925952,0.1280333828056958,0.5428016341306184,0.5638904250123087,0.8226444866215767,0.7895322860633808,0.7825154795956952,0.6516774537694776,0.3482302615205167,0.0026343663339742,0.8895558334460113,0.7176355130265967,0.930257834394464,100000,30,14,0.1,1.0,0.1,0,13,0.001,1e-06,0.001,1e-07,1.0,1e-08,adamax,0,0.0,disordered,1,0.1302721245317328,0 days 16:22:05.799689,0.0020617064848266,3.906694227225574,4.028642507007793
415,415,415,415,0.3557150206821381,0.3557150206821381,0.3557150206821381,0.3557150206821381,0.3557150206821381,0.3557150206821381,0.3557150206821381,0.3557150206821381,0.3557150206821381,0.3557150206821381,0.3557150206821381,0.3557150206821381,0.3557150206821381,0.3557150206821381,0.1257196504408461,0.1256944961978074,0.1331826827591888,0.1356761359279948,0.1269292592233302,0.1264918396221672,0.1250796132703051,1.0008157374686093,0.1556813916209445,0.1265522812173512,0.1269086917012948,1.0019506308547914,0.1317109323115645,0.7437975692158789,-0.0010639306912393,-0.0012628363327012,452.0,0.0,0.7101898209887555,0.0102627377740803,0.1174155870597191,0.1795380272559462,0.3440912480742941,0.4985350146341423,0.2345977324718854,0.996744755122984,0.0286529124161153,0.4329269989624981,0.3937998656151162,0.7545407244066544,0.4503692892721964,0.0994137635863727,100000,30,14,0.1,1.0,0.1,0,13,0.001,1e-06,0.001,1e-07,1.0,1e-08,adamax,0,0.0,disordered,1,0.3583768022680469,0 days 16:22:05.799689,0.001063945546347,4.7383321847128155,4.638411153333597
416,416,416,416,0.2575263326771198,0.2575263326771198,0.2575263326771198,0.2575263326771198,0.2575263326771198,0.2575263326771198,0.2575263326771198,0.2575263326771198,0.2575263326771198,0.2575263326771198,0.2575263326771198,0.2575263326771198,0.2575263326771198,0.2575263326771198,1.0008664938856875,0.3864457983157656,0.1903655498257853,0.1358295954044413,0.1690997138311447,0.0765364509672698,0.0975593287318148,0.0785251392515431,0.0975301579583479,0.1048476862343607,0.0594647512231121,0.317968470993463,0.0600742152062866,0.5394309774059275,-0.0013098588150006,-0.0014350113510063,639.0,0.0,0.3416856101095349,0.6807932640255311,0.8620167336440742,0.8928341097651193,0.2642037554386612,0.890180363817954,0.9231419052470908,0.4597422857480402,0.4281232401409061,0.3826174233499158,0.6669389450730641,0.9798546545522298,0.7063168939058431,0.5120804824345455,100000,30,14,0.1,1.0,0.1,0,13,0.001,1e-06,0.001,1e-07,1.0,1e-08,adamax,0,0.0,disordered,1,0.2557796929735705,0 days 16:22:05.799689,0.0013098717044522,4.0170766503794315,4.150746847904329
417,417,417,417,0.2337423870891812,0.2337423870891812,0.2337423870891812,0.2337423870891812,0.2337423870891812,0.2337423870891812,0.2337423870891812,0.2337423870891812,0.2337423870891812,0.2337423870891812,0.2337423870891812,0.2337423870891812,0.2337423870891812,0.2337423870891812,0.9945675979992364,0.3078242210115181,0.2355166234492282,0.0551573185644739,0.0541557387050757,0.0778547489344496,0.0553691936012087,1.0011838226182104,0.0722546969400034,0.0565625398988634,0.0659529051129475,0.0599388492072543,0.1964165082281112,0.2755852043357434,-0.0014447158611634,-0.0017271658767562,638.0,0.0,0.295170176040476,0.9413704114140174,0.6144317985370988,0.8539510310694388,0.5509919645317711,0.2696837275858426,0.799997343997556,0.9739165967910208,0.3619579210134713,0.7832545350956869,0.3796811469478616,0.8005184078997508,0.1987976862911429,0.7236161689856554,100000,30,14,0.1,1.0,0.1,0,13,0.001,1e-06,0.001,1e-07,1.0,1e-08,adamax,0,0.0,disordered,1,0.2329779085565589,0 days 16:22:05.799689,0.0014447197198737,4.2295554164360984,4.267177586258532
418,418,418,418,0.3026648059395688,0.3026648059395688,0.3026648059395688,0.3026648059395688,0.3026648059395688,0.3026648059395688,0.3026648059395688,0.3026648059395688,0.3026648059395688,0.3026648059395688,0.3026648059395688,0.3026648059395688,0.3026648059395688,0.3026648059395688,0.0887207115409861,0.0888517783452876,0.0896731635652673,1.002096334744607,0.0966483279294769,0.1095965317828649,0.1259009590535871,0.1415390421220758,0.0917416867423368,0.0916488342391621,0.1107842796307472,0.0909628496550061,0.1724195838961786,0.7033787129785708,-0.0012968771325846,-0.0015118214797131,534.0,0.0,0.9197242271809284,0.3286536768898924,0.0372020220714667,0.9398757066376384,0.5616296532373843,0.2403725752353733,0.0417902695619176,0.3446340232909837,0.5680709352972134,0.515183812562731,0.3151414277139536,0.6151674473762566,0.7717489201344195,0.4045809758220061,100000,30,14,0.1,1.0,0.1,0,13,0.001,1e-06,0.001,1e-07,1.0,1e-08,adamax,0,0.0,disordered,1,0.30582817527788,0 days 16:22:05.799689,0.0012969140040348,5.351841262610952,4.722258464301194
419,419,419,419,0.4180637241455752,0.4180637241455752,0.4180637241455752,0.4180637241455752,0.4180637241455752,0.4180637241455752,0.4180637241455752,0.4180637241455752,0.4180637241455752,0.4180637241455752,0.4180637241455752,0.4180637241455752,0.4180637241455752,0.4180637241455752,0.5345878130222043,0.1590407200070866,0.1779755253340428,0.2563541383161732,0.2152903845374169,0.1644190964800301,0.1434540042380649,0.1802028939065047,0.1402847095428741,0.1521383690439451,0.1727620741777606,0.1405629631748483,0.2647801220442849,1.0008168715580448,-0.000943820227347,-0.0010806660657939,478.0,0.0,0.7253494477697275,0.9391036118184832,0.0985926528911563,0.2108116888655306,0.6369484962093364,0.7255276743820045,0.8767298968811298,0.3167229488791921,0.8205293585788253,0.9827427779920296,0.1407934529581205,0.9404062634838704,0.8743690913798847,0.3048492670131113,100000,30,14,0.1,1.0,0.1,0,13,0.001,1e-06,0.001,1e-07,1.0,1e-08,adamax,0,0.0,disordered,1,0.4131910485694455,0 days 16:22:05.799689,0.0009438507149896,4.345981365473998,4.538194503293597
420,420,420,420,0.1638433645577982,0.1638433645577982,0.1638433645577982,0.1638433645577982,0.1638433645577982,0.1638433645577982,0.1638433645577982,0.1638433645577982,0.1638433645577982,0.1638433645577982,0.1638433645577982,0.1638433645577982,0.1638433645577982,0.1638433645577982,0.4693948143138264,0.3162754109377813,0.5631615612724139,0.4075368544093331,0.400267235855992,0.0459462297288635,1.000030471459995,0.3456586217979327,0.0163245929094147,0.0183355155230713,0.0447007681883309,0.0266569952693766,0.0291657809085306,0.2420049579303856,-0.0017963461785814,-0.0020695015342041,1010.0,0.0,0.6145896220331847,0.615737034421334,0.1230384121512542,0.3740582604451449,0.3392535142368578,0.7802682274627909,0.9628732102721804,0.0502871393856284,0.8308844541150153,0.5992114957487431,0.7383903322259817,0.7133793185509453,0.7801329615803527,0.7391632969455101,100000,30,14,0.1,1.0,0.1,0,13,0.001,1e-06,0.001,1e-07,1.0,1e-08,adamax,0,0.0,disordered,1,0.1659142660773563,0 days 16:22:05.799689,0.0017963949956245,3.9079757760461415,4.127750910950014
421,421,421,421,0.2121550171362449,0.2121550171362449,0.2121550171362449,0.2121550171362449,0.2121550171362449,0.2121550171362449,0.2121550171362449,0.2121550171362449,0.2121550171362449,0.2121550171362449,0.2121550171362449,0.2121550171362449,0.2121550171362449,0.2121550171362449,1.0011828368217723,0.0798108847718814,0.4546408740170393,0.0404623772045497,0.0405243201382743,0.1944118582060849,0.1771208681355462,0.3622040043743442,0.0421468615070491,0.0535688447589685,0.0630660463680802,0.0409573846771622,0.0462631976649198,0.4530635755099624,-0.0015728027301262,-0.0018638296379855,718.0,0.0,0.4082365160640961,0.922665412092793,0.2785954786268865,0.8452052320111841,0.6108044477250615,0.0747661923734003,0.5481698481112269,0.1509715887844878,0.8161648865616052,0.6614022898719162,0.6981847229478623,0.90548660852674,0.9310054513217976,0.7576629370816018,100000,30,14,0.1,1.0,0.1,0,13,0.001,1e-06,0.001,1e-07,1.0,1e-08,adamax,0,0.0,disordered,1,0.2128473533867456,0 days 16:22:05.799689,0.001572806347537,4.679603535392263,4.24339148666303
422,422,422,422,0.3794532847236935,0.3794532847236935,0.3794532847236935,0.3794532847236935,0.3794532847236935,0.3794532847236935,0.3794532847236935,0.3794532847236935,0.3794532847236935,0.3794532847236935,0.3794532847236935,0.3794532847236935,0.3794532847236935,0.3794532847236935,0.2506298969472028,0.2031456816523396,0.1394988132156716,0.147974955614658,0.1414944366885873,0.1392340075731242,0.140581833597742,0.1396954065806242,0.1400948901013685,0.198042757618339,1.00041643144023,0.4582849823352612,0.2210822208565474,0.7731171886417094,-0.0009608877757613,-0.0010350772546824,433.0,0.0,0.916946471129361,0.9626762845967882,0.8339234140548013,0.0829648110269285,0.2380051220448843,0.7959494278392343,0.2994588670545705,0.7091862281603661,0.3668832034832454,0.6163951534534049,0.9963415584102784,0.7958607784605288,0.374949477986659,0.0592309482319466,100000,30,14,0.1,1.0,0.1,0,13,0.001,1e-06,0.001,1e-07,1.0,1e-08,adamax,0,0.0,disordered,1,0.3826454899641719,0 days 16:22:05.799689,0.0009609050759608,4.321461003660922,4.47270470888914
423,423,423,423,0.2263129568399526,0.2263129568399526,0.2263129568399526,0.2263129568399526,0.2263129568399526,0.2263129568399526,0.2263129568399526,0.2263129568399526,0.2263129568399526,0.2263129568399526,0.2263129568399526,0.2263129568399526,0.2263129568399526,0.2263129568399526,0.2336339243958081,0.1480041956065404,0.8241083733993267,0.5340797997272387,0.4187620390428114,0.0798299375542956,1.000284299278473,0.4552141976309844,0.0697181591690926,0.9196512827142084,0.0522300132504277,0.0603019011135465,0.0515178216598844,0.0494787535680919,-0.0016142187582113,-0.0020321527061731,657.0,0.0,0.6940682256143149,0.4883923393747944,0.9465673358770637,0.7915344389009975,0.6134193977519604,0.5761914292839605,0.6789525182142064,0.6272934215258565,0.2225776035200455,0.8393711502554573,0.3067638431943043,0.1842307100572533,0.3568542352760572,0.558589465836187,100000,30,14,0.1,1.0,0.1,0,13,0.001,1e-06,0.001,1e-07,1.0,1e-08,adamax,0,0.0,disordered,1,0.2289852022047574,0 days 16:22:05.799689,0.0016142773671416,4.719303634215917,4.23203919696835
424,424,424,424,0.1487115462808952,0.1487115462808952,0.1487115462808952,0.1487115462808952,0.1487115462808952,0.1487115462808952,0.1487115462808952,0.1487115462808952,0.1487115462808952,0.1487115462808952,0.1487115462808952,0.1487115462808952,0.1487115462808952,0.1487115462808952,0.6475574306574792,0.7624232550458655,0.083107458239593,0.0921306784652485,1.0001261457635564,0.0735716499891481,0.0591717509994824,0.048301218606867,0.1678785805787211,0.074634918530972,0.0816994184865394,0.0263947924594588,0.0216715748763328,0.0230760241976059,-0.0019342351270339,-0.0026327678150512,833.0,0.0,0.3897997292682356,0.0764226586737343,0.5828349493575802,0.744290071687234,0.9127079982544666,0.0222840237082316,0.2954126329471376,0.2093078830887529,0.4567925929692461,0.1312117020589208,0.4334551708785353,0.6576695860099616,0.1854528816467041,0.7703435978534116,100000,30,14,0.1,1.0,0.1,0,13,0.001,1e-06,0.001,1e-07,1.0,1e-08,adamax,0,0.0,disordered,1,0.1487776797545941,0 days 16:22:05.799689,0.0019342351902633,4.78537245392756,4.607537440467497
425,425,425,425,0.5074705239490462,0.5074705239490462,0.5074705239490462,0.5074705239490462,0.5074705239490462,0.5074705239490462,0.5074705239490462,0.5074705239490462,0.5074705239490462,0.5074705239490462,0.5074705239490462,0.5074705239490462,0.5074705239490462,0.5074705239490462,1.0004245498491444,0.464950128332659,0.3330936674672057,0.2462206341458044,0.2875203134308643,0.2865792191325518,0.2444071879317442,0.2451484353339201,0.2651018480363957,0.2445026212585605,0.2462196476191932,0.2902386853036423,0.614935044263735,0.8574819686268462,-0.0007613302052786,-0.0008253895894744,316.0,0.0,0.069092282598041,0.472199049063251,0.6312166243975261,0.9123571199606536,0.3550780741605263,0.0643741100520589,0.813136186851187,0.8791268861887086,0.4378610281610287,0.800773722196821,0.900861959426306,0.1277661680685139,0.8808733530526761,0.0100175064669424,100000,30,14,0.1,1.0,0.1,0,13,0.001,1e-06,0.001,1e-07,1.0,1e-08,adamax,0,0.0,disordered,1,0.5055429940668512,0 days 16:22:05.799689,0.0007613324261985,4.166646548480291,4.359162367429081
426,426,426,426,0.2263129568399526,0.2263129568399526,0.2263129568399526,0.2263129568399526,0.2263129568399526,0.2263129568399526,0.2263129568399526,0.2263129568399526,0.2263129568399526,0.2263129568399526,0.2263129568399526,0.2263129568399526,0.2263129568399526,0.2263129568399526,0.3517071289442958,0.2314642461777071,0.458348479475498,0.9269062232489704,1.0007546606739377,0.0509740034277537,0.9895212409439365,0.5300458611787332,0.0558673755101831,0.7836194993118247,0.0780731244656901,0.0573045522250847,0.0680389716419331,0.0495784260197926,-0.0014102717366796,-0.0016780048695604,657.0,0.0,0.4014933915280007,0.4324948073372383,0.7832085810619104,0.9016307158403836,0.9427131396948296,0.6555012706612967,0.9081960871994283,0.8002141169495733,0.0799044418813251,0.8599441764117751,0.322144505857221,0.5044097438344656,0.0773450414378695,0.7104655125678447,100000,30,14,0.1,1.0,0.1,0,13,0.001,1e-06,0.001,1e-07,1.0,1e-08,adamax,0,0.0,disordered,1,0.2234296072905727,0 days 16:22:05.799689,0.0014103173355521,4.808755242241642,4.182519161220827
427,427,427,427,0.4757236139187883,0.4757236139187883,0.4757236139187883,0.4757236139187883,0.4757236139187883,0.4757236139187883,0.4757236139187883,0.4757236139187883,0.4757236139187883,0.4757236139187883,0.4757236139187883,0.4757236139187883,0.4757236139187883,0.4757236139187883,1.000058618049689,0.1716399305070535,0.0016879947628358,0.0013806395853644,0.0020095965194878,0.0019413132773448,0.002492778110342,0.0037084487986066,0.0053018462924415,0.007713459240374,0.0110871387831546,0.0047778574762819,0.9190888077536514,0.7682153443884925,-0.0009737091979438,-0.0012457463405517,2538.0,0.0,0.5761360733205647,0.5799188748033306,0.6788512391507177,0.4705026828840426,0.1974968012269007,0.3515610349489242,0.270068114586571,0.2118380149530614,0.1307494240192599,0.2762023848073549,0.3208989595444518,0.7092323247596958,0.9113916176316118,0.2461115186053321,100000,30,14,0.1,1.0,0.1,0,13,0.001,1e-06,0.001,1e-07,1.0,1e-08,adamax,0,0.0,disordered,1,0.4758752483378783,0 days 16:22:05.799689,0.0009737092347137,4.520151228639281,4.601846646604319
428,428,428,428,0.2659804395593755,0.2659804395593755,0.2659804395593755,0.2659804395593755,0.2659804395593755,0.2659804395593755,0.2659804395593755,0.2659804395593755,0.2659804395593755,0.2659804395593755,0.2659804395593755,0.2659804395593755,0.2659804395593755,0.2659804395593755,0.5096826215126766,0.0848218469048661,0.0712468744613493,0.0718713552462514,0.9949094922768886,0.919901891355838,0.070701012001823,0.0705760521355182,0.0703240066024829,0.0704487825211026,1.000136822837753,0.0762131477913415,0.0842246517625634,0.4308346048261367,-0.0013888358363632,-0.0016567092406485,577.0,0.0,0.5680958889695271,0.7262215002594852,0.2529690586614143,0.4881431124453288,0.8953193414215207,0.74688211630536,0.3782351860132924,0.4488508275133518,0.3865605906909223,0.4521270528711499,0.8101825897322692,0.2006138154752963,0.5724034073623667,0.3732329336878871,100000,30,14,0.1,1.0,0.1,0,13,0.001,1e-06,0.001,1e-07,1.0,1e-08,adamax,0,0.0,disordered,1,0.2642318786866287,0 days 16:22:05.799689,0.0013888506963481,4.5300910917082815,4.3179614228552765
429,429,429,429,0.4180637241455752,0.4180637241455752,0.4180637241455752,0.4180637241455752,0.4180637241455752,0.4180637241455752,0.4180637241455752,0.4180637241455752,0.4180637241455752,0.4180637241455752,0.4180637241455752,0.4180637241455752,0.4180637241455752,0.4180637241455752,0.2278699285792408,0.1931084946543237,0.2256735084526614,0.3503306463851711,0.1157014585769902,0.1086954684877403,0.1483942985451507,0.1813253669750469,0.821210153683077,0.2349669097804759,0.1083789977662487,1.0004707081328446,0.13252619538223,0.9270238689515864,-0.000932014096164,-0.0010411942474794,589.0,0.0,0.669829291167042,0.5695301461337428,0.0153569233223502,0.7861226330612137,0.5728727651984655,0.4259486602083687,0.0506450282297052,0.0596703335045686,0.8644015596039273,0.5895861529738918,0.4356352868907317,0.8773704222257136,0.447225979707507,0.0228531492612331,100000,30,14,0.1,1.0,0.1,0,13,0.001,1e-06,0.001,1e-07,1.0,1e-08,adamax,0,0.0,disordered,1,0.4238178525802646,0 days 16:22:05.799689,0.000932059581817,4.408176863452737,4.5099865417524265
430,430,430,430,0.2747120789270809,0.2747120789270809,0.2747120789270809,0.2747120789270809,0.2747120789270809,0.2747120789270809,0.2747120789270809,0.2747120789270809,0.2747120789270809,0.2747120789270809,0.2747120789270809,0.2747120789270809,0.2747120789270809,0.2747120789270809,0.3261302050214772,0.2230957066582115,0.076675218298568,0.2174550747406718,0.0623728260213519,0.0637358076032493,1.001974327883073,0.4239028020957354,0.7510235125023705,0.963050886140314,0.7656351941110328,0.0894555200730323,0.0619892149316552,0.1152151375523513,-0.001325629312594,-0.0015073808724827,642.0,0.0,0.6710124399152106,0.5205638380751765,0.6356918064436893,0.5228737436229657,0.1998904492383013,0.4043259589939657,0.7640912984893296,0.5539212179066205,0.6633634320287356,0.7977489643266729,0.7760240709354824,0.286705533217526,0.3188642776951114,0.3120601921930018,100000,30,14,0.1,1.0,0.1,0,13,0.001,1e-06,0.001,1e-07,1.0,1e-08,adamax,0,0.0,disordered,1,0.2765576077318435,0 days 16:22:05.799689,0.0013256448442702,4.461638684825513,4.189789794047984
431,431,431,431,0.3026648059395688,0.3026648059395688,0.3026648059395688,0.3026648059395688,0.3026648059395688,0.3026648059395688,0.3026648059395688,0.3026648059395688,0.3026648059395688,0.3026648059395688,0.3026648059395688,0.3026648059395688,0.3026648059395688,0.3026648059395688,0.9213787143655268,0.2225713901674487,0.0879757580380488,0.1367876422585924,0.1758096262871448,0.1904588659960129,0.0898503119929393,0.0935050383413218,0.0887465756675937,1.0006847776007664,0.4235628879907657,0.1066068193108032,0.0894478860492116,0.6421312379665292,-0.0011451014381826,-0.0012429877498769,534.0,0.0,0.393040729333176,0.7330717570054796,0.8700900080217161,0.1197367300888868,0.298179613134191,0.6723336075582489,0.5359484671801626,0.785358105521571,0.5918366755744854,0.8946037863717905,0.7626374183931498,0.4491438921239434,0.441045540970114,0.2046736565668689,100000,30,14,0.1,1.0,0.1,0,13,0.001,1e-06,0.001,1e-07,1.0,1e-08,adamax,0,0.0,disordered,1,0.301734607816128,0 days 16:22:05.799689,0.0011451037560545,4.026738044691496,4.142772254710697
432,432,432,432,0.1535934676510895,0.1535934676510895,0.1535934676510895,0.1535934676510895,0.1535934676510895,0.1535934676510895,0.1535934676510895,0.1535934676510895,0.1535934676510895,0.1535934676510895,0.1535934676510895,0.1535934676510895,0.1535934676510895,0.1535934676510895,0.138835508494458,0.3694604294221938,1.0006960053704488,0.0243726516951141,0.0226945933377562,0.0226822609822617,0.0226572939254535,0.023111542968281,0.0439919554243321,0.0304404249706234,0.0255792837615155,0.1246787607467098,0.1764874525268838,0.0401373787130096,-0.0018964212852365,-0.0022614874773377,830.0,0.0,0.8111232222386004,0.9525608947453372,0.8991181780772404,0.5675979521640354,0.8748898639730461,0.044220406287015,0.3181892264285256,0.0601539528696936,0.5205553666425509,0.0760895857489244,0.535012520630721,0.129256663435776,0.8880643693742752,0.8298651207703098,100000,30,14,0.1,1.0,0.1,0,13,0.001,1e-06,0.001,1e-07,1.0,1e-08,adamax,0,0.0,disordered,1,0.1545985166833073,0 days 16:22:05.799689,0.0018964378725283,5.2799573517873615,5.066567299803262
433,433,433,433,0.5591070776755287,0.5591070776755287,0.5591070776755287,0.5591070776755287,0.5591070776755287,0.5591070776755287,0.5591070776755287,0.5591070776755287,0.5591070776755287,0.5591070776755287,0.5591070776755287,0.5591070776755287,0.5591070776755287,0.5591070776755287,0.5774783571973505,0.3065350323953709,0.2934349786083943,0.2914467593959682,1.0006149821632166,0.2925918884672948,0.2912649602161369,0.2913502328740713,0.3066565842563097,0.3227007687060336,0.3095896710756911,0.2964714661548183,0.5332637901294822,0.968149628313525,-0.0008390866731426,-0.0009190711695007,282.0,0.0,0.3861883211518989,0.6597427626888357,0.6611335690577363,0.5829810758107274,0.8849678415163109,0.6552741240537604,0.4304510875902286,0.371769271864908,0.2004699360783105,0.0345253850367333,0.2631827982525809,0.6013370730417169,0.7400736968263043,0.001915348089557,100000,30,14,0.1,1.0,0.1,0,13,0.001,1e-06,0.001,1e-07,1.0,1e-08,adamax,0,0.0,disordered,1,0.5607946831131366,0 days 16:22:05.799689,0.0008390893119118,4.352239459518083,4.453380618244369
434,434,434,434,0.2337423870891812,0.2337423870891812,0.2337423870891812,0.2337423870891812,0.2337423870891812,0.2337423870891812,0.2337423870891812,0.2337423870891812,0.2337423870891812,0.2337423870891812,0.2337423870891812,0.2337423870891812,0.2337423870891812,0.2337423870891812,0.2931772388678126,3.645034408874561e-07,5.42845936651186e-07,2.0179032544328934e-07,1.0764241654620466e-06,0.1364698293432494,8.327436885140194e-07,1.2982971300172777e-07,9.999022624281585e-08,0.1925242117047775,0.5966097589661341,0.6465092463622142,1.3766579531213143e-06,1.4264208023245408e-06,-0.0012498222902841,-0.0015309396471209,13376.0,0.0,0.951263477375805,0.9140983022750618,0.6379200815562345,0.9697775961144574,0.0536399891212745,0.2492345834374647,0.0989903301141276,0.7341418048983557,0.8959450474569203,0.9560272676598676,0.6206655383358172,0.410314359073241,0.120066429661041,0.1935125257578839,100000,30,14,0.1,1.0,0.1,0,13,0.001,1e-06,0.001,1e-07,1.0,1e-08,adamax,0,0.0,disordered,1,0.2369454525447855,0 days 16:22:05.799689,0.0012498762602055,3.5862910567257797,4.316646274459356
435,435,435,435,0.2121550171362449,0.2121550171362449,0.2121550171362449,0.2121550171362449,0.2121550171362449,0.2121550171362449,0.2121550171362449,0.2121550171362449,0.2121550171362449,0.2121550171362449,0.2121550171362449,0.2121550171362449,0.2121550171362449,0.2121550171362449,0.0483117764013234,0.1388690968138523,1.0015341612369804,0.0438566072106897,0.0444392215053451,0.0440900381206587,0.0441219256474863,0.0460528069630357,0.1327439212841251,0.9485594966753196,0.8298310103816797,0.0775877621425892,0.1453523665889205,0.0553493779732148,-0.0015960289071619,-0.0019386038703062,683.0,0.0,0.3680109108531171,0.2283567810882508,0.975122843220294,0.2103970840124105,0.038782304223694,0.1563730079232136,0.0308113801511588,0.0287128710107281,0.126858766910757,0.782816739948572,0.6906431541354665,0.0751773488156073,0.5137137652483579,0.5552373759245905,100000,30,14,0.1,1.0,0.1,0,13,0.001,1e-06,0.001,1e-07,1.0,1e-08,adamax,0,0.0,disordered,1,0.2145761123600072,0 days 16:22:05.799689,0.0015960766913856,4.7889771898926385,4.634511403653898
436,436,436,436,0.2837303616516209,0.2837303616516209,0.2837303616516209,0.2837303616516209,0.2837303616516209,0.2837303616516209,0.2837303616516209,0.2837303616516209,0.2837303616516209,0.2837303616516209,0.2837303616516209,0.2837303616516209,0.2837303616516209,0.2837303616516209,0.1462047844185555,0.0858801482138105,1.0020840545618226,0.9842185811600976,0.0802269424021082,0.8363332657191644,0.3268077211605422,0.9848422313359632,0.10320523864576,0.0923958712948198,0.2168769647339031,0.4902295461501799,0.1307324055701653,0.2804072902441599,-0.0012316397958635,-0.0013362552442061,552.0,0.0,0.8343461814650399,0.5489827658161149,0.9634351775630788,0.942068327659254,0.6684812073098699,0.7350897783094057,0.7615514050004097,0.985957922024998,0.579664412376067,0.1664697710009679,0.4132978521816753,0.5849234172278402,0.2958806571792679,0.2195586445485332,100000,30,14,0.1,1.0,0.1,0,13,0.001,1e-06,0.001,1e-07,1.0,1e-08,adamax,0,0.0,disordered,1,0.2833869625123731,0 days 16:22:05.799689,0.0012316403011458,4.376140333188092,4.0908341183700925
437,437,437,437,0.333461801578636,0.333461801578636,0.333461801578636,0.333461801578636,0.333461801578636,0.333461801578636,0.333461801578636,0.333461801578636,0.333461801578636,0.333461801578636,0.333461801578636,0.333461801578636,0.333461801578636,0.333461801578636,0.1245316935981728,0.8979397406748005,0.1104059605019658,0.1092924210500163,0.9862671197473092,0.1108358734984903,1.0022554166348148,1.0000997887386167,0.1103937752402265,0.1094979127396799,0.1116101682324398,0.1095651950216765,0.1221043974513317,0.7261339517794234,-0.0011628637299321,-0.0013603053559703,485.0,0.0,0.7286079301308489,0.9289022655590295,0.6195612571842385,0.3856863939673046,0.9732449605288166,0.7078169133474163,0.9771431768687712,0.9408764039434094,0.4618126830528081,0.588216161788131,0.3982670853183778,0.5151127196494187,0.6180198467231484,0.296613156111745,100000,30,14,0.1,1.0,0.1,0,13,0.001,1e-06,0.001,1e-07,1.0,1e-08,adamax,0,0.0,disordered,1,0.3385856807204838,0 days 16:22:05.799689,0.0011629337499671,4.5756677975181255,4.25857335646987
438,438,438,438,0.31260072430687,0.31260072430687,0.31260072430687,0.31260072430687,0.31260072430687,0.31260072430687,0.31260072430687,0.31260072430687,0.31260072430687,0.31260072430687,0.31260072430687,0.31260072430687,0.31260072430687,0.31260072430687,0.8977780814409275,0.0984239199634919,0.0940179678145663,0.1202133836761264,0.1398368294640639,0.0953038701268134,0.1015169943962955,1.0004858193831825,0.1003741242152367,0.1124980987969716,0.1707450964316588,0.1369869225035777,0.4501368784689386,0.3931180255863161,-0.0011937135297529,-0.0012935973392462,522.0,0.0,0.4269797726079981,0.8292192800202886,0.7276376322705171,0.1560177174160377,0.1214066186115265,0.830695658287327,0.3490318186330915,0.9288468373987482,0.314366232143869,0.10918073302463,0.8977239429170171,0.4153171378928399,0.6214949316270276,0.3204901737675333,100000,30,14,0.1,1.0,0.1,0,13,0.001,1e-06,0.001,1e-07,1.0,1e-08,adamax,0,0.0,disordered,1,0.3127004313801825,0 days 16:22:05.799689,0.0011937135827434,4.40512368956326,4.4527033830571
439,439,439,439,0.4047756965997316,0.4047756965997316,0.4047756965997316,0.4047756965997316,0.4047756965997316,0.4047756965997316,0.4047756965997316,0.4047756965997316,0.4047756965997316,0.4047756965997316,0.4047756965997316,0.4047756965997316,0.4047756965997316,0.4047756965997316,0.8895287631227958,0.400382884977186,0.0300987408415319,0.149017171550037,0.0165120631251637,7.93947343374828e-07,6.26472516258626e-07,9.511337222077956e-07,0.1008387691558126,0.0689966506960342,0.4189157218717389,0.5359687386525733,0.3255486092042584,0.7405427807665103,-0.0009319248991625,-0.0010145171638076,100000.0,0.0,0.6223618248988457,0.7270941872469917,0.977710038827722,0.0535925484755391,0.9444550156953808,0.5564345168398469,0.1490018859191247,0.9666281149890982,0.7815522668547373,0.200161147228436,0.6976779331256668,0.8757540873138497,0.3941143983480203,0.0525245226020266,100000,30,14,0.1,1.0,0.1,0,13,0.001,1e-06,0.001,1e-07,1.0,1e-08,adamax,0,0.0,disordered,1,0.4065470172035705,0 days 16:22:05.799689,0.0009319305460385,3.8064999537739928,4.369676030052327
440,440,440,440,0.1692220351641035,0.1692220351641035,0.1692220351641035,0.1692220351641035,0.1692220351641035,0.1692220351641035,0.1692220351641035,0.1692220351641035,0.1692220351641035,0.1692220351641035,0.1692220351641035,0.1692220351641035,0.1692220351641035,0.1692220351641035,1.0004708612102071,0.9916436073034848,0.0822042920428968,0.3803944342040948,0.0848919835210551,0.6903721245601531,0.167533819757163,0.0339324107349899,0.0285750886273932,0.0984201583643327,0.0353876082651861,0.1299789349480128,0.0573559098616254,0.0963500648517974,-0.0016542068583084,-0.0021365601311077,778.0,0.0,0.0343887167115042,0.0317518276871768,0.9701488438032342,0.5174217910188467,0.0275620560122619,0.0428393787782283,0.6305228685021972,0.7750782974617847,0.8787329668751159,0.124593428745946,0.488965373327886,0.2701289631248684,0.9064723480974572,0.8949229715734249,100000,30,14,0.1,1.0,0.1,0,13,0.001,1e-06,0.001,1e-07,1.0,1e-08,adamax,0,0.0,disordered,1,0.1668906308163122,0 days 16:22:05.799689,0.0016542749300127,4.31497956791887,4.210721924792206
441,441,441,441,0.2263129568399526,0.2263129568399526,0.2263129568399526,0.2263129568399526,0.2263129568399526,0.2263129568399526,0.2263129568399526,0.2263129568399526,0.2263129568399526,0.2263129568399526,0.2263129568399526,0.2263129568399526,0.2263129568399526,0.2263129568399526,1.0019176833455747,0.5091891187903074,0.1491056648191386,0.0515763455363448,0.0765991487371218,0.0580841250375524,0.0820025989411324,0.1500675501534679,0.1110094609041291,0.0745179512915912,0.1191118144982683,0.0639585580240286,0.0611588416330781,0.3119537921906455,-0.001575052190072,-0.0018830735239916,645.0,0.0,0.1625005938129984,0.9945922317663168,0.5278359219862516,0.8911943216323667,0.1384309591090614,0.2718785820682514,0.1312433267623508,0.3981501998913397,0.6208255389975846,0.3367165315921983,0.2670146785157741,0.7866742595355626,0.7648707713507594,0.6694613367567712,100000,30,14,0.1,1.0,0.1,0,13,0.001,1e-06,0.001,1e-07,1.0,1e-08,adamax,0,0.0,disordered,1,0.224948755084881,0 days 16:22:05.799689,0.0015750656891324,4.68179497665145,4.473998418361548
442,442,442,442,0.1042404007021555,0.1042404007021555,0.1042404007021555,0.1042404007021555,0.1042404007021555,0.1042404007021555,0.1042404007021555,0.1042404007021555,0.1042404007021555,0.1042404007021555,0.1042404007021555,0.1042404007021555,0.1042404007021555,0.1042404007021555,1.0000532620131743,0.4577925477605834,0.0101552308336496,0.0030840917112321,0.0031446611486475,0.0233374639197764,0.1287760610334566,0.0080108216380806,0.0039385685352579,0.0031934510358861,0.0028410887176359,0.0027480759184394,0.0047828304572956,0.004011993590274,-0.0025750897491532,-0.0039607064074777,1585.0,0.0,0.645178751302457,0.9728028385242304,0.9570617372597902,0.6665456431640365,0.3490409422190252,0.4598698495229504,0.6730391934229725,0.815508260225061,0.3784495409878025,0.7080791938904019,0.7197206695314357,0.5317535216655522,0.6120840714808466,0.9486787468925072,100000,30,14,0.1,1.0,0.1,0,13,0.001,1e-06,0.001,1e-07,1.0,1e-08,adamax,0,0.0,disordered,1,0.1058147854873948,0 days 16:22:05.799689,0.0025752112954836,4.299589324312458,4.250267567959865
443,443,443,443,0.1988827856988807,0.1988827856988807,0.1988827856988807,0.1988827856988807,0.1988827856988807,0.1988827856988807,0.1988827856988807,0.1988827856988807,0.1988827856988807,0.1988827856988807,0.1988827856988807,0.1988827856988807,0.1988827856988807,0.1988827856988807,1.001675392672562,0.1073911646003824,0.0405747295591555,0.0616049208765873,0.1562396079178186,0.2268941768358692,0.0702871807167355,0.0818843231849946,0.0465187668343163,0.0408554875097765,0.7947344365946653,0.0693852016413308,0.0540433470628184,0.058159610027798,-0.0018106784310457,-0.0023692863348643,711.0,0.0,0.2428341040539382,0.8632436003259519,0.7723910403894917,0.1321751027960117,0.2541079545961704,0.2451634951582973,0.5179013837861869,0.3464875661283051,0.5501427794255523,0.555541591349914,0.9907464277043332,0.500629036831254,0.9070314114897748,0.9506320279624396,100000,30,14,0.1,1.0,0.1,0,13,0.001,1e-06,0.001,1e-07,1.0,1e-08,adamax,0,0.0,disordered,1,0.1959443377047689,0 days 16:22:05.799689,0.0018107888351145,5.092187142158985,4.377828391249762
444,444,444,444,0.088694316560147,0.088694316560147,0.088694316560147,0.088694316560147,0.088694316560147,0.088694316560147,0.088694316560147,0.088694316560147,0.088694316560147,0.088694316560147,0.088694316560147,0.088694316560147,0.088694316560147,0.088694316560147,0.3570627996571961,0.2389805235014718,0.3411446326543865,0.1867646839420643,0.0060614439831321,0.0049213619349144,0.0050965472054186,0.0051110726175114,0.0056320059669757,0.0171535966237299,1.0013938072905837,0.1033138106693964,0.0188446606201143,0.0064271590391568,-0.0027029572659973,-0.0031650041156983,1357.0,0.0,0.858128052236383,0.8056394245100712,0.7835305250477045,0.391014681127289,0.758576472650221,0.8337671239018694,0.4476565647731256,0.7034654225896049,0.2345966788076496,0.1400016730637714,0.9608576962809732,0.5582200585665228,0.8231941581645352,0.9516923819351946,100000,30,14,0.1,1.0,0.1,0,13,0.001,1e-06,0.001,1e-07,1.0,1e-08,adamax,0,0.0,disordered,1,0.0898935123491593,0 days 16:22:05.799689,0.0027030520345945,4.952421378800836,4.050563430135801
445,445,445,445,0.1586356533508588,0.1586356533508588,0.1586356533508588,0.1586356533508588,0.1586356533508588,0.1586356533508588,0.1586356533508588,0.1586356533508588,0.1586356533508588,0.1586356533508588,0.1586356533508588,0.1586356533508588,0.1586356533508588,0.1586356533508588,0.3511509124483363,0.5471926549232912,0.0199739456561321,0.3745320410840621,0.1449057561026633,0.0971192856988308,0.0243933029286916,0.7734075566168002,0.0322760418092573,0.1361046303498968,0.0327662385317943,0.0276543150894009,1.0006957847577065,0.0293251641194863,-0.0014580474090714,-0.0017517594540261,1151.0,0.0,0.6921857046995211,0.7677583352437252,0.2512107955726324,0.7279755727913398,0.8797040407039607,0.2357434557880822,0.1227607179799549,0.776514163508214,0.0203434276326052,0.1312891640176345,0.3505006216581354,0.2015531621876327,0.9514506564122184,0.5342537052250912,100000,30,14,0.1,1.0,0.1,0,13,0.001,1e-06,0.001,1e-07,1.0,1e-08,adamax,0,0.0,disordered,1,0.1585985494740359,0 days 16:22:05.799689,0.0014580474043832,4.641642904916746,4.472103034469291
446,446,446,446,0.1988827856988807,0.1988827856988807,0.1988827856988807,0.1988827856988807,0.1988827856988807,0.1988827856988807,0.1988827856988807,0.1988827856988807,0.1988827856988807,0.1988827856988807,0.1988827856988807,0.1988827856988807,0.1988827856988807,0.1988827856988807,0.6404026411925644,0.6867923859602072,0.2295606194133293,0.3366427809390948,0.0396504488650862,0.9442007219637456,0.039803982374318,0.0386984211196414,1.0007640790977024,0.0392256100158176,0.0387698207867169,0.0427334020083031,0.0593490184772168,0.0387667207235986,-0.0017020231477174,-0.0025009017192635,708.0,0.0,0.2804251285639351,0.0219058077277137,0.5514318009775819,0.539695645104384,0.3525346228623798,0.5162792269266065,0.5182216837694167,0.2009556371768552,0.8887069605516414,0.4422530602272593,0.3750616982162829,0.1665666459342936,0.2369856484878769,0.6450433879550085,100000,30,14,0.1,1.0,0.1,0,13,0.001,1e-06,0.001,1e-07,1.0,1e-08,adamax,0,0.0,disordered,1,0.2004452220920776,0 days 16:22:05.799689,0.0017020442170738,4.480901175926818,4.325992063666824
447,447,447,447,0.367392478180207,0.367392478180207,0.367392478180207,0.367392478180207,0.367392478180207,0.367392478180207,0.367392478180207,0.367392478180207,0.367392478180207,0.367392478180207,0.367392478180207,0.367392478180207,0.367392478180207,0.367392478180207,0.1360527684225064,0.1357980595971164,0.7302661139703182,0.9730582123152994,0.1346636924280911,0.1347681674835749,0.1388173630743457,0.4698104890782006,0.997352202466156,1.0019504258235734,0.9271982640693882,0.1340719237053248,0.1353558191626827,0.5434936687612433,-0.0010266870964237,-0.0011413535355907,437.0,0.0,0.2956019921788901,0.2015994139110932,0.5143601708292089,0.7458242553865019,0.2487552999628449,0.3377283824589477,0.0001752588409392,0.4820367809984697,0.8850219565188119,0.9067988058520552,0.7957863252931906,0.2061772482266294,0.3339056986659141,0.0824052734018997,100000,30,14,0.1,1.0,0.1,0,13,0.001,1e-06,0.001,1e-07,1.0,1e-08,adamax,0,0.0,disordered,1,0.3725130907284045,0 days 16:22:05.799689,0.0010267370955821,4.7278277258699966,4.418407433000534
448,448,448,448,0.2414157116103016,0.2414157116103016,0.2414157116103016,0.2414157116103016,0.2414157116103016,0.2414157116103016,0.2414157116103016,0.2414157116103016,0.2414157116103016,0.2414157116103016,0.2414157116103016,0.2414157116103016,0.2414157116103016,0.2414157116103016,0.3900246226818295,0.0603652092583857,0.0568845266608724,1.000677328674782,0.0603175195914115,0.070797457516893,0.0765618016427626,0.0678814208583672,0.0618789418588709,0.0694008762340502,0.1078823097470422,0.0693539942818312,0.1389739393589728,0.4738193369908919,-0.0015123336610923,-0.0017340564146424,630.0,0.0,0.5505852626206116,0.6658003880457302,0.2268934716595854,0.9126693917190336,0.5602091673271143,0.254931782857995,0.3189893118191247,0.67462960027887,0.3777958637086243,0.1687201351975703,0.4714162174935535,0.2113933122187485,0.682737352353348,0.4246658310098102,100000,30,14,0.1,1.0,0.1,0,13,0.001,1e-06,0.001,1e-07,1.0,1e-08,adamax,0,0.0,disordered,1,0.2429759347892176,0 days 16:22:05.799689,0.0015123486619962,4.341648785688647,4.43499313088332
449,449,449,449,0.2493409369951876,0.2493409369951876,0.2493409369951876,0.2493409369951876,0.2493409369951876,0.2493409369951876,0.2493409369951876,0.2493409369951876,0.2493409369951876,0.2493409369951876,0.2493409369951876,0.2493409369951876,0.2493409369951876,0.2493409369951876,0.503883721338265,0.3602234960775269,0.2746679664869939,0.2249784938859622,0.0690907633120273,0.0631793837039241,1.00180711184437,0.0622808996371298,0.0764163085305906,0.0685421779969382,0.0809788226659987,0.0716309185783342,0.1219194481109825,0.4946341724098435,-0.0014848005545578,-0.0017089780407668,606.0,0.0,0.2640871645877805,0.1532820022467464,0.1193084435431824,0.1363527424319857,0.3705511705681996,0.3877042776868241,0.7795342147291026,0.3376492877252011,0.0267521430306616,0.2876256835436507,0.067894853575595,0.333958144327761,0.5000428802394755,0.276518480039977,100000,30,14,0.1,1.0,0.1,0,13,0.001,1e-06,0.001,1e-07,1.0,1e-08,adamax,0,0.0,disordered,1,0.2489037218046917,0 days 16:22:05.799689,0.0014848014283324,4.123078368168201,4.304814623905847
450,450,450,450,0.2191196687578146,0.2191196687578146,0.2191196687578146,0.2191196687578146,0.2191196687578146,0.2191196687578146,0.2191196687578146,0.2191196687578146,0.2191196687578146,0.2191196687578146,0.2191196687578146,0.2191196687578146,0.2191196687578146,0.2191196687578146,1.001712795794215,0.5406364627110029,0.095739384199109,0.0509693262706373,0.0491736790427647,0.1901163450128825,0.0487709419388716,0.048081518197665,0.0542280777767091,0.0498416516989534,0.9676580103824376,0.0479366805001401,0.056461919994531,0.0483792315973023,-0.0017008967590344,-0.0024740896736561,659.0,0.0,0.093740187595436,0.5926927230396476,0.8105077200110791,0.8069238093908835,0.390720802264089,0.452506201899712,0.8329317519201871,0.5748532100414313,0.297142887419544,0.8602833438262704,0.9721722675348786,0.8128666882287457,0.6449212511048895,0.908930792280012,100000,30,14,0.1,1.0,0.1,0,13,0.001,1e-06,0.001,1e-07,1.0,1e-08,adamax,0,0.0,disordered,1,0.215842139934042,0 days 16:22:05.799689,0.0017010029760729,3.889441575873459,3.9731435075543056
451,451,451,451,0.1225113576604117,0.1225113576604117,0.1225113576604117,0.1225113576604117,0.1225113576604117,0.1225113576604117,0.1225113576604117,0.1225113576604117,0.1225113576604117,0.1225113576604117,0.1225113576604117,0.1225113576604117,0.1225113576604117,0.1225113576604117,0.7186435885888617,0.0147912541658742,0.9731588608891651,0.9971369382647356,0.0147640330879039,1.0004094091868303,0.0245700666886175,0.0156791250955638,0.0151100651462744,0.0150920126680086,0.0149808679636662,0.0148602214558332,0.01515197695165,0.0147705671456629,-0.0020876833122527,-0.0035703290029609,914.0,0.0,0.8924233039815173,0.4008927933315442,0.8915100628506638,0.6965506506209269,0.3166314277220029,0.7863066087458274,0.277520122055589,0.0662706780482879,0.1460803186230869,0.0478728293564257,0.0665607217992737,0.1895126757889381,0.1145459610085584,0.4541455869132742,100000,30,14,0.1,1.0,0.1,0,13,0.001,1e-06,0.001,1e-07,1.0,1e-08,adamax,0,0.0,disordered,1,0.1232502279759525,0 days 16:22:05.799689,0.0020876962273171,4.7391451655148575,4.294974031927383
452,452,452,452,0.4913407286296357,0.4913407286296357,0.4913407286296357,0.4913407286296357,0.4913407286296357,0.4913407286296357,0.4913407286296357,0.4913407286296357,0.4913407286296357,0.4913407286296357,0.4913407286296357,0.4913407286296357,0.4913407286296357,0.4913407286296357,1.000670878049183,0.2395781261567356,0.2609549896032483,0.2887904332961901,0.2383616236537842,0.272525037928302,0.2826827101528332,0.2888991308757338,0.2387490007237248,0.241050914267341,0.2382249190019284,0.2382725075576564,0.3580785568636564,0.9382919012201784,-0.0009199487196895,-0.0010157307571491,314.0,0.0,0.152301322626096,0.7663557351674622,0.6426880953255606,0.2566657255626504,0.9308648519699636,0.0925523924875316,0.244647840892473,0.3687846737233331,0.898185596025938,0.5604137669137534,0.689672044591621,0.6664562055423203,0.8823060240582657,0.278887255776775,100000,30,14,0.1,1.0,0.1,0,13,0.001,1e-06,0.001,1e-07,1.0,1e-08,adamax,0,0.0,disordered,1,0.4897811664694122,0 days 16:22:05.799689,0.0009199517233954,4.358593489174228,4.462043562852179
453,453,453,453,0.1265331759388941,0.1265331759388941,0.1265331759388941,0.1265331759388941,0.1265331759388941,0.1265331759388941,0.1265331759388941,0.1265331759388941,0.1265331759388941,0.1265331759388941,0.1265331759388941,0.1265331759388941,0.1265331759388941,0.1265331759388941,1.0205534413181469e-07,1.3097848412522898e-07,0.0472486287431152,4.765940636041181e-07,4.262411845620633e-07,0.5347757748336681,0.6473722985230916,9.99911954590386e-08,1.7177310996591596e-07,0.0028671339652426,2.5578783367530244e-06,0.0630479717465544,0.1326656288699336,1.1087185854807257e-07,-0.0019505457626765,-0.0028081869167919,17031.0,0.0,0.7825996790433952,0.0452440549315609,0.2243396577252717,0.4114375023509999,0.3351150461502129,0.0799547331901786,0.9322265920476168,0.7205170483522597,0.4228964916352058,0.2991884650718357,0.0879357996031716,0.8282422507392804,0.2630308237729819,0.9459995547785152,100000,30,14,0.1,1.0,0.1,0,13,0.001,1e-06,0.001,1e-07,1.0,1e-08,adamax,0,0.0,disordered,1,0.1269818181241379,0 days 16:22:05.799689,0.0019505509356418,5.756682653821594,5.038881843902502
454,454,454,454,0.2575263326771198,0.2575263326771198,0.2575263326771198,0.2575263326771198,0.2575263326771198,0.2575263326771198,0.2575263326771198,0.2575263326771198,0.2575263326771198,0.2575263326771198,0.2575263326771198,0.2575263326771198,0.2575263326771198,0.2575263326771198,0.2723512652950446,0.7966767928420581,0.3904005103008883,0.0744243250773457,0.912763433417776,0.3783146989920479,0.4688954065595112,0.069396638956012,0.9524460021332825,0.0647384992380339,0.0648411105038907,1.001430799560816,0.0654535719103893,0.0653225389997523,-0.0011909364457909,-0.0016070917366201,597.0,0.0,0.2774748710102075,0.9858572364748016,0.8292966879819066,0.707858391737525,0.983855553787188,0.4804143764329242,0.3502824047626253,0.0942058816727031,0.8637164473134756,0.1241804115209771,0.0775489182117736,0.5811986737379304,0.0696138712552483,0.1499627357958644,100000,30,14,0.1,1.0,0.1,0,13,0.001,1e-06,0.001,1e-07,1.0,1e-08,adamax,0,0.0,disordered,1,0.2598689482479198,0 days 16:22:05.799689,0.0011909503667579,4.496566673799567,4.437458922433815
455,455,455,455,0.1805148879221106,0.1805148879221106,0.1805148879221106,0.1805148879221106,0.1805148879221106,0.1805148879221106,0.1805148879221106,0.1805148879221106,0.1805148879221106,0.1805148879221106,0.1805148879221106,0.1805148879221106,0.1805148879221106,0.1805148879221106,0.7103887496600784,0.47588062571469,0.519354278574728,0.2084916142704148,0.1451356887303389,0.1066435528736754,0.0560775407467572,0.0321508978280042,1.000750882330883,0.0590674868055096,0.0843474412376118,0.1489698176002131,0.0377364388444299,0.0598930934245393,-0.0018974845150975,-0.0023148016127099,755.0,0.0,0.3020052926665109,0.2694854303018006,0.1021405975070055,0.4940902356589441,0.3609801181708101,0.425721510912013,0.6508163357674089,0.2461857224794889,0.853305395521555,0.0989767396398615,0.3831688533410219,0.6908807825906036,0.6213634409070392,0.7094772592868398,100000,30,14,0.1,1.0,0.1,0,13,0.001,1e-06,0.001,1e-07,1.0,1e-08,adamax,0,0.0,disordered,1,0.1802171594466162,0 days 16:22:05.799689,0.0018974857501032,4.21689436440487,4.039292901168384
456,456,456,456,0.5413360302965373,0.5413360302965373,0.5413360302965373,0.5413360302965373,0.5413360302965373,0.5413360302965373,0.5413360302965373,0.5413360302965373,0.5413360302965373,0.5413360302965373,0.5413360302965373,0.5413360302965373,0.5413360302965373,0.5413360302965373,0.2747792618367247,0.3025984215312792,0.3171019828325457,0.2758739806005912,0.2918714376558463,0.3124810176346729,0.2748877070997734,0.2770780109408575,0.2989030578271572,0.3083195744146045,0.2761845274675062,0.2828512030559251,0.493681239815968,1.001485486875796,-0.0008160417614378,-0.0009139455085723,293.0,0.0,0.9464557924557864,0.4052419632831352,0.4366361696541967,0.9535748508315142,0.2340306627604478,0.0967575426250608,0.7007641279211833,0.8403280034098862,0.2556837739524489,0.0584554232302474,0.676294710023509,0.8817389819805922,0.8684129141970942,0.1211929269167366,100000,30,14,0.1,1.0,0.1,0,13,0.001,1e-06,0.001,1e-07,1.0,1e-08,adamax,0,0.0,disordered,1,0.5406204978413898,0 days 16:22:05.799689,0.0008160420608819,4.699853343601839,4.6871525671568035
457,457,457,457,0.1988827856988807,0.1988827856988807,0.1988827856988807,0.1988827856988807,0.1988827856988807,0.1988827856988807,0.1988827856988807,0.1988827856988807,0.1988827856988807,0.1988827856988807,0.1988827856988807,0.1988827856988807,0.1988827856988807,0.1988827856988807,0.6912683044093321,0.060918763857623,0.0850995623784718,0.039596386086617,0.0397746386439468,0.0395767358732145,0.0416224111192077,0.9678202214013508,0.9878698144907092,1.0006451039460444,0.0524250270404279,0.0397615208314918,0.0407948699157769,0.0424570221809066,-0.0016350606263878,-0.0023422953814864,703.0,0.0,0.367904829697075,0.53155156160267,0.0757445498311533,0.3009524002022526,0.3606636217624508,0.2414474202498422,0.4822473776567588,0.5341685038817564,0.6253160145168393,0.8294577453653279,0.30759311330024,0.5579478441673834,0.149399346631589,0.5835635583089085,100000,30,14,0.1,1.0,0.1,0,13,0.001,1e-06,0.001,1e-07,1.0,1e-08,adamax,0,0.0,disordered,1,0.1976247229639563,0 days 16:22:05.799689,0.0016350725179678,4.64716663495369,4.227887570500595
458,458,458,458,0.1864408533970484,0.1864408533970484,0.1864408533970484,0.1864408533970484,0.1864408533970484,0.1864408533970484,0.1864408533970484,0.1864408533970484,0.1864408533970484,0.1864408533970484,0.1864408533970484,0.1864408533970484,0.1864408533970484,0.1864408533970484,1.000653953714674,0.4556489604278703,0.5397023340217003,0.477491139535342,0.0535620822642209,0.2409779686594231,0.528680542489206,0.0655535072864086,0.0572912914784307,0.0498316465840046,0.1054093381521468,0.0959991534467961,0.0669015563516731,0.0857059115351698,-0.0017327310153014,-0.0020223083692244,742.0,0.0,0.1269086786885158,0.6993026103723348,0.205687254538032,0.4418769807055669,0.9061623593932842,0.1950145720243682,0.1259066478187899,0.73276638916092,0.5906910105382845,0.8769394900882838,0.1516301383790569,0.9615097820402017,0.6317530587180527,0.9425907316711448,100000,30,14,0.1,1.0,0.1,0,13,0.001,1e-06,0.001,1e-07,1.0,1e-08,adamax,0,0.0,disordered,1,0.1862167290007419,0 days 16:22:05.799689,0.0017327312945811,4.123115064881873,4.096534060691483
459,459,459,459,0.3794532847236935,0.3794532847236935,0.3794532847236935,0.3794532847236935,0.3794532847236935,0.3794532847236935,0.3794532847236935,0.3794532847236935,0.3794532847236935,0.3794532847236935,0.3794532847236935,0.3794532847236935,0.3794532847236935,0.3794532847236935,0.3507820946842634,0.7111834893012378,0.6817252696042444,0.5631857134389441,0.1442285264753566,0.1809459970976937,1.0001804819418836,0.1426991784787415,0.3751356288389385,0.7633988765571017,0.9484123495678344,0.1572982887554126,0.1460117023947749,0.1416097089827927,-0.0010210186481863,-0.0011563242524833,427.0,0.0,0.1878778445291622,0.8616211915128188,0.6374822336810431,0.5699658066427085,0.901555468658598,0.8920110759253913,0.9334189633894592,0.9165084160844514,0.4221607474135247,0.5689896116275962,0.8927708882155331,0.1598091707653032,0.0355695597677039,0.1719469483065711,100000,30,14,0.1,1.0,0.1,0,13,0.001,1e-06,0.001,1e-07,1.0,1e-08,adamax,0,0.0,disordered,1,0.3753639354748346,0 days 16:22:05.799689,0.0010210526626128,4.343669271418765,4.210355695781725
460,460,460,460,0.4047756965997316,0.4047756965997316,0.4047756965997316,0.4047756965997316,0.4047756965997316,0.4047756965997316,0.4047756965997316,0.4047756965997316,0.4047756965997316,0.4047756965997316,0.4047756965997316,0.4047756965997316,0.4047756965997316,0.4047756965997316,0.2379763981120259,0.2511834624967654,0.2269176657231074,0.1630782404733069,0.1653501075347855,0.1664792137321707,0.1808756069338634,1.0018205836325291,0.1627972566316142,0.1660999199064548,0.1812812016703503,0.1639428701568462,0.623378118736754,0.6196645422429237,-0.0010607009522793,-0.0011889538018117,394.0,0.0,0.4819916248134843,0.2391677743386863,0.5495539806348022,0.2882513375666312,0.2413937794798807,0.2561478707412212,0.2091377860022807,0.9918570214720211,0.3697900659953291,0.317519567186085,0.0483089470687904,0.4390434058973187,0.7472915006463734,0.2050479893947151,100000,30,14,0.1,1.0,0.1,0,13,0.001,1e-06,0.001,1e-07,1.0,1e-08,adamax,0,0.0,disordered,1,0.410644373024697,0 days 16:22:05.799689,0.0010607642442335,4.393749848843879,4.580003299190398
461,461,461,461,0.1988827856988807,0.1988827856988807,0.1988827856988807,0.1988827856988807,0.1988827856988807,0.1988827856988807,0.1988827856988807,0.1988827856988807,0.1988827856988807,0.1988827856988807,0.1988827856988807,0.1988827856988807,0.1988827856988807,0.1988827856988807,0.0635367034172198,0.133326364169188,0.0679820604347046,0.0220442656356142,0.1707408271104055,0.0279577959942609,0.031901087982195,0.0270591807738737,0.7059275176024828,0.024072564642976,0.422349087987542,1.0003907902384983,0.0254939128063479,0.0269371994217328,-0.0016519354445078,-0.0020377071122896,954.0,0.0,0.94846037932697,0.7238608299275159,0.7993279845126658,0.5772159096845825,0.8292736450386092,0.1824579385583431,0.4949754415923402,0.0307102032231229,0.5559261811623837,0.3422863821022595,0.5610174130662167,0.8796933787477823,0.4106489264114674,0.5499795859778199,100000,30,14,0.1,1.0,0.1,0,13,0.001,1e-06,0.001,1e-07,1.0,1e-08,adamax,0,0.0,disordered,1,0.1968035405008541,0 days 16:22:05.799689,0.0016519692273091,4.352207552735405,4.5238702817976435
462,462,462,462,0.4606028844202396,0.4606028844202396,0.4606028844202396,0.4606028844202396,0.4606028844202396,0.4606028844202396,0.4606028844202396,0.4606028844202396,0.4606028844202396,0.4606028844202396,0.4606028844202396,0.4606028844202396,0.4606028844202396,0.4606028844202396,0.1481604996259862,0.1882691425859909,0.1467044878210504,0.1383695112983899,0.1402687319840735,0.3327597860384113,0.1310761385390495,0.1652535950888415,0.1709559671463462,0.1457939681717516,0.1963557905061185,0.1589379920181381,0.4161173365114515,1.000195438963313,-0.0009016419689835,-0.0010135424128883,602.0,0.0,0.9689473897851733,0.5954372978747997,0.8287405862232032,0.6922376858555169,0.2094855398326991,0.912147161894554,0.3568262177660414,0.8605238094723328,0.4425097807410589,0.2308153889397943,0.6383828055845041,0.2149365920676201,0.7170929543484147,0.0382721564930921,100000,30,14,0.1,1.0,0.1,0,13,0.001,1e-06,0.001,1e-07,1.0,1e-08,adamax,0,0.0,disordered,1,0.4653128432963595,0 days 16:22:05.799689,0.0009016654474137,4.272942808307053,4.45290171297759
463,463,463,463,0.1805148879221106,0.1805148879221106,0.1805148879221106,0.1805148879221106,0.1805148879221106,0.1805148879221106,0.1805148879221106,0.1805148879221106,0.1805148879221106,0.1805148879221106,0.1805148879221106,0.1805148879221106,0.1805148879221106,0.1805148879221106,0.3332328207653654,0.0474416307222024,0.0242940250449329,0.1089747751141502,0.0402802054961478,0.8755807358548282,1.0002017188013037,0.0238581786428084,0.5219431815665335,0.03519227088656,0.2053993744169452,0.3235995735513959,0.0287209784089594,0.0303409280756574,-0.0017732837343501,-0.0022322418006753,880.0,0.0,0.611052740909999,0.7159519504986597,0.2118838639127801,0.0619827034560982,0.6217425091831704,0.9309771452304636,0.9341961561942752,0.2259293280256683,0.9716073837283172,0.1805259932093457,0.5118952807761564,0.1622673967404834,0.7843540589756772,0.9249483996337976,100000,30,14,0.1,1.0,0.1,0,13,0.001,1e-06,0.001,1e-07,1.0,1e-08,adamax,0,0.0,disordered,1,0.1778324740309787,0 days 16:22:05.799689,0.0017733662302005,5.17774044977306,4.6268514808424115
464,464,464,464,0.4180637241455752,0.4180637241455752,0.4180637241455752,0.4180637241455752,0.4180637241455752,0.4180637241455752,0.4180637241455752,0.4180637241455752,0.4180637241455752,0.4180637241455752,0.4180637241455752,0.4180637241455752,0.4180637241455752,0.4180637241455752,1.001286150764147,0.1799293330811139,0.1901563428588788,0.1939045984550559,0.1816947382639321,0.1712754350578869,0.1805623811034419,0.1862203269934276,0.2130598589786307,0.1717071781503433,0.1843663997307871,0.3307705158414069,0.2124708320721399,0.9147142488088396,-0.0009498514932056,-0.0010436385049571,386.0,0.0,0.3250931386447635,0.9570939944796322,0.6635124999438109,0.7447943786234758,0.783264534760222,0.9531045323910884,0.6652341680328955,0.6735322110750197,0.2612303671090115,0.9169811408885524,0.767613593028924,0.9427565484656782,0.6347199997473488,0.2315094509847051,100000,30,14,0.1,1.0,0.1,0,13,0.001,1e-06,0.001,1e-07,1.0,1e-08,adamax,0,0.0,disordered,1,0.4166820662778159,0 days 16:22:05.799689,0.0009498542449892,3.9927396154967445,4.212285078148132
465,465,465,465,0.2747120789270809,0.2747120789270809,0.2747120789270809,0.2747120789270809,0.2747120789270809,0.2747120789270809,0.2747120789270809,0.2747120789270809,0.2747120789270809,0.2747120789270809,0.2747120789270809,0.2747120789270809,0.2747120789270809,0.2747120789270809,0.3155359905320514,0.1049700083189212,0.0754080681365371,0.0771961289104507,1.001507474949881,0.9901177634075998,0.3750486025328466,0.0753173674981041,0.9962683455654514,0.0745255057656243,0.9633282708490752,0.081663505944923,0.0784518485867314,0.0836418765439976,-0.0012638455576255,-0.0015990301875368,564.0,0.0,0.6401103577224783,0.5542339147619917,0.1795973753097524,0.3079704767958291,0.9726115279750064,0.9857305991282788,0.5363248091741699,0.3783446423726526,0.7197516297314767,0.036213677392095,0.932243884320458,0.4399368149177408,0.0794163814674309,0.40555441020504,100000,30,14,0.1,1.0,0.1,0,13,0.001,1e-06,0.001,1e-07,1.0,1e-08,adamax,0,0.0,disordered,1,0.2744166938692239,0 days 16:22:05.799689,0.0012638459041251,4.857644935970967,4.568324292325871
466,466,466,466,0.333461801578636,0.333461801578636,0.333461801578636,0.333461801578636,0.333461801578636,0.333461801578636,0.333461801578636,0.333461801578636,0.333461801578636,0.333461801578636,0.333461801578636,0.333461801578636,0.333461801578636,0.333461801578636,0.1144724816153281,0.1557676951437145,0.5658331071373167,0.1290887876883435,0.1194667779820344,0.1182393632915663,0.1264221488220578,0.1079980169364975,0.1085115925478724,0.4991696692029243,0.1086175814501879,1.0011104527935628,0.111974050738504,0.5628282606493372,-0.0011098511741916,-0.0012729492408711,487.0,0.0,0.7535038051096001,0.0207114494316059,0.884449415224412,0.3659317378327873,0.4805421139191279,0.3210878811686749,0.5938513618701763,0.3510986054430343,0.3252701678987393,0.5307817572333539,0.4017467626336386,0.8754282879263902,0.3399135155014511,0.1219967649325748,100000,30,14,0.1,1.0,0.1,0,13,0.001,1e-06,0.001,1e-07,1.0,1e-08,adamax,0,0.0,disordered,1,0.3326704755795509,0 days 16:22:05.799689,0.0011098524690645,4.330556591956227,4.420500708814995
467,467,467,467,0.293044697697214,0.293044697697214,0.293044697697214,0.293044697697214,0.293044697697214,0.293044697697214,0.293044697697214,0.293044697697214,0.293044697697214,0.293044697697214,0.293044697697214,0.293044697697214,0.293044697697214,0.293044697697214,0.3806521812796001,0.097480825359566,0.5800785037954579,0.1004147838012119,0.1002796324154279,0.1534014524146537,0.0968765744487437,1.0014629968575874,0.3175835287494766,0.0871054715860657,0.7585708862552722,0.0872731208882214,0.5728359276545888,0.0971058349654711,-0.001195611025977,-0.0013497273798058,533.0,0.0,0.6844124728294719,0.7656238079934107,0.9357182280643452,0.3785782428326139,0.4500410733922475,0.7323904836767086,0.4323759369894736,0.997333263634656,0.4788416453159176,0.1743981069484947,0.7898416265271901,0.1077383139157749,0.3481506382928307,0.1701513762409409,100000,30,14,0.1,1.0,0.1,0,13,0.001,1e-06,0.001,1e-07,1.0,1e-08,adamax,0,0.0,disordered,1,0.293885786856876,0 days 16:22:05.799689,0.0011956128405604,4.161144254662319,4.259251429778428
468,468,468,468,0.5074705239490462,0.5074705239490462,0.5074705239490462,0.5074705239490462,0.5074705239490462,0.5074705239490462,0.5074705239490462,0.5074705239490462,0.5074705239490462,0.5074705239490462,0.5074705239490462,0.5074705239490462,0.5074705239490462,0.5074705239490462,0.3633194671336739,0.2756016625596884,0.2773573379318511,0.2832487480409967,0.2609576989028306,0.2596659231079092,0.2702684885127075,0.2727896517938086,0.2828842434697246,0.2578027940705651,0.2874730990797207,0.2715535176661296,0.3557399179369698,1.0000064242975435,-0.0008653379839298,-0.0009501812038613,304.0,0.0,0.7757959821721804,0.8301941523456482,0.7582397994422655,0.4289524364828488,0.7691271824860798,0.9039511764714248,0.3251454595275054,0.3428740624450832,0.8490603890323176,0.8526164186120888,0.3328486249724705,0.6043831837469494,0.612578139419939,0.0193470996025,100000,30,14,0.1,1.0,0.1,0,13,0.001,1e-06,0.001,1e-07,1.0,1e-08,adamax,0,0.0,disordered,1,0.511437781742546,0 days 16:22:05.799689,0.0008653543098707,4.178943997559007,4.396001365972976
469,469,469,469,0.1487115462808952,0.1487115462808952,0.1487115462808952,0.1487115462808952,0.1487115462808952,0.1487115462808952,0.1487115462808952,0.1487115462808952,0.1487115462808952,0.1487115462808952,0.1487115462808952,0.1487115462808952,0.1487115462808952,0.1487115462808952,0.8401483857253677,0.1731011418740499,0.0922813344595021,0.0651079197856111,0.9979211181386584,0.0224318001125455,0.0224625165921977,1.0006586841724,0.0213112205429168,0.0211920408704508,0.0229666512699814,0.0829260793757208,0.0217121441898075,0.021772454277249,-0.0021413057057125,-0.003195357795923,844.0,0.0,0.6006280752352846,0.8903333259631713,0.8066317800062854,0.8089966562835611,0.9042228764309372,0.6204607735670469,0.7999703511396332,0.9618006717537834,0.8295202203668057,0.5833916105782465,0.3838079132101871,0.5712908858330356,0.8307995595244446,0.9612150719551013,100000,30,14,0.1,1.0,0.1,0,13,0.001,1e-06,0.001,1e-07,1.0,1e-08,adamax,0,0.0,disordered,1,0.1490137176491523,0 days 16:22:05.799689,0.0021413076774857,4.34807211675948,3.9178208352228405
470,470,470,470,0.2054117348353062,0.2054117348353062,0.2054117348353062,0.2054117348353062,0.2054117348353062,0.2054117348353062,0.2054117348353062,0.2054117348353062,0.2054117348353062,0.2054117348353062,0.2054117348353062,0.2054117348353062,0.2054117348353062,0.2054117348353062,0.9917752827269444,0.2593283367095471,0.2351542442244184,0.2727132252138184,0.4537103213770092,0.1036104873732387,0.0482344444753775,1.0009252906711468,0.0537073888907525,0.1079881935495692,0.0415778719848865,0.0446993482254985,0.0520402898794227,0.0415989461947935,-0.0017635178928307,-0.0024463269716282,694.0,0.0,0.1134189103284313,0.6613838492327665,0.511619679349615,0.2714923664224742,0.2136416835277221,0.8275259093638383,0.200139584778804,0.9101343372566626,0.6604556518811057,0.1525878356365041,0.7663455601744278,0.515517514652494,0.5510879252588513,0.8401864161336767,100000,30,14,0.1,1.0,0.1,0,13,0.001,1e-06,0.001,1e-07,1.0,1e-08,adamax,0,0.0,disordered,1,0.2051376141598814,0 days 16:22:05.799689,0.0017635187185483,4.256114215132776,4.186288582907538
471,471,471,471,0.0642118570906475,0.0642118570906475,0.0642118570906475,0.0642118570906475,0.0642118570906475,0.0642118570906475,0.0642118570906475,0.0642118570906475,0.0642118570906475,0.0642118570906475,0.0642118570906475,0.0642118570906475,0.0642118570906475,0.0642118570906475,0.2787200009995177,0.0068431609835621,0.1028800503366185,0.0041561815308936,0.0031816595466849,0.0033785734356761,0.0045439170764348,0.0046943689023048,1.001833639286821,0.0116028482686874,0.0281626870570014,0.0040993065086596,0.0064626239103572,0.0034627884343465,-0.0026906447446582,-0.0034768910461282,1349.0,0.0,0.9832707906142746,0.3785156827981006,0.7076544827488199,0.1022333037490238,0.5197494226281969,0.5291639677835814,0.0651680539246426,0.4326658494441967,0.7477214808329589,0.0415203886572235,0.3082301782543825,0.6695332716826221,0.1067439486104169,0.7653430476356345,100000,30,14,0.1,1.0,0.1,0,13,0.001,1e-06,0.001,1e-07,1.0,1e-08,adamax,0,0.0,disordered,1,0.064236511168683,0 days 16:22:05.799689,0.0026906447644878,5.285070767648662,5.251710103898698
472,472,472,472,0.293044697697214,0.293044697697214,0.293044697697214,0.293044697697214,0.293044697697214,0.293044697697214,0.293044697697214,0.293044697697214,0.293044697697214,0.293044697697214,0.293044697697214,0.293044697697214,0.293044697697214,0.293044697697214,0.9436265230159442,0.0918478020269478,0.0794575573865863,0.0789198530410664,0.2126354953856061,0.0781526942909174,0.0820640389409791,0.4664741845324446,0.0934045191803784,0.0786258719466911,0.0788050400673261,1.0017114172561636,0.0814692314510089,0.5658462148570965,-0.00117803168128,-0.0013792374394334,573.0,0.0,0.48335678231004,0.9538660734393776,0.6655232238474952,0.5337098078251732,0.8954074480770938,0.5556327142270704,0.2938797875126948,0.5974436725345941,0.2220825223964715,0.4353408804784706,0.4040848938534501,0.9913303664418236,0.5350648043294486,0.287325165296365,100000,30,14,0.1,1.0,0.1,0,13,0.001,1e-06,0.001,1e-07,1.0,1e-08,adamax,0,0.0,disordered,1,0.2894583959156409,0 days 16:22:05.799689,0.0011780675474897,4.1615870360391245,4.308019922213671
473,473,473,473,0.636219849265748,0.636219849265748,0.636219849265748,0.636219849265748,0.636219849265748,0.636219849265748,0.636219849265748,0.636219849265748,0.636219849265748,0.636219849265748,0.636219849265748,0.636219849265748,0.636219849265748,0.636219849265748,0.9557311183959932,0.3532457767170961,0.363619653336446,0.3936527884639471,0.3944505927337587,0.3975108458221735,0.3490475519610172,0.4211510844977768,0.3500638848692031,0.3793395253669596,0.3778293445453035,0.3660110560331757,0.7490210693903868,1.0008882966861083,-0.0007185783529253,-0.0007720292681462,259.0,0.0,0.227208811035703,0.8099932472644429,0.6398552318280012,0.017649013256303,0.4384305703962955,0.0762581180983065,0.7626735129249078,0.9429005317870662,0.8331578081899642,0.2297328470451939,0.1824511171909563,0.8152830421548504,0.9824978494635512,0.045682581879779,100000,30,14,0.1,1.0,0.1,0,13,0.001,1e-06,0.001,1e-07,1.0,1e-08,adamax,0,0.0,disordered,1,0.6381931996659066,0 days 16:22:05.799689,0.0007185802129811,4.464972618216986,4.565264098423842
474,474,474,474,0.3026648059395688,0.3026648059395688,0.3026648059395688,0.3026648059395688,0.3026648059395688,0.3026648059395688,0.3026648059395688,0.3026648059395688,0.3026648059395688,0.3026648059395688,0.3026648059395688,0.3026648059395688,0.3026648059395688,0.3026648059395688,0.9871205028134414,0.4679785072038488,0.2272198255803753,0.5756064399744272,0.0920094016424921,0.091719322127667,0.0923555192944268,0.9703819981578128,0.9942184035034444,1.0016673717379965,0.0911355892533579,0.1134736322187135,0.1857963542156754,0.0912365315522137,-0.0012374386282973,-0.0015378419525363,524.0,0.0,0.0297055075117408,0.7880443009910753,0.6335761005478986,0.9954823477217928,0.5908038900795639,0.504091039947238,0.585749840969166,0.7859673465687607,0.8966419485301785,0.8877530763171715,0.6495093358546089,0.2756785190071861,0.125313626254127,0.6423771529559005,100000,30,14,0.1,1.0,0.1,0,13,0.001,1e-06,0.001,1e-07,1.0,1e-08,adamax,0,0.0,disordered,1,0.3004273649604119,0 days 16:22:05.799689,0.0012374533220384,4.418055009520071,4.168343467371333
475,475,475,475,0.0707455942281987,0.0707455942281987,0.0707455942281987,0.0707455942281987,0.0707455942281987,0.0707455942281987,0.0707455942281987,0.0707455942281987,0.0707455942281987,0.0707455942281987,0.0707455942281987,0.0707455942281987,0.0707455942281987,0.0707455942281987,0.1637118613905541,0.4111456402009711,0.1090566220030623,0.4370734230934789,0.9440695952848194,0.1740128351329598,0.0016263528408467,0.0020117907478759,1.0004962394534729,0.004410635050651,0.0140421526135256,0.0037846356784661,0.0008070212531819,0.0023596768638773,-0.0022742349400771,-0.0029054029747606,2037.0,0.0,0.6335269532300448,0.1719776490818899,0.4518391453404771,0.6588474862879887,0.5042821259867678,0.6532390926501225,0.5768875722729377,0.0416900765071364,0.723311173346102,0.3289032918027161,0.5453892167226538,0.5971099951134881,0.110834846136107,0.7380194302582523,100000,30,14,0.1,1.0,0.1,0,13,0.001,1e-06,0.001,1e-07,1.0,1e-08,adamax,0,0.0,disordered,1,0.0717547940807254,0 days 16:22:05.799689,0.0022742830144456,4.331425358891293,3.6650588556024997
476,476,476,476,0.1747772774464679,0.1747772774464679,0.1747772774464679,0.1747772774464679,0.1747772774464679,0.1747772774464679,0.1747772774464679,0.1747772774464679,0.1747772774464679,0.1747772774464679,0.1747772774464679,0.1747772774464679,0.1747772774464679,0.1747772774464679,0.1247615100139763,0.1976457778948206,0.3404287725934509,0.1348049817405187,1.0016479844315844,0.9921724468212302,0.0301471882625353,0.0342828563692652,0.032963259717302,0.030055064487256,0.9976391279323062,0.1533460017709932,0.0307681394873585,0.0298792376687955,-0.0017655072467819,-0.0024533754525316,768.0,0.0,0.5277299271803014,0.1934376134698414,0.2224961321262528,0.6047115082074426,0.8296051770624642,0.8393472699579823,0.4723661452608118,0.2717279477864255,0.4110530749349694,0.565165363685975,0.7654892320687915,0.0296768849410256,0.5507364630799796,0.6648035290204319,100000,30,14,0.1,1.0,0.1,0,13,0.001,1e-06,0.001,1e-07,1.0,1e-08,adamax,0,0.0,disordered,1,0.1764217238468421,0 days 16:22:05.799689,0.0017655393065292,4.459224996350672,4.316220777009057
477,477,477,477,0.1988827856988807,0.1988827856988807,0.1988827856988807,0.1988827856988807,0.1988827856988807,0.1988827856988807,0.1988827856988807,0.1988827856988807,0.1988827856988807,0.1988827856988807,0.1988827856988807,0.1988827856988807,0.1988827856988807,0.1988827856988807,1.00093797001726,0.5377261265229719,0.5166076798794502,0.0445709195485664,0.0420434894022551,0.1806241590350616,0.0397187909080408,0.0437921626034654,0.098034732427556,0.573357048646976,0.0402150370713979,0.0397952273316531,0.0408661186395826,0.0473367054293214,-0.0016975930001564,-0.0026822609261975,701.0,0.0,0.0635194433960808,0.9710019240067054,0.9586148880399042,0.8811171402137306,0.9340565315351976,0.1543116510132697,0.91476950145053,0.3206445039886734,0.3680448975394689,0.0570102798293582,0.9117818509520296,0.6678102127778354,0.9257303922016116,0.9967091365744394,100000,30,14,0.1,1.0,0.1,0,13,0.001,1e-06,0.001,1e-07,1.0,1e-08,adamax,0,0.0,disordered,1,0.1994484833085752,0 days 16:22:05.799689,0.0016975965073784,4.411963042595836,4.531758372532188
478,478,478,478,0.1076624177045491,0.1076624177045491,0.1076624177045491,0.1076624177045491,0.1076624177045491,0.1076624177045491,0.1076624177045491,0.1076624177045491,0.1076624177045491,0.1076624177045491,0.1076624177045491,0.1076624177045491,0.1076624177045491,0.1076624177045491,0.2328925184501239,0.1374151491631214,0.0181154036588818,0.0202007275052769,0.0133594331238756,0.0122203114156085,0.0115790232513594,1.0006250191503463,0.0149688633758651,0.0095045013448535,0.1205130338306697,0.0867356257135977,0.0090328078571921,0.0137744179611744,-0.0026112954126476,-0.0035203593420446,1143.0,0.0,0.7276574086150226,0.6076554441091927,0.5893780240157389,0.1648353102803886,0.4629891089131613,0.583618148676928,0.4355700635292643,0.8751741300829584,0.4634621203921272,0.0521836271140349,0.2155594829923628,0.5507842473788678,0.7381211427953985,0.9003861066310234,100000,30,14,0.1,1.0,0.1,0,13,0.001,1e-06,0.001,1e-07,1.0,1e-08,adamax,0,0.0,disordered,1,0.1092110706712027,0 days 16:22:05.799689,0.0026114229805909,5.144528269468324,4.548073364341168
479,479,479,479,0.2575263326771198,0.2575263326771198,0.2575263326771198,0.2575263326771198,0.2575263326771198,0.2575263326771198,0.2575263326771198,0.2575263326771198,0.2575263326771198,0.2575263326771198,0.2575263326771198,0.2575263326771198,0.2575263326771198,0.2575263326771198,0.6622064286839365,0.0989038514110661,0.0863789472417866,0.0670991958269229,0.0685092710702502,1.0014109013770849,0.0790393235713804,0.093463538095248,0.941342616489206,0.0937698175549594,0.065587614083331,0.9979387867089254,0.0913270000159276,0.0674791714605599,-0.0014558118192578,-0.0018496207680691,594.0,0.0,0.4219288870183579,0.6855546267882231,0.1129076892846582,0.4104489677651973,0.3403920197759168,0.9956131637009316,0.1473893533062931,0.6220181427824593,0.7300002064539245,0.0095053242159526,0.5051712455122496,0.857957248671211,0.2917551338064261,0.6353918915111868,100000,30,14,0.1,1.0,0.1,0,13,0.001,1e-06,0.001,1e-07,1.0,1e-08,adamax,0,0.0,disordered,1,0.2602687360488677,0 days 16:22:05.799689,0.0014558539968035,4.861289125602004,4.521969229137048
480,480,480,480,0.2659804395593755,0.2659804395593755,0.2659804395593755,0.2659804395593755,0.2659804395593755,0.2659804395593755,0.2659804395593755,0.2659804395593755,0.2659804395593755,0.2659804395593755,0.2659804395593755,0.2659804395593755,0.2659804395593755,0.2659804395593755,0.7719574628649747,0.0541497687478574,0.0703005618717606,0.0463346864984092,0.0457668037042104,1.0011271487735585,0.0488370366458484,0.076322455247036,0.4004767555386171,0.5694702080911475,0.0543018703286003,0.7315892064868632,0.0625560117829653,0.3647256174696189,-0.0012024097475412,-0.0013142748505353,763.0,0.0,0.5951007269527597,0.9468568349758252,0.8633591614689379,0.2465916182867703,0.2695300873902642,0.7060316608530176,0.9642509203783942,0.1770099083113445,0.9478239686531252,0.8168138221565596,0.2750173528237055,0.5476243956447867,0.353720758133715,0.2131645558275922,100000,30,14,0.1,1.0,0.1,0,13,0.001,1e-06,0.001,1e-07,1.0,1e-08,adamax,0,0.0,disordered,1,0.2691318999563791,0 days 16:22:05.799689,0.0012024450202431,4.376176873273595,4.2717956686066065
481,481,481,481,0.2747120789270809,0.2747120789270809,0.2747120789270809,0.2747120789270809,0.2747120789270809,0.2747120789270809,0.2747120789270809,0.2747120789270809,0.2747120789270809,0.2747120789270809,0.2747120789270809,0.2747120789270809,0.2747120789270809,0.2747120789270809,0.0777390515873155,0.076415660469319,0.0766789709751567,0.9926322080234696,0.995405179744291,0.0746004121914155,0.9948559823441356,0.9998239437878784,1.0014594743143743,0.992932680662629,0.0761410197883446,0.0815575602140739,0.0744146286043639,0.074873634048616,-0.0013485417794982,-0.0018878288612882,566.0,0.0,0.4496892910022579,0.1941640163635237,0.197806305739161,0.5523239723921913,0.6868936134277752,0.1168678796749367,0.6305341008900484,0.9442780485427122,0.820291655843992,0.7864029540750304,0.2136639618852334,0.0726748329760627,0.3587839320563097,0.4440377020086732,100000,30,14,0.1,1.0,0.1,0,13,0.001,1e-06,0.001,1e-07,1.0,1e-08,adamax,0,0.0,disordered,1,0.2759976246865566,0 days 16:22:05.799689,0.0013485489706455,5.71240272962607,4.521525554831923
482,482,482,482,0.2191196687578146,0.2191196687578146,0.2191196687578146,0.2191196687578146,0.2191196687578146,0.2191196687578146,0.2191196687578146,0.2191196687578146,0.2191196687578146,0.2191196687578146,0.2191196687578146,0.2191196687578146,0.2191196687578146,0.2191196687578146,0.6346690213148803,0.3386541917740424,0.2480384533357509,0.1900099893928553,0.0875104160642359,0.0939078631468475,0.3148597768995972,0.2473424907844619,0.0672897700734326,0.1176849529758927,0.1290305167572036,0.0475144672640387,1.0018986883204857,0.0470492915764033,-0.0017145531028703,-0.0020338385941602,668.0,0.0,0.2223669460289881,0.1908386402129033,0.218001267674638,0.1763651978655306,0.0277731718540701,0.0501644091834531,0.0863338131520763,0.6271419110834364,0.0875500394485959,0.1176320751524456,0.3779452896418467,0.5948226405472429,0.8036138002060478,0.7352606645859322,100000,30,14,0.1,1.0,0.1,0,13,0.001,1e-06,0.001,1e-07,1.0,1e-08,adamax,0,0.0,disordered,1,0.2184246630024916,0 days 16:22:05.799689,0.0017145570966319,4.289034066343602,4.259281134554402
483,483,483,483,0.3794532847236935,0.3794532847236935,0.3794532847236935,0.3794532847236935,0.3794532847236935,0.3794532847236935,0.3794532847236935,0.3794532847236935,0.3794532847236935,0.3794532847236935,0.3794532847236935,0.3794532847236935,0.3794532847236935,0.3794532847236935,0.1652885848998931,0.1883345076410237,0.3495855459016275,0.5924663332009691,0.1609664429015841,0.154137306183159,0.4089475449226397,0.1707876591568561,0.1847281254711048,0.1430619069072046,1.000123465698247,0.7043730436448326,0.1587821355330178,0.7050894565471294,-0.0010052898354453,-0.0010661859879215,430.0,0.0,0.4934439520483571,0.1431064936869048,0.156081656727169,0.9814560319929372,0.304566495710329,0.3989439692344283,0.8077456768759435,0.1927234222622385,0.0435540663814499,0.6470496030580708,0.9484371236940884,0.9481402693550064,0.6728667576661967,0.2990382545061506,100000,30,14,0.1,1.0,0.1,0,13,0.001,1e-06,0.001,1e-07,1.0,1e-08,adamax,0,0.0,disordered,1,0.3787425921397041,0 days 16:22:05.799689,0.0010052907965684,4.543800947788728,4.522633432807693
484,484,484,484,0.2191196687578146,0.2191196687578146,0.2191196687578146,0.2191196687578146,0.2191196687578146,0.2191196687578146,0.2191196687578146,0.2191196687578146,0.2191196687578146,0.2191196687578146,0.2191196687578146,0.2191196687578146,0.2191196687578146,0.2191196687578146,1.0006549438867531,0.3194859577545814,0.2763046892721693,0.2223850187135533,0.3144604162824435,0.0697018348058944,0.0545726569304834,0.0602937179552027,0.0641073938218042,0.0516097197744119,0.0637827411435009,0.0666113696268869,0.1022912358380608,0.2609178308188191,-0.0015654797090896,-0.0017744061328747,678.0,0.0,0.1918364773974171,0.7853665333884081,0.434363328762075,0.5754519374839276,0.9979295878921464,0.3199679736598728,0.8226329452875503,0.3784644322386374,0.4059054775552967,0.8851250306522629,0.1953081352226892,0.9117626652258984,0.4132759758515169,0.8304377672119678,100000,30,14,0.1,1.0,0.1,0,13,0.001,1e-06,0.001,1e-07,1.0,1e-08,adamax,0,0.0,disordered,1,0.2189580227923358,0 days 16:22:05.799689,0.0015654796984767,4.107394682263435,4.215623034338851
485,485,485,485,0.2659804395593755,0.2659804395593755,0.2659804395593755,0.2659804395593755,0.2659804395593755,0.2659804395593755,0.2659804395593755,0.2659804395593755,0.2659804395593755,0.2659804395593755,0.2659804395593755,0.2659804395593755,0.2659804395593755,0.2659804395593755,0.4619336937076133,0.0897450728305777,0.0740054342676923,0.0906494119666921,0.0847046840033169,0.0865622195693619,0.0913639684587438,1.0003346477656587,0.0713132079160805,0.7252504385044879,0.070984167319678,0.3126566260624074,0.3303305236720035,0.2352097566544002,-0.0012994180717911,-0.0013951654025928,580.0,0.0,0.6998735851015533,0.7918778705206366,0.3101849875848828,0.3667031024339268,0.8161988220258045,0.2888561164844176,0.7769947382966724,0.9232666243885602,0.7349943217003136,0.8162167619799395,0.3930944022898853,0.7225771059152559,0.063718657056387,0.5505835569677612,100000,30,14,0.1,1.0,0.1,0,13,0.001,1e-06,0.001,1e-07,1.0,1e-08,adamax,0,0.0,disordered,1,0.2674615977671271,0 days 16:22:05.799689,0.0012994258976821,4.207340298309911,4.280175525626413
486,486,486,486,0.1349772330233941,0.1349772330233941,0.1349772330233941,0.1349772330233941,0.1349772330233941,0.1349772330233941,0.1349772330233941,0.1349772330233941,0.1349772330233941,0.1349772330233941,0.1349772330233941,0.1349772330233941,0.1349772330233941,0.1349772330233941,0.016760576759459,0.0111231507851619,0.0099692843771295,0.1943670597734515,0.0110012765933361,0.009774315581061,0.1249441386836918,0.0185540479444772,0.6720488080959889,1.0004869126046605,0.0097217451753222,0.0096987521159958,0.0092078224166837,0.0147567055859784,-0.0019766730879061,-0.0026649014415381,1190.0,0.0,0.8336559810010794,0.6010940351894166,0.2620968827615786,0.6080575570567971,0.0868903070972991,0.0210280386233451,0.3378509283192934,0.0184279419459325,0.629469711302448,0.6536381971354349,0.4667528057436152,0.2498547036750016,0.1350053964370809,0.5448413160577761,100000,30,14,0.1,1.0,0.1,0,13,0.001,1e-06,0.001,1e-07,1.0,1e-08,adamax,0,0.0,disordered,1,0.1356994195387517,0 days 16:22:05.799689,0.0019766820444022,5.054254192950989,4.642404340424011
487,487,487,487,0.2263129568399526,0.2263129568399526,0.2263129568399526,0.2263129568399526,0.2263129568399526,0.2263129568399526,0.2263129568399526,0.2263129568399526,0.2263129568399526,0.2263129568399526,0.2263129568399526,0.2263129568399526,0.2263129568399526,0.2263129568399526,0.070808511446312,0.0836692556466485,0.0489769230067333,0.097449379766266,0.0866975626935978,0.0495736623737282,0.0534905863157941,0.0508654366558695,1.0009485413499837,0.0734477662248649,0.0760008530305438,0.0586110577624337,0.2196354859120192,0.4457344351394908,-0.0013885159399203,-0.0015457221281507,662.0,0.0,0.9478480678050574,0.7995316029322906,0.2793164973403212,0.2713162929413526,0.6246487704349741,0.8018398359351082,0.214932025961354,0.8403914731930072,0.8814739187991609,0.7463558807881249,0.0604629493748769,0.9435880119817778,0.060286811125508,0.757956619964295,100000,30,14,0.1,1.0,0.1,0,13,0.001,1e-06,0.001,1e-07,1.0,1e-08,adamax,0,0.0,disordered,1,0.2235411989703705,0 days 16:22:05.799689,0.0013885559079463,4.538057634927803,4.579829008192719
488,488,488,488,0.2837303616516209,0.2837303616516209,0.2837303616516209,0.2837303616516209,0.2837303616516209,0.2837303616516209,0.2837303616516209,0.2837303616516209,0.2837303616516209,0.2837303616516209,0.2837303616516209,0.2837303616516209,0.2837303616516209,0.2837303616516209,0.6830173521477914,0.5240801081591302,0.0819602386045825,0.7591837873844813,0.0793946191885665,0.5487819285223152,0.1749161357712396,1.0016153027258732,0.5008986915974609,0.0829252938438932,0.1881163742001363,0.9539924375567564,0.0893500535913923,0.0851260096116249,-0.0011379433616311,-0.0013520254766924,553.0,0.0,0.0259054706739989,0.6741707095078997,0.1042713187590625,0.9180442255463293,0.0778594235066407,0.5397960072421002,0.7234619934116718,0.9522219118932644,0.5553659588530595,0.0911817500354703,0.3283064611895312,0.8499098660010553,0.1863371697883865,0.2455291100789561,100000,30,14,0.1,1.0,0.1,0,13,0.001,1e-06,0.001,1e-07,1.0,1e-08,adamax,0,0.0,disordered,1,0.2824692144728992,0 days 16:22:05.799689,0.001137947184384,4.407838067324389,4.2688841582699375
489,489,489,489,0.1535934676510895,0.1535934676510895,0.1535934676510895,0.1535934676510895,0.1535934676510895,0.1535934676510895,0.1535934676510895,0.1535934676510895,0.1535934676510895,0.1535934676510895,0.1535934676510895,0.1535934676510895,0.1535934676510895,0.1535934676510895,0.7141437353904058,0.5089328151149297,0.0953869051899226,1.001772500600187,0.0238360045747735,0.0231131294896793,0.0235638389815968,0.0231278970408221,0.0301606688681236,0.0251076225154336,0.1255257231211258,0.2228280271989529,0.0640793735813718,0.0281855205745835,-0.0019654294310527,-0.0025835280832516,820.0,0.0,0.4845123476445278,0.3839785936003753,0.8230016994434164,0.957306099700518,0.6006239057409234,0.5998993339339992,0.4818467462579304,0.139246317581382,0.7173667338247759,0.0994480529753064,0.3021639007920429,0.218914641428391,0.6075218556282194,0.9707100801295322,100000,30,14,0.1,1.0,0.1,0,13,0.001,1e-06,0.001,1e-07,1.0,1e-08,adamax,0,0.0,disordered,1,0.1549308790379052,0 days 16:22:05.799689,0.0019654629487813,4.94968741698622,4.660290272811311
490,490,490,490,0.091605984754437,0.091605984754437,0.091605984754437,0.091605984754437,0.091605984754437,0.091605984754437,0.091605984754437,0.091605984754437,0.091605984754437,0.091605984754437,0.091605984754437,0.091605984754437,0.091605984754437,0.091605984754437,0.8534184202580419,4.59727671469091e-07,7.540883875812572e-07,1.0041706160320456e-07,9.998775447199465e-08,0.004749587191511,6.712859327725441e-07,0.0392326633528766,3.682801409995752e-07,5.035266262061102e-07,0.2079028846120544,0.1335478808094422,0.0667867513123169,1.1103739905767728e-06,-0.0024060588549375,-0.0029896716108014,14053.0,0.0,0.7414148181972565,0.9712627849966752,0.2552808487036372,0.8571232717081592,0.5218319854095343,0.5473900008354462,0.1761906684946234,0.9164039572439502,0.0981082511207722,0.0829976086598314,0.2538507260322744,0.6082092370758789,0.6370554126444964,0.9033157663684772,100000,30,14,0.1,1.0,0.1,0,13,0.001,1e-06,0.001,1e-07,1.0,1e-08,adamax,0,0.0,disordered,1,0.0924493651487497,0 days 16:22:05.799689,0.0024060865949867,5.154604449249135,4.7924880080624295
491,491,491,491,0.2414157116103016,0.2414157116103016,0.2414157116103016,0.2414157116103016,0.2414157116103016,0.2414157116103016,0.2414157116103016,0.2414157116103016,0.2414157116103016,0.2414157116103016,0.2414157116103016,0.2414157116103016,0.2414157116103016,0.2414157116103016,0.8912067074309366,0.3312497625527358,0.2653775079592557,0.2405061665314277,0.224392528485004,0.999364047106042,1.0020868588919365,0.0604907543638621,0.0567523197031335,0.7264044101800547,0.0629642243010017,0.0930411981679625,0.2470694297848558,0.0584785330504387,-0.001384519932661,-0.0016923188699878,628.0,0.0,0.0528151141464379,0.2613066359563056,0.2904027620856861,0.262278749857468,0.473104382460083,0.8973398063717223,0.7989211681934247,0.6638195532130509,0.488377747487389,0.8135692622783337,0.5379839630770181,0.1104495427930714,0.1264396807421358,0.7977479887152323,100000,30,14,0.1,1.0,0.1,0,13,0.001,1e-06,0.001,1e-07,1.0,1e-08,adamax,0,0.0,disordered,1,0.2431218596474248,0 days 16:22:05.799689,0.001384533829251,4.496793951299535,4.181291924615697
492,492,492,492,0.1925613572129196,0.1925613572129196,0.1925613572129196,0.1925613572129196,0.1925613572129196,0.1925613572129196,0.1925613572129196,0.1925613572129196,0.1925613572129196,0.1925613572129196,0.1925613572129196,0.1925613572129196,0.1925613572129196,0.1925613572129196,0.2239440479103734,0.6671989757717343,0.1414173254161081,0.0397706568570561,0.0728418247620795,0.0364349144300644,0.0356625880719382,1.001154563117694,0.0393638234082547,0.0517385503219953,0.0821640357584923,0.921680511056114,0.0375461390200573,0.0361440771177242,-0.0016951970498378,-0.0021667746349118,731.0,0.0,0.5954979052319928,0.166263893456239,0.7399059061950867,0.4070102862103428,0.0027837520623581,0.4800540512740539,0.1838739253177571,0.6594825963202536,0.3054598881441087,0.1489858622914508,0.0838564235858635,0.8363633791307626,0.4693562082477407,0.5185149607419649,100000,30,14,0.1,1.0,0.1,0,13,0.001,1e-06,0.001,1e-07,1.0,1e-08,adamax,0,0.0,disordered,1,0.192911862226736,0 days 16:22:05.799689,0.0016951984115835,4.7971699650710855,4.543566134992373
493,493,493,493,0.0754667263084388,0.0754667263084388,0.0754667263084388,0.0754667263084388,0.0754667263084388,0.0754667263084388,0.0754667263084388,0.0754667263084388,0.0754667263084388,0.0754667263084388,0.0754667263084388,0.0754667263084388,0.0754667263084388,0.0754667263084388,1.3442921360628925e-06,1.4745851242474618e-06,8.609169723993859e-07,0.0535088973161849,8.295339364848689e-07,1.2293983563040628e-06,1.0718185697453348e-05,0.3011357289349933,0.1054554767936853,2.559642126666676e-06,0.046183227101773,3.455859719368207e-05,0.1824346405509272,2.032113685467316e-06,-0.0025663678925664,-0.0029933881202634,9605.0,1.0,0.8422931764199684,0.5671767561321978,0.2667935938564588,0.6104303144817262,0.2159695678833503,0.6050942070458719,0.0064270595950866,0.9121115910033064,0.0205776342880394,0.4778732174795674,0.2823153666397295,0.5462471830810489,0.4537867542021065,0.9775336955291146,100000,30,14,0.1,1.0,0.1,0,13,0.001,1e-06,0.001,1e-07,1.0,1e-08,adamax,0,0.0,disordered,1,0.0760513089865376,0 days 16:22:05.799689,0.0025663958841343,5.638661464721978,5.1722080918188835
494,494,494,494,0.2575263326771198,0.2575263326771198,0.2575263326771198,0.2575263326771198,0.2575263326771198,0.2575263326771198,0.2575263326771198,0.2575263326771198,0.2575263326771198,0.2575263326771198,0.2575263326771198,0.2575263326771198,0.2575263326771198,0.2575263326771198,0.0656472191402816,0.0669183654694561,0.0663477404307398,0.0693261879418077,1.0015821755383172,0.9846683463086032,0.071878879115541,0.7444825045160733,0.3533840441197234,0.0731138703852521,0.0653818285935648,0.9110968394255926,0.0873942140560593,0.0680617180250154,-0.0014174766988385,-0.0016894608185967,595.0,0.0,0.9808248663002128,0.7298826695138971,0.0604322282087121,0.4083714868161339,0.990727279346154,0.9591844804702008,0.4728815671076004,0.9749339241851585,0.7619154420895458,0.4615112616872572,0.5258420467164534,0.7811712886888529,0.2923436145323466,0.5571138638545272,100000,30,14,0.1,1.0,0.1,0,13,0.001,1e-06,0.001,1e-07,1.0,1e-08,adamax,0,0.0,disordered,1,0.2538137779538744,0 days 16:22:05.799689,0.0014175469759572,4.771046718240464,4.405061852292398
495,495,495,495,0.1692220351641035,0.1692220351641035,0.1692220351641035,0.1692220351641035,0.1692220351641035,0.1692220351641035,0.1692220351641035,0.1692220351641035,0.1692220351641035,0.1692220351641035,0.1692220351641035,0.1692220351641035,0.1692220351641035,0.1692220351641035,0.25755396069497,0.6989984657219318,0.1340906921509711,0.0701817125622189,0.2421360045769796,0.0386476130988543,0.0449867896807852,0.297255849716284,1.0013752612479667,0.0290735856360886,0.0332391539177959,0.0574601088204494,0.033294284550373,0.0849938671238883,-0.0019615082842172,-0.0026024799254685,777.0,0.0,0.8016826591964474,0.0602663633083907,0.7307312442200351,0.396838880696577,0.2566548142486043,0.8296946271688208,0.4232138542919427,0.0171094775073709,0.9834358326694204,0.8565635298019009,0.4890810960332049,0.5569072260300705,0.8987663345241977,0.906412715245836,100000,30,14,0.1,1.0,0.1,0,13,0.001,1e-06,0.001,1e-07,1.0,1e-08,adamax,0,0.0,disordered,1,0.1670127466880012,0 days 16:22:05.799689,0.0019615969107659,4.445699013409438,4.543173561649979
496,496,496,496,0.2575263326771198,0.2575263326771198,0.2575263326771198,0.2575263326771198,0.2575263326771198,0.2575263326771198,0.2575263326771198,0.2575263326771198,0.2575263326771198,0.2575263326771198,0.2575263326771198,0.2575263326771198,0.2575263326771198,0.2575263326771198,1.000634089691804,0.3109794309666555,0.3106181135724734,0.0647211146013462,0.0970599980132721,0.0644248520888085,0.0769558327168184,0.064460196686829,0.0653054346775174,0.2593859739551896,0.4641750848621948,0.1553810350750358,0.070672991189168,0.0850417488175712,-0.0012698525073758,-0.0014518436101616,603.0,0.0,0.0770458059534274,0.9050629660869476,0.4076670979049688,0.692042640486587,0.445533312144539,0.685515738669372,0.4162519896812147,0.6622245314896129,0.6742238875906849,0.6550485311010852,0.4889104222555381,0.1546385997824735,0.1353466678739393,0.1804238194709215,100000,30,14,0.1,1.0,0.1,0,13,0.001,1e-06,0.001,1e-07,1.0,1e-08,adamax,0,0.0,disordered,1,0.2557924793604513,0 days 16:22:05.799689,0.0012698664601879,3.770853496252571,4.016312944050881
497,497,497,497,0.1805148879221106,0.1805148879221106,0.1805148879221106,0.1805148879221106,0.1805148879221106,0.1805148879221106,0.1805148879221106,0.1805148879221106,0.1805148879221106,0.1805148879221106,0.1805148879221106,0.1805148879221106,0.1805148879221106,0.1805148879221106,0.1371222578302197,0.1646038681765399,0.2342017643975004,1.0021957087377524,0.0324389410689474,0.0323171990776802,0.0347475921108448,1.0013496209506263,0.0621621495893481,0.0794570491374819,0.4599350334295592,0.0835107875816612,0.0357444013033864,0.0431029795528567,-0.0018023606239402,-0.002349401635944,746.0,0.0,0.52327627884049,0.4502501254348593,0.0813447158765047,0.8939327218736931,0.5102190862293348,0.4585535028934924,0.0324014716288943,0.9228680985347406,0.0944239968820747,0.1293520055150141,0.66647301487308,0.2840197664495039,0.5733118889572039,0.6427100641760164,100000,30,14,0.1,1.0,0.1,0,13,0.001,1e-06,0.001,1e-07,1.0,1e-08,adamax,0,0.0,disordered,1,0.1803196053648175,0 days 16:22:05.799689,0.0018023610684397,4.783629343340242,4.594539213590955
498,498,498,498,0.2054117348353062,0.2054117348353062,0.2054117348353062,0.2054117348353062,0.2054117348353062,0.2054117348353062,0.2054117348353062,0.2054117348353062,0.2054117348353062,0.2054117348353062,0.2054117348353062,0.2054117348353062,0.2054117348353062,0.2054117348353062,0.7928347358543173,0.5353809383791792,0.2181779086699897,0.2064743379275867,1.0013704259794534,0.0944854074642014,0.0439331657829843,0.989286319435685,0.2737473737146672,0.1141384535962405,0.0763418684329429,0.0785160936816418,0.0523579623154217,0.0773598159272235,-0.0016176826553398,-0.0019805209596045,688.0,0.0,0.297773458019765,0.2942470606164776,0.7938924584585185,0.2679994254579357,0.9621187048122276,0.7118910267544779,0.6397027219238077,0.8553582783619517,0.771710517475043,0.12102325769142,0.5835899212413443,0.4231156704571206,0.5826471613984056,0.6249784760651163,100000,30,14,0.1,1.0,0.1,0,13,0.001,1e-06,0.001,1e-07,1.0,1e-08,adamax,0,0.0,disordered,1,0.2032028298902726,0 days 16:22:05.799689,0.0016177226910045,4.150296180870183,4.079029946452815
499,499,499,499,0.4606028844202396,0.4606028844202396,0.4606028844202396,0.4606028844202396,0.4606028844202396,0.4606028844202396,0.4606028844202396,0.4606028844202396,0.4606028844202396,0.4606028844202396,0.4606028844202396,0.4606028844202396,0.4606028844202396,0.4606028844202396,0.4359523036482879,0.4852202975978232,0.2231998509762447,0.2148456181850299,0.2173562466904875,0.2370917879726829,1.0007069721922766,0.2101306400651888,0.2092628144760625,0.2189269425038496,0.239727811697155,0.2307878328737129,0.6480776166178828,0.702945938710499,-0.0008875588109586,-0.0009714207645678,341.0,0.0,0.5046686955938418,0.0983190289214767,0.668571059257282,0.6118086646396543,0.2790844186658202,0.079396401805468,0.9204801562539044,0.6937348180419278,0.5276474398503749,0.513977910887908,0.1580317932822608,0.1876942575289047,0.7972596168110705,0.0417540585017971,100000,30,14,0.1,1.0,0.1,0,13,0.001,1e-06,0.001,1e-07,1.0,1e-08,adamax,0,0.0,disordered,1,0.4614289536153259,0 days 16:22:05.799689,0.0008875594104313,4.338409010898406,4.4761554183331365
