,Unnamed: 0.2,Unnamed: 0.1,Unnamed: 0,Gamma0_1,Gamma0_2,Gamma0_3,Gamma0_4,Gamma0_5,Gamma0_6,Gamma0_7,Gamma0_8,Gamma1,Gamma2,Gamma3,Gamma4,Gamma5,Gamma6,Gamma7,Gamma8,eta0,eta,count,success,e1,e2,e3,e4,e5,e6,e7,e8,max_iter,min_iter,N,Jmax,alpha,gleak,ex,lk,rate,minGg,maxGg,minGo,maxGo,tol,optim,exfix,exval,profile,seed,Gamma,runtime,ueta,cohlength,ucohlength
0,0,0,0,0.31260072430687,0.31260072430687,0.31260072430687,0.31260072430687,0.31260072430687,0.31260072430687,0.31260072430687,0.31260072430687,0.1342056168708575,0.7830820068584552,0.1189957307866918,0.4517859948435652,0.1082669943606575,0.093987645823876,1.0006049884082284,0.1414432340560477,-0.0023387497776262,-0.0027217783410113,542.0,0.0,0.5118216247002567,0.9504636963259352,0.1441596127196337,0.948649447137244,0.3118314520104854,0.4233264489725756,0.8277025938204418,0.4091991363691613,100000,30,8,0.1,1.0,0.1,0,7,0.001,1e-06,0.001,1e-07,1.0,1e-08,adamax,0,0.0,disordered,1,0.3093971042354024,0 days 01:50:36.775576,0.0023387939853171,3.0722029457142246,2.8396142385122225
1,1,1,1,0.2493409369951876,0.2493409369951876,0.2493409369951876,0.2493409369951876,0.2493409369951876,0.2493409369951876,0.2493409369951876,0.2493409369951876,0.0772165098244561,0.1644802363099606,0.9926701098330506,0.6425093183790667,0.0614098813617877,1.0008656327224592,0.0616336745932313,0.0620678970638971,-0.0029072807432253,-0.0041397563162012,609.0,0.0,0.5495936876730595,0.0275591132430683,0.7535131086748066,0.5381433132192782,0.3297317164990921,0.7884287034284043,0.303194829291645,0.4534978894806515,100000,30,8,0.1,1.0,0.1,0,7,0.001,1e-06,0.001,1e-07,1.0,1e-08,adamax,0,0.0,disordered,1,0.2483199433752615,0 days 01:50:36.775576,0.0029072908117833,3.281342693117489,2.79895833239622
2,2,2,2,0.2414157116103016,0.2414157116103016,0.2414157116103016,0.2414157116103016,0.2414157116103016,0.2414157116103016,0.2414157116103016,0.2414157116103016,0.8772311097767364,0.410170243078241,0.3500296121918101,0.3886208091015938,0.1588135707917152,0.0013512835132094,0.371558912681999,0.0285720384367922,-0.0030274437860621,-0.0032589260344968,8307.0,1.0,0.1340416972471647,0.4031129864471292,0.2034552406761496,0.2623133404418495,0.7503646726300526,0.2804087579860399,0.485190974431635,0.9807371998012386,100000,30,8,0.1,1.0,0.1,0,7,0.001,1e-06,0.001,1e-07,1.0,1e-08,adamax,0,0.0,disordered,1,0.2393301752704533,0 days 01:50:36.775576,0.0030274975853996,2.806697760599693,2.672369455817572
3,3,3,3,0.367392478180207,0.367392478180207,0.367392478180207,0.367392478180207,0.367392478180207,0.367392478180207,0.367392478180207,0.367392478180207,0.1329888691945794,0.1171674986816559,0.0889127758030035,0.097799104555002,0.1275961923096962,1.0004508511439507,0.2148701256425887,0.6871330717980154,-0.0020297726695567,-0.0022489166751566,618.0,0.0,0.9616571936637868,0.7247899407735336,0.5412268555474342,0.2768912040453708,0.1606520087751268,0.9699254132161326,0.5160685855478787,0.1158656124707703,100000,30,8,0.1,1.0,0.1,0,7,0.001,1e-06,0.001,1e-07,1.0,1e-08,adamax,0,0.0,disordered,1,0.3696435897866111,0 days 01:50:36.775576,0.0020297898442702,2.7428495183419166,2.7855282652569926
4,4,4,4,0.4047756965997316,0.4047756965997316,0.4047756965997316,0.4047756965997316,0.4047756965997316,0.4047756965997316,0.4047756965997316,0.4047756965997316,0.1652532555256885,0.9619090673435629,0.1650596887795034,1.0002064683554126,0.2015925677453845,0.1657434692321095,0.1691410329791865,0.775861088996056,-0.002012243982897,-0.0022463550648007,395.0,0.0,0.6234897555375004,0.776683114342298,0.6130033010530405,0.9172977047909028,0.0395928766642028,0.5285892632600216,0.4593358828854037,0.0623495791498756,100000,30,8,0.1,1.0,0.1,0,7,0.001,1e-06,0.001,1e-07,1.0,1e-08,adamax,0,0.0,disordered,1,0.4073102253906312,0 days 01:50:36.775576,0.0020122643288171,2.830757197667176,2.709707184821589
5,5,5,5,0.1394082826282576,0.1394082826282576,0.1394082826282576,0.1394082826282576,0.1394082826282576,0.1394082826282576,0.1394082826282576,0.1394082826282576,0.1525644881476514,0.8514321416957793,0.0192904471954044,0.0190856753506198,1.0012590635038896,0.0188394339070162,0.0189620082693507,0.0194581084472318,-0.0042259087838489,-0.0059623150325817,865.0,0.0,0.641328169139375,0.8526328384806567,0.592941018104284,0.2600974477372232,0.8398815210314088,0.5094958815215094,0.510888884466533,0.7530302077021779,100000,30,8,0.1,1.0,0.1,0,7,0.001,1e-06,0.001,1e-07,1.0,1e-08,adamax,0,0.0,disordered,1,0.1414767947506811,0 days 01:50:36.775576,0.0042260703928016,3.007238725291036,2.6215575263187136
6,6,6,6,0.293044697697214,0.293044697697214,0.293044697697214,0.293044697697214,0.293044697697214,0.293044697697214,0.293044697697214,0.293044697697214,0.1218677937167324,1.0018489930441263,0.9878396914501132,0.9789524383310544,0.0847826201202656,0.9549628902582008,0.0855241075011348,0.1852806607334207,-0.0020800010677389,-0.0025722803109716,538.0,0.0,0.1479220357849565,0.819626719119277,0.6832869060032571,0.787096941554801,0.1916162590201352,0.80236416113453,0.1913239260572002,0.0815526173635127,100000,30,8,0.1,1.0,0.1,0,7,0.001,1e-06,0.001,1e-07,1.0,1e-08,adamax,0,0.0,disordered,1,0.292539488395317,0 days 01:50:36.775576,0.0020800018027205,3.064093658463669,2.7477437111137113
7,7,7,7,0.1925613572129196,0.1925613572129196,0.1925613572129196,0.1925613572129196,0.1925613572129196,0.1925613572129196,0.1925613572129196,0.1925613572129196,0.1115845288962125,1.00224535996288,0.7756430742643201,0.0706309368122131,0.2166592487964872,0.5347809843304381,0.0440133936804264,0.0365105679854464,-0.0036057415421589,-0.0043429322079419,722.0,0.0,0.8552269742870702,0.8612834961776684,0.8765370964165805,0.4719097193587902,0.2740483886137183,0.0070918286031662,0.6457208955749478,0.719909383508693,100000,30,8,0.1,1.0,0.1,0,7,0.001,1e-06,0.001,1e-07,1.0,1e-08,adamax,0,0.0,disordered,1,0.1930960560315318,0 days 01:50:36.775576,0.0036057480474295,3.363125091421196,2.9317160071767034
8,8,8,8,0.3919100249433399,0.3919100249433399,0.3919100249433399,0.3919100249433399,0.3919100249433399,0.3919100249433399,0.3919100249433399,0.3919100249433399,0.2554455092477402,0.1475602509316808,0.1476248437408101,0.5980018773588077,0.9997851015765096,1.0015994600831073,0.1498749452611125,0.1505746685286078,-0.0022684537835629,-0.0026489588230796,424.0,0.0,0.8355692165002742,0.2818778273645421,0.2152181671629736,0.6393313800665879,0.8050548331450097,0.9636708728449708,0.1505248304211774,0.4822123881993365,100000,30,8,0.1,1.0,0.1,0,7,0.001,1e-06,0.001,1e-07,1.0,1e-08,adamax,0,0.0,disordered,1,0.3876411764042299,0 days 01:50:36.775576,0.0022685320286597,3.1995337447787797,2.942695798224152
9,9,9,9,0.1225113576604117,0.1225113576604117,0.1225113576604117,0.1225113576604117,0.1225113576604117,0.1225113576604117,0.1225113576604117,0.1225113576604117,0.014990483893493,0.0151594273264017,0.0374486738542427,0.1039862029647187,0.1135136336078179,1.0017464539344303,0.0150841401096664,0.0147084656877216,-0.0043492149113994,-0.0065580919103755,921.0,0.0,0.8947158621961735,0.4227169069454373,0.5895020620840481,0.0244906774933632,0.6734598871529389,0.9190886196338224,0.8268253295567211,0.8855202667099468,100000,30,8,0.1,1.0,0.1,0,7,0.001,1e-06,0.001,1e-07,1.0,1e-08,adamax,0,0.0,disordered,1,0.1242662902248134,0 days 01:50:36.775576,0.0043493766963927,3.7057200469115674,3.0505561310927427
10,10,10,10,0.3228628202536728,0.3228628202536728,0.3228628202536728,0.3228628202536728,0.3228628202536728,0.3228628202536728,0.3228628202536728,0.3228628202536728,0.2584832369354622,0.0993971863696093,0.2831542051186232,0.0980598566151371,1.001777968573642,0.1001192316971774,0.9884832312404924,0.186771296989935,-0.0019465828815975,-0.002406632925494,516.0,0.0,0.6603553805205233,0.2455522672431775,0.7685169988962544,0.2116747426075105,0.8312748346644612,0.0627179225707682,0.8254878133935558,0.1645072664741013,100000,30,8,0.1,1.0,0.1,0,7,0.001,1e-06,0.001,1e-07,1.0,1e-08,adamax,0,0.0,disordered,1,0.3214181451553725,0 days 01:50:36.775576,0.001946586784555,2.847367828694394,2.781947051503879
11,11,11,11,0.1111967731120697,0.1111967731120697,0.1111967731120697,0.1111967731120697,0.1111967731120697,0.1111967731120697,0.1111967731120697,0.1111967731120697,0.017026430834161,0.0903092112203668,1.0011978199139977,0.025410656120802,0.0211092944031938,0.0117204917359695,0.035334382606824,0.0114203028353132,-0.0042697116907043,-0.0062010995197796,983.0,0.0,0.3751469964966418,0.3167381665569643,0.6913370352777413,0.1785718781743719,0.3962561622169864,0.0058245951079809,0.2624947127501015,0.4211888142289552,100000,30,8,0.1,1.0,0.1,0,7,0.001,1e-06,0.001,1e-07,1.0,1e-08,adamax,0,0.0,disordered,1,0.1116730300216155,0 days 01:50:36.775576,0.0042697201666694,2.8560021961256377,2.8375359339576427
12,12,12,12,0.31260072430687,0.31260072430687,0.31260072430687,0.31260072430687,0.31260072430687,0.31260072430687,0.31260072430687,0.31260072430687,1.000716612213916,0.3015237216560706,0.2752869598748801,0.1546507151495188,0.1251992402659257,0.0897924383696517,0.4607698907130046,0.1782336767228766,-0.0026830518006303,-0.0029584193479929,544.0,0.0,0.1059212367073244,0.6331599460365578,0.3804242698865323,0.7252939380762389,0.6538660110683944,0.4312267487774062,0.8673205056421992,0.632135117500167,100000,30,8,0.1,1.0,0.1,0,7,0.001,1e-06,0.001,1e-07,1.0,1e-08,adamax,0,0.0,disordered,1,0.3079134693504829,0 days 01:50:36.775576,0.0026832288403466,2.533663086575741,2.5485838314409057
13,13,13,13,0.2837303616516209,0.2837303616516209,0.2837303616516209,0.2837303616516209,0.2837303616516209,0.2837303616516209,0.2837303616516209,0.2837303616516209,0.3998049704916595,0.0804323877673922,0.9390805117420736,0.092910992297928,1.0016089632471177,0.0819759956258927,0.0797502536827274,0.439291042628913,-0.0023973173331043,-0.0029160689833315,552.0,0.0,0.8102743521062991,0.341794723940113,0.5436692896684556,0.1962968851147534,0.996141190118628,0.2432154643063271,0.2568674672271027,0.0731900723909659,100000,30,8,0.1,1.0,0.1,0,7,0.001,1e-06,0.001,1e-07,1.0,1e-08,adamax,0,0.0,disordered,1,0.2850164689708393,0 days 01:50:36.775576,0.002397328236129,2.8056320382555957,2.767210164078467
14,14,14,14,0.2747120789270809,0.2747120789270809,0.2747120789270809,0.2747120789270809,0.2747120789270809,0.2747120789270809,0.2747120789270809,0.2747120789270809,1.0000051350522974,0.3922764719118559,0.0473455597232266,0.0847684212830944,0.1009486027274604,0.1018938930957789,0.0757965331428792,0.4591611963790027,-0.0028887938014704,-0.0032017310195678,768.0,0.0,0.2578031189967366,0.7631285325440532,0.6978935706830813,0.1286732123171694,0.3762385014280942,0.4209213946174629,0.6649842463619607,0.4559289630437488,100000,30,8,0.1,1.0,0.1,0,7,0.001,1e-06,0.001,1e-07,1.0,1e-08,adamax,0,0.0,disordered,1,0.2721314795200221,0 days 01:50:36.775576,0.0028888633307549,2.7260869599661817,2.7174919553034345
15,15,15,15,0.1988827856988807,0.1988827856988807,0.1988827856988807,0.1988827856988807,0.1988827856988807,0.1988827856988807,0.1988827856988807,0.1988827856988807,0.0844317628948315,1.00105326100856,0.964422409618948,0.0710821769793622,0.2859579237251533,0.2962093694287734,0.0635132025824742,0.0562546519843084,-0.0030334768491539,-0.0033723998000122,703.0,0.0,0.5865183268255314,0.8396846036089424,0.7264736103123705,0.3650072635085589,0.4483963093444842,0.3676995696900066,0.1097346640066967,0.2032415440873966,100000,30,8,0.1,1.0,0.1,0,7,0.001,1e-06,0.001,1e-07,1.0,1e-08,adamax,0,0.0,disordered,1,0.1982007040639567,0 days 01:50:36.775576,0.00303348290005,2.7255906854940957,2.4762231931027348
16,16,16,16,0.2659804395593755,0.2659804395593755,0.2659804395593755,0.2659804395593755,0.2659804395593755,0.2659804395593755,0.2659804395593755,0.2659804395593755,0.7590201869159772,0.4722904735986556,0.4446384780644519,0.2906986186239808,0.7923777988801868,2.1288104079741133e-06,2.629603778693241e-06,0.1360678328262926,-0.0028905681703046,-0.0033543397658636,9648.0,1.0,0.2838064889441311,0.3141338956023022,0.3130478588199377,0.576699716252952,0.9716899756197548,0.774664134923732,0.7911339481728052,0.75926850053958,100000,30,8,0.1,1.0,0.1,0,7,0.001,1e-06,0.001,1e-07,1.0,1e-08,adamax,0,0.0,disordered,1,0.2682932887143376,0 days 01:50:36.775576,0.0028906284986523,2.353457641902449,2.485295862325202
17,17,17,17,0.2337423870891812,0.2337423870891812,0.2337423870891812,0.2337423870891812,0.2337423870891812,0.2337423870891812,0.2337423870891812,0.2337423870891812,0.0907495848666584,1.0014421875930546,0.8621915817517789,0.0673815053333407,0.0663276098986136,0.3214864108279387,0.145939617865428,0.223476607837578,-0.0027052892648261,-0.0030224746848826,633.0,0.0,0.5969877305237564,0.9176922571709129,0.689630155447081,0.500356430736871,0.0770838085005387,0.4884492270855238,0.2128309953403343,0.1326962975467872,100000,30,8,0.1,1.0,0.1,0,7,0.001,1e-06,0.001,1e-07,1.0,1e-08,adamax,0,0.0,disordered,1,0.2357556331488459,0 days 01:50:36.775576,0.002705331451848,2.7061227151023743,2.5521186949472776
18,18,18,18,0.3557150206821381,0.3557150206821381,0.3557150206821381,0.3557150206821381,0.3557150206821381,0.3557150206821381,0.3557150206821381,0.3557150206821381,0.6771396182889945,0.0685125103629619,0.0555112053999145,0.1344176450935958,0.2878646390649652,0.0719722673510422,1.000037387536786,0.1725849024529827,-0.0021653259225072,-0.0024609371913435,856.0,0.0,0.506064922529373,0.785085292596959,0.2950064428055194,0.7687717599091665,0.5256295231622541,0.1490480233707125,0.9649677439797356,0.4016362238885175,100000,30,8,0.1,1.0,0.1,0,7,0.001,1e-06,0.001,1e-07,1.0,1e-08,adamax,0,0.0,disordered,1,0.3599717915896566,0 days 01:50:36.775576,0.0021653913556613,2.7231381719785253,2.7965742878681836
19,19,19,19,0.1692220351641035,0.1692220351641035,0.1692220351641035,0.1692220351641035,0.1692220351641035,0.1692220351641035,0.1692220351641035,0.1692220351641035,1.0004715253779843,0.1685280832568278,0.3049487562220608,0.0279748222494903,0.0727532321424084,0.0441561822141482,0.1466291503569313,0.0292671731024876,-0.003395640478106,-0.0045238603025809,784.0,0.0,0.2952342556626958,0.8469983706337296,0.1244603325154798,0.7335904610737034,0.1878247425654683,0.3924917760125824,0.2318998784621384,0.8412279926923869,100000,30,8,0.1,1.0,0.1,0,7,0.001,1e-06,0.001,1e-07,1.0,1e-08,adamax,0,0.0,disordered,1,0.1693398048698667,0 days 01:50:36.775576,0.0033956408491833,3.1425814585190817,2.9153593590742006
20,20,20,20,0.2054117348353062,0.2054117348353062,0.2054117348353062,0.2054117348353062,0.2054117348353062,0.2054117348353062,0.2054117348353062,0.2054117348353062,1.0000848988172064,0.2967980291453788,0.0350652704409394,0.0343179863820656,0.0339419082462052,0.0473168671446928,0.1834230865619384,0.0396976492993933,-0.003316162281031,-0.0044395773060909,779.0,0.0,0.3900745519398617,0.9746928128822892,0.6252614844151068,0.6936228347029152,0.5215251221324175,0.3089681990755911,0.3955564210524287,0.9409341876619016,100000,30,8,0.1,1.0,0.1,0,7,0.001,1e-06,0.001,1e-07,1.0,1e-08,adamax,0,0.0,disordered,1,0.2086277774482046,0 days 01:50:36.775576,0.0033163499099069,3.0152795186598813,2.8883053533331893
21,21,21,21,0.2659804395593755,0.2659804395593755,0.2659804395593755,0.2659804395593755,0.2659804395593755,0.2659804395593755,0.2659804395593755,0.2659804395593755,0.745868613393954,1.0001773103137708,0.6779609035498471,0.0389615753477915,0.8611390491874,0.0338445745592424,0.0359011988325596,0.0359098605826728,-0.0028909673220693,-0.0039967244561239,911.0,0.0,0.2012032007246644,0.9882189012202124,0.7583058620038184,0.3597869264926102,0.6415135895056033,0.3809815392930875,0.38149293263992,0.5038029501945296,100000,30,8,0.1,1.0,0.1,0,7,0.001,1e-06,0.001,1e-07,1.0,1e-08,adamax,0,0.0,disordered,1,0.2660319219560517,0 days 01:50:36.775576,0.0028909673768181,2.676108523899704,2.711193761073647
22,22,22,22,0.2493409369951876,0.2493409369951876,0.2493409369951876,0.2493409369951876,0.2493409369951876,0.2493409369951876,0.2493409369951876,0.2493409369951876,1.000630694198793,0.3816746491770905,0.5021239035368735,0.1758879416745664,0.0596512519489051,0.0820794569760148,0.2514852594479596,0.0604376545729813,-0.0027540366063796,-0.0035157984378257,630.0,0.0,0.016722821635377,0.4935715599433962,0.971598413446888,0.2854652287855784,0.7482179590766121,0.442788890070495,0.2092810426177854,0.9050025708181296,100000,30,8,0.1,1.0,0.1,0,7,0.001,1e-06,0.001,1e-07,1.0,1e-08,adamax,0,0.0,disordered,1,0.2507823902152162,0 days 01:50:36.775576,0.0027540594317427,2.8458196250598182,2.7461588570562636
23,23,23,23,0.31260072430687,0.31260072430687,0.31260072430687,0.31260072430687,0.31260072430687,0.31260072430687,0.31260072430687,0.31260072430687,1.0008126688607657,0.639924451723507,0.3498942391059479,0.3353560673169903,0.0878249259464445,0.1196645760745691,0.1340581091066174,0.3767066785152373,-0.0024791671522486,-0.0026818224918399,557.0,0.0,0.0168272846802129,0.3035089265995107,0.9990258823239376,0.2621467961899895,0.849044521859272,0.6056831486557043,0.8060357075271236,0.6303177554434782,100000,30,8,0.1,1.0,0.1,0,7,0.001,1e-06,0.001,1e-07,1.0,1e-08,adamax,0,0.0,disordered,1,0.3121300370551637,0 days 01:50:36.775576,0.0024791685581295,2.5006461425300417,2.533588123152317
24,24,24,24,0.2575263326771198,0.2575263326771198,0.2575263326771198,0.2575263326771198,0.2575263326771198,0.2575263326771198,0.2575263326771198,0.2575263326771198,0.1134304992962258,1.0001694598542927,0.0590156560533908,0.9263744965924255,0.501087185562103,0.7909167815894513,0.0579493344563007,0.0566457296528833,-0.002945201776906,-0.0034265057174083,660.0,0.0,0.3626968570578484,0.7607887845834825,0.0264845489039723,0.4468129517344519,0.371854569870106,0.4770740056373495,0.1276206864960696,0.2225068659462724,100000,30,8,0.1,1.0,0.1,0,7,0.001,1e-06,0.001,1e-07,1.0,1e-08,adamax,0,0.0,disordered,1,0.254947499430029,0 days 01:50:36.775576,0.0029452820107105,3.181966321016621,2.690913680715393
25,25,25,25,0.3557150206821381,0.3557150206821381,0.3557150206821381,0.3557150206821381,0.3557150206821381,0.3557150206821381,0.3557150206821381,0.3557150206821381,0.4647860210049537,0.4531428096772499,0.1840603231711282,0.1209034904679302,1.0020987370908387,0.1338774830247222,0.1306945101191189,0.7158642767638749,-0.0022186383565925,-0.002374718208143,468.0,0.0,0.5620515900997094,0.3877691156559539,0.7916562055903406,0.6051365892775145,0.8612666847869941,0.7323608373256045,0.601823447758565,0.2876156021959957,100000,30,8,0.1,1.0,0.1,0,7,0.001,1e-06,0.001,1e-07,1.0,1e-08,adamax,0,0.0,disordered,1,0.350267557130747,0 days 01:50:36.775576,0.0022187659450496,2.5301394665668338,2.58779832281521
26,26,26,26,0.2054117348353062,0.2054117348353062,0.2054117348353062,0.2054117348353062,0.2054117348353062,0.2054117348353062,0.2054117348353062,0.2054117348353062,0.0441927776564818,0.0430806015467044,0.2988826060497473,1.0017888180811827,0.0422886867249189,0.738889968889627,0.041675641660075,0.0424117910577788,-0.0032407127479756,-0.0046426140249648,694.0,0.0,0.7827604679261685,0.2512675781710818,0.0752111118144044,0.9628645784432278,0.5400112050964692,0.7738942975498113,0.5292228076303601,0.6115797303718215,100000,30,8,0.1,1.0,0.1,0,7,0.001,1e-06,0.001,1e-07,1.0,1e-08,adamax,0,0.0,disordered,1,0.2085706182809808,0 days 01:50:36.775576,0.0032408887671224,3.3189034826591377,2.954621318524254
27,27,27,27,0.333461801578636,0.333461801578636,0.333461801578636,0.333461801578636,0.333461801578636,0.333461801578636,0.333461801578636,0.333461801578636,0.4571086129009297,0.1271998563188857,0.9545998950273188,0.4436461060625267,0.1104946842063429,1.0007312403662427,0.1131210473247677,0.1366206068280466,-0.0023736179941043,-0.0029376947013909,479.0,0.0,0.0338922505165062,0.1867936793538085,0.6746893954347775,0.5705645979524983,0.1585550339867126,0.9520292687261848,0.1543536325474043,0.5103032497386853,100000,30,8,0.1,1.0,0.1,0,7,0.001,1e-06,0.001,1e-07,1.0,1e-08,adamax,0,0.0,disordered,1,0.3317889625234356,0 days 01:50:36.775576,0.0023736313052869,2.9039458108208147,2.788550042602887
28,28,28,28,0.1988827856988807,0.1988827856988807,0.1988827856988807,0.1988827856988807,0.1988827856988807,0.1988827856988807,0.1988827856988807,0.1988827856988807,0.6516722869158953,1.000141977906246,0.0155823492377258,0.0150456547254949,0.0206041940313137,0.0225485809111737,0.0536468481914087,0.0704831437902242,-0.0037679446707631,-0.0051149984625377,1119.0,0.0,0.1440028750192576,0.7173717261062347,0.2763130140951527,0.1341339751217832,0.0459871806705156,0.1748355378976236,0.1917987167235664,0.5369720795717926,100000,30,8,0.1,1.0,0.1,0,7,0.001,1e-06,0.001,1e-07,1.0,1e-08,adamax,0,0.0,disordered,1,0.198661276795565,0 days 01:50:36.775576,0.0037679459778928,2.864962532718229,2.807927322338943
29,29,29,29,0.7722813571388634,0.7722813571388634,0.7722813571388634,0.7722813571388634,0.7722813571388634,0.7722813571388634,0.7722813571388634,0.7722813571388634,0.6742324965531573,0.6023375224718226,0.5960882514904455,0.5936294421614043,0.5963885734654768,0.5948427541415312,0.6850028057580474,1.000703987031008,-0.0013191557450023,-0.0013701747588993,114.0,0.0,0.4510388861713912,0.9572943672535372,0.9541513368666424,0.7965461104684304,0.6715876339807033,0.8450230915683464,0.9387518284798846,0.0226177288870027,100000,30,8,0.1,1.0,0.1,0,7,0.001,1e-06,0.001,1e-07,1.0,1e-08,adamax,0,0.0,disordered,1,0.7725192018589526,0 days 01:50:36.775576,0.0013191558022328,2.6615909952629844,2.725398493779007
30,30,30,30,0.2575263326771198,0.2575263326771198,0.2575263326771198,0.2575263326771198,0.2575263326771198,0.2575263326771198,0.2575263326771198,0.2575263326771198,0.6506370775743285,0.0707045038730586,0.0670303272134248,1.001017414233486,0.0665265715639827,0.0659541865572347,0.0666465031691833,0.4735093608513103,-0.0027568735884893,-0.0033170622620225,592.0,0.0,0.1181052271508587,0.3602638846836431,0.0935868530425997,0.5995244730532772,0.2603642223481086,0.2643397291323255,0.2883279886478656,0.09771565758439,100000,30,8,0.1,1.0,0.1,0,7,0.001,1e-06,0.001,1e-07,1.0,1e-08,adamax,0,0.0,disordered,1,0.26060627514448,0 days 01:50:36.775576,0.0027569550305463,2.5977003559854905,2.584770702179147
31,31,31,31,0.2337423870891812,0.2337423870891812,0.2337423870891812,0.2337423870891812,0.2337423870891812,0.2337423870891812,0.2337423870891812,0.2337423870891812,0.0780647557414628,9.998876091821717e-08,1.2731148216523714e-07,1.6233908778656285e-07,0.0916111973912563,0.7650754305119726,0.1320232192039548,0.0440430916567304,-0.0030390520919324,-0.0035480949329705,15300.0,0.0,0.7409444532381589,0.6506724295996501,0.6065080906412624,0.0340455822777754,0.4294641446388775,0.6852035898998426,0.1563466499035863,0.3856578446575508,100000,30,8,0.1,1.0,0.1,0,7,0.001,1e-06,0.001,1e-07,1.0,1e-08,adamax,0,0.0,disordered,1,0.2367269712572541,0 days 01:50:36.775576,0.0030391587427566,2.4367215069474293,2.73206213337444
32,32,32,32,0.4047756965997316,0.4047756965997316,0.4047756965997316,0.4047756965997316,0.4047756965997316,0.4047756965997316,0.4047756965997316,0.4047756965997316,0.3310188065400204,0.1909406201980874,0.1643731286521382,0.7555138182610062,0.6277818945328106,1.0004733520333744,0.1641002251203123,0.5316040101606625,-0.0019622590307088,-0.0021476318965075,394.0,0.0,0.0198341454699368,0.081857997077242,0.2164535799990539,0.4146501611412486,0.4632400362873798,0.884521531618113,0.3166584421740133,0.0214638762771913,100000,30,8,0.1,1.0,0.1,0,7,0.001,1e-06,0.001,1e-07,1.0,1e-08,adamax,0,0.0,disordered,1,0.4014842072119725,0 days 01:50:36.775576,0.0019622916199351,2.7197974344412703,2.670637520388631
33,33,33,33,0.2263129568399526,0.2263129568399526,0.2263129568399526,0.2263129568399526,0.2263129568399526,0.2263129568399526,0.2263129568399526,0.2263129568399526,0.0539953682722424,0.048281560266676,0.1402017676819164,1.001332219163535,0.5582536857072184,0.0700724629940699,0.0507645494651305,0.0493307135458121,-0.0028892157875293,-0.0035736138293825,668.0,0.0,0.8262233467711652,0.0618469353735727,0.0929919926622283,0.963181716739735,0.7533654181283584,0.337854202779255,0.1321788416191956,0.3867305731718615,100000,30,8,0.1,1.0,0.1,0,7,0.001,1e-06,0.001,1e-07,1.0,1e-08,adamax,0,0.0,disordered,1,0.2257347215813208,0 days 01:50:36.775576,0.002889219861744,3.0862887600934172,2.9045197655014108
34,34,34,34,0.31260072430687,0.31260072430687,0.31260072430687,0.31260072430687,0.31260072430687,0.31260072430687,0.31260072430687,0.31260072430687,0.1444736858823087,0.9911133931928608,0.8383171137483313,0.0956641034420729,1.0017145747629257,0.9428288219596854,0.0959680660816545,0.0999679883305869,-0.0022194021758798,-0.0028034709632172,515.0,0.0,0.3391948927801735,0.8744412014424732,0.41875301731404,0.082045006015622,0.9268052023585862,0.6223133637152601,0.1167098567810022,0.1131741600464223,100000,30,8,0.1,1.0,0.1,0,7,0.001,1e-06,0.001,1e-07,1.0,1e-08,adamax,0,0.0,disordered,1,0.3098430685669633,0 days 01:50:36.775576,0.0022194405200391,3.1642661039406685,2.7869836319665398
35,35,35,35,0.1864408533970484,0.1864408533970484,0.1864408533970484,0.1864408533970484,0.1864408533970484,0.1864408533970484,0.1864408533970484,0.1864408533970484,0.6495558458780846,0.8344184688810689,0.2205943976775095,0.2748875179060083,0.6533527878122087,4.3682642698937353e-07,4.356511195186829e-07,1.3054279666556542e-06,-0.003568084485718,-0.0047559960300119,10312.0,1.0,0.4659332411642642,0.0920889656891161,0.6317521922027585,0.6163837910949103,0.0320813486181537,0.8074227810412945,0.7867947609394985,0.9153082686153085,100000,30,8,0.1,1.0,0.1,0,7,0.001,1e-06,0.001,1e-07,1.0,1e-08,adamax,0,0.0,disordered,1,0.1862199241035675,0 days 01:50:36.775576,0.0035680857601042,2.517936597722941,2.622971286917065
36,36,36,36,0.2337423870891812,0.2337423870891812,0.2337423870891812,0.2337423870891812,0.2337423870891812,0.2337423870891812,0.2337423870891812,0.2337423870891812,0.2294282847948277,1.6108367569749714e-06,9.993977764390093e-08,1.0341610469726209e-07,1.207137950340945e-06,0.8377377703453595,5.84773597122597e-06,0.1534107855329358,-0.003097240421404,-0.0040901017146998,9127.0,0.0,0.6703066467384771,0.6928622323352233,0.1637416544531679,0.0238888139788117,0.0655631524184199,0.9644613401603572,0.6457213655596336,0.9469066664934074,100000,30,8,0.1,1.0,0.1,0,7,0.001,1e-06,0.001,1e-07,1.0,1e-08,adamax,0,0.0,disordered,1,0.2332099457825837,0 days 01:50:36.775576,0.003097244830415,3.180970738303331,3.161233808717922
37,37,37,37,0.1692220351641035,0.1692220351641035,0.1692220351641035,0.1692220351641035,0.1692220351641035,0.1692220351641035,0.1692220351641035,0.1692220351641035,0.9234266426093768,0.0983042114268788,1.0956059424873156e-05,0.1271393066492638,0.25363658625332,0.0780793040945301,3.10950095198468e-06,0.2346390524964981,-0.0036650123324015,-0.0040484633841413,9792.0,1.0,0.3493843588720956,0.755221576661414,0.0653989653616667,0.1662051655929711,0.27713333487199,0.5503182517007417,0.55740888009091,0.4989864523070149,100000,30,8,0.1,1.0,0.1,0,7,0.001,1e-06,0.001,1e-07,1.0,1e-08,adamax,0,0.0,disordered,1,0.1695150537894313,0 days 01:50:36.775576,0.0036650145894168,2.740920427021258,2.727754279460073
38,38,38,38,0.2121550171362449,0.2121550171362449,0.2121550171362449,0.2121550171362449,0.2121550171362449,0.2121550171362449,0.2121550171362449,0.2121550171362449,0.1261975762207879,0.170960898559113,0.9867910305224667,0.0451069342982765,1.0007848756919049,0.1746242746264043,0.0451948527752487,0.0445991040867713,-0.0029588559507919,-0.0042861353138745,678.0,0.0,0.4244635846320775,0.5757051603390986,0.9666623953878384,0.4580795604861192,0.8374714217984048,0.0558719650318711,0.3855872572300576,0.5604964436423991,100000,30,8,0.1,1.0,0.1,0,7,0.001,1e-06,0.001,1e-07,1.0,1e-08,adamax,0,0.0,disordered,1,0.2129781639189182,0 days 01:50:36.775576,0.0029588606311499,3.046525051918166,2.878762807799892
39,39,39,39,0.367392478180207,0.367392478180207,0.367392478180207,0.367392478180207,0.367392478180207,0.367392478180207,0.367392478180207,0.367392478180207,0.1414754333979868,0.1384537599318011,0.434354403490541,1.0001080112949243,0.7960757955676276,0.7492520852217743,0.1510058732687222,0.1425645875068243,-0.0021225753307513,-0.0023415520631324,435.0,0.0,0.6203205556549372,0.2500183399320113,0.3992910134865952,0.94700616873569,0.648850754011949,0.5849662484122946,0.0652987105198409,0.0521762576431477,100000,30,8,0.1,1.0,0.1,0,7,0.001,1e-06,0.001,1e-07,1.0,1e-08,adamax,0,0.0,disordered,1,0.3669630288269853,0 days 01:50:36.775576,0.0021225760975163,2.9221223773429967,2.725641400364376
40,40,40,40,0.4180637241455752,0.4180637241455752,0.4180637241455752,0.4180637241455752,0.4180637241455752,0.4180637241455752,0.4180637241455752,0.4180637241455752,0.1926638667174416,0.1762565670964097,1.0000412615474774,0.1762429963736954,0.9498260239868402,0.176497799796017,0.9897406879060054,0.2172356489120405,-0.0019399250350979,-0.0023811748207042,377.0,0.0,0.2113984478320646,0.137822775848633,0.9837499292732876,0.0027471476026641,0.3658435291805171,0.0584224496238016,0.6400105583176766,0.0465332020748591,100000,30,8,0.1,1.0,0.1,0,7,0.001,1e-06,0.001,1e-07,1.0,1e-08,adamax,0,0.0,disordered,1,0.4186674841961919,0 days 01:50:36.775576,0.0019399257682202,2.981759560993953,2.882958536509082
41,41,41,41,0.1988827856988807,0.1988827856988807,0.1988827856988807,0.1988827856988807,0.1988827856988807,0.1988827856988807,0.1988827856988807,0.1988827856988807,0.7935621902952323,0.4570630868844368,0.3081884535869462,0.5054868483037126,0.0402653824953219,7.832109901197315e-06,0.2687050897228856,6.604158410486132e-06,-0.003104685281465,-0.0035408526143725,9916.0,1.0,0.0684096355417223,0.0799425056081188,0.2717851313028795,0.5763580679966506,0.8054486176308537,0.2671915845012608,0.2831710565694664,0.824482143951937,100000,30,8,0.1,1.0,0.1,0,7,0.001,1e-06,0.001,1e-07,1.0,1e-08,adamax,0,0.0,disordered,1,0.1999528321227164,0 days 01:50:36.775576,0.0031047050129435,2.6255781366123756,2.6111019556835817
42,42,42,42,0.2575263326771198,0.2575263326771198,0.2575263326771198,0.2575263326771198,0.2575263326771198,0.2575263326771198,0.2575263326771198,0.2575263326771198,0.0682079224018679,0.0662713039224646,1.000612528599923,0.9832790139820056,0.0625530625520418,0.7172380910352871,0.063125946920936,0.0640761176881002,-0.0026466015663712,-0.0034272301507371,614.0,0.0,0.7459483801763226,0.1268147483573346,0.8063489347063569,0.8312511086352812,0.1778257835671058,0.6269479985725536,0.1967436218212379,0.2434927120280825,100000,30,8,0.1,1.0,0.1,0,7,0.001,1e-06,0.001,1e-07,1.0,1e-08,adamax,0,0.0,disordered,1,0.2551013130195348,0 days 01:50:36.775576,0.0026466528963639,2.9106495073091936,2.7366846420757276
43,43,43,43,0.1349772330233941,0.1349772330233941,0.1349772330233941,0.1349772330233941,0.1349772330233941,0.1349772330233941,0.1349772330233941,0.1349772330233941,0.526581875978092,0.2933116441653475,0.2850882698548471,0.2733288680359022,0.3088732479970277,1.0057512326179028e-06,0.1100423216154054,8.823029055498723e-07,-0.0041101329971997,-0.0049715885600648,10679.0,1.0,0.494005755328642,0.5222200279508085,0.4790335153981873,0.5411410533042087,0.2131646764254524,0.7785803681279121,0.2778484120286083,0.9126832897191104,100000,30,8,0.1,1.0,0.1,0,7,0.001,1e-06,0.001,1e-07,1.0,1e-08,adamax,0,0.0,disordered,1,0.1361007387677557,0 days 01:50:36.775576,0.004110202355588,2.8223392960876637,2.609038984638326
44,44,44,44,0.4317879727332017,0.4317879727332017,0.4317879727332017,0.4317879727332017,0.4317879727332017,0.4317879727332017,0.4317879727332017,0.4317879727332017,0.1675435874916312,0.2007046485130716,0.2141207739157628,0.1351493472113551,0.1357117828177886,1.00204903009789,0.139139994256594,0.914790048718234,-0.0020244662523859,-0.0022499828943712,502.0,0.0,0.5151553035895896,0.3036840529445848,0.1743839025083001,0.4852039624160302,0.3762973001513523,0.6230937907219327,0.4984595826229498,0.0369596980006967,100000,30,8,0.1,1.0,0.1,0,7,0.001,1e-06,0.001,1e-07,1.0,1e-08,adamax,0,0.0,disordered,1,0.4314270390531955,0 days 01:50:36.775576,0.00202446660162,2.644856390441212,2.709722533928643
45,45,45,45,0.3026648059395688,0.3026648059395688,0.3026648059395688,0.3026648059395688,0.3026648059395688,0.3026648059395688,0.3026648059395688,0.3026648059395688,0.074673284699795,0.0688862398369041,0.970081918581036,0.5130273938563235,1.0007744438762962,0.3659332859570195,0.1408910892080134,0.1969643683319603,-0.0024573283910781,-0.0025836217163486,660.0,0.0,0.8330947688085336,0.0516739391193959,0.8275951638592104,0.8127496434167762,0.9239831252875618,0.6644010411515328,0.1606236341053505,0.4419294114540377,100000,30,8,0.1,1.0,0.1,0,7,0.001,1e-06,0.001,1e-07,1.0,1e-08,adamax,0,0.0,disordered,1,0.2992612761978392,0 days 01:50:36.775576,0.0024574019191703,3.0121859320667297,2.6998015965695297
46,46,46,46,0.2054117348353062,0.2054117348353062,0.2054117348353062,0.2054117348353062,0.2054117348353062,0.2054117348353062,0.2054117348353062,0.2054117348353062,0.4655452324619473,0.1190418967512178,0.0420476801881153,1.0021010693356849,0.0647847725000183,0.0724788204889071,0.2764531236032795,0.1416354200667102,-0.0034873038520136,-0.0037433895431192,689.0,0.0,0.4394326601704705,0.6323329864819148,0.3811375324040436,0.6756780879691183,0.2039073800978377,0.3533507781465587,0.5433134112873544,0.427651051214449,100000,30,8,0.1,1.0,0.1,0,7,0.001,1e-06,0.001,1e-07,1.0,1e-08,adamax,0,0.0,disordered,1,0.2025722026702518,0 days 01:50:36.775576,0.0034874695847184,2.727327533716626,2.5742835372134305
47,47,47,47,0.2747120789270809,0.2747120789270809,0.2747120789270809,0.2747120789270809,0.2747120789270809,0.2747120789270809,0.2747120789270809,0.2747120789270809,1.0022462661474236,0.2726316909315666,0.1674481333027141,0.0893525225651248,0.2155659461855308,0.0813880948358483,0.0762575701882865,0.082865194034361,-0.0029506701783461,-0.0042522058313454,563.0,0.0,0.1225256507690002,0.9658281207625043,0.6912954021364714,0.8330350777910258,0.3574607462891465,0.9448959101690874,0.8124471005528425,0.979506245587886,100000,30,8,0.1,1.0,0.1,0,7,0.001,1e-06,0.001,1e-07,1.0,1e-08,adamax,0,0.0,disordered,1,0.2727512746755314,0 days 01:50:36.775576,0.0029507183616088,2.5454346371586336,2.6454639916459928
48,48,48,48,0.1586356533508588,0.1586356533508588,0.1586356533508588,0.1586356533508588,0.1586356533508588,0.1586356533508588,0.1586356533508588,0.1586356533508588,0.8350488628870549,8.385052339920448e-07,3.461261722778474e-07,0.7500407850620808,4.205656726020474e-06,0.2258085072365813,9.40479757735826e-07,7.402877381774873e-07,-0.0041996316734573,-0.0060031201857885,10954.0,1.0,0.1973942523898054,0.4771694766007426,0.3858489940723694,0.613894995603037,0.2502197336679601,0.1004722897506863,0.4766165868289146,0.6394719365196334,100000,30,8,0.1,1.0,0.1,0,7,0.001,1e-06,0.001,1e-07,1.0,1e-08,adamax,0,0.0,disordered,1,0.1578459231599639,0 days 01:50:36.775576,0.0041996597137399,3.0444351394825744,2.564678705520223
49,49,49,49,0.1692220351641035,0.1692220351641035,0.1692220351641035,0.1692220351641035,0.1692220351641035,0.1692220351641035,0.1692220351641035,0.1692220351641035,0.1340253852007351,0.999230033480898,0.1801537006005145,0.028267462641685,1.0008350546826807,0.4517185432904436,0.0381259253286975,0.0445321326805329,-0.0029132058198662,-0.0036343157827234,774.0,0.0,0.3840154184913098,0.9874393427162872,0.4059887721488981,0.299815542437813,0.8138978250995115,0.466689803032796,0.2732167826992071,0.2864910244716064,100000,30,8,0.1,1.0,0.1,0,7,0.001,1e-06,0.001,1e-07,1.0,1e-08,adamax,0,0.0,disordered,1,0.1717311679810326,0 days 01:50:36.775576,0.002913292742766,2.808380037993976,2.7407591739695345
50,50,50,50,0.1988827856988807,0.1988827856988807,0.1988827856988807,0.1988827856988807,0.1988827856988807,0.1988827856988807,0.1988827856988807,0.1988827856988807,0.2339954671088893,0.7571320173966695,0.2346823506390449,5.093007633556606e-06,0.7150547276923535,5.886387635674545e-06,0.0975033603772338,4.508815267298784e-06,-0.00349992263172,-0.0041628175613098,9421.0,1.0,0.9471557892442384,0.961736748159922,0.6462368962429871,0.2787679766747637,0.7113690437189849,0.2167694819361088,0.3220846874139359,0.5417363597027655,100000,30,8,0.1,1.0,0.1,0,7,0.001,1e-06,0.001,1e-07,1.0,1e-08,adamax,0,0.0,disordered,1,0.1957447489575681,0 days 01:50:36.775576,0.0035001366452045,2.852862830709444,2.7015167962595683
51,51,51,51,0.2054117348353062,0.2054117348353062,0.2054117348353062,0.2054117348353062,0.2054117348353062,0.2054117348353062,0.2054117348353062,0.2054117348353062,0.346872729765402,0.1377991545633824,1.0021399594998377,0.0430073784031322,0.9737074605660448,0.0429546667108049,0.0418221740307102,0.0418813052811535,-0.0029738572569267,-0.0045234592033778,695.0,0.0,0.4011441611645456,0.3510238626345868,0.974134429486488,0.170206174479749,0.6137785589494178,0.0385413894838495,0.0917147371339044,0.2099960050117245,100000,30,8,0.1,1.0,0.1,0,7,0.001,1e-06,0.001,1e-07,1.0,1e-08,adamax,0,0.0,disordered,1,0.2044644084960336,0 days 01:50:36.775576,0.0029738701705362,2.9677656797184757,2.9157142786131196
52,52,52,52,0.1042404007021555,0.1042404007021555,0.1042404007021555,0.1042404007021555,0.1042404007021555,0.1042404007021555,0.1042404007021555,0.1042404007021555,0.2618897241576933,0.0066811706264358,1.0002205169174008,0.1800505915868911,0.0116514552250208,0.0066303002050204,0.0065981390974403,0.0065761389703838,-0.0045374775382125,-0.006112125543818,1199.0,0.0,0.9916861960144648,0.7264246392278,0.8680380956291989,0.0494837846367165,0.6814384526526729,0.4399364794360058,0.4164199485553493,0.7082547942479717,100000,30,8,0.1,1.0,0.1,0,7,0.001,1e-06,0.001,1e-07,1.0,1e-08,adamax,0,0.0,disordered,1,0.1051612104190035,0 days 01:50:36.775576,0.0045375374871442,2.7510899954345884,2.8676016209038226
53,53,53,53,0.1747772774464679,0.1747772774464679,0.1747772774464679,0.1747772774464679,0.1747772774464679,0.1747772774464679,0.1747772774464679,0.1747772774464679,0.4177422371529448,0.4191421703747643,0.0381841062420884,0.0557933623265574,1.001836283655873,0.0617285819748224,0.0412195496929672,0.029811886478167,-0.0039758278401231,-0.0050971287025508,765.0,0.0,0.3083189505355805,0.5134678232710247,0.2607247218237164,0.3914040705924085,0.5333261752047522,0.1578810028262631,0.2761871219052035,0.4204059052215403,100000,30,8,0.1,1.0,0.1,0,7,0.001,1e-06,0.001,1e-07,1.0,1e-08,adamax,0,0.0,disordered,1,0.1731092059647442,0 days 01:50:36.775576,0.0039759133136553,2.7005896180984856,2.502601751105166
54,54,54,54,0.31260072430687,0.31260072430687,0.31260072430687,0.31260072430687,0.31260072430687,0.31260072430687,0.31260072430687,0.31260072430687,0.113916415633538,0.9892913750959816,0.9823348247217176,0.6385884764903302,1.0014747980791112,0.0979771130900609,0.0987694206070611,0.0972859519853515,-0.0025617971633051,-0.0032828569891557,510.0,0.0,0.4727479785281554,0.8000039680110183,0.6429501138675994,0.5624900665221173,0.8698673937003966,0.1973488647767637,0.1040830351780349,0.3937252133677354,100000,30,8,0.1,1.0,0.1,0,7,0.001,1e-06,0.001,1e-07,1.0,1e-08,adamax,0,0.0,disordered,1,0.3167827893736908,0 days 01:50:36.775576,0.0025619153647953,3.338134172719698,2.7540122116209367
55,55,55,55,0.1925613572129196,0.1925613572129196,0.1925613572129196,0.1925613572129196,0.1925613572129196,0.1925613572129196,0.1925613572129196,0.1925613572129196,1.0006630568503736,0.2917284090037229,0.2242173169074001,0.3604217768779569,0.0342796395930278,0.0377042722249201,0.0631152012619487,0.0421065506807656,-0.0035006432738511,-0.0045419259708889,772.0,0.0,0.1371899555572782,0.5559810381008665,0.5736433320658848,0.1315935497496901,0.7160539946963933,0.5565394834256112,0.4231819942696411,0.917481773299308,100000,30,8,0.1,1.0,0.1,0,7,0.001,1e-06,0.001,1e-07,1.0,1e-08,adamax,0,0.0,disordered,1,0.1920947773136087,0 days 01:50:36.775576,0.0035006486177248,2.759675266128521,2.597716864979197
56,56,56,56,0.1988827856988807,0.1988827856988807,0.1988827856988807,0.1988827856988807,0.1988827856988807,0.1988827856988807,0.1988827856988807,0.1988827856988807,0.0730511818862791,0.039636866650673,0.0412826864136385,1.000451043687883,0.0734887270055503,0.6817448394903247,0.038045527473726,0.0410404762616124,-0.0029755582231907,-0.003834210277513,725.0,0.0,0.8559122943833432,0.2209691637648669,0.166583176525819,0.9155364039147176,0.1572518885137706,0.7572063264186215,0.3125170158121136,0.3611853466325139,100000,30,8,0.1,1.0,0.1,0,7,0.001,1e-06,0.001,1e-07,1.0,1e-08,adamax,0,0.0,disordered,1,0.1972406833451996,0 days 01:50:36.775576,0.0029756002571501,3.0987663461648465,2.9031883828321257
57,57,57,57,0.1225113576604117,0.1225113576604117,0.1225113576604117,0.1225113576604117,0.1225113576604117,0.1225113576604117,0.1225113576604117,0.1225113576604117,0.931544221714784,2.29221932833758e-07,8.326287426445903e-06,0.4200491746079507,2.709530802076393e-07,1.00426854657769e-06,0.1120169807902156,2.047944505078133e-07,-0.0036883639111701,-0.0056695858707827,11141.0,1.0,0.5537246459677773,0.9259641674233372,0.0020568430646198,0.1622873344023199,0.7202117786599489,0.3944665294244958,0.2878104198967977,0.9628956581275414,100000,30,8,0.1,1.0,0.1,0,7,0.001,1e-06,0.001,1e-07,1.0,1e-08,adamax,0,0.0,disordered,1,0.1210345843268273,0 days 01:50:36.775576,0.0036884670753519,3.621605126241379,3.1464223245449503
58,58,58,58,0.5074705239490462,0.5074705239490462,0.5074705239490462,0.5074705239490462,0.5074705239490462,0.5074705239490462,0.5074705239490462,0.5074705239490462,1.0006436324123364,0.3002686715463303,0.3318243520921389,0.2401894237791649,0.2399933802991449,0.2405106207412756,0.2471013219908225,0.9720796017800856,-0.0018079556757437,-0.0019598860618532,324.0,0.0,0.2640284233242796,0.7141669578683888,0.964225669092555,0.7627660562464376,0.7094140359205118,0.7232067127676901,0.8052261068309458,0.2712136489199229,100000,30,8,0.1,1.0,0.1,0,7,0.001,1e-06,0.001,1e-07,1.0,1e-08,adamax,0,0.0,disordered,1,0.5016248438096194,0 days 01:50:36.775576,0.0018080309496456,2.4544921849861407,2.6286457621218897
59,59,59,59,0.3557150206821381,0.3557150206821381,0.3557150206821381,0.3557150206821381,0.3557150206821381,0.3557150206821381,0.3557150206821381,0.3557150206821381,0.1276725221348223,1.001270839749628,0.994371561521338,0.9844495279070984,0.937629337691944,0.264452199702583,0.1256412150263763,0.1249371017792204,-0.0023792591147885,-0.0028116667335045,455.0,0.0,0.6266867251784247,0.802885894043567,0.8882296412968325,0.9058341532080582,0.903896393587496,0.0976337994648727,0.3764060873778814,0.4563920834904191,100000,30,8,0.1,1.0,0.1,0,7,0.001,1e-06,0.001,1e-07,1.0,1e-08,adamax,0,0.0,disordered,1,0.3610767966337551,0 days 01:50:36.775576,0.002379418361405,3.2942340772947074,2.735960208110318
60,60,60,60,0.2414157116103016,0.2414157116103016,0.2414157116103016,0.2414157116103016,0.2414157116103016,0.2414157116103016,0.2414157116103016,0.2414157116103016,0.1119417485667529,0.4039137926112979,0.414320239067873,0.0570036335857173,0.5725953972216926,1.0014954653683694,0.0727158155815027,0.0585454752377364,-0.002593828219741,-0.0032046324555136,626.0,0.0,0.8916854039669163,0.4192536193798634,0.2649121033591305,0.0198587731592583,0.2887542777621654,0.7807241847334279,0.0201709380598515,0.1649939279484876,100000,30,8,0.1,1.0,0.1,0,7,0.001,1e-06,0.001,1e-07,1.0,1e-08,adamax,0,0.0,disordered,1,0.2376761875456671,0 days 01:50:36.775576,0.0025939251974743,2.897170308128926,2.912251449065027
61,61,61,61,0.1805148879221106,0.1805148879221106,0.1805148879221106,0.1805148879221106,0.1805148879221106,0.1805148879221106,0.1805148879221106,0.1805148879221106,0.908787249843384,0.5589972399474957,0.6581293022659407,1.4242847661290015e-06,0.1340034321017746,0.2187605738467007,1.957729875167729e-06,9.687129434758364e-07,-0.0037138405227855,-0.0049397936529734,10396.0,1.0,0.3109684208465644,0.5320110718845206,0.3630433181948137,0.8826396945897659,0.2074776288518643,0.5616344004190236,0.7778175051376995,0.9296082290939864,100000,30,8,0.1,1.0,0.1,0,7,0.001,1e-06,0.001,1e-07,1.0,1e-08,adamax,0,0.0,disordered,1,0.182906763028372,0 days 01:50:36.775576,0.0037140113917674,2.6861461497351775,2.6061164418771847
62,62,62,62,0.0069132037796781,0.0069132037796781,0.0069132037796781,0.0069132037796781,0.0069132037796781,0.0069132037796781,0.0069132037796781,0.0069132037796781,0.0958573347018464,6.140611058758536e-05,1.0013313007503708,2.5909703184755835e-05,2.40172965014501e-05,2.854925840866272e-05,0.0053615701180834,0.0003164681435729,-0.0038289274587876,-0.0056747648488546,4335.0,0.0,0.8734802733413756,0.1355210037406805,0.7918000796455894,0.6753462694980112,0.4216035573870036,0.0255670989624631,0.1679814709579863,0.7494608262320578,100000,30,8,0.1,1.0,0.1,0,7,0.001,1e-06,0.001,1e-07,1.0,1e-08,adamax,0,0.0,disordered,1,0.0069691805982151,0 days 01:50:36.775576,0.0038289344040004,3.528912470538063,3.1157080513634745
63,63,63,63,0.1586356533508588,0.1586356533508588,0.1586356533508588,0.1586356533508588,0.1586356533508588,0.1586356533508588,0.1586356533508588,0.1586356533508588,0.7366934643250793,0.031474949312806,0.0305503850065206,1.0008951183239891,0.0248998964926148,0.0278319482751588,0.0265888014692324,0.1518455486609918,-0.0033240437772216,-0.0046473167223711,805.0,0.0,0.0840047677767746,0.3126499249880641,0.2552124382766044,0.7461008968986407,0.3590598291763175,0.0871882409887518,0.3704421018161166,0.3268298767186818,100000,30,8,0.1,1.0,0.1,0,7,0.001,1e-06,0.001,1e-07,1.0,1e-08,adamax,0,0.0,disordered,1,0.156465159732816,0 days 01:50:36.775576,0.0033241171269224,2.4588308712517937,2.6140551187588827
64,64,64,64,0.2337423870891812,0.2337423870891812,0.2337423870891812,0.2337423870891812,0.2337423870891812,0.2337423870891812,0.2337423870891812,0.2337423870891812,0.0573179485965919,0.0552071641975334,0.9565693390827404,0.0549040886363524,1.000800827930643,0.6362038760956152,0.0564172571632161,0.0543532301852383,-0.002996578156987,-0.0036908945445126,635.0,0.0,0.7170213673193974,0.3201222201986879,0.6936156490920399,0.538594453433759,0.8877328287244716,0.7333651729435877,0.4079187425363865,0.4849095181984443,100000,30,8,0.1,1.0,0.1,0,7,0.001,1e-06,0.001,1e-07,1.0,1e-08,adamax,0,0.0,disordered,1,0.232130174113588,0 days 01:50:36.775576,0.0029966123260633,3.032710031125098,2.632534859994437
65,65,65,65,0.1988827856988807,0.1988827856988807,0.1988827856988807,0.1988827856988807,0.1988827856988807,0.1988827856988807,0.1988827856988807,0.1988827856988807,0.3729052056150019,0.5815894744952269,0.1492632549999921,0.2034182824043143,1.834528077816205e-07,0.0370862682297888,9.999534932905405e-08,0.3101063525327728,-0.0034893106755616,-0.0039209591526553,28250.0,0.0,0.4713857598653367,0.871702397518525,0.1380361717125459,0.4242300124285143,0.5349120574812903,0.436222832238696,0.5980284679987804,0.4988430954198491,100000,30,8,0.1,1.0,0.1,0,7,0.001,1e-06,0.001,1e-07,1.0,1e-08,adamax,0,0.0,disordered,1,0.1958419601173187,0 days 01:50:36.775576,0.0034894835241161,2.559828153833905,2.696008060258205
66,66,66,66,0.1306870229743345,0.1306870229743345,0.1306870229743345,0.1306870229743345,0.1306870229743345,0.1306870229743345,0.1306870229743345,0.1306870229743345,0.7749693943858366,0.156595619405553,0.217052294241088,0.0797929331967764,0.0198789530722918,1.6164793106381114e-06,0.2436212564766719,1.062481081218954e-06,-0.003808238202782,-0.0046944350498639,11064.0,1.0,0.4136957426619674,0.6868129726159958,0.329322465708467,0.6069010136690235,0.7285583473338744,0.1306466357938829,0.326452101504932,0.9447045555986052,100000,30,8,0.1,1.0,0.1,0,7,0.001,1e-06,0.001,1e-07,1.0,1e-08,adamax,0,0.0,disordered,1,0.1312263155578858,0 days 01:50:36.775576,0.0038082527246987,3.053317289946794,2.8046237879690024
67,67,67,67,0.1439847952876006,0.1439847952876006,0.1439847952876006,0.1439847952876006,0.1439847952876006,0.1439847952876006,0.1439847952876006,0.1439847952876006,0.2510066993624867,3.3671902593952405e-07,0.0164908140160702,6.774278857801559e-07,9.990205566953088e-08,0.2323971537368129,1.1673350791110442e-05,0.3201731981820355,-0.0035086643871655,-0.003800407928323,9222.0,0.0,0.9660212875626244,0.9923887631356604,0.0425258338882709,0.8265087689118491,0.9352758069942098,0.901944440055244,0.7149413034806142,0.6756193428878896,100000,30,8,0.1,1.0,0.1,0,7,0.001,1e-06,0.001,1e-07,1.0,1e-08,adamax,0,0.0,disordered,1,0.1437907958980033,0 days 01:50:36.775576,0.0035086650806256,2.1787538266708886,2.403620501404068
68,68,68,68,0.1638433645577982,0.1638433645577982,0.1638433645577982,0.1638433645577982,0.1638433645577982,0.1638433645577982,0.1638433645577982,0.1638433645577982,0.2562143647736002,0.1499686032964237,0.1127002524337898,4.780722982398396e-07,9.994522670109184e-08,3.8675474550958333e-07,1.4308387566486566e-05,0.3969792887436877,-0.0035216078984384,-0.0040718559112889,8303.0,0.0,0.7196066164883864,0.5748858181470116,0.7884200798433164,0.5019296038006482,0.2259374998912283,0.0943490249781668,0.9082557233023724,0.7548789814030864,100000,30,8,0.1,1.0,0.1,0,7,0.001,1e-06,0.001,1e-07,1.0,1e-08,adamax,0,0.0,disordered,1,0.161639581055533,0 days 01:50:36.775576,0.003521735671906,2.6969862748289652,2.8925143180120716
69,69,69,69,0.2414157116103016,0.2414157116103016,0.2414157116103016,0.2414157116103016,0.2414157116103016,0.2414157116103016,0.2414157116103016,0.2414157116103016,0.4542220510394149,1.0021031942281058,0.0593192092549159,0.9961663060608666,0.4190894245525093,0.0580992736588749,0.0718935581307905,0.2924939412268809,-0.0026566280803032,-0.0030769248360089,615.0,0.0,0.177241935760343,0.8224582773234224,0.3003467529241774,0.6356549721085979,0.3561528577486986,0.2141630863306429,0.1756087637828115,0.0709503107444076,100000,30,8,0.1,1.0,0.1,0,7,0.001,1e-06,0.001,1e-07,1.0,1e-08,adamax,0,0.0,disordered,1,0.2404886334196256,0 days 01:50:36.775576,0.002656635008831,2.606036541301251,2.6413471154382315
70,70,70,70,0.2747120789270809,0.2747120789270809,0.2747120789270809,0.2747120789270809,0.2747120789270809,0.2747120789270809,0.2747120789270809,0.2747120789270809,0.7138996724948511,0.5253354480184192,0.5119774978816434,1.0008041764950404,0.0690313145045208,0.1278147521597497,0.0661029067454237,0.0806804420031155,-0.00284624103632,-0.0036007564426695,620.0,0.0,0.0744385563946585,0.0690902107325821,0.0899187666373716,0.8340292890000545,0.5178083255163458,0.1285840147994693,0.5249946488828098,0.5426298015540887,100000,30,8,0.1,1.0,0.1,0,7,0.001,1e-06,0.001,1e-07,1.0,1e-08,adamax,0,0.0,disordered,1,0.2780662258469011,0 days 01:50:36.775576,0.0028463497795599,2.6319441284779415,2.7584033762260693
71,71,71,71,0.5241298302206053,0.5241298302206053,0.5241298302206053,0.5241298302206053,0.5241298302206053,0.5241298302206053,0.5241298302206053,0.5241298302206053,0.2240730828427529,0.2627623283318285,0.2259426952422802,1.001046399205901,0.2280737716409666,0.2386760887753397,0.9526497206750756,0.6097008107921251,-0.0017888671911704,-0.0019380214197754,371.0,0.0,0.4965920349441739,0.2064863646169302,0.4343978872245304,0.8708564535693805,0.3837354777850742,0.5039852429121634,0.9302423990750158,0.2328013979444163,100000,30,8,0.1,1.0,0.1,0,7,0.001,1e-06,0.001,1e-07,1.0,1e-08,adamax,0,0.0,disordered,1,0.522332877689635,0 days 01:50:36.775576,0.0017888736456725,2.8112184908053672,2.8037553862057174
72,72,72,72,0.100927151463057,0.100927151463057,0.100927151463057,0.100927151463057,0.100927151463057,0.100927151463057,0.100927151463057,0.100927151463057,0.3892042493161634,0.3992635605711555,3.890748349849229e-07,1.3992706149741546e-06,0.0947646830230218,0.3287465066061829,4.246460712847806e-07,7.278221281729791e-06,-0.0048427294918059,-0.0060476509657781,10390.0,1.0,0.7255076868062386,0.4838413345039069,0.7873679132996416,0.3596735148257848,0.5423586148739377,0.3682859436514883,0.8661492404529617,0.9148178896585872,100000,30,8,0.1,1.0,0.1,0,7,0.001,1e-06,0.001,1e-07,1.0,1e-08,adamax,0,0.0,disordered,1,0.101967755029229,0 days 01:50:36.775576,0.0048428188198234,3.0666093346312637,2.842142077545669
73,73,73,73,0.3919100249433399,0.3919100249433399,0.3919100249433399,0.3919100249433399,0.3919100249433399,0.3919100249433399,0.3919100249433399,0.3919100249433399,0.9542439735315544,0.055100831208831,0.0654336127356418,0.0543948389864704,0.0547531450654158,0.1038343841533788,0.1400629067726536,1.0001411507884903,-0.0019762254534578,-0.0023007627953625,857.0,0.0,0.6318212838540919,0.9810202364628208,0.7320556819078485,0.8304239319682308,0.8947206498619251,0.2719057617661202,0.986677930317109,0.3904140233428148,100000,30,8,0.1,1.0,0.1,0,7,0.001,1e-06,0.001,1e-07,1.0,1e-08,adamax,0,0.0,disordered,1,0.3935649174660577,0 days 01:50:36.775576,0.0019762329224319,2.4880284029851962,2.6839825953935126
74,74,74,74,0.1925613572129196,0.1925613572129196,0.1925613572129196,0.1925613572129196,0.1925613572129196,0.1925613572129196,0.1925613572129196,0.1925613572129196,0.0376894496187292,0.0581271409511363,0.9987859276317264,0.0365830342537528,1.0017934110042988,0.0508689568461496,0.0364773020091879,0.0389627970285176,-0.0032612713399261,-0.0052230007236058,723.0,0.0,0.4972125438158516,0.1803237316629968,0.8214787850033072,0.3368976266911904,0.6893444454848344,0.2183555948683124,0.3513630605551295,0.3842444862829067,100000,30,8,0.1,1.0,0.1,0,7,0.001,1e-06,0.001,1e-07,1.0,1e-08,adamax,0,0.0,disordered,1,0.190680669268625,0 days 01:50:36.775576,0.00326132058251,3.26252355945137,2.879867131992404
75,75,75,75,0.333461801578636,0.333461801578636,0.333461801578636,0.333461801578636,0.333461801578636,0.333461801578636,0.333461801578636,0.333461801578636,0.1108515477933767,0.1360179306643495,0.986322545517149,1.0022590220100869,0.1115894329166359,0.1105337433990536,0.4160208429350526,0.338252399928397,-0.0022624656084001,-0.0026169844660451,477.0,0.0,0.2366239939357128,0.0350634420691885,0.7702089160972269,0.9503546630566791,0.226247857556275,0.1626513649707077,0.3476041753555777,0.0827660016297126,100000,30,8,0.1,1.0,0.1,0,7,0.001,1e-06,0.001,1e-07,1.0,1e-08,adamax,0,0.0,disordered,1,0.3329031116652982,0 days 01:50:36.775576,0.0022624670026807,3.0441693419536255,2.9134933336147517
76,76,76,76,0.3557150206821381,0.3557150206821381,0.3557150206821381,0.3557150206821381,0.3557150206821381,0.3557150206821381,0.3557150206821381,0.3557150206821381,0.801322194930942,0.7788929594517195,0.5772705857031916,2.2857240085256905e-06,0.0256229432929901,1.9907718824005965e-06,1.8934474331544592e-06,0.8231497367464805,-0.0023118420176231,-0.0025696982687793,9264.0,1.0,0.6497328757632396,0.3685525191996099,0.5624785542668137,0.9058499863649656,0.8615793288939493,0.9216768590469784,0.9350577167713908,0.5898193600864983,100000,30,8,0.1,1.0,0.1,0,7,0.001,1e-06,0.001,1e-07,1.0,1e-08,adamax,0,0.0,disordered,1,0.3584656083128353,0 days 01:50:36.775576,0.002311876965345,2.3077762179733905,2.644388323378331
77,77,77,77,0.2414157116103016,0.2414157116103016,0.2414157116103016,0.2414157116103016,0.2414157116103016,0.2414157116103016,0.2414157116103016,0.2414157116103016,0.2517126210366951,0.0586085423981484,0.0579560885873447,0.9918743095583008,1.0018463624943998,0.621923872164913,0.0578617043273804,0.058312377780698,-0.0026474526885528,-0.0033302863724274,619.0,0.0,0.5023002858629506,0.0376151656370696,0.1024413113800782,0.5239233948745965,0.8560083046111611,0.4326345607117319,0.0037293622863878,0.2123031061951699,100000,30,8,0.1,1.0,0.1,0,7,0.001,1e-06,0.001,1e-07,1.0,1e-08,adamax,0,0.0,disordered,1,0.241484398281704,0 days 01:50:36.775576,0.0026474527054423,3.2796944277598055,2.887951914562519
78,78,78,78,0.2337423870891812,0.2337423870891812,0.2337423870891812,0.2337423870891812,0.2337423870891812,0.2337423870891812,0.2337423870891812,0.2337423870891812,0.0548989117150546,0.0536099558187167,0.0566570628143373,0.082848345834296,0.0737807036411165,1.0016267632953029,0.0876727493176735,0.0764501416420156,-0.0031364734887986,-0.0040603603604506,641.0,0.0,0.7599704182197689,0.1584179885297779,0.1995763351554023,0.2855360642034483,0.6092833765614685,0.8364055547707432,0.2188948374279186,0.5994678737814576,100000,30,8,0.1,1.0,0.1,0,7,0.001,1e-06,0.001,1e-07,1.0,1e-08,adamax,0,0.0,disordered,1,0.2307990600111337,0 days 01:50:36.775576,0.0031365841624653,3.3246160994228697,3.0330189633505733
79,79,79,79,0.1487115462808952,0.1487115462808952,0.1487115462808952,0.1487115462808952,0.1487115462808952,0.1487115462808952,0.1487115462808952,0.1487115462808952,0.025148461696821,0.0463541463058552,0.9844703148475658,1.0014907433758011,0.0531870109798722,0.0284415151363835,0.0220780621529962,0.0302582024196234,-0.0034546134546895,-0.0050112879219649,830.0,0.0,0.5299406131466844,0.4448642064761482,0.5804205236557797,0.8141185235724825,0.2174880566784605,0.4972341508794262,0.0979205611461283,0.5132375550687044,100000,30,8,0.1,1.0,0.1,0,7,0.001,1e-06,0.001,1e-07,1.0,1e-08,adamax,0,0.0,disordered,1,0.1511317567662422,0 days 01:50:36.775576,0.0034547079889465,3.047650385076978,2.7986553269375527
80,80,80,80,0.1586356533508588,0.1586356533508588,0.1586356533508588,0.1586356533508588,0.1586356533508588,0.1586356533508588,0.1586356533508588,0.1586356533508588,0.2637267243097064,0.990408582383895,0.0249280922458988,0.0244139202903493,1.0017387938363729,0.0243043849149608,0.0254842686792813,0.0244641980104597,-0.0036305703645417,-0.0051292211135152,817.0,0.0,0.7910078573202679,0.998558890651704,0.4756930540857839,0.2966034006997566,0.5795035819171939,0.3717520548106484,0.1170023891195599,0.5244985720304953,100000,30,8,0.1,1.0,0.1,0,7,0.001,1e-06,0.001,1e-07,1.0,1e-08,adamax,0,0.0,disordered,1,0.1570504055436512,0 days 01:50:36.775576,0.0036306245498441,3.0639774960743096,2.861217884583771
81,81,81,81,0.2337423870891812,0.2337423870891812,0.2337423870891812,0.2337423870891812,0.2337423870891812,0.2337423870891812,0.2337423870891812,0.2337423870891812,0.0571246083379215,0.9951321888369764,1.000546367766605,0.0540765988270371,0.0701653105783798,0.1849254393691758,0.1277908275490754,0.059511923068519,-0.0032453785808587,-0.0041309361300757,637.0,0.0,0.7991356910058783,0.8911272873731255,0.9781111877004136,0.367724622858563,0.2516651775815243,0.1108207735463092,0.4362319172994092,0.8070271602470545,100000,30,8,0.1,1.0,0.1,0,7,0.001,1e-06,0.001,1e-07,1.0,1e-08,adamax,0,0.0,disordered,1,0.2364523620139632,0 days 01:50:36.775576,0.003245487642025,3.5789146020665217,3.0002476621488525
82,82,82,82,0.636219849265748,0.636219849265748,0.636219849265748,0.636219849265748,0.636219849265748,0.636219849265748,0.636219849265748,0.636219849265748,0.8158005113856044,0.3754859063773164,0.3599393849966715,0.392672172556536,0.3644890355294903,0.3592650007059119,0.5566257223051164,1.0010933805433344,-0.0015349081543086,-0.0016160843970704,252.0,0.0,0.2346447876245176,0.8495664980662655,0.7117370178186778,0.2009428205260435,0.6317515391392956,0.8196921827935082,0.9328703661209736,0.1622147636965876,100000,30,8,0.1,1.0,0.1,0,7,0.001,1e-06,0.001,1e-07,1.0,1e-08,adamax,0,0.0,disordered,1,0.63274399781907,0 days 01:50:36.775576,0.0015349232639329,2.6754006217224986,2.7764752394290575
83,83,83,83,0.2121550171362449,0.2121550171362449,0.2121550171362449,0.2121550171362449,0.2121550171362449,0.2121550171362449,0.2121550171362449,0.2121550171362449,0.5592745055782367,0.047574348654752,0.0430504081904587,0.0622268246680633,1.0017812199260046,0.0632757549006479,0.1426247821072675,0.0787490700930982,-0.0033541685266913,-0.0040380970880515,697.0,0.0,0.8220151936558258,0.775849087831725,0.243721640641587,0.2945814106681431,0.9570840322522522,0.3620160579603561,0.2889761052504432,0.7200111192047169,100000,30,8,0.1,1.0,0.1,0,7,0.001,1e-06,0.001,1e-07,1.0,1e-08,adamax,0,0.0,disordered,1,0.2121429843554606,0 days 01:50:36.775576,0.0033541685273547,3.2180126627574697,2.9576689441639124
84,84,84,84,0.1864408533970484,0.1864408533970484,0.1864408533970484,0.1864408533970484,0.1864408533970484,0.1864408533970484,0.1864408533970484,0.1864408533970484,1.0006324641086977,0.3635421227431484,0.3353374809182108,0.1372277444061913,0.0604853168729481,0.0469116921155787,0.0513665195696609,0.0367215377242935,-0.0037156546384864,-0.0047613966508128,832.0,0.0,0.1329060104599528,0.4831693166218948,0.3581331262376146,0.5439863429623552,0.6032501438505057,0.6401074539004775,0.4323990581888032,0.8869324087540136,100000,30,8,0.1,1.0,0.1,0,7,0.001,1e-06,0.001,1e-07,1.0,1e-08,adamax,0,0.0,disordered,1,0.1841691053645743,0 days 01:50:36.775576,0.003715802056078,2.562946008520911,2.383705697246405
85,85,85,85,0.0805029181229597,0.0805029181229597,0.0805029181229597,0.0805029181229597,0.0805029181229597,0.0805029181229597,0.0805029181229597,0.0805029181229597,0.6900391004939256,2.256628873240878e-07,1.2452330217433086e-07,1.647671020773311e-07,0.0202126724896392,0.1587415336340771,3.44582557663665e-07,9.996537446056005e-08,-0.0054296012722838,-0.007937071687945,11087.0,0.0,0.8356760923639591,0.9333577853920362,0.4459056416232484,0.7300859144743024,0.4306957867862729,0.2787827545306491,0.6518864471172541,0.9459871575106308,100000,30,8,0.1,1.0,0.1,0,7,0.001,1e-06,0.001,1e-07,1.0,1e-08,adamax,0,0.0,disordered,1,0.0796086864122765,0 days 01:50:36.775576,0.0054297137947049,3.2640142186944057,2.9620023145008405
86,86,86,86,0.1306870229743345,0.1306870229743345,0.1306870229743345,0.1306870229743345,0.1306870229743345,0.1306870229743345,0.1306870229743345,0.1306870229743345,0.0233413002032397,0.0239792605769274,0.0996094187019775,1.0008139354897283,0.0174893681577425,0.9771280114369152,0.0852255679928574,0.0179085501516193,-0.003691989065923,-0.004703953080216,897.0,0.0,0.8043078809051966,0.2852017743720174,0.2281057563615371,0.771645461188267,0.70512847943679,0.8636017462548002,0.1463616109588943,0.8616792361529133,100000,30,8,0.1,1.0,0.1,0,7,0.001,1e-06,0.001,1e-07,1.0,1e-08,adamax,0,0.0,disordered,1,0.1313103749785541,0 days 01:50:36.775576,0.0036920019707879,3.6990834977145144,2.8981544427031114
87,87,87,87,0.2747120789270809,0.2747120789270809,0.2747120789270809,0.2747120789270809,0.2747120789270809,0.2747120789270809,0.2747120789270809,0.2747120789270809,0.1163758005931675,0.0873580355680914,0.07331993241976,1.0003996622916884,0.9692586977734876,0.1183992788684369,0.0840781120616385,0.2352021768611902,-0.002630955802961,-0.0032366132615119,578.0,0.0,0.4326254526587491,0.2733454783925543,0.3432446624926287,0.993503904012744,0.956032125019662,0.0837460354801209,0.3151884677170894,0.7195790246564682,100000,30,8,0.1,1.0,0.1,0,7,0.001,1e-06,0.001,1e-07,1.0,1e-08,adamax,0,0.0,disordered,1,0.2789889933269826,0 days 01:50:36.775576,0.0026310830676011,3.210104371820059,3.0370163433289816
88,88,88,88,0.3557150206821381,0.3557150206821381,0.3557150206821381,0.3557150206821381,0.3557150206821381,0.3557150206821381,0.3557150206821381,0.3557150206821381,0.3574233481176269,0.1801537169774307,0.2108383607746763,0.994039893287874,0.4761317504480578,0.1261992139808071,1.0020187461302223,0.1278683876679227,-0.0021202126559887,-0.0025035629823502,453.0,0.0,0.0353251316082889,0.0359236544371629,0.0448902934218323,0.8684448332578513,0.333732439660985,0.3187398327715118,0.7933438210501507,0.3185662914766022,100000,30,8,0.1,1.0,0.1,0,7,0.001,1e-06,0.001,1e-07,1.0,1e-08,adamax,0,0.0,disordered,1,0.3609736177052254,0 days 01:50:36.775576,0.002120296507754,2.871353878028692,2.782941320470954
89,89,89,89,0.2263129568399526,0.2263129568399526,0.2263129568399526,0.2263129568399526,0.2263129568399526,0.2263129568399526,0.2263129568399526,0.2263129568399526,0.0015083858146048,0.0014901530224719,0.0018169282621341,0.0038488046971476,0.0413241475327878,0.0929891438318882,1.0000721514195254,0.0128321614332647,-0.0032063802269899,-0.0046226496474444,2195.0,0.0,0.7384308555952237,0.3693407284032201,0.2975193133791652,0.3872265142953374,0.1680372426068077,0.0750111463073801,0.8712014465037485,0.8683831797645515,100000,30,8,0.1,1.0,0.1,0,7,0.001,1e-06,0.001,1e-07,1.0,1e-08,adamax,0,0.0,disordered,1,0.2278335628814432,0 days 01:50:36.775576,0.0032064165493291,3.5903293572414237,3.1821822496943093
90,90,90,90,0.4180637241455752,0.4180637241455752,0.4180637241455752,0.4180637241455752,0.4180637241455752,0.4180637241455752,0.4180637241455752,0.4180637241455752,0.3118622955025714,0.5432822145935271,0.8038404548021992,0.2831436856162896,1.001056640595008,0.9668016204335522,0.1676491624719538,0.1648221425549051,-0.0020285586024739,-0.0022233949291658,405.0,0.0,0.4608213428635008,0.6883762257244914,0.862649616262373,0.3907233758976288,0.7118103284257594,0.7547914201079906,0.0780746100305868,0.1381620728272963,100000,30,8,0.1,1.0,0.1,0,7,0.001,1e-06,0.001,1e-07,1.0,1e-08,adamax,0,0.0,disordered,1,0.4157928954863996,0 days 01:50:36.775576,0.0020285765428342,2.8596941194845833,2.664833519438411
91,91,91,91,0.333461801578636,0.333461801578636,0.333461801578636,0.333461801578636,0.333461801578636,0.333461801578636,0.333461801578636,0.333461801578636,0.341202437925156,0.478108334738772,0.1624970270708858,0.9897530959727292,0.8084453627174528,1.161438457043015e-07,9.999648815206117e-08,0.6286025299610727,-0.0022889305208129,-0.0024738950072083,26166.0,0.0,0.7503299824856386,0.7056489373809989,0.1852674819801918,0.8267319229556759,0.8009011709823957,0.332743528625158,0.3402819990903042,0.1105719933342548,100000,30,8,0.1,1.0,0.1,0,7,0.001,1e-06,0.001,1e-07,1.0,1e-08,adamax,0,0.0,disordered,1,0.3302149475631116,0 days 01:50:36.775576,0.0022889882541276,2.679420146144374,2.630560501777674
92,92,92,92,0.1148471547840287,0.1148471547840287,0.1148471547840287,0.1148471547840287,0.1148471547840287,0.1148471547840287,0.1148471547840287,0.1148471547840287,0.5859466053184968,0.7508573870457349,0.2213267578100841,0.0569324481909412,7.213770431264302e-07,0.1492401245701238,1.0638464132254622e-06,7.998485255391691e-07,-0.0045019693467432,-0.0060252081768391,10418.0,1.0,0.4454831559739022,0.1097612600786275,0.5434071419217806,0.6245833168710772,0.5819411427086918,0.0716485438516428,0.6216704469983908,0.7522149311552978,100000,30,8,0.1,1.0,0.1,0,7,0.001,1e-06,0.001,1e-07,1.0,1e-08,adamax,0,0.0,disordered,1,0.1140106974386437,0 days 01:50:36.775576,0.0045020138849432,2.56273962161148,2.4531648979100105
93,93,93,93,0.2659804395593755,0.2659804395593755,0.2659804395593755,0.2659804395593755,0.2659804395593755,0.2659804395593755,0.2659804395593755,0.2659804395593755,1.0004566743980443,0.3274915092295176,0.0737793875931741,0.1607464088706517,0.8910665863102539,0.994419993965026,0.0659432810250529,0.0663248436492775,-0.0028837298866776,-0.003651514407043,603.0,0.0,0.1418532078034277,0.5950767958664359,0.8190554752387017,0.1936194413797031,0.9134149207965668,0.971914081414014,0.7116445561732289,0.8720357680246629,100000,30,8,0.1,1.0,0.1,0,7,0.001,1e-06,0.001,1e-07,1.0,1e-08,adamax,0,0.0,disordered,1,0.2676545894388371,0 days 01:50:36.775576,0.0028837622842298,2.9209076646514998,2.5320077869441064
94,94,94,94,0.2414157116103016,0.2414157116103016,0.2414157116103016,0.2414157116103016,0.2414157116103016,0.2414157116103016,0.2414157116103016,0.2414157116103016,1.0001843327006,0.3109787871593055,0.1983061340930013,0.2696796273990582,0.0477845754821323,0.0747556599083427,0.0543272758520059,0.4020728806455613,-0.0028720875396149,-0.0032362362688885,739.0,0.0,0.2717827135360652,0.6649683870363727,0.9261442544579104,0.0447290207458562,0.8208245363224256,0.2369231670586005,0.8011131119296838,0.6424195402459892,100000,30,8,0.1,1.0,0.1,0,7,0.001,1e-06,0.001,1e-07,1.0,1e-08,adamax,0,0.0,disordered,1,0.2398727479000692,0 days 01:50:36.775576,0.0028721160707435,2.5398904202290473,2.682104080610656
95,95,95,95,0.1439847952876006,0.1439847952876006,0.1439847952876006,0.1439847952876006,0.1439847952876006,0.1439847952876006,0.1439847952876006,0.1439847952876006,0.3663655089862579,0.5373658622768471,0.422976859035216,2.826742118041409e-06,3.2658154652783525e-05,0.7168076972793344,1.7506142151914786e-06,0.2185117838875302,-0.0035701772487772,-0.0041000301241531,9452.0,1.0,0.8015446039715485,0.4009949802868912,0.4502160475125643,0.9242973251731486,0.0712337006125366,0.1562007268025876,0.9728324105112393,0.9132513066775164,100000,30,8,0.1,1.0,0.1,0,7,0.001,1e-06,0.001,1e-07,1.0,1e-08,adamax,0,0.0,disordered,1,0.1463259116228452,0 days 01:50:36.775576,0.0035703735661603,2.8644711977817456,2.9597057924843564
96,96,96,96,0.2337423870891812,0.2337423870891812,0.2337423870891812,0.2337423870891812,0.2337423870891812,0.2337423870891812,0.2337423870891812,0.2337423870891812,0.1354316824984973,0.9756864490426924,0.0902879307109593,0.9846279018654815,1.0018939089208707,0.054824893183667,0.0604608136361889,0.05580460824094,-0.0022432539026649,-0.0031864062617325,635.0,0.0,0.1468680542722815,0.9734592170118912,0.2654554315187777,0.892106866269302,0.9047752275802584,0.02374579364467,0.0097116349681444,0.3269948613028287,100000,30,8,0.1,1.0,0.1,0,7,0.001,1e-06,0.001,1e-07,1.0,1e-08,adamax,0,0.0,disordered,1,0.232537855658392,0 days 01:50:36.775576,0.0022432585664261,3.3727339064793274,3.0840293083219232
97,97,97,97,0.0325856247615322,0.0325856247615322,0.0325856247615322,0.0325856247615322,0.0325856247615322,0.0325856247615322,0.0325856247615322,0.0325856247615322,0.1622338937103583,4.78343021730651e-07,9.993696662189717e-08,1.6990603113631316e-07,1.404034614455065e-07,0.0068149075202943,7.152351280854984e-07,2.785618065960349e-07,-0.0050675793407181,-0.0084120210467804,8980.0,0.0,0.9311784773555224,0.7913436883497563,0.386850978460129,0.8580108138212066,0.3075618302920075,0.3474174026041087,0.1904783218387498,0.9595511044269076,100000,30,8,0.1,1.0,0.1,0,7,0.001,1e-06,0.001,1e-07,1.0,1e-08,adamax,0,0.0,disordered,1,0.0329636364221698,0 days 01:50:36.775576,0.0050676279767578,3.0722420482593638,3.246627924429281
98,98,98,98,0.1349772330233941,0.1349772330233941,0.1349772330233941,0.1349772330233941,0.1349772330233941,0.1349772330233941,0.1349772330233941,0.1349772330233941,0.0877345310597663,0.019259667042529,0.0201203578779253,1.000618632803596,0.0202014719871889,0.0237685509652615,0.0349362321953432,0.0647616280359712,-0.0039068713753855,-0.0056470758973785,875.0,0.0,0.8036306332035066,0.4624248054107556,0.2642765705883787,0.9659796005287032,0.3968199655598801,0.2107055644668479,0.4246563813836979,0.7191217102511182,100000,30,8,0.1,1.0,0.1,0,7,0.001,1e-06,0.001,1e-07,1.0,1e-08,adamax,0,0.0,disordered,1,0.137075408959246,0 days 01:50:36.775576,0.0039069698056834,3.450563100465743,3.0965524617685487
99,99,99,99,0.1925613572129196,0.1925613572129196,0.1925613572129196,0.1925613572129196,0.1925613572129196,0.1925613572129196,0.1925613572129196,0.1925613572129196,0.5254949396141015,1.0003558885748458,0.0335596644099851,0.0692403402867774,0.3529878413149059,0.0827317189412762,0.0292521764947914,0.3643977554561656,-0.003271867391269,-0.0036089999612047,851.0,0.0,0.770684798983071,0.1089855521364941,0.945930767553762,0.6745707526164916,0.0624957620655682,0.8374364376590171,0.9719037368942256,0.8377476422704673,100000,30,8,0.1,1.0,0.1,0,7,0.001,1e-06,0.001,1e-07,1.0,1e-08,adamax,0,0.0,disordered,1,0.1944688556029145,0 days 01:50:36.775576,0.0032719388518401,2.813306394514489,2.8298704993018906
100,100,100,100,0.2263129568399526,0.2263129568399526,0.2263129568399526,0.2263129568399526,0.2263129568399526,0.2263129568399526,0.2263129568399526,0.2263129568399526,1.000846402536598,0.534011327349251,0.3683166833598957,0.050278977776629,0.140433518206209,0.5711036809454417,0.0503930174893026,0.0726433908973174,-0.0029083593160464,-0.0038200258404559,655.0,0.0,0.0097848792944588,0.4730889081790549,0.5891737739594198,0.8879986937026283,0.5027604854148191,0.0773238153824005,0.933525505036036,0.951735797816364,100000,30,8,0.1,1.0,0.1,0,7,0.001,1e-06,0.001,1e-07,1.0,1e-08,adamax,0,0.0,disordered,1,0.2252029816273555,0 days 01:50:36.775576,0.0029083773693415,2.5629751507759244,2.575842074521935
101,101,101,101,0.0038652211626312,0.0038652211626312,0.0038652211626312,0.0038652211626312,0.0038652211626312,0.0038652211626312,0.0038652211626312,0.0038652211626312,1.9237005813557762e-07,2.4460496650954915e-06,1.2616505019589078e-07,9.99804529772095e-08,0.0131070625149591,0.0303839635201469,8.959896712855487e-07,0.2303520019407185,-0.0026303011968887,-0.0041075684421508,7886.0,0.0,0.4861622150139764,0.0534427364833297,0.8388906791646739,0.7416726764410203,0.9712340798009208,0.0073136945373993,0.4354944495200968,0.2838023986323703,100000,30,8,0.1,1.0,0.1,0,7,0.001,1e-06,0.001,1e-07,1.0,1e-08,adamax,0,0.0,disordered,1,0.0038436284681754,0 days 01:50:36.775576,0.0026303038130153,3.98066274596519,3.7724921621150567
102,102,102,102,0.367392478180207,0.367392478180207,0.367392478180207,0.367392478180207,0.367392478180207,0.367392478180207,0.367392478180207,0.367392478180207,0.6692840359076011,0.3022779414946491,0.4275014946543859,0.133641759028913,0.1346601108923169,1.0016743567827882,0.761736465433976,0.1574173370191549,-0.0021105868247648,-0.0023427186722784,440.0,0.0,0.1077050956833312,0.7351346026730965,0.3412149163770641,0.0389691391211579,0.1336268057264049,0.8060002972277002,0.60587101798938,0.2150506251736147,100000,30,8,0.1,1.0,0.1,0,7,0.001,1e-06,0.001,1e-07,1.0,1e-08,adamax,0,0.0,disordered,1,0.3698711191897086,0 days 01:50:36.775576,0.0021106072954529,2.869959305583514,2.8117295919058254
103,103,103,103,0.0805029181229597,0.0805029181229597,0.0805029181229597,0.0805029181229597,0.0805029181229597,0.0805029181229597,0.0805029181229597,0.0805029181229597,0.2361047178723151,0.8966849415777487,0.0306776693850006,5.585239836183577e-07,6.603532631829193e-06,0.1132391016144813,1.198384899976901e-06,0.056244898825394,-0.0053736182585233,-0.0062677638615798,10295.0,1.0,0.6960422280017734,0.1304047937127705,0.6731877575019788,0.6550402554226945,0.0055257315325957,0.5115154737487803,0.7263154319326705,0.7585337396231457,100000,30,8,0.1,1.0,0.1,0,7,0.001,1e-06,0.001,1e-07,1.0,1e-08,adamax,0,0.0,disordered,1,0.0795243569717966,0 days 01:50:36.775576,0.0053737521019309,2.68336090420146,2.6342840051816845
104,104,104,104,0.2747120789270809,0.2747120789270809,0.2747120789270809,0.2747120789270809,0.2747120789270809,0.2747120789270809,0.2747120789270809,0.2747120789270809,0.3544353725200168,1.000222720103346,0.6759894951172257,0.9330780370654386,0.2670851411056619,0.1132981352545929,0.0834572501097942,0.0742155340439929,-0.0026567707689398,-0.003139055735925,630.0,0.0,0.7057083392270682,0.8850456138709182,0.7562078404723139,0.9219899000274794,0.414807003582114,0.0341609866651546,0.1810034150072165,0.2877822813860587,100000,30,8,0.1,1.0,0.1,0,7,0.001,1e-06,0.001,1e-07,1.0,1e-08,adamax,0,0.0,disordered,1,0.2783491654826037,0 days 01:50:36.775576,0.0026568992942475,2.770381955424154,2.6051563263037827
105,105,105,105,0.2747120789270809,0.2747120789270809,0.2747120789270809,0.2747120789270809,0.2747120789270809,0.2747120789270809,0.2747120789270809,0.2747120789270809,0.9361029742940856,0.6025149126891927,0.3546378854478177,0.4047295135721923,0.4436716890619183,0.0229400706357868,1.0005415024609672,0.002188394625752,-0.0028579364452405,-0.0032992549193604,4587.0,0.0,0.0417916138033247,0.1081595418560484,0.5187791211329045,0.2524893831318888,0.2855351348958012,0.7414695266286413,0.854679634313597,0.8620398082340321,100000,30,8,0.1,1.0,0.1,0,7,0.001,1e-06,0.001,1e-07,1.0,1e-08,adamax,0,0.0,disordered,1,0.2760991144163824,0 days 01:50:36.775576,0.0028579597471885,2.653185902724869,2.500818006223
106,106,106,106,0.2121550171362449,0.2121550171362449,0.2121550171362449,0.2121550171362449,0.2121550171362449,0.2121550171362449,0.2121550171362449,0.2121550171362449,0.0464732568704747,0.9913335753080402,1.0019821555445385,0.0442468826207793,0.0443917342566463,0.9965881840990524,0.0448797635228647,0.1547119085312466,-0.002672534453879,-0.0038281126604053,678.0,0.0,0.3706215974025555,0.709630073307115,0.8523046329128582,0.1509575400611467,0.2005536674721244,0.6479602930950665,0.2655503599204205,0.1926771538050761,100000,30,8,0.1,1.0,0.1,0,7,0.001,1e-06,0.001,1e-07,1.0,1e-08,adamax,0,0.0,disordered,1,0.2144848642348024,0 days 01:50:36.775576,0.0026725697598834,3.2108967341510293,2.791635190062552
107,107,107,107,0.2191196687578146,0.2191196687578146,0.2191196687578146,0.2191196687578146,0.2191196687578146,0.2191196687578146,0.2191196687578146,0.2191196687578146,0.0054662153403876,0.0017364649047103,1.0000342500275068,0.1660163044623169,0.0089723066934408,0.0033918181825629,0.0030027316824655,0.537049953165398,-0.0031802336353597,-0.0037039350346603,2267.0,0.0,0.367520227322573,0.0159832471722322,0.4383192764607815,0.0472699422103378,0.2447102483994975,0.2175422008613383,0.3294452338784563,0.1253899564827365,100000,30,8,0.1,1.0,0.1,0,7,0.001,1e-06,0.001,1e-07,1.0,1e-08,adamax,0,0.0,disordered,1,0.2180310734244102,0 days 01:50:36.775576,0.0031802505891136,3.6351533159267984,2.6124537788556395
108,108,108,108,0.2659804395593755,0.2659804395593755,0.2659804395593755,0.2659804395593755,0.2659804395593755,0.2659804395593755,0.2659804395593755,0.2659804395593755,0.3197242386892364,0.0773031207902168,0.0706673245176156,1.0014564008448654,0.9146059110945628,0.0942841410064529,0.4308144394385485,0.0716128930643253,-0.0026612025553739,-0.0032649465896442,579.0,0.0,0.4711964164244566,0.6878566433246712,0.338928923504192,0.9271932187857496,0.8597668788883609,0.3060151354329368,0.038900403522143,0.7681917007692237,100000,30,8,0.1,1.0,0.1,0,7,0.001,1e-06,0.001,1e-07,1.0,1e-08,adamax,0,0.0,disordered,1,0.269025915439241,0 days 01:50:36.775576,0.0026612722964259,3.209768392197671,2.868528394454223
109,109,109,109,0.1988827856988807,0.1988827856988807,0.1988827856988807,0.1988827856988807,0.1988827856988807,0.1988827856988807,0.1988827856988807,0.1988827856988807,0.7061213297697473,0.3354724106995899,0.0597405684072864,1.001237179773952,0.0778514938552801,0.0923584564371575,0.039779830741127,0.0454286937151157,-0.0033554787445091,-0.0044777932051942,710.0,0.0,0.2400123129050898,0.3321610405787516,0.5793352263468351,0.998879676887163,0.2996775666119918,0.4685230029239946,0.6274508828630837,0.6833723791568794,100000,30,8,0.1,1.0,0.1,0,7,0.001,1e-06,0.001,1e-07,1.0,1e-08,adamax,0,0.0,disordered,1,0.1982745275102929,0 days 01:50:36.775576,0.0033554849299011,2.712199661641306,2.656004595166913
110,110,110,110,0.293044697697214,0.293044697697214,0.293044697697214,0.293044697697214,0.293044697697214,0.293044697697214,0.293044697697214,0.293044697697214,0.9297915669532212,0.1249140382982591,0.0862068988634897,0.0861001513551749,0.0866333378230146,0.2046379340095794,1.0018847149947203,0.0859142945098831,-0.0026936734060431,-0.0035064745728188,537.0,0.0,0.2121661834498004,0.595321747502258,0.5441064429064965,0.6585798628076089,0.114996975033249,0.126294515936877,0.9755274904159574,0.8213015645453736,100000,30,8,0.1,1.0,0.1,0,7,0.001,1e-06,0.001,1e-07,1.0,1e-08,adamax,0,0.0,disordered,1,0.2894416686819898,0 days 01:50:36.775576,0.0026937936624282,2.994633420639025,2.8230917699677507
111,111,111,111,0.1487115462808952,0.1487115462808952,0.1487115462808952,0.1487115462808952,0.1487115462808952,0.1487115462808952,0.1487115462808952,0.1487115462808952,0.0632416657846886,1.001247862378002,0.9996530782720752,0.0348412685450094,0.3631998222607314,0.0220969120823772,0.0252779581091573,0.0237720562577912,-0.0039777832621918,-0.0050314484108234,829.0,0.0,0.8275573150954998,0.9341044081009072,0.9606477600179142,0.3934875320999323,0.7540671762368577,0.6416200925555191,0.5598502694613712,0.6793483833215337,100000,30,8,0.1,1.0,0.1,0,7,0.001,1e-06,0.001,1e-07,1.0,1e-08,adamax,0,0.0,disordered,1,0.1502603239600381,0 days 01:50:36.775576,0.0039778687672237,3.0246038353353697,2.5052831559972306
112,112,112,112,0.1747772774464679,0.1747772774464679,0.1747772774464679,0.1747772774464679,0.1747772774464679,0.1747772774464679,0.1747772774464679,0.1747772774464679,1.0007981607047267,0.0274508068331705,0.0805036705411529,0.0790971456451119,0.460920598692863,0.0849195287650457,0.2557606117521747,0.0279230367410798,-0.0031103451946429,-0.0042042184825449,811.0,0.0,0.3194334511245228,0.8621787179353753,0.4070223282075782,0.1481786877104517,0.01098085101386,0.6391893320658769,0.2316316889649254,0.9560655599081944,100000,30,8,0.1,1.0,0.1,0,7,0.001,1e-06,0.001,1e-07,1.0,1e-08,adamax,0,0.0,disordered,1,0.1771794906924895,0 days 01:50:36.775576,0.0031104574006999,3.438582647091631,2.9952176816646783
113,113,113,113,0.3794532847236935,0.3794532847236935,0.3794532847236935,0.3794532847236935,0.3794532847236935,0.3794532847236935,0.3794532847236935,0.3794532847236935,0.1447769044383385,0.2637963489894521,1.0008122368258194,0.7899029549563491,0.98999784128152,0.9751565873856548,0.143977034827213,0.1441267474193935,-0.001994025857556,-0.0024254979375766,424.0,0.0,0.195004457412108,0.3161794080516598,0.9841316837334272,0.5198546202904285,0.9220245989560004,0.781437673828669,0.1189656934694649,0.2159834369804282,100000,30,8,0.1,1.0,0.1,0,7,0.001,1e-06,0.001,1e-07,1.0,1e-08,adamax,0,0.0,disordered,1,0.381865908699601,0 days 01:50:36.775576,0.0019940436964899,3.2585922063675823,2.8008295163218664
114,114,114,114,0.5591070776755287,0.5591070776755287,0.5591070776755287,0.5591070776755287,0.5591070776755287,0.5591070776755287,0.5591070776755287,0.5591070776755287,0.631389542778364,0.3410079197408583,0.1439975564303869,0.1434810948704054,0.1303128708028235,0.1268206409177476,0.5519624109136416,1.0001554825497172,-0.0017010125558435,-0.0018395187041994,866.0,0.0,0.3871775574072005,0.8809562507227594,0.3339882823452316,0.463082038554324,0.4807654820193242,0.3247552471025198,0.7864852844832143,0.0548267275661812,100000,30,8,0.1,1.0,0.1,0,7,0.001,1e-06,0.001,1e-07,1.0,1e-08,adamax,0,0.0,disordered,1,0.5640034190911828,0 days 01:50:36.775576,0.0017010519690229,2.612279400680423,2.7647552819297316
115,115,115,115,0.2337423870891812,0.2337423870891812,0.2337423870891812,0.2337423870891812,0.2337423870891812,0.2337423870891812,0.2337423870891812,0.2337423870891812,1.0006523022074951,0.0717517556019392,0.050673552143438,0.050277256044848,0.0532543665606161,0.2219964660646682,0.28246374221908,0.0535507812844678,-0.0030073617929019,-0.0040578735825042,670.0,0.0,0.2259101612470958,0.8250852070925885,0.6163417034041984,0.51182482978383,0.3695079637628718,0.1301395767928599,0.4567843092033645,0.9870944758123702,100000,30,8,0.1,1.0,0.1,0,7,0.001,1e-06,0.001,1e-07,1.0,1e-08,adamax,0,0.0,disordered,1,0.2350935052127087,0 days 01:50:36.775576,0.0030073843119043,3.104901407632904,2.876292318456316
116,116,116,116,0.4180637241455752,0.4180637241455752,0.4180637241455752,0.4180637241455752,0.4180637241455752,0.4180637241455752,0.4180637241455752,0.4180637241455752,0.1319807706419798,0.129027609203352,1.0018309788958502,0.5752639288298471,0.9182069642624848,0.6161704397039038,0.0925462802373015,0.7865650762862444,-0.0019113154121415,-0.0020193308090374,700.0,0.0,0.5950884747622851,0.5765793507415918,0.9901185849563507,0.8854033802553948,0.9991993182784584,0.9536333395616264,0.6674968517385982,0.3053121936604561,100000,30,8,0.1,1.0,0.1,0,7,0.001,1e-06,0.001,1e-07,1.0,1e-08,adamax,0,0.0,disordered,1,0.419920364972463,0 days 01:50:36.775576,0.0019113249136622,2.933635107361517,2.5941139635456296
117,117,117,117,0.1925613572129196,0.1925613572129196,0.1925613572129196,0.1925613572129196,0.1925613572129196,0.1925613572129196,0.1925613572129196,0.1925613572129196,0.0616882199145328,0.0518900231926669,0.98704702975821,0.0909980091396862,0.0368339375808671,1.0007575555988786,0.0363216093669531,0.0372124575342246,-0.003407159161527,-0.0053763943462801,725.0,0.0,0.6281431780271564,0.3482098358137734,0.810769530791913,0.1373004610757547,0.4625463334785304,0.8407760221468864,0.4545120864552048,0.6010178494198809,100000,30,8,0.1,1.0,0.1,0,7,0.001,1e-06,0.001,1e-07,1.0,1e-08,adamax,0,0.0,disordered,1,0.193197128083662,0 days 01:50:36.775576,0.0034071660023871,3.363196635333186,2.798060099830603
118,118,118,118,0.2659804395593755,0.2659804395593755,0.2659804395593755,0.2659804395593755,0.2659804395593755,0.2659804395593755,0.2659804395593755,0.2659804395593755,1.0002658494970982,0.6320774218306765,0.5703475188665819,0.0698945973388054,0.1070809925251005,0.1363143477420686,0.0990495792577692,0.084319548122737,-0.0029699407441144,-0.0036194295373402,638.0,0.0,0.098282937984683,0.2851049834564449,0.954485228687717,0.6569395453324917,0.3649391687249511,0.5168811759658247,0.7748685781334842,0.7874703499468639,100000,30,8,0.1,1.0,0.1,0,7,0.001,1e-06,0.001,1e-07,1.0,1e-08,adamax,0,0.0,disordered,1,0.2691951234297594,0 days 01:50:36.775576,0.0029700662625433,2.5813696384899694,2.630688954282122
119,119,119,119,0.1864408533970484,0.1864408533970484,0.1864408533970484,0.1864408533970484,0.1864408533970484,0.1864408533970484,0.1864408533970484,0.1864408533970484,1.1691821891339162e-06,5.27569231741726e-07,9.997411413414145e-08,2.678819726749872e-07,0.2791241679626021,0.5879887343727576,3.888682858675115e-07,9.619405290756898e-07,-0.0032729955173132,-0.0044697193934078,10184.0,0.0,0.8279679389790622,0.2896426787975475,0.2383059387980907,0.6385084824992602,0.5272006473755549,0.5648867514980614,0.2146149182040537,0.3186241281654006,100000,30,8,0.1,1.0,0.1,0,7,0.001,1e-06,0.001,1e-07,1.0,1e-08,adamax,0,0.0,disordered,1,0.1848832344348822,0 days 01:50:36.775576,0.0032730391686877,2.66586484326738,2.7387049283103555
120,120,120,120,0.1439847952876006,0.1439847952876006,0.1439847952876006,0.1439847952876006,0.1439847952876006,0.1439847952876006,0.1439847952876006,0.1439847952876006,0.1691639741397063,0.1193841411455303,5.820550931564863e-07,3.305844627776852e-07,0.6001183689068952,0.1445944547693893,0.1493572275835531,9.999917860578624e-08,-0.0037848490981085,-0.0044505537808402,18179.0,0.0,0.7520531805662839,0.3583232572055379,0.7574855506164321,0.0466446628262281,0.9508661797045698,0.208073038688888,0.4782076330508558,0.9208852532322118,100000,30,8,0.1,1.0,0.1,0,7,0.001,1e-06,0.001,1e-07,1.0,1e-08,adamax,0,0.0,disordered,1,0.1445296478328804,0 days 01:50:36.775576,0.0037848611317486,3.2873707793251814,3.0022922507106453
121,121,121,121,0.3794532847236935,0.3794532847236935,0.3794532847236935,0.3794532847236935,0.3794532847236935,0.3794532847236935,0.3794532847236935,0.3794532847236935,0.1485463301430765,0.1867527186306035,0.9661557202787028,1.0015393815822051,0.5647376818883447,0.144248195384833,0.8648353626123477,0.1480472530005029,-0.0021275259249327,-0.0024372711636259,419.0,0.0,0.2534796826385556,0.22738427258263,0.9856407059323568,0.9044301672206756,0.5322461972191177,0.0610219450589694,0.6046687082088471,0.2515781875767063,100000,30,8,0.1,1.0,0.1,0,7,0.001,1e-06,0.001,1e-07,1.0,1e-08,adamax,0,0.0,disordered,1,0.37941464647589,0 days 01:50:36.775576,0.0021275259363082,3.180521391116737,2.846411543115954
122,122,122,122,0.4047756965997316,0.4047756965997316,0.4047756965997316,0.4047756965997316,0.4047756965997316,0.4047756965997316,0.4047756965997316,0.4047756965997316,0.6957168241244057,0.7142526367122863,0.2466667309175284,0.1823390558691672,0.1674058900946109,0.169123682547256,1.0001285600909695,0.1925535669619994,-0.002043361454274,-0.0022878576834227,400.0,0.0,0.2140104759049822,0.9321430366726656,0.6194232422172982,0.4440395249769181,0.0626588585856636,0.3716213986030104,0.863983149761172,0.302676282624697,100000,30,8,0.1,1.0,0.1,0,7,0.001,1e-06,0.001,1e-07,1.0,1e-08,adamax,0,0.0,disordered,1,0.4015303371659268,0 days 01:50:36.775576,0.0020433906785908,2.7138165552490876,2.824447593749098
123,123,123,123,0.2121550171362449,0.2121550171362449,0.2121550171362449,0.2121550171362449,0.2121550171362449,0.2121550171362449,0.2121550171362449,0.2121550171362449,0.7732135847639577,0.1256683804182733,0.0620557465262722,0.0463201554396703,1.0006732804035043,0.0877108704645887,0.053307706683352,0.0446182494459849,-0.0035298765845496,-0.0049296792892086,678.0,0.0,0.3227942730688419,0.6068560668114126,0.2521406786205266,0.5569347628095851,0.7686825338221793,0.2866737766544271,0.4727508707947953,0.5762673366342947,100000,30,8,0.1,1.0,0.1,0,7,0.001,1e-06,0.001,1e-07,1.0,1e-08,adamax,0,0.0,disordered,1,0.2114442812708811,0 days 01:50:36.775576,0.003529887190085,2.7570855451605443,2.6403165182951267
124,124,124,124,0.2263129568399526,0.2263129568399526,0.2263129568399526,0.2263129568399526,0.2263129568399526,0.2263129568399526,0.2263129568399526,0.2263129568399526,0.8324697462444973,0.7046737146960665,0.7297416626341753,0.5754711202255327,5.089473585106486e-06,0.5600157984569981,0.0249280915959285,3.186690729988572e-06,-0.0029984636398382,-0.0037698875048936,10032.0,1.0,0.363331391445274,0.2236183745546042,0.1144018670174983,0.5654837920917276,0.937429217870874,0.0187662025074489,0.8656634618701456,0.9624731102430444,100000,30,8,0.1,1.0,0.1,0,7,0.001,1e-06,0.001,1e-07,1.0,1e-08,adamax,0,0.0,disordered,1,0.2251580560275282,0 days 01:50:36.775576,0.0029984862272273,2.5283455514228494,2.6247675175455782
125,125,125,125,0.4180637241455752,0.4180637241455752,0.4180637241455752,0.4180637241455752,0.4180637241455752,0.4180637241455752,0.4180637241455752,0.4180637241455752,0.6544929803500205,0.7661873166723591,0.0229017322928133,0.0212396259679551,0.0357134171497479,0.0632591123737208,0.040509658229886,1.000032884516297,-0.0021324582767651,-0.0024723165527807,1285.0,0.0,0.5423265014841474,0.967883458447882,0.7047824365175038,0.5452252080293496,0.4636750178949943,0.4663990069336898,0.6819967270741285,0.2345053687759503,100000,30,8,0.1,1.0,0.1,0,7,0.001,1e-06,0.001,1e-07,1.0,1e-08,adamax,0,0.0,disordered,1,0.4198068767948968,0 days 01:50:36.775576,0.0021324696923086,2.6286796813869837,2.670544895737887
126,126,126,126,0.333461801578636,0.333461801578636,0.333461801578636,0.333461801578636,0.333461801578636,0.333461801578636,0.333461801578636,0.333461801578636,0.4630719024898378,0.1122174682269702,1.0021832498111314,0.9823254415707808,0.1175104577219113,0.123131502020372,0.1291895235157555,0.5650269312113484,-0.0022789613337066,-0.0025616547527461,480.0,0.0,0.7154011245036019,0.490989737027474,0.6746622185381884,0.9408617504122404,0.2334536817920307,0.4032255184610195,0.2751601289752232,0.0526764147171315,100000,30,8,0.1,1.0,0.1,0,7,0.001,1e-06,0.001,1e-07,1.0,1e-08,adamax,0,0.0,disordered,1,0.3365535700866114,0 days 01:50:36.775576,0.0022790115460117,2.7565637308605653,2.665580865499074
127,127,127,127,0.4047756965997316,0.4047756965997316,0.4047756965997316,0.4047756965997316,0.4047756965997316,0.4047756965997316,0.4047756965997316,0.4047756965997316,0.2531210020152481,0.2752625885874163,0.9986798533156734,0.4737520014629743,0.162271140807625,1.0021404472188056,0.2364192018266972,0.1634939293590321,-0.0020689210663907,-0.0023683864897093,397.0,0.0,0.6220897071828432,0.628520015007522,0.9994108501412068,0.6010269037381571,0.3961064626087849,0.9011587193387256,0.0153843211944366,0.3027069692435673,100000,30,8,0.1,1.0,0.1,0,7,0.001,1e-06,0.001,1e-07,1.0,1e-08,adamax,0,0.0,disordered,1,0.4085010990344264,0 days 01:50:36.775576,0.0020689646278253,2.811776447455538,2.7485839291215
128,128,128,128,0.5074705239490462,0.5074705239490462,0.5074705239490462,0.5074705239490462,0.5074705239490462,0.5074705239490462,0.5074705239490462,0.5074705239490462,0.2236811531706501,0.212317126864802,0.1908008957560929,0.5940517277174012,0.2057679608078515,0.2055800151897389,1.0007436630506623,0.6010177250253311,-0.0017012132514189,-0.0018878016730215,424.0,0.0,0.7519290472142671,0.1614870135216741,0.3612359751794584,0.8490636365580233,0.3446746493451292,0.242960708934384,0.8905882682808496,0.0774172052746193,100000,30,8,0.1,1.0,0.1,0,7,0.001,1e-06,0.001,1e-07,1.0,1e-08,adamax,0,0.0,disordered,1,0.5007950061839542,0 days 01:50:36.775576,0.0017012804994246,2.8179660714058303,2.8545241972039794
129,129,129,129,0.3026648059395688,0.3026648059395688,0.3026648059395688,0.3026648059395688,0.3026648059395688,0.3026648059395688,0.3026648059395688,0.3026648059395688,0.0879928014524866,0.0876905732774191,0.1160308574752454,0.140963409834382,0.1268188328196424,1.001262464164711,0.1103672187945352,0.528403113640866,-0.0025304230909153,-0.002862358192959,538.0,0.0,0.856691807280719,0.3153846173974736,0.2077847171545707,0.4878787630597822,0.4834181147525649,0.9646969872568616,0.7525046995401022,0.4601224335495554,100000,30,8,0.1,1.0,0.1,0,7,0.001,1e-06,0.001,1e-07,1.0,1e-08,adamax,0,0.0,disordered,1,0.2982014396664308,0 days 01:50:36.775576,0.0025305579205629,3.2203588280223383,2.922184706230493
130,130,130,130,0.4757236139187883,0.4757236139187883,0.4757236139187883,0.4757236139187883,0.4757236139187883,0.4757236139187883,0.4757236139187883,0.4757236139187883,0.7468404101844313,0.703321290708325,0.169540102534857,0.2021669739832371,0.1095544590808247,0.1514974798569694,0.2014091260249092,1.0003625433220016,-0.0018897222278025,-0.0020267969402648,673.0,0.0,0.559448179377736,0.3183682671306512,0.9827215923343974,0.3859388031179065,0.8856894269797009,0.6560771856866561,0.9161440724365804,0.3545676606804618,100000,30,8,0.1,1.0,0.1,0,7,0.001,1e-06,0.001,1e-07,1.0,1e-08,adamax,0,0.0,disordered,1,0.4786992936114151,0 days 01:50:36.775576,0.0018897435075091,2.60229302022061,2.7810856094452228
131,131,131,131,0.2493409369951876,0.2493409369951876,0.2493409369951876,0.2493409369951876,0.2493409369951876,0.2493409369951876,0.2493409369951876,0.2493409369951876,0.7260198379645688,0.543014329900381,0.1935486859517465,1.0010297822870644,0.0623164993329783,0.0831564524299054,0.0782716016923641,0.233375411132172,-0.0029806839965112,-0.0034641801421347,605.0,0.0,0.4166964266045845,0.3693269630957549,0.8270428182013859,0.9531227652913028,0.8245693322036489,0.4514212725251594,0.8290967274280593,0.7301863689728796,100000,30,8,0.1,1.0,0.1,0,7,0.001,1e-06,0.001,1e-07,1.0,1e-08,adamax,0,0.0,disordered,1,0.2480246729703774,0 days 01:50:36.775576,0.002980704501753,2.5140861239356487,2.5794134824569603
132,132,132,132,0.2337423870891812,0.2337423870891812,0.2337423870891812,0.2337423870891812,0.2337423870891812,0.2337423870891812,0.2337423870891812,0.2337423870891812,0.0853866152900792,0.0885806175470752,0.1286257374772718,0.8634995978227581,0.0860931097495352,0.0538790400708448,1.000061471260695,0.0539903002989336,-0.003249256226559,-0.0040026764869066,644.0,0.0,0.5191332376501886,0.1834950095969402,0.2378709334464719,0.7037642552418423,0.1987394069753326,0.5603459846190683,0.8041887075195945,0.6538980773741612,100000,30,8,0.1,1.0,0.1,0,7,0.001,1e-06,0.001,1e-07,1.0,1e-08,adamax,0,0.0,disordered,1,0.2312229923090213,0 days 01:50:36.775576,0.0032493529260623,3.0789694948052406,2.7599673336720687
133,133,133,133,1e-07,1e-07,1e-07,1e-07,1e-07,1e-07,1e-07,1e-07,9.742190886801548e-08,1.0704073843217613e-07,9.334725429651508e-08,9.334644598356429e-08,9.333389358093865e-08,9.337715129953173e-08,1.021598317325271e-07,1.0228648890832505e-07,-0.0048794650590896,-0.0048820518752598,30.0,0.0,0.6097557171857994,0.2577333633717787,0.119935968613166,0.0339098497467681,0.0463400935683828,0.2317624605308721,0.5576826791052716,0.4236802611593196,100000,30,8,0.1,1.0,0.1,0,7,0.001,1e-06,0.001,1e-07,1.0,1e-08,adamax,0,0.0,disordered,1,9.334149950973021e-08,0 days 01:50:36.775576,0.0048820150932713,2.776428322839689,2.776388903810894
134,134,134,134,0.3228628202536728,0.3228628202536728,0.3228628202536728,0.3228628202536728,0.3228628202536728,0.3228628202536728,0.3228628202536728,0.3228628202536728,0.4306536767104736,0.1645927490168721,0.1109761522871771,1.001072833706064,0.9723488329294888,0.1084003913537319,0.1754270333629217,0.405305709328642,-0.0023380257861286,-0.0025526771834913,494.0,0.0,0.2040989308365327,0.3026871386777993,0.4612512907545262,0.798942229904156,0.6559291488966292,0.0409055308440315,0.4815189960665327,0.1859971408619078,100000,30,8,0.1,1.0,0.1,0,7,0.001,1e-06,0.001,1e-07,1.0,1e-08,adamax,0,0.0,disordered,1,0.3254012061586175,0 days 01:50:36.775576,0.0023380568902136,2.785185375913178,2.688495028827629
135,135,135,135,0.3557150206821381,0.3557150206821381,0.3557150206821381,0.3557150206821381,0.3557150206821381,0.3557150206821381,0.3557150206821381,0.3557150206821381,0.4380238906315878,1.941971960853968e-05,0.1910188477627125,0.2291359793393019,0.5071341663976454,0.7879496999447168,0.1485255719403463,0.2223518085311738,-0.0022476724145934,-0.0023721785010078,8159.0,1.0,0.8548328677142727,0.8849042337673497,0.5546647111131409,0.7364080424825971,0.686781002516244,0.8168348678564569,0.2788157443291197,0.2292883141352593,100000,30,8,0.1,1.0,0.1,0,7,0.001,1e-06,0.001,1e-07,1.0,1e-08,adamax,0,0.0,disordered,1,0.3550725542346958,0 days 01:50:36.775576,0.0022476758977156,2.5206500104075364,2.5834719543321305
136,136,136,136,0.4913407286296357,0.4913407286296357,0.4913407286296357,0.4913407286296357,0.4913407286296357,0.4913407286296357,0.4913407286296357,0.4913407286296357,0.1315306977916576,1.001996783512841,0.1932602901752446,0.1279811076839228,0.1272053446278154,0.1577139191010329,0.3173772161347844,0.9831046355582546,-0.001875300495313,-0.0021099192046366,584.0,0.0,0.7463090556139563,0.9590819260938424,0.2298178228373562,0.5677739835398896,0.5442195125318621,0.3735582233951082,0.7502377867354061,0.1317663476758382,100000,30,8,0.1,1.0,0.1,0,7,0.001,1e-06,0.001,1e-07,1.0,1e-08,adamax,0,0.0,disordered,1,0.486007099721408,0 days 01:50:36.775576,0.0018753685565851,2.8921407533181562,2.7822705905313443
137,137,137,137,0.3794532847236935,0.3794532847236935,0.3794532847236935,0.3794532847236935,0.3794532847236935,0.3794532847236935,0.3794532847236935,0.3794532847236935,0.1608393824678287,0.147180833723081,1.0019134723638092,0.6653058238143961,0.4744888936519627,0.9911778471428674,0.1682635132818295,0.1455158891693886,-0.0022794754109862,-0.0025728544744253,426.0,0.0,0.3717770738280922,0.4310672285924066,0.9529997793113488,0.6843037903798886,0.7109588786233508,0.9997911436030892,0.2267787050296258,0.6035266324041912,100000,30,8,0.1,1.0,0.1,0,7,0.001,1e-06,0.001,1e-07,1.0,1e-08,adamax,0,0.0,disordered,1,0.3821114667316789,0 days 01:50:36.775576,0.0022795060402395,3.060301644813914,2.773386427391027
138,138,138,138,0.2414157116103016,0.2414157116103016,0.2414157116103016,0.2414157116103016,0.2414157116103016,0.2414157116103016,0.2414157116103016,0.2414157116103016,1.0002332291857294,0.7736680746790097,0.3352141394619835,0.0577483762674194,0.0568381383793309,0.0640655836066568,0.0589214757593966,0.0583278352164013,-0.0032062961777441,-0.0045456943091264,628.0,0.0,0.1076616957623852,0.1624966741586189,0.6961278409738247,0.8259834276770187,0.6357975895967353,0.5797828945619068,0.790630726295852,0.9562374211517236,100000,30,8,0.1,1.0,0.1,0,7,0.001,1e-06,0.001,1e-07,1.0,1e-08,adamax,0,0.0,disordered,1,0.2401204941480559,0 days 01:50:36.775576,0.0032063255481263,2.526896294481759,2.4685184047227575
139,139,139,139,0.0408528580392855,0.0408528580392855,0.0408528580392855,0.0408528580392855,0.0408528580392855,0.0408528580392855,0.0408528580392855,0.0408528580392855,3.428507196483848e-06,0.3682383320126172,2.077344509543179e-07,4.029303916000816e-07,9.99018889322111e-08,3.879175502498917e-07,0.0023470322048649,7.953454062769493e-07,-0.006261536560564,-0.0085100691464036,8906.0,0.0,0.9255221732521834,0.8087770068293173,0.4321179044971832,0.7663340080029579,0.2338323123187341,0.904048678156823,0.2797343041595618,0.9803847111856008,100000,30,8,0.1,1.0,0.1,0,7,0.001,1e-06,0.001,1e-07,1.0,1e-08,adamax,0,0.0,disordered,1,0.0412273671730378,0 days 01:50:36.775576,0.0062616179210206,2.9876471922667873,2.74207854021166
140,140,140,140,0.293044697697214,0.293044697697214,0.293044697697214,0.293044697697214,0.293044697697214,0.293044697697214,0.293044697697214,0.293044697697214,0.6129518330543128,0.4228278979120539,0.3911437463482349,0.4213527720889727,0.4539520582759568,0.5966027353469726,0.1736952439278019,8.019524069960538e-06,-0.0028868903445996,-0.0031018659519728,9801.0,1.0,0.3016832549624413,0.2640832767535498,0.3363274420383708,0.4851418951388808,0.2002006434705995,0.2637231920312685,0.8842365683840808,0.9313198157180764,100000,30,8,0.1,1.0,0.1,0,7,0.001,1e-06,0.001,1e-07,1.0,1e-08,adamax,0,0.0,disordered,1,0.2956725740538021,0 days 01:50:36.775576,0.0028869649136859,2.7582616280558514,2.706328018462803
141,141,141,141,0.2747120789270809,0.2747120789270809,0.2747120789270809,0.2747120789270809,0.2747120789270809,0.2747120789270809,0.2747120789270809,0.2747120789270809,0.8734485778604587,0.1557273260575367,0.1338829606981371,1.0011910863025155,0.2857238392838981,0.0354387480574456,0.6627459475955252,0.0882726330375665,-0.0028144265211861,-0.0031464892573666,958.0,0.0,0.1553798826124388,0.4413512264260195,0.4198464085418141,0.8282891159533825,0.6604139492479763,0.4080416756397663,0.788695792970943,0.6051509888335281,100000,30,8,0.1,1.0,0.1,0,7,0.001,1e-06,0.001,1e-07,1.0,1e-08,adamax,0,0.0,disordered,1,0.2778994505550672,0 days 01:50:36.775576,0.0028145255585546,2.7317019611221927,2.5194649123551476
142,142,142,142,0.2837303616516209,0.2837303616516209,0.2837303616516209,0.2837303616516209,0.2837303616516209,0.2837303616516209,0.2837303616516209,0.2837303616516209,0.957899284933612,0.1763581167800502,0.1058864429745202,1.0003353185610202,0.0809065777546246,0.1013500104184172,0.1015443436019145,0.3548791071376739,-0.0026969257906649,-0.003144386708912,548.0,0.0,0.2093610962463399,0.7926281560532956,0.4656375164822883,0.8869505002259676,0.6652286902850271,0.1511461071182099,0.7566756965413822,0.5812057528556136,100000,30,8,0.1,1.0,0.1,0,7,0.001,1e-06,0.001,1e-07,1.0,1e-08,adamax,0,0.0,disordered,1,0.2869882036344477,0 days 01:50:36.775576,0.0026970225904475,2.757939793161142,2.675868456438245
143,143,143,143,0.367392478180207,0.367392478180207,0.367392478180207,0.367392478180207,0.367392478180207,0.367392478180207,0.367392478180207,0.367392478180207,0.3000392143091925,0.2622261686956956,0.9942908264421624,0.1360943418126358,0.6155161975464571,1.0014603206658346,0.1690250680477704,0.1550527545598466,-0.0021475017037248,-0.0024993053308004,440.0,0.0,0.5415794581404321,0.4197375547591516,0.66289024476234,0.063289788225274,0.5038335624770842,0.935506718815235,0.2048671372175592,0.137013393890617,100000,30,8,0.1,1.0,0.1,0,7,0.001,1e-06,0.001,1e-07,1.0,1e-08,adamax,0,0.0,disordered,1,0.3719618414394748,0 days 01:50:36.775576,0.0021475895605043,2.9206609675294235,2.78415219424694
144,144,144,144,0.4047756965997316,0.4047756965997316,0.4047756965997316,0.4047756965997316,0.4047756965997316,0.4047756965997316,0.4047756965997316,0.4047756965997316,0.2034090066162635,0.6431891712798278,0.1701364256659143,0.4030293736280211,1.0012024020403627,0.9555933699248298,0.1944372367360066,0.1679036816852616,-0.0023209897509133,-0.0025511256432795,410.0,0.0,0.4105203445189851,0.5195104419443821,0.3765258345746637,0.4839410295657812,0.6746681273088498,0.7927785685533543,0.0515914868847581,0.3817122140834397,100000,30,8,0.1,1.0,0.1,0,7,0.001,1e-06,0.001,1e-07,1.0,1e-08,adamax,0,0.0,disordered,1,0.4002787875528316,0 days 01:50:36.775576,0.0023210833592718,2.997522091855467,2.755532965089085
145,145,145,145,0.2493409369951876,0.2493409369951876,0.2493409369951876,0.2493409369951876,0.2493409369951876,0.2493409369951876,0.2493409369951876,0.2493409369951876,0.0625723084786303,0.0627032960375432,1.001579243989915,0.9875295395355485,0.0700652615523968,0.2628768791850392,0.2046011837675208,0.2552932591935148,-0.0024416625568631,-0.002715767871407,604.0,0.0,0.6192309160099487,0.0209156604668269,0.949196085805464,0.6408209766622542,0.4850036743611498,0.4483143018991906,0.1472576819398338,0.0662550030853231,100000,30,8,0.1,1.0,0.1,0,7,0.001,1e-06,0.001,1e-07,1.0,1e-08,adamax,0,0.0,disordered,1,0.2532933813409581,0 days 01:50:36.775576,0.0024417786054957,2.9358848221232923,2.70305960834554
146,146,146,146,0.1586356533508588,0.1586356533508588,0.1586356533508588,0.1586356533508588,0.1586356533508588,0.1586356533508588,0.1586356533508588,0.1586356533508588,0.0900468326684737,1.001001019453484,0.2707668440824664,0.032834670311557,0.3145020990596964,0.1342327255563236,0.0305782005708039,0.0521558982136629,-0.0036178032407202,-0.0044606003981663,799.0,0.0,0.6809667073821352,0.923986139489024,0.79236850187799,0.021454334921551,0.0389684819440877,0.5126584980908546,0.5732641256148879,0.6063464038688403,100000,30,8,0.1,1.0,0.1,0,7,0.001,1e-06,0.001,1e-07,1.0,1e-08,adamax,0,0.0,disordered,1,0.1580331140830473,0 days 01:50:36.775576,0.0036178099435452,3.1850477725192663,2.9728873692997806
147,147,147,147,0.5774615152359814,0.5774615152359814,0.5774615152359814,0.5774615152359814,0.5774615152359814,0.5774615152359814,0.5774615152359814,0.5774615152359814,0.3668122778339583,0.3295927756328201,0.3288728235591865,0.3561371456965665,0.346126687545144,0.3328831459792348,0.3612554806201939,1.0007602643920517,-0.0015848308815367,-0.0017033729588077,244.0,0.0,0.8760248254439775,0.897865788127695,0.9892944308928155,0.3336362814836187,0.4685438744054826,0.993629312938368,0.7003627951620519,0.0574349150226748,100000,30,8,0.1,1.0,0.1,0,7,0.001,1e-06,0.001,1e-07,1.0,1e-08,adamax,0,0.0,disordered,1,0.5707164188898864,0 days 01:50:36.775576,0.0015848983847577,2.6861176731467618,2.747432053798571
148,148,148,148,0.0663198120221266,0.0663198120221266,0.0663198120221266,0.0663198120221266,0.0663198120221266,0.0663198120221266,0.0663198120221266,0.0663198120221266,0.2379749257245173,0.0402087252873345,3.6693959331862217e-07,0.1046768206833486,0.1992309421692641,1.459159405031631e-07,9.99892861563711e-08,1.458356322219323e-07,-0.0060337344162179,-0.0068775988685795,12334.0,0.0,0.9095515927383748,0.6166727366896131,0.1937122517675252,0.3477290547245186,0.5776592921086124,0.6527664441151828,0.410728475381375,0.7443590959461956,100000,30,8,0.1,1.0,0.1,0,7,0.001,1e-06,0.001,1e-07,1.0,1e-08,adamax,0,0.0,disordered,1,0.0656690461117051,0 days 01:50:36.775576,0.0060338176669044,3.029881652494155,3.28599697782446
149,149,149,149,0.1535934676510895,0.1535934676510895,0.1535934676510895,0.1535934676510895,0.1535934676510895,0.1535934676510895,0.1535934676510895,0.1535934676510895,1.000333124951443,0.2074163873344154,0.0170348866406163,0.0510793204679975,0.6094816336267377,0.0169713740625366,0.0150836126476159,0.0172355278107036,-0.0037965857350005,-0.0056938058889239,1004.0,0.0,0.5328265257248977,0.9747578061892131,0.8534960630493873,0.1500965432951359,0.1030876914121305,0.8535295930326651,0.6077306724577283,0.9762235664604278,100000,30,8,0.1,1.0,0.1,0,7,0.001,1e-06,0.001,1e-07,1.0,1e-08,adamax,0,0.0,disordered,1,0.1557180872214938,0 days 01:50:36.775576,0.0037967695868925,2.977500151104783,2.9247032048982926
150,150,150,150,0.2121550171362449,0.2121550171362449,0.2121550171362449,0.2121550171362449,0.2121550171362449,0.2121550171362449,0.2121550171362449,0.2121550171362449,0.5577189998141208,0.5934216146251803,0.7072910120775374,0.269728776539607,0.3879675921150813,4.901825807993652e-07,5.348086610669156e-07,1.5692195340511115e-06,-0.0035131318947247,-0.0046077635629136,10197.0,1.0,0.435834779462619,0.1792983733266665,0.0369883463752735,0.7685847217103081,0.0835179293669268,0.6439031526829808,0.5635435668373796,0.739568320401929,100000,30,8,0.1,1.0,0.1,0,7,0.001,1e-06,0.001,1e-07,1.0,1e-08,adamax,0,0.0,disordered,1,0.2105091038904493,0 days 01:50:36.775576,0.0035131937623343,2.537763360020828,2.7633380608548
151,151,151,151,0.0058821904016999,0.0058821904016999,0.0058821904016999,0.0058821904016999,0.0058821904016999,0.0058821904016999,0.0058821904016999,0.0058821904016999,2.3077245783475672e-06,0.015912105085673,0.0255189817856074,1.2725506178561686e-06,1.4183488358687244e-07,1.2466018931766846e-07,9.992838218311373e-08,8.306171576660859e-07,-0.0068143281975429,-0.0080511412703817,6388.0,0.0,0.943891263002008,0.2365214903841666,0.4826040926959499,0.7515620687294599,0.2023581685917818,0.0920116234928242,0.1380229866068717,0.9316879857781158,100000,30,8,0.1,1.0,0.1,0,7,0.001,1e-06,0.001,1e-07,1.0,1e-08,adamax,0,0.0,disordered,1,0.0059484271147026,0 days 01:50:36.775576,0.0068143912088414,3.5270803019493173,3.951824166119266
152,152,152,152,0.1186173716452477,0.1186173716452477,0.1186173716452477,0.1186173716452477,0.1186173716452477,0.1186173716452477,0.1186173716452477,0.1186173716452477,5.949433244101545e-07,5.233176644625799e-07,6.276905920070266e-07,0.3883339485548616,3.154847763638536e-07,9.991087207287457e-08,1.0467816863059634e-07,3.919310701387084e-07,-0.0045581571049669,-0.0060913574829496,9868.0,0.0,0.7894252030152007,0.2004108507488413,0.0158897298359887,0.6378190116729733,0.3219068800907684,0.227954613732546,0.1995556372938079,0.4722253635804095,100000,30,8,0.1,1.0,0.1,0,7,0.001,1e-06,0.001,1e-07,1.0,1e-08,adamax,0,0.0,disordered,1,0.12004949790366,0 days 01:50:36.775576,0.0045582928295522,2.8918593668278403,2.941332088884452
153,153,153,153,0.31260072430687,0.31260072430687,0.31260072430687,0.31260072430687,0.31260072430687,0.31260072430687,0.31260072430687,0.31260072430687,0.6401748585430871,0.7488521957398866,0.096030033422441,1.0007810965380377,0.9412875594676282,0.7852606031345217,0.0922783079836959,0.0929710348189773,-0.0024958197795765,-0.0029057885243932,529.0,0.0,0.3422514539903797,0.9402172918894702,0.5658874773949365,0.9001261446978802,0.9246386652645656,0.9001324900548501,0.4983454905287332,0.5832895646919062,100000,30,8,0.1,1.0,0.1,0,7,0.001,1e-06,0.001,1e-07,1.0,1e-08,adamax,0,0.0,disordered,1,0.3116447338444782,0 days 01:50:36.775576,0.0024958257530653,2.9181961917109454,2.5937533712752407
154,154,154,154,0.3026648059395688,0.3026648059395688,0.3026648059395688,0.3026648059395688,0.3026648059395688,0.3026648059395688,0.3026648059395688,0.3026648059395688,0.5642624010830637,1.000023602622246,0.234881979665682,0.1499900366489881,0.1735120146550249,0.1200025662822387,0.0548202415762749,0.5631323108097274,-0.0026165852946604,-0.0027091225839637,1011.0,0.0,0.5342589017236986,0.0202634807373287,0.9464100576900564,0.1510903531028005,0.5534559105858134,0.682647856788838,0.7863061131620858,0.5422231796108453,100000,30,8,0.1,1.0,0.1,0,7,0.001,1e-06,0.001,1e-07,1.0,1e-08,adamax,0,0.0,disordered,1,0.3022045598207857,0 days 01:50:36.775576,0.0026165865329997,2.743060498344637,2.8277605231091227
155,155,155,155,0.4459627626819087,0.4459627626819087,0.4459627626819087,0.4459627626819087,0.4459627626819087,0.4459627626819087,0.4459627626819087,0.4459627626819087,0.5019762576275532,0.2666690361968864,0.1502719859248268,0.1250734806106675,1.0000342005587453,0.0905839862884807,0.6175401756909094,0.3910789633349804,-0.0018633647816215,-0.0019630115661107,942.0,0.0,0.6391108790301397,0.8271093594992666,0.6435283568596154,0.6668418155384968,0.8540520560504438,0.0734116669155326,0.518521050809158,0.0265520237612418,100000,30,8,0.1,1.0,0.1,0,7,0.001,1e-06,0.001,1e-07,1.0,1e-08,adamax,0,0.0,disordered,1,0.4531530086846265,0 days 01:50:36.775576,0.0018634910516099,2.6068102751335926,2.664346036800421
156,156,156,156,0.2263129568399526,0.2263129568399526,0.2263129568399526,0.2263129568399526,0.2263129568399526,0.2263129568399526,0.2263129568399526,0.2263129568399526,1.0014525268327457,0.9699110043183314,0.1498272870195905,0.134100305232413,0.2556473603838131,0.0497349635104648,0.0499040501957837,0.050777303002203,-0.0030958638029252,-0.004353572206398,657.0,0.0,0.1513861713431294,0.0285064142169597,0.8662414965178878,0.329738218002739,0.5211312073463263,0.7872579379890905,0.688896824749785,0.9263145604956078,100000,30,8,0.1,1.0,0.1,0,7,0.001,1e-06,0.001,1e-07,1.0,1e-08,adamax,0,0.0,disordered,1,0.229982392197021,0 days 01:50:36.775576,0.0030960646003438,2.636690782291429,2.5844677932652793
157,157,157,157,0.2837303616516209,0.2837303616516209,0.2837303616516209,0.2837303616516209,0.2837303616516209,0.2837303616516209,0.2837303616516209,0.2837303616516209,0.0836144991399572,0.5428471893469166,1.0019667271729245,0.0882325646024085,0.0793633417093943,0.082239703101603,0.1648317270693436,0.4046367662604707,-0.0027231311421668,-0.0030514801105212,556.0,0.0,0.4898036887229915,0.7024378150343941,0.8677546688910042,0.1071970230385482,0.4698551588747217,0.0879942584045,0.5569643621342539,0.3133533464336471,100000,30,8,0.1,1.0,0.1,0,7,0.001,1e-06,0.001,1e-07,1.0,1e-08,adamax,0,0.0,disordered,1,0.2808172645709112,0 days 01:50:36.775576,0.0027232042651397,2.9232148812512366,2.8081538891923192
158,158,158,158,0.1076624177045491,0.1076624177045491,0.1076624177045491,0.1076624177045491,0.1076624177045491,0.1076624177045491,0.1076624177045491,0.1076624177045491,0.5596199012602673,0.0140450840376168,0.0157886087681442,1.000011023059053,0.0231885870472427,0.0110633074060371,0.0822888424143662,0.0197116999394869,-0.0038208620495255,-0.0051869638911061,997.0,0.0,0.8404982731519823,0.4683808695028418,0.16289530068774,0.8733791351470347,0.4258654966885558,0.0197112421874458,0.2686888585870096,0.3830994218100014,100000,30,8,0.1,1.0,0.1,0,7,0.001,1e-06,0.001,1e-07,1.0,1e-08,adamax,0,0.0,disordered,1,0.1063846766239737,0 days 01:50:36.775576,0.0038209412304443,2.787952044983659,2.7231111100610668
159,159,159,159,0.1487115462808952,0.1487115462808952,0.1487115462808952,0.1487115462808952,0.1487115462808952,0.1487115462808952,0.1487115462808952,0.1487115462808952,0.7406958292107026,0.3236411452998257,0.1117952244548043,0.0396996532449934,1.0017446046563363,0.0213052495193069,0.0222982487715634,0.0227835799968579,-0.0041497597526741,-0.0057113902432991,843.0,0.0,0.0262443207348223,0.1401115351915322,0.2965088687873769,0.3375832951584115,0.4375794644216485,0.2976178144068799,0.3206682412694038,0.4620787748246554,100000,30,8,0.1,1.0,0.1,0,7,0.001,1e-06,0.001,1e-07,1.0,1e-08,adamax,0,0.0,disordered,1,0.1485345283417009,0 days 01:50:36.775576,0.0041497609967782,2.3904122063371074,2.1507568369527763
160,160,160,160,0.2121550171362449,0.2121550171362449,0.2121550171362449,0.2121550171362449,0.2121550171362449,0.2121550171362449,0.2121550171362449,0.2121550171362449,0.0451298059402788,0.997814951295546,1.0012457989414176,0.0489975509261425,0.0450242854273239,0.0458131116905506,0.5408084510077011,0.0468117378455144,-0.0032379699996629,-0.0045195471926962,674.0,0.0,0.3519327463102876,0.7497859477666411,0.781070814915798,0.0176659638470567,0.1620922119128206,0.1018191438928746,0.3528687006585745,0.3562605533678569,100000,30,8,0.1,1.0,0.1,0,7,0.001,1e-06,0.001,1e-07,1.0,1e-08,adamax,0,0.0,disordered,1,0.2144351885484818,0 days 01:50:36.775576,0.0032380446171517,3.4497716074116944,3.006872030028662
161,161,161,161,0.3228628202536728,0.3228628202536728,0.3228628202536728,0.3228628202536728,0.3228628202536728,0.3228628202536728,0.3228628202536728,0.3228628202536728,0.1830101706277839,0.1334715222925293,0.5946509245680875,0.1041314112555318,0.1045642745089971,1.0017848672152467,0.105403270403417,0.5626429628182714,-0.0023463233758875,-0.002637366014215,491.0,0.0,0.7492930954460025,0.729520125674327,0.8824147325613924,0.6829980203089694,0.5955341403008954,0.9943332014900896,0.641966715068702,0.3894717582066502,100000,30,8,0.1,1.0,0.1,0,7,0.001,1e-06,0.001,1e-07,1.0,1e-08,adamax,0,0.0,disordered,1,0.3216761865591172,0 days 01:50:36.775576,0.0023463312549614,2.523817654136034,2.5682230769246446
162,162,162,162,0.3794532847236935,0.3794532847236935,0.3794532847236935,0.3794532847236935,0.3794532847236935,0.3794532847236935,0.3794532847236935,0.3794532847236935,0.9552004947949764,1.0001155150213,0.3368756621087362,0.1241445353160243,0.1574553438301109,0.1591092457438524,0.1356595094126162,0.6217225792806574,-0.0021591863069233,-0.0023039972543316,548.0,0.0,0.3047671450549398,0.0357513358910965,0.9441383821019348,0.7526396033854349,0.3770744740385141,0.8750264088387725,0.762923530257859,0.4651733664606914,100000,30,8,0.1,1.0,0.1,0,7,0.001,1e-06,0.001,1e-07,1.0,1e-08,adamax,0,0.0,disordered,1,0.3776702375315617,0 days 01:50:36.775576,0.0021591975218118,2.5896388356637186,2.775779084548491
163,163,163,163,0.2191196687578146,0.2191196687578146,0.2191196687578146,0.2191196687578146,0.2191196687578146,0.2191196687578146,0.2191196687578146,0.2191196687578146,0.383404292591384,0.5750845673241798,0.2237756187869062,1.2092037306969e-06,9.996296565802877e-08,1.965714002860617e-07,0.006235606444903,0.428926916714387,-0.0031154532411009,-0.0035725225668375,8547.0,0.0,0.9557833448132416,0.8923995250960749,0.4460462226478133,0.427009935517979,0.1516958500288139,0.1024071282176544,0.3572105858326114,0.2145963222654221,100000,30,8,0.1,1.0,0.1,0,7,0.001,1e-06,0.001,1e-07,1.0,1e-08,adamax,0,0.0,disordered,1,0.2162784716701213,0 days 01:50:36.775576,0.0031155895478435,2.4128084327050505,2.5755879742405274
164,164,164,164,0.3444087275973818,0.3444087275973818,0.3444087275973818,0.3444087275973818,0.3444087275973818,0.3444087275973818,0.3444087275973818,0.3444087275973818,1.0004591162355392,0.5089818140494253,0.1316991422303263,0.1175739320708293,0.1300078040006568,0.2270339042400896,0.1773837780791103,0.3357462275801127,-0.0022788059993362,-0.002527630174484,478.0,0.0,0.0686048753592449,0.7354797423575674,0.9611756267230732,0.6873883811420436,0.9074324780725448,0.8703669412946711,0.6460543691700241,0.5226129115246972,100000,30,8,0.1,1.0,0.1,0,7,0.001,1e-06,0.001,1e-07,1.0,1e-08,adamax,0,0.0,disordered,1,0.3419458572881145,0 days 01:50:36.775576,0.0022788361874179,2.340527602789088,2.4967903590651424
165,165,165,165,0.1535934676510895,0.1535934676510895,0.1535934676510895,0.1535934676510895,0.1535934676510895,0.1535934676510895,0.1535934676510895,0.1535934676510895,0.5934514165763,0.0629808214862351,0.0690260161153129,0.1827794102695894,0.0267382139535215,1.0014277775539735,0.0224980228575358,0.030258886243473,-0.0042800564026097,-0.0055032015292948,848.0,0.0,0.3579013924678206,0.4949761755722949,0.3212519515014987,0.1720666773180067,0.4953270051382947,0.6611575082946666,0.5853151200539239,0.7378227930383214,100000,30,8,0.1,1.0,0.1,0,7,0.001,1e-06,0.001,1e-07,1.0,1e-08,adamax,0,0.0,disordered,1,0.1551441184222933,0 days 01:50:36.775576,0.0042801612305779,2.7706307813932747,2.4705730705625406
166,166,166,166,0.3919100249433399,0.3919100249433399,0.3919100249433399,0.3919100249433399,0.3919100249433399,0.3919100249433399,0.3919100249433399,0.3919100249433399,0.159775886147826,0.1954583647256492,0.1700454994200715,0.1692831681212631,1.0017795810575252,0.1402191450723936,0.7056903877555433,0.4186305328125695,-0.0022696183167394,-0.0023956491911008,468.0,0.0,0.3359702633489273,9.60405599956804e-05,0.212659523709593,0.2896953747711416,0.553104867010391,0.389451515347593,0.6576718802427545,0.2239429185820662,100000,30,8,0.1,1.0,0.1,0,7,0.001,1e-06,0.001,1e-07,1.0,1e-08,adamax,0,0.0,disordered,1,0.3924662799200311,0 days 01:50:36.775576,0.0022696197420929,2.7447156379636306,2.7211896319295152
167,167,167,167,0.1925613572129196,0.1925613572129196,0.1925613572129196,0.1925613572129196,0.1925613572129196,0.1925613572129196,0.1925613572129196,0.1925613572129196,0.7570296909702988,1.0009341882811498,0.3098499047577812,0.3394559630502375,0.0389842111625511,0.0350370124626814,0.0480026509660258,0.0414619365196449,-0.0029992584926076,-0.003848583287947,760.0,0.0,0.4680172846291024,0.0022461445398733,0.6863003978230826,0.865358765091174,0.8586576209689326,0.8746833990846345,0.1961319899414358,0.981421288630042,100000,30,8,0.1,1.0,0.1,0,7,0.001,1e-06,0.001,1e-07,1.0,1e-08,adamax,0,0.0,disordered,1,0.1925290239924334,0 days 01:50:36.775576,0.0029992585091344,2.6355408253553914,2.6245629589396535
168,168,168,168,0.2493409369951876,0.2493409369951876,0.2493409369951876,0.2493409369951876,0.2493409369951876,0.2493409369951876,0.2493409369951876,0.2493409369951876,0.0743720065038407,0.0842294008006414,0.2014319199270893,0.3567750084951459,0.8459712897482577,0.0671708032155926,1.001157411193199,0.0621009769793568,-0.0030713877106497,-0.0033584829902472,625.0,0.0,0.551370055537916,0.1855797904828828,0.0910540624549163,0.0709756771489656,0.6369673359898222,0.6285879455462029,0.7867578153046024,0.6586148779360064,100000,30,8,0.1,1.0,0.1,0,7,0.001,1e-06,0.001,1e-07,1.0,1e-08,adamax,0,0.0,disordered,1,0.250511790452707,0 days 01:50:36.775576,0.0030714033108599,3.153458609050455,2.8279790683988333
169,169,169,169,0.1439847952876006,0.1439847952876006,0.1439847952876006,0.1439847952876006,0.1439847952876006,0.1439847952876006,0.1439847952876006,0.1439847952876006,0.5584741326436401,0.6544849996774544,2.840483303932652e-07,0.2276898523873957,2.9207039563889853e-07,0.0973055823111873,0.5126701460256881,2.3932632891561187e-05,-0.0033986311846416,-0.0043556115191048,10178.0,1.0,0.5194036064022658,0.1628216458053162,0.7344738470457473,0.0040607791752594,0.6603056326225697,0.1653106406351319,0.158812500494112,0.9060919823220174,100000,30,8,0.1,1.0,0.1,0,7,0.001,1e-06,0.001,1e-07,1.0,1e-08,adamax,0,0.0,disordered,1,0.1428624460830813,0 days 01:50:36.775576,0.0033986753249004,3.1938123693588274,2.9658782445167975
170,170,170,170,0.2191196687578146,0.2191196687578146,0.2191196687578146,0.2191196687578146,0.2191196687578146,0.2191196687578146,0.2191196687578146,0.2191196687578146,0.2293357008920749,0.1902973949818195,1.2621701009612316e-07,0.2941976856474841,0.0883394763071952,1.677619489752752e-07,0.0783990680891912,0.5334526086008391,-0.0028660791456818,-0.0030123902502536,100000.0,0.0,0.9272687987305654,0.7202854143764663,0.2286132749517861,0.4693763724185115,0.3461982610739972,0.1176045480895723,0.2368161436599996,0.05796887217318,100000,30,8,0.1,1.0,0.1,0,7,0.001,1e-06,0.001,1e-07,1.0,1e-08,adamax,0,0.0,disordered,1,0.222105664705035,0 days 01:50:36.775576,0.0028661866791891,2.4749031703673476,2.494751520859481
171,171,171,171,0.615997796038016,0.615997796038016,0.615997796038016,0.615997796038016,0.615997796038016,0.615997796038016,0.615997796038016,0.615997796038016,0.3558251331583761,0.379573048282911,0.3801105329542597,0.3896234250603587,0.3558779249427086,0.3558816776450431,0.5192594333551775,1.0005739040989614,-0.0016077929115015,-0.0017335840062247,238.0,0.0,0.9722989391173464,0.2362951831663555,0.3871303033300499,0.2466130384795043,0.6512560958980139,0.5625293241165457,0.7656657950986049,0.0114169824866066,100000,30,8,0.1,1.0,0.1,0,7,0.001,1e-06,0.001,1e-07,1.0,1e-08,adamax,0,0.0,disordered,1,0.6087600927273324,0 days 01:50:36.775576,0.001607867983603,2.8848053227751933,2.853134371414284
172,172,172,172,0.2337423870891812,0.2337423870891812,0.2337423870891812,0.2337423870891812,0.2337423870891812,0.2337423870891812,0.2337423870891812,0.2337423870891812,0.6532627748238401,0.5094340096712496,0.0719750105560301,1.0019668772879486,0.1974289745418865,0.0882123148101116,0.0539599295072126,0.0542007039141306,-0.0032204482743826,-0.0043268683709499,635.0,0.0,0.204675351213916,0.5987377284896298,0.576566930148022,0.8244385564254193,0.080546864575358,0.3711524930990902,0.4037561394020001,0.5130269217785087,100000,30,8,0.1,1.0,0.1,0,7,0.001,1e-06,0.001,1e-07,1.0,1e-08,adamax,0,0.0,disordered,1,0.2346879123309566,0 days 01:50:36.775576,0.0032204624914315,2.8157605833700377,2.750395569824748
173,173,173,173,0.1306870229743345,0.1306870229743345,0.1306870229743345,0.1306870229743345,0.1306870229743345,0.1306870229743345,0.1306870229743345,0.1306870229743345,0.155185888784221,0.7201427228561254,5.57220263658594e-07,0.2130732087999517,0.1073740786487654,0.1094597073616416,2.3773133905144e-07,9.999643238441597e-08,-0.0044672412677846,-0.0056188346360869,28590.0,0.0,0.3514292192289528,0.734669791447239,0.1043126694432297,0.0606265487732715,0.3134969656943688,0.08936835835602,0.3924113107452132,0.5784304362761635,100000,30,8,0.1,1.0,0.1,0,7,0.001,1e-06,0.001,1e-07,1.0,1e-08,adamax,0,0.0,disordered,1,0.1296101866851685,0 days 01:50:36.775576,0.0044672930295376,2.9703747073875784,2.994319562356028
174,174,174,174,0.4047756965997316,0.4047756965997316,0.4047756965997316,0.4047756965997316,0.4047756965997316,0.4047756965997316,0.4047756965997316,0.4047756965997316,1.000228253626244,0.2086629657208207,0.1252005043943561,0.1265935258423107,0.1558732036752094,0.9236341315362678,0.1362895130058221,0.7391035892306885,-0.0020810367986813,-0.0022375069229733,508.0,0.0,0.0841896335863821,0.4597958892749636,0.5553176384279525,0.5645392862095029,0.0302027113843083,0.7732342916221171,0.7219944120767331,0.2970111784747991,100000,30,8,0.1,1.0,0.1,0,7,0.001,1e-06,0.001,1e-07,1.0,1e-08,adamax,0,0.0,disordered,1,0.4077780124519189,0 days 01:50:36.775576,0.002081068291734,2.6353875198276993,2.67901813911757
175,175,175,175,0.1805148879221106,0.1805148879221106,0.1805148879221106,0.1805148879221106,0.1805148879221106,0.1805148879221106,0.1805148879221106,0.1805148879221106,0.8864914230948556,0.3482525750583515,6.325375833628277e-07,0.1890458669731064,9.999605083821218e-08,4.805639938066253e-07,0.6081778206499905,2.4457040286058124e-07,-0.0036399293413527,-0.0043687653753524,15368.0,0.0,0.4713454304536444,0.7391818794487419,0.8340747307980766,0.2477164179479444,0.7708320963728408,0.4241983695702475,0.9531604880370382,0.8783654950164146,100000,30,8,0.1,1.0,0.1,0,7,0.001,1e-06,0.001,1e-07,1.0,1e-08,adamax,0,0.0,disordered,1,0.1783059804137268,0 days 01:50:36.775576,0.0036400619297926,2.7809804535972606,2.5831609253891283
176,176,176,176,0.1988827856988807,0.1988827856988807,0.1988827856988807,0.1988827856988807,0.1988827856988807,0.1988827856988807,0.1988827856988807,0.1988827856988807,0.4878672022775174,0.2550037249076461,0.1161379948935176,1.0000300763615688,0.2173396207799796,0.0667163683814961,0.0406447748871002,0.0357498063367369,-0.0034817641791694,-0.0044140663119168,810.0,0.0,0.3579915231080731,0.3598325142224708,0.4858358613989018,0.9606447966726998,0.1439805411979351,0.5489012665123931,0.6477107544433567,0.7200550744245918,100000,30,8,0.1,1.0,0.1,0,7,0.001,1e-06,0.001,1e-07,1.0,1e-08,adamax,0,0.0,disordered,1,0.2010533611789891,0 days 01:50:36.775576,0.0034818565884625,2.6777629020904974,2.7117422036636882
177,177,177,177,0.4047756965997316,0.4047756965997316,0.4047756965997316,0.4047756965997316,0.4047756965997316,0.4047756965997316,0.4047756965997316,0.4047756965997316,0.8437077497289316,0.2391019262082037,0.2023749689980651,0.1780688281956176,1.000402222931138,0.1628518096525127,0.7993749638791258,0.1979221930830142,-0.0019613935946386,-0.0022101377770219,395.0,0.0,0.0671148507380147,0.5993153176299014,0.4504410344368798,0.3394168925365474,0.970535745395725,0.1060291218306453,0.708691782471572,0.20436046231027,100000,30,8,0.1,1.0,0.1,0,7,0.001,1e-06,0.001,1e-07,1.0,1e-08,adamax,0,0.0,disordered,1,0.4082309619541965,0 days 01:50:36.775576,0.0019614242212874,2.7471795254978435,2.771112130653916
178,178,178,178,0.1349772330233941,0.1349772330233941,0.1349772330233941,0.1349772330233941,0.1349772330233941,0.1349772330233941,0.1349772330233941,0.1349772330233941,0.1346425293887224,0.0181259799725735,0.0271205304646492,0.0174054001287367,0.0170433339976695,1.0008046523166705,0.1150949493961459,0.0218393384068579,-0.0032388019904896,-0.0044989850688574,1066.0,0.0,0.9481022894736189,0.5003145590931377,0.4533875913258531,0.2485016800118726,0.5337793923358432,0.8643289560409935,0.0720732812115272,0.6582265017536821,100000,30,8,0.1,1.0,0.1,0,7,0.001,1e-06,0.001,1e-07,1.0,1e-08,adamax,0,0.0,disordered,1,0.1355933765191264,0 days 01:50:36.775576,0.0032388055567579,3.258149408176287,3.1832057893665313
179,179,179,179,0.2337423870891812,0.2337423870891812,0.2337423870891812,0.2337423870891812,0.2337423870891812,0.2337423870891812,0.2337423870891812,0.2337423870891812,0.5293354449742467,0.2921923334932406,0.7943146566739054,7.676352353843035e-06,0.5710265998242421,0.3350734335066331,4.71199386597841e-06,3.099631634447868e-06,-0.0030592803313777,-0.0036008562557638,9808.0,1.0,0.1465543869611854,0.2250704739888461,0.8538524976332683,0.0722715630299145,0.7316708832017987,0.0578531237565792,0.5095432760207479,0.6235079875011236,100000,30,8,0.1,1.0,0.1,0,7,0.001,1e-06,0.001,1e-07,1.0,1e-08,adamax,0,0.0,disordered,1,0.2363521188596303,0 days 01:50:36.775576,0.0030593802356157,2.7815120304184493,2.735073603712631
180,180,180,180,0.2659804395593755,0.2659804395593755,0.2659804395593755,0.2659804395593755,0.2659804395593755,0.2659804395593755,0.2659804395593755,0.2659804395593755,0.3496233696871854,0.9909148029264018,0.0705565352972178,0.9960739879381788,0.0705167846199825,1.0019792242272023,0.0706218424710542,0.0705718418351455,-0.0025661224938752,-0.0036389023036976,580.0,0.0,0.1469985366622423,0.8021095935456756,0.2210107799811463,0.475682485797211,0.2402812112931351,0.7635859224107355,0.2511413197970664,0.262182598526722,100000,30,8,0.1,1.0,0.1,0,7,0.001,1e-06,0.001,1e-07,1.0,1e-08,adamax,0,0.0,disordered,1,0.2647252112178511,0 days 01:50:36.775576,0.0025661332104725,2.7109528340170193,2.7302816740332854
181,181,181,181,0.3026648059395688,0.3026648059395688,0.3026648059395688,0.3026648059395688,0.3026648059395688,0.3026648059395688,0.3026648059395688,0.3026648059395688,1.000623009545107,0.4204927646698517,0.1550685433355666,0.3985857799862877,0.0851282296327056,0.1087090058184368,0.096191038551061,0.4940893353968545,-0.0024947808211672,-0.002669220618136,586.0,0.0,0.012176776794017,0.8998375981764654,0.0335969627568926,0.3145864476464628,0.6470071622065572,0.3320857338144194,0.5972060998913077,0.3645648731152949,100000,30,8,0.1,1.0,0.1,0,7,0.001,1e-06,0.001,1e-07,1.0,1e-08,adamax,0,0.0,disordered,1,0.3025273307176555,0 days 01:50:36.775576,0.0024947809094196,2.592919326719762,2.6350322953051863
182,182,182,182,0.0564290847126253,0.0564290847126253,0.0564290847126253,0.0564290847126253,0.0564290847126253,0.0564290847126253,0.0564290847126253,0.0564290847126253,6.652948404158623e-06,2.4451363744481853e-07,9.997390331679765e-08,1.1551564793021218e-06,0.1074894113483501,0.1750385576861768,9.934086794443223e-06,0.0403559707193848,-0.0052847470467686,-0.0073577559374779,6999.0,0.0,0.8799511230920498,0.1589792162923121,0.0184104311826945,0.0997000036646228,0.5239920370250133,0.592268699619776,0.8339028183744194,0.9546479818986864,100000,30,8,0.1,1.0,0.1,0,7,0.001,1e-06,0.001,1e-07,1.0,1e-08,adamax,0,0.0,disordered,1,0.0570622540293272,0 days 01:50:36.775576,0.0052848197944592,4.193244814509313,3.888624568583376
183,183,183,183,0.2263129568399526,0.2263129568399526,0.2263129568399526,0.2263129568399526,0.2263129568399526,0.2263129568399526,0.2263129568399526,0.2263129568399526,0.3459159922384217,0.9995881529778388,0.049998511838086,0.0500618536334041,0.0622959034035732,1.001682386417195,0.0639838868191775,0.0508433918388097,-0.003152410016423,-0.0041104744728653,656.0,0.0,0.401304424874914,0.8236951744580298,0.4051697468493412,0.3706570239468989,0.1326942880592098,0.8686533835131917,0.3361072638152569,0.6466911011130169,100000,30,8,0.1,1.0,0.1,0,7,0.001,1e-06,0.001,1e-07,1.0,1e-08,adamax,0,0.0,disordered,1,0.2237862548154772,0 days 01:50:36.775576,0.0031524969564851,3.0006402866401776,2.8314484103099278
184,184,184,184,0.2575263326771198,0.2575263326771198,0.2575263326771198,0.2575263326771198,0.2575263326771198,0.2575263326771198,0.2575263326771198,0.2575263326771198,0.7571617328512719,0.2870211392539487,5.307322423800418e-07,0.2994039726775864,9.162503310846208e-07,3.3518110211948055e-07,9.329381931534792e-07,0.598832299463742,-0.0027573784732176,-0.0032628741460045,9933.0,1.0,0.5171654789011755,0.9968375249315816,0.2556339822243743,0.5514986455993405,0.7896322571214801,0.1910809996479252,0.8231738011496573,0.5581697323222211,100000,30,8,0.1,1.0,0.1,0,7,0.001,1e-06,0.001,1e-07,1.0,1e-08,adamax,0,0.0,disordered,1,0.2608566283563485,0 days 01:50:36.775576,0.0027574798812774,2.572086590629112,2.7893428144300105
185,185,185,185,0.4606028844202396,0.4606028844202396,0.4606028844202396,0.4606028844202396,0.4606028844202396,0.4606028844202396,0.4606028844202396,0.4606028844202396,0.323573341491318,1.001218674803363,0.3845807665071787,0.530254718012114,0.993954881554302,0.997592247802818,0.2338538431878187,0.2372734542979477,-0.0018251411438027,-0.0020088902175827,343.0,0.0,0.103519069386064,0.9680567674181526,0.4118515661605675,0.475406182769067,0.7844622831603345,0.9646372922171242,0.2455385262562845,0.1361654883223276,100000,30,8,0.1,1.0,0.1,0,7,0.001,1e-06,0.001,1e-07,1.0,1e-08,adamax,0,0.0,disordered,1,0.4534750903511136,0 days 01:50:36.775576,0.0018252609456191,2.9428923106941007,2.7765926105372514
186,186,186,186,0.1805148879221106,0.1805148879221106,0.1805148879221106,0.1805148879221106,0.1805148879221106,0.1805148879221106,0.1805148879221106,0.1805148879221106,0.1549136439988548,0.1181988906148161,0.2162242978014781,0.1476784649848852,1.000299777854155,0.0325228625938755,0.0346029549429908,0.0322640244479225,-0.0039318386257093,-0.0053289422162269,746.0,0.0,0.7447308953008215,0.6770375078933076,0.4465205431987034,0.6476068992896135,0.9441499806395016,0.8419109783899698,0.5682197133325374,0.9086267688539756,100000,30,8,0.1,1.0,0.1,0,7,0.001,1e-06,0.001,1e-07,1.0,1e-08,adamax,0,0.0,disordered,1,0.1798670319408331,0 days 01:50:36.775576,0.0039318510535565,2.7827538806231504,2.6638514523866146
187,187,187,187,0.1692220351641035,0.1692220351641035,0.1692220351641035,0.1692220351641035,0.1692220351641035,0.1692220351641035,0.1692220351641035,0.1692220351641035,0.0448363543933418,0.0273089048511111,0.0256525608502249,0.2077905917855852,0.0261522834049455,1.0013648931811971,0.0310883489398888,0.0267115301178921,-0.003608610459205,-0.0048284038170723,825.0,0.0,0.9129114718218536,0.7711556229430179,0.1185609555698687,0.5617089206843101,0.6072668886067614,0.87933478726849,0.5162298994322575,0.6125897757826202,100000,30,8,0.1,1.0,0.1,0,7,0.001,1e-06,0.001,1e-07,1.0,1e-08,adamax,0,0.0,disordered,1,0.1711575268986148,0 days 01:50:36.775576,0.003608695393958,2.765185133708956,2.8005928522644243
188,188,188,188,0.0779441575040493,0.0779441575040493,0.0779441575040493,0.0779441575040493,0.0779441575040493,0.0779441575040493,0.0779441575040493,0.0779441575040493,5.426067336426028e-07,1.6324868497343514e-07,9.992110635990313e-08,1.0458440065959342e-07,0.0096535136059774,0.0630711087455203,2.3368420130595384e-06,0.1234599479163582,-0.0048793614441591,-0.0055791168465013,9236.0,0.0,0.7151638936978153,0.0838712936818407,0.056342943723363,0.0303978264254882,0.1068354634281478,0.2554841462687353,0.0483867910215433,0.5964463432981612,100000,30,8,0.1,1.0,0.1,0,7,0.001,1e-06,0.001,1e-07,1.0,1e-08,adamax,0,0.0,disordered,1,0.0785073460205107,0 days 01:50:36.775576,0.0048793856637086,3.848941040544176,3.6417179879028048
189,189,189,189,0.2054117348353062,0.2054117348353062,0.2054117348353062,0.2054117348353062,0.2054117348353062,0.2054117348353062,0.2054117348353062,0.2054117348353062,0.3276812864780843,0.3488325924585114,0.621705256689609,0.3349958126502175,0.6154374329910546,0.8622379115860455,2.489696557819879e-06,3.1588020882430973e-06,-0.0032329319618281,-0.0037319345707544,9571.0,1.0,0.5722891842830293,0.4552914594104414,0.0089493536422102,0.519182761157155,0.1263686231862464,0.0051056795481539,0.7962273903844265,0.9106530114529016,100000,30,8,0.1,1.0,0.1,0,7,0.001,1e-06,0.001,1e-07,1.0,1e-08,adamax,0,0.0,disordered,1,0.208277447968534,0 days 01:50:36.775576,0.0032330779937687,3.134903112571941,3.0581510877370848
190,190,190,190,0.367392478180207,0.367392478180207,0.367392478180207,0.367392478180207,0.367392478180207,0.367392478180207,0.367392478180207,0.367392478180207,0.9997501775730468,0.1772036937545852,0.3880611631254547,0.1607974074448443,0.2934378898655208,0.1320139529515975,1.0001810078644793,0.1337626480893415,-0.0023210687192836,-0.0027264480263987,448.0,0.0,0.0723200974103522,0.658998149581024,0.0532868940139118,0.5821887559626637,0.6239116307216966,0.5867520196653536,0.9903001071880349,0.6136513534513286,100000,30,8,0.1,1.0,0.1,0,7,0.001,1e-06,0.001,1e-07,1.0,1e-08,adamax,0,0.0,disordered,1,0.3703629300081823,0 days 01:50:36.775576,0.0023211127525302,2.628771621559944,2.6392795125172324
191,191,191,191,0.367392478180207,0.367392478180207,0.367392478180207,0.367392478180207,0.367392478180207,0.367392478180207,0.367392478180207,0.367392478180207,0.3641641825059419,0.9995929143299568,0.1335139443453391,0.9991952779791474,0.1688968245005401,1.0005471382738529,0.1545538740685739,0.1348094881492039,-0.0022912168218995,-0.0027076111993409,438.0,0.0,0.1661334633397303,0.9328109107570048,0.29901133171327,0.5394260265834436,0.4325121818691179,0.8067388614302226,0.0840030486225367,0.3676129766955708,100000,30,8,0.1,1.0,0.1,0,7,0.001,1e-06,0.001,1e-07,1.0,1e-08,adamax,0,0.0,disordered,1,0.3623739228745271,0 days 01:50:36.775576,0.0022913240514301,2.9231506993037812,2.8005318973645026
192,192,192,192,0.2337423870891812,0.2337423870891812,0.2337423870891812,0.2337423870891812,0.2337423870891812,0.2337423870891812,0.2337423870891812,0.2337423870891812,0.0651732862772017,0.8387340521073591,1.000106595397126,0.0542786893393306,0.0544585346100562,0.9985035237148054,0.0555703296978809,0.0547151720694731,-0.003144326010625,-0.0043982921749647,636.0,0.0,0.4427155432827598,0.5974138281036413,0.9079079158391044,0.3014981368667159,0.3455366874625925,0.6720061274811792,0.2089574176435983,0.5098825266275231,100000,30,8,0.1,1.0,0.1,0,7,0.001,1e-06,0.001,1e-07,1.0,1e-08,adamax,0,0.0,disordered,1,0.2306509310933404,0 days 01:50:36.775576,0.0031444588001862,3.189111760113671,2.7755707723164007
193,193,193,193,0.2191196687578146,0.2191196687578146,0.2191196687578146,0.2191196687578146,0.2191196687578146,0.2191196687578146,0.2191196687578146,0.2191196687578146,0.4427003152222251,0.4029959955740054,0.3203781750841025,1.0009049519319773,0.0481291454862783,0.0592586334425366,0.1401579864739418,0.0484777310869206,-0.0032340401720356,-0.0039951264413884,663.0,0.0,0.3197210689074721,0.6237500993301396,0.5805693899218535,0.6859106949974794,0.4296962777480695,0.2336463865548357,0.0146175265289446,0.6015984339091843,100000,30,8,0.1,1.0,0.1,0,7,0.001,1e-06,0.001,1e-07,1.0,1e-08,adamax,0,0.0,disordered,1,0.2177409597733789,0 days 01:50:36.775576,0.0032340712565011,2.9279883600832357,2.6802372774960133
194,194,194,194,0.1805148879221106,0.1805148879221106,0.1805148879221106,0.1805148879221106,0.1805148879221106,0.1805148879221106,0.1805148879221106,0.1805148879221106,0.7165990038041068,0.7498643058675623,1.1615626646769669e-07,2.72856299641337e-07,0.269498097890605,0.005687057943237,4.091678202958089e-06,2.843721605124257e-06,-0.0037024685235315,-0.0046053886058162,10915.0,1.0,0.2248147000656325,0.0048262758819638,0.3750287433963313,0.2741317771676971,0.6827360577876453,0.2977948399612876,0.3676598657762004,0.7239127119229027,100000,30,8,0.1,1.0,0.1,0,7,0.001,1e-06,0.001,1e-07,1.0,1e-08,adamax,0,0.0,disordered,1,0.1826816061918458,0 days 01:50:36.775576,0.0037025915304527,2.674003950148782,2.641167774948147
195,195,195,195,0.1925613572129196,0.1925613572129196,0.1925613572129196,0.1925613572129196,0.1925613572129196,0.1925613572129196,0.1925613572129196,0.1925613572129196,0.3279819147938227,0.6955680386881687,0.1813421114651201,0.3404605457429115,1.0017333109261837,0.0373387435228415,0.0474659210675786,0.0365602297416868,-0.0031962808745637,-0.0039309271544699,727.0,0.0,0.6741544028160474,0.1607312564006348,0.5868115455253371,0.9328341831477888,0.9093519296579587,0.8493826043383815,0.2820135684768482,0.9595891417266345,100000,30,8,0.1,1.0,0.1,0,7,0.001,1e-06,0.001,1e-07,1.0,1e-08,adamax,0,0.0,disordered,1,0.1929825353465331,0 days 01:50:36.775576,0.0031962843837138,2.8451984574454308,2.7209463430433476
196,196,196,196,0.1805148879221106,0.1805148879221106,0.1805148879221106,0.1805148879221106,0.1805148879221106,0.1805148879221106,0.1805148879221106,0.1805148879221106,0.921933644221333,0.5105994431964277,0.6419516359959263,0.2190976505637871,0.0496010098814317,0.09050268812957,0.4559783220127617,4.751256372800892e-06,-0.0030276799700094,-0.0036532879276171,10109.0,1.0,0.1996494980015776,0.4018801330862289,0.1141341583754927,0.5656113337886529,0.7226522394674271,0.6876340767555652,0.007187578936125,0.98246869559216,100000,30,8,0.1,1.0,0.1,0,7,0.001,1e-06,0.001,1e-07,1.0,1e-08,adamax,0,0.0,disordered,1,0.1815753044754266,0 days 01:50:36.775576,0.0030277046733375,2.7511452878241762,2.5673703675643704
197,197,197,197,0.2747120789270809,0.2747120789270809,0.2747120789270809,0.2747120789270809,0.2747120789270809,0.2747120789270809,0.2747120789270809,0.2747120789270809,0.3688324254347482,0.4439451239794293,1.000370080570276,0.470538326429416,0.3008730247801097,0.3983270022901098,0.106113400733602,0.1231352388195942,-0.0026260123942496,-0.0027829776627994,631.0,0.0,0.310009802920434,0.7413852582866136,0.9266026353270806,0.7801669171634159,0.5232404430410416,0.5386586716387549,0.1437732186149335,0.3820729563996142,100000,30,8,0.1,1.0,0.1,0,7,0.001,1e-06,0.001,1e-07,1.0,1e-08,adamax,0,0.0,disordered,1,0.2757850880842893,0 days 01:50:36.775576,0.0026260199513353,2.777494003325297,2.6019872341039068
198,198,198,198,0.31260072430687,0.31260072430687,0.31260072430687,0.31260072430687,0.31260072430687,0.31260072430687,0.31260072430687,0.31260072430687,0.1126842467236757,0.1062225104588885,0.2487270148600321,0.5435800376077043,0.0869203933634716,1.0003335557507869,0.089669013067043,0.3449690033461374,-0.0021967162906683,-0.0026341783228622,554.0,0.0,0.8225019757503876,0.6811834984210781,0.6635233381008597,0.6814304294317084,0.34954178502582,0.9802030403849948,0.3362982768544122,0.1871303691083415,100000,30,8,0.1,1.0,0.1,0,7,0.001,1e-06,0.001,1e-07,1.0,1e-08,adamax,0,0.0,disordered,1,0.3175029349087531,0 days 01:50:36.775576,0.0021968147338317,2.477595537881859,2.615872820706923
199,199,199,199,0.333461801578636,0.333461801578636,0.333461801578636,0.333461801578636,0.333461801578636,0.333461801578636,0.333461801578636,0.333461801578636,0.1106902670252457,0.1115554916742038,1.002054054955109,0.1187220821777585,0.1922010391509183,0.1129604838419221,0.6883557915709575,0.2578197369172144,-0.0020358790894475,-0.0024155734147996,478.0,0.0,0.668718141104379,0.1691920119746617,0.9752731285769424,0.575521730097716,0.1201417383412377,0.0236185122231495,0.6012062097735446,0.0421495147407849,100000,30,8,0.1,1.0,0.1,0,7,0.001,1e-06,0.001,1e-07,1.0,1e-08,adamax,0,0.0,disordered,1,0.3345879177476165,0 days 01:50:36.775576,0.0020358814979688,2.8530324664120466,2.852339072457026
200,200,200,200,0.2263129568399526,0.2263129568399526,0.2263129568399526,0.2263129568399526,0.2263129568399526,0.2263129568399526,0.2263129568399526,0.2263129568399526,1.000382920684067,0.4678113458697001,0.4631750720940008,0.1150876524058756,0.3261706057727345,0.0436186742028471,0.0621616945333045,0.0804397598926266,-0.0029932699847355,-0.0035046215043873,740.0,0.0,0.0524429278030924,0.4124428301893003,0.4482890215201537,0.8289626115560034,0.1293951612755517,0.8683324006829127,0.4050021225416482,0.852980275804317,100000,30,8,0.1,1.0,0.1,0,7,0.001,1e-06,0.001,1e-07,1.0,1e-08,adamax,0,0.0,disordered,1,0.2298326033600027,0 days 01:50:36.775576,0.0029934522565908,2.5172125500093316,2.5736485290027984
201,201,201,201,0.6571057546036263,0.6571057546036263,0.6571057546036263,0.6571057546036263,0.6571057546036263,0.6571057546036263,0.6571057546036263,0.6571057546036263,0.3107012471816864,0.2607260962631597,0.5804772410288264,0.2291214584204026,0.3872485697211952,1.0003267476860902,0.9892662208171208,0.6369897728759978,-0.0015222375758744,-0.0015856307219972,664.0,0.0,0.1513459287390148,0.0480696667768623,0.4358259875344775,0.2156529926634499,0.4782527400504889,0.8201964792407497,0.8854287803570929,0.0868148262342157,100000,30,8,0.1,1.0,0.1,0,7,0.001,1e-06,0.001,1e-07,1.0,1e-08,adamax,0,0.0,disordered,1,0.6505071856211811,0 days 01:50:36.775576,0.001522290792362,2.763435394813063,2.7735263844130635
202,202,202,202,0.1394082826282576,0.1394082826282576,0.1394082826282576,0.1394082826282576,0.1394082826282576,0.1394082826282576,0.1394082826282576,0.1394082826282576,0.3246122512935304,0.0495561928566897,0.030308586691057,1.0000243849809176,0.0272637691677757,0.020487356801988,0.0212052051910269,0.0196821482814797,-0.0045364711462343,-0.006416553506771,858.0,0.0,0.2570898639873892,0.3048608686626178,0.1743675687195556,0.4670284280399481,0.0535861127015699,0.197278859615948,0.065128392987102,0.4569324761981242,100000,30,8,0.1,1.0,0.1,0,7,0.001,1e-06,0.001,1e-07,1.0,1e-08,adamax,0,0.0,disordered,1,0.1392158814068315,0 days 01:50:36.775576,0.0045364731875027,2.9887906432077966,2.630982559473856
203,203,203,203,0.1265331759388941,0.1265331759388941,0.1265331759388941,0.1265331759388941,0.1265331759388941,0.1265331759388941,0.1265331759388941,0.1265331759388941,2.0393417067716003e-07,0.1324690913684601,9.999262733591909e-08,1.8560658780755762e-07,0.1333641513475939,0.4412191823470303,3.2009037846562417e-07,3.436030927325892e-07,-0.0041896818792574,-0.0048073640873916,17253.0,0.0,0.9399879068391092,0.1531331495662983,0.8871418143478639,0.3157644446371223,0.7471306209072098,0.8426267670549912,0.6050421877711433,0.7192556857432617,100000,30,8,0.1,1.0,0.1,0,7,0.001,1e-06,0.001,1e-07,1.0,1e-08,adamax,0,0.0,disordered,1,0.1246473285319297,0 days 01:50:36.775576,0.0041898490509503,2.568860251483574,2.61834029261726
204,204,204,204,0.2837303616516209,0.2837303616516209,0.2837303616516209,0.2837303616516209,0.2837303616516209,0.2837303616516209,0.2837303616516209,0.2837303616516209,0.0817053775038721,0.9991248015905484,1.0018352751818025,0.0792723645228389,0.0908686155049028,0.0810000267090742,0.2729613955088732,0.3592815014844596,-0.0026066738446953,-0.0030174070483961,551.0,0.0,0.6321210957287544,0.930584437182522,0.77873739577466,0.4202621431901127,0.2909495185500346,0.1568346606596754,0.5121337977031166,0.2291368689240009,100000,30,8,0.1,1.0,0.1,0,7,0.001,1e-06,0.001,1e-07,1.0,1e-08,adamax,0,0.0,disordered,1,0.286720555714908,0 days 01:50:36.775576,0.0026067372840285,2.985365549200882,2.676218546022035
205,205,205,205,0.2747120789270809,0.2747120789270809,0.2747120789270809,0.2747120789270809,0.2747120789270809,0.2747120789270809,0.2747120789270809,0.2747120789270809,0.926104535692554,0.5813136024952646,0.1049423054921845,0.0750291283669108,1.0005450272636436,0.0736873900420577,0.0783217646888643,0.0734231683657,-0.0029816245197314,-0.004079963410413,571.0,0.0,0.2348572092197005,0.8820484141316075,0.6997460033703966,0.5394646261123279,0.8431326722381455,0.5253805104147993,0.3944293509038648,0.6855071109125144,100000,30,8,0.1,1.0,0.1,0,7,0.001,1e-06,0.001,1e-07,1.0,1e-08,adamax,0,0.0,disordered,1,0.2749488926985399,0 days 01:50:36.775576,0.002981625224475,2.7365451717725167,2.6524012978593907
206,206,206,206,0.2054117348353062,0.2054117348353062,0.2054117348353062,0.2054117348353062,0.2054117348353062,0.2054117348353062,0.2054117348353062,0.2054117348353062,0.1142716927372052,5.101957855366307e-06,0.3632900759792706,0.1108234212638582,0.0316579254604584,0.4851751878121355,0.3504695606260992,7.574036423108697e-06,-0.0030918256831855,-0.0034006222805,10353.0,1.0,0.6087880351081263,0.2085078479663953,0.3185811314592214,0.5609879301131608,0.2186413794508285,0.9168829225602444,0.0443029206182613,0.8763618463029645,100000,30,8,0.1,1.0,0.1,0,7,0.001,1e-06,0.001,1e-07,1.0,1e-08,adamax,0,0.0,disordered,1,0.2047738901568033,0 days 01:50:36.775576,0.0030918332486774,3.08539187707687,2.9374475301040746
207,207,207,207,0.2493409369951876,0.2493409369951876,0.2493409369951876,0.2493409369951876,0.2493409369951876,0.2493409369951876,0.2493409369951876,0.2493409369951876,1.0517967613913005e-06,1.2036004647841846e-07,9.994125695649925e-08,3.5440856472013505e-06,1.094498564890948e-05,0.5110003686817779,0.2098926144734148,0.3077300685711324,-0.0026282207330075,-0.0030037689177236,9359.0,0.0,0.9799138945563578,0.6152402498943469,0.2118946172780164,0.8097544677218037,0.4413341943052026,0.7124486303836971,0.3226652389525126,0.2214514698981701,100000,30,8,0.1,1.0,0.1,0,7,0.001,1e-06,0.001,1e-07,1.0,1e-08,adamax,0,0.0,disordered,1,0.2484001587509379,0 days 01:50:36.775576,0.0026282290831365,2.655959442924924,2.6900816903365654
208,208,208,208,0.1394082826282576,0.1394082826282576,0.1394082826282576,0.1394082826282576,0.1394082826282576,0.1394082826282576,0.1394082826282576,0.1394082826282576,1.0415207520469202e-07,1.4044564026579444e-06,0.0025431701824411,9.992371067784716e-08,1.01566466182908e-07,0.1301501423451393,0.1332343095612905,0.3595300063128165,-0.003848243021029,-0.0047383124425115,11956.0,0.0,0.9542381762038586,0.0757471606529122,0.0580890142398927,0.7827809055843171,0.7755035132004612,0.311476070621168,0.3740591998252107,0.6879268482728742,100000,30,8,0.1,1.0,0.1,0,7,0.001,1e-06,0.001,1e-07,1.0,1e-08,adamax,0,0.0,disordered,1,0.1395454160714719,0 days 01:50:36.775576,0.0038482435023944,2.627015834723887,2.99733499661804
209,209,209,209,0.2414157116103016,0.2414157116103016,0.2414157116103016,0.2414157116103016,0.2414157116103016,0.2414157116103016,0.2414157116103016,0.2414157116103016,0.0844775480056165,0.7965348047378029,0.0592797545057548,1.001424848507082,0.0586383093687803,0.7647698650577398,0.058289901131857,0.0587377087708863,-0.0027752692573657,-0.0036078171622854,620.0,0.0,0.5997951354240146,0.6484783877139965,0.4353325034398152,0.9802432834230916,0.1479879525046613,0.6317385122222028,0.2061123790086017,0.3348588103989253,100000,30,8,0.1,1.0,0.1,0,7,0.001,1e-06,0.001,1e-07,1.0,1e-08,adamax,0,0.0,disordered,1,0.2411463232556195,0 days 01:50:36.775576,0.0027752698276683,2.9955343017752085,2.7948774353442154
210,210,210,210,0.3444087275973818,0.3444087275973818,0.3444087275973818,0.3444087275973818,0.3444087275973818,0.3444087275973818,0.3444087275973818,0.3444087275973818,1.0000182701037306,0.500463504713717,0.0057733876509242,0.0373608897534738,0.0060626444809445,0.0035776786319273,0.0053122423813985,0.7801834154009791,-0.0023990301907067,-0.0029300662998125,2045.0,0.0,0.2975240377828509,0.8251332946474925,0.5799405734400951,0.3307931135673814,0.5355832957790975,0.4612390833904831,0.5441377875523028,0.2375414068801772,100000,30,8,0.1,1.0,0.1,0,7,0.001,1e-06,0.001,1e-07,1.0,1e-08,adamax,0,0.0,disordered,1,0.3420997341472326,0 days 01:50:36.775576,0.0023990597858229,2.302135883235686,2.626170064802728
211,211,211,211,0.5074705239490462,0.5074705239490462,0.5074705239490462,0.5074705239490462,0.5074705239490462,0.5074705239490462,0.5074705239490462,0.5074705239490462,0.2997904457701778,0.3112883177953939,0.2390496781026803,0.2425046432919461,0.8315863607882179,0.2508752471869235,1.0009428158334677,0.4783185223658232,-0.0017396639078378,-0.0019149680969592,329.0,0.0,0.3740625086331685,0.4584177799823629,0.0831945352188586,0.0143439525158265,0.5936357353255101,0.2070699824562814,0.8021815598294975,0.0250590579178283,100000,30,8,0.1,1.0,0.1,0,7,0.001,1e-06,0.001,1e-07,1.0,1e-08,adamax,0,0.0,disordered,1,0.5099325210181805,0 days 01:50:36.775576,0.0017396735545624,2.8245477090842797,2.836930705009338
212,212,212,212,0.3026648059395688,0.3026648059395688,0.3026648059395688,0.3026648059395688,0.3026648059395688,0.3026648059395688,0.3026648059395688,0.3026648059395688,1.000022090541602,0.0283243349324761,0.1467147029794003,0.0318634856274715,0.0247438780186747,0.0252932160043445,0.1541446747842587,0.5277396464987291,-0.0026818154876428,-0.0029838475727562,1084.0,0.0,0.2232035242133819,0.629867870135683,0.1319975124791029,0.4207087845975831,0.2982748638429793,0.2685307756252719,0.2349098781636482,0.9759423060107242,100000,30,8,0.1,1.0,0.1,0,7,0.001,1e-06,0.001,1e-07,1.0,1e-08,adamax,0,0.0,disordered,1,0.3029311729959958,0 days 01:50:36.775576,0.0026818161503831,2.7757245697821458,2.847604243037869
213,213,213,213,0.2337423870891812,0.2337423870891812,0.2337423870891812,0.2337423870891812,0.2337423870891812,0.2337423870891812,0.2337423870891812,0.2337423870891812,0.9394613361627248,0.9354066600254356,0.2712700692360492,0.5034550872409914,0.0657364125397654,8.633952742047775e-07,2.272745256172827e-06,0.0582814528989369,-0.0031590353225464,-0.004121247177752,10395.0,1.0,0.3196653215726728,0.1178753135315892,0.9152367962235946,0.1583504969113206,0.7366984727215286,0.6588236811461464,0.7176553027169862,0.7733546933724372,100000,30,8,0.1,1.0,0.1,0,7,0.001,1e-06,0.001,1e-07,1.0,1e-08,adamax,0,0.0,disordered,1,0.2351531414060146,0 days 01:50:36.775576,0.0031590670068691,2.391128116360746,2.5815992931069194
214,214,214,214,0.2747120789270809,0.2747120789270809,0.2747120789270809,0.2747120789270809,0.2747120789270809,0.2747120789270809,0.2747120789270809,0.2747120789270809,0.426533202805881,0.303494352732983,0.5898191848059171,0.0792703651949058,0.0743467716631189,1.001615988630166,0.1059153978070274,0.0753495766524246,-0.0027566163093428,-0.0035143686811743,564.0,0.0,0.1803030141992587,0.0373033824959746,0.430733016562524,0.4448800669236115,0.2366174382110738,0.8100134516481061,0.1090222125241248,0.4975099164328231,100000,30,8,0.1,1.0,0.1,0,7,0.001,1e-06,0.001,1e-07,1.0,1e-08,adamax,0,0.0,disordered,1,0.2737533703342251,0 days 01:50:36.775576,0.0027566232137835,2.875531741749538,2.769253911762717
215,215,215,215,0.0621709028616382,0.0621709028616382,0.0621709028616382,0.0621709028616382,0.0621709028616382,0.0621709028616382,0.0621709028616382,0.0621709028616382,0.0080457705566312,0.0273625301631542,1.0014139949354282,0.4510955294268163,0.0044930079697004,0.0037800391155309,0.0429149189108928,0.0306028426832974,-0.0043177622712288,-0.006189903088942,1217.0,0.0,0.5284651505940233,0.0093609338845411,0.8109055433193368,0.3581794790344946,0.4580439539978584,0.1608263990130709,0.3991063375864195,0.4525286946393249,100000,30,8,0.1,1.0,0.1,0,7,0.001,1e-06,0.001,1e-07,1.0,1e-08,adamax,0,0.0,disordered,1,0.0627136450012885,0 days 01:50:36.775576,0.0043177902521121,3.624021588856812,3.341835750419477
216,216,216,216,0.293044697697214,0.293044697697214,0.293044697697214,0.293044697697214,0.293044697697214,0.293044697697214,0.293044697697214,0.293044697697214,0.0990766849319548,0.2287105188454532,0.1221107674416664,0.1032108848151828,1.000298169908728,0.0832555396517052,0.2394281518371909,0.4342866607153002,-0.0025839020648467,-0.0028884705293223,544.0,0.0,0.6023069119094718,0.035474026553562,0.4274371712514283,0.4890100407897844,0.952522855058305,0.5957157030603453,0.6857109384559829,0.4401872814632463,100000,30,8,0.1,1.0,0.1,0,7,0.001,1e-06,0.001,1e-07,1.0,1e-08,adamax,0,0.0,disordered,1,0.2948152975151956,0 days 01:50:36.775576,0.002583923763425,2.8113506935197687,2.789361386510796
217,217,217,217,0.2121550171362449,0.2121550171362449,0.2121550171362449,0.2121550171362449,0.2121550171362449,0.2121550171362449,0.2121550171362449,0.2121550171362449,0.6931996548247057,0.3016606129616446,0.1741538925339312,1.0000780530995872,0.0109634236666014,0.504637211919484,0.0126089271405568,0.0173510031071879,-0.0032576645421687,-0.0037911631982733,1709.0,0.0,0.4937840073436988,0.9825465245862512,0.4150828601514071,0.9937436869423648,0.6094596160979363,0.9163674550166016,0.5768442817305188,0.8217032618458111,100000,30,8,0.1,1.0,0.1,0,7,0.001,1e-06,0.001,1e-07,1.0,1e-08,adamax,0,0.0,disordered,1,0.2121157729032624,0 days 01:50:36.775576,0.0032576645914518,2.809957567724611,2.5852710288894873
218,218,218,218,0.2337423870891812,0.2337423870891812,0.2337423870891812,0.2337423870891812,0.2337423870891812,0.2337423870891812,0.2337423870891812,0.2337423870891812,0.1689842497534737,0.0536053373178166,0.0536445437398589,1.0018389983809803,0.0534454736973292,0.9855759552982049,0.0584847428623444,0.0617977724927257,-0.0028468024757476,-0.0039097645189154,640.0,0.0,0.8222158042742835,0.3857264901761283,0.3292363001418678,0.9395865128303924,0.3293178926786093,0.783446533920661,0.1774196680395805,0.4891163999656509,100000,30,8,0.1,1.0,0.1,0,7,0.001,1e-06,0.001,1e-07,1.0,1e-08,adamax,0,0.0,disordered,1,0.233171054277341,0 days 01:50:36.775576,0.0028468053274319,3.161266383553765,2.908882299032178
219,219,219,219,0.2575263326771198,0.2575263326771198,0.2575263326771198,0.2575263326771198,0.2575263326771198,0.2575263326771198,0.2575263326771198,0.2575263326771198,0.6073905104894652,0.5352584475044981,0.5318165858765899,1.0000870024488118,0.0560030823175546,0.060766594598927,0.0599293225162812,0.052386589865623,-0.0031684751920516,-0.0041085718419515,732.0,0.0,0.3778665678222679,0.2759589605081787,0.2380782979215288,0.96516904812237,0.6688371881424954,0.4650183949765281,0.5728452462119683,0.8455036735849303,100000,30,8,0.1,1.0,0.1,0,7,0.001,1e-06,0.001,1e-07,1.0,1e-08,adamax,0,0.0,disordered,1,0.2593795224053428,0 days 01:50:36.775576,0.0031685234855331,2.846623602046183,2.8238158997165907
220,220,220,220,0.2747120789270809,0.2747120789270809,0.2747120789270809,0.2747120789270809,0.2747120789270809,0.2747120789270809,0.2747120789270809,0.2747120789270809,0.1035063710449979,0.0770939443075776,0.0760871185771088,1.001408846746368,0.738660251380513,0.78730379071534,0.0776833968724264,0.0818446989888874,-0.0024509192113522,-0.0030170396010476,564.0,0.0,0.6768301855369802,0.128394532188094,0.2108679393843456,0.8913321666978421,0.5576828798014435,0.5904742904835077,0.1629920281794145,0.1370148768163365,100000,30,8,0.1,1.0,0.1,0,7,0.001,1e-06,0.001,1e-07,1.0,1e-08,adamax,0,0.0,disordered,1,0.2708995268649069,0 days 01:50:36.775576,0.0024510054017378,3.0386754601788786,2.8280786122579813
221,221,221,221,0.1925613572129196,0.1925613572129196,0.1925613572129196,0.1925613572129196,0.1925613572129196,0.1925613572129196,0.1925613572129196,0.1925613572129196,0.9175646485661356,0.4900365566068215,0.2566456360237338,0.2847404558580103,1.5247408573639822e-06,1.0185505259791896e-06,0.0396913034138433,0.1188015035370398,-0.0036223004649159,-0.004052453044206,9620.0,1.0,0.2166959455232863,0.3254470036324582,0.5589067116449552,0.3724356813618187,0.6775240946536062,0.4312975026180609,0.5143280187607449,0.9518875125215324,100000,30,8,0.1,1.0,0.1,0,7,0.001,1e-06,0.001,1e-07,1.0,1e-08,adamax,0,0.0,disordered,1,0.1933780453322012,0 days 01:50:36.775576,0.0036223176638905,2.6760586858709807,2.517764706358884
222,222,222,222,0.367392478180207,0.367392478180207,0.367392478180207,0.367392478180207,0.367392478180207,0.367392478180207,0.367392478180207,0.367392478180207,0.4397305720411976,0.7030283397089193,0.2371410264145686,0.125852417000542,0.6021959774386713,0.1260116041112157,1.00151761090228,0.184910266124777,-0.0018754920750377,-0.00224566669674,467.0,0.0,0.0422314303022974,0.6368393993461833,0.73620322449266,0.1801180898408009,0.8605060156171978,0.1228417003009307,0.8087761926475169,0.1927105408106034,100000,30,8,0.1,1.0,0.1,0,7,0.001,1e-06,0.001,1e-07,1.0,1e-08,adamax,0,0.0,disordered,1,0.3666009978776708,0 days 01:50:36.775576,0.001875493363987,2.8149831150519535,2.758021752769714
223,223,223,223,0.1535934676510895,0.1535934676510895,0.1535934676510895,0.1535934676510895,0.1535934676510895,0.1535934676510895,0.1535934676510895,0.1535934676510895,0.6699953981067108,0.4380213301930511,0.2517554014828841,0.2518606726068719,0.4532523496577678,6.243721567158058e-07,8.280760918592799e-07,9.328705677433924e-07,-0.0039664575748072,-0.0050718334041851,10419.0,1.0,0.4263224339622773,0.3955381334147549,0.5723300230934486,0.6346187417687575,0.0404595103490741,0.814818387646713,0.5264111815609723,0.91849143804291,100000,30,8,0.1,1.0,0.1,0,7,0.001,1e-06,0.001,1e-07,1.0,1e-08,adamax,0,0.0,disordered,1,0.1524289327233186,0 days 01:50:36.775576,0.0039665136514087,2.683626214392075,2.553914696623876
224,224,224,224,0.7009570091165613,0.7009570091165613,0.7009570091165613,0.7009570091165613,0.7009570091165613,0.7009570091165613,0.7009570091165613,0.7009570091165613,0.5603744106065216,0.469278504459683,0.5888080854692658,0.4202208161209751,0.4091133610484035,0.4060851061429232,0.8171165473645128,1.0005518591703924,-0.001421586660243,-0.0014839454403095,249.0,0.0,0.1689751393360372,0.4443163223170702,0.9554762399933886,0.6346789436606832,0.5071377741957223,0.470279083869187,0.9150857305175504,0.0077227771562485,100000,30,8,0.1,1.0,0.1,0,7,0.001,1e-06,0.001,1e-07,1.0,1e-08,adamax,0,0.0,disordered,1,0.705345000899525,0 days 01:50:36.775576,0.0014216057221742,2.653357537680548,2.753496777250295
225,225,225,225,0.0730680395052949,0.0730680395052949,0.0730680395052949,0.0730680395052949,0.0730680395052949,0.0730680395052949,0.0730680395052949,0.0730680395052949,1.9912202509089454e-07,2.564512665058568e-07,3.545942693419348e-07,1.735037281792082e-06,1.994313435826276e-07,9.994802834222133e-08,3.619032951178296e-07,0.2683546947283208,-0.0041613862990362,-0.0058013999488441,9010.0,0.0,0.9905345325286374,0.4708746949087971,0.8217513147384797,0.4833469202236423,0.8269340621207426,0.0984383469262281,0.4256807315757339,0.770104221625241,100000,30,8,0.1,1.0,0.1,0,7,0.001,1e-06,0.001,1e-07,1.0,1e-08,adamax,0,0.0,disordered,1,0.0737354505662993,0 days 01:50:36.775576,0.004161399858996,2.641644846083368,2.9199115687734576
226,226,226,226,0.1864408533970484,0.1864408533970484,0.1864408533970484,0.1864408533970484,0.1864408533970484,0.1864408533970484,0.1864408533970484,0.1864408533970484,0.2340553245120127,0.0251077118638985,0.0299002327162478,1.001695585631588,0.7193488326532745,0.0501158836700519,0.067028628449347,0.0254643527998623,-0.0033668340900778,-0.0040471490080409,871.0,0.0,0.996373483546578,0.5131814983831814,0.0743252973503707,0.7475382834694912,0.6482748545633997,0.1496609131895748,0.2096219217272472,0.5019083405080652,100000,30,8,0.1,1.0,0.1,0,7,0.001,1e-06,0.001,1e-07,1.0,1e-08,adamax,0,0.0,disordered,1,0.1852726797228626,0 days 01:50:36.775576,0.0033668565558321,3.219877222601266,2.921762257748379
227,227,227,227,0.3444087275973818,0.3444087275973818,0.3444087275973818,0.3444087275973818,0.3444087275973818,0.3444087275973818,0.3444087275973818,0.3444087275973818,0.8306671901139786,0.5123391584924863,1.000138084787498,0.1211769266170804,0.4263841991873064,0.1507927935274456,0.3005245066637951,0.1881965745425111,-0.0023378706422765,-0.0025571725905812,497.0,0.0,0.1662058939666842,0.9165163716026364,0.9907703113194848,0.7523977700633425,0.8439922733623291,0.3312196221219013,0.1066804343937446,0.7290186157281227,100000,30,8,0.1,1.0,0.1,0,7,0.001,1e-06,0.001,1e-07,1.0,1e-08,adamax,0,0.0,disordered,1,0.3480336056052495,0 days 01:50:36.775576,0.0023379360919887,2.8304342344052507,2.808487196089843
228,228,228,228,0.0946132375589076,0.0946132375589076,0.0946132375589076,0.0946132375589076,0.0946132375589076,0.0946132375589076,0.0946132375589076,0.0946132375589076,0.0633684422121638,3.32564263001244e-06,1.9453785011513363e-06,3.739078663354842e-07,0.1474674820008711,0.0420151011527417,0.1094264727043962,0.049087375558606,-0.0044383342168701,-0.0049256942970285,9540.0,1.0,0.7939751161719123,0.6947801346813404,0.177051440159458,0.0266906115312945,0.5545568602357631,0.1499206963694241,0.294693182079087,0.4764056245886261,100000,30,8,0.1,1.0,0.1,0,7,0.001,1e-06,0.001,1e-07,1.0,1e-08,adamax,0,0.0,disordered,1,0.0955835984594516,0 days 01:50:36.775576,0.004438373788527,2.9311917949337434,2.929280809981582
229,229,229,229,0.2493409369951876,0.2493409369951876,0.2493409369951876,0.2493409369951876,0.2493409369951876,0.2493409369951876,0.2493409369951876,0.2493409369951876,0.8902140892116224,0.4505651371954314,0.1701629294788118,0.1152476962664243,1.001375309206635,0.0595746182815258,0.067641087589179,0.0597606024478509,-0.0029273848239462,-0.0039092074226793,621.0,0.0,0.2509043791169674,0.932818986572725,0.3214092379050743,0.5609602809118995,0.9729887653335408,0.6708927172949258,0.3857643810724636,0.7530443630890749,100000,30,8,0.1,1.0,0.1,0,7,0.001,1e-06,0.001,1e-07,1.0,1e-08,adamax,0,0.0,disordered,1,0.2467168158357153,0 days 01:50:36.775576,0.002927457199687,2.7523826781685274,2.652287281910728
230,230,230,230,0.293044697697214,0.293044697697214,0.293044697697214,0.293044697697214,0.293044697697214,0.293044697697214,0.293044697697214,0.293044697697214,1.0000048632664038,0.8753033860257768,0.9506525121081792,0.0183915405840629,0.0012940655323862,0.0018386521901675,0.0045459498503119,0.2851918057062194,-0.0027049706843433,-0.0033301322229316,2563.0,0.0,0.193543124298731,0.103977241662804,0.038779099627476,0.6678087656439216,0.657988078578443,0.670959148799725,0.6733965454081345,0.5827774663664507,100000,30,8,0.1,1.0,0.1,0,7,0.001,1e-06,0.001,1e-07,1.0,1e-08,adamax,0,0.0,disordered,1,0.2973956326679675,0 days 01:50:36.775576,0.0027051358552631,2.1798717950715503,2.582044130696635
231,231,231,231,0.1864408533970484,0.1864408533970484,0.1864408533970484,0.1864408533970484,0.1864408533970484,0.1864408533970484,0.1864408533970484,0.1864408533970484,0.6467503674090475,0.0344879424493694,0.034316083819702,0.0340029149241914,0.0358578939582839,1.0017071331181988,0.0376172343819584,0.034646454126109,-0.0037724735817876,-0.0051962372591021,734.0,0.0,0.9417557313138412,0.4598379478447295,0.1233252313945793,0.2499942574141122,0.4083691459001147,0.6123203267135688,0.3577362877443939,0.4357099077651283,100000,30,8,0.1,1.0,0.1,0,7,0.001,1e-06,0.001,1e-07,1.0,1e-08,adamax,0,0.0,disordered,1,0.1841727819421302,0 days 01:50:36.775576,0.0037726182231518,2.7624142517573707,2.9078428017758164
232,232,232,232,0.3794532847236935,0.3794532847236935,0.3794532847236935,0.3794532847236935,0.3794532847236935,0.3794532847236935,0.3794532847236935,0.3794532847236935,0.3818299695882006,0.6013545087585785,0.1487722050333445,0.1050777726807319,0.5310943309495603,0.107681598826668,1.0001461491686543,0.200521903778168,-0.0019706326574251,-0.0023107861435766,559.0,0.0,0.2935833985092709,0.7277334408157906,0.845134155030783,0.338783613064323,0.8003503170635864,0.1970847602580898,0.9749271752625236,0.356152860257068,100000,30,8,0.1,1.0,0.1,0,7,0.001,1e-06,0.001,1e-07,1.0,1e-08,adamax,0,0.0,disordered,1,0.3768040919059898,0 days 01:50:36.775576,0.0019706491807804,2.8313686912771594,2.756193441841137
233,233,233,233,0.1265331759388941,0.1265331759388941,0.1265331759388941,0.1265331759388941,0.1265331759388941,0.1265331759388941,0.1265331759388941,0.1265331759388941,0.2462014470566584,1.8247491238838347e-06,0.1288713098823038,2.464115591076247e-07,9.46920105667554e-07,9.992590230627592e-08,1.004654335022353e-07,0.35079564452077,-0.0044493461593169,-0.0053400939417685,9392.0,0.0,0.6614055922360822,0.6022105897609114,0.0821534229842885,0.5858340924685699,0.0466246723891885,0.4855800778680106,0.5371882984053611,0.951997611074012,100000,30,8,0.1,1.0,0.1,0,7,0.001,1e-06,0.001,1e-07,1.0,1e-08,adamax,0,0.0,disordered,1,0.1262661939316971,0 days 01:50:36.775576,0.0044493496442976,2.415879323956605,2.998136038298251
234,234,234,234,0.4459627626819087,0.4459627626819087,0.4459627626819087,0.4459627626819087,0.4459627626819087,0.4459627626819087,0.4459627626819087,0.4459627626819087,0.2017517617429253,0.2325556881167476,1.0001711707257277,0.2150841264979523,0.5751127869465583,0.1216947501332938,0.9616365578815508,0.3686290167726644,-0.0019643619632201,-0.0020909472561727,676.0,0.0,0.182133745387985,0.0485946351976115,0.6269918487949945,0.3099575823858593,0.5502766895860995,0.2555058305220564,0.690354676478183,0.1258208526893879,100000,30,8,0.1,1.0,0.1,0,7,0.001,1e-06,0.001,1e-07,1.0,1e-08,adamax,0,0.0,disordered,1,0.4476994994387632,0 days 01:50:36.775576,0.0019643697683845,2.827039958908296,2.73720834952702
235,235,235,235,0.2121550171362449,0.2121550171362449,0.2121550171362449,0.2121550171362449,0.2121550171362449,0.2121550171362449,0.2121550171362449,0.2121550171362449,0.4737650784187123,0.1022276068790304,1.0015397427701505,0.0768409193195536,0.0518038968681415,0.7780306252776947,0.2422796929649384,0.0428076054996074,-0.0029791718977592,-0.0033591627481508,710.0,0.0,0.5118869253857486,0.7715420836198362,0.892247253863254,0.3278519753616105,0.5487013173130514,0.9531344850851424,0.1384454988354615,0.830214191649277,100000,30,8,0.1,1.0,0.1,0,7,0.001,1e-06,0.001,1e-07,1.0,1e-08,adamax,0,0.0,disordered,1,0.2144680366846747,0 days 01:50:36.775576,0.0029792482238887,3.1402964327732428,2.7502660187610166
236,236,236,236,0.0165362440709417,0.0165362440709417,0.0165362440709417,0.0165362440709417,0.0165362440709417,0.0165362440709417,0.0165362440709417,0.0165362440709417,4.444297503133158e-07,5.302520770987372e-07,0.0893101043867517,0.4677100804974572,9.99635785326812e-08,1.3396070622197436e-07,1.665292668600912e-07,1.978535816750604e-06,-0.0042841383516479,-0.0054619364713604,9512.0,0.0,0.7327395107432352,0.9660335288182658,0.4885474892180693,0.4552687916562221,0.5453349965360131,0.3611917337246968,0.0583130261082898,0.5685933037770732,100000,30,8,0.1,1.0,0.1,0,7,0.001,1e-06,0.001,1e-07,1.0,1e-08,adamax,0,0.0,disordered,1,0.0166339985597951,0 days 01:50:36.775576,0.0042841413647218,3.173103201733518,3.287618206578928
237,237,237,237,0.5413360302965373,0.5413360302965373,0.5413360302965373,0.5413360302965373,0.5413360302965373,0.5413360302965373,0.5413360302965373,0.5413360302965373,0.3699192067604943,0.3118299077564253,0.3802099236186441,0.2361237646270877,0.1928712515646107,1.0009663740728143,0.9406908708352612,0.4509963026792762,-0.0017071948423499,-0.0018335388914432,454.0,0.0,0.3898531222958959,0.5053216831123871,0.6995514146566701,0.3938181735900791,0.1621186463421164,0.8307599058240421,0.9442078856421376,0.2347843226477063,100000,30,8,0.1,1.0,0.1,0,7,0.001,1e-06,0.001,1e-07,1.0,1e-08,adamax,0,0.0,disordered,1,0.5477485901963586,0 days 01:50:36.775576,0.0017072624881445,2.773124839883227,2.796403223684185
238,238,238,238,0.31260072430687,0.31260072430687,0.31260072430687,0.31260072430687,0.31260072430687,0.31260072430687,0.31260072430687,0.31260072430687,0.10047257258501,0.0983031833796155,0.7808830389682928,0.1000868717254599,1.0011032802218591,0.8106872606841682,0.179881147553077,0.0993605621255586,-0.0025361058167101,-0.0029401004700163,509.0,0.0,0.6108236996679951,0.3773559526274866,0.7018834718502762,0.0546730326301002,0.9194034540657708,0.854608348268091,0.1387081230046472,0.6410568369788642,100000,30,8,0.1,1.0,0.1,0,7,0.001,1e-06,0.001,1e-07,1.0,1e-08,adamax,0,0.0,disordered,1,0.3093760474785683,0 days 01:50:36.775576,0.002536170177412,3.411220540816427,2.894226085824318
239,239,239,239,0.4757236139187883,0.4757236139187883,0.4757236139187883,0.4757236139187883,0.4757236139187883,0.4757236139187883,0.4757236139187883,0.4757236139187883,0.999106825628281,0.89678686676576,0.1442450457957987,0.1013354901504848,0.1298900530017938,0.1379419927409429,0.1586771297568449,1.0002907553213902,-0.0019314061529172,-0.0020743341554851,684.0,0.0,0.3306023906468737,0.2100287729330664,0.8474872128226818,0.7529992406443696,0.5771772316266393,0.6204337554211788,0.8697201396394431,0.3413880117550416,100000,30,8,0.1,1.0,0.1,0,7,0.001,1e-06,0.001,1e-07,1.0,1e-08,adamax,0,0.0,disordered,1,0.478921578239261,0 days 01:50:36.775576,0.0019314326261815,2.568233371629271,2.7192861372565016
240,240,240,240,0.1439847952876006,0.1439847952876006,0.1439847952876006,0.1439847952876006,0.1439847952876006,0.1439847952876006,0.1439847952876006,0.1439847952876006,0.1709609585074704,0.1577020906773726,0.0336530714000975,0.0196671849819622,0.0242806560993516,1.0000711192272196,0.0292102182824316,0.0211452463261309,-0.0043979530523151,-0.0055809109746097,873.0,0.0,0.4930006569675881,0.2293783972850448,0.4531024331903944,0.1709223691586158,0.3456081147054866,0.6432019355210938,0.2766867791863913,0.6528621810348465,100000,30,8,0.1,1.0,0.1,0,7,0.001,1e-06,0.001,1e-07,1.0,1e-08,adamax,0,0.0,disordered,1,0.1439678194038761,0 days 01:50:36.775576,0.0043979530692023,3.0345767724732964,2.712290840568025
241,241,241,241,0.5241298302206053,0.5241298302206053,0.5241298302206053,0.5241298302206053,0.5241298302206053,0.5241298302206053,0.5241298302206053,0.5241298302206053,0.1168039601034937,9.997953854174137e-08,1.0210791619560177e-07,1.2481489025433477e-07,4.950783465305615e-07,5.019737826043407e-07,0.6873800153344191,0.8855266383482979,-0.001775633865869,-0.0024324218312249,10704.0,0.0,0.7971262366886388,0.6295824775477612,0.46928653969985,0.390735095512803,0.0723702891932622,0.7662354457714627,0.9554555810072084,0.241228705435484,100000,30,8,0.1,1.0,0.1,0,7,0.001,1e-06,0.001,1e-07,1.0,1e-08,adamax,0,0.0,disordered,1,0.5224690056483037,0 days 01:50:36.775576,0.001775638984135,2.2906790698284154,2.875252577525621
242,242,242,242,0.2837303616516209,0.2837303616516209,0.2837303616516209,0.2837303616516209,0.2837303616516209,0.2837303616516209,0.2837303616516209,0.2837303616516209,0.2627199382540843,0.2225640456544344,1.0013715407529291,0.5758341020526027,0.1191661741812849,0.0974124245857581,0.2997789301703746,0.2254687768608119,-0.0027244331713327,-0.0028850378286276,571.0,0.0,0.6963187340726933,0.60276645076222,0.8127417971322611,0.6830013088815216,0.1960750665428106,0.1349177742162709,0.3368118541359427,0.1861283494682134,100000,30,8,0.1,1.0,0.1,0,7,0.001,1e-06,0.001,1e-07,1.0,1e-08,adamax,0,0.0,disordered,1,0.2805400889829991,0 days 01:50:36.775576,0.0027245294324394,2.7138465512999193,2.59924030734011
243,243,243,243,0.5774615152359814,0.5774615152359814,0.5774615152359814,0.5774615152359814,0.5774615152359814,0.5774615152359814,0.5774615152359814,0.5774615152359814,0.3807605467720561,0.310328560563688,0.2695833343218319,0.248657124328563,0.2504879642224182,0.2758004841984212,0.5138947997685807,1.00028209988689,-0.0015270653053801,-0.0016353264146283,431.0,0.0,0.6023762430226838,0.0878655252270514,0.6752825814993385,0.7853399182255231,0.0413469873262518,0.8872135498661534,0.8203067955127752,0.0426734613804549,100000,30,8,0.1,1.0,0.1,0,7,0.001,1e-06,0.001,1e-07,1.0,1e-08,adamax,0,0.0,disordered,1,0.5816245957128716,0 days 01:50:36.775576,0.0015270848082878,2.693056498051051,2.8302947755445937
244,244,244,244,0.2659804395593755,0.2659804395593755,0.2659804395593755,0.2659804395593755,0.2659804395593755,0.2659804395593755,0.2659804395593755,0.2659804395593755,0.2437483504193534,0.3546379852378295,0.1184006600062298,5.422669630929111e-06,0.0425448263058661,6.649380928370941e-06,0.5455444576872357,0.4254185719817668,-0.0025753499627668,-0.0027588237886134,8112.0,1.0,0.5476119930948808,0.0276987578582994,0.476849323850059,0.0810706566252456,0.5758752183135014,0.0770917045106102,0.0891812636734423,0.9707655112111976,100000,30,8,0.1,1.0,0.1,0,7,0.001,1e-06,0.001,1e-07,1.0,1e-08,adamax,0,0.0,disordered,1,0.2702715935750315,0 days 01:50:36.775576,0.0025755023105076,2.7751249579572987,3.02877205412193
245,245,245,245,0.088694316560147,0.088694316560147,0.088694316560147,0.088694316560147,0.088694316560147,0.088694316560147,0.088694316560147,0.088694316560147,0.2168516633148156,1.1756665479781975e-05,6.444862555779866e-07,1.684009559724642e-07,9.999550118099284e-08,0.0047949636297138,1.4249268340575516e-05,0.1540664869747472,-0.0049359980018334,-0.0058669049287738,8506.0,0.0,0.8086431747728513,0.6726456573027725,0.7873534174037112,0.2138068606342079,0.1035298872262434,0.3220818050220797,0.7609848968381185,0.7554276132962582,100000,30,8,0.1,1.0,0.1,0,7,0.001,1e-06,0.001,1e-07,1.0,1e-08,adamax,0,0.0,disordered,1,0.0886926244407765,0 days 01:50:36.775576,0.0049359980028621,2.9565614474687902,3.027064471906133
246,246,246,246,0.0946132375589076,0.0946132375589076,0.0946132375589076,0.0946132375589076,0.0946132375589076,0.0946132375589076,0.0946132375589076,0.0946132375589076,0.2946878140064773,0.4091802808358386,0.1645325395051783,1.556840660643581e-07,9.994566005882505e-08,4.301080274945144e-07,0.0408810804415832,7.404807547122835e-07,-0.004890730033877,-0.0063066276833672,10432.0,0.0,0.7175991955140247,0.4169878110167524,0.5086903174204658,0.7400016015709628,0.5875236478790725,0.2213090706827494,0.4701230161149549,0.9348430298883496,100000,30,8,0.1,1.0,0.1,0,7,0.001,1e-06,0.001,1e-07,1.0,1e-08,adamax,0,0.0,disordered,1,0.0959908874428712,0 days 01:50:36.775576,0.0048909320519429,3.019654343764248,2.908817359895792
247,247,247,247,0.1487115462808952,0.1487115462808952,0.1487115462808952,0.1487115462808952,0.1487115462808952,0.1487115462808952,0.1487115462808952,0.1487115462808952,2.441154217393843e-07,0.0033647922362494,0.0028220591841473,1.576397010925767e-07,1.5422221129670054e-07,2.056442693304931e-06,0.5012279923601761,0.000180220957374,-0.0028086215580534,-0.0038015010253829,9923.0,1.0,0.961070735677403,0.0774580871146507,0.1196809759074851,0.0580147337772677,0.5053224970285753,0.8981542338510546,0.5149285866757037,0.3326697194301049,100000,30,8,0.1,1.0,0.1,0,7,0.001,1e-06,0.001,1e-07,1.0,1e-08,adamax,0,0.0,disordered,1,0.1485561318305514,0 days 01:50:36.775576,0.0028086219684788,2.652174501198198,2.975601880471818
248,248,248,248,0.2837303616516209,0.2837303616516209,0.2837303616516209,0.2837303616516209,0.2837303616516209,0.2837303616516209,0.2837303616516209,0.2837303616516209,0.1258321002273222,0.0803972650453649,0.2376363093110789,1.0014740472688626,0.9135629024707348,0.1734103931041019,0.0873946285495699,0.0790915713441739,-0.0026671656950069,-0.0033192627409054,553.0,0.0,0.8811087944470062,0.2414535217964392,0.5495248734337503,0.8854725114915851,0.8715760559548247,0.1321769159494964,0.3050751526083735,0.4077745572349009,100000,30,8,0.1,1.0,0.1,0,7,0.001,1e-06,0.001,1e-07,1.0,1e-08,adamax,0,0.0,disordered,1,0.2830845997710375,0 days 01:50:36.775576,0.0026671689116325,3.0599470896141705,2.8939182571896485
249,249,249,249,0.367392478180207,0.367392478180207,0.367392478180207,0.367392478180207,0.367392478180207,0.367392478180207,0.367392478180207,0.367392478180207,0.0011967868154219,2.372933354179267e-07,9.996290827226221e-08,1.659362981585678e-07,3.1602779752900337e-07,6.653702205590593e-07,0.7414530751135762,0.5604840005531414,-0.0023753564636025,-0.0032480312103328,9532.0,0.0,0.7725284557686096,0.686684721711338,0.5367303424045855,0.3768587937652314,0.2869107062612098,0.5824724774589648,0.8038178801135077,0.3512810604683982,100000,30,8,0.1,1.0,0.1,0,7,0.001,1e-06,0.001,1e-07,1.0,1e-08,adamax,0,0.0,disordered,1,0.363408702052452,0 days 01:50:36.775576,0.0023754359399982,2.3617098638855203,2.789447326711653
250,250,250,250,0.3026648059395688,0.3026648059395688,0.3026648059395688,0.3026648059395688,0.3026648059395688,0.3026648059395688,0.3026648059395688,0.3026648059395688,0.0931655702426181,0.1266935042101257,0.1168109956634626,0.1166859489142099,0.4453144393235012,1.0009931506868537,0.0948794148082902,0.4924024764357534,-0.0023684046292091,-0.0026693847379343,519.0,0.0,0.2841725811036992,0.0098014693381194,0.110380666903483,0.1312510297306344,0.4322052618946842,0.7758345101290121,0.4043857509029754,0.1460427398879018,100000,30,8,0.1,1.0,0.1,0,7,0.001,1e-06,0.001,1e-07,1.0,1e-08,adamax,0,0.0,disordered,1,0.3036041178363525,0 days 01:50:36.775576,0.0023684088858342,2.8474399228332965,2.757363883093443
251,251,251,251,0.3557150206821381,0.3557150206821381,0.3557150206821381,0.3557150206821381,0.3557150206821381,0.3557150206821381,0.3557150206821381,0.3557150206821381,0.8636670507632034,0.7570611926015727,0.1293761904460768,0.1182155952565118,1.001427630859456,0.9676461663333712,0.1384764440993108,0.1676467647553435,-0.0022497790550001,-0.0025741028446432,477.0,0.0,0.1679213699100826,0.952884908736082,0.6201842307810612,0.2964785426638304,0.8444660694775874,0.9474444975391232,0.5467043710128199,0.4530432787594874,100000,30,8,0.1,1.0,0.1,0,7,0.001,1e-06,0.001,1e-07,1.0,1e-08,adamax,0,0.0,disordered,1,0.3548769474023544,0 days 01:50:36.775576,0.0022497822793819,2.8144546959949084,2.6995247390143855
252,252,252,252,0.3557150206821381,0.3557150206821381,0.3557150206821381,0.3557150206821381,0.3557150206821381,0.3557150206821381,0.3557150206821381,0.3557150206821381,0.1265869072735259,0.1272323136822076,0.9926842903827976,0.9911135931003888,1.0017983314742642,0.1281499988599135,0.153028374590293,0.1268345339099405,-0.0023704148033886,-0.0030154117631307,453.0,0.0,0.3865609462752719,0.3750887220633633,0.8641334593779851,0.7121169088606202,0.9116187399049344,0.0330861618683887,0.1317100749102014,0.5247398946099376,100000,30,8,0.1,1.0,0.1,0,7,0.001,1e-06,0.001,1e-07,1.0,1e-08,adamax,0,0.0,disordered,1,0.3542611695251389,0 days 01:50:36.775576,0.0023704247705068,3.385920494555617,2.9286014401340537
253,253,253,253,0.2121550171362449,0.2121550171362449,0.2121550171362449,0.2121550171362449,0.2121550171362449,0.2121550171362449,0.2121550171362449,0.2121550171362449,0.0886940856096819,0.1038152183379016,0.053492400728344,1.001691058752461,0.0470785578872186,0.0515407421772156,0.0635117731345498,0.4807297241490935,-0.0028438254475599,-0.0034174108962197,675.0,0.0,0.586993413190181,0.4302177437931249,0.5175722149699251,0.901339437787484,0.5628716867420183,0.2620706984769563,0.4998416118676445,0.2976851522117538,100000,30,8,0.1,1.0,0.1,0,7,0.001,1e-06,0.001,1e-07,1.0,1e-08,adamax,0,0.0,disordered,1,0.2132657580468893,0 days 01:50:36.775576,0.0028438352603161,2.446203522319832,2.6753109965879505
254,254,254,254,0.1864408533970484,0.1864408533970484,0.1864408533970484,0.1864408533970484,0.1864408533970484,0.1864408533970484,0.1864408533970484,0.1864408533970484,0.3888573222170204,0.0395293430200508,1.0002089900110689,1.0000395051071325,0.0345503359565953,0.0366125232467641,0.0355577037841108,0.054571111558585,-0.0032326681856073,-0.0048385938895339,735.0,0.0,0.6305004038324661,0.5873705253573342,0.7080282063122164,0.9740300030341958,0.4986415638058594,0.0375864993647589,0.4949250184604326,0.5079226609557341,100000,30,8,0.1,1.0,0.1,0,7,0.001,1e-06,0.001,1e-07,1.0,1e-08,adamax,0,0.0,disordered,1,0.1877004357464991,0 days 01:50:36.775576,0.0032326977459505,2.973583425806242,2.8288608101626807
255,255,255,255,0.1186173716452477,0.1186173716452477,0.1186173716452477,0.1186173716452477,0.1186173716452477,0.1186173716452477,0.1186173716452477,0.1186173716452477,0.3826899872736962,2.624041607559131e-07,9.999907857163892e-08,1.0722228793169785e-07,0.0005041510250934,0.0755018480471252,0.2214279440025948,0.131642272164015,-0.0035559067446299,-0.0039893810540479,15525.0,0.0,0.7907435523960199,0.9276889739859024,0.1612277039736088,0.8859141379692881,0.1726543840939524,0.5902395946811771,0.0046682064387766,0.8449914787022698,100000,30,8,0.1,1.0,0.1,0,7,0.001,1e-06,0.001,1e-07,1.0,1e-08,adamax,0,0.0,disordered,1,0.1168823682403467,0 days 01:50:36.775576,0.0035559917813484,2.839851867868233,2.8783213848739666
256,256,256,256,0.1805148879221106,0.1805148879221106,0.1805148879221106,0.1805148879221106,0.1805148879221106,0.1805148879221106,0.1805148879221106,0.1805148879221106,0.0330685165378809,0.0348081260290508,1.0021895500948566,0.0580724812158628,0.0395767555026902,0.9846518536956328,0.0356184633565149,0.0325822489898327,-0.0034148922353108,-0.0051661049440799,745.0,0.0,0.412171198620191,0.2167115328242185,0.9461633176947816,0.0858252645518551,0.3519555683948094,0.4662096657402347,0.2641610423199229,0.3577243023289156,100000,30,8,0.1,1.0,0.1,0,7,0.001,1e-06,0.001,1e-07,1.0,1e-08,adamax,0,0.0,disordered,1,0.1814141532366845,0 days 01:50:36.775576,0.0034149115920892,3.104673978346035,2.9287183116471236
257,257,257,257,0.1265331759388941,0.1265331759388941,0.1265331759388941,0.1265331759388941,0.1265331759388941,0.1265331759388941,0.1265331759388941,0.1265331759388941,3.009993429094891e-06,1.0778562134554242e-06,0.2164538326821608,3.518700457829836e-06,0.5087825453987175,0.0417343209464368,0.0397317395682435,3.859795319737478e-06,-0.0045817459402263,-0.0053267468465144,8910.0,1.0,0.8439450561857775,0.1966853652975934,0.5568244398237743,0.2123840167638335,0.6193251512817038,0.2504078897401338,0.3153846107667606,0.5267904055998419,100000,30,8,0.1,1.0,0.1,0,7,0.001,1e-06,0.001,1e-07,1.0,1e-08,adamax,0,0.0,disordered,1,0.125082855760344,0 days 01:50:36.775576,0.004581862587721,3.0437981728204107,2.948118042322848
258,258,258,258,0.4180637241455752,0.4180637241455752,0.4180637241455752,0.4180637241455752,0.4180637241455752,0.4180637241455752,0.4180637241455752,0.4180637241455752,0.6192191851665116,0.200239217440158,0.1728298862901263,1.0019436940790167,0.2062857495863565,0.1904548009015786,0.5235509940994869,0.433386397370588,-0.0019708339958358,-0.0020770580341604,381.0,0.0,0.2517950567936714,0.7296339402648715,0.2245900242579696,0.8373230498189689,0.7008026550476931,0.1292264353061747,0.5201552343639971,0.0661997105179632,100000,30,8,0.1,1.0,0.1,0,7,0.001,1e-06,0.001,1e-07,1.0,1e-08,adamax,0,0.0,disordered,1,0.4122471709151807,0 days 01:50:36.775576,0.0019709266668578,2.724246843424542,2.731597963111562
259,259,259,259,0.1988827856988807,0.1988827856988807,0.1988827856988807,0.1988827856988807,0.1988827856988807,0.1988827856988807,0.1988827856988807,0.1988827856988807,0.9833736014453744,0.5471419825669092,0.7276112649378537,9.995687861300005e-08,1.068971908743167e-07,1.0300951958098293e-06,0.0256746898479262,4.570888575515648e-07,-0.0034539989303658,-0.0049930989216337,10968.0,0.0,0.1721544722467036,0.312892160296816,0.7078524496291896,0.6182809299151276,0.532032312442629,0.1823636503495314,0.297466122530351,0.6865605756254168,100000,30,8,0.1,1.0,0.1,0,7,0.001,1e-06,0.001,1e-07,1.0,1e-08,adamax,0,0.0,disordered,1,0.2019803465523506,0 days 01:50:36.775576,0.0034541918026148,2.6927061933030196,2.6673759739276126
260,260,260,260,0.4606028844202396,0.4606028844202396,0.4606028844202396,0.4606028844202396,0.4606028844202396,0.4606028844202396,0.4606028844202396,0.4606028844202396,0.2102912258465628,0.2103031398461166,0.2111252027145972,0.2113542157162877,0.9927040543668816,0.2468524489858144,1.001113430911302,0.2532469637613925,-0.0018504330415192,-0.0021310424707196,340.0,0.0,0.490586013515179,0.3226402252012018,0.0690082719759968,0.0460383384738465,0.9243948450781102,0.4160384084032459,0.892642849940053,0.2427364202596078,100000,30,8,0.1,1.0,0.1,0,7,0.001,1e-06,0.001,1e-07,1.0,1e-08,adamax,0,0.0,disordered,1,0.4565256663347357,0 days 01:50:36.775576,0.0018504649966453,3.060050320284122,2.927151602469297
261,261,261,261,0.2659804395593755,0.2659804395593755,0.2659804395593755,0.2659804395593755,0.2659804395593755,0.2659804395593755,0.2659804395593755,0.2659804395593755,0.0857409817622883,0.1235843114936348,0.9438824819410686,0.1099874839046297,0.0719855000974786,1.002030684490831,0.4018442627657073,0.1189416018076558,-0.0026892182328004,-0.0030497393297702,579.0,0.0,0.5902893458566169,0.2554925136067161,0.8824369211174049,0.2237432147542696,0.5457548232681747,0.966408500467066,0.7300655008831317,0.55451469704545,100000,30,8,0.1,1.0,0.1,0,7,0.001,1e-06,0.001,1e-07,1.0,1e-08,adamax,0,0.0,disordered,1,0.2651280183433475,0 days 01:50:36.775576,0.0026892244207808,3.0551979405120915,2.7853224431876322
262,262,262,262,0.1042404007021555,0.1042404007021555,0.1042404007021555,0.1042404007021555,0.1042404007021555,0.1042404007021555,0.1042404007021555,0.1042404007021555,0.0452845653951381,1.0003267505232418,0.0279021132465474,0.0617987640110503,0.0108746710766309,0.0103781120295317,0.0145051964496225,0.0105174173887299,-0.0054129218534344,-0.0079824885551473,996.0,0.0,0.3642251993788008,0.5299935154653812,0.003964601886879,0.1307005979703461,0.2790991030065441,0.0468384390791053,0.2382331369006272,0.4210956189228788,100000,30,8,0.1,1.0,0.1,0,7,0.001,1e-06,0.001,1e-07,1.0,1e-08,adamax,0,0.0,disordered,1,0.1035040083253876,0 days 01:50:36.775576,0.0054129796351268,3.2460442827343057,2.8023334778390163
263,263,263,263,0.3919100249433399,0.3919100249433399,0.3919100249433399,0.3919100249433399,0.3919100249433399,0.3919100249433399,0.3919100249433399,0.3919100249433399,0.052927233028054,1.0011390752436464,0.0089070421158207,0.7459998937925191,0.3767893997382605,0.7612089222621817,0.5007707557607896,0.0152541816890678,-0.0020041249110083,-0.0022077030946617,1737.0,0.0,0.8581652380491207,0.919041328596542,0.0206468547942875,0.4598981761889207,0.6834911275073907,0.752343177655418,0.1593110042926907,0.0072366000934332,100000,30,8,0.1,1.0,0.1,0,7,0.001,1e-06,0.001,1e-07,1.0,1e-08,adamax,0,0.0,disordered,1,0.3865985031553583,0 days 01:50:36.775576,0.0020042302823829,3.072581068883314,2.7451933574610465
264,264,264,264,0.1111967731120697,0.1111967731120697,0.1111967731120697,0.1111967731120697,0.1111967731120697,0.1111967731120697,0.1111967731120697,0.1111967731120697,0.2799572559557289,0.3074716830785883,0.0193953916076649,0.0142446904165393,1.0004271974638097,0.0124182863582729,0.0128703282309147,0.0202114712994983,-0.0037718226816247,-0.0059486230430236,961.0,0.0,0.2493808475659444,0.3142001016251147,0.1871628674307952,0.2204804283056316,0.6620003487166186,0.2217289002022189,0.1888468319739497,0.2708439558761873,100000,30,8,0.1,1.0,0.1,0,7,0.001,1e-06,0.001,1e-07,1.0,1e-08,adamax,0,0.0,disordered,1,0.1118840914809722,0 days 01:50:36.775576,0.0037718383982221,2.3705244608948615,2.706976456677871
265,265,265,265,0.2414157116103016,0.2414157116103016,0.2414157116103016,0.2414157116103016,0.2414157116103016,0.2414157116103016,0.2414157116103016,0.2414157116103016,1.0000089528326723,0.9480631810313684,0.7225905621350216,0.0130498819505089,0.0016980447724625,0.0064648021613634,0.0250134408663409,0.163985152669227,-0.0031413547369689,-0.0038440368000401,2208.0,0.0,0.455397885465194,0.1981833967994051,0.4956181222794322,0.936968986660444,0.8217622708517057,0.7513602717091733,0.9424908823824212,0.9216691367522626,100000,30,8,0.1,1.0,0.1,0,7,0.001,1e-06,0.001,1e-07,1.0,1e-08,adamax,0,0.0,disordered,1,0.2407964776446689,0 days 01:50:36.775576,0.0031413604233745,2.431066532243971,2.518450039398097
266,266,266,266,0.1692220351641035,0.1692220351641035,0.1692220351641035,0.1692220351641035,0.1692220351641035,0.1692220351641035,0.1692220351641035,0.1692220351641035,0.1213505375805652,0.6010306438071288,0.0470103654771869,0.0282873085387358,1.0016839198237737,0.0283990468793909,0.0280634617292451,0.0281928743267931,-0.0036805767469997,-0.0060201415297954,777.0,0.0,0.5530379528488172,0.6917257743704043,0.3526787263580574,0.5383261755672814,0.920654969928161,0.5076198694558568,0.4212669136615909,0.6581423117426194,100000,30,8,0.1,1.0,0.1,0,7,0.001,1e-06,0.001,1e-07,1.0,1e-08,adamax,0,0.0,disordered,1,0.1710225643867565,0 days 01:50:36.775576,0.0036806432455886,2.6958638935945407,2.7313021326653417
267,267,267,267,0.4047756965997316,0.4047756965997316,0.4047756965997316,0.4047756965997316,0.4047756965997316,0.4047756965997316,0.4047756965997316,0.4047756965997316,0.1647487074182663,0.1680903442677741,0.1673268087784762,0.1666092976953197,0.997580679220922,1.0012906531963923,0.1649878229464491,0.6462631814873455,-0.0019479739792329,-0.0022113330979941,394.0,0.0,0.4650690107189882,0.0950751511429794,0.3789402569079488,0.1358529711872043,0.914623681246587,0.7408822942823422,0.4393104955811658,0.0707768976316932,100000,30,8,0.1,1.0,0.1,0,7,0.001,1e-06,0.001,1e-07,1.0,1e-08,adamax,0,0.0,disordered,1,0.4092621870074862,0 days 01:50:36.775576,0.0019480305940688,2.999319981359437,2.8317279698574893
268,268,268,268,0.1864408533970484,0.1864408533970484,0.1864408533970484,0.1864408533970484,0.1864408533970484,0.1864408533970484,0.1864408533970484,0.1864408533970484,0.3802358026128364,0.0974203734350083,1.0006147974758863,0.034568274821516,0.9247892900969636,0.1123325332138441,0.0448394172996101,0.0675975060886744,-0.0033777111821743,-0.0041685573000088,733.0,0.0,0.1130279864224709,0.2624156021116005,0.5242856925683992,0.1061762451345866,0.3628835152626581,0.1810869435269304,0.1040694882091142,0.1207156030198123,100000,30,8,0.1,1.0,0.1,0,7,0.001,1e-06,0.001,1e-07,1.0,1e-08,adamax,0,0.0,disordered,1,0.1838104364392202,0 days 01:50:36.775576,0.0033778626097738,2.600345729498212,2.4744874512317625
269,269,269,269,0.5774615152359814,0.5774615152359814,0.5774615152359814,0.5774615152359814,0.5774615152359814,0.5774615152359814,0.5774615152359814,0.5774615152359814,0.8320494099855901,0.2477346730001597,0.3025476532278863,0.319385776963499,0.2353520825670791,0.9449002666470536,0.3188390690348089,1.000832688522462,-0.0015389308599011,-0.0016118322687479,401.0,0.0,0.1205773080414402,0.8314340131623814,0.1801038565742732,0.1114461759198258,0.8308278558558296,0.961011026603638,0.7342278090035012,0.0729623876622924,100000,30,8,0.1,1.0,0.1,0,7,0.001,1e-06,0.001,1e-07,1.0,1e-08,adamax,0,0.0,disordered,1,0.5715930118650968,0 days 01:50:36.775576,0.0015389730583435,2.7391731853716097,2.808726826532596
270,270,270,270,0.3026648059395688,0.3026648059395688,0.3026648059395688,0.3026648059395688,0.3026648059395688,0.3026648059395688,0.3026648059395688,0.3026648059395688,0.3293122731870236,0.1003155923434842,0.0921423223696152,0.865901501499029,0.0914000802313091,1.0021165131870002,0.4054754154514444,0.1314031137073078,-0.0024269340174697,-0.0027935307984576,519.0,0.0,0.135227585489973,0.1455237945638252,0.097818328651009,0.4805453164795235,0.0559177808052885,0.7949178194024896,0.4107411089264134,0.1952745361576933,100000,30,8,0.1,1.0,0.1,0,7,0.001,1e-06,0.001,1e-07,1.0,1e-08,adamax,0,0.0,disordered,1,0.3005132154739556,0 days 01:50:36.775576,0.0024269603714125,2.89642309753399,2.7482299112769564
271,271,271,271,0.2575263326771198,0.2575263326771198,0.2575263326771198,0.2575263326771198,0.2575263326771198,0.2575263326771198,0.2575263326771198,0.2575263326771198,0.9317028486458212,0.226500422205245,0.944112750280026,0.0663539711057514,0.0646424959454262,1.0003797281541096,0.0644059937167151,0.064880498751996,-0.002918996643743,-0.0039069625750503,599.0,0.0,0.0930262237184345,0.5691464282847171,0.7780822486374359,0.5827575179313235,0.2376203456844096,0.8029028204045157,0.5144587734644316,0.5852728529588221,100000,30,8,0.1,1.0,0.1,0,7,0.001,1e-06,0.001,1e-07,1.0,1e-08,adamax,0,0.0,disordered,1,0.2598786481948247,0 days 01:50:36.775576,0.0029190612421777,2.727387437826189,2.551509035532964
272,272,272,272,0.1535934676510895,0.1535934676510895,0.1535934676510895,0.1535934676510895,0.1535934676510895,0.1535934676510895,0.1535934676510895,0.1535934676510895,1.821639689097254e-07,1.1439021833272049e-07,9.999794866399405e-08,0.1164951633267566,1.3050810859491228e-06,0.4199162860499689,0.0407144340857638,0.1839776281318589,-0.0037734577843034,-0.0042513846082517,18046.0,0.0,0.90773163704272,0.6753026600541806,0.1166591329730092,0.6944758160683953,0.2903939653665163,0.7900091434874791,0.5623982115664938,0.5406843913905252,100000,30,8,0.1,1.0,0.1,0,7,0.001,1e-06,0.001,1e-07,1.0,1e-08,adamax,0,0.0,disordered,1,0.1521729769534297,0 days 01:50:36.775576,0.0037735315358102,2.906849021948769,2.7575354173254696
273,273,273,273,0.2747120789270809,0.2747120789270809,0.2747120789270809,0.2747120789270809,0.2747120789270809,0.2747120789270809,0.2747120789270809,0.2747120789270809,0.371827537740289,0.2591184214849919,0.9804764306367826,0.1175020806563968,0.3791561820091775,0.0792240710045643,1.0011210196798466,0.0769527473291126,-0.0023250657071412,-0.0028520273906829,566.0,0.0,0.1413538655857303,0.0271220945245717,0.9748166908535594,0.0303579646415819,0.0518069464734765,0.4585185987142001,0.9373870480730612,0.541439845201694,100000,30,8,0.1,1.0,0.1,0,7,0.001,1e-06,0.001,1e-07,1.0,1e-08,adamax,0,0.0,disordered,1,0.2778122909661947,0 days 01:50:36.775576,0.0023251067257806,2.7979010191301743,2.771014277454656
274,274,274,274,0.3228628202536728,0.3228628202536728,0.3228628202536728,0.3228628202536728,0.3228628202536728,0.3228628202536728,0.3228628202536728,0.3228628202536728,0.1195954952865993,0.1263373731091859,0.1792051270056413,0.1158500840238155,1.0007769919342322,0.4226615993209723,0.2537277700384491,0.3070518547343565,-0.0026190608648488,-0.0027004172454165,562.0,0.0,0.992234973213659,0.7159409359468822,0.8206692556312501,0.8193095900901667,0.943006272690257,0.9689264863063872,0.3276494541319806,0.7083458703669923,100000,30,8,0.1,1.0,0.1,0,7,0.001,1e-06,0.001,1e-07,1.0,1e-08,adamax,0,0.0,disordered,1,0.3234579567848161,0 days 01:50:36.775576,0.0026190634213637,2.7997936950762154,2.727923022452851
275,275,275,275,0.2121550171362449,0.2121550171362449,0.2121550171362449,0.2121550171362449,0.2121550171362449,0.2121550171362449,0.2121550171362449,0.2121550171362449,0.3699122983148525,1.0020804224367537,0.045937794519097,0.0449056219355647,0.0455731588765143,0.6685624065800012,0.1407264050931933,0.0455453721283226,-0.0030021435081226,-0.0036945390837434,674.0,0.0,0.5084046609907297,0.9787623649000357,0.5912992803747523,0.4000301605128264,0.0337555554224702,0.7289475620574137,0.0126671734556811,0.6485375145549263,100000,30,8,0.1,1.0,0.1,0,7,0.001,1e-06,0.001,1e-07,1.0,1e-08,adamax,0,0.0,disordered,1,0.2110576821416891,0 days 01:50:36.775576,0.0030021623290231,3.071130974493179,2.848913008801
276,276,276,276,0.1747772774464679,0.1747772774464679,0.1747772774464679,0.1747772774464679,0.1747772774464679,0.1747772774464679,0.1747772774464679,0.1747772774464679,0.8799955660852078,0.0662720564631784,1.001608778119294,0.0530856435654785,0.0300190899093754,0.0299533933662963,0.0312876155139897,0.029930117122336,-0.0032668995666593,-0.005497252731822,765.0,0.0,0.2649876404506113,0.6755883122773291,0.9918198827907344,0.3484962578197382,0.5571793767128005,0.5563311598316637,0.1628741883429298,0.7379079615026909,100000,30,8,0.1,1.0,0.1,0,7,0.001,1e-06,0.001,1e-07,1.0,1e-08,adamax,0,0.0,disordered,1,0.1722032046543597,0 days 01:50:36.775576,0.0032670071636245,2.838021636001086,2.761702741046283
277,277,277,277,0.3026648059395688,0.3026648059395688,0.3026648059395688,0.3026648059395688,0.3026648059395688,0.3026648059395688,0.3026648059395688,0.3026648059395688,0.2770097874049156,1.000340323266708,0.0611937836561454,0.0786596443201189,0.3844275327383827,0.0992159108069254,0.0761900662490417,0.6123527905109951,-0.0025857446126134,-0.0028047673585201,696.0,0.0,0.7030663930457914,0.7713941988124761,0.2208141426746092,0.0677345045417457,0.3937263229318543,0.1172362072779105,0.2767631958326918,0.0169696425388787,100000,30,8,0.1,1.0,0.1,0,7,0.001,1e-06,0.001,1e-07,1.0,1e-08,adamax,0,0.0,disordered,1,0.3033314960855476,0 days 01:50:36.775576,0.0025857482091985,2.7689987108689147,2.684726551822529
278,278,278,278,0.31260072430687,0.31260072430687,0.31260072430687,0.31260072430687,0.31260072430687,0.31260072430687,0.31260072430687,0.31260072430687,0.3485343943108359,0.1695009383191189,0.0128123577790952,4.3993577326220093e-07,3.764841182921021e-07,5.140977714668822e-07,0.692408104774148,0.4087754802496607,-0.0027367240475232,-0.0031146453993805,9558.0,1.0,0.4022489219427492,0.360677478882739,0.3262305583495524,0.3855598183281474,0.0402466755464366,0.4349757485946594,0.6537146155742647,0.3242104328068582,100000,30,8,0.1,1.0,0.1,0,7,0.001,1e-06,0.001,1e-07,1.0,1e-08,adamax,0,0.0,disordered,1,0.3105681919632747,0 days 01:50:36.775576,0.0027367583548818,2.2647060473573153,2.7067065690181082
279,279,279,279,0.2337423870891812,0.2337423870891812,0.2337423870891812,0.2337423870891812,0.2337423870891812,0.2337423870891812,0.2337423870891812,0.2337423870891812,0.1344669128987662,0.9263761893831138,0.0548280767533767,1.0005267040545056,0.977241087879259,0.1009226535994281,0.116248193454482,0.1082269831760105,-0.002668405651854,-0.0030880827680552,636.0,0.0,0.566660944618112,0.8021387118032729,0.5251025981088469,0.9268620006938288,0.7707486331253395,0.5573566425490262,0.083710156867153,0.4687061008091225,100000,30,8,0.1,1.0,0.1,0,7,0.001,1e-06,0.001,1e-07,1.0,1e-08,adamax,0,0.0,disordered,1,0.2347904059260946,0 days 01:50:36.775576,0.0026684140440525,2.887983670074723,2.5955122149525587
280,280,280,280,0.31260072430687,0.31260072430687,0.31260072430687,0.31260072430687,0.31260072430687,0.31260072430687,0.31260072430687,0.31260072430687,1.0013861692114727,0.0981039547253533,0.2743058502506929,0.4547564105655217,0.5976028137237716,0.1399698397091393,0.1021009462078449,0.3905588723303304,-0.0024105617532731,-0.0027596543464704,511.0,0.0,0.0344612358466409,0.9556562375208256,0.0461552314059547,0.2080422743690986,0.182888538163592,0.8612550547128319,0.9076713176225232,0.7260500788554521,100000,30,8,0.1,1.0,0.1,0,7,0.001,1e-06,0.001,1e-07,1.0,1e-08,adamax,0,0.0,disordered,1,0.3165103956696812,0 days 01:50:36.775576,0.0024106584631094,2.8158275185805848,2.700019744978221
281,281,281,281,0.0642118570906475,0.0642118570906475,0.0642118570906475,0.0642118570906475,0.0642118570906475,0.0642118570906475,0.0642118570906475,0.0642118570906475,0.2079241157210813,0.8457800841302624,2.2291777358469298e-07,2.7769845301006337e-06,0.3524267413674846,1.1963596673298812e-07,1.0137066631733056e-07,1.757800934861827e-07,-0.005633962897911,-0.0077138408795511,11170.0,1.0,0.8534359499340505,0.2604361863396208,0.8953795199981,0.1011413368929425,0.3093937870356646,0.8592206377761276,0.6908871214304099,0.9334503857974236,100000,30,8,0.1,1.0,0.1,0,7,0.001,1e-06,0.001,1e-07,1.0,1e-08,adamax,0,0.0,disordered,1,0.0647071388267131,0 days 01:50:36.775576,0.0056340201433496,2.6415721699547383,2.7071550825635087
282,282,282,282,0.1439847952876006,0.1439847952876006,0.1439847952876006,0.1439847952876006,0.1439847952876006,0.1439847952876006,0.1439847952876006,0.1439847952876006,0.0267819418087284,0.0300883366955446,0.1720958164763538,1.001103974956849,0.0196078307786732,0.0195791932891405,0.0201189280930604,0.0197646648414275,-0.0035901093306458,-0.0061718420354969,866.0,0.0,0.8486891703034303,0.2110979491736087,0.4184623937005955,0.9889100188894656,0.7029882633961682,0.7939055624479926,0.0828351181710876,0.9537513978759496,100000,30,8,0.1,1.0,0.1,0,7,0.001,1e-06,0.001,1e-07,1.0,1e-08,adamax,0,0.0,disordered,1,0.1439855621565086,0 days 01:50:36.775576,0.0035901093311013,3.6274378329219985,3.047079593270729
283,283,283,283,0.4047756965997316,0.4047756965997316,0.4047756965997316,0.4047756965997316,0.4047756965997316,0.4047756965997316,0.4047756965997316,0.4047756965997316,0.1598706480545914,0.2493300316262461,0.1856694922772742,0.7530003676777173,0.1550497655952634,1.00064648235135,0.5639764787714678,0.3839098150220555,-0.0020701372494828,-0.0021636151330553,416.0,0.0,0.5504452183949765,0.1535995306316145,0.5736723197413477,0.9153875006878254,0.5444825998444183,0.993121278246118,0.9275317473818308,0.4971718245075625,100000,30,8,0.1,1.0,0.1,0,7,0.001,1e-06,0.001,1e-07,1.0,1e-08,adamax,0,0.0,disordered,1,0.4051034068018804,0 days 01:50:36.775576,0.0020701376136417,2.8306568162860577,2.7301218695345115
284,284,284,284,0.4459627626819087,0.4459627626819087,0.4459627626819087,0.4459627626819087,0.4459627626819087,0.4459627626819087,0.4459627626819087,0.4459627626819087,0.0874047428156369,0.0926436922734785,0.3552412960163753,0.0779283584058501,0.0550278447182314,1.0003737255607128,0.9885770567681268,0.231330584575406,-0.0019353737563067,-0.0022360591146645,950.0,0.0,0.9670829696362684,0.7673314384722845,0.2547568216334356,0.098490210601175,0.0272324688657978,0.5214504280051905,0.7549609517339175,0.1307618672497297,100000,30,8,0.1,1.0,0.1,0,7,0.001,1e-06,0.001,1e-07,1.0,1e-08,adamax,0,0.0,disordered,1,0.4441453052240233,0 days 01:50:36.775576,0.0019353820866105,2.8784949721732676,2.8981930997685375
285,285,285,285,0.293044697697214,0.293044697697214,0.293044697697214,0.293044697697214,0.293044697697214,0.293044697697214,0.293044697697214,0.293044697697214,0.4539916786719075,0.9495740445915184,0.9325409636075712,0.0863451781734868,1.000724480413668,0.4977860752255563,0.0857640437490784,0.0856548723249765,-0.0024377130624353,-0.0030478011030116,531.0,0.0,0.2019192370687201,0.9738257135088684,0.8070049822452176,0.3232655752736976,0.942666287822342,0.4773792660807354,0.2539339041208778,0.3450083298787604,100000,30,8,0.1,1.0,0.1,0,7,0.001,1e-06,0.001,1e-07,1.0,1e-08,adamax,0,0.0,disordered,1,0.2922222255111448,0 days 01:50:36.775576,0.0024377178796596,2.916554835546567,2.7775001921319697
286,286,286,286,0.2054117348353062,0.2054117348353062,0.2054117348353062,0.2054117348353062,0.2054117348353062,0.2054117348353062,0.2054117348353062,0.2054117348353062,1.0001099285168826,0.0907841681415336,0.0692664270552417,0.1012033500028121,0.1207167809797609,0.0655385040510523,0.0538751779282185,0.3570070723153209,-0.003028087167036,-0.0034274809738123,839.0,0.0,0.2721710178793161,0.695103192343459,0.3738620607514251,0.5778116469885942,0.6203660689295584,0.504510367883843,0.4526898545703495,0.3522765421765111,100000,30,8,0.1,1.0,0.1,0,7,0.001,1e-06,0.001,1e-07,1.0,1e-08,adamax,0,0.0,disordered,1,0.2064665005943743,0 days 01:50:36.775576,0.0030281016624487,2.2153087866582943,2.3906966690313514
287,287,287,287,0.293044697697214,0.293044697697214,0.293044697697214,0.293044697697214,0.293044697697214,0.293044697697214,0.293044697697214,0.293044697697214,1.0000190760280376,0.8931046999811979,0.1658095474743187,0.5986131148423746,0.0446153563641277,0.0485475763734803,0.0545388867104126,0.3915677891111034,-0.0026344021148446,-0.0029303110322049,861.0,0.0,0.2336160401454557,0.0943539969195973,0.6992249408750559,0.0159136325147031,0.733419644458273,0.7540298348866528,0.8060443633742611,0.6416431025412082,100000,30,8,0.1,1.0,0.1,0,7,0.001,1e-06,0.001,1e-07,1.0,1e-08,adamax,0,0.0,disordered,1,0.2945753004833688,0 days 01:50:36.775576,0.0026344203571717,2.3986540108222507,2.585915632505475
288,288,288,288,0.1349772330233941,0.1349772330233941,0.1349772330233941,0.1349772330233941,0.1349772330233941,0.1349772330233941,0.1349772330233941,0.1349772330233941,0.4966919810283948,0.0700948229984017,9.999500367326337e-08,1.0514405209694761e-07,1.730956438854582e-07,0.0002505620133559,8.6089569915569e-07,0.2105738363500554,-0.0042621807539598,-0.005749918856759,8962.0,0.0,0.9523553741693856,0.3824415633651347,0.4588303912340334,0.2890005676901521,0.0102491746072319,0.4378307091080925,0.4989893551030308,0.4638998004232579,100000,30,8,0.1,1.0,0.1,0,7,0.001,1e-06,0.001,1e-07,1.0,1e-08,adamax,0,0.0,disordered,1,0.1345966729047223,0 days 01:50:36.775576,0.0042621872612249,2.498891614067765,2.93177389659274
289,289,289,289,0.2337423870891812,0.2337423870891812,0.2337423870891812,0.2337423870891812,0.2337423870891812,0.2337423870891812,0.2337423870891812,0.2337423870891812,0.772496042349792,0.3856638593564873,0.2797703488617902,3.2274312915677043e-06,2.9566036906577578e-06,0.0978821812850096,0.0162926838716909,0.5486294006607696,-0.0028652271312518,-0.0031264006638572,8978.0,1.0,0.0363402251181919,0.1599930653138644,0.2731509409073254,0.4093936651384934,0.2053063242044668,0.3641622980777784,0.2873065360873149,0.1083947633854334,100000,30,8,0.1,1.0,0.1,0,7,0.001,1e-06,0.001,1e-07,1.0,1e-08,adamax,0,0.0,disordered,1,0.2315532423228754,0 days 01:50:36.775576,0.0028652750410599,2.1580990449753035,2.350909665665582
290,290,290,290,0.293044697697214,0.293044697697214,0.293044697697214,0.293044697697214,0.293044697697214,0.293044697697214,0.293044697697214,0.293044697697214,0.0855916219258877,0.0849351532501289,1.0015310246020512,0.0911369484399503,0.1058648833370534,0.092371500739507,0.3140157429924652,0.4162512560017652,-0.0026482970851659,-0.0029979206725094,535.0,0.0,0.8762896426779009,0.6078379019517387,0.9833838722013164,0.6033553992658931,0.6151744480332769,0.3638928687688877,0.8050107012280634,0.46257811294563,100000,30,8,0.1,1.0,0.1,0,7,0.001,1e-06,0.001,1e-07,1.0,1e-08,adamax,0,0.0,disordered,1,0.296542903243398,0 days 01:50:36.775576,0.0026483912120461,2.8739399969975894,2.730066178802833
291,291,291,291,0.1265331759388941,0.1265331759388941,0.1265331759388941,0.1265331759388941,0.1265331759388941,0.1265331759388941,0.1265331759388941,0.1265331759388941,0.0909776294575085,0.0088834514007724,1.0004509315155068,0.7474948573881143,0.008008475785394,0.0071977897235733,0.0208760293439958,0.0083368063253243,-0.0039149624517464,-0.0055334274035597,1254.0,0.0,0.8233457583558952,0.467187880323444,0.7391654216140363,0.6624902070156852,0.3966253711726136,0.0910683153333375,0.2326909156195593,0.4405565030924935,100000,30,8,0.1,1.0,0.1,0,7,0.001,1e-06,0.001,1e-07,1.0,1e-08,adamax,0,0.0,disordered,1,0.1249177326597927,0 days 01:50:36.775576,0.0039150663521818,2.8758822854216195,2.5945887125143603
292,292,292,292,0.1076624177045491,0.1076624177045491,0.1076624177045491,0.1076624177045491,0.1076624177045491,0.1076624177045491,0.1076624177045491,0.1076624177045491,0.3373680136315085,0.3979541808807689,0.3026129774391008,0.1779925532873315,7.694066720393313e-07,0.0751564834114551,8.322573009548381e-07,5.380226888998641e-07,-0.005215045762376,-0.0063280965189021,10648.0,1.0,0.474846501111212,0.2149263998002676,0.2611191001577414,0.32406667033864,0.5476708885325725,0.0894110589885438,0.4069143497006983,0.6819223085236259,100000,30,8,0.1,1.0,0.1,0,7,0.001,1e-06,0.001,1e-07,1.0,1e-08,adamax,0,0.0,disordered,1,0.1067473763520902,0 days 01:50:36.775576,0.0052151315307761,2.826536798687341,2.760764657536688
293,293,293,293,0.4459627626819087,0.4459627626819087,0.4459627626819087,0.4459627626819087,0.4459627626819087,0.4459627626819087,0.4459627626819087,0.4459627626819087,0.1957984970524921,0.2035244764981496,1.0020081477900866,0.2475277950079551,0.444552349211154,0.2469878074055664,0.4286721970064147,0.6432915998866235,-0.0018865709646543,-0.0019664802331488,356.0,0.0,0.8363983479429605,0.5160144767242176,0.949979402173526,0.7355018799350038,0.7899085260994683,0.1351363732864036,0.5054466145492318,0.0355158673137723,100000,30,8,0.1,1.0,0.1,0,7,0.001,1e-06,0.001,1e-07,1.0,1e-08,adamax,0,0.0,disordered,1,0.441495685336343,0 days 01:50:36.775576,0.0018866233584016,2.737932393421594,2.6639968063679507
294,294,294,294,0.1394082826282576,0.1394082826282576,0.1394082826282576,0.1394082826282576,0.1394082826282576,0.1394082826282576,0.1394082826282576,0.1394082826282576,0.2187116243464627,0.0342832704177921,1.000903500926187,0.0215589986216253,0.1926107994546647,0.0281535838581264,0.0193983948273494,0.0194014262367096,-0.0038635289150802,-0.0054837983757816,867.0,0.0,0.6686059503680927,0.3251334369395169,0.8798028165753388,0.1307903418945708,0.0744285519985907,0.3954721885583812,0.1582355029892318,0.5499431101406985,100000,30,8,0.1,1.0,0.1,0,7,0.001,1e-06,0.001,1e-07,1.0,1e-08,adamax,0,0.0,disordered,1,0.1377042250845415,0 days 01:50:36.775576,0.0038636081056625,3.355819590858191,3.1902802389804825
295,295,295,295,0.293044697697214,0.293044697697214,0.293044697697214,0.293044697697214,0.293044697697214,0.293044697697214,0.293044697697214,0.293044697697214,0.0979925730707797,0.3775339116625409,0.1567592362875972,0.2997627810600938,0.4067901132251841,1.0011816088092738,0.094097478136877,0.0920545734909482,-0.0027393404824831,-0.0033636053615876,556.0,0.0,0.4335836390226216,0.0233206750933897,0.2434279857651122,0.1529470534494994,0.178557698236764,0.9864765064167909,0.5802669901481098,0.7786487208669559,100000,30,8,0.1,1.0,0.1,0,7,0.001,1e-06,0.001,1e-07,1.0,1e-08,adamax,0,0.0,disordered,1,0.2945081940170028,0 days 01:50:36.775576,0.002739356874707,3.1073687053512518,2.9352465108779895
296,296,296,296,0.1925613572129196,0.1925613572129196,0.1925613572129196,0.1925613572129196,0.1925613572129196,0.1925613572129196,0.1925613572129196,0.1925613572129196,0.1094568797040645,0.1962581545018341,0.1388020680405504,1.000214145695915,0.0375992559208796,0.0428561603117872,0.3248325965793347,0.0500105066512014,-0.0035787087952077,-0.00418038680135,808.0,0.0,0.385326367591873,0.1808871699442573,0.3356644626741416,0.6958219443032294,0.412754854929284,0.0101844634306326,0.5555004877988412,0.5116245431637026,100000,30,8,0.1,1.0,0.1,0,7,0.001,1e-06,0.001,1e-07,1.0,1e-08,adamax,0,0.0,disordered,1,0.1942913586696981,0 days 01:50:36.775576,0.003578780120312,2.7732234598741994,2.7046862081785585
297,297,297,297,0.3794532847236935,0.3794532847236935,0.3794532847236935,0.3794532847236935,0.3794532847236935,0.3794532847236935,0.3794532847236935,0.3794532847236935,0.1407991817012246,0.1458384145855741,0.8558088248576314,0.1487141145086956,0.1591017037089619,0.141434295999767,1.0021241639544871,0.2915768777770359,-0.0020911014983704,-0.0024293534099646,432.0,0.0,0.681389258535672,0.0279195512608697,0.8886576664772401,0.4617757620554003,0.3609768275175162,0.289008128569262,0.8497778919538789,0.2650221997416373,100000,30,8,0.1,1.0,0.1,0,7,0.001,1e-06,0.001,1e-07,1.0,1e-08,adamax,0,0.0,disordered,1,0.375496159324481,0 days 01:50:36.775576,0.0020911462466111,2.8973840979064174,2.865170460944847
298,298,298,298,0.2263129568399526,0.2263129568399526,0.2263129568399526,0.2263129568399526,0.2263129568399526,0.2263129568399526,0.2263129568399526,0.2263129568399526,0.0858232033244203,1.000018502540737,0.4998360364421876,0.0648147380873683,0.0803032503074386,1.000383123551891,0.1009144987256127,0.0674547893659296,-0.0027890616814431,-0.0035271357226064,653.0,0.0,0.3000606751089203,0.890549619917677,0.4697969398622841,0.0481888327873848,0.1217279892452802,0.7537796875070989,0.3256504687772292,0.3045053044763848,100000,30,8,0.1,1.0,0.1,0,7,0.001,1e-06,0.001,1e-07,1.0,1e-08,adamax,0,0.0,disordered,1,0.2269572992034497,0 days 01:50:36.775576,0.0027890661287958,3.1431642115953955,2.8966685763349957
299,299,299,299,0.4606028844202396,0.4606028844202396,0.4606028844202396,0.4606028844202396,0.4606028844202396,0.4606028844202396,0.4606028844202396,0.4606028844202396,1.000178486719253,0.21627841917368,0.2781363774837173,0.2084221561207251,0.2085351294255329,0.2091741915610289,0.2119848833335633,0.912923915311218,-0.0018725515239623,-0.0020629907728822,345.0,0.0,0.2952510340528028,0.9727208800550315,0.485780485319188,0.8958793515846852,0.794521456410357,0.7877334579722135,0.7770429063710832,0.3059606779942405,100000,30,8,0.1,1.0,0.1,0,7,0.001,1e-06,0.001,1e-07,1.0,1e-08,adamax,0,0.0,disordered,1,0.4606802324723278,0 days 01:50:36.775576,0.0018725515552943,2.472427118530335,2.652327496367528
300,300,300,300,0.2337423870891812,0.2337423870891812,0.2337423870891812,0.2337423870891812,0.2337423870891812,0.2337423870891812,0.2337423870891812,0.2337423870891812,0.0820924324103282,0.0531288845246422,0.0529243593169795,0.0855865231625045,0.1770169989666407,0.0527211669237801,1.000134794071074,0.0535508119764444,-0.0028654744303019,-0.0040718136564806,645.0,0.0,0.8244392034908372,0.4911312071591382,0.1743065041068486,0.2526191617436665,0.529351337168041,0.4815206204777555,0.9867843901463148,0.6194609079728355,100000,30,8,0.1,1.0,0.1,0,7,0.001,1e-06,0.001,1e-07,1.0,1e-08,adamax,0,0.0,disordered,1,0.2326618957018995,0 days 01:50:36.775576,0.0028654826423568,3.158339367000269,3.0012215707755456
301,301,301,301,0.2191196687578146,0.2191196687578146,0.2191196687578146,0.2191196687578146,0.2191196687578146,0.2191196687578146,0.2191196687578146,0.2191196687578146,0.046071467072207,0.0459659751850413,0.0502941184059208,0.077139686628138,0.0477275845902551,1.0007975894637653,0.0927627038408724,0.0459585846548852,-0.0028838270039229,-0.0043284769742781,684.0,0.0,0.6215859920169071,0.0524927380880116,0.067573032072897,0.3021883093028757,0.4478209969175157,0.929205516160431,0.0519727166174219,0.7232004354680686,100000,30,8,0.1,1.0,0.1,0,7,0.001,1e-06,0.001,1e-07,1.0,1e-08,adamax,0,0.0,disordered,1,0.2191885632089504,0 days 01:50:36.775576,0.0028838270708905,3.688397961982233,3.1041483976338733
302,302,302,302,0.1805148879221106,0.1805148879221106,0.1805148879221106,0.1805148879221106,0.1805148879221106,0.1805148879221106,0.1805148879221106,0.1805148879221106,0.0559540421406673,0.114253851837903,1.0001192369866176,0.0386120336613005,0.7291163871405766,0.0991350206497123,0.0296410245542254,0.0376335526006577,-0.0036385529137222,-0.0045364761830275,880.0,0.0,0.6213470831831388,0.244135003144323,0.9173282488688378,0.3808779113966473,0.8361096974910278,0.2736123712221463,0.5667415851187126,0.7774686433301689,100000,30,8,0.1,1.0,0.1,0,7,0.001,1e-06,0.001,1e-07,1.0,1e-08,adamax,0,0.0,disordered,1,0.1831172992619344,0 days 01:50:36.775576,0.0036387065401917,3.406469322903717,2.885849598546849
303,303,303,303,0.0286360971850811,0.0286360971850811,0.0286360971850811,0.0286360971850811,0.0286360971850811,0.0286360971850811,0.0286360971850811,0.0286360971850811,2.541841183115151e-07,1.2340590799819965e-06,0.2725630100256788,2.1256293801474722e-07,9.992403538320433e-08,0.2463834525890459,0.0158762524954815,8.172482339501111e-07,-0.006753743903837,-0.0078394797646755,9806.0,0.0,0.8636305027325928,0.3578680612554048,0.2112459440382831,0.6543765105242911,0.6403701140307498,0.0471057754816398,0.6018484804530835,0.9423163520551128,100000,30,8,0.1,1.0,0.1,0,7,0.001,1e-06,0.001,1e-07,1.0,1e-08,adamax,0,0.0,disordered,1,0.0284950234538204,0 days 01:50:36.775576,0.0067537558117343,3.695359095487053,3.600760590795975
304,304,304,304,0.4459627626819087,0.4459627626819087,0.4459627626819087,0.4459627626819087,0.4459627626819087,0.4459627626819087,0.4459627626819087,0.4459627626819087,0.2008056837238064,0.8946799205950128,0.9631364861699492,0.2033678323380785,0.994413290036018,1.0010806426201146,0.198085499861538,0.2009246416641951,-0.0019301957463298,-0.0022563362126445,354.0,0.0,0.2464685248707037,0.6272551856554093,0.916652850718212,0.3850284656869082,0.8188878601767233,0.8964059679926287,0.0484300356515227,0.293115301790483,100000,30,8,0.1,1.0,0.1,0,7,0.001,1e-06,0.001,1e-07,1.0,1e-08,adamax,0,0.0,disordered,1,0.4489617735024964,0 days 01:50:36.775576,0.0019302183622463,3.127635486420945,2.7793133713403386
305,305,305,305,0.2747120789270809,0.2747120789270809,0.2747120789270809,0.2747120789270809,0.2747120789270809,0.2747120789270809,0.2747120789270809,0.2747120789270809,1.0010011097033558,0.0742545928873041,0.075457681966509,0.1195148800368889,0.1360266582299741,0.301404246284532,0.4231746973265214,0.0829800471928296,-0.0027133224826572,-0.003233120076595,576.0,0.0,0.243636751309774,0.9086741710215764,0.6004880466794573,0.1234831925914161,0.3815905620546198,0.2719774145582413,0.9945869699981436,0.8802131913296977,100000,30,8,0.1,1.0,0.1,0,7,0.001,1e-06,0.001,1e-07,1.0,1e-08,adamax,0,0.0,disordered,1,0.2790586384498943,0 days 01:50:36.775576,0.0027134843626625,3.072400394238776,2.910700191325517
306,306,306,306,0.1394082826282576,0.1394082826282576,0.1394082826282576,0.1394082826282576,0.1394082826282576,0.1394082826282576,0.1394082826282576,0.1394082826282576,1.918449793405083e-06,4.0059555106018813e-07,0.076361482351927,1.1857556917665355e-05,1.7456369970820867e-06,0.8737914538231975,0.0010013353546118,0.0626416649955186,-0.0040704470923146,-0.0055314342144352,10287.0,1.0,0.850867248391095,0.1092569845101124,0.3814798876274029,0.4411322871244214,0.3227557146861554,0.8861147408234264,0.4552874539031986,0.7646152929540657,100000,30,8,0.1,1.0,0.1,0,7,0.001,1e-06,0.001,1e-07,1.0,1e-08,adamax,0,0.0,disordered,1,0.1376727714925098,0 days 01:50:36.775576,0.0040705638559943,3.8155861426276556,3.1969579323518027
307,307,307,307,0.3444087275973818,0.3444087275973818,0.3444087275973818,0.3444087275973818,0.3444087275973818,0.3444087275973818,0.3444087275973818,0.3444087275973818,0.1179596481008538,0.1176000896711691,0.1175614754786869,1.001291956081933,0.1183961092278759,0.1299590403098837,0.2634108678129728,0.5891972627550689,-0.0021727498482013,-0.0025156738303946,465.0,0.0,0.5824745232374682,0.4026152886684402,0.0886153008960615,0.856369101229503,0.4806791422147897,0.072793224590257,0.4777851937174479,0.0450081269015736,100000,30,8,0.1,1.0,0.1,0,7,0.001,1e-06,0.001,1e-07,1.0,1e-08,adamax,0,0.0,disordered,1,0.3479002873460181,0 days 01:50:36.775576,0.0021727906899571,2.898370944579629,2.81073123937517
308,308,308,308,0.2414157116103016,0.2414157116103016,0.2414157116103016,0.2414157116103016,0.2414157116103016,0.2414157116103016,0.2414157116103016,0.2414157116103016,0.4579668060809753,1.0019152709667531,0.059818673031354,0.0587643036856726,0.0608501271314862,0.9636737725380252,0.0881569461240324,0.2346630869198351,-0.0029995070228099,-0.0034191437575375,617.0,0.0,0.3183553635281133,0.8976339234749199,0.3439072133477977,0.3324293914690569,0.3039366007088133,0.569887898873839,0.4989958913690794,0.381346565586563,100000,30,8,0.1,1.0,0.1,0,7,0.001,1e-06,0.001,1e-07,1.0,1e-08,adamax,0,0.0,disordered,1,0.2393316126029338,0 days 01:50:36.775576,0.0029995550036525,2.628983305381199,2.6480418707177473
309,309,309,309,0.1349772330233941,0.1349772330233941,0.1349772330233941,0.1349772330233941,0.1349772330233941,0.1349772330233941,0.1349772330233941,0.1349772330233941,0.5878484723146822,0.028956352942275,1.0004920842708258,0.0182334840825298,0.0180806598430066,0.0182160782870245,0.0327613086166562,0.0182434928862534,-0.0038149890550282,-0.0060075843831603,874.0,0.0,0.8521272269871337,0.4682495285459923,0.8375165347341721,0.403600109263188,0.3514017666271822,0.1762511945620999,0.067595211883687,0.5717102458078651,100000,30,8,0.1,1.0,0.1,0,7,0.001,1e-06,0.001,1e-07,1.0,1e-08,adamax,0,0.0,disordered,1,0.1358354472505434,0 days 01:50:36.775576,0.0038150123739225,2.8862603189115004,2.808026473816707
310,310,310,310,0.1925613572129196,0.1925613572129196,0.1925613572129196,0.1925613572129196,0.1925613572129196,0.1925613572129196,0.1925613572129196,0.1925613572129196,0.4384435563173001,0.4788570097784681,0.219257231886094,1.0016623728207972,0.0371330501414438,0.0632520437424723,0.0624751031744892,0.036640151794987,-0.0034910751710453,-0.0044684458948243,719.0,0.0,0.3563021378792804,0.1461079581166916,0.526654999002543,0.7178119387512039,0.6297846379505861,0.0191522600550047,0.3702712376468413,0.6717660864900934,100000,30,8,0.1,1.0,0.1,0,7,0.001,1e-06,0.001,1e-07,1.0,1e-08,adamax,0,0.0,disordered,1,0.1924340859964991,0 days 01:50:36.775576,0.0034910755663951,2.8212006300906665,2.727876575046015
311,311,311,311,0.5413360302965373,0.5413360302965373,0.5413360302965373,0.5413360302965373,0.5413360302965373,0.5413360302965373,0.5413360302965373,0.5413360302965373,0.307211810857802,0.3433675884662131,0.4291243316239054,0.2122066333177983,0.2080091821822937,0.8980688882327578,1.000847792686605,0.4361916210318424,-0.00166053274474,-0.0018097842483594,422.0,0.0,0.3959241965180239,0.439459132931866,0.7891218488770692,0.1544573202441299,0.1708834652946238,0.767500006808759,0.9200554942008304,0.1642597836479339,100000,30,8,0.1,1.0,0.1,0,7,0.001,1e-06,0.001,1e-07,1.0,1e-08,adamax,0,0.0,disordered,1,0.5482320529343037,0 days 01:50:36.775576,0.0016606008492335,2.862260565132449,2.834861702597241
312,312,312,312,0.2337423870891812,0.2337423870891812,0.2337423870891812,0.2337423870891812,0.2337423870891812,0.2337423870891812,0.2337423870891812,0.2337423870891812,1.0019972516239524,0.0876082330125955,0.0545146522816021,0.0985913340528708,0.1826942967516787,0.0917780405102938,0.2838805578553607,0.0542600744089575,-0.0027930905173456,-0.0039741029139665,638.0,0.0,0.0582671407789139,0.8168400483419096,0.5670668071585856,0.2440312619042394,0.0468076571671319,0.5504058783497054,0.1531049502246909,0.9002778045222289,100000,30,8,0.1,1.0,0.1,0,7,0.001,1e-06,0.001,1e-07,1.0,1e-08,adamax,0,0.0,disordered,1,0.2303450283547255,0 days 01:50:36.775576,0.0027932116753932,3.2386848649290134,2.9794135058384565
313,313,313,313,0.1925613572129196,0.1925613572129196,0.1925613572129196,0.1925613572129196,0.1925613572129196,0.1925613572129196,0.1925613572129196,0.1925613572129196,0.6439649409773396,0.037480968102941,1.0000216529540344,0.0437427973335354,0.3003027679610144,0.0372666595146408,0.0369162341670289,0.0368389598018177,-0.0033865002722684,-0.0049646665199395,719.0,0.0,0.9053052331162712,0.7355949843695778,0.9835124135202812,0.3054619161676705,0.1184242592651162,0.6432048685397752,0.244330172172993,0.6954679303535842,100000,30,8,0.1,1.0,0.1,0,7,0.001,1e-06,0.001,1e-07,1.0,1e-08,adamax,0,0.0,disordered,1,0.1953127059546597,0 days 01:50:36.775576,0.0033866494355711,3.1654095404968463,3.0122630106335126
314,314,314,314,0.5964184945842456,0.5964184945842456,0.5964184945842456,0.5964184945842456,0.5964184945842456,0.5964184945842456,0.5964184945842456,0.5964184945842456,0.3834178657382527,0.381766903335829,0.4654849811803186,0.7500902592430444,0.2834686119244375,0.3508805251608234,1.0007822145357057,0.6759415385124659,-0.0014994184747595,-0.0015826555393757,356.0,0.0,0.0732515818752885,0.3424183216010423,0.6576331766972209,0.9369311549104504,0.0856212060585552,0.4517917240877723,0.946169956946712,0.0537779125707414,100000,30,8,0.1,1.0,0.1,0,7,0.001,1e-06,0.001,1e-07,1.0,1e-08,adamax,0,0.0,disordered,1,0.6058422772931588,0 days 01:50:36.775576,0.0014995138342217,2.78454845603429,2.79641637911465
315,315,315,315,0.1535934676510895,0.1535934676510895,0.1535934676510895,0.1535934676510895,0.1535934676510895,0.1535934676510895,0.1535934676510895,0.1535934676510895,0.1488456012528915,1.0009884100236628,0.0234346594967576,0.9987910590751724,0.0237306021814765,0.0233159135117262,0.0237992548648371,0.0233877582603165,-0.0032324584869757,-0.0057236040831409,819.0,0.0,0.4554402937625047,0.7478081669006321,0.4797578563888679,0.8525627461655038,0.4030474540111718,0.3060520678005715,0.0254430929056723,0.4923116383124941,100000,30,8,0.1,1.0,0.1,0,7,0.001,1e-06,0.001,1e-07,1.0,1e-08,adamax,0,0.0,disordered,1,0.1517346272586133,0 days 01:50:36.775576,0.0032324973214136,2.6558578677920193,2.7531190120635465
316,316,316,316,0.2337423870891812,0.2337423870891812,0.2337423870891812,0.2337423870891812,0.2337423870891812,0.2337423870891812,0.2337423870891812,0.2337423870891812,0.4973126759298129,9.999268643013373e-08,2.646310109945608e-07,0.0226780453147857,0.0157157397490265,0.0344754789503558,0.6315973654139131,5.992350669636337e-07,-0.0026699632117398,-0.0031639024182986,18793.0,0.0,0.9802118305683788,0.9135696880935296,0.000768234941632,0.0318791968457493,0.0585939623681758,0.8591093843821155,0.3642848511656624,0.276111667831922,100000,30,8,0.1,1.0,0.1,0,7,0.001,1e-06,0.001,1e-07,1.0,1e-08,adamax,0,0.0,disordered,1,0.2341071640689103,0 days 01:50:36.775576,0.0026699647378711,2.7466164760950393,2.949767393145891
317,317,317,317,0.2837303616516209,0.2837303616516209,0.2837303616516209,0.2837303616516209,0.2837303616516209,0.2837303616516209,0.2837303616516209,0.2837303616516209,0.1488880615400604,0.0913659596793991,0.1874302628475252,1.000483172872055,0.9964793714254484,0.1363127951083535,0.0828539210614375,0.1087524027453881,-0.0025401856633518,-0.0032242356405142,559.0,0.0,0.742800342020206,0.3379896140391083,0.3829920339198718,0.697626958912838,0.8927029522571527,0.1775640656990037,0.2034948796600576,0.1990368814863647,100000,30,8,0.1,1.0,0.1,0,7,0.001,1e-06,0.001,1e-07,1.0,1e-08,adamax,0,0.0,disordered,1,0.2879174852841831,0 days 01:50:36.775576,0.002540299147963,2.941396019325588,2.819828270579902
318,318,318,318,0.3444087275973818,0.3444087275973818,0.3444087275973818,0.3444087275973818,0.3444087275973818,0.3444087275973818,0.3444087275973818,0.3444087275973818,5.78270903582364e-07,0.41082491942864,5.850465260811769e-07,9.999464737406433e-08,0.194739855478037,0.3932149916428968,0.9027248374034026,1.623264489492873e-07,-0.0022414040189638,-0.0025781413505313,23045.0,0.0,0.9443271932156678,0.5595442169967103,0.8206666614734891,0.1894438738068623,0.8637899145128142,0.2983505751178661,0.620094130280667,0.2165517394329432,100000,30,8,0.1,1.0,0.1,0,7,0.001,1e-06,0.001,1e-07,1.0,1e-08,adamax,0,0.0,disordered,1,0.3413012887405023,0 days 01:50:36.775576,0.0022414459433206,2.591352486936784,2.742510566068738
319,319,319,319,0.4459627626819087,0.4459627626819087,0.4459627626819087,0.4459627626819087,0.4459627626819087,0.4459627626819087,0.4459627626819087,0.4459627626819087,0.6027902293432178,0.1766042199204867,0.2241292107998901,1.0008856087941596,0.2219559666233596,0.1660859786244793,0.1727806190049844,0.9101796146946196,-0.0019268125813956,-0.0020803785026874,430.0,0.0,0.5128352867250683,0.7534004633828354,0.1765318319782453,0.964140085186656,0.8489472669069664,0.7034117411247928,0.7537395768310681,0.284153934820696,100000,30,8,0.1,1.0,0.1,0,7,0.001,1e-06,0.001,1e-07,1.0,1e-08,adamax,0,0.0,disordered,1,0.4496178436615152,0 days 01:50:36.775576,0.001926848659498,2.7198320557933227,2.7260058408606382
320,320,320,320,0.1988827856988807,0.1988827856988807,0.1988827856988807,0.1988827856988807,0.1988827856988807,0.1988827856988807,0.1988827856988807,0.1988827856988807,0.8433484374821635,0.5604335952389455,0.5756722593561039,0.6102374534873671,1.3215070516414608e-06,0.0642232481092355,0.4144183921508642,1.234973469799141e-06,-0.002975518172796,-0.0036223793212151,10401.0,1.0,0.0926599923456954,0.3253723149622051,0.1325561314591513,0.3344508118899171,0.7673368828674216,0.171345108192211,0.0741423907856182,0.8077350598370507,100000,30,8,0.1,1.0,0.1,0,7,0.001,1e-06,0.001,1e-07,1.0,1e-08,adamax,0,0.0,disordered,1,0.2000946118502904,0 days 01:50:36.775576,0.0029755422622364,2.7144286747579223,2.679092827390522
321,321,321,321,0.0831456780577205,0.0831456780577205,0.0831456780577205,0.0831456780577205,0.0831456780577205,0.0831456780577205,0.0831456780577205,0.0831456780577205,1.413457951717452e-05,2.047990012188139e-07,9.992990324717449e-08,2.914999473130469e-07,1.603491865678158e-07,2.70392822672672e-06,0.0863446008846228,0.2067550927751201,-0.0043870225478145,-0.0061658628104043,7254.0,0.0,0.9325290066271064,0.4103447885466904,0.2152282906670802,0.8851003106243219,0.0569248119607362,0.3469704817392123,0.8052679974095998,0.7313561010156443,100000,30,8,0.1,1.0,0.1,0,7,0.001,1e-06,0.001,1e-07,1.0,1e-08,adamax,0,0.0,disordered,1,0.0834834055240455,0 days 01:50:36.775576,0.004387030084866,2.785844075684328,2.9448694367503614
322,322,322,322,0.2263129568399526,0.2263129568399526,0.2263129568399526,0.2263129568399526,0.2263129568399526,0.2263129568399526,0.2263129568399526,0.2263129568399526,0.4028606995907833,0.4704352790551723,0.3213400966000881,0.4934925404697923,9.99966836916124e-08,2.1337840839607974e-07,0.101550810682706,0.3853294804830421,-0.0031938010845603,-0.0033166409168882,30239.0,0.0,0.7619255532478207,0.4808196668333941,0.7038498972102746,0.3041274037383474,0.8654412239970198,0.7879370414502169,0.9421300208264416,0.7655567952170195,100000,30,8,0.1,1.0,0.1,0,7,0.001,1e-06,0.001,1e-07,1.0,1e-08,adamax,0,0.0,disordered,1,0.228745051117781,0 days 01:50:36.775576,0.0031938792705402,2.5841227938972335,2.684779071795468
323,323,323,323,0.2121550171362449,0.2121550171362449,0.2121550171362449,0.2121550171362449,0.2121550171362449,0.2121550171362449,0.2121550171362449,0.2121550171362449,0.139527114516604,0.3803360965573026,0.2306692516847311,0.4815566555771606,1.0012408637828571,0.0434503627833435,0.0499769503490553,0.043065487793012,-0.003436771000593,-0.0043927044119618,692.0,0.0,0.7283477491541813,0.1894850892328052,0.5692679561641704,0.0757737949846564,0.9170775304514804,0.7980433262342324,0.5347384480514644,0.8328512474128952,100000,30,8,0.1,1.0,0.1,0,7,0.001,1e-06,0.001,1e-07,1.0,1e-08,adamax,0,0.0,disordered,1,0.2153394518146266,0 days 01:50:36.775576,0.0034369750060024,3.1536498252871885,2.980641512894823
324,324,324,324,0.1805148879221106,0.1805148879221106,0.1805148879221106,0.1805148879221106,0.1805148879221106,0.1805148879221106,0.1805148879221106,0.1805148879221106,0.0845620245249776,0.0196988933140188,0.8021194170566555,0.0227422151173171,0.0430142935562385,1.00003938601417,0.0229759103517726,0.0385995269246945,-0.0032013859959974,-0.0042422591677418,1043.0,0.0,0.8688294765361098,0.3576412026843396,0.6729904847785244,0.1316870185948778,0.0494690471332501,0.7734713847258656,0.2179444903296191,0.4051685070348134,100000,30,8,0.1,1.0,0.1,0,7,0.001,1e-06,0.001,1e-07,1.0,1e-08,adamax,0,0.0,disordered,1,0.1826224726528739,0 days 01:50:36.775576,0.0032014579253777,3.1205793182760218,2.8978985531996924
325,325,325,325,0.293044697697214,0.293044697697214,0.293044697697214,0.293044697697214,0.293044697697214,0.293044697697214,0.293044697697214,0.293044697697214,0.1481995311968908,1.0017249463611726,0.9797888961939084,0.554196277543238,0.9656488239588732,0.087262938756827,0.0922552224267745,0.0866245701281596,-0.0024907974458839,-0.0030718288084511,539.0,0.0,0.4895244512820976,0.944529780676274,0.7779945093375673,0.548788980306916,0.8087660989410643,0.249111627952104,0.0858929229390899,0.254972155699174,100000,30,8,0.1,1.0,0.1,0,7,0.001,1e-06,0.001,1e-07,1.0,1e-08,adamax,0,0.0,disordered,1,0.291933347566612,0 days 01:50:36.775576,0.0024908065604705,3.073601594517093,2.683523523718048
326,326,326,326,0.3919100249433399,0.3919100249433399,0.3919100249433399,0.3919100249433399,0.3919100249433399,0.3919100249433399,0.3919100249433399,0.3919100249433399,0.1539635648185592,0.2131530878048467,1.0010943164349109,0.1585597536928153,0.1529286865427356,0.7942473791127697,0.1553993545252158,0.712495694520074,-0.0020879384025612,-0.0022773415010178,408.0,0.0,0.5957210477611887,0.3361802632506178,0.9883799878715483,0.5522747263302411,0.5682927062040893,0.7419191567654806,0.5150272388966293,0.173762931102551,100000,30,8,0.1,1.0,0.1,0,7,0.001,1e-06,0.001,1e-07,1.0,1e-08,adamax,0,0.0,disordered,1,0.3871548500993076,0 days 01:50:36.775576,0.0020880217940855,2.74936553452133,2.697115529088265
327,327,327,327,0.5074705239490462,0.5074705239490462,0.5074705239490462,0.5074705239490462,0.5074705239490462,0.5074705239490462,0.5074705239490462,0.5074705239490462,0.4231848349018567,0.360127896133186,0.2773158663245589,0.2592871998225065,0.2706662957118516,1.000118110678332,0.910402219774954,0.3575308390118321,-0.0018517081844859,-0.0019710971998027,298.0,0.0,0.2014018916290892,0.4537291805351077,0.2529303537024083,0.2071190140352143,0.3677948718250868,0.8022049364481282,0.8649307511344473,0.263361393734891,100000,30,8,0.1,1.0,0.1,0,7,0.001,1e-06,0.001,1e-07,1.0,1e-08,adamax,0,0.0,disordered,1,0.5058037049241505,0 days 01:50:36.775576,0.0018517144521428,2.783918836640384,2.76301067930154
328,328,328,328,0.1586356533508588,0.1586356533508588,0.1586356533508588,0.1586356533508588,0.1586356533508588,0.1586356533508588,0.1586356533508588,0.1586356533508588,0.5796015701081534,0.5182332185954934,0.4810017141780605,0.2431080317756199,0.1883587217298542,8.344024915110788e-07,0.0180900173391921,8.394046168104797e-07,-0.0039324290860442,-0.0049182737865609,10724.0,1.0,0.1976445899594007,0.0359647497220525,0.0092730827320837,0.3667459082696913,0.193624417425568,0.5036283345830826,0.1314198051986721,0.6267589787464479,100000,30,8,0.1,1.0,0.1,0,7,0.001,1e-06,0.001,1e-07,1.0,1e-08,adamax,0,0.0,disordered,1,0.1601620240908163,0 days 01:50:36.775576,0.0039325197172221,2.7161748222868267,2.642292769233781
329,329,329,329,0.1638433645577982,0.1638433645577982,0.1638433645577982,0.1638433645577982,0.1638433645577982,0.1638433645577982,0.1638433645577982,0.1638433645577982,0.0456162317435651,0.9940857589324016,1.0017291785807785,0.0314051304017932,0.3968767889756969,0.0263861974209697,0.0272834951714166,0.0268626302235706,-0.0032850832733527,-0.0044657330813186,788.0,0.0,0.5573134997452802,0.913913495233418,0.8106934315245854,0.1216145605187998,0.5469880187365489,0.3670105904446643,0.041128447497859,0.5501240844177487,100000,30,8,0.1,1.0,0.1,0,7,0.001,1e-06,0.001,1e-07,1.0,1e-08,adamax,0,0.0,disordered,1,0.1618333671946689,0 days 01:50:36.775576,0.0032851574399686,3.4135240374793705,2.860700010205729
330,330,330,330,0.333461801578636,0.333461801578636,0.333461801578636,0.333461801578636,0.333461801578636,0.333461801578636,0.333461801578636,0.333461801578636,0.3796500782413786,0.1310243758804052,0.1290254718545941,0.1211613716337057,0.9568754023090236,0.0991310789366017,1.0000780119887338,0.1646719581295557,-0.0024393370751456,-0.0028027892129435,529.0,0.0,0.9756807101632458,0.1452335134155775,0.0049731952874135,0.1983570391565602,0.4297408315359265,0.2642354381906198,0.6932936735933287,0.2672623689173509,100000,30,8,0.1,1.0,0.1,0,7,0.001,1e-06,0.001,1e-07,1.0,1e-08,adamax,0,0.0,disordered,1,0.3376701364437797,0 days 01:50:36.775576,0.0024394308001027,2.9432454891693887,2.9916767332286223
331,331,331,331,0.1394082826282576,0.1394082826282576,0.1394082826282576,0.1394082826282576,0.1394082826282576,0.1394082826282576,0.1394082826282576,0.1394082826282576,0.8737320959288619,0.0355727550659723,0.0220837065524559,0.5663281388877712,0.0193644924061668,1.0007027915817792,0.019554774179365,0.0197621676685031,-0.002762382556634,-0.0044316906739902,860.0,0.0,0.8626971619102233,0.1282659346033251,0.1554012837198247,0.969377300428406,0.0732914500203085,0.7549998240434538,0.0837677614254499,0.158740130602586,100000,30,8,0.1,1.0,0.1,0,7,0.001,1e-06,0.001,1e-07,1.0,1e-08,adamax,0,0.0,disordered,1,0.1405463891372827,0 days 01:50:36.775576,0.0027624131724279,2.990177086099682,2.760375247848683
332,332,332,332,0.3444087275973818,0.3444087275973818,0.3444087275973818,0.3444087275973818,0.3444087275973818,0.3444087275973818,0.3444087275973818,0.3444087275973818,0.1189033424322603,0.995593426856816,0.1172075670798175,1.0004987434037582,1.000496527597221,0.2490280697221154,0.1209513866141041,0.1176051263591421,-0.0024075573074854,-0.0030380878167466,469.0,0.0,0.6247094369153915,0.8248364219899545,0.61683593577394,0.9963130923697778,0.9862650632997776,0.1496825260515591,0.4663641044360879,0.4693755395883446,100000,30,8,0.1,1.0,0.1,0,7,0.001,1e-06,0.001,1e-07,1.0,1e-08,adamax,0,0.0,disordered,1,0.3471506888079707,0 days 01:50:36.775576,0.0024075984365831,3.137942545915984,2.8108622901266997
333,333,333,333,0.4180637241455752,0.4180637241455752,0.4180637241455752,0.4180637241455752,0.4180637241455752,0.4180637241455752,0.4180637241455752,0.4180637241455752,0.9287420901961144,0.1370277797214484,1.0003653136130255,0.3903862938908591,0.502376016955688,0.1462027750393768,0.2203129605892431,0.6669180573796702,-0.002012110284866,-0.0020747530547286,776.0,0.0,0.1866419388638073,0.658724005284566,0.8699229564331522,0.739314693065344,0.7889120561966407,0.2608953373879905,0.5658976998449771,0.1771920208128851,100000,30,8,0.1,1.0,0.1,0,7,0.001,1e-06,0.001,1e-07,1.0,1e-08,adamax,0,0.0,disordered,1,0.4114291533333213,0 days 01:50:36.775576,0.0020122482004591,2.6627654942551624,2.6389907830572463
334,334,334,334,0.2121550171362449,0.2121550171362449,0.2121550171362449,0.2121550171362449,0.2121550171362449,0.2121550171362449,0.2121550171362449,0.2121550171362449,0.4174837117442631,0.1735417391880405,0.043297908145386,0.0634409482263567,0.0645604096323278,1.0013244491958873,0.3533922031488524,0.0674880810437556,-0.0029829054893084,-0.0032469197140471,725.0,0.0,0.7632416685987634,0.9303556820469552,0.4980075984843168,0.5180013816179263,0.7386344412351523,0.8936842151923095,0.0920337176574582,0.7535529918836987,100000,30,8,0.1,1.0,0.1,0,7,0.001,1e-06,0.001,1e-07,1.0,1e-08,adamax,0,0.0,disordered,1,0.2146191044558676,0 days 01:50:36.775576,0.0029829823905672,2.891853676998034,2.8047087108111484
335,335,335,335,0.1925613572129196,0.1925613572129196,0.1925613572129196,0.1925613572129196,0.1925613572129196,0.1925613572129196,0.1925613572129196,0.1925613572129196,0.1279683280915345,2.463408298732144e-06,0.0788373540531793,0.2203148563283625,5.023136533535299e-07,2.024747175353552e-07,0.01288510829173,0.5588920464876739,-0.0033510504487819,-0.0037891685969661,9683.0,1.0,0.8954766724913747,0.2084573312018964,0.2950824311468091,0.4705927554564316,0.5950447400288534,0.4579302653735336,0.5732551458625734,0.3881864994297214,100000,30,8,0.1,1.0,0.1,0,7,0.001,1e-06,0.001,1e-07,1.0,1e-08,adamax,0,0.0,disordered,1,0.1904366895481719,0 days 01:50:36.775576,0.0033511346778719,2.9009994800192995,2.847592228927079
336,336,336,336,0.293044697697214,0.293044697697214,0.293044697697214,0.293044697697214,0.293044697697214,0.293044697697214,0.293044697697214,0.293044697697214,0.0877842654732751,0.0913227656248655,0.4385589676108042,0.9965501126057728,1.002062010965051,0.0861705757704934,0.1855895072396677,0.0844495520334149,-0.0024630148739222,-0.0032083147841756,537.0,0.0,0.421754827938559,0.3106504491655834,0.6538618646577183,0.9378398401958934,0.9857411687514108,0.3822793335511966,0.0447837545754448,0.6344540443711366,100000,30,8,0.1,1.0,0.1,0,7,0.001,1e-06,0.001,1e-07,1.0,1e-08,adamax,0,0.0,disordered,1,0.2888131661101059,0 days 01:50:36.775576,0.0024631021219765,3.2573921912030355,2.8848827767252447
337,337,337,337,0.1225113576604117,0.1225113576604117,0.1225113576604117,0.1225113576604117,0.1225113576604117,0.1225113576604117,0.1225113576604117,0.1225113576604117,0.3129642787010343,1.000011266673215,0.0117142365337996,0.01069525437596,0.016500498578761,0.1266675436305672,0.0141568005438307,0.0197756801682544,-0.0044060098134752,-0.0061657544566195,1072.0,0.0,0.9535155505474926,0.9528442754090228,0.6866387119651769,0.374571382510796,0.0832200958643163,0.4619080306863552,0.6550143139959383,0.7226245092723456,100000,30,8,0.1,1.0,0.1,0,7,0.001,1e-06,0.001,1e-07,1.0,1e-08,adamax,0,0.0,disordered,1,0.1227220787903275,0 days 01:50:36.775576,0.0044060120121401,3.039576891098117,2.903741223297405
338,338,338,338,0.1042404007021555,0.1042404007021555,0.1042404007021555,0.1042404007021555,0.1042404007021555,0.1042404007021555,0.1042404007021555,0.1042404007021555,0.0378548472023189,1.000564278405996,0.1571401549345228,0.0316496819278181,0.0109744859401597,0.0108011104345929,0.0112859251072665,0.0236511807068182,-0.005237362262799,-0.0073940593825271,980.0,0.0,0.6616841453875995,0.7867142639609922,0.1126774006320914,0.517710147750081,0.4516629498610115,0.5011458474264819,0.4659594818300158,0.604678520127203,100000,30,8,0.1,1.0,0.1,0,7,0.001,1e-06,0.001,1e-07,1.0,1e-08,adamax,0,0.0,disordered,1,0.1038437703032052,0 days 01:50:36.775576,0.0052373786074306,3.1559840065001765,2.6141281527866997
339,339,339,339,0.1988827856988807,0.1988827856988807,0.1988827856988807,0.1988827856988807,0.1988827856988807,0.1988827856988807,0.1988827856988807,0.1988827856988807,1.0001811124406337,0.7784766786149878,0.2876881347271008,0.0308990674627229,0.0295254033147742,0.0374265289355546,0.0507975574849806,0.0414123978606146,-0.0035513856546782,-0.004687331371936,824.0,0.0,0.1066072353397643,0.0106474547550092,0.4366853920221658,0.5885711331191602,0.4241803299861904,0.514728566376785,0.4008883582920273,0.8127546735256219,100000,30,8,0.1,1.0,0.1,0,7,0.001,1e-06,0.001,1e-07,1.0,1e-08,adamax,0,0.0,disordered,1,0.2000593103015442,0 days 01:50:36.775576,0.0035514204676243,2.6358115540776996,2.496167768915596
340,340,340,340,0.100927151463057,0.100927151463057,0.100927151463057,0.100927151463057,0.100927151463057,0.100927151463057,0.100927151463057,0.100927151463057,5.302102810636016e-06,0.0003205388790002,2.883243310238348e-07,2.763119621697297e-07,9.991605053300084e-08,2.432393110147e-06,0.4429637379427721,9.085847185302276e-06,-0.0042362857145784,-0.0057942969590098,8897.0,0.0,0.8101603872738865,0.151060378924085,0.6237938163812798,0.5232326869776311,0.0560213795149061,0.0880739856496465,0.8140995207742553,0.7159176301300607,100000,30,8,0.1,1.0,0.1,0,7,0.001,1e-06,0.001,1e-07,1.0,1e-08,adamax,0,0.0,disordered,1,0.1008420269664737,0 days 01:50:36.775576,0.0042362862134406,3.194385534463389,3.314079525873382
341,341,341,341,0.2121550171362449,0.2121550171362449,0.2121550171362449,0.2121550171362449,0.2121550171362449,0.2121550171362449,0.2121550171362449,0.2121550171362449,1.0005972463883668,0.3457749920390496,0.3202994319992782,0.0492262950590031,0.0583551257748399,0.046098113327778,0.0471863099794847,0.0446368749109174,-0.003505404618174,-0.0048609461533932,711.0,0.0,0.1578200566934275,0.5868011269753782,0.8935856838618846,0.5232036772996999,0.601254124412449,0.6769815814116454,0.5294803439752425,0.8793058389897858,100000,30,8,0.1,1.0,0.1,0,7,0.001,1e-06,0.001,1e-07,1.0,1e-08,adamax,0,0.0,disordered,1,0.2133882369425315,0 days 01:50:36.775576,0.0035054386313108,2.5987330897760175,2.5107603521149104
342,342,342,342,0.1747772774464679,0.1747772774464679,0.1747772774464679,0.1747772774464679,0.1747772774464679,0.1747772774464679,0.1747772774464679,0.1747772774464679,0.2052188265934563,0.1037829807239748,0.1198116244932456,1.000679119549621,0.0251728931937821,0.842014981172827,0.037593500511873,0.0300216667310771,-0.003865636453332,-0.0046425370020049,855.0,0.0,0.2552990482349658,0.2256741123218106,0.1008685885186569,0.4444062800865939,0.3266186604958152,0.4998105982025818,0.1746521771424269,0.4806145190096268,100000,30,8,0.1,1.0,0.1,0,7,0.001,1e-06,0.001,1e-07,1.0,1e-08,adamax,0,0.0,disordered,1,0.176673679581546,0 days 01:50:36.775576,0.0038657315054853,2.8766500913941235,2.511906762493582
343,343,343,343,0.3026648059395688,0.3026648059395688,0.3026648059395688,0.3026648059395688,0.3026648059395688,0.3026648059395688,0.3026648059395688,0.3026648059395688,0.5929398627706082,0.5828924319161088,0.1625314980485052,0.1019675451815687,0.1060291960098576,1.0001455046352252,0.1816013979605447,0.3258288943767783,-0.0026248481728276,-0.0027710015864016,523.0,0.0,0.4961025453543837,0.3056658187410817,0.8043076207169698,0.5053229983693688,0.5946087624129153,0.952240590006979,0.8769549097354983,0.6449731068224848,100000,30,8,0.1,1.0,0.1,0,7,0.001,1e-06,0.001,1e-07,1.0,1e-08,adamax,0,0.0,disordered,1,0.302125371531588,0 days 01:50:36.775576,0.0026248498856579,2.6902617181891495,2.6517984751663213
344,344,344,344,0.2263129568399526,0.2263129568399526,0.2263129568399526,0.2263129568399526,0.2263129568399526,0.2263129568399526,0.2263129568399526,0.2263129568399526,1.0006516266627672,0.1341458346109069,0.2146153427447609,0.2683579217205359,0.0668762257808112,0.2060403502644971,0.050087246507499,0.061141466578432,-0.0032171013886316,-0.0044048612785802,652.0,0.0,0.0053036025347792,0.6442923242156278,0.3049230873607423,0.24701432822798,0.6052588097979229,0.1761206429723647,0.7359420750755481,0.7763506180697476,100000,30,8,0.1,1.0,0.1,0,7,0.001,1e-06,0.001,1e-07,1.0,1e-08,adamax,0,0.0,disordered,1,0.2294117152881573,0 days 01:50:36.775576,0.0032172707951237,2.714872646779491,2.6392228260657618
345,345,345,345,0.5774615152359814,0.5774615152359814,0.5774615152359814,0.5774615152359814,0.5774615152359814,0.5774615152359814,0.5774615152359814,0.5774615152359814,0.4588472932853163,0.5683271183101567,0.3841316136652843,0.3138889856046431,0.3009970917643064,0.2625438393393944,0.3857969613284375,1.0007816124301585,-0.0015572847234324,-0.0016196202257399,348.0,0.0,0.1378328494587537,0.151966353624163,0.925285077913802,0.0305454210323403,0.7981187024493254,0.7469151591312451,0.7032878921611835,0.0338023897631204,100000,30,8,0.1,1.0,0.1,0,7,0.001,1e-06,0.001,1e-07,1.0,1e-08,adamax,0,0.0,disordered,1,0.5696788212883827,0 days 01:50:36.775576,0.0015573606944173,2.635315876486906,2.79143999227096
346,346,346,346,0.1638433645577982,0.1638433645577982,0.1638433645577982,0.1638433645577982,0.1638433645577982,0.1638433645577982,0.1638433645577982,0.1638433645577982,1.4743677432388423e-06,7.286141600159548e-07,0.146785764592671,0.4631946778054272,0.5143541353587223,5.360780301605263e-07,5.326000881115583e-07,7.591105830081036e-07,-0.0034233847425229,-0.0045403785012928,10056.0,1.0,0.9418283836724008,0.20546840028302,0.8728077965440963,0.5007396312109774,0.3256459273497325,0.1748341691579661,0.0114767132297118,0.2342906526973365,100000,30,8,0.1,1.0,0.1,0,7,0.001,1e-06,0.001,1e-07,1.0,1e-08,adamax,0,0.0,disordered,1,0.162034767137802,0 days 01:50:36.775576,0.003423481359972,2.3612258563565867,2.530130845459258
347,347,347,347,0.7239681140910865,0.7239681140910865,0.7239681140910865,0.7239681140910865,0.7239681140910865,0.7239681140910865,0.7239681140910865,0.7239681140910865,0.5317878567517142,0.5278375550996828,0.571873850012349,0.4883421900452968,0.4720410773397743,0.4375661515925965,0.7485160217040422,1.0002917056916252,-0.0013662639453442,-0.0014022748846638,224.0,0.0,0.1162598230412464,0.0066563200512604,0.6648013979836157,0.9771697778493912,0.5144152528968474,0.8204181545276492,0.9703876172775256,0.0807466354298075,100000,30,8,0.1,1.0,0.1,0,7,0.001,1e-06,0.001,1e-07,1.0,1e-08,adamax,0,0.0,disordered,1,0.7190299896173575,0 days 01:50:36.775576,0.0013662844894687,2.680265936498928,2.77110146331675
348,348,348,348,0.4913407286296357,0.4913407286296357,0.4913407286296357,0.4913407286296357,0.4913407286296357,0.4913407286296357,0.4913407286296357,0.4913407286296357,0.3160487310944109,0.3052860782802212,0.2434159197994249,0.7161855557370328,0.5902356664517975,0.2370918204453953,1.0020544136630944,0.4073119029368139,-0.001695888655478,-0.0018967472067708,324.0,0.0,0.4254319205126254,0.4217884105482588,0.2487687638254676,0.7175643490057031,0.5537527821643865,0.1679244739437104,0.9457826986198424,0.1192835651627532,100000,30,8,0.1,1.0,0.1,0,7,0.001,1e-06,0.001,1e-07,1.0,1e-08,adamax,0,0.0,disordered,1,0.4987788327227741,0 days 01:50:36.775576,0.0016959635734702,2.782485591283684,2.7797579176186327
349,349,349,349,0.2659804395593755,0.2659804395593755,0.2659804395593755,0.2659804395593755,0.2659804395593755,0.2659804395593755,0.2659804395593755,0.2659804395593755,0.6890257614163916,0.9373436229295092,0.0867769625055206,1.0009423584557553,0.1055893599670014,0.1416535859313365,0.0808967888994434,0.0711058329850031,-0.00286205627929,-0.0037084416867522,580.0,0.0,0.0496830502617905,0.7558344124568469,0.4273698252746744,0.6525989397308843,0.0293280277415377,0.0800179552122662,0.2844917022951683,0.3277155772772908,100000,30,8,0.1,1.0,0.1,0,7,0.001,1e-06,0.001,1e-07,1.0,1e-08,adamax,0,0.0,disordered,1,0.2695407890567702,0 days 01:50:36.775576,0.0028621723641507,2.8437122089936113,2.8253032060487078
350,350,350,350,0.1864408533970484,0.1864408533970484,0.1864408533970484,0.1864408533970484,0.1864408533970484,0.1864408533970484,0.1864408533970484,0.1864408533970484,1.0170344604935623e-06,0.1117088278286448,6.733001692493405e-07,0.7089131403666354,4.889200150071467e-07,5.419600939290528e-07,0.0172760598952867,0.2786684778918527,-0.0033391500829752,-0.0042325060256522,10083.0,1.0,0.5278125088659839,0.318136568470538,0.2315795162140604,0.9511782787436884,0.1326977726338979,0.5025277899584487,0.223667964909474,0.8118586684336861,100000,30,8,0.1,1.0,0.1,0,7,0.001,1e-06,0.001,1e-07,1.0,1e-08,adamax,0,0.0,disordered,1,0.1835273411370631,0 days 01:50:36.775576,0.0033392917442054,3.2131324696741594,3.0664012394875577
351,351,351,351,0.5074705239490462,0.5074705239490462,0.5074705239490462,0.5074705239490462,0.5074705239490462,0.5074705239490462,0.5074705239490462,0.5074705239490462,0.2741399250295487,0.2568576659635843,0.2560980922055129,0.2564155286928343,1.000542330416512,0.2558783737480972,0.3043228591890335,0.9176819847990652,-0.0018014425382877,-0.001991292965154,296.0,0.0,0.6191173950887304,0.6204957812457725,0.435440675338833,0.4582904144594563,0.9921851717130896,0.4248277365856714,0.6574672079546182,0.0881713784179982,100000,30,8,0.1,1.0,0.1,0,7,0.001,1e-06,0.001,1e-07,1.0,1e-08,adamax,0,0.0,disordered,1,0.5081550815028626,0 days 01:50:36.775576,0.0018014431642258,2.7390462972800576,2.7497735386305937
352,352,352,352,0.4047756965997316,0.4047756965997316,0.4047756965997316,0.4047756965997316,0.4047756965997316,0.4047756965997316,0.4047756965997316,0.4047756965997316,0.4995507671713145,0.1655087802082964,0.1093841356696743,1.000352337029392,0.177028204671882,0.1729105174544648,0.2920425582571017,0.7293467361826562,-0.0020205767341736,-0.002120914171573,577.0,0.0,0.5245834158918792,0.755821557180018,0.4688493074920858,0.7273168622303527,0.6642606717342343,0.1098898573146673,0.4771317496998679,0.0312014157005438,100000,30,8,0.1,1.0,0.1,0,7,0.001,1e-06,0.001,1e-07,1.0,1e-08,adamax,0,0.0,disordered,1,0.4048291205112646,0 days 01:50:36.775576,0.0020205767315424,2.6226623663769764,2.6297813576726337
353,353,353,353,0.293044697697214,0.293044697697214,0.293044697697214,0.293044697697214,0.293044697697214,0.293044697697214,0.293044697697214,0.293044697697214,0.4579622616115158,0.9816951658974208,0.0868902449220438,0.0845877728961565,0.9595337433786224,1.0014558481455746,0.0915896925923416,0.1486662039276947,-0.0024853722984814,-0.0029640570237687,538.0,0.0,0.0909429114613579,0.6732269794882545,0.2198682291590735,0.0506398991912545,0.4683997258247909,0.6982124711913849,0.2801904171648375,0.1906005552455659,100000,30,8,0.1,1.0,0.1,0,7,0.001,1e-06,0.001,1e-07,1.0,1e-08,adamax,0,0.0,disordered,1,0.2970553515073836,0 days 01:50:36.775576,0.0024854802044594,2.844793738400697,2.71086754803234
354,354,354,354,0.31260072430687,0.31260072430687,0.31260072430687,0.31260072430687,0.31260072430687,0.31260072430687,0.31260072430687,0.31260072430687,0.6853015466546568,0.6788133738638435,0.6027677422082037,7.529896920645993e-06,0.191991413194511,6.542477397931278e-06,0.8534548933117174,0.1299925018115833,-0.0027138062781122,-0.0030237212056571,8291.0,1.0,0.230797647145204,0.0230889340700155,0.0417394724866417,0.4624317947354035,0.2153979852087361,0.4279799409301008,0.9132574465254402,0.8042383326726235,100000,30,8,0.1,1.0,0.1,0,7,0.001,1e-06,0.001,1e-07,1.0,1e-08,adamax,0,0.0,disordered,1,0.3167673028493386,0 days 01:50:36.775576,0.0027139607999376,2.706004370161877,2.6683193220963535
355,355,355,355,0.2659804395593755,0.2659804395593755,0.2659804395593755,0.2659804395593755,0.2659804395593755,0.2659804395593755,0.2659804395593755,0.2659804395593755,0.0715064155213891,1.000126836049756,0.1002140524109486,0.2944075670386991,0.0711916997293724,0.8129059854783274,0.0705756362352732,0.0754074628493765,-0.0026494419654451,-0.0032364170926634,580.0,0.0,0.8267273504991763,0.929023616452101,0.6669769559759705,0.4377045405814164,0.073335824822771,0.7217063751878922,0.111179044306536,0.3033866478777075,100000,30,8,0.1,1.0,0.1,0,7,0.001,1e-06,0.001,1e-07,1.0,1e-08,adamax,0,0.0,disordered,1,0.2697267106807562,0 days 01:50:36.775576,0.0026495535553478,2.681919973171503,2.6707286592594657
356,356,356,356,0.3444087275973818,0.3444087275973818,0.3444087275973818,0.3444087275973818,0.3444087275973818,0.3444087275973818,0.3444087275973818,0.3444087275973818,0.144467794155139,0.9659398871261068,1.002010552233059,0.1559281716753955,0.8381542013277722,0.806854507923141,0.1368828551853185,0.1375953357847453,-0.0022028193477222,-0.0025149992176736,461.0,0.0,0.2806086191107868,0.937853584622824,0.8666195092203972,0.2545932023334656,0.3747550301281869,0.4773484970573644,0.0477178302504632,0.0192305137919545,100000,30,8,0.1,1.0,0.1,0,7,0.001,1e-06,0.001,1e-07,1.0,1e-08,adamax,0,0.0,disordered,1,0.3499409363107477,0 days 01:50:36.775576,0.0022029659700219,2.9770217759958078,2.7314931676285306
357,357,357,357,0.1349772330233941,0.1349772330233941,0.1349772330233941,0.1349772330233941,0.1349772330233941,0.1349772330233941,0.1349772330233941,0.1349772330233941,0.5935846740914368,0.4386686186971607,0.3692205284487927,0.0179579572744837,1.0021159787402136,0.0003292608087673,0.0005717638805075,0.0009136915571135,-0.0036881595284693,-0.0047033083991631,3766.0,0.0,0.5690988942672214,0.500237146077834,0.6294636587888246,0.8784156622342133,0.1383305444213748,0.8959807609454241,0.2096072329667661,0.92267898419396,100000,30,8,0.1,1.0,0.1,0,7,0.001,1e-06,0.001,1e-07,1.0,1e-08,adamax,0,0.0,disordered,1,0.1339471129835569,0 days 01:50:36.775576,0.0036882058347076,2.4583141065541243,2.5210838280129293
358,358,358,358,0.1864408533970484,0.1864408533970484,0.1864408533970484,0.1864408533970484,0.1864408533970484,0.1864408533970484,0.1864408533970484,0.1864408533970484,0.9890702690682504,0.3659429706589662,8.892494053608336e-06,1.7478657645065729e-06,1.933832617837467e-06,0.3146407899845038,0.4125261334143433,7.060773250320167e-05,-0.0032373403510215,-0.0038706196996603,9975.0,1.0,0.1586010092630354,0.3994831424772106,0.7364412446434414,0.2002039593139714,0.1171722651598887,0.2687335756630974,0.3364332254505885,0.8859235799567501,100000,30,8,0.1,1.0,0.1,0,7,0.001,1e-06,0.001,1e-07,1.0,1e-08,adamax,0,0.0,disordered,1,0.1886596247978156,0 days 01:50:36.775576,0.0032374238463251,3.167745469907197,2.845800535704348
359,359,359,359,0.3919100249433399,0.3919100249433399,0.3919100249433399,0.3919100249433399,0.3919100249433399,0.3919100249433399,0.3919100249433399,0.3919100249433399,0.94473726162287,0.3251724732210572,2.581266498287548e-07,1.4039824921477236e-07,0.0985938708359114,0.175947344873921,0.5085175432332973,0.439643744798587,-0.0019764421648875,-0.0020927746267946,100000.0,0.0,0.250740658592031,0.6818726384248391,0.8348612693863806,0.0133505957865881,0.273762834221375,0.902726656459502,0.5817087775335785,0.1693126927876244,100000,30,8,0.1,1.0,0.1,0,7,0.001,1e-06,0.001,1e-07,1.0,1e-08,adamax,0,0.0,disordered,1,0.3914580377278607,0 days 01:50:36.775576,0.00197644283645,2.6359095204865235,2.7863125351814957
360,360,360,360,0.2121550171362449,0.2121550171362449,0.2121550171362449,0.2121550171362449,0.2121550171362449,0.2121550171362449,0.2121550171362449,0.2121550171362449,0.6282100121090638,0.4554780325479012,0.276548672908028,0.0192825268174193,0.0273589064657983,1.0003192427972352,0.4242691769812888,0.0209746290293546,-0.0028816320902855,-0.0033695923118442,1061.0,0.0,0.4931705350093037,0.4002097735936605,0.8354219932517978,0.7926098323818732,0.3241779405369809,0.9830646964827148,0.0477884867818838,0.9096517536701376,100000,30,8,0.1,1.0,0.1,0,7,0.001,1e-06,0.001,1e-07,1.0,1e-08,adamax,0,0.0,disordered,1,0.2141173485198415,0 days 01:50:36.775576,0.0028816942793741,3.033555026147032,2.7201029528050205
361,361,361,361,0.3444087275973818,0.3444087275973818,0.3444087275973818,0.3444087275973818,0.3444087275973818,0.3444087275973818,0.3444087275973818,0.3444087275973818,0.9069432431840616,0.1910611562460312,0.1186190804275859,1.0013412029505635,0.2019678748226067,0.117808712468458,0.8065142872763135,0.1266640121748044,-0.00241351701878,-0.0027348981026515,467.0,0.0,0.097267032824367,0.5542749186044887,0.4189021314134399,0.8234209293184693,0.4805061611921127,0.281411924913489,0.7128149525361499,0.3820168994194098,100000,30,8,0.1,1.0,0.1,0,7,0.001,1e-06,0.001,1e-07,1.0,1e-08,adamax,0,0.0,disordered,1,0.344058721365283,0 days 01:50:36.775576,0.0024135177517404,2.6666818643006915,2.6324781873868233
362,362,362,362,0.1925613572129196,0.1925613572129196,0.1925613572129196,0.1925613572129196,0.1925613572129196,0.1925613572129196,0.1925613572129196,0.1925613572129196,0.9485580847567068,0.0736190461461597,0.0665294387477431,0.0777600417400788,1.0003802282892416,0.3547502136193747,0.0391650896365082,0.0339940615417403,-0.0034250761358792,-0.0040645812184542,892.0,0.0,0.4251771273663627,0.8162498580807743,0.3562051574027112,0.530048822740228,0.8087430632572472,0.8267099729670038,0.6836381477745519,0.7098273205737634,100000,30,8,0.1,1.0,0.1,0,7,0.001,1e-06,0.001,1e-07,1.0,1e-08,adamax,0,0.0,disordered,1,0.1929237332671393,0 days 01:50:36.775576,0.003425078997869,2.7508892463857038,2.4633384376984004
363,363,363,363,0.3444087275973818,0.3444087275973818,0.3444087275973818,0.3444087275973818,0.3444087275973818,0.3444087275973818,0.3444087275973818,0.3444087275973818,0.1230740531672625,1.0019979335064686,0.9816078719640036,0.1189614644630564,1.0010429147325957,0.993746564020441,0.1192585016221948,0.1185666692711902,-0.0021195577330464,-0.002833344002055,467.0,0.0,0.0951861809945375,0.5452303824885759,0.5979696256481425,0.1411044150060496,0.8883386774979529,0.6756783223405803,0.1031471938061922,0.1217301673848533,100000,30,8,0.1,1.0,0.1,0,7,0.001,1e-06,0.001,1e-07,1.0,1e-08,adamax,0,0.0,disordered,1,0.3397956911071915,0 days 01:50:36.775576,0.0021196318646298,3.14384643252992,2.749709417711341
364,364,364,364,0.1864408533970484,0.1864408533970484,0.1864408533970484,0.1864408533970484,0.1864408533970484,0.1864408533970484,0.1864408533970484,0.1864408533970484,1.0000922256142488,0.6561537092268447,0.0340126955745171,0.2184536131891411,0.0661450995419893,0.1888419281888295,0.0153556298847084,0.028878859919076,-0.0036489231170325,-0.0047836935979126,1083.0,0.0,0.1035658471359807,0.1448197919192561,0.58974415378652,0.097546201456495,0.4087798228349987,0.2886613044402275,0.6535582981725113,0.7123341566952256,100000,30,8,0.1,1.0,0.1,0,7,0.001,1e-06,0.001,1e-07,1.0,1e-08,adamax,0,0.0,disordered,1,0.1887125237991694,0 days 01:50:36.775576,0.0036490581294821,2.7851638246053345,2.570289172741183
365,365,365,365,0.1925613572129196,0.1925613572129196,0.1925613572129196,0.1925613572129196,0.1925613572129196,0.1925613572129196,0.1925613572129196,0.1925613572129196,0.1188535715506638,0.9144231133184784,0.0468673784183284,1.0004178868122435,0.0366589683380049,0.0376460220662528,0.052548748128113,0.0374234250323896,-0.0034666115090052,-0.0052948583734976,724.0,0.0,0.6383601099847973,0.5954088370670796,0.5562000611310318,0.7675962287549989,0.5012767621670378,0.2140956364946002,0.1094107571203395,0.6000482200302583,100000,30,8,0.1,1.0,0.1,0,7,0.001,1e-06,0.001,1e-07,1.0,1e-08,adamax,0,0.0,disordered,1,0.19552627538047,0 days 01:50:36.775576,0.0034667787933447,2.9364331656001794,2.699825166435798
366,366,366,366,0.3026648059395688,0.3026648059395688,0.3026648059395688,0.3026648059395688,0.3026648059395688,0.3026648059395688,0.3026648059395688,0.3026648059395688,0.2238377459445685,0.053787266907874,1.2808455920371407e-05,0.8600904075110309,1.815563408256115e-05,0.2306628730882287,0.0651865423877514,0.5506710469027059,-0.0025289650904946,-0.002713062642188,9678.0,1.0,0.80501981911651,0.7176535781625706,0.7077978198928584,0.777185446924128,0.0806533994303507,0.8507454167128043,0.031269612594601,0.559562244754216,100000,30,8,0.1,1.0,0.1,0,7,0.001,1e-06,0.001,1e-07,1.0,1e-08,adamax,0,0.0,disordered,1,0.3065556771372898,0 days 01:50:36.775576,0.0025290668492495,2.584955577546115,2.755862834155411
367,367,367,367,0.3919100249433399,0.3919100249433399,0.3919100249433399,0.3919100249433399,0.3919100249433399,0.3919100249433399,0.3919100249433399,0.3919100249433399,0.1548515483545939,0.1528227232236347,0.8168028790129584,0.1506756860292062,0.1500134434219194,0.9766331987040728,1.0011578545197986,0.1687095761588142,-0.0022136118763912,-0.0025704984586393,416.0,0.0,0.4154770741987346,0.1317667119318895,0.5731232422677263,0.1149883664856494,0.0505762404166152,0.7108632822931158,0.8915345125263209,0.4405463740297752,100000,30,8,0.1,1.0,0.1,0,7,0.001,1e-06,0.001,1e-07,1.0,1e-08,adamax,0,0.0,disordered,1,0.396898945633959,0 days 01:50:36.775576,0.0022137138856023,3.2005854333063932,2.8730367960684795
368,368,368,368,0.2575263326771198,0.2575263326771198,0.2575263326771198,0.2575263326771198,0.2575263326771198,0.2575263326771198,0.2575263326771198,0.2575263326771198,0.1248823602365863,0.996273283178552,0.0799060643522413,0.07434316315169,1.0016033977669898,0.0788033793026014,0.1313881810665245,0.1367656117457039,-0.0029065683971676,-0.0034562199167445,602.0,0.0,0.8064621134539653,0.9539262940959512,0.7305731267543529,0.421680384049949,0.9434034429065684,0.2472636957095301,0.2385588070509432,0.6698863231474224,100000,30,8,0.1,1.0,0.1,0,7,0.001,1e-06,0.001,1e-07,1.0,1e-08,adamax,0,0.0,disordered,1,0.2569910603506452,0 days 01:50:36.775576,0.0029065711499287,2.988439239530624,2.7958346089559236
369,369,369,369,0.2054117348353062,0.2054117348353062,0.2054117348353062,0.2054117348353062,0.2054117348353062,0.2054117348353062,0.2054117348353062,0.2054117348353062,0.5504112980939707,0.0864737578784801,0.3516704840411688,0.0681222609136679,0.0240034251442039,1.000285711989093,0.0234344720746603,0.2340925096724335,-0.0031494294010402,-0.0036096851752102,1116.0,0.0,0.8252363919080409,0.2609545946839984,0.3136782132049029,0.0277853878946894,0.0948733749029787,0.3297294529593854,0.0947572752330966,0.0222784833335085,100000,30,8,0.1,1.0,0.1,0,7,0.001,1e-06,0.001,1e-07,1.0,1e-08,adamax,0,0.0,disordered,1,0.2061227350073986,0 days 01:50:36.775576,0.0031494380424777,2.551984717490116,2.6659481247154067
370,370,370,370,0.1805148879221106,0.1805148879221106,0.1805148879221106,0.1805148879221106,0.1805148879221106,0.1805148879221106,0.1805148879221106,0.1805148879221106,0.3733394564509854,1.0002700089328174,0.1494010945508813,0.0970197172172979,0.0927923374620958,0.0308582196686324,0.0286222088540998,0.0292876264537708,-0.0037283275517483,-0.0051472787702512,804.0,0.0,0.7705703551273733,0.8833589428933932,0.1365328338943136,0.3429746635592937,0.0158781896217724,0.4205723412559977,0.1194476200617402,0.5680865217585311,100000,30,8,0.1,1.0,0.1,0,7,0.001,1e-06,0.001,1e-07,1.0,1e-08,adamax,0,0.0,disordered,1,0.1795192453378233,0 days 01:50:36.775576,0.0037283555746197,3.0833690392208895,3.073252253096436
371,371,371,371,0.3794532847236935,0.3794532847236935,0.3794532847236935,0.3794532847236935,0.3794532847236935,0.3794532847236935,0.3794532847236935,0.3794532847236935,0.3635959572965443,0.2007958124390018,0.1067281595992771,0.2298692330347155,0.9171647505719732,0.0756224355513526,1.0002309636007956,0.1693350372172581,-0.0019643624331973,-0.0023226268304883,744.0,0.0,0.6773855463639422,0.7161586602233061,0.1043067762860063,0.7991971980520339,0.838332325562638,0.2711926659637083,0.9735475529701468,0.3375149250565232,100000,30,8,0.1,1.0,0.1,0,7,0.001,1e-06,0.001,1e-07,1.0,1e-08,adamax,0,0.0,disordered,1,0.3852403460425878,0 days 01:50:36.775576,0.0019644411280411,2.800284043255039,2.794002175837462
372,372,372,372,0.3026648059395688,0.3026648059395688,0.3026648059395688,0.3026648059395688,0.3026648059395688,0.3026648059395688,0.3026648059395688,0.3026648059395688,0.1502056770828997,0.4785868255955095,0.8034056213900742,1.001378774069187,0.0895664187471778,0.1036248712376225,0.2371784416190647,0.090073367209343,-0.0024274265201525,-0.0029904094682453,532.0,0.0,0.2575527416724514,0.1583268933402386,0.9622367725472548,0.9845068936899845,0.7833617607353065,0.3001591142917283,0.1863168957933664,0.8160956278075892,100000,30,8,0.1,1.0,0.1,0,7,0.001,1e-06,0.001,1e-07,1.0,1e-08,adamax,0,0.0,disordered,1,0.3014289184681551,0 days 01:50:36.775576,0.0024274336285055,3.092103911420823,2.951760073699157
373,373,373,373,0.088694316560147,0.088694316560147,0.088694316560147,0.088694316560147,0.088694316560147,0.088694316560147,0.088694316560147,0.088694316560147,0.1231265143166258,8.690538870019262e-07,3.683190331446794e-07,0.016965051144925,0.2495639767176925,0.5719901815896291,4.999199591116051e-07,0.0850543003177019,-0.0046156515274253,-0.0053336453430674,10550.0,1.0,0.8195866498882468,0.6917068724736452,0.0141286385790188,0.0897702749266857,0.5713045891257171,0.0394953411916256,0.8179250197915076,0.9777640393148442,100000,30,8,0.1,1.0,0.1,0,7,0.001,1e-06,0.001,1e-07,1.0,1e-08,adamax,0,0.0,disordered,1,0.0872883418698697,0 days 01:50:36.775576,0.0046158490960686,3.67373283343666,3.5895823715582558
374,374,374,374,0.2414157116103016,0.2414157116103016,0.2414157116103016,0.2414157116103016,0.2414157116103016,0.2414157116103016,0.2414157116103016,0.2414157116103016,6.20581512592545e-06,0.8630597277560006,0.2233863206339449,1.8239354176907669e-06,0.1971824712259145,0.9743218176710834,2.291725504544914e-06,0.2765198259964218,-0.002271439592754,-0.0028962651270998,9554.0,1.0,0.9775786952206656,0.829646147129515,0.0386275721174035,0.1134416250312995,0.9788995294148176,0.542143749584765,0.1121834598919309,0.0047986962695082,100000,30,8,0.1,1.0,0.1,0,7,0.001,1e-06,0.001,1e-07,1.0,1e-08,adamax,0,0.0,disordered,1,0.2444194280598918,0 days 01:50:36.775576,0.0022714956325528,2.6287856257245235,2.671366271631793
375,375,375,375,0.2414157116103016,0.2414157116103016,0.2414157116103016,0.2414157116103016,0.2414157116103016,0.2414157116103016,0.2414157116103016,0.2414157116103016,1.001317125142459,0.2579117985263622,0.4962746664721641,0.1517754946097188,0.0578252452311197,0.1011084417215164,0.0743056955686093,0.1403838662929312,-0.0029156669957745,-0.0036277133817037,618.0,0.0,0.115267005663062,0.8785974091814128,0.2993388859024937,0.7459291170862314,0.937366336734396,0.35489974256256,0.9313564413874184,0.8822250626891953,100000,30,8,0.1,1.0,0.1,0,7,0.001,1e-06,0.001,1e-07,1.0,1e-08,adamax,0,0.0,disordered,1,0.2427437752170675,0 days 01:50:36.775576,0.0029156899108682,2.4660158620895802,2.5537655853359644
376,376,376,376,0.5074705239490462,0.5074705239490462,0.5074705239490462,0.5074705239490462,0.5074705239490462,0.5074705239490462,0.5074705239490462,0.5074705239490462,1.0013222002686195,0.8621639409349386,0.3922534506081407,0.2541457694872118,0.2528063492999283,0.2702938410684554,0.300425462474398,0.8446035699066197,-0.001806659717506,-0.0018854311987226,304.0,0.0,0.1216177817136735,0.1278319281672717,0.9012288743775664,0.8379621667181256,0.8244225168815499,0.6668554539279069,0.9580380097249876,0.4217887832576917,100000,30,8,0.1,1.0,0.1,0,7,0.001,1e-06,0.001,1e-07,1.0,1e-08,adamax,0,0.0,disordered,1,0.5070603397140732,0 days 01:50:36.775576,0.0018066600500468,2.5482497284438286,2.6842600037256474
377,377,377,377,0.1805148879221106,0.1805148879221106,0.1805148879221106,0.1805148879221106,0.1805148879221106,0.1805148879221106,0.1805148879221106,0.1805148879221106,0.1914656781447974,0.0323701934485747,0.0323111669209879,0.0497346513531169,0.1940793955217645,1.0017159514905962,0.0348639069532918,0.1881478152733035,-0.0033709017132476,-0.0042322317519768,755.0,0.0,0.8187208922359559,0.7743750860479226,0.4362492184849196,0.2919197500309933,0.1148970826679349,0.9529001346514946,0.8191868690166361,0.7431019824611016,100000,30,8,0.1,1.0,0.1,0,7,0.001,1e-06,0.001,1e-07,1.0,1e-08,adamax,0,0.0,disordered,1,0.1820500469815605,0 days 01:50:36.775576,0.0033709541157551,3.226803137245582,3.0063981082658375
378,378,378,378,0.1586356533508588,0.1586356533508588,0.1586356533508588,0.1586356533508588,0.1586356533508588,0.1586356533508588,0.1586356533508588,0.1586356533508588,1.000380529128913,0.2839919312896421,0.3462433552244668,0.0211476971292386,0.1276612066936452,0.0462568663654724,0.0257050218185189,0.0239809995487085,-0.0039834707663112,-0.0054571173281958,939.0,0.0,0.2514756636614588,0.820109396472933,0.1962333892589896,0.6352925218784667,0.162132723682877,0.4527068756174857,0.6110690318720912,0.7191537798294915,100000,30,8,0.1,1.0,0.1,0,7,0.001,1e-06,0.001,1e-07,1.0,1e-08,adamax,0,0.0,disordered,1,0.1580605073549291,0 days 01:50:36.775576,0.0039834835685718,2.6933612137915213,2.5931762705603476
379,379,379,379,0.636219849265748,0.636219849265748,0.636219849265748,0.636219849265748,0.636219849265748,0.636219849265748,0.636219849265748,0.636219849265748,0.3904897669810067,0.3876153055592316,0.3710192480029741,0.4001932150597649,0.3970357327450189,0.3741887712482648,0.6352050301939687,1.0002241079647347,-0.0014913632067866,-0.0016005901858528,234.0,0.0,0.917432036335271,0.9578338934687016,0.7605457635265853,0.0449673550017765,0.3870494664839662,0.7263565217141167,0.8682551861790878,0.0223754131071074,100000,30,8,0.1,1.0,0.1,0,7,0.001,1e-06,0.001,1e-07,1.0,1e-08,adamax,0,0.0,disordered,1,0.6429043150788591,0 days 01:50:36.775576,0.0014914151013132,2.804261841134218,2.8287901264499054
380,380,380,380,0.2054117348353062,0.2054117348353062,0.2054117348353062,0.2054117348353062,0.2054117348353062,0.2054117348353062,0.2054117348353062,0.2054117348353062,1.0012989691821144,0.4705246655089261,0.0420921108453727,0.0401553916885999,0.0483205870000183,0.3469545458820197,0.0572545177335407,0.0839556743556753,-0.0032587252959265,-0.0042334558533097,720.0,0.0,0.3994927855175592,0.9352865305331108,0.9276172420620962,0.8841450737133036,0.1531324043775236,0.3220172421923563,0.9279693195160548,0.9198577998286604,100000,30,8,0.1,1.0,0.1,0,7,0.001,1e-06,0.001,1e-07,1.0,1e-08,adamax,0,0.0,disordered,1,0.2022300569040674,0 days 01:50:36.775576,0.0032589467149767,2.791615100892827,2.859385166733576
381,381,381,381,0.1925613572129196,0.1925613572129196,0.1925613572129196,0.1925613572129196,0.1925613572129196,0.1925613572129196,0.1925613572129196,0.1925613572129196,1.1178009468912868e-06,1.598417600997886e-06,0.014826425210618,8.325370809992139e-07,6.995037533727656e-07,0.0057180004093304,0.1264146775178717,0.4794854777557018,-0.0033550015471657,-0.0041795223692635,9686.0,1.0,0.963700685907931,0.6999404812707226,0.7101077891395438,0.252237697223585,0.7103146712793887,0.2631889416072038,0.8420325931618102,0.6049027256782059,100000,30,8,0.1,1.0,0.1,0,7,0.001,1e-06,0.001,1e-07,1.0,1e-08,adamax,0,0.0,disordered,1,0.194679582679649,0 days 01:50:36.775576,0.0033550872059162,2.9386405357468077,2.874363664069023
382,382,382,382,0.4047756965997316,0.4047756965997316,0.4047756965997316,0.4047756965997316,0.4047756965997316,0.4047756965997316,0.4047756965997316,0.4047756965997316,0.1904470340791821,0.1892700669241893,0.1861573125363088,0.1834741487532395,1.0015837839323791,0.192219111886804,0.6595495126798995,0.3947581898052019,-0.002099736592492,-0.00228097730425,393.0,0.0,0.2835056803091478,0.1485516451166109,0.1243693386886878,0.1530930556237263,0.9161457305298456,0.3687576859935133,0.5669595468352621,0.1470186596387777,100000,30,8,0.1,1.0,0.1,0,7,0.001,1e-06,0.001,1e-07,1.0,1e-08,adamax,0,0.0,disordered,1,0.4069931841912227,0 days 01:50:36.775576,0.0020997548754785,2.832857783008633,2.842826066554398
383,383,383,383,0.2054117348353062,0.2054117348353062,0.2054117348353062,0.2054117348353062,0.2054117348353062,0.2054117348353062,0.2054117348353062,0.2054117348353062,0.2231378989020848,0.7733771904544944,0.0002010783942566,0.7495233634375119,0.6587185816503875,0.002991755057222,1.2532298265114778e-06,0.000154200741557,-0.0027455543725661,-0.0034319111296199,9404.0,1.0,0.8967113091031558,0.992002109452133,0.5147490275156694,0.9499885600368956,0.9701136625145927,0.6756551687211889,0.1429325326134809,0.6601249582783056,100000,30,8,0.1,1.0,0.1,0,7,0.001,1e-06,0.001,1e-07,1.0,1e-08,adamax,0,0.0,disordered,1,0.2052695162374071,0 days 01:50:36.775576,0.0027455546321703,2.8061863301575043,2.595651070612427
384,384,384,384,0.2121550171362449,0.2121550171362449,0.2121550171362449,0.2121550171362449,0.2121550171362449,0.2121550171362449,0.2121550171362449,0.2121550171362449,1.0001756368037051,0.6840759529656661,0.1106154949065559,0.070707007869142,0.2344995145764618,0.0520940999074905,0.1116401196237403,0.0448526606935084,-0.0030075842159681,-0.0038609054218185,719.0,0.0,0.1824297694255304,0.8952110001764462,0.8916417348000365,0.1805464910078101,0.3537231622494197,0.6835251509075145,0.2400849932650752,0.8426929876747188,100000,30,8,0.1,1.0,0.1,0,7,0.001,1e-06,0.001,1e-07,1.0,1e-08,adamax,0,0.0,disordered,1,0.2148890137370052,0 days 01:50:36.775576,0.0030076901208603,2.9554039227186695,2.9134037529155896
385,385,385,385,0.31260072430687,0.31260072430687,0.31260072430687,0.31260072430687,0.31260072430687,0.31260072430687,0.31260072430687,0.31260072430687,0.1449450820935164,0.8933111663173718,0.0975006021924759,0.9970830459761052,1.0005641650410122,0.8764811427059993,0.0954853036757888,0.0954995152220153,-0.0024528606706082,-0.0028713820932569,517.0,0.0,0.5074519866192873,0.6471583160880261,0.455021552701576,0.8081875903544601,0.7914361578902037,0.8042378766844865,0.3651652718958724,0.3576804118279693,100000,30,8,0.1,1.0,0.1,0,7,0.001,1e-06,0.001,1e-07,1.0,1e-08,adamax,0,0.0,disordered,1,0.3148017648889079,0 days 01:50:36.775576,0.0024528889127293,3.05942439386383,2.5969294474376348
386,386,386,386,0.3444087275973818,0.3444087275973818,0.3444087275973818,0.3444087275973818,0.3444087275973818,0.3444087275973818,0.3444087275973818,0.3444087275973818,0.5269357870698591,0.4248795610034376,0.1374978777671844,0.1119602067902182,0.1142283956285423,0.5677864876039219,1.0016848277905428,0.1186429113403887,-0.0022791315137165,-0.0025705454912178,490.0,0.0,0.2426460584093469,0.8995208590171605,0.1174960720252522,0.3553229724357469,0.0340966532694543,0.6558326165671662,0.959704573815436,0.535738467449102,100000,30,8,0.1,1.0,0.1,0,7,0.001,1e-06,0.001,1e-07,1.0,1e-08,adamax,0,0.0,disordered,1,0.3465464040070155,0 days 01:50:36.775576,0.00227915128815,2.930122496257534,2.8533572240091822
387,387,387,387,0.1692220351641035,0.1692220351641035,0.1692220351641035,0.1692220351641035,0.1692220351641035,0.1692220351641035,0.1692220351641035,0.1692220351641035,1.00021767935429,0.4544168674594597,0.0301259839456198,0.1399146851501478,0.0271666327336275,0.0298476110415544,0.140492212553713,0.0285313207340037,-0.0033292661654884,-0.0047140850295174,791.0,0.0,0.0348565498696192,0.3526742600511262,0.6617173734036776,0.1614675232629825,0.5197121735457872,0.3376557883933568,0.0449962796988543,0.7832399072954109,100000,30,8,0.1,1.0,0.1,0,7,0.001,1e-06,0.001,1e-07,1.0,1e-08,adamax,0,0.0,disordered,1,0.1712955919966408,0 days 01:50:36.775576,0.0033293792275452,2.9690650890147015,2.7012277397028375
388,388,388,388,0.3444087275973818,0.3444087275973818,0.3444087275973818,0.3444087275973818,0.3444087275973818,0.3444087275973818,0.3444087275973818,0.3444087275973818,0.3515282750427437,0.287116950407466,0.9735203203402304,0.11998075416691,0.1181757983036175,0.1222683034429923,1.0022656737058169,0.1192923507320784,-0.0024141347645146,-0.0031101620539139,466.0,0.0,0.2899752495294391,0.1812937250664439,0.6574280714254463,0.4400644591684004,0.3245048187798456,0.1028207830295079,0.9876947376557084,0.5933871710951234,100000,30,8,0.1,1.0,0.1,0,7,0.001,1e-06,0.001,1e-07,1.0,1e-08,adamax,0,0.0,disordered,1,0.3389724776145014,0 days 01:50:36.775576,0.00241428938438,2.946665950709283,2.83993684273061
389,389,389,389,0.4317879727332017,0.4317879727332017,0.4317879727332017,0.4317879727332017,0.4317879727332017,0.4317879727332017,0.4317879727332017,0.4317879727332017,0.2827210373342311,0.4732337470278926,0.2006285563982273,0.4910415977683061,0.9221604623249964,0.1245747702595332,1.0018673780907184,0.2620986254656966,-0.001892990228489,-0.0021306533863423,563.0,0.0,0.443296832092249,0.5868687191075178,0.453314804225376,0.7892678009461863,0.866126467625619,0.302125317801908,0.9306283022390598,0.2952319883410219,100000,30,8,0.1,1.0,0.1,0,7,0.001,1e-06,0.001,1e-07,1.0,1e-08,adamax,0,0.0,disordered,1,0.4279342923354294,0 days 01:50:36.775576,0.0018930184523974,2.79906281764197,2.706014314228304
390,390,390,390,0.4047756965997316,0.4047756965997316,0.4047756965997316,0.4047756965997316,0.4047756965997316,0.4047756965997316,0.4047756965997316,0.4047756965997316,0.4695243887488178,0.4748123328976784,0.6667370511448175,0.1587955921758752,0.9158333994836688,1.0000778323331088,0.1617403789041465,0.1611975557203523,-0.0020550053621916,-0.002413755049168,407.0,0.0,0.6361245354362794,0.9431710141917132,0.6975722156267917,0.0537800377932241,0.6217509280759834,0.8560950824105203,0.0525816180445954,0.2007623652999489,100000,30,8,0.1,1.0,0.1,0,7,0.001,1e-06,0.001,1e-07,1.0,1e-08,adamax,0,0.0,disordered,1,0.4087449635083364,0 days 01:50:36.775576,0.0020550594801934,2.881367600483815,2.7661742624807744
391,391,391,391,0.2121550171362449,0.2121550171362449,0.2121550171362449,0.2121550171362449,0.2121550171362449,0.2121550171362449,0.2121550171362449,0.2121550171362449,0.1666283744177918,0.0721201135036591,1.0004543767784786,0.0623917274440106,0.0617612323044374,0.3464459457307106,0.0695288151461997,0.0549997129551671,-0.0031652384673269,-0.003802112198229,694.0,0.0,0.4101034939445396,0.3895477103995718,0.980737881660108,0.0858394690487681,0.1769934947805196,0.6332099416373053,0.1122251248701656,0.6176041322847631,100000,30,8,0.1,1.0,0.1,0,7,0.001,1e-06,0.001,1e-07,1.0,1e-08,adamax,0,0.0,disordered,1,0.2114958842834077,0 days 01:50:36.775576,0.0031652466693669,3.0818459526097812,2.9912910833099433
392,392,392,392,0.0370798762916816,0.0370798762916816,0.0370798762916816,0.0370798762916816,0.0370798762916816,0.0370798762916816,0.0370798762916816,0.0370798762916816,4.853325289779424e-07,1.6690732971009769e-07,9.99755222201564e-08,1.4988467852012388e-07,1.6117773615340369e-07,2.4277711862517345e-07,8.260936105231835e-07,0.4113533242891289,-0.0048705215133532,-0.0057210903240321,9170.0,0.0,0.631009444277022,0.5521792449310217,0.4219330543777089,0.4688673168649789,0.3703050703474619,0.3874850378822095,0.3479789844396158,0.3059189782878799,100000,30,8,0.1,1.0,0.1,0,7,0.001,1e-06,0.001,1e-07,1.0,1e-08,adamax,0,0.0,disordered,1,0.0371145246980481,0 days 01:50:36.775576,0.0048705218274173,2.2261656902562437,2.0120140255578054
393,393,393,393,0.7009570091165613,0.7009570091165613,0.7009570091165613,0.7009570091165613,0.7009570091165613,0.7009570091165613,0.7009570091165613,0.7009570091165613,0.602107839602338,0.4914775610432393,0.4710958871062126,0.469020331301095,0.4692066185073115,0.4579781254719913,0.6997738263123326,1.0009081194940548,-0.0014364584439665,-0.0014955307152289,186.0,0.0,0.1724539557475153,0.5622395210157518,0.6064673032975222,0.5450361405853635,0.5080541627904619,0.8109065812067465,0.912984780874328,0.0623940902494647,100000,30,8,0.1,1.0,0.1,0,7,0.001,1e-06,0.001,1e-07,1.0,1e-08,adamax,0,0.0,disordered,1,0.7094288967023372,0 days 01:50:36.775576,0.0014365335008758,2.615888478988821,2.733492045098198
394,394,394,394,0.2575263326771198,0.2575263326771198,0.2575263326771198,0.2575263326771198,0.2575263326771198,0.2575263326771198,0.2575263326771198,0.2575263326771198,0.4049036322920357,3.081393477775776e-07,4.0474427857091393e-07,0.0343342383294072,1.7853820236150532e-07,9.999325478543753e-08,1.720056661728779e-07,0.7580613708372193,-0.0027311208237803,-0.0036502475103555,11288.0,0.0,0.4053585835436714,0.4702342654072243,0.0989895256344383,0.3329422678595225,0.4177399825672238,0.0405421071775401,0.432598683845726,0.1019778423785265,100000,30,8,0.1,1.0,0.1,0,7,0.001,1e-06,0.001,1e-07,1.0,1e-08,adamax,0,0.0,disordered,1,0.2556132443612499,0 days 01:50:36.775576,0.0027311487811484,2.3794637267890506,2.6079188380471607
395,395,395,395,0.2837303616516209,0.2837303616516209,0.2837303616516209,0.2837303616516209,0.2837303616516209,0.2837303616516209,0.2837303616516209,0.2837303616516209,0.0804882996204597,0.0796585765984485,0.0791159768962182,0.0797207143315695,1.000548808419783,0.0792181647886431,0.6063504730271264,0.195159058270291,-0.0026468488972592,-0.0031057576334885,553.0,0.0,0.405697268029329,0.1989959852407393,0.1017426369298778,0.0641453256310438,0.5146914993733146,0.0029436462960327,0.3972314453993447,0.0603402546880796,100000,30,8,0.1,1.0,0.1,0,7,0.001,1e-06,0.001,1e-07,1.0,1e-08,adamax,0,0.0,disordered,1,0.2848247956360416,0 days 01:50:36.775576,0.0026468574955061,2.782798472951317,2.7742917700096603
396,396,396,396,0.1586356533508588,0.1586356533508588,0.1586356533508588,0.1586356533508588,0.1586356533508588,0.1586356533508588,0.1586356533508588,0.1586356533508588,0.2100952053070746,0.1168572814742589,2.711671864696375e-07,0.3023506611813438,4.491928048746435e-06,4.672211260898861e-07,0.1208948875337001,0.2984957956385494,-0.003698257639931,-0.003926709989749,9550.0,1.0,0.6885300860953525,0.6492587923306573,0.1534919754584059,0.3637796473777184,0.7238740754382852,0.1280319556986398,0.8128231648965567,0.661485263191831,100000,30,8,0.1,1.0,0.1,0,7,0.001,1e-06,0.001,1e-07,1.0,1e-08,adamax,0,0.0,disordered,1,0.1578693127147135,0 days 01:50:36.775576,0.003698274186511,2.789208884461297,2.80494239089546
397,397,397,397,0.1925613572129196,0.1925613572129196,0.1925613572129196,0.1925613572129196,0.1925613572129196,0.1925613572129196,0.1925613572129196,0.1925613572129196,0.0881173373214904,3.736042522029009e-07,9.994654673824857e-08,5.222538279929738e-07,0.4092928040993395,0.1847747579684651,6.201663541895215e-06,0.4128591005960346,-0.003094645659216,-0.0035464528052719,9936.0,0.0,0.9413380476842622,0.6018492981573823,0.0445902509263321,0.409124444921672,0.6886117898087819,0.4691657950373045,0.3717486040287852,0.2505924859984356,100000,30,8,0.1,1.0,0.1,0,7,0.001,1e-06,0.001,1e-07,1.0,1e-08,adamax,0,0.0,disordered,1,0.1900414149438755,0 days 01:50:36.775576,0.0030947569823621,2.6808797953253247,2.6916429120096828
398,398,398,398,0.1805148879221106,0.1805148879221106,0.1805148879221106,0.1805148879221106,0.1805148879221106,0.1805148879221106,0.1805148879221106,0.1805148879221106,0.2594387203803227,0.5346171085117682,0.0560150435323579,0.0850214054528866,0.033027532193889,1.0019857434082868,0.034352137961263,0.0325353710695041,-0.003816232483333,-0.0051632257542585,746.0,0.0,0.6898879593102651,0.1555881240222396,0.7635421211835335,0.280977482261397,0.577472027191234,0.9217754151351226,0.5931649067290381,0.8689594774816964,100000,30,8,0.1,1.0,0.1,0,7,0.001,1e-06,0.001,1e-07,1.0,1e-08,adamax,0,0.0,disordered,1,0.1807702575817981,0 days 01:50:36.775576,0.0038162345588186,3.0344315313409607,2.800783341386832
399,399,399,399,0.1925613572129196,0.1925613572129196,0.1925613572129196,0.1925613572129196,0.1925613572129196,0.1925613572129196,0.1925613572129196,0.1925613572129196,1.0006368248943514,0.3538273362047347,0.1579824880298918,0.408164390843626,0.0336632187144965,0.0333512152671206,0.0352166274390866,0.0387479383129902,-0.0035639827915356,-0.004895637060156,758.0,0.0,0.0893756936925884,0.5103121192969601,0.6543576980211803,0.162342821302332,0.6961494560836059,0.6592202247176523,0.4589126607363889,0.7942115492192897,100000,30,8,0.1,1.0,0.1,0,7,0.001,1e-06,0.001,1e-07,1.0,1e-08,adamax,0,0.0,disordered,1,0.1926070518591304,0 days 01:50:36.775576,0.0035639828138198,2.4632842872002882,2.4612451947675336
400,400,400,400,0.2659804395593755,0.2659804395593755,0.2659804395593755,0.2659804395593755,0.2659804395593755,0.2659804395593755,0.2659804395593755,0.2659804395593755,1.0001437616245812,0.5540651185826141,0.1347804965982427,0.2370325709517389,0.0742489885404144,0.3656389322813809,0.2150320092109696,0.1101791534510833,-0.0026875134503594,-0.0029102171311108,886.0,0.0,0.003199537400046,0.928440515213488,0.0909687337918507,0.7702590598396649,0.1562516212076992,0.0117843303477425,0.5972891241600773,0.5491985308302156,100000,30,8,0.1,1.0,0.1,0,7,0.001,1e-06,0.001,1e-07,1.0,1e-08,adamax,0,0.0,disordered,1,0.2655247807134321,0 days 01:50:36.775576,0.0026875154024648,2.7366222517672503,2.7598237739806715
401,401,401,401,0.1186173716452477,0.1186173716452477,0.1186173716452477,0.1186173716452477,0.1186173716452477,0.1186173716452477,0.1186173716452477,0.1186173716452477,0.6410882857327025,4.636005056301099e-07,4.306124560405773e-07,0.0334954250711352,0.0116408401131361,2.983413536417353e-07,0.0986068954573641,0.1211745729345092,-0.0047224794743221,-0.0054727826481849,10592.0,1.0,0.7439735337545018,0.8615405609098814,0.466055318132979,0.5253179180471028,0.5880511155909521,0.3335472471302999,0.801002658949726,0.7628449507003233,100000,30,8,0.1,1.0,0.1,0,7,0.001,1e-06,0.001,1e-07,1.0,1e-08,adamax,0,0.0,disordered,1,0.117231204931677,0 days 01:50:36.775576,0.0047226106236569,3.005454999542802,2.7278558037558946
402,402,402,402,0.3444087275973818,0.3444087275973818,0.3444087275973818,0.3444087275973818,0.3444087275973818,0.3444087275973818,0.3444087275973818,0.3444087275973818,1.0010478109254717,0.114029115502889,0.1498790447825879,0.1811596356847528,0.1099353530659824,0.110617098135672,0.1136368448758956,0.7263536275586955,-0.0023700078680617,-0.0026594188923432,498.0,0.0,0.1587745769035796,0.6905607541838444,0.214488915647371,0.2841481238480106,0.5742770187319882,0.4401600788869554,0.5778950390465654,0.236398247019809,100000,30,8,0.1,1.0,0.1,0,7,0.001,1e-06,0.001,1e-07,1.0,1e-08,adamax,0,0.0,disordered,1,0.3466933813399526,0 days 01:50:36.775576,0.0023700348048126,2.5847104056109105,2.6460680112238366
403,403,403,403,0.3228628202536728,0.3228628202536728,0.3228628202536728,0.3228628202536728,0.3228628202536728,0.3228628202536728,0.3228628202536728,0.3228628202536728,0.1157191718526661,0.0970086374650549,0.1241125132761417,0.1016125900375038,0.4250198466425542,1.0006884287079794,0.1026739187303051,0.5436782418093289,-0.002242793104593,-0.0025179785790287,540.0,0.0,0.7584946624080231,0.111493950200568,0.0077208357189407,0.2060136306400274,0.5028011774622677,0.8506888888481461,0.3398424630844097,0.087495067664021,100000,30,8,0.1,1.0,0.1,0,7,0.001,1e-06,0.001,1e-07,1.0,1e-08,adamax,0,0.0,disordered,1,0.3208910444364492,0 days 01:50:36.775576,0.0022428116588631,3.007203219366977,2.9054896389624196
404,404,404,404,0.3444087275973818,0.3444087275973818,0.3444087275973818,0.3444087275973818,0.3444087275973818,0.3444087275973818,0.3444087275973818,0.3444087275973818,0.1897106309608575,0.1883224608189873,0.1784522056534983,0.2096747623250159,0.1488720033889669,0.1156755694814986,1.0001176080773295,0.2524324164932747,-0.0021428423005602,-0.0024924546307286,484.0,0.0,0.986555766192252,0.6824529508865177,0.2830754285024608,0.2278360249827873,0.15003468148599,0.1115562661543454,0.7189710713814235,0.1157080665018861,100000,30,8,0.1,1.0,0.1,0,7,0.001,1e-06,0.001,1e-07,1.0,1e-08,adamax,0,0.0,disordered,1,0.3434059118450244,0 days 01:50:36.775576,0.0021428452127007,2.6428555975530315,2.8175758140062155
405,405,405,405,0.1586356533508588,0.1586356533508588,0.1586356533508588,0.1586356533508588,0.1586356533508588,0.1586356533508588,0.1586356533508588,0.1586356533508588,0.1180117940341205,0.0819714405251071,0.0242462795442485,0.0254868632909964,0.0794633492636576,0.2951499188445676,1.0011265568427434,0.0238712410866347,-0.0037032151297973,-0.0043821980465433,822.0,0.0,0.6796046309791528,0.4021280479214877,0.6274781731105906,0.3678044345162742,0.1170373989192457,0.000376779543783,0.8341296812024206,0.8267187926265982,100000,30,8,0.1,1.0,0.1,0,7,0.001,1e-06,0.001,1e-07,1.0,1e-08,adamax,0,0.0,disordered,1,0.1577989092982047,0 days 01:50:36.775576,0.0037032381797846,3.2679444240010733,3.147467512435236
406,406,406,406,0.3557150206821381,0.3557150206821381,0.3557150206821381,0.3557150206821381,0.3557150206821381,0.3557150206821381,0.3557150206821381,0.3557150206821381,0.1302492236001471,0.7196481187433876,0.8398697917994228,1.002189983728628,0.596109191143261,0.9210587077097764,0.1285158108692279,0.1275729672195789,-0.0021909282456892,-0.0025664046761982,450.0,0.0,0.1301655596521703,0.2752386539913387,0.4554080665337299,0.9368295464244326,0.3671016505099553,0.5580898519135339,0.0081104213914865,0.059323985739747,100000,30,8,0.1,1.0,0.1,0,7,0.001,1e-06,0.001,1e-07,1.0,1e-08,adamax,0,0.0,disordered,1,0.3570401529405576,0 days 01:50:36.775576,0.0021909371523944,3.211556039417019,2.714805222069378
407,407,407,407,0.1988827856988807,0.1988827856988807,0.1988827856988807,0.1988827856988807,0.1988827856988807,0.1988827856988807,0.1988827856988807,0.1988827856988807,0.1235080051817759,0.2946782390421241,0.5194190220803094,0.0491254946437504,0.331186324987469,0.1952110782447862,1.0018832193585812,0.0405266526834861,-0.0033235669111453,-0.0036060402549445,704.0,0.0,0.7380031155235911,0.5128959699620482,0.0656368162927402,0.7228404773351511,0.2031364422457312,0.9018707614095632,0.9880407081382132,0.9495948935198784,100000,30,8,0.1,1.0,0.1,0,7,0.001,1e-06,0.001,1e-07,1.0,1e-08,adamax,0,0.0,disordered,1,0.1993007080449004,0 days 01:50:36.775576,0.0033235696329838,2.9518496519296873,2.8415062066547443
408,408,408,408,0.3026648059395688,0.3026648059395688,0.3026648059395688,0.3026648059395688,0.3026648059395688,0.3026648059395688,0.3026648059395688,0.3026648059395688,0.5824137398038876,0.2779367687404936,1.0010708302631708,0.2057437351443344,0.1079052692611036,0.0868879356102545,0.61609694432243,0.0893598129958425,-0.002530899659825,-0.0028791466277466,543.0,0.0,0.1822195100280351,0.5922797865020526,0.8776231876952161,0.6254736900968225,0.0675890759560324,0.2609365052536748,0.6708651192175487,0.3798904811545951,100000,30,8,0.1,1.0,0.1,0,7,0.001,1e-06,0.001,1e-07,1.0,1e-08,adamax,0,0.0,disordered,1,0.3049509034041331,0 days 01:50:36.775576,0.0025309341317312,2.783590222342139,2.7459217344726783
409,409,409,409,0.2337423870891812,0.2337423870891812,0.2337423870891812,0.2337423870891812,0.2337423870891812,0.2337423870891812,0.2337423870891812,0.2337423870891812,0.3817778544925294,0.5209715556188638,1.001913097654317,0.7722824882901524,0.1012950600038528,0.0549762395192656,0.058142872652396,0.0644249399720275,-0.0029565513108084,-0.0037928812623213,637.0,0.0,0.1634515878754359,0.5655292443318688,0.85335672271599,0.6804172173888218,0.2640058517854265,0.1926680205666354,0.1105012592568686,0.2748170304402223,100000,30,8,0.1,1.0,0.1,0,7,0.001,1e-06,0.001,1e-07,1.0,1e-08,adamax,0,0.0,disordered,1,0.2345906673481046,0 days 01:50:36.775576,0.0029565617558418,2.768905533179164,2.7025788297933495
410,410,410,410,0.1487115462808952,0.1487115462808952,0.1487115462808952,0.1487115462808952,0.1487115462808952,0.1487115462808952,0.1487115462808952,0.1487115462808952,0.7259517795027411,0.1100582433239626,0.1558676715435215,1.0001484091820103,0.0002021689353192,0.1731373620799503,0.0034028003086653,0.0006004278050154,-0.0041932134212749,-0.00549638641106,3834.0,0.0,0.5913625496602415,0.91081656207632,0.2686666960800681,0.7470281040025918,0.9496229651228262,0.366193797425507,0.7740885276701231,0.9923599348274472,100000,30,8,0.1,1.0,0.1,0,7,0.001,1e-06,0.001,1e-07,1.0,1e-08,adamax,0,0.0,disordered,1,0.1471096943771017,0 days 01:50:36.775576,0.0041933370938271,2.6811990653835,2.6629052708391856
411,411,411,411,0.1805148879221106,0.1805148879221106,0.1805148879221106,0.1805148879221106,0.1805148879221106,0.1805148879221106,0.1805148879221106,0.1805148879221106,1.0001690984332057,0.4303411198968152,0.0372257891979348,0.061468977751868,0.560514856904353,0.0298824644536812,0.0345409355512335,0.0298092733183517,-0.0036506358849804,-0.0049346281925752,781.0,0.0,0.2437272388690028,0.5477974900858349,0.8752149682278184,0.1381448700139681,0.0758133040206286,0.6383266683789438,0.5939891525517612,0.906578298165276,100000,30,8,0.1,1.0,0.1,0,7,0.001,1e-06,0.001,1e-07,1.0,1e-08,adamax,0,0.0,disordered,1,0.1789266795857238,0 days 01:50:36.775576,0.0036507147705914,3.024759610502794,2.7706677006803453
412,412,412,412,0.1805148879221106,0.1805148879221106,0.1805148879221106,0.1805148879221106,0.1805148879221106,0.1805148879221106,0.1805148879221106,0.1805148879221106,0.1324514159689069,0.9892171739560648,0.0323525605840234,0.0324449159154784,1.0019037838116742,0.0320436589605971,0.0370302433266498,0.0327235135283237,-0.0037214514940148,-0.0052547746561104,755.0,0.0,0.6582655442898885,0.9069714689574804,0.5221224745190275,0.6262047940451518,0.8232969732668901,0.41251262654796,0.4059475931685383,0.6991843329844618,100000,30,8,0.1,1.0,0.1,0,7,0.001,1e-06,0.001,1e-07,1.0,1e-08,adamax,0,0.0,disordered,1,0.1828801802217448,0 days 01:50:36.775576,0.0037215826814871,2.9147129959164975,2.6781807618147573
413,413,413,413,0.2337423870891812,0.2337423870891812,0.2337423870891812,0.2337423870891812,0.2337423870891812,0.2337423870891812,0.2337423870891812,0.2337423870891812,1.0005423983627826,0.0919304339142997,0.049730401264088,0.0477336800147885,0.0520921097346046,0.0539944747145208,0.0903218369149348,0.3968255672224281,-0.0030214092721208,-0.0035025103155548,698.0,0.0,0.0604267320994861,0.4620132350119723,0.1492970839202239,0.4656815048165154,0.0134670191414556,0.0510183970435795,0.536388393982969,0.3053922393281979,100000,30,8,0.1,1.0,0.1,0,7,0.001,1e-06,0.001,1e-07,1.0,1e-08,adamax,0,0.0,disordered,1,0.231563122968425,0 days 01:50:36.775576,0.003021466501369,2.6376831570831873,2.6817196703300836
414,414,414,414,0.3444087275973818,0.3444087275973818,0.3444087275973818,0.3444087275973818,0.3444087275973818,0.3444087275973818,0.3444087275973818,0.3444087275973818,0.1453764515026503,0.461869993786732,0.5585229543529704,1.0004551842443006,0.1159159519600824,0.974699026713444,0.1182654673773432,0.1241725355586553,-0.00201426636795,-0.0025128509919978,471.0,0.0,0.7055390682618229,0.5592864882279562,0.4859573174525038,0.8583701433323171,0.0493544167889244,0.9358299068925108,0.0845266536600494,0.0482046549366537,100000,30,8,0.1,1.0,0.1,0,7,0.001,1e-06,0.001,1e-07,1.0,1e-08,adamax,0,0.0,disordered,1,0.3492062087233571,0 days 01:50:36.775576,0.0020143511824523,2.696480858401432,2.6564045252017228
415,415,415,415,0.31260072430687,0.31260072430687,0.31260072430687,0.31260072430687,0.31260072430687,0.31260072430687,0.31260072430687,0.31260072430687,2.473367193312179e-07,1.6590020777148945e-07,0.0066454170909821,9.99958343209361e-08,1.018125375092882e-07,2.5038763011842525e-07,1.4444775995124353e-06,0.5415490566526783,-0.0024947254603086,-0.0038786710488387,9735.0,0.0,0.9617674286956964,0.1621724884477942,0.4620096227027535,0.3644529130106786,0.2686226111982106,0.5124319655104431,0.8812699945491104,0.42431576173784,100000,30,8,0.1,1.0,0.1,0,7,0.001,1e-06,0.001,1e-07,1.0,1e-08,adamax,0,0.0,disordered,1,0.3106315290556494,0 days 01:50:36.775576,0.0024947460084431,3.3968037642103273,3.012319064507587
416,416,416,416,0.1225113576604117,0.1225113576604117,0.1225113576604117,0.1225113576604117,0.1225113576604117,0.1225113576604117,0.1225113576604117,0.1225113576604117,1.0003307918933793,0.0287527638824358,0.01130292075683,0.0591514396469444,0.3230374669575201,0.0101329650239104,0.0097261742570448,0.0109601429586505,-0.0047692409720299,-0.0069290940624434,1094.0,0.0,0.6297212890351969,0.955393581696408,0.4497042469890406,0.3253482505283921,0.4834897400149365,0.7968491988537617,0.688499924628667,0.962975038762871,100000,30,8,0.1,1.0,0.1,0,7,0.001,1e-06,0.001,1e-07,1.0,1e-08,adamax,0,0.0,disordered,1,0.1239340967189741,0 days 01:50:36.775576,0.0047694063639016,3.087182949554236,2.8295468749070682
417,417,417,417,0.1988827856988807,0.1988827856988807,0.1988827856988807,0.1988827856988807,0.1988827856988807,0.1988827856988807,0.1988827856988807,0.1988827856988807,1.0005849957283417,0.0620517197338251,0.2599523703041405,0.5186333528284037,0.0442601347004648,0.0880922045988545,0.0551093602870266,0.1010249863422929,-0.0030382271926165,-0.0035854944010044,725.0,0.0,0.3381166078949847,0.9361866226501284,0.3806661149355925,0.0147097345575248,0.6443951805948647,0.938062625049344,0.2385204668525549,0.8990764351902748,100000,30,8,0.1,1.0,0.1,0,7,0.001,1e-06,0.001,1e-07,1.0,1e-08,adamax,0,0.0,disordered,1,0.1966017996710318,0 days 01:50:36.775576,0.0030383213183275,2.8789391410915806,2.7643662206618314
418,418,418,418,0.1394082826282576,0.1394082826282576,0.1394082826282576,0.1394082826282576,0.1394082826282576,0.1394082826282576,0.1394082826282576,0.1394082826282576,8.034888874116611e-06,9.415097648648372e-07,0.7658693011184924,1.1768026949617878e-06,0.6371053538119604,0.3626154348563901,5.576067253610426e-06,2.650953664038418e-06,-0.003681714935247,-0.0041370094395842,8631.0,1.0,0.840875708159621,0.3190561714951616,0.7838023570358867,0.3253127770916976,0.626623777840479,0.4999209781917535,0.2070485590793764,0.4298706776741199,100000,30,8,0.1,1.0,0.1,0,7,0.001,1e-06,0.001,1e-07,1.0,1e-08,adamax,0,0.0,disordered,1,0.1381530058968353,0 days 01:50:36.775576,0.0036817597356659,2.9450363897997778,2.5594193346960936
419,419,419,419,0.0228411220730382,0.0228411220730382,0.0228411220730382,0.0228411220730382,0.0228411220730382,0.0228411220730382,0.0228411220730382,0.0228411220730382,1.892158837147086e-07,0.1076730329247831,4.13113444478069e-07,1.867758999566544e-06,0.0071364800940487,0.1273276745145461,1.5319718658696374e-07,0.1453928157567132,-0.0041885788101246,-0.0054874246831465,10028.0,1.0,0.4008442530521944,0.0793860875522738,0.8789597959373368,0.2957190579773816,0.3222527406874543,0.9537524218897822,0.3975478202448212,0.3956564716829931,100000,30,8,0.1,1.0,0.1,0,7,0.001,1e-06,0.001,1e-07,1.0,1e-08,adamax,0,0.0,disordered,1,0.0230610425063325,0 days 01:50:36.775576,0.0041886150295076,3.5126548559176074,3.457511701673959
420,420,420,420,0.0858751948484516,0.0858751948484516,0.0858751948484516,0.0858751948484516,0.0858751948484516,0.0858751948484516,0.0858751948484516,0.0858751948484516,0.3305582705490072,1.0007047110590073,0.0193736755309613,0.0083148542357189,0.0077684464493704,0.0074774311210316,0.311985863391833,0.0111103701138915,-0.0039259328712863,-0.0047125649199518,1068.0,0.0,0.8413761009090188,0.3454709765613912,0.9530615138690972,0.4760561414970066,0.3783757029324619,0.3186624913919835,0.3102674809617397,0.9748663157172384,100000,30,8,0.1,1.0,0.1,0,7,0.001,1e-06,0.001,1e-07,1.0,1e-08,adamax,0,0.0,disordered,1,0.0865790969052979,0 days 01:50:36.775576,0.0039259724969408,3.275642378188254,3.127077637182102
421,421,421,421,0.4180637241455752,0.4180637241455752,0.4180637241455752,0.4180637241455752,0.4180637241455752,0.4180637241455752,0.4180637241455752,0.4180637241455752,0.5666920434278341,0.1748413599610468,0.1751845102267343,0.9941256785033,0.9953981224943154,1.0022913273456255,0.1764376546490073,0.1755897483454067,-0.0019065124394054,-0.0025236375582433,382.0,0.0,0.4875944898956392,0.0671753223090636,0.0778844286610215,0.7790505099511216,0.8987728495583549,0.9598272398828156,0.0721938513714257,0.2522187367307998,100000,30,8,0.1,1.0,0.1,0,7,0.001,1e-06,0.001,1e-07,1.0,1e-08,adamax,0,0.0,disordered,1,0.416618237954149,0 days 01:50:36.775576,0.0019065170290314,3.2808563737951366,2.967688277189871
422,422,422,422,0.3919100249433399,0.3919100249433399,0.3919100249433399,0.3919100249433399,0.3919100249433399,0.3919100249433399,0.3919100249433399,0.3919100249433399,0.3057868472374468,0.0601235602758313,5.814647141506093e-07,2.9445831835288985e-07,5.469019194110978e-07,2.471862723960948e-06,0.1869356218044626,0.8856750439112375,-0.0022181560937174,-0.0027071095075377,9897.0,1.0,0.8293373270005031,0.823164068875351,0.8241548544641216,0.1721168926794182,0.7631539558192966,0.7399952386736539,0.9041605805372264,0.4458217289327378,100000,30,8,0.1,1.0,0.1,0,7,0.001,1e-06,0.001,1e-07,1.0,1e-08,adamax,0,0.0,disordered,1,0.3862029681861111,0 days 01:50:36.775576,0.0022182949444845,2.294810976161712,2.747622061909451
423,423,423,423,0.2837303616516209,0.2837303616516209,0.2837303616516209,0.2837303616516209,0.2837303616516209,0.2837303616516209,0.2837303616516209,0.2837303616516209,0.1051190390912658,0.0795324956383607,0.9298987926573996,0.0900337896255424,1.0006684081848427,0.4919701151547181,0.2378131085462501,0.1387978126541265,-0.0024243566428614,-0.0026257657994611,552.0,0.0,0.6489780362632892,0.2013475648270648,0.7443756164173957,0.0167396116284476,0.8573268392282832,0.6734087743835281,0.3139616014133347,0.1998689778605668,100000,30,8,0.1,1.0,0.1,0,7,0.001,1e-06,0.001,1e-07,1.0,1e-08,adamax,0,0.0,disordered,1,0.2859845885466632,0 days 01:50:36.775576,0.0024243949492772,3.0699317505123194,2.741053216197477
424,424,424,424,0.2659804395593755,0.2659804395593755,0.2659804395593755,0.2659804395593755,0.2659804395593755,0.2659804395593755,0.2659804395593755,0.2659804395593755,0.3369993147728951,0.1882629050542847,0.9935689880552492,1.0010372188202656,0.0698846310532593,0.089359413345825,0.2135354451214739,0.0710692825397257,-0.0027694969535906,-0.0035445695883782,579.0,0.0,0.471898848207234,0.7414945241972167,0.9277437549735172,0.963848396707712,0.5405515801005358,0.2976589969561701,0.1245227184671975,0.72797693986176,100000,30,8,0.1,1.0,0.1,0,7,0.001,1e-06,0.001,1e-07,1.0,1e-08,adamax,0,0.0,disordered,1,0.2640035462531592,0 days 01:50:36.775576,0.0027695308267055,3.091093786597119,2.796397010705717
425,425,425,425,0.2747120789270809,0.2747120789270809,0.2747120789270809,0.2747120789270809,0.2747120789270809,0.2747120789270809,0.2747120789270809,0.2747120789270809,0.2735063214769414,0.0740826639209042,0.9872144231822032,0.23786367575462,1.0001906600398796,0.1259675102838982,0.0929423184970749,0.1128886790425188,-0.0027230073637895,-0.0033794544329183,570.0,0.0,0.5957422688107399,0.2192458298268514,0.5352710382292845,0.3931430894054757,0.7941214516773568,0.0841189025502868,0.1914200849215601,0.1801497461003895,100000,30,8,0.1,1.0,0.1,0,7,0.001,1e-06,0.001,1e-07,1.0,1e-08,adamax,0,0.0,disordered,1,0.2708991738724964,0 days 01:50:36.775576,0.0027231220145348,2.9122475612103393,2.7758720194876583
426,426,426,426,0.4180637241455752,0.4180637241455752,0.4180637241455752,0.4180637241455752,0.4180637241455752,0.4180637241455752,0.4180637241455752,0.4180637241455752,0.508899025386698,0.4281822026977334,0.071043548421978,0.0709002596615185,0.1108504698343563,0.325778030291183,0.0632289625928479,1.0000032523282578,-0.0020597542928238,-0.0022813287818452,936.0,0.0,0.4802422845777224,0.3288859583636561,0.5925849107716346,0.4858081534111649,0.341949798637866,0.685005136474023,0.5729194668151868,0.125136999131761,100000,30,8,0.1,1.0,0.1,0,7,0.001,1e-06,0.001,1e-07,1.0,1e-08,adamax,0,0.0,disordered,1,0.4212387656188685,0 days 01:50:36.775576,0.0020597851820059,2.4852430321688965,2.6596806689550387
427,427,427,427,0.2121550171362449,0.2121550171362449,0.2121550171362449,0.2121550171362449,0.2121550171362449,0.2121550171362449,0.2121550171362449,0.2121550171362449,0.706500613152999,0.363977738464063,0.0542302305394905,0.0420932766067218,0.0416135598229544,1.0016810267615086,0.0447623783824026,0.0414931841219309,-0.0034404531753495,-0.004692870331682,707.0,0.0,0.3767293310563495,0.6051134651189777,0.6221831305477327,0.4595955942335518,0.1865238175866085,0.8296427029360385,0.5272770425417767,0.6399471536026177,100000,30,8,0.1,1.0,0.1,0,7,0.001,1e-06,0.001,1e-07,1.0,1e-08,adamax,0,0.0,disordered,1,0.2155450626440129,0 days 01:50:36.775576,0.0034406981011697,2.863286501110099,2.6122130709689135
428,428,428,428,0.1535934676510895,0.1535934676510895,0.1535934676510895,0.1535934676510895,0.1535934676510895,0.1535934676510895,0.1535934676510895,0.1535934676510895,0.0245407578678556,0.0299561765925338,0.4782765288706864,0.0713519119907722,0.7940481670016842,0.0227019103146078,1.0005183200758196,0.0306873399732475,-0.0019732301854699,-0.0029706456804687,828.0,0.0,0.8653670293579092,0.0459198818955655,0.1203484935363097,0.7305334372171325,0.1022538031015628,0.0052975996247555,0.9776680483870748,0.0467950489014082,100000,30,8,0.1,1.0,0.1,0,7,0.001,1e-06,0.001,1e-07,1.0,1e-08,adamax,0,0.0,disordered,1,0.1547659386756074,0 days 01:50:36.775576,0.001973244764801,2.8626068346250144,2.765770813688202
429,429,429,429,0.4606028844202396,0.4606028844202396,0.4606028844202396,0.4606028844202396,0.4606028844202396,0.4606028844202396,0.4606028844202396,0.4606028844202396,0.2538507544888623,0.1224495787825424,0.1564750687388817,0.208972299113348,0.163553420492108,0.1354684449884493,0.2550224405455551,1.0005505987364822,-0.0018226689128434,-0.0020437222160559,575.0,0.0,0.8606952505477922,0.9805012086622972,0.390219118228752,0.6208502393227161,0.1135888671832358,0.9967570285640566,0.8946976850395578,0.2920623406908523,100000,30,8,0.1,1.0,0.1,0,7,0.001,1e-06,0.001,1e-07,1.0,1e-08,adamax,0,0.0,disordered,1,0.4633260897623081,0 days 01:50:36.775576,0.0018226845849165,2.8288683605474843,2.8686396054821888
430,430,430,430,0.367392478180207,0.367392478180207,0.367392478180207,0.367392478180207,0.367392478180207,0.367392478180207,0.367392478180207,0.367392478180207,0.1882165003200809,1.0001301232145996,0.95589027765867,0.1341275809166505,0.9846545653719996,0.97099136606921,0.1348698719819933,0.1358747993568596,-0.0019348219892292,-0.0023826028450923,438.0,0.0,0.074361974239148,0.7758735334793581,0.9995157093143716,0.1475928570374415,0.8940571106055746,0.8619071253771695,0.2111454491560384,0.183197555349947,100000,30,8,0.1,1.0,0.1,0,7,0.001,1e-06,0.001,1e-07,1.0,1e-08,adamax,0,0.0,disordered,1,0.3680242769497506,0 days 01:50:36.775576,0.0019348232166898,3.0603632563906147,2.785271202633748
431,431,431,431,0.2263129568399526,0.2263129568399526,0.2263129568399526,0.2263129568399526,0.2263129568399526,0.2263129568399526,0.2263129568399526,0.2263129568399526,0.7539177160463865,0.3749598609171816,0.2739282625909576,0.3389450406405482,0.302619948800564,0.0205973602623764,0.1170524847096968,0.2726576041126062,-0.0032956655757763,-0.0034123188861662,4938.0,1.0,0.2008423733888371,0.280720978231278,0.4207873327317154,0.2076104016602467,0.320871791851617,0.5734472061777176,0.5969854144693492,0.9993144961112466,100000,30,8,0.1,1.0,0.1,0,7,0.001,1e-06,0.001,1e-07,1.0,1e-08,adamax,0,0.0,disordered,1,0.2282827285245839,0 days 01:50:36.775576,0.0032957339983298,2.605884755340127,2.522735756539257
432,432,432,432,0.2263129568399526,0.2263129568399526,0.2263129568399526,0.2263129568399526,0.2263129568399526,0.2263129568399526,0.2263129568399526,0.2263129568399526,1.0003721917605477,0.1017491589863278,0.4136996588096624,0.6723324071027815,0.05231720453899,0.0501632018974248,0.0651136028807586,0.0551536151273815,-0.0032335282278511,-0.004520252140254,651.0,0.0,0.1525514997679254,0.8968171322269103,0.2423065908823569,0.2065151825309021,0.8860119661176991,0.572004962279185,0.6969367373958665,0.897523977584852,100000,30,8,0.1,1.0,0.1,0,7,0.001,1e-06,0.001,1e-07,1.0,1e-08,adamax,0,0.0,disordered,1,0.2232515065157863,0 days 01:50:36.775576,0.0032337044103689,2.6380450689661434,2.5911509736189258
433,433,433,433,0.0779441575040493,0.0779441575040493,0.0779441575040493,0.0779441575040493,0.0779441575040493,0.0779441575040493,0.0779441575040493,0.0779441575040493,0.4012421370840839,1.7636595649405706e-06,9.992297110586573e-08,4.44825699712844e-07,0.0175795399189514,0.0016960372324765,4.962486791981493e-07,6.152879270286158e-07,-0.0052585367913835,-0.0076570762593446,8782.0,0.0,0.7649799658359385,0.754446323966763,0.3374111219513116,0.3178896984180053,0.501173647461315,0.3879353284662319,0.1913509870179872,0.7306430733101946,100000,30,8,0.1,1.0,0.1,0,7,0.001,1e-06,0.001,1e-07,1.0,1e-08,adamax,0,0.0,disordered,1,0.0767937210919659,0 days 01:50:36.775576,0.0052586771755561,3.2347997392852523,3.133365239063408
434,434,434,434,0.1586356533508588,0.1586356533508588,0.1586356533508588,0.1586356533508588,0.1586356533508588,0.1586356533508588,0.1586356533508588,0.1586356533508588,0.0661701577568321,1.0005672879231335,0.0204234045935592,0.0204814653480472,0.0203450904498352,0.0202816277828738,0.9479653560906864,0.0211997932455323,-0.0040498154914017,-0.0052364770386184,893.0,0.0,0.7741768460150538,0.9139358213333044,0.6522178256772622,0.5133894875953481,0.3589098389931033,0.4025354437248277,0.8227530542123174,0.7333263922965245,100000,30,8,0.1,1.0,0.1,0,7,0.001,1e-06,0.001,1e-07,1.0,1e-08,adamax,0,0.0,disordered,1,0.1607958556111514,0 days 01:50:36.775576,0.0040499789275099,2.9987196315184996,2.7876186911926966
435,435,435,435,0.3228628202536728,0.3228628202536728,0.3228628202536728,0.3228628202536728,0.3228628202536728,0.3228628202536728,0.3228628202536728,0.3228628202536728,1.0018037403955982,0.5590353802248539,0.1049022317490312,0.1022023454421224,0.126281606527841,0.1022758474539301,0.1044513334170238,0.5129163155029454,-0.0024701370352854,-0.0028197489593392,500.0,0.0,0.1026974214041941,0.5927944703073608,0.8936856558871041,0.8444982045234292,0.3789456371105481,0.8240578907869724,0.8439965035767805,0.6197296454527124,100000,30,8,0.1,1.0,0.1,0,7,0.001,1e-06,0.001,1e-07,1.0,1e-08,adamax,0,0.0,disordered,1,0.3181776469159891,0 days 01:50:36.775576,0.0024702753771715,2.4261291931506093,2.5232080363525142
436,436,436,436,0.1349772330233941,0.1349772330233941,0.1349772330233941,0.1349772330233941,0.1349772330233941,0.1349772330233941,0.1349772330233941,0.1349772330233941,0.0494654357897904,0.181466951336034,1.0007437638145713,0.0186746037913711,0.0180071601606516,0.0311748319712185,0.0414497778266765,0.0563797462046774,-0.0040066566566163,-0.0051475832041833,872.0,0.0,0.8768345329653551,0.145914166227964,0.937057406305842,0.8475292389473765,0.4040773731846082,0.7993302906265415,0.5030733224482142,0.7910662104807297,100000,30,8,0.1,1.0,0.1,0,7,0.001,1e-06,0.001,1e-07,1.0,1e-08,adamax,0,0.0,disordered,1,0.1353619730962338,0 days 01:50:36.775576,0.0040066616647597,3.1448884893318234,2.6933324197734376
437,437,437,437,0.2747120789270809,0.2747120789270809,0.2747120789270809,0.2747120789270809,0.2747120789270809,0.2747120789270809,0.2747120789270809,0.2747120789270809,0.7366577252422385,0.1267582736552827,0.4285141848358842,1.0019679868080411,0.0766924304370038,0.9840824052526348,0.0744972292532588,0.0745072533032736,-0.0027193005109754,-0.0035989137059052,565.0,0.0,0.3254727221014234,0.6560611741909652,0.0698488979961843,0.9809386685044856,0.7142121376511152,0.9059759680177346,0.6580057516563411,0.6802513935552122,100000,30,8,0.1,1.0,0.1,0,7,0.001,1e-06,0.001,1e-07,1.0,1e-08,adamax,0,0.0,disordered,1,0.2781815584214616,0 days 01:50:36.775576,0.0027194027706322,2.7711539487039043,2.7005482684002
438,438,438,438,0.2747120789270809,0.2747120789270809,0.2747120789270809,0.2747120789270809,0.2747120789270809,0.2747120789270809,0.2747120789270809,0.2747120789270809,0.3042089270676983,0.1998273082173182,0.0493259854278263,0.0568527777241712,0.7695762757519975,0.0401642881633469,1.000043227713913,0.0901652237449931,-0.0025382526642002,-0.0031188637721858,863.0,0.0,0.9007728856788634,0.9960818740771136,0.3720075897920343,0.2961473984048516,0.7517433952079304,0.4817295863675557,0.9995033981185528,0.5622808155658906,100000,30,8,0.1,1.0,0.1,0,7,0.001,1e-06,0.001,1e-07,1.0,1e-08,adamax,0,0.0,disordered,1,0.2767454648920987,0 days 01:50:36.775576,0.0025382753261864,2.919295522168592,2.9173501802772432
439,439,439,439,0.2747120789270809,0.2747120789270809,0.2747120789270809,0.2747120789270809,0.2747120789270809,0.2747120789270809,0.2747120789270809,0.2747120789270809,0.5437224737167778,0.4964418294357292,1.0001217531943971,0.0791208059186239,0.0755067276845846,0.9932799367182946,0.0742872776859475,0.0751366558889887,-0.0027453035409036,-0.0037184523220298,565.0,0.0,0.1084108624556785,0.0439609394451656,0.7501179875099128,0.3459297602737141,0.2769296085274552,0.6757370994097468,0.2413182925249379,0.3740589488102697,100000,30,8,0.1,1.0,0.1,0,7,0.001,1e-06,0.001,1e-07,1.0,1e-08,adamax,0,0.0,disordered,1,0.2743044834807617,0 days 01:50:36.775576,0.002745304721013,2.7607229431104194,2.7519163144494296
440,440,440,440,0.333461801578636,0.333461801578636,0.333461801578636,0.333461801578636,0.333461801578636,0.333461801578636,0.333461801578636,0.333461801578636,0.2354603340076085,0.6520963934140145,0.4860659929717924,1.0003679382710826,0.1066645236664048,0.8687949119205699,0.3573109115962562,0.1324110377940335,-0.0022464169254488,-0.0024315906696966,495.0,0.0,0.3790666167503335,0.7797839081968443,0.7197501425464129,0.9206783129372238,0.2792377484538071,0.9961073472526646,0.5419978118075405,0.3625027264274765,100000,30,8,0.1,1.0,0.1,0,7,0.001,1e-06,0.001,1e-07,1.0,1e-08,adamax,0,0.0,disordered,1,0.3358971409583132,0 days 01:50:36.775576,0.0022464478435283,2.962711061469219,2.6684163689062346
441,441,441,441,0.1925613572129196,0.1925613572129196,0.1925613572129196,0.1925613572129196,0.1925613572129196,0.1925613572129196,0.1925613572129196,0.1925613572129196,0.3690975255610436,1.5080131699093898e-07,0.8027259969917973,2.6120049984364937e-06,0.4092926523257268,3.250227697574939e-06,0.1401121289207542,9.999847754914453e-08,-0.0034891866397572,-0.0041446406963084,37728.0,0.0,0.9411183117264872,0.1771592667526775,0.9609075496764068,0.0219261810379189,0.1596152369082298,0.5410236219284826,0.2705640758574288,0.7291979815205126,100000,30,8,0.1,1.0,0.1,0,7,0.001,1e-06,0.001,1e-07,1.0,1e-08,adamax,0,0.0,disordered,1,0.1903435869660613,0 days 01:50:36.775576,0.0034892977984314,3.251217475397552,3.055455376394356
442,442,442,442,0.1925613572129196,0.1925613572129196,0.1925613572129196,0.1925613572129196,0.1925613572129196,0.1925613572129196,0.1925613572129196,0.1925613572129196,0.4686428698102413,0.4868692879889704,0.4896738807379142,0.9046622262200842,0.075747110264003,5.62498098235816e-05,0.3524988281383914,4.132528357022675e-06,-0.0031175330767904,-0.0034055565304863,9619.0,1.0,0.5922223677925774,0.2503032281323029,0.4506949118350623,0.0152389491249703,0.9058641925026176,0.0510771506490037,0.3187746718901159,0.906493446160361,100000,30,8,0.1,1.0,0.1,0,7,0.001,1e-06,0.001,1e-07,1.0,1e-08,adamax,0,0.0,disordered,1,0.1955971626509347,0 days 01:50:36.775576,0.0031177049935304,2.967600864701141,3.021005785368919
443,443,443,443,0.2121550171362449,0.2121550171362449,0.2121550171362449,0.2121550171362449,0.2121550171362449,0.2121550171362449,0.2121550171362449,0.2121550171362449,0.2181154833911729,0.0501946418667726,0.8948076051830582,1.001218709458316,0.039877622761789,0.0430743089780677,0.3692028587291549,0.0683749619206054,-0.0033107935671016,-0.003595640874496,737.0,0.0,0.5180160353870897,0.5450349779852018,0.6495278850206792,0.6994459645029049,0.3226159556358089,0.1183689880690106,0.6198104917329416,0.4700939253623446,100000,30,8,0.1,1.0,0.1,0,7,0.001,1e-06,0.001,1e-07,1.0,1e-08,adamax,0,0.0,disordered,1,0.2132314979871559,0 days 01:50:36.775576,0.0033108130251595,2.960432352113858,2.614034775048493
444,444,444,444,0.1487115462808952,0.1487115462808952,0.1487115462808952,0.1487115462808952,0.1487115462808952,0.1487115462808952,0.1487115462808952,0.1487115462808952,0.114302607147479,0.9937160724217936,0.3588020014996675,0.0591616428727303,0.0425328222996978,1.0000931214193254,0.0471563541122734,0.0274394549712799,-0.0027770578762567,-0.0037714425344879,831.0,0.0,0.6111552889066911,0.9565489554251436,0.5696480438757227,0.196540756699003,0.3369938093317558,0.8787703268969127,0.2609786532194774,0.3049960631597719,100000,30,8,0.1,1.0,0.1,0,7,0.001,1e-06,0.001,1e-07,1.0,1e-08,adamax,0,0.0,disordered,1,0.1484595427452259,0 days 01:50:36.775576,0.0027770585744386,2.7095242463115623,2.6648484059941935
445,445,445,445,0.2191196687578146,0.2191196687578146,0.2191196687578146,0.2191196687578146,0.2191196687578146,0.2191196687578146,0.2191196687578146,0.2191196687578146,0.2036053816939037,0.0491762842035624,0.0481777323508318,1.002014277198757,0.742962465266063,0.4500660142442779,0.0480039910286669,0.0477333949956113,-0.0030988041250927,-0.0038406562081522,666.0,0.0,0.9431770493886504,0.4790783587164211,0.6846595481514158,0.9334668524075788,0.857403718029288,0.0220751659859762,0.5011079534758528,0.6839860461745928,100000,30,8,0.1,1.0,0.1,0,7,0.001,1e-06,0.001,1e-07,1.0,1e-08,adamax,0,0.0,disordered,1,0.2190173728595197,0 days 01:50:36.775576,0.00309880436183,3.2839768736440114,2.904092310597922
446,446,446,446,0.2263129568399526,0.2263129568399526,0.2263129568399526,0.2263129568399526,0.2263129568399526,0.2263129568399526,0.2263129568399526,0.2263129568399526,1.0006457039803167,0.7625881846998938,0.3055477599845484,0.0919514723115208,0.1060114146184222,0.0721706778820809,0.6375193444168353,0.0571276974347309,-0.0024427706038111,-0.0029039220623211,677.0,0.0,0.1379182317639302,0.1785523870129954,0.775264430584093,0.7381296277212435,0.9826254178463568,0.05672478857114,0.0504916323493598,0.9890957275595484,100000,30,8,0.1,1.0,0.1,0,7,0.001,1e-06,0.001,1e-07,1.0,1e-08,adamax,0,0.0,disordered,1,0.2228382980875202,0 days 01:50:36.775576,0.0024429155142109,2.793540202427569,2.8902938330164303
447,447,447,447,0.2191196687578146,0.2191196687578146,0.2191196687578146,0.2191196687578146,0.2191196687578146,0.2191196687578146,0.2191196687578146,0.2191196687578146,0.2278175543075174,0.6643885420913406,0.0796774188467407,0.0558864104463581,0.0482055115231176,1.000940518271181,0.0492926995633996,0.432651773259008,-0.0029666986894324,-0.0032939333465951,665.0,0.0,0.7048947848948418,0.0976379162663055,0.6622569556116973,0.6466549941964531,0.6861270467187739,0.8295881718115148,0.7305496771064881,0.5520795230350595,100000,30,8,0.1,1.0,0.1,0,7,0.001,1e-06,0.001,1e-07,1.0,1e-08,adamax,0,0.0,disordered,1,0.2200301703964417,0 days 01:50:36.775576,0.0029667083278813,2.5268507584144833,2.5450217654899605
448,448,448,448,0.2493409369951876,0.2493409369951876,0.2493409369951876,0.2493409369951876,0.2493409369951876,0.2493409369951876,0.2493409369951876,0.2493409369951876,0.4766516095935681,0.4991872304955462,0.902686156576196,0.2046497939891248,0.3803273946507465,3.7359797875583697e-07,9.999462613943165e-08,0.2368012005111969,-0.0029820437780759,-0.0033201094797021,23966.0,0.0,0.3759810318474074,0.198179100436036,0.984206169145878,0.447232072539738,0.271266944019332,0.6508702694567878,0.6749796966982027,0.5947421721631754,100000,30,8,0.1,1.0,0.1,0,7,0.001,1e-06,0.001,1e-07,1.0,1e-08,adamax,0,0.0,disordered,1,0.2454822099331226,0 days 01:50:36.775576,0.0029821949729291,2.5416913814592292,2.7550453091373566
449,449,449,449,0.1925613572129196,0.1925613572129196,0.1925613572129196,0.1925613572129196,0.1925613572129196,0.1925613572129196,0.1925613572129196,0.1925613572129196,0.3300809046915106,1.538585046338677e-06,6.44671418367954e-07,6.901434074869454e-07,0.0052010394459782,0.1497629333189477,0.1633065304212133,0.4031267747686258,-0.0031019822780389,-0.003457459003779,9928.0,1.0,0.8777561350711153,0.6071992001119455,0.3818902417841148,0.0931114700580979,0.1206871372677993,0.4937852451071219,0.2610920573458406,0.143675143319628,100000,30,8,0.1,1.0,0.1,0,7,0.001,1e-06,0.001,1e-07,1.0,1e-08,adamax,0,0.0,disordered,1,0.1952073042058693,0 days 01:50:36.775576,0.0031020970507222,2.6469502532190776,2.6629679642578368
450,450,450,450,0.31260072430687,0.31260072430687,0.31260072430687,0.31260072430687,0.31260072430687,0.31260072430687,0.31260072430687,0.31260072430687,1.541257453453736e-05,9.245203834115013e-06,0.1792936896835361,0.7512651206162642,2.750333202480481e-05,0.5915411872005547,0.2187155418064625,0.4289265291841799,-0.0023461536889925,-0.0024824162968193,8471.0,1.0,0.830912931619557,0.4542667875837952,0.7284966939519985,0.8513856976782915,0.0540585049383388,0.9562660513346144,0.5540801259455461,0.3298529147487226,100000,30,8,0.1,1.0,0.1,0,7,0.001,1e-06,0.001,1e-07,1.0,1e-08,adamax,0,0.0,disordered,1,0.3160403536589748,0 days 01:50:36.775576,0.0023462282008775,2.9139981005117996,2.736345856166736
451,451,451,451,0.1225113576604117,0.1225113576604117,0.1225113576604117,0.1225113576604117,0.1225113576604117,0.1225113576604117,0.1225113576604117,0.1225113576604117,0.4608426904242834,0.5004475870763321,0.2671729311106559,2.514980964518322e-07,0.0823279228487269,1.0455541598415757e-07,1.3483206853412916e-07,4.881870642824025e-07,-0.004607601579883,-0.0058037790917204,11194.0,1.0,0.4860086620167514,0.2233575742389943,0.3322550188258053,0.6095934759945512,0.1934417874985552,0.4503599800352695,0.2834719266138154,0.7794971887695216,100000,30,8,0.1,1.0,0.1,0,7,0.001,1e-06,0.001,1e-07,1.0,1e-08,adamax,0,0.0,disordered,1,0.1220532479629227,0 days 01:50:36.775576,0.0046076159951861,2.9790946251979276,2.85080019601753
452,452,452,452,0.1747772774464679,0.1747772774464679,0.1747772774464679,0.1747772774464679,0.1747772774464679,0.1747772774464679,0.1747772774464679,0.1747772774464679,1.0007521324917428,0.0573159799461576,0.3554785585880941,0.0355639924368486,0.0329642061708524,0.0441194196027371,0.0480643396029478,0.0371725986400221,-0.0040188871774569,-0.0055681910444408,854.0,0.0,0.2400318748230032,0.7294470601598501,0.0132393839244975,0.4385159072666922,0.4734987759415516,0.406168946043238,0.5189027103983602,0.8452300910015517,100000,30,8,0.1,1.0,0.1,0,7,0.001,1e-06,0.001,1e-07,1.0,1e-08,adamax,0,0.0,disordered,1,0.1720377706956119,0 days 01:50:36.775576,0.0040191618937394,3.117758554724726,2.6834813350088518
453,453,453,453,0.4317879727332017,0.4317879727332017,0.4317879727332017,0.4317879727332017,0.4317879727332017,0.4317879727332017,0.4317879727332017,0.4317879727332017,0.2191729330862655,0.5735161157328289,0.3440212877303594,0.1777865319378598,0.2988136921200175,0.138454562311391,1.0014691936023692,0.3704405463713138,-0.0019022796400162,-0.0021055928986873,531.0,0.0,0.5229457637404864,0.8171458538819233,0.7296668340702964,0.1960980413704525,0.2983363770931467,0.1577054943448939,0.7788070150730986,0.0963064736583216,100000,30,8,0.1,1.0,0.1,0,7,0.001,1e-06,0.001,1e-07,1.0,1e-08,adamax,0,0.0,disordered,1,0.427082017879631,0 days 01:50:36.775576,0.0019023267159564,2.743676130816336,2.777597308195582
454,454,454,454,0.2263129568399526,0.2263129568399526,0.2263129568399526,0.2263129568399526,0.2263129568399526,0.2263129568399526,0.2263129568399526,0.2263129568399526,1.633484588107683e-06,1.8045518651479642e-07,1.30526440236511e-07,9.99806252358696e-08,4.637787318232566e-07,4.501886588325507e-07,3.553275333354389e-06,0.7802194782903148,-0.0028946145658176,-0.0047590932539975,7289.0,0.0,0.8564363688241255,0.5549408503937954,0.430836957458087,0.5628663925544286,0.5377616424280137,0.6195796401529267,0.5425353416111438,0.306024249914103,100000,30,8,0.1,1.0,0.1,0,7,0.001,1e-06,0.001,1e-07,1.0,1e-08,adamax,0,0.0,disordered,1,0.2239687039792622,0 days 01:50:36.775576,0.0028946742917954,2.4493859301655596,2.5639777454201034
455,455,455,455,0.1076624177045491,0.1076624177045491,0.1076624177045491,0.1076624177045491,0.1076624177045491,0.1076624177045491,0.1076624177045491,0.1076624177045491,0.2279242523943093,0.4483139862313595,0.1221133632899189,1.002099178836671,0.0019346911681409,0.0010781310497594,0.0156327149117626,0.0031822198325355,-0.0046860352165044,-0.0054003680747811,2535.0,0.0,0.8986153874068937,0.616815155645467,0.9954409266140332,0.1305664684177212,0.9413896798372886,0.6257868077855991,0.6789169189102235,0.9412139376410446,100000,30,8,0.1,1.0,0.1,0,7,0.001,1e-06,0.001,1e-07,1.0,1e-08,adamax,0,0.0,disordered,1,0.1066539859353714,0 days 01:50:36.775576,0.0046860958012219,2.522310919826462,2.6299340309602175
456,456,456,456,0.2191196687578146,0.2191196687578146,0.2191196687578146,0.2191196687578146,0.2191196687578146,0.2191196687578146,0.2191196687578146,0.2191196687578146,1.0000141323190528,0.554833126920397,0.0257108213822769,0.0294572590552262,0.0833428487932834,0.08442414673734,0.4409802739541247,0.0398618875409183,-0.0033396402989569,-0.0039608717945786,1008.0,0.0,0.0624637916473289,0.1890294281358702,0.5706729312589813,0.2978662262765116,0.0164398885199489,0.2912488115415481,0.6906224920438333,0.6824747546512389,100000,30,8,0.1,1.0,0.1,0,7,0.001,1e-06,0.001,1e-07,1.0,1e-08,adamax,0,0.0,disordered,1,0.2173912414713346,0 days 01:50:36.775576,0.0033396969244056,2.868834213594648,2.637005350726525
457,457,457,457,0.4606028844202396,0.4606028844202396,0.4606028844202396,0.4606028844202396,0.4606028844202396,0.4606028844202396,0.4606028844202396,0.4606028844202396,0.3805815693773396,0.2177260630484105,1.0005914347191402,0.8628901833633611,0.6747608397347308,0.9943862485842548,0.2335058795921776,0.3713132977737564,-0.001779113167358,-0.001903599769191,340.0,0.0,0.0243473179975725,0.3233772157689207,0.8570896250639003,0.6527474104669012,0.6191804671224441,0.97377324147106,0.3286767579782848,0.0832384027838331,100000,30,8,0.1,1.0,0.1,0,7,0.001,1e-06,0.001,1e-07,1.0,1e-08,adamax,0,0.0,disordered,1,0.4589381871635812,0 days 01:50:36.775576,0.0017791195052468,2.8682101482249793,2.691394700183221
458,458,458,458,0.4180637241455752,0.4180637241455752,0.4180637241455752,0.4180637241455752,0.4180637241455752,0.4180637241455752,0.4180637241455752,0.4180637241455752,0.2489648605794842,0.1735549391722683,0.1738286612050836,1.000327398660921,0.1746135021806293,0.2044993582034893,0.3599077936461736,0.6843315043830562,-0.0018658429749818,-0.0020586868640924,381.0,0.0,0.6200275861014232,0.6401335363741893,0.5480909294992627,0.9544015939487656,0.6804865521266139,0.0678019738405787,0.6476396622361511,0.0664872246066922,100000,30,8,0.1,1.0,0.1,0,7,0.001,1e-06,0.001,1e-07,1.0,1e-08,adamax,0,0.0,disordered,1,0.4166882319129888,0 days 01:50:36.775576,0.001865846512205,2.630796566846149,2.694477820427827
459,459,459,459,0.0359013037700706,0.0359013037700706,0.0359013037700706,0.0359013037700706,0.0359013037700706,0.0359013037700706,0.0359013037700706,0.0359013037700706,0.2496931632248537,1.53907029619001e-06,0.1117222086005416,5.859679987949324e-07,9.99585016048284e-08,1.0951885217345536e-07,1.571026589329965e-07,2.412836700969784e-07,-0.0072187421129243,-0.0101891591059237,9446.0,0.0,0.5704321719943116,0.5026659264789222,0.0028872992005247,0.1965175663336678,0.4185439502633219,0.3193685561421232,0.1329217208895931,0.6168338315513925,100000,30,8,0.1,1.0,0.1,0,7,0.001,1e-06,0.001,1e-07,1.0,1e-08,adamax,0,0.0,disordered,1,0.0356143504296473,0 days 01:50:36.775576,0.0072187896130482,2.7217073172124313,2.8695977366533225
460,460,460,460,0.0621709028616382,0.0621709028616382,0.0621709028616382,0.0621709028616382,0.0621709028616382,0.0621709028616382,0.0621709028616382,0.0621709028616382,0.0038766926415633,0.017488894348761,0.0043190830553533,0.03865006940428,0.2294228858332233,0.0072473703307983,1.0000917922069577,0.0038723701743865,-0.0053295149131652,-0.0066518410310316,1229.0,0.0,0.943238717728384,0.039104284294701,0.770642093358219,0.3530056890674251,0.2715969442479642,0.7938128323488172,0.9316915339620816,0.9816024369131277,100000,30,8,0.1,1.0,0.1,0,7,0.001,1e-06,0.001,1e-07,1.0,1e-08,adamax,0,0.0,disordered,1,0.0612546920528976,0 days 01:50:36.775576,0.0053296493054603,3.743888116307294,3.491138431461486
461,461,461,461,0.1225113576604117,0.1225113576604117,0.1225113576604117,0.1225113576604117,0.1225113576604117,0.1225113576604117,0.1225113576604117,0.1225113576604117,6.700676936949971e-06,4.104638758165156e-07,9.993045226329101e-08,2.5434159460736145e-06,1.9545241698901884e-06,2.3052689354146563e-06,0.1416006235242879,0.3119707946149975,-0.0041202208016171,-0.0058237283490094,7014.0,0.0,0.9331484537746048,0.1245746193988084,0.0112939080882549,0.7475602706104801,0.7640568991220532,0.1490011188859666,0.5727014824881643,0.6440931339590131,100000,30,8,0.1,1.0,0.1,0,7,0.001,1e-06,0.001,1e-07,1.0,1e-08,adamax,0,0.0,disordered,1,0.1206924590251789,0 days 01:50:36.775576,0.0041203891713565,2.6227185399889685,2.977940801192093
462,462,462,462,0.1148471547840287,0.1148471547840287,0.1148471547840287,0.1148471547840287,0.1148471547840287,0.1148471547840287,0.1148471547840287,0.1148471547840287,0.2837110632702228,0.3713955758552145,0.0095032577480295,3.268852233047073e-07,0.0192608197721592,9.993376899076245e-08,1.6804774344489396e-07,0.2079342523022655,-0.0048999573800602,-0.0055000284349415,9982.0,0.0,0.3824474095003376,0.1690773663209991,0.3398999655537181,0.2816164289292787,0.0076791210226125,0.2757122259729295,0.2486359202264328,0.6756381518438787,100000,30,8,0.1,1.0,0.1,0,7,0.001,1e-06,0.001,1e-07,1.0,1e-08,adamax,0,0.0,disordered,1,0.1151986465559055,0 days 01:50:36.775576,0.0048999656632052,2.622076712368133,2.831999903641999
463,463,463,463,0.2414157116103016,0.2414157116103016,0.2414157116103016,0.2414157116103016,0.2414157116103016,0.2414157116103016,0.2414157116103016,0.2414157116103016,0.3601359262693981,0.0623557974416663,0.0670737065575064,0.0669569636258272,0.0658023406218804,0.1021278343723889,1.0000641558308163,0.0575594301478257,-0.0031894621520363,-0.0037363975068511,630.0,0.0,0.6373724969914955,0.6756248000046686,0.29298127280873,0.594573782356606,0.1204389932529523,0.7645327467875227,0.939942823405704,0.7650859415568515,100000,30,8,0.1,1.0,0.1,0,7,0.001,1e-06,0.001,1e-07,1.0,1e-08,adamax,0,0.0,disordered,1,0.2388653511440542,0 days 01:50:36.775576,0.0031895580322521,2.8157620710341145,2.808434387864184
464,464,464,464,0.0730680395052949,0.0730680395052949,0.0730680395052949,0.0730680395052949,0.0730680395052949,0.0730680395052949,0.0730680395052949,0.0730680395052949,0.3430238951045382,0.2625715772705382,3.040136121471403e-07,0.0265149230968473,0.0526447816247321,9.997775795732377e-08,2.912421069844412e-07,1.946616763599916e-07,-0.0057541303721812,-0.0076548906891585,11825.0,0.0,0.7313715691484668,0.5717709554015099,0.7625380508868862,0.4641393591113667,0.257575102546457,0.7786558664111833,0.5170059703423491,0.9251620988818609,100000,30,8,0.1,1.0,0.1,0,7,0.001,1e-06,0.001,1e-07,1.0,1e-08,adamax,0,0.0,disordered,1,0.0725054645446562,0 days 01:50:36.775576,0.0057541940189076,2.7445663556540696,2.5771950655372544
465,465,465,465,0.293044697697214,0.293044697697214,0.293044697697214,0.293044697697214,0.293044697697214,0.293044697697214,0.293044697697214,0.293044697697214,0.2188729415818735,0.0871509452876676,0.0865700445676432,0.0852397325193725,0.9773727023974842,0.0852497584200083,1.0005406214047066,0.0883833328688021,-0.0027437884616911,-0.0035490619284143,537.0,0.0,0.5867070829368026,0.533994533000577,0.0388040032213391,0.221140534295108,0.7186613988532663,0.4388809807656246,0.9257056476135832,0.615186859144445,100000,30,8,0.1,1.0,0.1,0,7,0.001,1e-06,0.001,1e-07,1.0,1e-08,adamax,0,0.0,disordered,1,0.296401389115647,0 days 01:50:36.775576,0.0027438835874775,3.193077204481668,2.881320327779036
466,466,466,466,0.2054117348353062,0.2054117348353062,0.2054117348353062,0.2054117348353062,0.2054117348353062,0.2054117348353062,0.2054117348353062,0.2054117348353062,0.5985978001425756,0.3763635901978994,0.3340234536959364,0.3025961239496879,8.142324601097875e-06,2.180669466640826e-05,5.2840246350777545e-06,0.3857989341937898,-0.00342014548937,-0.0036835714822978,9131.0,1.0,0.2639157669577461,0.2450934880507677,0.2915311257963363,0.2171019367945525,0.5316124247090717,0.0846068115191674,0.5784091718602687,0.4289681518042565,100000,30,8,0.1,1.0,0.1,0,7,0.001,1e-06,0.001,1e-07,1.0,1e-08,adamax,0,0.0,disordered,1,0.2035611215455507,0 days 01:50:36.775576,0.0034202069370826,2.469534823901558,2.5318159039727366
467,467,467,467,0.0464873370802025,0.0464873370802025,0.0464873370802025,0.0464873370802025,0.0464873370802025,0.0464873370802025,0.0464873370802025,0.0464873370802025,0.158578560472042,1.898319635039856e-07,9.999875526791673e-08,1.0369103576943457e-07,0.0353229699882406,0.0953735017791843,2.865807467847255e-07,2.167638334652626e-07,-0.0065603287432031,-0.0087952192887468,10459.0,0.0,0.8788343151379411,0.8907468797284301,0.2971523946037819,0.1908006677512463,0.4219832755495095,0.506328174724403,0.7109783252439936,0.9707250807177435,100000,30,8,0.1,1.0,0.1,0,7,0.001,1e-06,0.001,1e-07,1.0,1e-08,adamax,0,0.0,disordered,1,0.0462812318395042,0 days 01:50:36.775576,0.0065603509315868,3.504674923108465,3.189275622771193
468,468,468,468,0.3557150206821381,0.3557150206821381,0.3557150206821381,0.3557150206821381,0.3557150206821381,0.3557150206821381,0.3557150206821381,0.3557150206821381,0.0096895108723836,0.0105929272486966,0.0741194629936489,0.046060528295591,0.3077743517312467,0.0211321229885237,0.053702904546501,1.0000221997457124,-0.002096533417927,-0.0024360182257598,2175.0,0.0,0.8949805686934579,0.3968997682447035,0.5490804140888205,0.5811396785133526,0.8791075936683179,0.105558755383498,0.8157310583955725,0.2625821000898687,100000,30,8,0.1,1.0,0.1,0,7,0.001,1e-06,0.001,1e-07,1.0,1e-08,adamax,0,0.0,disordered,1,0.3595182121190399,0 days 01:50:36.775576,0.0020965836109221,2.9394456219686433,2.8311993949487184
469,469,469,469,0.3794532847236935,0.3794532847236935,0.3794532847236935,0.3794532847236935,0.3794532847236935,0.3794532847236935,0.3794532847236935,0.3794532847236935,0.7643773963043865,1.0002280257995748,0.1018839252594016,0.9524849864710668,0.1183940547498576,0.1134515819747046,0.4375251649472623,0.3792938072234872,-0.0022297131801191,-0.0024034640466265,585.0,0.0,0.107500107434456,0.9801581869007052,0.3472983694743665,0.7478456638335392,0.3634214901784441,0.2906776165045854,0.5433210652185734,0.2329467089404197,100000,30,8,0.1,1.0,0.1,0,7,0.001,1e-06,0.001,1e-07,1.0,1e-08,adamax,0,0.0,disordered,1,0.3784914402257113,0 days 01:50:36.775576,0.0022297189322061,2.633245300789097,2.725064742415495
470,470,470,470,0.293044697697214,0.293044697697214,0.293044697697214,0.293044697697214,0.293044697697214,0.293044697697214,0.293044697697214,0.293044697697214,9.999882727593845e-08,1.1553825082488526e-07,0.934868376899818,3.258177951449856e-06,1.0724235130982664e-06,0.1553809961909411,0.3920886262525431,0.3258933642411921,-0.0024907991755673,-0.0027175378504653,23418.0,0.0,0.2444241497926114,0.0508620963129747,0.7146135600942009,0.9213557025394892,0.0049391371660167,0.2883433059584358,0.8698080901838249,0.6009611086345273,100000,30,8,0.1,1.0,0.1,0,7,0.001,1e-06,0.001,1e-07,1.0,1e-08,adamax,0,0.0,disordered,1,0.2950881560166533,0 days 01:50:36.775576,0.002490827349358,2.9245580282481773,2.845149151507088
471,471,471,471,0.2054117348353062,0.2054117348353062,0.2054117348353062,0.2054117348353062,0.2054117348353062,0.2054117348353062,0.2054117348353062,0.2054117348353062,0.6537753453513978,0.1545553636664134,0.1499271663987959,0.2648780864192808,0.2459120301613015,0.3499979607814387,0.1436264839859028,0.0954777384821991,-0.0035512217223833,-0.0036891076653602,2167.0,1.0,0.1285723646794975,0.2403953491724734,0.2074476020330385,0.0338475812205937,0.1285958813186927,0.1270902542951092,0.5037976427016844,0.768247250025672,100000,30,8,0.1,1.0,0.1,0,7,0.001,1e-06,0.001,1e-07,1.0,1e-08,adamax,0,0.0,disordered,1,0.2023757174150234,0 days 01:50:36.775576,0.0035514170161506,2.7257580691102055,2.6229413673117326
472,472,472,472,0.31260072430687,0.31260072430687,0.31260072430687,0.31260072430687,0.31260072430687,0.31260072430687,0.31260072430687,0.31260072430687,0.4587505677538098,0.6181984619551641,0.2285444610570408,0.9716988786766648,0.0826462313102733,0.0916060194792036,1.000493847178627,0.1280808835116219,-0.0020165672867356,-0.0024380751601505,587.0,0.0,0.5191068701186071,0.6562395971013444,0.8837135889312623,0.7808245670731921,0.0997593227772318,0.0268519347524667,0.9298496661777996,0.2607789471225706,100000,30,8,0.1,1.0,0.1,0,7,0.001,1e-06,0.001,1e-07,1.0,1e-08,adamax,0,0.0,disordered,1,0.3105772234020149,0 days 01:50:36.775576,0.0020165806140897,2.900001931055626,2.7333319020343985
473,473,473,473,0.2659804395593755,0.2659804395593755,0.2659804395593755,0.2659804395593755,0.2659804395593755,0.2659804395593755,0.2659804395593755,0.2659804395593755,0.2009245291797411,0.0673846824964261,0.3072108113375058,0.7982392235106133,0.0810183318919771,1.001816332274942,0.0783844286700898,0.1555893705028126,-0.0021419886899906,-0.0027127282589198,597.0,0.0,0.8632480873818676,0.1744944101266712,0.8793302462090203,0.4403183439820408,0.0289125951170617,0.9890317328695384,0.1168715186346838,0.0236418087236619,100000,30,8,0.1,1.0,0.1,0,7,0.001,1e-06,0.001,1e-07,1.0,1e-08,adamax,0,0.0,disordered,1,0.2655550663384655,0 days 01:50:36.775576,0.0021419895912848,2.749404243978232,2.7244579307001304
474,474,474,474,0.0621709028616382,0.0621709028616382,0.0621709028616382,0.0621709028616382,0.0621709028616382,0.0621709028616382,0.0621709028616382,0.0621709028616382,5.57954015507241e-06,3.111965021426668e-07,9.99288686798445e-08,2.0479649303910816e-07,0.0461178223645024,2.8674031610156684e-07,0.0082349618917912,0.1024360538687288,-0.0054807511872193,-0.0063645584405015,7957.0,0.0,0.8008624272421115,0.3261165967064418,0.0316929200137269,0.0121385674625584,0.4070895425927446,0.105375854119849,0.3521693916782696,0.6865019747544017,100000,30,8,0.1,1.0,0.1,0,7,0.001,1e-06,0.001,1e-07,1.0,1e-08,adamax,0,0.0,disordered,1,0.0631098188340938,0 days 01:50:36.775576,0.0054808586567715,3.8059815581159007,3.6921214423361097
475,475,475,475,0.2575263326771198,0.2575263326771198,0.2575263326771198,0.2575263326771198,0.2575263326771198,0.2575263326771198,0.2575263326771198,0.2575263326771198,7.702218021394612e-07,0.1041677036582278,2.748572005909908e-06,0.1060863845792657,1.1846661073380865e-07,9.99286500557058e-08,2.490659136595416e-07,0.7920452795897289,-0.002727580771141,-0.0036323933941618,10091.0,0.0,0.9509689675529264,0.2934854849756927,0.5755475392440509,0.7040855421249729,0.7943149992989771,0.4936219984790373,0.7911589406853283,0.4617548400991511,100000,30,8,0.1,1.0,0.1,0,7,0.001,1e-06,0.001,1e-07,1.0,1e-08,adamax,0,0.0,disordered,1,0.2582604747832976,0 days 01:50:36.775576,0.0027275853020841,2.828043061674582,2.7844852553996255
476,476,476,476,0.4180637241455752,0.4180637241455752,0.4180637241455752,0.4180637241455752,0.4180637241455752,0.4180637241455752,0.4180637241455752,0.4180637241455752,0.2384173927532176,0.1857978688117017,0.1745015781888618,1.000193834923052,0.1787566691275359,0.1748761030579258,0.1886192865722949,0.8310397015146408,-0.0020898256102177,-0.002330989548327,381.0,0.0,0.7432089431913926,0.6344691439265372,0.4645925630309526,0.8703766258825952,0.312597817301891,0.3593160199082607,0.4827486753456478,0.0612250360142219,100000,30,8,0.1,1.0,0.1,0,7,0.001,1e-06,0.001,1e-07,1.0,1e-08,adamax,0,0.0,disordered,1,0.4160247732845039,0 days 01:50:36.775576,0.0020898408293904,2.707631458693359,2.6788244421908582
477,477,477,477,0.2575263326771198,0.2575263326771198,0.2575263326771198,0.2575263326771198,0.2575263326771198,0.2575263326771198,0.2575263326771198,0.2575263326771198,0.0834645819027543,0.2210615677328422,0.8447751669687339,0.0640100291160107,1.0016658284381406,0.1000105357125464,0.4287068310493478,0.0926942885898226,-0.0028585874983222,-0.0031419995999723,635.0,0.0,0.5916532212902839,0.0242044295789416,0.8663353398113628,0.3484932886953423,0.8881877051877,0.1493807642649662,0.71624829296369,0.5855134953816346,100000,30,8,0.1,1.0,0.1,0,7,0.001,1e-06,0.001,1e-07,1.0,1e-08,adamax,0,0.0,disordered,1,0.2564699514579799,0 days 01:50:36.775576,0.0028585998835278,3.2900834157045025,2.8738533238896795
478,478,478,478,0.2837303616516209,0.2837303616516209,0.2837303616516209,0.2837303616516209,0.2837303616516209,0.2837303616516209,0.2837303616516209,0.2837303616516209,0.0940551161405384,1.0001112424864012,0.1383109218021811,0.994561252248302,0.0792311457802551,0.0793825930020255,0.9491820835989964,0.0832738472281434,-0.0026450177713354,-0.0033025857088154,554.0,0.0,0.5668054991174719,0.9065448576640236,0.0867575888476853,0.9177427468321386,0.2804969241390942,0.2538249548089413,0.6846903811960501,0.4131886612712611,100000,30,8,0.1,1.0,0.1,0,7,0.001,1e-06,0.001,1e-07,1.0,1e-08,adamax,0,0.0,disordered,1,0.2853988798436077,0 days 01:50:36.775576,0.0026450395625603,3.2365429925904485,2.8581686494010903
479,479,479,479,0.2121550171362449,0.2121550171362449,0.2121550171362449,0.2121550171362449,0.2121550171362449,0.2121550171362449,0.2121550171362449,0.2121550171362449,1.0004418213353548,0.2316352200624772,0.2369286824092388,0.0933593711782875,0.2185913574441124,0.4299220135689852,0.0590550474367434,0.0487481149438547,-0.0033115012313533,-0.0039304481309635,768.0,0.0,0.1340955673338829,0.5580343537526458,0.8759672619772926,0.0088415666662903,0.4024341209001952,0.1791553579684491,0.7086352018966858,0.7871031607789767,100000,30,8,0.1,1.0,0.1,0,7,0.001,1e-06,0.001,1e-07,1.0,1e-08,adamax,0,0.0,disordered,1,0.208822706551408,0 days 01:50:36.775576,0.0033117313418654,2.8436467503825984,2.791437091281282
480,480,480,480,0.2659804395593755,0.2659804395593755,0.2659804395593755,0.2659804395593755,0.2659804395593755,0.2659804395593755,0.2659804395593755,0.2659804395593755,1.001219795368933,0.2888706434816469,0.1281219549364935,0.0786542929345606,0.1027179524103063,0.1677813439080826,0.1308236810241824,0.345239340757861,-0.002809060809359,-0.0030990790978773,582.0,0.0,0.141602596831929,0.8445017164340487,0.3122785108275705,0.7498669802182869,0.1287998260806334,0.4734033912116812,0.649239041295116,0.4950066534014287,100000,30,8,0.1,1.0,0.1,0,7,0.001,1e-06,0.001,1e-07,1.0,1e-08,adamax,0,0.0,disordered,1,0.266977288756612,0 days 01:50:36.775576,0.0028090707914039,2.6257848681424156,2.6850600572051624
481,481,481,481,0.1864408533970484,0.1864408533970484,0.1864408533970484,0.1864408533970484,0.1864408533970484,0.1864408533970484,0.1864408533970484,0.1864408533970484,0.3051686330097815,0.095197591045855,1.001112871057265,0.0344641167235962,0.0348351144244474,0.353765243299497,0.0518210540606542,0.0367229067266291,-0.0036264639289639,-0.004335157043755,730.0,0.0,0.6892716676081824,0.7752851900829789,0.9283894315706523,0.6490635800408276,0.1759501685527703,0.7681127069410235,0.4237433273208904,0.6985926672318011,100000,30,8,0.1,1.0,0.1,0,7,0.001,1e-06,0.001,1e-07,1.0,1e-08,adamax,0,0.0,disordered,1,0.1835203706673732,0 days 01:50:36.775576,0.0036266770852007,2.8376047437991647,2.6516881172371654
482,482,482,482,0.3557150206821381,0.3557150206821381,0.3557150206821381,0.3557150206821381,0.3557150206821381,0.3557150206821381,0.3557150206821381,0.3557150206821381,0.1251332132394837,1.0021613958669555,0.1243154074894892,0.1524870298028071,0.1442819290546919,0.1256572211340195,0.1345306156287455,0.7946963827187518,-0.0022728607012071,-0.0025854174301824,456.0,0.0,0.6892002298108775,0.8872912225265681,0.5892704824400701,0.2294741203878888,0.4062477741541459,0.6206195937384177,0.5708106848170152,0.1936271183098157,100000,30,8,0.1,1.0,0.1,0,7,0.001,1e-06,0.001,1e-07,1.0,1e-08,adamax,0,0.0,disordered,1,0.3605723601207219,0 days 01:50:36.775576,0.0022729723683703,2.7536328775530623,2.6935974844434956
483,483,483,483,0.1111967731120697,0.1111967731120697,0.1111967731120697,0.1111967731120697,0.1111967731120697,0.1111967731120697,0.1111967731120697,0.1111967731120697,0.0917412325879529,5.958114436738524e-07,2.2850791329335046e-07,9.182904911114664e-07,0.2706611041842999,0.1009914981486613,1.8365455362712031e-06,0.1174874756364341,-0.0043540485750835,-0.0047240316873277,10092.0,1.0,0.824032216762549,0.5794577714532373,0.5768013793246287,0.2050982457879387,0.4916221968829366,0.2686964542861396,0.3353176670488188,0.3418876984675734,100000,30,8,0.1,1.0,0.1,0,7,0.001,1e-06,0.001,1e-07,1.0,1e-08,adamax,0,0.0,disordered,1,0.109541709583364,0 days 01:50:36.775576,0.0043542253667857,2.485978972792193,2.487979104664952
484,484,484,484,0.2575263326771198,0.2575263326771198,0.2575263326771198,0.2575263326771198,0.2575263326771198,0.2575263326771198,0.2575263326771198,0.2575263326771198,0.0690865608778945,0.0874983255066462,0.9879960591763702,0.864513284229827,1.0012796447934988,0.215631067345651,0.0957200087642985,0.124803780291458,-0.0026178345777127,-0.0031139957680571,588.0,0.0,0.6056950274603036,0.3727873636982007,0.8999060160301815,0.7507599098712591,0.9806062698694245,0.6116400008802909,0.4303223165562948,0.3928690888518122,100000,30,8,0.1,1.0,0.1,0,7,0.001,1e-06,0.001,1e-07,1.0,1e-08,adamax,0,0.0,disordered,1,0.2536746906916478,0 days 01:50:36.775576,0.0026179532645244,3.1089399144879355,2.6915108038277795
485,485,485,485,0.293044697697214,0.293044697697214,0.293044697697214,0.293044697697214,0.293044697697214,0.293044697697214,0.293044697697214,0.293044697697214,0.9806432704182174,0.1140199722207485,0.0854460654071316,0.1123751517116229,1.0003346833428832,0.1143101086741116,0.3422243674204434,0.0875038084956067,-0.0025643265698206,-0.0031991683124142,545.0,0.0,0.0368772763332992,0.7042187498065502,0.3157529253221451,0.0226824501927953,0.9126105342355452,0.2363758633618058,0.0934657012940052,0.7382360921493729,100000,30,8,0.1,1.0,0.1,0,7,0.001,1e-06,0.001,1e-07,1.0,1e-08,adamax,0,0.0,disordered,1,0.2935795141751999,0 days 01:50:36.775576,0.0025643287887254,3.1643325363182804,2.907305258545609
486,486,486,486,0.2747120789270809,0.2747120789270809,0.2747120789270809,0.2747120789270809,0.2747120789270809,0.2747120789270809,0.2747120789270809,0.2747120789270809,0.1782238560640171,0.2255465882905089,0.0746208192847373,0.0762990523245722,0.0829620297373568,1.0011524312501447,0.0931572789811903,0.4092338466711871,-0.0024468762385833,-0.0028474020806367,571.0,0.0,0.7714531340477934,0.7713963860397556,0.6159471154181675,0.0262046336281953,0.5344485508328887,0.960696137510391,0.4552101955437518,0.2965841288519965,100000,30,8,0.1,1.0,0.1,0,7,0.001,1e-06,0.001,1e-07,1.0,1e-08,adamax,0,0.0,disordered,1,0.2759110509360113,0 days 01:50:36.775576,0.0024468845737978,2.5500467974884833,2.7129020845265273
487,487,487,487,0.3444087275973818,0.3444087275973818,0.3444087275973818,0.3444087275973818,0.3444087275973818,0.3444087275973818,0.3444087275973818,0.3444087275973818,0.1213894182828378,0.9778471743801742,0.1170317763180433,1.0013267947514823,0.9963987108430366,0.1219773306572643,0.1587057542296406,0.1197436145055367,-0.0025264398632495,-0.0031025491431214,468.0,0.0,0.5573687571007563,0.6323099431721152,0.2975807642435687,0.7748983341978675,0.841518314734828,0.0242541429599622,0.1004475902259629,0.500578936546438,100000,30,8,0.1,1.0,0.1,0,7,0.001,1e-06,0.001,1e-07,1.0,1e-08,adamax,0,0.0,disordered,1,0.3458837240757719,0 days 01:50:36.775576,0.0025264535465158,3.358296038242097,2.8979178380749904
488,488,488,488,0.3557150206821381,0.3557150206821381,0.3557150206821381,0.3557150206821381,0.3557150206821381,0.3557150206821381,0.3557150206821381,0.3557150206821381,0.8193544698628168,0.600948215502788,0.3863971313264705,1.0001276170984958,0.1191737045389141,0.1555091568275435,0.1324246999685311,0.4329472974547905,-0.0022403725224894,-0.0024770578589958,477.0,0.0,0.0589401886932623,0.1958725048835413,0.8725808704046144,0.9985612409743008,0.8424408533718666,0.1644843202275913,0.8038890366662108,0.5819691893112379,100000,30,8,0.1,1.0,0.1,0,7,0.001,1e-06,0.001,1e-07,1.0,1e-08,adamax,0,0.0,disordered,1,0.3537871503559555,0 days 01:50:36.775576,0.0022403898187192,2.640301030246931,2.703755174503956
489,489,489,489,0.2747120789270809,0.2747120789270809,0.2747120789270809,0.2747120789270809,0.2747120789270809,0.2747120789270809,0.2747120789270809,0.2747120789270809,1.387265985738059e-06,5.821410480025724e-07,2.6613813801870444e-07,9.999653782750677e-08,2.7566373803236256e-07,0.0068826287604337,0.5238508571120227,0.3963395943970058,-0.0023085089749914,-0.0030713493266859,9577.0,0.0,0.9948420345429304,0.2824518866017588,0.901054160049732,0.0161443619646516,0.2219817421092476,0.904326725659339,0.5098987108635635,0.2084307679450512,100000,30,8,0.1,1.0,0.1,0,7,0.001,1e-06,0.001,1e-07,1.0,1e-08,adamax,0,0.0,disordered,1,0.276772468734207,0 days 01:50:36.775576,0.0023085352757417,2.4033526784214874,2.86566750187408
490,490,490,490,0.2414157116103016,0.2414157116103016,0.2414157116103016,0.2414157116103016,0.2414157116103016,0.2414157116103016,0.2414157116103016,0.2414157116103016,0.0556542997645625,0.1476454594827407,0.0400033715477686,0.0361562921164683,0.1031736519652859,0.3798756959323205,1.0001791175436112,0.0411793487652212,-0.0030957401124361,-0.0037124210972318,835.0,0.0,0.6999304023746258,0.3183931156556606,0.589163095201402,0.4156423357712343,0.0804423228665887,0.0639452407496375,0.9134199436822962,0.8685949990490613,100000,30,8,0.1,1.0,0.1,0,7,0.001,1e-06,0.001,1e-07,1.0,1e-08,adamax,0,0.0,disordered,1,0.2402252502182335,0 days 01:50:36.775576,0.003095761733207,3.3203223548871623,3.123456656879379
491,491,491,491,0.2121550171362449,0.2121550171362449,0.2121550171362449,0.2121550171362449,0.2121550171362449,0.2121550171362449,0.2121550171362449,0.2121550171362449,0.2435773194777104,0.3808153763334417,0.4843982977913695,1.001337175379381,0.0546299302892,0.2680248402258982,0.0429263826203179,0.0424370705896154,-0.0031735307024799,-0.0042291903808579,709.0,0.0,0.4580567283612882,0.2402191191679729,0.1331714742981344,0.9575853826117988,0.5403821544940877,0.0077069788216748,0.6256191561345337,0.7575658146244825,100000,30,8,0.1,1.0,0.1,0,7,0.001,1e-06,0.001,1e-07,1.0,1e-08,adamax,0,0.0,disordered,1,0.2126618473424741,0 days 01:50:36.775576,0.0031735339038801,2.952453581184309,2.9740400523753765
492,492,492,492,0.2191196687578146,0.2191196687578146,0.2191196687578146,0.2191196687578146,0.2191196687578146,0.2191196687578146,0.2191196687578146,0.2191196687578146,0.6738377862932479,0.7929614482125001,0.3509762269770173,0.6997712935968979,4.846947732693105e-07,2.46114038323175e-07,2.847004846293838e-07,7.649740763170033e-07,-0.0033784529834244,-0.0047907262909811,10123.0,1.0,0.3039540231419534,0.9799665572099168,0.058976470767368,0.1117238983214603,0.603831803552466,0.4624899048622172,0.3695936464390237,0.6963669060780433,100000,30,8,0.1,1.0,0.1,0,7,0.001,1e-06,0.001,1e-07,1.0,1e-08,adamax,0,0.0,disordered,1,0.2215085827952331,0 days 01:50:36.775576,0.0033785668460088,2.6502654723621397,2.886368643280097
493,493,493,493,0.1692220351641035,0.1692220351641035,0.1692220351641035,0.1692220351641035,0.1692220351641035,0.1692220351641035,0.1692220351641035,0.1692220351641035,0.3980961069470038,1.5183816461498586e-07,1.3723256894384025e-07,9.991002851655445e-08,1.1483231502333557e-07,6.165572361840843e-07,1.4355121126941231e-06,0.3670659680474157,-0.0034471055261753,-0.0055659018855199,8746.0,0.0,0.928911149355404,0.8603804184889041,0.7266129329024038,0.2893298787520199,0.3035754278572405,0.1781486816960641,0.8756895613363475,0.6768213378604695,100000,30,8,0.1,1.0,0.1,0,7,0.001,1e-06,0.001,1e-07,1.0,1e-08,adamax,0,0.0,disordered,1,0.1696130674426525,0 days 01:50:36.775576,0.0034471089518124,2.778841122070017,3.073260916750013
494,494,494,494,0.1864408533970484,0.1864408533970484,0.1864408533970484,0.1864408533970484,0.1864408533970484,0.1864408533970484,0.1864408533970484,0.1864408533970484,0.0351003543060825,0.0350882799516739,1.001021326925067,0.1333265010613347,0.0490404391976553,0.9976143032786126,0.0746740722429033,0.0391443455451819,-0.0027512109763318,-0.0041345937458772,736.0,0.0,0.5757831895041652,0.0701672526727372,0.8484925448291497,0.1448534997231394,0.5095451291667785,0.9355100792268508,0.3574547742171649,0.4576486448906808,100000,30,8,0.1,1.0,0.1,0,7,0.001,1e-06,0.001,1e-07,1.0,1e-08,adamax,0,0.0,disordered,1,0.1887574286141634,0 days 01:50:36.775576,0.002751235201587,3.201438000496675,2.9397230117828173
495,495,495,495,0.1535934676510895,0.1535934676510895,0.1535934676510895,0.1535934676510895,0.1535934676510895,0.1535934676510895,0.1535934676510895,0.1535934676510895,2.769889838132354e-07,1.9977605723662733e-07,0.0230974345647497,9.636504624592376e-07,0.0208668132171178,0.0036305037554413,0.4827208284970987,0.0310803359633001,-0.0035522207869002,-0.004901968049814,10713.0,1.0,0.9447030141551648,0.2973425907157143,0.4522681555553598,0.381264433246623,0.407176822363004,0.4311905702831072,0.9909251799832076,0.8054271184567908,100000,30,8,0.1,1.0,0.1,0,7,0.001,1e-06,0.001,1e-07,1.0,1e-08,adamax,0,0.0,disordered,1,0.1538997756061639,0 days 01:50:36.775576,0.0035522225885102,3.692262828205407,3.294792560291708
496,496,496,496,0.2747120789270809,0.2747120789270809,0.2747120789270809,0.2747120789270809,0.2747120789270809,0.2747120789270809,0.2747120789270809,0.2747120789270809,0.4172359746939083,0.7873530211654755,0.069852057860259,0.0698159291831727,1.0003187986657378,0.9933755647650364,0.0685758539909183,0.0717911606219282,-0.0027998981090567,-0.0033848120861417,601.0,0.0,0.0408023291092698,0.6091725876977999,0.0117547122692966,0.0783087638927918,0.5831792867219203,0.6205908503134709,0.1705372380655809,0.4032293846380065,100000,30,8,0.1,1.0,0.1,0,7,0.001,1e-06,0.001,1e-07,1.0,1e-08,adamax,0,0.0,disordered,1,0.2751105936651394,0 days 01:50:36.775576,0.002799899359703,2.893229794030991,2.7149463050039198
497,497,497,497,0.2659804395593755,0.2659804395593755,0.2659804395593755,0.2659804395593755,0.2659804395593755,0.2659804395593755,0.2659804395593755,0.2659804395593755,0.5371110577364638,0.4972311441781143,0.071418654867816,0.0709089391173423,1.000159358336992,0.4277513391953528,0.1325773383826269,0.0864237006198852,-0.002759536715355,-0.0031923809902726,578.0,0.0,0.360509845853903,0.7038513879430254,0.4198563038021821,0.3845682407265546,0.8254942886658027,0.6685329114974272,0.1107462968168769,0.5398995705201489,100000,30,8,0.1,1.0,0.1,0,7,0.001,1e-06,0.001,1e-07,1.0,1e-08,adamax,0,0.0,disordered,1,0.2694042090832533,0 days 01:50:36.775576,0.0027596291847903,2.9114015568797544,2.705442210393636
498,498,498,498,0.2054117348353062,0.2054117348353062,0.2054117348353062,0.2054117348353062,0.2054117348353062,0.2054117348353062,0.2054117348353062,0.2054117348353062,0.7256402896588499,0.427336211562146,0.0795857744294927,1.0017305651131678,0.0598938526989508,0.0469147196438064,0.1023510074567567,0.0417832957623783,-0.0031242026420268,-0.0040642362005373,704.0,0.0,0.2246724106827123,0.2698871709329439,0.6128847196823363,0.8651806171917678,0.3588239467283936,0.5217412887033186,0.0780990026556265,0.7741300326825525,100000,30,8,0.1,1.0,0.1,0,7,0.001,1e-06,0.001,1e-07,1.0,1e-08,adamax,0,0.0,disordered,1,0.2085180944618823,0 days 01:50:36.775576,0.0031243667531317,2.887868976101085,2.7076324241533456
499,499,499,499,0.1394082826282576,0.1394082826282576,0.1394082826282576,0.1394082826282576,0.1394082826282576,0.1394082826282576,0.1394082826282576,0.1394082826282576,0.790655508570933,0.2701853658925361,0.3591541113180651,7.646457934540568e-07,0.027879035918904,1.31328563259176e-07,9.995508413737128e-08,3.4045979295378324e-07,-0.0044904115291364,-0.0068062384807989,10931.0,0.0,0.1734021894217381,0.3985102239098461,0.2744210850174291,0.5193636535366862,0.2995704625754152,0.4683101527284676,0.4409953107360257,0.6131035871577232,100000,30,8,0.1,1.0,0.1,0,7,0.001,1e-06,0.001,1e-07,1.0,1e-08,adamax,0,0.0,disordered,1,0.141600477967543,0 days 01:50:36.775576,0.0044906731163102,2.1692805775462594,2.2634659659422973
