,Unnamed: 0.2,Unnamed: 0.1,Unnamed: 0,Gamma0_1,Gamma0_2,Gamma0_3,Gamma0_4,Gamma0_5,Gamma0_6,Gamma0_7,Gamma0_8,Gamma1,Gamma2,Gamma3,Gamma4,Gamma5,Gamma6,Gamma7,Gamma8,eta0,eta,count,success,e1,e2,e3,e4,e5,e6,e7,e8,max_iter,min_iter,N,Jmax,alpha,gleak,ex,lk,rate,minGg,maxGg,minGo,maxGo,tol,optim,exfix,exval,profile,seed,Gamma,runtime,ueta,cohlength,ucohlength
0,0,0,0,0.4180637241455752,0.4180637241455752,0.4180637241455752,0.4180637241455752,0.4180637241455752,0.4180637241455752,0.4180637241455752,0.4180637241455752,0.5698813436308598,0.2582381224449595,1.0003391436377775,0.5934503247403402,0.4560044680184305,0.0020428048408449,0.4057365490589669,0.0010588197787038,-0.0006941686685775,-0.0007903794062942,3196.0,0.0,0.5118216247002567,0.9504636963259352,0.1441596127196337,0.948649447137244,0.3118314520104854,0.4233264489725756,0.8277025938204418,0.4091991363691613,100000,30,8,0.1,5.0,0.1,0,7,0.001,1e-06,0.001,1e-07,1.0,1e-08,adamax,0,0.0,disordered,1,0.4232828899484608,0 days 02:59:44.995636,0.0006942000595156,1.421120170822122,1.2990438581676238
1,1,1,1,0.31260072430687,0.31260072430687,0.31260072430687,0.31260072430687,0.31260072430687,0.31260072430687,0.31260072430687,0.31260072430687,0.0352260103689351,1.0000691900573715,0.1830192206313306,0.2397507148181352,0.0270902120306152,0.5744981858121825,0.0280956450470656,0.1342129566414126,-0.0009138913509394,-0.0010685176537786,1125.0,0.0,0.5495936876730595,0.0275591132430683,0.7535131086748066,0.5381433132192782,0.3297317164990921,0.7884287034284043,0.303194829291645,0.4534978894806515,100000,30,8,0.1,5.0,0.1,0,7,0.001,1e-06,0.001,1e-07,1.0,1e-08,adamax,0,0.0,disordered,1,0.3094292449326085,0 days 02:59:44.995636,0.0009139182793019,1.6810666219747006,1.40279225250444
2,2,2,2,0.3228628202536728,0.3228628202536728,0.3228628202536728,0.3228628202536728,0.3228628202536728,0.3228628202536728,0.3228628202536728,0.3228628202536728,0.4809266470977418,0.0014082956159877,0.5158843456311344,2.323961537919236e-06,0.3614075011322696,3.189112666757261e-06,0.5024706207132845,0.3786228329403995,-0.0009110679609011,-0.0010279702277695,8134.0,1.0,0.1340416972471647,0.4031129864471292,0.2034552406761496,0.2623133404418495,0.7503646726300526,0.2804087579860399,0.485190974431635,0.9807371998012386,100000,30,8,0.1,5.0,0.1,0,7,0.001,1e-06,0.001,1e-07,1.0,1e-08,adamax,0,0.0,disordered,1,0.3236964407423991,0 days 02:59:44.995636,0.0009110699010725,1.80987415917773,1.3386234574166331
3,3,3,3,0.4317879727332017,0.4317879727332017,0.4317879727332017,0.4317879727332017,0.4317879727332017,0.4317879727332017,0.4317879727332017,0.4317879727332017,0.3374267642712784,0.1317459067335382,0.3375620236462756,0.1022854332002158,0.2924248519529356,1.00010746275354,0.0774081112197815,0.6292730408335737,-0.0007365901462612,-0.0008127156259279,1204.0,0.0,0.9616571936637868,0.7247899407735336,0.5412268555474342,0.2768912040453708,0.1606520087751268,0.9699254132161326,0.5160685855478787,0.1158656124707703,100000,30,8,0.1,5.0,0.1,0,7,0.001,1e-06,0.001,1e-07,1.0,1e-08,adamax,0,0.0,disordered,1,0.4356980387582144,0 days 02:59:44.995636,0.0007366154880836,1.2097152398372262,1.1795650677139515
4,4,4,4,0.4047756965997316,0.4047756965997316,0.4047756965997316,0.4047756965997316,0.4047756965997316,0.4047756965997316,0.4047756965997316,0.4047756965997316,5.312921192652943e-06,1.910772951384556e-05,1.3981652863400474e-05,0.6025275402926497,0.9345690755662188,6.889879503566586e-05,0.113603042531854,0.5886233834228346,-0.0007690490012695,-0.0009496726333806,8134.0,1.0,0.6234897555375004,0.776683114342298,0.6130033010530405,0.9172977047909028,0.0395928766642028,0.5285892632600216,0.4593358828854037,0.0623495791498756,100000,30,8,0.1,5.0,0.1,0,7,0.001,1e-06,0.001,1e-07,1.0,1e-08,adamax,0,0.0,disordered,1,0.4040655896284361,0 days 02:59:44.995636,0.0007690498705902,1.9715128317319346,1.263252182217334
5,5,5,5,0.2493409369951876,0.2493409369951876,0.2493409369951876,0.2493409369951876,0.2493409369951876,0.2493409369951876,0.2493409369951876,0.2493409369951876,7.446194352514842e-06,0.060528502958697,0.0111258534280753,0.497248008417483,0.518069196882997,1.2727961998412308e-05,1.243990777781242e-05,0.3276562322438978,-0.0011225568050659,-0.0013756160723872,8967.0,1.0,0.641328169139375,0.8526328384806567,0.592941018104284,0.2600974477372232,0.8398815210314088,0.5094958815215094,0.510888884466533,0.7530302077021779,100000,30,8,0.1,5.0,0.1,0,7,0.001,1e-06,0.001,1e-07,1.0,1e-08,adamax,0,0.0,disordered,1,0.2459827543729994,0 days 02:59:44.995636,0.0011226187382441,2.111072202500633,1.5115902953938845
6,6,6,6,0.3794532847236935,0.3794532847236935,0.3794532847236935,0.3794532847236935,0.3794532847236935,0.3794532847236935,0.3794532847236935,0.3794532847236935,1.000782944490104,0.1576756568751127,0.1527927989262172,0.1776703968683833,0.6245744424537811,0.7663338647567298,0.1434784509976001,0.1602912073156586,-0.0007551053481567,-0.0008447313135206,452.0,0.0,0.1479220357849565,0.819626719119277,0.6832869060032571,0.787096941554801,0.1916162590201352,0.80236416113453,0.1913239260572002,0.0815526173635127,100000,30,8,0.1,5.0,0.1,0,7,0.001,1e-06,0.001,1e-07,1.0,1e-08,adamax,0,0.0,disordered,1,0.383333190383081,0 days 02:59:44.995636,0.0007551268898528,1.2721925464908197,1.2835218808075888
7,7,7,7,0.3228628202536728,0.3228628202536728,0.3228628202536728,0.3228628202536728,0.3228628202536728,0.3228628202536728,0.3228628202536728,0.3228628202536728,7.426616920742029e-06,7.427697399553299e-06,3.054603333091196e-05,0.5665291175128672,1.7893397545156445e-05,0.8232599923811595,0.1683851675841456,1.4339256342811406e-05,-0.0009644085450865,-0.0011481652697132,9182.0,1.0,0.8552269742870702,0.8612834961776684,0.8765370964165805,0.4719097193587902,0.2740483886137183,0.0070918286031662,0.6457208955749478,0.719909383508693,100000,30,8,0.1,5.0,0.1,0,7,0.001,1e-06,0.001,1e-07,1.0,1e-08,adamax,0,0.0,disordered,1,0.3199341646700481,0 days 02:59:44.995636,0.0009644408306729,1.3568288828976376,1.2380294324522731
8,8,8,8,0.4180637241455752,0.4180637241455752,0.4180637241455752,0.4180637241455752,0.4180637241455752,0.4180637241455752,0.4180637241455752,0.4180637241455752,1.000135052545798,0.0794388057335007,0.3153988961271135,0.3190728533556463,0.1069108704319368,0.5528356004251627,0.664508153163589,0.0997083781720634,-0.000757192302814,-0.0008540669453493,813.0,0.0,0.8355692165002742,0.2818778273645421,0.2152181671629736,0.6393313800665879,0.8050548331450097,0.9636708728449708,0.1505248304211774,0.4822123881993365,100000,30,8,0.1,5.0,0.1,0,7,0.001,1e-06,0.001,1e-07,1.0,1e-08,adamax,0,0.0,disordered,1,0.4227253926475675,0 days 02:59:44.995636,0.0007572315773784,1.2086462474589448,1.1842518926406662
9,9,9,9,0.1747772774464679,0.1747772774464679,0.1747772774464679,0.1747772774464679,0.1747772774464679,0.1747772774464679,0.1747772774464679,0.1747772774464679,0.7084558482281856,0.1022558537145575,1.6003165666193754e-06,0.4799837231729714,2.8481525124287658e-06,0.2301782487826331,0.0099225527080436,3.708735421887271e-06,-0.0010787207756497,-0.0016497991382696,9246.0,1.0,0.8947158621961735,0.4227169069454373,0.5895020620840481,0.0244906774933632,0.6734598871529389,0.9190886196338224,0.8268253295567211,0.8855202667099468,100000,30,8,0.1,5.0,0.1,0,7,0.001,1e-06,0.001,1e-07,1.0,1e-08,adamax,0,0.0,disordered,1,0.1728857103743338,0 days 02:59:44.995636,0.0010787239451331,2.0489708560878093,1.6076570415240432
10,10,10,10,0.5774615152359814,0.5774615152359814,0.5774615152359814,0.5774615152359814,0.5774615152359814,0.5774615152359814,0.5774615152359814,0.5774615152359814,0.2407587968833218,0.4560456118008181,0.2608644730405707,0.6801183042467819,0.2559546667735487,1.0000396330712276,0.3113103692439338,0.8860210829284249,-0.0005307734751289,-0.000555120393244,406.0,0.0,0.6603553805205233,0.2455522672431775,0.7685169988962544,0.2116747426075105,0.8312748346644612,0.0627179225707682,0.8254878133935558,0.1645072664741013,100000,30,8,0.1,5.0,0.1,0,7,0.001,1e-06,0.001,1e-07,1.0,1e-08,adamax,0,0.0,disordered,1,0.5737573848004844,0 days 02:59:44.995636,0.0005307802773481,1.3668445496233501,1.2373928309112352
11,11,11,11,0.2191196687578146,0.2191196687578146,0.2191196687578146,0.2191196687578146,0.2191196687578146,0.2191196687578146,0.2191196687578146,0.2191196687578146,1.1370642680053878e-07,2.670925276267136e-07,0.4772489805981132,0.2482123761315402,9.999960788099236e-08,0.3721980469376918,0.070582494725808,4.319799581355344e-07,-0.0011890869628953,-0.0013417226292195,36051.0,0.0,0.3751469964966418,0.3167381665569643,0.6913370352777413,0.1785718781743719,0.3962561622169864,0.0058245951079809,0.2624947127501015,0.4211888142289552,100000,30,8,0.1,5.0,0.1,0,7,0.001,1e-06,0.001,1e-07,1.0,1e-08,adamax,0,0.0,disordered,1,0.2197336476980621,0 days 02:59:44.995636,0.0011890887558682,2.2542015368508435,1.5853694107849794
12,12,12,12,0.2191196687578146,0.2191196687578146,0.2191196687578146,0.2191196687578146,0.2191196687578146,0.2191196687578146,0.2191196687578146,0.2191196687578146,1.0000712787724604,0.0559590740429664,0.2978895235605325,0.040980984225757,0.0711300798047232,0.3116042469981959,0.2647558378038996,0.0688353935351942,-0.0011860260132879,-0.0013175077969264,922.0,0.0,0.1059212367073244,0.6331599460365578,0.3804242698865323,0.7252939380762389,0.6538660110683944,0.4312267487774062,0.8673205056421992,0.632135117500167,100000,30,8,0.1,5.0,0.1,0,7,0.001,1e-06,0.001,1e-07,1.0,1e-08,adamax,0,0.0,disordered,1,0.2179283990067218,0 days 02:59:44.995636,0.0011860349061823,1.7796533560231644,1.4791588120003478
13,13,13,13,0.4317879727332017,0.4317879727332017,0.4317879727332017,0.4317879727332017,0.4317879727332017,0.4317879727332017,0.4317879727332017,0.4317879727332017,0.6227542472965717,0.1999369192332252,0.1960804175196298,0.4655506021104362,1.0012542928758037,0.2306101517139867,0.1872131422386155,0.1995487365005231,-0.000731221453363,-0.0008837910497108,396.0,0.0,0.8102743521062991,0.341794723940113,0.5436692896684556,0.1962968851147534,0.996141190118628,0.2432154643063271,0.2568674672271027,0.0731900723909659,100000,30,8,0.1,5.0,0.1,0,7,0.001,1e-06,0.001,1e-07,1.0,1e-08,adamax,0,0.0,disordered,1,0.426057466476252,0 days 02:59:44.995636,0.0007312707657432,1.287555121311906,1.2681073796797457
14,14,14,14,0.2263129568399526,0.2263129568399526,0.2263129568399526,0.2263129568399526,0.2263129568399526,0.2263129568399526,0.2263129568399526,0.2263129568399526,1.0000021066143745,0.0042286631579683,0.3449094884390895,0.4804292547673276,0.1409190048107839,0.0021275024636651,0.1248932767261947,0.0012995798678542,-0.0012323086985153,-0.0015359071920102,3047.0,0.0,0.2578031189967366,0.7631285325440532,0.6978935706830813,0.1286732123171694,0.3762385014280942,0.4209213946174629,0.6649842463619607,0.4559289630437488,100000,30,8,0.1,5.0,0.1,0,7,0.001,1e-06,0.001,1e-07,1.0,1e-08,adamax,0,0.0,disordered,1,0.2291840387277206,0 days 02:59:44.995636,0.0012323745087679,1.5757157402565556,1.398609332365596
15,15,15,15,0.1349772330233941,0.1349772330233941,0.1349772330233941,0.1349772330233941,0.1349772330233941,0.1349772330233941,0.1349772330233941,0.1349772330233941,0.4633067991108809,4.381560016751259e-06,0.5118082758333277,4.768115852767509e-06,2.895190032145791e-06,0.1730523400514948,0.0316287439631257,2.255721210277782e-06,-0.0018086536392608,-0.0022203812882551,9278.0,1.0,0.5865183268255314,0.8396846036089424,0.7264736103123705,0.3650072635085589,0.4483963093444842,0.3676995696900066,0.1097346640066967,0.2032415440873966,100000,30,8,0.1,5.0,0.1,0,7,0.001,1e-06,0.001,1e-07,1.0,1e-08,adamax,0,0.0,disordered,1,0.1359475354827983,0 days 02:59:44.995636,0.0018086783247512,1.553850636875033,1.556412910058586
16,16,16,16,0.1487115462808952,0.1487115462808952,0.1487115462808952,0.1487115462808952,0.1487115462808952,0.1487115462808952,0.1487115462808952,0.1487115462808952,0.11350403037983,1.4448198074433252e-05,0.0198957767074432,0.4277810518158531,0.289401444307544,4.262841969115399e-06,3.1043300371107136e-06,3.3465562242779864e-06,-0.0017258677495011,-0.0023678953592151,9588.0,1.0,0.2838064889441311,0.3141338956023022,0.3130478588199377,0.576699716252952,0.9716899756197548,0.774664134923732,0.7911339481728052,0.75926850053958,100000,30,8,0.1,5.0,0.1,0,7,0.001,1e-06,0.001,1e-07,1.0,1e-08,adamax,0,0.0,disordered,1,0.1504488053584761,0 days 02:59:44.995636,0.0017259384318791,1.2706840188651136,1.4311109426231605
17,17,17,17,0.1864408533970484,0.1864408533970484,0.1864408533970484,0.1864408533970484,0.1864408533970484,0.1864408533970484,0.1864408533970484,0.1864408533970484,0.5902101495298622,1.048284987507856e-05,0.7111776307983109,6.235546822898891e-07,2.9025693102054413e-06,1.1683052625666262e-06,0.4473441299597502,5.131303931921284e-06,-0.0012533503733577,-0.0015842159569276,9327.0,1.0,0.5969877305237564,0.9176922571709129,0.689630155447081,0.500356430736871,0.0770838085005387,0.4884492270855238,0.2128309953403343,0.1326962975467872,100000,30,8,0.1,5.0,0.1,0,7,0.001,1e-06,0.001,1e-07,1.0,1e-08,adamax,0,0.0,disordered,1,0.1885448736232156,0 days 02:59:44.995636,0.001253384382762,1.7307814567104414,1.5547829101247292
18,18,18,18,0.4913407286296357,0.4913407286296357,0.4913407286296357,0.4913407286296357,0.4913407286296357,0.4913407286296357,0.4913407286296357,0.4913407286296357,0.77965256695713,0.0183783885949599,0.2612062421526214,0.0335379341514136,0.3486512389846185,0.4405557511223256,1.0000420825837206,0.0366580838289675,-0.0006417728038874,-0.000719545328563,1522.0,0.0,0.506064922529373,0.785085292596959,0.2950064428055194,0.7687717599091665,0.5256295231622541,0.1490480233707125,0.9649677439797356,0.4016362238885175,100000,30,8,0.1,5.0,0.1,0,7,0.001,1e-06,0.001,1e-07,1.0,1e-08,adamax,0,0.0,disordered,1,0.4877705458122094,0 days 02:59:44.995636,0.0006417858220581,1.6064891064773221,1.2373655132469537
19,19,19,19,0.3919100249433399,0.3919100249433399,0.3919100249433399,0.3919100249433399,0.3919100249433399,0.3919100249433399,0.3919100249433399,0.3919100249433399,0.1182429928859959,1.0001914744434732,0.1937095202114702,0.8405838321906877,0.0423352914147178,0.0737423549033263,0.0390574535124029,0.9860561652361596,-0.0007411365299611,-0.0008595076578026,1096.0,0.0,0.2952342556626958,0.8469983706337296,0.1244603325154798,0.7335904610737034,0.1878247425654683,0.3924917760125824,0.2318998784621384,0.8412279926923869,100000,30,8,0.1,5.0,0.1,0,7,0.001,1e-06,0.001,1e-07,1.0,1e-08,adamax,0,0.0,disordered,1,0.3952813617172395,0 days 02:59:44.995636,0.0007411533631487,1.51431663281122,1.3101280952812848
20,20,20,20,0.2747120789270809,0.2747120789270809,0.2747120789270809,0.2747120789270809,0.2747120789270809,0.2747120789270809,0.2747120789270809,0.2747120789270809,0.5068486489030147,0.6297182002399582,1.040101874975454e-05,0.0001831077706675,0.2036911052832558,4.3934502725753885e-05,2.6664121665932585e-05,0.9814936639411512,-0.0010568401434924,-0.0013486838113811,9036.0,1.0,0.3900745519398617,0.9746928128822892,0.6252614844151068,0.6936228347029152,0.5215251221324175,0.3089681990755911,0.3955564210524287,0.9409341876619016,100000,30,8,0.1,5.0,0.1,0,7,0.001,1e-06,0.001,1e-07,1.0,1e-08,adamax,0,0.0,disordered,1,0.2770837641138862,0 days 02:59:44.995636,0.0010568668549278,1.392233093776459,1.2534816895524663
21,21,21,21,0.2054117348353062,0.2054117348353062,0.2054117348353062,0.2054117348353062,0.2054117348353062,0.2054117348353062,0.2054117348353062,0.2054117348353062,1.000632848682955,0.4261530810653695,0.065726206977947,0.3160560552892662,0.1994824790893912,0.0567964875420996,0.0464525304872957,0.0483597414698979,-0.0013088416493448,-0.0016499519893689,941.0,0.0,0.2012032007246644,0.9882189012202124,0.7583058620038184,0.3597869264926102,0.6415135895056033,0.3809815392930875,0.38149293263992,0.5038029501945296,100000,30,8,0.1,5.0,0.1,0,7,0.001,1e-06,0.001,1e-07,1.0,1e-08,adamax,0,0.0,disordered,1,0.2051430043269628,0 days 02:59:44.995636,0.0013088423539307,1.5401459369228665,1.4067799073963936
22,22,22,22,0.4317879727332017,0.4317879727332017,0.4317879727332017,0.4317879727332017,0.4317879727332017,0.4317879727332017,0.4317879727332017,0.4317879727332017,0.9866156658655448,0.0005699923235421,0.8690589170682519,0.3272159436318299,0.4739457328970153,0.028153852540095,0.3872069194972788,0.8267160834068565,-0.0007060200746728,-0.0007504418892097,6562.0,1.0,0.016722821635377,0.4935715599433962,0.971598413446888,0.2854652287855784,0.7482179590766121,0.442788890070495,0.2092810426177854,0.9050025708181296,100000,30,8,0.1,5.0,0.1,0,7,0.001,1e-06,0.001,1e-07,1.0,1e-08,adamax,0,0.0,disordered,1,0.4347781865505798,0 days 02:59:44.995636,0.0007060325783476,1.3683719744349991,1.2433708605060678
23,23,23,23,0.3026648059395688,0.3026648059395688,0.3026648059395688,0.3026648059395688,0.3026648059395688,0.3026648059395688,0.3026648059395688,0.3026648059395688,0.0002379404420922,0.9202835598764398,0.2953214151959586,1.0000081895117583,0.0009842268059014,0.0555770820490766,0.000799711769307,0.1551062784158263,-0.0008699307994044,-0.0011562138927138,5395.0,0.0,0.0168272846802129,0.3035089265995107,0.9990258823239376,0.2621467961899895,0.849044521859272,0.6056831486557043,0.8060357075271236,0.6303177554434782,100000,30,8,0.1,5.0,0.1,0,7,0.001,1e-06,0.001,1e-07,1.0,1e-08,adamax,0,0.0,disordered,1,0.3075662455535046,0 days 02:59:44.995636,0.0008699832670438,1.5513102540146038,1.3748735301133177
24,24,24,24,0.2493409369951876,0.2493409369951876,0.2493409369951876,0.2493409369951876,0.2493409369951876,0.2493409369951876,0.2493409369951876,0.2493409369951876,0.0001027057012671,0.7239105736632866,0.6770014869488966,1.603014650272648e-05,4.306677846065674e-06,0.2754550405840338,2.770818250620618e-05,3.1950962066106605e-06,-0.0011394770383338,-0.0015149137836696,8975.0,1.0,0.3626968570578484,0.7607887845834825,0.0264845489039723,0.4468129517344519,0.371854569870106,0.4770740056373495,0.1276206864960696,0.2225068659462724,100000,30,8,0.1,5.0,0.1,0,7,0.001,1e-06,0.001,1e-07,1.0,1e-08,adamax,0,0.0,disordered,1,0.2521833816242977,0 days 02:59:44.995636,0.0011395284161001,1.8781753994965804,1.434810165997243
25,25,25,25,0.1747772774464679,0.1747772774464679,0.1747772774464679,0.1747772774464679,0.1747772774464679,0.1747772774464679,0.1747772774464679,0.1747772774464679,0.1075893244645297,0.5584443581643351,0.0173323220469775,0.0854966098616743,3.521356378344796e-07,0.2415262362451676,1.413129910118094e-07,0.5382239102698488,-0.0014722906324101,-0.001602964578628,100000.0,0.0,0.5620515900997094,0.3877691156559539,0.7916562055903406,0.6051365892775145,0.8612666847869941,0.7323608373256045,0.601823447758565,0.2876156021959957,100000,30,8,0.1,5.0,0.1,0,7,0.001,1e-06,0.001,1e-07,1.0,1e-08,adamax,0,0.0,disordered,1,0.1737321265328644,0 days 02:59:44.995636,0.0014723057033372,1.911724250893183,1.5835258783237132
26,26,26,26,0.3444087275973818,0.3444087275973818,0.3444087275973818,0.3444087275973818,0.3444087275973818,0.3444087275973818,0.3444087275973818,0.3444087275973818,1.0000797386633522,0.0436504215292951,0.6179627176632566,0.7907362473623504,0.0350756978595511,0.1340535986344967,0.0447490999830434,0.0973791589623702,-0.0008987875788225,-0.0011970542916968,1001.0,0.0,0.7827604679261685,0.2512675781710818,0.0752111118144044,0.9628645784432278,0.5400112050964692,0.7738942975498113,0.5292228076303601,0.6115797303718215,100000,30,8,0.1,5.0,0.1,0,7,0.001,1e-06,0.001,1e-07,1.0,1e-08,adamax,0,0.0,disordered,1,0.3422034769376265,0 days 02:59:44.995636,0.0008988020850385,1.5042297478244544,1.3072124414120885
27,27,27,27,0.5074705239490462,0.5074705239490462,0.5074705239490462,0.5074705239490462,0.5074705239490462,0.5074705239490462,0.5074705239490462,0.5074705239490462,0.2068165213002801,0.5186011698385,0.2510921484725967,0.2210767408145512,0.4999448069003501,1.000089805634336,0.3665251498761959,0.2460115762574236,-0.0006185964403872,-0.0006751130651997,488.0,0.0,0.0338922505165062,0.1867936793538085,0.6746893954347775,0.5705645979524983,0.1585550339867126,0.9520292687261848,0.1543536325474043,0.5103032497386853,100000,30,8,0.1,5.0,0.1,0,7,0.001,1e-06,0.001,1e-07,1.0,1e-08,adamax,0,0.0,disordered,1,0.5107973918935711,0 days 02:59:44.995636,0.0006186066729456,1.217283024512974,1.2085317931078743
28,28,28,28,0.1925613572129196,0.1925613572129196,0.1925613572129196,0.1925613572129196,0.1925613572129196,0.1925613572129196,0.1925613572129196,0.1925613572129196,0.2666657495938493,0.6894417277152517,0.0962424696572756,3.609361003213459e-06,0.0199878530603145,8.032137748057026e-06,5.356078292482687e-06,0.5847197908325197,-0.0014004135818823,-0.001861569651334,9395.0,1.0,0.1440028750192576,0.7173717261062347,0.2763130140951527,0.1341339751217832,0.0459871806705156,0.1748355378976236,0.1917987167235664,0.5369720795717926,100000,30,8,0.1,5.0,0.1,0,7,0.001,1e-06,0.001,1e-07,1.0,1e-08,adamax,0,0.0,disordered,1,0.1903526730783544,0 days 02:59:44.995636,0.001400466807671,1.9106697220291866,1.4253445481338303
29,29,29,29,0.4317879727332017,0.4317879727332017,0.4317879727332017,0.4317879727332017,0.4317879727332017,0.4317879727332017,0.4317879727332017,0.4317879727332017,0.8409490695124836,0.167672956980308,0.1798570901811714,0.17159311416151,0.1808781542714934,0.172060234220881,0.4823461543186227,1.000928176840324,-0.0007263858865696,-0.0009389658954076,410.0,0.0,0.4510388861713912,0.9572943672535372,0.9541513368666424,0.7965461104684304,0.6715876339807033,0.8450230915683464,0.9387518284798846,0.0226177288870027,100000,30,8,0.1,5.0,0.1,0,7,0.001,1e-06,0.001,1e-07,1.0,1e-08,adamax,0,0.0,disordered,1,0.4320360030536689,0 days 02:59:44.995636,0.0007263859483203,1.2861340391308929,1.1013404048772002
30,30,30,30,0.1692220351641035,0.1692220351641035,0.1692220351641035,0.1692220351641035,0.1692220351641035,0.1692220351641035,0.1692220351641035,0.1692220351641035,1.2409225009047918e-06,1.044714155659115e-06,0.0230244658252444,0.6991208227366916,0.0198151080334243,4.54708684101171e-06,4.56665445255329e-06,0.2376653471545988,-0.0014596385947694,-0.0019959326369269,9232.0,1.0,0.1181052271508587,0.3602638846836431,0.0935868530425997,0.5995244730532772,0.2603642223481086,0.2643397291323255,0.2883279886478656,0.09771565758439,100000,30,8,0.1,5.0,0.1,0,7,0.001,1e-06,0.001,1e-07,1.0,1e-08,adamax,0,0.0,disordered,1,0.1701509643505213,0 days 02:59:44.995636,0.0014596503184298,2.34802616390846,1.66071265507806
31,31,31,31,0.31260072430687,0.31260072430687,0.31260072430687,0.31260072430687,0.31260072430687,0.31260072430687,0.31260072430687,0.31260072430687,0.1678217661224981,5.629559012530714e-05,0.2058950893506131,0.6615608991010422,2.1706656939256983e-05,0.4599464427432307,0.303029856790646,3.068272313992102e-05,-0.0009371988657857,-0.0010503078120999,8229.0,1.0,0.7409444532381589,0.6506724295996501,0.6065080906412624,0.0340455822777754,0.4294641446388775,0.6852035898998426,0.1563466499035863,0.3856578446575508,100000,30,8,0.1,5.0,0.1,0,7,0.001,1e-06,0.001,1e-07,1.0,1e-08,adamax,0,0.0,disordered,1,0.3078208979291261,0 days 02:59:44.995636,0.000937270014591,1.661642104440073,1.3660879955278558
32,32,32,32,0.31260072430687,0.31260072430687,0.31260072430687,0.31260072430687,0.31260072430687,0.31260072430687,0.31260072430687,0.31260072430687,0.1488570033380588,6.985557533914554e-05,0.4567689607282784,2.1856392766675925e-05,0.0170819254847244,0.7667963977628872,1.4160013136646766e-05,0.466170560158526,-0.0009503248701358,-0.001092647673198,8622.0,1.0,0.0198341454699368,0.081857997077242,0.2164535799990539,0.4146501611412486,0.4632400362873798,0.884521531618113,0.3166584421740133,0.0214638762771913,100000,30,8,0.1,5.0,0.1,0,7,0.001,1e-06,0.001,1e-07,1.0,1e-08,adamax,0,0.0,disordered,1,0.3129225641590858,0 days 02:59:44.995636,0.0009503253412913,1.7261366645661327,1.2215869690669965
33,33,33,33,0.3794532847236935,0.3794532847236935,0.3794532847236935,0.3794532847236935,0.3794532847236935,0.3794532847236935,0.3794532847236935,0.3794532847236935,1.0002020940224312,0.2257789615809019,0.6855504532021808,0.5448333464211635,0.4069369487003634,0.2189236400237048,0.1815495539947295,0.1637389811890905,-0.0008347302890414,-0.0009508462907275,433.0,0.0,0.8262233467711652,0.0618469353735727,0.0929919926622283,0.963181716739735,0.7533654181283584,0.337854202779255,0.1321788416191956,0.3867305731718615,100000,30,8,0.1,5.0,0.1,0,7,0.001,1e-06,0.001,1e-07,1.0,1e-08,adamax,0,0.0,disordered,1,0.3842251392340359,0 days 02:59:44.995636,0.0008347847739537,1.2008408618936222,1.2054146989358676
34,34,34,34,0.4317879727332017,0.4317879727332017,0.4317879727332017,0.4317879727332017,0.4317879727332017,0.4317879727332017,0.4317879727332017,0.4317879727332017,0.1781153244746009,0.7103401811947074,0.0754693205109087,1.0000426203777928,0.3218722792919539,0.6837682988189366,0.1034532628250034,0.0758075646649153,-0.0007442980450495,-0.0008390174294856,991.0,0.0,0.3391948927801735,0.8744412014424732,0.41875301731404,0.082045006015622,0.9268052023585862,0.6223133637152601,0.1167098567810022,0.1131741600464223,100000,30,8,0.1,5.0,0.1,0,7,0.001,1e-06,0.001,1e-07,1.0,1e-08,adamax,0,0.0,disordered,1,0.431477432506967,0 days 02:59:44.995636,0.0007442978832917,1.2615382733018066,1.2275020176397782
35,35,35,35,0.3444087275973818,0.3444087275973818,0.3444087275973818,0.3444087275973818,0.3444087275973818,0.3444087275973818,0.3444087275973818,0.3444087275973818,0.1042452986646458,0.6554325214974568,0.1067521706115293,0.1068435619559057,1.0007720651347665,0.1726257430269449,0.1146709964244539,0.117375828272098,-0.0008305656766948,-0.0010880604340696,521.0,0.0,0.4659332411642642,0.0920889656891161,0.6317521922027585,0.6163837910949103,0.0320813486181537,0.8074227810412945,0.7867947609394985,0.9153082686153085,100000,30,8,0.1,5.0,0.1,0,7,0.001,1e-06,0.001,1e-07,1.0,1e-08,adamax,0,0.0,disordered,1,0.3412586361945841,0 days 02:59:44.995636,0.0008305852243819,1.6859305798177888,1.363801703842213
36,36,36,36,0.4317879727332017,0.4317879727332017,0.4317879727332017,0.4317879727332017,0.4317879727332017,0.4317879727332017,0.4317879727332017,0.4317879727332017,4.789675500974501e-05,0.5827983780635277,0.2657438662751082,2.946066639641342e-05,0.4605097063987766,0.8615024195829764,6.448970160362308e-05,0.4163559014657761,-0.000746790306347,-0.0008786883330514,8774.0,1.0,0.6703066467384771,0.6928622323352233,0.1637416544531679,0.0238888139788117,0.0655631524184199,0.9644613401603572,0.6457213655596336,0.9469066664934074,100000,30,8,0.1,5.0,0.1,0,7,0.001,1e-06,0.001,1e-07,1.0,1e-08,adamax,0,0.0,disordered,1,0.430032533978827,0 days 02:59:44.995636,0.0007467959759151,1.1921566083954986,1.1865799904565617
37,37,37,37,0.2054117348353062,0.2054117348353062,0.2054117348353062,0.2054117348353062,0.2054117348353062,0.2054117348353062,0.2054117348353062,0.2054117348353062,1.1526451869936975e-06,0.9522517660427718,0.1755528668166351,3.752071162868445e-07,0.38983698958469,2.39482795800258e-07,9.99966449646315e-08,1.729356289509809e-07,-0.0013827407095156,-0.0020267416123414,27933.0,0.0,0.3493843588720956,0.755221576661414,0.0653989653616667,0.1662051655929711,0.27713333487199,0.5503182517007417,0.55740888009091,0.4989864523070149,100000,30,8,0.1,5.0,0.1,0,7,0.001,1e-06,0.001,1e-07,1.0,1e-08,adamax,0,0.0,disordered,1,0.2071043045154781,0 days 02:59:44.995636,0.0013827734741121,1.5309170757475479,1.4059520308877762
38,38,38,38,0.3919100249433399,0.3919100249433399,0.3919100249433399,0.3919100249433399,0.3919100249433399,0.3919100249433399,0.3919100249433399,0.3919100249433399,0.282185188448223,0.0245872034931765,0.7421838785627942,3.361188899815788e-05,0.6793138267157681,0.6386160073044945,6.945162449746342e-05,0.2341990997316538,-0.0007829318078752,-0.0008827507963632,8547.0,1.0,0.4244635846320775,0.5757051603390986,0.9666623953878384,0.4580795604861192,0.8374714217984048,0.0558719650318711,0.3855872572300576,0.5604964436423991,100000,30,8,0.1,5.0,0.1,0,7,0.001,1e-06,0.001,1e-07,1.0,1e-08,adamax,0,0.0,disordered,1,0.3922124684528277,0 days 02:59:44.995636,0.0007829320355286,1.550846352805631,1.3049830842755095
39,39,39,39,0.31260072430687,0.31260072430687,0.31260072430687,0.31260072430687,0.31260072430687,0.31260072430687,0.31260072430687,0.31260072430687,0.6206492204112536,2.7068884876245613e-05,0.3506263673017091,0.5632875186836749,6.773677252037466e-06,0.7569934108051354,6.824731193663288e-05,7.004095600138263e-06,-0.0010075272367661,-0.0011688280040504,10225.0,1.0,0.6203205556549372,0.2500183399320113,0.3992910134865952,0.94700616873569,0.648850754011949,0.5849662484122946,0.0652987105198409,0.0521762576431477,100000,30,8,0.1,5.0,0.1,0,7,0.001,1e-06,0.001,1e-07,1.0,1e-08,adamax,0,0.0,disordered,1,0.3087211504706633,0 days 02:59:44.995636,0.0010075913597606,1.2524419146394914,1.2792557267336215
40,40,40,40,0.5413360302965373,0.5413360302965373,0.5413360302965373,0.5413360302965373,0.5413360302965373,0.5413360302965373,0.5413360302965373,0.5413360302965373,0.26007740507256,0.4845202161762375,1.0014573966538505,0.5669874884221154,0.287466178997694,0.319071920120931,0.6732472731705799,0.3392003121202092,-0.0005918458955559,-0.0006341713078432,349.0,0.0,0.2113984478320646,0.137822775848633,0.9837499292732876,0.0027471476026641,0.3658435291805171,0.0584224496238016,0.6400105583176766,0.0465332020748591,100000,30,8,0.1,5.0,0.1,0,7,0.001,1e-06,0.001,1e-07,1.0,1e-08,adamax,0,0.0,disordered,1,0.5363075881012068,0 days 02:59:44.995636,0.0005918661494885,1.2433193617601224,1.2197126507351008
41,41,41,41,0.333461801578636,0.333461801578636,0.333461801578636,0.333461801578636,0.333461801578636,0.333461801578636,0.333461801578636,0.333461801578636,0.0532291897641936,0.0001221622350135,0.5210014032407941,0.0001783578157241,0.7924038293822864,0.0102443107698331,4.679620185832494e-05,0.9587762158326532,-0.0009145410486115,-0.0010390537171068,7896.0,1.0,0.0684096355417223,0.0799425056081188,0.2717851313028795,0.5763580679966506,0.8054486176308537,0.2671915845012608,0.2831710565694664,0.824482143951937,100000,30,8,0.1,5.0,0.1,0,7,0.001,1e-06,0.001,1e-07,1.0,1e-08,adamax,0,0.0,disordered,1,0.3335721167555637,0 days 02:59:44.995636,0.0009145410935746,1.3699700663124235,1.235549854518927
42,42,42,42,0.333461801578636,0.333461801578636,0.333461801578636,0.333461801578636,0.333461801578636,0.333461801578636,0.333461801578636,0.333461801578636,4.179469471665706e-06,0.4911226555469929,4.766544866066982e-06,0.1871110597802865,0.6365661430377614,0.5724058828251017,6.411253655823698e-05,2.984280819011321e-05,-0.0008367802430353,-0.001029675877631,8306.0,1.0,0.7459483801763226,0.1268147483573346,0.8063489347063569,0.8312511086352812,0.1778257835671058,0.6269479985725536,0.1967436218212379,0.2434927120280825,100000,30,8,0.1,5.0,0.1,0,7,0.001,1e-06,0.001,1e-07,1.0,1e-08,adamax,0,0.0,disordered,1,0.3284602721243331,0 days 02:59:44.995636,0.0008368268199501,1.7802051236307515,1.3756751879900018
43,43,43,43,0.3444087275973818,0.3444087275973818,0.3444087275973818,0.3444087275973818,0.3444087275973818,0.3444087275973818,0.3444087275973818,0.3444087275973818,0.0882742720258959,3.696774636951378e-07,2.1118686995685386e-07,8.719421180153982e-07,0.6787088269220602,0.1585912712330465,0.8071338094586256,7.366239241383933e-06,-0.0007766885355073,-0.0008893803044704,100000.0,0.0,0.494005755328642,0.5222200279508085,0.4790335153981873,0.5411410533042087,0.2131646764254524,0.7785803681279121,0.2778484120286083,0.9126832897191104,100000,30,8,0.1,5.0,0.1,0,7,0.001,1e-06,0.001,1e-07,1.0,1e-08,adamax,0,0.0,disordered,1,0.3418292110472136,0 days 02:59:44.995636,0.0007766981396164,1.5480659666522323,1.3166575268713279
44,44,44,44,0.2263129568399526,0.2263129568399526,0.2263129568399526,0.2263129568399526,0.2263129568399526,0.2263129568399526,0.2263129568399526,0.2263129568399526,9.078175420636498e-07,5.554931892532431e-07,0.0139504087323959,2.8904697770492533e-07,8.074425901201925e-07,0.1453847308516347,0.1951840003713234,0.6220653977170091,-0.0012200659808623,-0.0016040527326896,10874.0,1.0,0.5151553035895896,0.3036840529445848,0.1743839025083001,0.4852039624160302,0.3762973001513523,0.6230937907219327,0.4984595826229498,0.0369596980006967,100000,30,8,0.1,5.0,0.1,0,7,0.001,1e-06,0.001,1e-07,1.0,1e-08,adamax,0,0.0,disordered,1,0.2237638346432918,0 days 02:59:44.995636,0.0012201125160147,2.4407007484846326,1.4388670489804538
45,45,45,45,0.293044697697214,0.293044697697214,0.293044697697214,0.293044697697214,0.293044697697214,0.293044697697214,0.293044697697214,0.293044697697214,0.0576245829041787,1.000148348323001,0.0605612059836929,0.0826733086958609,0.0746145232890983,0.417920300348575,0.3516285034728335,0.0874608236842671,-0.0009234506871518,-0.0011310631763703,712.0,0.0,0.8330947688085336,0.0516739391193959,0.8275951638592104,0.8127496434167762,0.9239831252875618,0.6644010411515328,0.1606236341053505,0.4419294114540377,100000,30,8,0.1,5.0,0.1,0,7,0.001,1e-06,0.001,1e-07,1.0,1e-08,adamax,0,0.0,disordered,1,0.2898151869622454,0 days 02:59:44.995636,0.0009234774256636,1.7953222067158872,1.3459039756254332
46,46,46,46,0.1439847952876006,0.1439847952876006,0.1439847952876006,0.1439847952876006,0.1439847952876006,0.1439847952876006,0.1439847952876006,0.1439847952876006,0.0819292981437423,0.1312991208603976,6.78673552298773e-07,0.3996926901843235,0.1688140877866796,0.0717287503543225,4.770826271867905e-07,9.99972764204423e-08,-0.0014799787352715,-0.0017886000245564,24514.0,0.0,0.4394326601704705,0.6323329864819148,0.3811375324040436,0.6756780879691183,0.2039073800978377,0.3533507781465587,0.5433134112873544,0.427651051214449,100000,30,8,0.1,5.0,0.1,0,7,0.001,1e-06,0.001,1e-07,1.0,1e-08,adamax,0,0.0,disordered,1,0.1430984005206484,0 days 02:59:44.995636,0.0014799871306311,2.1146718863158216,1.8316340454558946
47,47,47,47,0.2837303616516209,0.2837303616516209,0.2837303616516209,0.2837303616516209,0.2837303616516209,0.2837303616516209,0.2837303616516209,0.2837303616516209,1.000686500799206,0.4101255944614131,0.0847758943115306,0.0829441900975832,0.7580587971460537,0.0704418621402445,0.0889782454789338,0.0671547512462378,-0.0009645202317479,-0.0012846678390578,622.0,0.0,0.1225256507690002,0.9658281207625043,0.6912954021364714,0.8330350777910258,0.3574607462891465,0.9448959101690874,0.8124471005528425,0.979506245587886,100000,30,8,0.1,5.0,0.1,0,7,0.001,1e-06,0.001,1e-07,1.0,1e-08,adamax,0,0.0,disordered,1,0.2855312773566517,0 days 02:59:44.995636,0.0009645310467099,1.7471648923474916,1.3773813684191987
48,48,48,48,0.2054117348353062,0.2054117348353062,0.2054117348353062,0.2054117348353062,0.2054117348353062,0.2054117348353062,0.2054117348353062,0.2054117348353062,0.453339946190651,1.643046192081415e-07,9.99989656811478e-08,0.3745045654532564,0.0107275900573745,0.2109944193116233,0.3263672947925322,1.3298930430661644e-07,-0.0013234812414509,-0.0014879436745816,95142.0,0.0,0.1973942523898054,0.4771694766007426,0.3858489940723694,0.613894995603037,0.2502197336679601,0.1004722897506863,0.4766165868289146,0.6394719365196334,100000,30,8,0.1,5.0,0.1,0,7,0.001,1e-06,0.001,1e-07,1.0,1e-08,adamax,0,0.0,disordered,1,0.2031515696703701,0 days 02:59:44.995636,0.0013235299490744,1.7824188890690327,1.5090888079922682
49,49,49,49,0.2659804395593755,0.2659804395593755,0.2659804395593755,0.2659804395593755,0.2659804395593755,0.2659804395593755,0.2659804395593755,0.2659804395593755,0.0858365148903757,0.9402104260656724,1.1158906251826304e-05,0.2510090797197982,0.4927194514521888,0.2723503563516318,2.333151898797368e-05,1.1267478114583834e-05,-0.0010566705901909,-0.001301298758839,8949.0,1.0,0.3840154184913098,0.9874393427162872,0.4059887721488981,0.299815542437813,0.8138978250995115,0.466689803032796,0.2732167826992071,0.2864910244716064,100000,30,8,0.1,5.0,0.1,0,7,0.001,1e-06,0.001,1e-07,1.0,1e-08,adamax,0,0.0,disordered,1,0.2672535799346076,0 days 02:59:44.995636,0.0010566774311148,1.611946362722715,1.4118089124893556
50,50,50,50,0.2337423870891812,0.2337423870891812,0.2337423870891812,0.2337423870891812,0.2337423870891812,0.2337423870891812,0.2337423870891812,0.2337423870891812,3.943486946465604e-05,4.952006440233973e-05,0.586381246094857,4.330371034025063e-05,0.6077918151023919,1.631103925175504e-05,0.2946117865617363,0.0210902792240138,-0.001105900060958,-0.001220388084919,7546.0,1.0,0.9471557892442384,0.961736748159922,0.6462368962429871,0.2787679766747637,0.7113690437189849,0.2167694819361088,0.3220846874139359,0.5417363597027655,100000,30,8,0.1,5.0,0.1,0,7,0.001,1e-06,0.001,1e-07,1.0,1e-08,adamax,0,0.0,disordered,1,0.2360518261537685,0 days 02:59:44.995636,0.0011059278242788,1.5918753135589676,1.4857489197084568
51,51,51,51,0.3794532847236935,0.3794532847236935,0.3794532847236935,0.3794532847236935,0.3794532847236935,0.3794532847236935,0.3794532847236935,0.3794532847236935,0.1110118349935794,0.1826413818411819,1.0008019733264786,0.3211892416857337,0.7497219019265982,0.1049725952019442,0.1223547047229792,0.1255513526373978,-0.0008068497965082,-0.0009796175709318,574.0,0.0,0.4011441611645456,0.3510238626345868,0.974134429486488,0.170206174479749,0.6137785589494178,0.0385413894838495,0.0917147371339044,0.2099960050117245,100000,30,8,0.1,5.0,0.1,0,7,0.001,1e-06,0.001,1e-07,1.0,1e-08,adamax,0,0.0,disordered,1,0.3754895243315962,0 days 02:59:44.995636,0.0008068817444098,1.329867899180504,1.3260400044239968
52,52,52,52,0.3228628202536728,0.3228628202536728,0.3228628202536728,0.3228628202536728,0.3228628202536728,0.3228628202536728,0.3228628202536728,0.3228628202536728,0.2562117274827388,0.1114924443280409,0.2576896106421927,1.00010674137232,0.2526470946349784,0.1030598869055678,0.1147638262347629,0.2672092508932765,-0.0008890208967106,-0.0010717147270071,683.0,0.0,0.9916861960144648,0.7264246392278,0.8680380956291989,0.0494837846367165,0.6814384526526729,0.4399364794360058,0.4164199485553493,0.7082547942479717,100000,30,8,0.1,5.0,0.1,0,7,0.001,1e-06,0.001,1e-07,1.0,1e-08,adamax,0,0.0,disordered,1,0.3178369127586662,0 days 02:59:44.995636,0.0008890869234563,1.4608993271403272,1.3873585908087758
53,53,53,53,0.1306870229743345,0.1306870229743345,0.1306870229743345,0.1306870229743345,0.1306870229743345,0.1306870229743345,0.1306870229743345,0.1306870229743345,0.2692394429130894,0.0456160896926798,0.2164804535804813,5.375898888415907e-06,0.1970374075944728,0.199719761235605,6.978634608247628e-06,0.1908300499296338,-0.0017217500332292,-0.0018832214811531,9023.0,1.0,0.3083189505355805,0.5134678232710247,0.2607247218237164,0.3914040705924085,0.5333261752047522,0.1578810028262631,0.2761871219052035,0.4204059052215403,100000,30,8,0.1,5.0,0.1,0,7,0.001,1e-06,0.001,1e-07,1.0,1e-08,adamax,0,0.0,disordered,1,0.1323361216825574,0 days 02:59:44.995636,0.0017218100560383,1.9448269121658572,1.8449132849184744
54,54,54,54,0.31260072430687,0.31260072430687,0.31260072430687,0.31260072430687,0.31260072430687,0.31260072430687,0.31260072430687,0.31260072430687,0.2906310121463393,0.2041382175940981,0.0571930249903935,3.170565901882175e-07,0.9169666369980206,0.1215481504507231,4.434751727228925e-07,0.3483583673483021,-0.0009765236164198,-0.0011826551694153,100000.0,0.0,0.4727479785281554,0.8000039680110183,0.6429501138675994,0.5624900665221173,0.8698673937003966,0.1973488647767637,0.1040830351780349,0.3937252133677354,100000,30,8,0.1,5.0,0.1,0,7,0.001,1e-06,0.001,1e-07,1.0,1e-08,adamax,0,0.0,disordered,1,0.3120434228063871,0 days 02:59:44.995636,0.0009765247341618,1.3388798643228874,1.2831552039111327
55,55,55,55,0.3026648059395688,0.3026648059395688,0.3026648059395688,0.3026648059395688,0.3026648059395688,0.3026648059395688,0.3026648059395688,0.3026648059395688,0.8130510701031425,0.0342844330401923,1.0130240834085565e-06,0.7954058271911519,0.0656157301352987,0.2388762013763335,1.0794010101328845e-06,0.7937522775322592,-0.000945812141086,-0.0010874732898163,100000.0,0.0,0.1371899555572782,0.5559810381008665,0.5736433320658848,0.1315935497496901,0.7160539946963933,0.5565394834256112,0.4231819942696411,0.917481773299308,100000,30,8,0.1,5.0,0.1,0,7,0.001,1e-06,0.001,1e-07,1.0,1e-08,adamax,0,0.0,disordered,1,0.2982605108569028,0 days 02:59:44.995636,0.0009458734255839,1.77153156022863,1.3733119502301079
56,56,56,56,0.4317879727332017,0.4317879727332017,0.4317879727332017,0.4317879727332017,0.4317879727332017,0.4317879727332017,0.4317879727332017,0.4317879727332017,1.000996088174526,0.1637438787495898,0.4068928713524876,0.7715224115270926,0.581708027510074,0.5364674853384661,0.2035836238050928,0.1808263485989967,-0.0006892505747391,-0.0007626294806199,422.0,0.0,0.8559122943833432,0.2209691637648669,0.166583176525819,0.9155364039147176,0.1572518885137706,0.7572063264186215,0.3125170158121136,0.3611853466325139,100000,30,8,0.1,5.0,0.1,0,7,0.001,1e-06,0.001,1e-07,1.0,1e-08,adamax,0,0.0,disordered,1,0.4342172647934537,0 days 02:59:44.995636,0.0006892575842906,1.2438219353924185,1.2943792881541138
57,57,57,57,0.4606028844202396,0.4606028844202396,0.4606028844202396,0.4606028844202396,0.4606028844202396,0.4606028844202396,0.4606028844202396,0.4606028844202396,0.1699403752947723,0.990688732366896,0.4087527987096677,0.3091055838514508,0.5289667905398427,0.2025461778414127,0.1689828182533798,1.000006596373739,-0.0007014048306192,-0.0007779172531556,443.0,0.0,0.5537246459677773,0.9259641674233372,0.0020568430646198,0.1622873344023199,0.7202117786599489,0.3944665294244958,0.2878104198967977,0.9628956581275414,100000,30,8,0.1,5.0,0.1,0,7,0.001,1e-06,0.001,1e-07,1.0,1e-08,adamax,0,0.0,disordered,1,0.4539640701445883,0 days 02:59:44.995636,0.0007014642772976,1.2379479789096641,1.2207951406005313
58,58,58,58,0.2493409369951876,0.2493409369951876,0.2493409369951876,0.2493409369951876,0.2493409369951876,0.2493409369951876,0.2493409369951876,0.2493409369951876,0.9071934320839976,1.4251521588494936e-07,0.2080087818659059,1.0210321399816873e-07,1.2277367825464736e-07,9.999894605403109e-08,0.0657588880106242,0.861892975051098,-0.0011567325117773,-0.0016503312161442,35998.0,0.0,0.2640284233242796,0.7141669578683888,0.964225669092555,0.7627660562464376,0.7094140359205118,0.7232067127676901,0.8052261068309458,0.2712136489199229,100000,30,8,0.1,5.0,0.1,0,7,0.001,1e-06,0.001,1e-07,1.0,1e-08,adamax,0,0.0,disordered,1,0.2460883057654034,0 days 02:59:44.995636,0.0011567967173641,2.1190949452812866,1.2190640558155108
59,59,59,59,0.3444087275973818,0.3444087275973818,0.3444087275973818,0.3444087275973818,0.3444087275973818,0.3444087275973818,0.3444087275973818,0.3444087275973818,0.2683337522156182,0.1432930811401104,2.622447214016845e-05,1.272328286395191e-05,0.4152092407624259,0.799501015709144,4.3007285608071823e-05,0.035811403343369,-0.0009157053509491,-0.0012597708607013,8997.0,1.0,0.6266867251784247,0.802885894043567,0.8882296412968325,0.9058341532080582,0.903896393587496,0.0976337994648727,0.3764060873778814,0.4563920834904191,100000,30,8,0.1,5.0,0.1,0,7,0.001,1e-06,0.001,1e-07,1.0,1e-08,adamax,0,0.0,disordered,1,0.3478534291466651,0 days 02:59:44.995636,0.0009157445478776,1.228512561146779,1.1651604097371577
60,60,60,60,0.4047756965997316,0.4047756965997316,0.4047756965997316,0.4047756965997316,0.4047756965997316,0.4047756965997316,0.4047756965997316,0.4047756965997316,0.7423889148545211,0.2159414913050577,0.118304358542681,0.1981509223741789,0.1148136758537862,1.0004956754404886,0.2294286155859072,0.1307980652882659,-0.000770307784021,-0.0009161166450552,560.0,0.0,0.8916854039669163,0.4192536193798634,0.2649121033591305,0.0198587731592583,0.2887542777621654,0.7807241847334279,0.0201709380598515,0.1649939279484876,100000,30,8,0.1,5.0,0.1,0,7,0.001,1e-06,0.001,1e-07,1.0,1e-08,adamax,0,0.0,disordered,1,0.4095663695202617,0 days 02:59:44.995636,0.0007703500243587,1.415869094708321,1.2170579793418943
61,61,61,61,0.31260072430687,0.31260072430687,0.31260072430687,0.31260072430687,0.31260072430687,0.31260072430687,0.31260072430687,0.31260072430687,0.0828106635070559,3.565363690449277e-05,4.264068916043531e-05,0.854876509234726,0.3007367513326814,0.3574288866015709,0.0750646208196765,0.1119446220366314,-0.0009502556572264,-0.0011005442668032,7490.0,1.0,0.3109684208465644,0.5320110718845206,0.3630433181948137,0.8826396945897659,0.2074776288518643,0.5616344004190236,0.7778175051376995,0.9296082290939864,100000,30,8,0.1,5.0,0.1,0,7,0.001,1e-06,0.001,1e-07,1.0,1e-08,adamax,0,0.0,disordered,1,0.309388366409438,0 days 02:59:44.995636,0.000950290846869,1.4306922208580881,1.3859175447930143
62,62,62,62,0.3557150206821381,0.3557150206821381,0.3557150206821381,0.3557150206821381,0.3557150206821381,0.3557150206821381,0.3557150206821381,0.3557150206821381,0.0124194211696921,0.7983617593503116,0.0637244966263343,0.0882821091259504,0.4674274120404212,0.1752881375546856,0.045937966694304,1.000005535613273,-0.0008399730187513,-0.0009709447150479,1787.0,0.0,0.8734802733413756,0.1355210037406805,0.7918000796455894,0.6753462694980112,0.4216035573870036,0.0255670989624631,0.1679814709579863,0.7494608262320578,100000,30,8,0.1,5.0,0.1,0,7,0.001,1e-06,0.001,1e-07,1.0,1e-08,adamax,0,0.0,disordered,1,0.3555230695711279,0 days 02:59:44.995636,0.0008399731806588,1.5907059725993966,1.2488657635050264
63,63,63,63,0.1925613572129196,0.1925613572129196,0.1925613572129196,0.1925613572129196,0.1925613572129196,0.1925613572129196,0.1925613572129196,0.1925613572129196,0.6916105428702027,5.456984887021749e-07,1.33656238487325e-06,0.6113579257014151,9.99963523049217e-08,1.503723995246667e-06,3.063235733724432e-07,0.3353132550619986,-0.001257642601458,-0.0017272689503671,14664.0,0.0,0.0840047677767746,0.3126499249880641,0.2552124382766044,0.7461008968986407,0.3590598291763175,0.0871882409887518,0.3704421018161166,0.3268298767186818,100000,30,8,0.1,5.0,0.1,0,7,0.001,1e-06,0.001,1e-07,1.0,1e-08,adamax,0,0.0,disordered,1,0.1934891308089854,0 days 02:59:44.995636,0.0012576485785733,2.4002811180604993,1.5836474326845533
64,64,64,64,0.1638433645577982,0.1638433645577982,0.1638433645577982,0.1638433645577982,0.1638433645577982,0.1638433645577982,0.1638433645577982,0.1638433645577982,1.2313236675990526e-06,2.053628044161602e-06,3.647672158201817e-06,0.3880154750568969,0.0524069316113638,0.3968207658240456,0.0079125285374111,4.91698679994972e-06,-0.0014268180735274,-0.0017428895718486,9585.0,1.0,0.7170213673193974,0.3201222201986879,0.6936156490920399,0.538594453433759,0.8877328287244716,0.7333651729435877,0.4079187425363865,0.4849095181984443,100000,30,8,0.1,5.0,0.1,0,7,0.001,1e-06,0.001,1e-07,1.0,1e-08,adamax,0,0.0,disordered,1,0.1663733987540063,0 days 02:59:44.995636,0.0014268863539305,1.8553382300457384,1.6314079210284906
65,65,65,65,0.2054117348353062,0.2054117348353062,0.2054117348353062,0.2054117348353062,0.2054117348353062,0.2054117348353062,0.2054117348353062,0.2054117348353062,4.591834522603097e-06,0.7307165116587621,0.4870590708026889,1.4283693303204276e-05,0.0115210618681088,0.0003813298091992,0.0947871839238366,1.2913755057995663e-05,-0.0013431741036878,-0.0020466705187218,8828.0,1.0,0.4713857598653367,0.871702397518525,0.1380361717125459,0.4242300124285143,0.5349120574812903,0.436222832238696,0.5980284679987804,0.4988430954198491,100000,30,8,0.1,5.0,0.1,0,7,0.001,1e-06,0.001,1e-07,1.0,1e-08,adamax,0,0.0,disordered,1,0.2076783827671024,0 days 02:59:44.995636,0.0013432265546152,2.121818475367526,1.487599164650006
66,66,66,66,0.3794532847236935,0.3794532847236935,0.3794532847236935,0.3794532847236935,0.3794532847236935,0.3794532847236935,0.3794532847236935,0.3794532847236935,0.318441711492948,0.1475343730013904,0.2602274551056837,0.1144734564784214,0.4604302505967881,0.3986526363120888,0.1065498298304741,1.000197758733451,-0.0008058691911433,-0.0008774614078826,754.0,0.0,0.4136957426619674,0.6868129726159958,0.329322465708467,0.6069010136690235,0.7285583473338744,0.1306466357938829,0.326452101504932,0.9447045555986052,100000,30,8,0.1,5.0,0.1,0,7,0.001,1e-06,0.001,1e-07,1.0,1e-08,adamax,0,0.0,disordered,1,0.3831834322168589,0 days 02:59:44.995636,0.0008058982709428,1.438984435842046,1.2607861873394306
67,67,67,67,0.2659804395593755,0.2659804395593755,0.2659804395593755,0.2659804395593755,0.2659804395593755,0.2659804395593755,0.2659804395593755,0.2659804395593755,0.0697027477353582,0.4220828102865481,1.0018761139114076,0.2100482902227636,0.0716568427954352,0.1071494224462707,0.1023212290762471,0.0737994210810067,-0.000966521701959,-0.0013882945996768,583.0,0.0,0.9660212875626244,0.9923887631356604,0.0425258338882709,0.8265087689118491,0.9352758069942098,0.901944440055244,0.7149413034806142,0.6756193428878896,100000,30,8,0.1,5.0,0.1,0,7,0.001,1e-06,0.001,1e-07,1.0,1e-08,adamax,0,0.0,disordered,1,0.2696393566425029,0 days 02:59:44.995636,0.0009665612153476,1.609102422421112,1.4770279920572735
68,68,68,68,0.3919100249433399,0.3919100249433399,0.3919100249433399,0.3919100249433399,0.3919100249433399,0.3919100249433399,0.3919100249433399,0.3919100249433399,1.507855235526462e-05,2.934097645040592e-05,0.0773690706599596,0.4889608502927747,5.548792436550912e-05,0.7832269701615652,0.4235367879410093,3.860820370737441e-05,-0.0008090624632238,-0.0009740817518769,8294.0,1.0,0.7196066164883864,0.5748858181470116,0.7884200798433164,0.5019296038006482,0.2259374998912283,0.0943490249781668,0.9082557233023724,0.7548789814030864,100000,30,8,0.1,5.0,0.1,0,7,0.001,1e-06,0.001,1e-07,1.0,1e-08,adamax,0,0.0,disordered,1,0.3982393766199129,0 days 02:59:44.995636,0.0008091532167846,1.4784719901798724,1.206451363063515
69,69,69,69,0.1692220351641035,0.1692220351641035,0.1692220351641035,0.1692220351641035,0.1692220351641035,0.1692220351641035,0.1692220351641035,0.1692220351641035,0.2711581516256457,0.920456960989442,9.999926852524873e-08,0.2405342212401849,0.0243417472180543,0.1227331270536709,1.5921296464138834e-07,0.1026305430491797,-0.0014108751338279,-0.0017264238654853,22898.0,0.0,0.177241935760343,0.8224582773234224,0.3003467529241774,0.6356549721085979,0.3561528577486986,0.2141630863306429,0.1756087637828115,0.0709503107444076,100000,30,8,0.1,5.0,0.1,0,7,0.001,1e-06,0.001,1e-07,1.0,1e-08,adamax,0,0.0,disordered,1,0.1707736157018454,0 days 02:59:44.995636,0.0014109031789757,2.0452262446728056,1.4768429479843366
70,70,70,70,0.31260072430687,0.31260072430687,0.31260072430687,0.31260072430687,0.31260072430687,0.31260072430687,0.31260072430687,0.31260072430687,0.0089999240512012,0.0088983259387493,0.1965426272644818,1.0000729734768905,0.0024443779778332,0.0471237429447502,0.0025692961802392,0.4168191231384405,-0.000942383876328,-0.0013673116313314,2193.0,0.0,0.0744385563946585,0.0690902107325821,0.0899187666373716,0.8340292890000545,0.5178083255163458,0.1285840147994693,0.5249946488828098,0.5426298015540887,100000,30,8,0.1,5.0,0.1,0,7,0.001,1e-06,0.001,1e-07,1.0,1e-08,adamax,0,0.0,disordered,1,0.3148148849004341,0 days 02:59:44.995636,0.0009423998319052,1.7170869341378854,1.3057121427682012
71,71,71,71,0.4180637241455752,0.4180637241455752,0.4180637241455752,0.4180637241455752,0.4180637241455752,0.4180637241455752,0.4180637241455752,0.4180637241455752,0.1366584879657146,0.2382884081316788,0.0202352828052128,0.7262419711690046,0.0002105060278028,0.2359112810262295,0.57473507460191,0.6653464866778828,-0.00074055247325,-0.000816764967819,7882.0,1.0,0.4965920349441739,0.2064863646169302,0.4343978872245304,0.8708564535693805,0.3837354777850742,0.5039852429121634,0.9302423990750158,0.2328013979444163,100000,30,8,0.1,5.0,0.1,0,7,0.001,1e-06,0.001,1e-07,1.0,1e-08,adamax,0,0.0,disordered,1,0.4123443190203916,0 days 02:59:44.995636,0.0007406025393301,1.5931795742101282,1.246766308796512
72,72,72,72,0.2414157116103016,0.2414157116103016,0.2414157116103016,0.2414157116103016,0.2414157116103016,0.2414157116103016,0.2414157116103016,0.2414157116103016,8.965829219642381e-05,0.1629066571018912,0.3175832359601683,0.2677247174345724,0.0001012051222412,0.4951112523844495,0.1985390730486763,1.285453298391606e-05,-0.001160229517167,-0.0013094509153067,8869.0,1.0,0.7255076868062386,0.4838413345039069,0.7873679132996416,0.3596735148257848,0.5423586148739377,0.3682859436514883,0.8661492404529617,0.9148178896585872,100000,30,8,0.1,5.0,0.1,0,7,0.001,1e-06,0.001,1e-07,1.0,1e-08,adamax,0,0.0,disordered,1,0.2388393363452798,0 days 02:59:44.995636,0.0011602722584646,1.6339339972889748,1.4873869522161212
73,73,73,73,0.4317879727332017,0.4317879727332017,0.4317879727332017,0.4317879727332017,0.4317879727332017,0.4317879727332017,0.4317879727332017,0.4317879727332017,0.4682879360012856,0.1435986057988401,0.0950961440821861,0.0644786032064132,0.0363408773650285,0.878681318056626,0.0901019702825242,1.0000778179131058,-0.0006799226485983,-0.00083386946738,1077.0,0.0,0.6318212838540919,0.9810202364628208,0.7320556819078485,0.8304239319682308,0.8947206498619251,0.2719057617661202,0.986677930317109,0.3904140233428148,100000,30,8,0.1,5.0,0.1,0,7,0.001,1e-06,0.001,1e-07,1.0,1e-08,adamax,0,0.0,disordered,1,0.4262011438476714,0 days 02:59:44.995636,0.0006799549063247,1.7440371917972406,1.2519210211482896
74,74,74,74,0.2575263326771198,0.2575263326771198,0.2575263326771198,0.2575263326771198,0.2575263326771198,0.2575263326771198,0.2575263326771198,0.2575263326771198,0.1960500224457624,0.3687573137305189,0.7907291545749944,1.3511544233993485e-07,0.5057898769888042,0.1667909163240836,9.247230020316049e-06,9.999916800592017e-08,-0.0010460937571869,-0.0012541927389611,59582.0,0.0,0.4972125438158516,0.1803237316629968,0.8214787850033072,0.3368976266911904,0.6893444454848344,0.2183555948683124,0.3513630605551295,0.3842444862829067,100000,30,8,0.1,5.0,0.1,0,7,0.001,1e-06,0.001,1e-07,1.0,1e-08,adamax,0,0.0,disordered,1,0.2548716335284547,0 days 02:59:44.995636,0.0010461251606839,1.762295779561767,1.4937641284610776
75,75,75,75,0.3557150206821381,0.3557150206821381,0.3557150206821381,0.3557150206821381,0.3557150206821381,0.3557150206821381,0.3557150206821381,0.3557150206821381,0.0752285758024735,1.000170176302699,0.1840283834327616,0.842285643990426,0.240057182699056,0.0704200161572322,0.132923914120271,0.1162330297630035,-0.0008903679867358,-0.001082828520028,808.0,0.0,0.2366239939357128,0.0350634420691885,0.7702089160972269,0.9503546630566791,0.226247857556275,0.1626513649707077,0.3476041753555777,0.0827660016297126,100000,30,8,0.1,5.0,0.1,0,7,0.001,1e-06,0.001,1e-07,1.0,1e-08,adamax,0,0.0,disordered,1,0.3546105542580116,0 days 02:59:44.995636,0.0008903720184885,1.323425726862568,1.2221984537796997
76,76,76,76,0.1692220351641035,0.1692220351641035,0.1692220351641035,0.1692220351641035,0.1692220351641035,0.1692220351641035,0.1692220351641035,0.1692220351641035,0.4275921994937944,9.081036968445056e-06,0.5098669639415914,0.0655931209795763,0.0117406430170313,1.076809482545409e-05,7.483752337583742e-06,0.5476388934056003,-0.0015499753088494,-0.0019554968804473,9599.0,1.0,0.6497328757632396,0.3685525191996099,0.5624785542668137,0.9058499863649656,0.8615793288939493,0.9216768590469784,0.9350577167713908,0.5898193600864983,100000,30,8,0.1,5.0,0.1,0,7,0.001,1e-06,0.001,1e-07,1.0,1e-08,adamax,0,0.0,disordered,1,0.1695301878782659,0 days 02:59:44.995636,0.0015499769906826,1.4669529823852807,1.4128261238841358
77,77,77,77,0.3026648059395688,0.3026648059395688,0.3026648059395688,0.3026648059395688,0.3026648059395688,0.3026648059395688,0.3026648059395688,0.3026648059395688,0.8618456180726725,6.128938607558879e-07,0.2192220354365056,0.4709204358058367,0.2099365816040898,0.517562049853563,0.2197899521834604,7.175838855451566e-07,-0.0009726553705526,-0.0010364781309627,100000.0,0.0,0.5023002858629506,0.0376151656370696,0.1024413113800782,0.5239233948745965,0.8560083046111611,0.4326345607117319,0.0037293622863878,0.2123031061951699,100000,30,8,0.1,5.0,0.1,0,7,0.001,1e-06,0.001,1e-07,1.0,1e-08,adamax,0,0.0,disordered,1,0.3032102269226153,0 days 02:59:44.995636,0.0009726562413376,1.1970518425843988,1.2578452190155733
78,78,78,78,0.333461801578636,0.333461801578636,0.333461801578636,0.333461801578636,0.333461801578636,0.333461801578636,0.333461801578636,0.333461801578636,1.0002367018291762,0.0969933287669472,0.1167972096011465,0.2507179025907683,0.2403769956584041,0.3347169127913003,0.5776317122029918,0.1165309627551898,-0.0008936946677313,-0.0009710062724456,580.0,0.0,0.7599704182197689,0.1584179885297779,0.1995763351554023,0.2855360642034483,0.6092833765614685,0.8364055547707432,0.2188948374279186,0.5994678737814576,100000,30,8,0.1,5.0,0.1,0,7,0.001,1e-06,0.001,1e-07,1.0,1e-08,adamax,0,0.0,disordered,1,0.3344015004942395,0 days 02:59:44.995636,0.000893697278356,1.263842073248387,1.2457879545951487
79,79,79,79,0.2747120789270809,0.2747120789270809,0.2747120789270809,0.2747120789270809,0.2747120789270809,0.2747120789270809,0.2747120789270809,0.2747120789270809,2.004724129190121e-06,0.1018572106269825,1.6886853131563722e-06,0.3090396284776456,0.5217919188704789,9.99793928133456e-07,4.548709293194852e-05,1.1617255560994112e-06,-0.0009512664014055,-0.0013114752058354,9354.0,1.0,0.5299406131466844,0.4448642064761482,0.5804205236557797,0.8141185235724825,0.2174880566784605,0.4972341508794262,0.0979205611461283,0.5132375550687044,100000,30,8,0.1,5.0,0.1,0,7,0.001,1e-06,0.001,1e-07,1.0,1e-08,adamax,0,0.0,disordered,1,0.2749863103758067,0 days 02:59:44.995636,0.0009512665910181,2.4028173607949856,1.4150310683642866
80,80,80,80,0.2337423870891812,0.2337423870891812,0.2337423870891812,0.2337423870891812,0.2337423870891812,0.2337423870891812,0.2337423870891812,0.2337423870891812,0.0001752982852801,0.5607108057132213,0.3073153553432463,0.0714591156010204,0.2621059546904148,0.0157961446870012,0.3790159078752176,0.1527358130171605,-0.0011546925726583,-0.0012357585175472,6353.0,1.0,0.7910078573202679,0.998558890651704,0.4756930540857839,0.2966034006997566,0.5795035819171939,0.3717520548106484,0.1170023891195599,0.5244985720304953,100000,30,8,0.1,5.0,0.1,0,7,0.001,1e-06,0.001,1e-07,1.0,1e-08,adamax,0,0.0,disordered,1,0.2304948285139777,0 days 02:59:44.995636,0.001154757782374,1.5619850691111836,1.4259692775553636
81,81,81,81,0.2837303616516209,0.2837303616516209,0.2837303616516209,0.2837303616516209,0.2837303616516209,0.2837303616516209,0.2837303616516209,0.2837303616516209,0.1875394500751347,2.51107066848882e-05,0.635810030546765,0.304002012278949,2.8815517137892504e-05,0.164284890938484,0.31381410838433,0.3154703621011991,-0.0010603387230168,-0.0011935485653813,8831.0,1.0,0.7991356910058783,0.8911272873731255,0.9781111877004136,0.367724622858563,0.2516651775815243,0.1108207735463092,0.4362319172994092,0.8070271602470545,100000,30,8,0.1,5.0,0.1,0,7,0.001,1e-06,0.001,1e-07,1.0,1e-08,adamax,0,0.0,disordered,1,0.285318927881443,0 days 02:59:44.995636,0.0010603515207567,1.2595550886487366,1.218782425459285
82,82,82,82,0.4180637241455752,0.4180637241455752,0.4180637241455752,0.4180637241455752,0.4180637241455752,0.4180637241455752,0.4180637241455752,0.4180637241455752,1.000157615108397,0.1566413522707754,0.1538522689243985,0.572966555059876,0.1761461320066533,0.1862206590012303,0.3240793279854717,0.9683387161589836,-0.0007339541801919,-0.0008482669115003,450.0,0.0,0.2346447876245176,0.8495664980662655,0.7117370178186778,0.2009428205260435,0.6317515391392956,0.8196921827935082,0.9328703661209736,0.1622147636965876,100000,30,8,0.1,5.0,0.1,0,7,0.001,1e-06,0.001,1e-07,1.0,1e-08,adamax,0,0.0,disordered,1,0.4216357018231831,0 days 02:59:44.995636,0.0007339738688695,1.4052452732719025,1.1749560912282302
83,83,83,83,0.3919100249433399,0.3919100249433399,0.3919100249433399,0.3919100249433399,0.3919100249433399,0.3919100249433399,0.3919100249433399,0.3919100249433399,0.1072471409104054,0.7282095383140548,0.0984257012691862,0.1271025771026114,1.0000965741614976,0.0884521476514833,0.1321791040654236,0.5617371640871293,-0.000789610244713,-0.0009091783971313,667.0,0.0,0.8220151936558258,0.775849087831725,0.243721640641587,0.2945814106681431,0.9570840322522522,0.3620160579603561,0.2889761052504432,0.7200111192047169,100000,30,8,0.1,5.0,0.1,0,7,0.001,1e-06,0.001,1e-07,1.0,1e-08,adamax,0,0.0,disordered,1,0.3903174273017758,0 days 02:59:44.995636,0.000789615091375,1.431618016395921,1.2819752768961772
84,84,84,84,0.1747772774464679,0.1747772774464679,0.1747772774464679,0.1747772774464679,0.1747772774464679,0.1747772774464679,0.1747772774464679,0.1747772774464679,0.7575327904310237,1.4144262623743169e-05,0.148149920972604,8.256226405559679e-06,0.0437924703881513,1.947158828851391e-05,0.2482275782596412,0.432700145728442,-0.0014052837366719,-0.0017286643214983,9065.0,1.0,0.1329060104599528,0.4831693166218948,0.3581331262376146,0.5439863429623552,0.6032501438505057,0.6401074539004775,0.4323990581888032,0.8869324087540136,100000,30,8,0.1,5.0,0.1,0,7,0.001,1e-06,0.001,1e-07,1.0,1e-08,adamax,0,0.0,disordered,1,0.1743189968211731,0 days 02:59:44.995636,0.0014052860227139,1.8257349633715358,1.3894203419558881
85,85,85,85,0.2414157116103016,0.2414157116103016,0.2414157116103016,0.2414157116103016,0.2414157116103016,0.2414157116103016,0.2414157116103016,0.2414157116103016,2.94412111521377e-05,0.8979372408881036,3.750267815006248e-06,0.0601356891371689,4.74873989955152e-06,0.439907813701203,0.2647338828265966,0.2161332541435599,-0.001147111501797,-0.0012824270839287,8459.0,1.0,0.8356760923639591,0.9333577853920362,0.4459056416232484,0.7300859144743024,0.4306957867862729,0.2787827545306491,0.6518864471172541,0.9459871575106308,100000,30,8,0.1,5.0,0.1,0,7,0.001,1e-06,0.001,1e-07,1.0,1e-08,adamax,0,0.0,disordered,1,0.2407042526524372,0 days 02:59:44.995636,0.00114711402182,1.7241658956711081,1.4473327465673222
86,86,86,86,0.4317879727332017,0.4317879727332017,0.4317879727332017,0.4317879727332017,0.4317879727332017,0.4317879727332017,0.4317879727332017,0.4317879727332017,0.9936218622573686,3.277175532791681e-05,0.7136791521590523,0.089882066027028,0.2996091904402169,2.8046822050396565e-06,0.7556802205327137,4.031465933877288e-06,-0.0006813312773882,-0.000912110007033,8719.0,1.0,0.8043078809051966,0.2852017743720174,0.2281057563615371,0.771645461188267,0.70512847943679,0.8636017462548002,0.1463616109588943,0.8616792361529133,100000,30,8,0.1,5.0,0.1,0,7,0.001,1e-06,0.001,1e-07,1.0,1e-08,adamax,0,0.0,disordered,1,0.4272964185401126,0 days 02:59:44.995636,0.0006813525679614,1.6764389346818167,1.2366191307159777
87,87,87,87,0.4606028844202396,0.4606028844202396,0.4606028844202396,0.4606028844202396,0.4606028844202396,0.4606028844202396,0.4606028844202396,0.4606028844202396,0.2650824015636217,6.105895656165567e-05,0.996878643203238,4.344140188246472e-05,0.5980801725390211,0.7022251983781878,7.67015066180754e-05,0.6842348936633673,-0.0007074400051002,-0.0007820538479638,8537.0,1.0,0.4326254526587491,0.2733454783925543,0.3432446624926287,0.993503904012744,0.956032125019662,0.0837460354801209,0.3151884677170894,0.7195790246564682,100000,30,8,0.1,5.0,0.1,0,7,0.001,1e-06,0.001,1e-07,1.0,1e-08,adamax,0,0.0,disordered,1,0.4618988716677876,0 days 02:59:44.995636,0.0007074417856276,1.1914418462755147,1.176245001044138
88,88,88,88,0.4180637241455752,0.4180637241455752,0.4180637241455752,0.4180637241455752,0.4180637241455752,0.4180637241455752,0.4180637241455752,0.4180637241455752,0.1162334416480406,0.113264142955204,0.3830131687858238,1.0003214097758075,0.102292999836363,0.1002605330981994,0.6580435361588615,0.0982256252068185,-0.0007411072716753,-0.0008510520909256,653.0,0.0,0.0353251316082889,0.0359236544371629,0.0448902934218323,0.8684448332578513,0.333732439660985,0.3187398327715118,0.7933438210501507,0.3185662914766022,100000,30,8,0.1,5.0,0.1,0,7,0.001,1e-06,0.001,1e-07,1.0,1e-08,adamax,0,0.0,disordered,1,0.4193684928211184,0 days 02:59:44.995636,0.0007411102540594,1.3787328496613593,1.2403613773955204
89,89,89,89,0.3794532847236935,0.3794532847236935,0.3794532847236935,0.3794532847236935,0.3794532847236935,0.3794532847236935,0.3794532847236935,0.3794532847236935,0.7194679794338661,0.0394893694253878,0.0262253521159098,0.1525953926596291,0.0537568195400011,1.0000593807711455,0.1670437329750093,0.0267470789561865,-0.0008633075200518,-0.0011141467257832,1551.0,0.0,0.7384308555952237,0.3693407284032201,0.2975193133791652,0.3872265142953374,0.1680372426068077,0.0750111463073801,0.8712014465037485,0.8683831797645515,100000,30,8,0.1,5.0,0.1,0,7,0.001,1e-06,0.001,1e-07,1.0,1e-08,adamax,0,0.0,disordered,1,0.3747331185389819,0 days 02:59:44.995636,0.0008633675468044,1.4056163630632437,1.1932563964056484
90,90,90,90,0.3444087275973818,0.3444087275973818,0.3444087275973818,0.3444087275973818,0.3444087275973818,0.3444087275973818,0.3444087275973818,0.3444087275973818,0.2554440776548123,0.1907765312919208,0.1442732143204779,0.529729385112574,1.590632143349091e-07,0.9165172031689094,0.0522508234684558,1.5217649720645978e-07,-0.0009034599396576,-0.0010583591804519,100000.0,0.0,0.4608213428635008,0.6883762257244914,0.862649616262373,0.3907233758976288,0.7118103284257594,0.7547914201079906,0.0780746100305868,0.1381620728272963,100000,30,8,0.1,5.0,0.1,0,7,0.001,1e-06,0.001,1e-07,1.0,1e-08,adamax,0,0.0,disordered,1,0.3452370227119579,0 days 02:59:44.995636,0.0009034621240549,1.4851159041880382,1.273770761440083
91,91,91,91,0.2747120789270809,0.2747120789270809,0.2747120789270809,0.2747120789270809,0.2747120789270809,0.2747120789270809,0.2747120789270809,0.2747120789270809,4.873925360885083e-06,5.123656945047201e-06,0.6944657277747026,2.279535796446082e-06,0.7876498918377108,0.0035275853613625,4.5608380969240286e-05,0.3572800199370158,-0.0010300359060374,-0.001345381169381,8950.0,1.0,0.7503299824856386,0.7056489373809989,0.1852674819801918,0.8267319229556759,0.8009011709823957,0.332743528625158,0.3402819990903042,0.1105719933342548,100000,30,8,0.1,5.0,0.1,0,7,0.001,1e-06,0.001,1e-07,1.0,1e-08,adamax,0,0.0,disordered,1,0.274003693229078,0 days 02:59:44.995636,0.0010300379289102,1.8692346177161305,1.4038979471934045
92,92,92,92,0.0295761665899325,0.0295761665899325,0.0295761665899325,0.0295761665899325,0.0295761665899325,0.0295761665899325,0.0295761665899325,0.0295761665899325,8.048866681074155e-06,0.485974241568647,0.0215130963986187,0.1467530043265679,1.510468810890589e-06,0.47363475302926,1.7485529624498104e-06,0.068212629501051,-0.0010979961257862,-0.0014994501408429,8528.0,1.0,0.4454831559739022,0.1097612600786275,0.5434071419217806,0.6245833168710772,0.5819411427086918,0.0716485438516428,0.6216704469983908,0.7522149311552978,100000,30,8,0.1,5.0,0.1,0,7,0.001,1e-06,0.001,1e-07,1.0,1e-08,adamax,0,0.0,disordered,1,0.0295128415198253,0 days 02:59:44.995636,0.0010979969891551,2.3662462197687053,2.492694850992847
93,93,93,93,0.2659804395593755,0.2659804395593755,0.2659804395593755,0.2659804395593755,0.2659804395593755,0.2659804395593755,0.2659804395593755,0.2659804395593755,0.7743790484011781,0.2598778179153835,9.998306975298713e-08,0.206432109297959,1.0238416387756808e-07,1.654476852987382e-07,0.019745449335752,0.008565517361185,-0.0009472622136592,-0.0016113803923711,12491.0,0.0,0.1418532078034277,0.5950767958664359,0.8190554752387017,0.1936194413797031,0.9134149207965668,0.971914081414014,0.7116445561732289,0.8720357680246629,100000,30,8,0.1,5.0,0.1,0,7,0.001,1e-06,0.001,1e-07,1.0,1e-08,adamax,0,0.0,disordered,1,0.2622969735368571,0 days 02:59:44.995636,0.0009472932756958,2.3490642918456586,1.4412125864206073
94,94,94,94,0.4459627626819087,0.4459627626819087,0.4459627626819087,0.4459627626819087,0.4459627626819087,0.4459627626819087,0.4459627626819087,0.4459627626819087,0.5748785817975054,0.2362878491741244,0.3570562078981195,1.00122384178731,0.2649196004648041,0.69487944314309,0.1853712362777313,0.2127890781427581,-0.0006398271632835,-0.0007223710999421,391.0,0.0,0.2717827135360652,0.6649683870363727,0.9261442544579104,0.0447290207458562,0.8208245363224256,0.2369231670586005,0.8011131119296838,0.6424195402459892,100000,30,8,0.1,5.0,0.1,0,7,0.001,1e-06,0.001,1e-07,1.0,1e-08,adamax,0,0.0,disordered,1,0.4525654761308901,0 days 02:59:44.995636,0.0006398639410759,1.358994010307457,1.284267822084674
95,95,95,95,0.5074705239490462,0.5074705239490462,0.5074705239490462,0.5074705239490462,0.5074705239490462,0.5074705239490462,0.5074705239490462,0.5074705239490462,0.4591399142130442,0.26143580546091,0.2310914537427879,1.0000495853064195,0.3055227194824531,0.7972039279866832,0.3626466716830515,0.2393818199619313,-0.000645737015788,-0.0007078315878856,359.0,0.0,0.8015446039715485,0.4009949802868912,0.4502160475125643,0.9242973251731486,0.0712337006125366,0.1562007268025876,0.9728324105112393,0.9132513066775164,100000,30,8,0.1,5.0,0.1,0,7,0.001,1e-06,0.001,1e-07,1.0,1e-08,adamax,0,0.0,disordered,1,0.5102490477903658,0 days 02:59:44.995636,0.0006457454560988,1.1892222811563267,1.1988349985814604
96,96,96,96,0.4757236139187883,0.4757236139187883,0.4757236139187883,0.4757236139187883,0.4757236139187883,0.4757236139187883,0.4757236139187883,0.4757236139187883,1.0013956233057923,0.435444348607067,0.8570227559428228,0.1882807353605759,0.7654900560855932,0.4741390544639641,0.2313628101821782,0.2776645564094466,-0.0006710164114133,-0.000746008963957,405.0,0.0,0.1468680542722815,0.9734592170118912,0.2654554315187777,0.892106866269302,0.9047752275802584,0.02374579364467,0.0097116349681444,0.3269948613028287,100000,30,8,0.1,5.0,0.1,0,7,0.001,1e-06,0.001,1e-07,1.0,1e-08,adamax,0,0.0,disordered,1,0.4762785102376514,0 days 02:59:44.995636,0.0006710168108072,1.2068496400204478,1.208831653191012
97,97,97,97,0.4180637241455752,0.4180637241455752,0.4180637241455752,0.4180637241455752,0.4180637241455752,0.4180637241455752,0.4180637241455752,0.4180637241455752,0.1761686452073862,0.2831267351936496,0.2350211968371717,0.6854832089587055,0.1422257161970178,0.1561768675475822,0.2879644648014674,1.0002669982826786,-0.0007394928271652,-0.0008525380355459,483.0,0.0,0.9311784773555224,0.7913436883497563,0.386850978460129,0.8580108138212066,0.3075618302920075,0.3474174026041087,0.1904783218387498,0.9595511044269076,100000,30,8,0.1,5.0,0.1,0,7,0.001,1e-06,0.001,1e-07,1.0,1e-08,adamax,0,0.0,disordered,1,0.4135569614442057,0 days 02:59:44.995636,0.000739523100669,1.344043998820068,1.2544936546809646
98,98,98,98,0.3228628202536728,0.3228628202536728,0.3228628202536728,0.3228628202536728,0.3228628202536728,0.3228628202536728,0.3228628202536728,0.3228628202536728,0.5766647016009232,0.0940563554174182,0.2924848361776732,1.0001608127295831,0.0661172090348888,0.0947617116103874,0.0759239774123584,0.3922600078535903,-0.0009145132312208,-0.0011158865423227,791.0,0.0,0.8036306332035066,0.4624248054107556,0.2642765705883787,0.9659796005287032,0.3968199655598801,0.2107055644668479,0.4246563813836979,0.7191217102511182,100000,30,8,0.1,5.0,0.1,0,7,0.001,1e-06,0.001,1e-07,1.0,1e-08,adamax,0,0.0,disordered,1,0.3271063632437644,0 days 02:59:44.995636,0.000914566871099,1.509990278254616,1.3382766247475333
99,99,99,99,0.4047756965997316,0.4047756965997316,0.4047756965997316,0.4047756965997316,0.4047756965997316,0.4047756965997316,0.4047756965997316,0.4047756965997316,0.1733310298989934,0.99997784773803,0.3967995593607948,0.1476438227905132,1.0007229680033158,0.1825786713640692,0.156232436549314,0.1512970367141383,-0.0007207193210146,-0.0008870266439346,452.0,0.0,0.770684798983071,0.1089855521364941,0.945930767553762,0.6745707526164916,0.0624957620655682,0.8374364376590171,0.9719037368942256,0.8377476422704673,100000,30,8,0.1,5.0,0.1,0,7,0.001,1e-06,0.001,1e-07,1.0,1e-08,adamax,0,0.0,disordered,1,0.410436172481239,0 days 02:59:44.995636,0.0007207626010789,1.4581287538730245,1.2900264215089075
100,100,100,100,0.4459627626819087,0.4459627626819087,0.4459627626819087,0.4459627626819087,0.4459627626819087,0.4459627626819087,0.4459627626819087,0.4459627626819087,0.7703836355389353,0.1812579404753387,0.166941907998547,0.3532655116554336,0.197023149335407,1.0005472637188002,0.2983385613093585,0.1500912016160614,-0.0007208288470399,-0.000829679131667,529.0,0.0,0.0097848792944588,0.4730889081790549,0.5891737739594198,0.8879986937026283,0.5027604854148191,0.0773238153824005,0.933525505036036,0.951735797816364,100000,30,8,0.1,5.0,0.1,0,7,0.001,1e-06,0.001,1e-07,1.0,1e-08,adamax,0,0.0,disordered,1,0.4425474654106718,0 days 02:59:44.995636,0.0007208465680133,1.330710644344847,1.198250689576308
101,101,101,101,0.4757236139187883,0.4757236139187883,0.4757236139187883,0.4757236139187883,0.4757236139187883,0.4757236139187883,0.4757236139187883,0.4757236139187883,0.2113468761636085,1.0001939534717934,0.2089261012116302,0.212189589618905,0.6780345028809389,0.7738216812822665,0.2165258482044969,0.2219427208024628,-0.0006670723824232,-0.000780507024538,365.0,0.0,0.4861622150139764,0.0534427364833297,0.8388906791646739,0.7416726764410203,0.9712340798009208,0.0073136945373993,0.4354944495200968,0.2838023986323703,100000,30,8,0.1,5.0,0.1,0,7,0.001,1e-06,0.001,1e-07,1.0,1e-08,adamax,0,0.0,disordered,1,0.4830200423988005,0 days 02:59:44.995636,0.0006671378966975,1.2678253690441514,1.214638194799209
102,102,102,102,0.3794532847236935,0.3794532847236935,0.3794532847236935,0.3794532847236935,0.3794532847236935,0.3794532847236935,0.3794532847236935,0.3794532847236935,0.9605809677332812,0.2499859839065075,0.5189801464813796,5.804507701963894e-05,0.4352388145198084,0.5757731313125917,6.496341283563491e-05,0.6843031841591357,-0.0008363197850623,-0.0009076748130099,8266.0,1.0,0.1077050956833312,0.7351346026730965,0.3412149163770641,0.0389691391211579,0.1336268057264049,0.8060002972277002,0.60587101798938,0.2150506251736147,100000,30,8,0.1,5.0,0.1,0,7,0.001,1e-06,0.001,1e-07,1.0,1e-08,adamax,0,0.0,disordered,1,0.3788542653120641,0 days 02:59:44.995636,0.000836320736547,1.1799851870445826,1.206584268512474
103,103,103,103,0.2837303616516209,0.2837303616516209,0.2837303616516209,0.2837303616516209,0.2837303616516209,0.2837303616516209,0.2837303616516209,0.2837303616516209,2.7590651538070154e-06,0.2816900554224018,3.508673254207256e-06,0.3277136311238527,0.7055164453670565,0.3439162540478245,6.994640194111288e-05,2.7359774433011456e-05,-0.0009320530234921,-0.0012030848187645,8668.0,1.0,0.6960422280017734,0.1304047937127705,0.6731877575019788,0.6550402554226945,0.0055257315325957,0.5115154737487803,0.7263154319326705,0.7585337396231457,100000,30,8,0.1,5.0,0.1,0,7,0.001,1e-06,0.001,1e-07,1.0,1e-08,adamax,0,0.0,disordered,1,0.2854542783599963,0 days 02:59:44.995636,0.0009320607246835,1.9272615451801514,1.4418701043209659
104,104,104,104,0.2337423870891812,0.2337423870891812,0.2337423870891812,0.2337423870891812,0.2337423870891812,0.2337423870891812,0.2337423870891812,0.2337423870891812,0.3954702862447449,9.999917526967908e-08,5.949530665533831e-07,0.0439056517987909,0.70828879141904,0.1012710904611711,0.1053996351379723,4.717911877360138e-07,-0.0012285444554951,-0.0015326693239445,85133.0,0.0,0.7057083392270682,0.8850456138709182,0.7562078404723139,0.9219899000274794,0.414807003582114,0.0341609866651546,0.1810034150072165,0.2877822813860587,100000,30,8,0.1,5.0,0.1,0,7,0.001,1e-06,0.001,1e-07,1.0,1e-08,adamax,0,0.0,disordered,1,0.237451404809131,0 days 02:59:44.995636,0.0012286554358196,1.3671874256256498,1.3025847264290327
105,105,105,105,0.2191196687578146,0.2191196687578146,0.2191196687578146,0.2191196687578146,0.2191196687578146,0.2191196687578146,0.2191196687578146,0.2191196687578146,1.859216617046512e-05,0.1757157380936884,0.3534781908874038,4.123289517612002e-06,0.312506547093221,0.3557105924990352,4.539475988292626e-06,4.595449490996829e-06,-0.0013452037339267,-0.0017052105724715,9557.0,1.0,0.0417916138033247,0.1081595418560484,0.5187791211329045,0.2524893831318888,0.2855351348958012,0.7414695266286413,0.854679634313597,0.8620398082340321,100000,30,8,0.1,5.0,0.1,0,7,0.001,1e-06,0.001,1e-07,1.0,1e-08,adamax,0,0.0,disordered,1,0.2163818575458424,0 days 02:59:44.995636,0.0013452810107248,1.4902485645405252,1.4012997235876297
106,106,106,106,0.3228628202536728,0.3228628202536728,0.3228628202536728,0.3228628202536728,0.3228628202536728,0.3228628202536728,0.3228628202536728,0.3228628202536728,0.6864192262345846,1.9374416833591963e-05,0.9881245798029602,0.08062630210078,2.0372740314325333e-05,0.5107755709143472,5.495905222781301e-06,0.1899482355907835,-0.0009517527723405,-0.0011725903000333,8784.0,1.0,0.3706215974025555,0.709630073307115,0.8523046329128582,0.1509575400611467,0.2005536674721244,0.6479602930950665,0.2655503599204205,0.1926771538050761,100000,30,8,0.1,5.0,0.1,0,7,0.001,1e-06,0.001,1e-07,1.0,1e-08,adamax,0,0.0,disordered,1,0.318293357745793,0 days 02:59:44.995636,0.0009518225361287,1.6679079342581007,1.3159611417784316
107,107,107,107,0.0977192128371799,0.0977192128371799,0.0977192128371799,0.0977192128371799,0.0977192128371799,0.0977192128371799,0.0977192128371799,0.0977192128371799,2.6262615496461183e-06,0.3123238638803032,0.1999640261746021,0.3165187380673734,4.065685113067851e-07,9.999145396857017e-08,0.0828899989875832,4.687965348239663e-07,-0.0017697630412511,-0.0020660775206181,21272.0,0.0,0.367520227322573,0.0159832471722322,0.4383192764607815,0.0472699422103378,0.2447102483994975,0.2175422008613383,0.3294452338784563,0.1253899564827365,100000,30,8,0.1,5.0,0.1,0,7,0.001,1e-06,0.001,1e-07,1.0,1e-08,adamax,0,0.0,disordered,1,0.096367041632681,0 days 02:59:44.995636,0.0017698209563254,2.008435670659146,1.9218865504972993
108,108,108,108,0.4459627626819087,0.4459627626819087,0.4459627626819087,0.4459627626819087,0.4459627626819087,0.4459627626819087,0.4459627626819087,0.4459627626819087,0.2117264548922266,0.1681162304279397,0.7037466872525646,0.1538569954604762,0.3860311915859009,0.4457667290717902,0.2403655103646894,1.0006861942505598,-0.0007059757023163,-0.0007519374804932,551.0,0.0,0.4711964164244566,0.6878566433246712,0.338928923504192,0.9271932187857496,0.8597668788883609,0.3060151354329368,0.038900403522143,0.7681917007692237,100000,30,8,0.1,5.0,0.1,0,7,0.001,1e-06,0.001,1e-07,1.0,1e-08,adamax,0,0.0,disordered,1,0.4437062370586494,0 days 02:59:44.995636,0.0007059820115547,1.286327536471157,1.213510680791736
109,109,109,109,0.293044697697214,0.293044697697214,0.293044697697214,0.293044697697214,0.293044697697214,0.293044697697214,0.293044697697214,0.293044697697214,4.42344407934796e-05,0.4048870239957745,0.0125016925492081,0.9884826393129856,0.1439287532840445,0.2362912205978609,0.027483499194566,4.883221562081225e-05,-0.0010459923940102,-0.0013264391975139,8663.0,1.0,0.2400123129050898,0.3321610405787516,0.5793352263468351,0.998879676887163,0.2996775666119918,0.4685230029239946,0.6274508828630837,0.6833723791568794,100000,30,8,0.1,5.0,0.1,0,7,0.001,1e-06,0.001,1e-07,1.0,1e-08,adamax,0,0.0,disordered,1,0.2896196222110704,0 days 02:59:44.995636,0.0010460476404329,1.4555025557088124,1.345652224480268
110,110,110,110,0.4459627626819087,0.4459627626819087,0.4459627626819087,0.4459627626819087,0.4459627626819087,0.4459627626819087,0.4459627626819087,0.4459627626819087,0.7427905803610483,8.488221698515875e-05,4.904151517092664e-05,0.7802627964401436,9.294072361132132e-05,0.7561851189897847,0.4789762489536496,4.2382731821363575e-05,-0.0007383094916277,-0.0008629704406824,8330.0,1.0,0.2121661834498004,0.595321747502258,0.5441064429064965,0.6585798628076089,0.114996975033249,0.126294515936877,0.9755274904159574,0.8213015645453736,100000,30,8,0.1,5.0,0.1,0,7,0.001,1e-06,0.001,1e-07,1.0,1e-08,adamax,0,0.0,disordered,1,0.4426447056803823,0 days 02:59:44.995636,0.0007383278444939,1.2282850327198804,1.1831710630788561
111,111,111,111,0.1586356533508588,0.1586356533508588,0.1586356533508588,0.1586356533508588,0.1586356533508588,0.1586356533508588,0.1586356533508588,0.1586356533508588,0.3357249650779505,1.529057015813315e-06,1.0329662205515915e-05,0.6776082645165973,0.1418649114095468,1.692602996388744e-06,2.3304991435571587e-06,1.752648736447741e-06,-0.0014865844014122,-0.002084969673382,10050.0,1.0,0.8275573150954998,0.9341044081009072,0.9606477600179142,0.3934875320999323,0.7540671762368577,0.6416200925555191,0.5598502694613712,0.6793483833215337,100000,30,8,0.1,5.0,0.1,0,7,0.001,1e-06,0.001,1e-07,1.0,1e-08,adamax,0,0.0,disordered,1,0.1574317867194933,0 days 02:59:44.995636,0.001486602899609,1.9920682442397406,1.7083373564029376
112,112,112,112,0.4459627626819087,0.4459627626819087,0.4459627626819087,0.4459627626819087,0.4459627626819087,0.4459627626819087,0.4459627626819087,0.4459627626819087,0.3479146871092963,0.601006241084889,0.2778312214717287,0.1751704033950627,0.2456928649444235,0.6640879508413192,0.2318697611575346,1.0001856403811489,-0.0006844334258315,-0.0007193240250386,684.0,0.0,0.3194334511245228,0.8621787179353753,0.4070223282075782,0.1481786877104517,0.01098085101386,0.6391893320658769,0.2316316889649254,0.9560655599081944,100000,30,8,0.1,5.0,0.1,0,7,0.001,1e-06,0.001,1e-07,1.0,1e-08,adamax,0,0.0,disordered,1,0.448189295733592,0 days 02:59:44.995636,0.0006844393762364,1.2776971905400039,1.2226297943449864
113,113,113,113,0.3794532847236935,0.3794532847236935,0.3794532847236935,0.3794532847236935,0.3794532847236935,0.3794532847236935,0.3794532847236935,0.3794532847236935,0.0557730449444381,1.0000173131784804,0.0888196939129335,0.4304865418553549,0.0492499084817081,0.7999404751903297,0.156798874334536,0.0614854937184985,-0.0008145906543908,-0.000937288670401,1093.0,0.0,0.195004457412108,0.3161794080516598,0.9841316837334272,0.5198546202904285,0.9220245989560004,0.781437673828669,0.1189656934694649,0.2159834369804282,100000,30,8,0.1,5.0,0.1,0,7,0.001,1e-06,0.001,1e-07,1.0,1e-08,adamax,0,0.0,disordered,1,0.3814075156705958,0 days 02:59:44.995636,0.0008145987404529,1.395370912885272,1.2549673984291188
114,114,114,114,0.3919100249433399,0.3919100249433399,0.3919100249433399,0.3919100249433399,0.3919100249433399,0.3919100249433399,0.3919100249433399,0.3919100249433399,0.1400130693179687,0.8702647914112743,3.3923926830382848e-06,6.5688591391529886e-06,1.0492924671542276e-05,5.409130098649391e-06,0.8060377203728912,0.4860528735501448,-0.0007590514810539,-0.0009761868944334,8514.0,1.0,0.3871775574072005,0.8809562507227594,0.3339882823452316,0.463082038554324,0.4807654820193242,0.3247552471025198,0.7864852844832143,0.0548267275661812,100000,30,8,0.1,5.0,0.1,0,7,0.001,1e-06,0.001,1e-07,1.0,1e-08,adamax,0,0.0,disordered,1,0.3974288092193259,0 days 02:59:44.995636,0.0007591033532186,1.9094988073792039,1.2222163847710155
115,115,115,115,0.293044697697214,0.293044697697214,0.293044697697214,0.293044697697214,0.293044697697214,0.293044697697214,0.293044697697214,0.293044697697214,0.8060840161994162,0.3772827828846844,2.64636456749646e-05,0.1470529253331553,6.087658286092645e-06,0.2039378422768015,4.855616668412324e-06,0.9679767537774696,-0.0009927746901884,-0.0011929846681611,8865.0,1.0,0.2259101612470958,0.8250852070925885,0.6163417034041984,0.51182482978383,0.3695079637628718,0.1301395767928599,0.4567843092033645,0.9870944758123702,100000,30,8,0.1,5.0,0.1,0,7,0.001,1e-06,0.001,1e-07,1.0,1e-08,adamax,0,0.0,disordered,1,0.2973322882467249,0 days 02:59:44.995636,0.0009928464503638,1.887876276130579,1.2096796470195286
116,116,116,116,0.2191196687578146,0.2191196687578146,0.2191196687578146,0.2191196687578146,0.2191196687578146,0.2191196687578146,0.2191196687578146,0.2191196687578146,2.83723519914821e-05,0.658076112299963,0.0020466156508401,0.0037272993312844,1.7727096881631347e-05,0.140784210769963,0.4069754350225086,0.2255136648943817,-0.0013047724255393,-0.0015330811685524,8999.0,1.0,0.5950884747622851,0.5765793507415918,0.9901185849563507,0.8854033802553948,0.9991993182784584,0.9536333395616264,0.6674968517385982,0.3053121936604561,100000,30,8,0.1,5.0,0.1,0,7,0.001,1e-06,0.001,1e-07,1.0,1e-08,adamax,0,0.0,disordered,1,0.2198231205088494,0 days 02:59:44.995636,0.0013047770841543,1.5882284728982257,1.296435122890256
117,117,117,117,0.31260072430687,0.31260072430687,0.31260072430687,0.31260072430687,0.31260072430687,0.31260072430687,0.31260072430687,0.31260072430687,1.2723056749982314e-05,0.4127553306854515,0.3256309880454782,0.9584100111425624,9.99936909342072e-08,0.0962638663321754,1.0177531043571229e-07,0.6092402373118865,-0.0009291547059339,-0.0010888589272049,23265.0,0.0,0.6281431780271564,0.3482098358137734,0.810769530791913,0.1373004610757547,0.4625463334785304,0.8407760221468864,0.4545120864552048,0.6010178494198809,100000,30,8,0.1,5.0,0.1,0,7,0.001,1e-06,0.001,1e-07,1.0,1e-08,adamax,0,0.0,disordered,1,0.3092130033129639,0 days 02:59:44.995636,0.000929189734925,1.7248575316779522,1.4193625460291301
118,118,118,118,0.2414157116103016,0.2414157116103016,0.2414157116103016,0.2414157116103016,0.2414157116103016,0.2414157116103016,0.2414157116103016,0.2414157116103016,1.635198250384364e-05,0.8283530081881206,0.2678845386079502,0.4087701652836592,3.875724928615448e-05,0.3784508013199275,3.3565840177003885e-05,9.075486642333856e-06,-0.0012233113772321,-0.0014672746922928,9195.0,1.0,0.098282937984683,0.2851049834564449,0.954485228687717,0.6569395453324917,0.3649391687249511,0.5168811759658247,0.7748685781334842,0.7874703499468639,100000,30,8,0.1,5.0,0.1,0,7,0.001,1e-06,0.001,1e-07,1.0,1e-08,adamax,0,0.0,disordered,1,0.2429946380958437,0 days 02:59:44.995636,0.0012233309853046,1.30081679291731,1.3439602343745882
119,119,119,119,0.1925613572129196,0.1925613572129196,0.1925613572129196,0.1925613572129196,0.1925613572129196,0.1925613572129196,0.1925613572129196,0.1925613572129196,1.000012815040647,0.0479273163617016,0.4186620829554888,0.0898371287160625,0.0214910630850426,0.2611135069202934,0.1070039331961963,0.0188814830189077,-0.0014076737312332,-0.0016914437258351,1277.0,0.0,0.8279679389790622,0.2896426787975475,0.2383059387980907,0.6385084824992602,0.5272006473755549,0.5648867514980614,0.2146149182040537,0.3186241281654006,100000,30,8,0.1,5.0,0.1,0,7,0.001,1e-06,0.001,1e-07,1.0,1e-08,adamax,0,0.0,disordered,1,0.1955865634323146,0 days 02:59:44.995636,0.0014077821979643,1.5729293187473068,1.444703403119778
120,120,120,120,0.5241298302206053,0.5241298302206053,0.5241298302206053,0.5241298302206053,0.5241298302206053,0.5241298302206053,0.5241298302206053,0.5241298302206053,0.0655877747035753,0.2337877437734984,0.0824815408831774,1.000114782237291,0.8935298689309257,0.3242882724639511,0.2517816647660773,0.5062188233512886,-0.0005993872231837,-0.0006568385131665,919.0,0.0,0.7520531805662839,0.3583232572055379,0.7574855506164321,0.0466446628262281,0.9508661797045698,0.208073038688888,0.4782076330508558,0.9208852532322118,100000,30,8,0.1,5.0,0.1,0,7,0.001,1e-06,0.001,1e-07,1.0,1e-08,adamax,0,0.0,disordered,1,0.5181480121871194,0 days 02:59:44.995636,0.0005994147483748,1.3825429203761783,1.2555131479523072
121,121,121,121,0.3794532847236935,0.3794532847236935,0.3794532847236935,0.3794532847236935,0.3794532847236935,0.3794532847236935,0.3794532847236935,0.3794532847236935,0.0934502731696848,1.0001528829360486,0.1922976896710794,0.4469228903604528,0.1154397500894373,0.6565177444739726,0.1024276727361257,0.4839430833539781,-0.000793056578359,-0.0008449380568994,789.0,0.0,0.2534796826385556,0.22738427258263,0.9856407059323568,0.9044301672206756,0.5322461972191177,0.0610219450589694,0.6046687082088471,0.2515781875767063,100000,30,8,0.1,5.0,0.1,0,7,0.001,1e-06,0.001,1e-07,1.0,1e-08,adamax,0,0.0,disordered,1,0.3766995834886515,0 days 02:59:44.995636,0.0007930707865589,1.3634999453666483,1.2372274094093878
122,122,122,122,0.3794532847236935,0.3794532847236935,0.3794532847236935,0.3794532847236935,0.3794532847236935,0.3794532847236935,0.3794532847236935,0.3794532847236935,1.0000111121283723,0.4031209239549793,0.2080156450610657,0.0581361147385467,0.2679974088796785,0.0315053206959494,0.8180755675322184,0.0780527134058609,-0.0007843628305335,-0.0008802829681204,1144.0,0.0,0.2140104759049822,0.9321430366726656,0.6194232422172982,0.4440395249769181,0.0626588585856636,0.3716213986030104,0.863983149761172,0.302676282624697,100000,30,8,0.1,5.0,0.1,0,7,0.001,1e-06,0.001,1e-07,1.0,1e-08,adamax,0,0.0,disordered,1,0.3824327028481498,0 days 02:59:44.995636,0.0007843782380846,1.503049714325783,1.2046845081404378
123,123,123,123,0.2121550171362449,0.2121550171362449,0.2121550171362449,0.2121550171362449,0.2121550171362449,0.2121550171362449,0.2121550171362449,0.2121550171362449,0.6354545974599629,0.0830304003074978,0.3551881471680319,1.7608055852455888e-05,0.3903830096650296,0.3117954280915611,1.4998765748389115e-05,0.1150425570279393,-0.0012573944443056,-0.0014333954338815,9177.0,1.0,0.3227942730688419,0.6068560668114126,0.2521406786205266,0.5569347628095851,0.7686825338221793,0.2866737766544271,0.4727508707947953,0.5762673366342947,100000,30,8,0.1,5.0,0.1,0,7,0.001,1e-06,0.001,1e-07,1.0,1e-08,adamax,0,0.0,disordered,1,0.2099345164594531,0 days 02:59:44.995636,0.0012574322778364,1.76062685247202,1.5684929213424728
124,124,124,124,0.5074705239490462,0.5074705239490462,0.5074705239490462,0.5074705239490462,0.5074705239490462,0.5074705239490462,0.5074705239490462,0.5074705239490462,0.2677363626753896,0.263324474449668,0.3425009696786688,0.3724123197813223,0.4102313350349223,1.0009873370074622,0.2612673552312723,0.2635794703350301,-0.0006016460210759,-0.0006926461105999,299.0,0.0,0.363331391445274,0.2236183745546042,0.1144018670174983,0.5654837920917276,0.937429217870874,0.0187662025074489,0.8656634618701456,0.9624731102430444,100000,30,8,0.1,5.0,0.1,0,7,0.001,1e-06,0.001,1e-07,1.0,1e-08,adamax,0,0.0,disordered,1,0.5056041246617433,0 days 02:59:44.995636,0.000601648734968,1.287406732101659,1.2212118949186659
125,125,125,125,0.2054117348353062,0.2054117348353062,0.2054117348353062,0.2054117348353062,0.2054117348353062,0.2054117348353062,0.2054117348353062,0.2054117348353062,0.5460196953622838,0.2046472989366519,0.2910213506465002,0.023923115984585,1.768314569064432e-07,9.999962901075277e-08,0.27965141300664,0.4408395957500804,-0.0012850847362583,-0.0015334304193105,57509.0,0.0,0.5423265014841474,0.967883458447882,0.7047824365175038,0.5452252080293496,0.4636750178949943,0.4663990069336898,0.6819967270741285,0.2345053687759503,100000,30,8,0.1,5.0,0.1,0,7,0.001,1e-06,0.001,1e-07,1.0,1e-08,adamax,0,0.0,disordered,1,0.2049579564320699,0 days 02:59:44.995636,0.0012850869320474,1.3778583746132138,1.3543080592419185
126,126,126,126,0.2837303616516209,0.2837303616516209,0.2837303616516209,0.2837303616516209,0.2837303616516209,0.2837303616516209,0.2837303616516209,0.2837303616516209,0.0426585828269483,0.0250463714355588,0.0313024864993519,1.0000837973735164,0.0953939151368953,0.0350529296874321,0.0443372096765302,0.3251131751179262,-0.0010494403251771,-0.0013424154762171,1555.0,0.0,0.7154011245036019,0.490989737027474,0.6746622185381884,0.9408617504122404,0.2334536817920307,0.4032255184610195,0.2751601289752232,0.0526764147171315,100000,30,8,0.1,5.0,0.1,0,7,0.001,1e-06,0.001,1e-07,1.0,1e-08,adamax,0,0.0,disordered,1,0.2879893747771804,0 days 02:59:44.995636,0.0010495281176948,1.6128046732156787,1.3208331445229813
127,127,127,127,0.4757236139187883,0.4757236139187883,0.4757236139187883,0.4757236139187883,0.4757236139187883,0.4757236139187883,0.4757236139187883,0.4757236139187883,0.1494060495771052,0.1429295065803824,0.4434191028751153,0.208737376003608,0.1545558823922931,1.0002403550318495,0.4336242213878268,0.1521349139658491,-0.0006727027388538,-0.0007633975300638,659.0,0.0,0.6220897071828432,0.628520015007522,0.9994108501412068,0.6010269037381571,0.3961064626087849,0.9011587193387256,0.0153843211944366,0.3027069692435673,100000,30,8,0.1,5.0,0.1,0,7,0.001,1e-06,0.001,1e-07,1.0,1e-08,adamax,0,0.0,disordered,1,0.4760555672550424,0 days 02:59:44.995636,0.0006727027237424,1.370142973834797,1.222808545147649
128,128,128,128,0.5241298302206053,0.5241298302206053,0.5241298302206053,0.5241298302206053,0.5241298302206053,0.5241298302206053,0.5241298302206053,0.5241298302206053,0.8871804636604523,0.2057861386209961,0.1783284728973427,0.6810090055403996,0.1626051388554078,0.1411341689142236,1.0001094059764315,0.5366399574041365,-0.000605591402182,-0.0006661746783728,691.0,0.0,0.7519290472142671,0.1614870135216741,0.3612359751794584,0.8490636365580233,0.3446746493451292,0.242960708934384,0.8905882682808496,0.0774172052746193,100000,30,8,0.1,5.0,0.1,0,7,0.001,1e-06,0.001,1e-07,1.0,1e-08,adamax,0,0.0,disordered,1,0.5238808082659325,0 days 02:59:44.995636,0.000605591440798,1.3249684608134589,1.1964543385262991
129,129,129,129,0.2659804395593755,0.2659804395593755,0.2659804395593755,0.2659804395593755,0.2659804395593755,0.2659804395593755,0.2659804395593755,0.2659804395593755,1.0002568429793046,0.0604243329518433,0.1993696220573728,0.0913624025011229,0.2029418522052117,0.4584690101017779,0.0804899932021094,0.4060801107132303,-0.0011158589598706,-0.0012127331659377,809.0,0.0,0.856691807280719,0.3153846173974736,0.2077847171545707,0.4878787630597822,0.4834181147525649,0.9646969872568616,0.7525046995401022,0.4601224335495554,100000,30,8,0.1,5.0,0.1,0,7,0.001,1e-06,0.001,1e-07,1.0,1e-08,adamax,0,0.0,disordered,1,0.2640819405310096,0 days 02:59:44.995636,0.0011158795801028,1.445528572573646,1.3120799944712969
130,130,130,130,0.3557150206821381,0.3557150206821381,0.3557150206821381,0.3557150206821381,0.3557150206821381,0.3557150206821381,0.3557150206821381,0.3557150206821381,0.0564299397937522,1.0001776254869883,0.1115969443566973,0.6268297234910626,0.0310022136076045,0.0661639004214849,0.0352347193504094,0.9596850047904272,-0.0007832770427941,-0.0009604109821718,1083.0,0.0,0.559448179377736,0.3183682671306512,0.9827215923343974,0.3859388031179065,0.8856894269797009,0.6560771856866561,0.9161440724365804,0.3545676606804618,100000,30,8,0.1,5.0,0.1,0,7,0.001,1e-06,0.001,1e-07,1.0,1e-08,adamax,0,0.0,disordered,1,0.3613323028874089,0 days 02:59:44.995636,0.0007833290927353,1.6606743995745903,1.3435694149642987
131,131,131,131,0.1805148879221106,0.1805148879221106,0.1805148879221106,0.1805148879221106,0.1805148879221106,0.1805148879221106,0.1805148879221106,0.1805148879221106,2.046834439522553e-05,0.6755619413103817,1.814390146148876e-05,1.116293208815398e-05,7.808157146478202e-06,0.4369216436296488,6.186477002390288e-06,0.2549117094624015,-0.0013136661426123,-0.0017237073282599,8897.0,1.0,0.4166964266045845,0.3693269630957549,0.8270428182013859,0.9531227652913028,0.8245693322036489,0.4514212725251594,0.8290967274280593,0.7301863689728796,100000,30,8,0.1,5.0,0.1,0,7,0.001,1e-06,0.001,1e-07,1.0,1e-08,adamax,0,0.0,disordered,1,0.17891656739837,0 days 02:59:44.995636,0.0013136875394158,2.025105607916814,1.5169162186062115
132,132,132,132,0.2414157116103016,0.2414157116103016,0.2414157116103016,0.2414157116103016,0.2414157116103016,0.2414157116103016,0.2414157116103016,0.2414157116103016,0.5872675914007273,3.4555927382345386e-05,0.1322918761451794,0.5406185284641715,0.3973146640866875,0.1608680271181451,0.0607503703040631,1.3901407388097072e-05,-0.0010978049822973,-0.0012329485364644,8528.0,1.0,0.5191332376501886,0.1834950095969402,0.2378709334464719,0.7037642552418423,0.1987394069753326,0.5603459846190683,0.8041887075195945,0.6538980773741612,100000,30,8,0.1,5.0,0.1,0,7,0.001,1e-06,0.001,1e-07,1.0,1e-08,adamax,0,0.0,disordered,1,0.2420467817113867,0 days 02:59:44.995636,0.0010978069605134,1.4452710361486298,1.4960288855081536
133,133,133,133,0.1638433645577982,0.1638433645577982,0.1638433645577982,0.1638433645577982,0.1638433645577982,0.1638433645577982,0.1638433645577982,0.1638433645577982,0.441372477614621,0.2773306410422809,6.0690376196584496e-06,3.253416489254012e-06,2.576381353628145e-06,0.324192520538765,0.1232536325150228,9.72239701460118e-06,-0.0016435289042702,-0.0020051117294796,9161.0,1.0,0.6097557171857994,0.2577333633717787,0.119935968613166,0.0339098497467681,0.0463400935683828,0.2317624605308721,0.5576826791052716,0.4236802611593196,100000,30,8,0.1,5.0,0.1,0,7,0.001,1e-06,0.001,1e-07,1.0,1e-08,adamax,0,0.0,disordered,1,0.1622067178687119,0 days 02:59:44.995636,0.001643580608795,1.4653143643389765,1.3286865217264519
134,134,134,134,0.2837303616516209,0.2837303616516209,0.2837303616516209,0.2837303616516209,0.2837303616516209,0.2837303616516209,0.2837303616516209,0.2837303616516209,0.2261015522755611,0.0001536847644191,0.4495224872340543,0.0270490390541162,0.2156143241322954,0.7036037139690403,0.0019555990872822,0.4300755012252399,-0.0009312925303583,-0.0010202776601355,7376.0,1.0,0.2040989308365327,0.3026871386777993,0.4612512907545262,0.798942229904156,0.6559291488966292,0.0409055308440315,0.4815189960665327,0.1859971408619078,100000,30,8,0.1,5.0,0.1,0,7,0.001,1e-06,0.001,1e-07,1.0,1e-08,adamax,0,0.0,disordered,1,0.2879410912265421,0 days 02:59:44.995636,0.0009313414335038,1.452332134352812,1.3178439784630027
135,135,135,135,0.2493409369951876,0.2493409369951876,0.2493409369951876,0.2493409369951876,0.2493409369951876,0.2493409369951876,0.2493409369951876,0.2493409369951876,0.1153517416759706,1.7484887423896544e-05,0.3139450290300304,6.347578284478573e-06,9.249115205718443e-06,0.5747470700642139,0.178038906047011,6.495952203096369e-06,-0.0012028313854304,-0.0015168789708005,9487.0,1.0,0.8548328677142727,0.8849042337673497,0.5546647111131409,0.7364080424825971,0.686781002516244,0.8168348678564569,0.2788157443291197,0.2292883141352593,100000,30,8,0.1,5.0,0.1,0,7,0.001,1e-06,0.001,1e-07,1.0,1e-08,adamax,0,0.0,disordered,1,0.2475904521009559,0 days 02:59:44.995636,0.0012028541606697,1.8355185531554736,1.356017147250731
136,136,136,136,0.3557150206821381,0.3557150206821381,0.3557150206821381,0.3557150206821381,0.3557150206821381,0.3557150206821381,0.3557150206821381,0.3557150206821381,1.5134547854839e-05,0.4822937329347365,0.6308434407490985,2.675658974081488e-05,5.739726037083956e-05,0.2266388216784479,0.3247171779882403,0.7621070507096244,-0.0008250683430424,-0.0009682778846097,8656.0,1.0,0.7463090556139563,0.9590819260938424,0.2298178228373562,0.5677739835398896,0.5442195125318621,0.3735582233951082,0.7502377867354061,0.1317663476758382,100000,30,8,0.1,5.0,0.1,0,7,0.001,1e-06,0.001,1e-07,1.0,1e-08,adamax,0,0.0,disordered,1,0.3601349704312091,0 days 02:59:44.995636,0.0008251112143758,1.6271973793284278,1.2724854504072813
137,137,137,137,0.4047756965997316,0.4047756965997316,0.4047756965997316,0.4047756965997316,0.4047756965997316,0.4047756965997316,0.4047756965997316,0.4047756965997316,6.380098686212486e-05,0.3440087159468941,0.4745081627797638,0.0058780811944419,0.0001179290162318,0.6223197172075698,0.6700296937329042,0.0002039236315018,-0.0007718457263493,-0.000901229837239,8420.0,1.0,0.3717770738280922,0.4310672285924066,0.9529997793113488,0.6843037903798886,0.7109588786233508,0.9997911436030892,0.2267787050296258,0.6035266324041912,100000,30,8,0.1,5.0,0.1,0,7,0.001,1e-06,0.001,1e-07,1.0,1e-08,adamax,0,0.0,disordered,1,0.404059698177232,0 days 02:59:44.995636,0.000771846611843,1.5042060394610486,1.2449718603224724
138,138,138,138,0.1805148879221106,0.1805148879221106,0.1805148879221106,0.1805148879221106,0.1805148879221106,0.1805148879221106,0.1805148879221106,0.1805148879221106,9.589431790302248e-07,0.8341628981509622,9.999994910865405e-08,0.0452820061913357,1.6165465465891253e-07,0.0126518966618232,0.2598465459745491,2.529292646102728e-06,-0.0015648216955776,-0.0020516565399678,30813.0,0.0,0.1076616957623852,0.1624966741586189,0.6961278409738247,0.8259834276770187,0.6357975895967353,0.5797828945619068,0.790630726295852,0.9562374211517236,100000,30,8,0.1,5.0,0.1,0,7,0.001,1e-06,0.001,1e-07,1.0,1e-08,adamax,0,0.0,disordered,1,0.1777151097243811,0 days 02:59:44.995636,0.001564952499914,1.7868922139608079,1.3731559108948397
139,139,139,139,0.4606028844202396,0.4606028844202396,0.4606028844202396,0.4606028844202396,0.4606028844202396,0.4606028844202396,0.4606028844202396,0.4606028844202396,0.2506142191757124,2.0534975766485884e-06,3.547336093229452e-06,2.6097781086740466e-06,0.9774272236962084,0.0733442011603324,0.8598744149893107,1.8044196327501435e-05,-0.0006175818237263,-0.0007674832526235,8457.0,1.0,0.9255221732521834,0.8087770068293173,0.4321179044971832,0.7663340080029579,0.2338323123187341,0.904048678156823,0.2797343041595618,0.9803847111856008,100000,30,8,0.1,5.0,0.1,0,7,0.001,1e-06,0.001,1e-07,1.0,1e-08,adamax,0,0.0,disordered,1,0.4612924667095884,0 days 02:59:44.995636,0.0006175823135126,1.7224525171756953,1.2766874335364171
140,140,140,140,0.293044697697214,0.293044697697214,0.293044697697214,0.293044697697214,0.293044697697214,0.293044697697214,0.293044697697214,0.293044697697214,0.2176948587269454,4.024058542507162e-06,5.439701123737972e-06,0.2570959177436047,5.256599635281208e-06,0.8217798488309874,0.092240892030802,8.077773331741252e-06,-0.001056235274903,-0.001328678406778,9547.0,1.0,0.3016832549624413,0.2640832767535498,0.3363274420383708,0.4851418951388808,0.2002006434705995,0.2637231920312685,0.8842365683840808,0.9313198157180764,100000,30,8,0.1,5.0,0.1,0,7,0.001,1e-06,0.001,1e-07,1.0,1e-08,adamax,0,0.0,disordered,1,0.2960608832790523,0 days 02:59:44.995636,0.0010562819134844,1.7498732303938798,1.2674641409930059
141,141,141,141,0.1988827856988807,0.1988827856988807,0.1988827856988807,0.1988827856988807,0.1988827856988807,0.1988827856988807,0.1988827856988807,0.1988827856988807,0.5597417102773752,1.5142563864784808e-05,0.2963459984750133,0.2360260066340847,5.794351023654805e-05,0.4175162512896477,0.0498821980395517,0.1842793364129686,-0.0012978692715735,-0.0014017963845774,8599.0,1.0,0.1553798826124388,0.4413512264260195,0.4198464085418141,0.8282891159533825,0.6604139492479763,0.4080416756397663,0.788695792970943,0.6051509888335281,100000,30,8,0.1,5.0,0.1,0,7,0.001,1e-06,0.001,1e-07,1.0,1e-08,adamax,0,0.0,disordered,1,0.1963554201643925,0 days 02:59:44.995636,0.0012979228755601,1.6806123289125978,1.523915063817773
142,142,142,142,0.333461801578636,0.333461801578636,0.333461801578636,0.333461801578636,0.333461801578636,0.333461801578636,0.333461801578636,0.333461801578636,1.0001196336448064,0.0909929733673346,0.381525214768192,0.2757154113947777,0.097437406223896,0.8202403050148183,0.0842470598015222,0.1738993730440564,-0.0008448924822825,-0.0009510060383869,713.0,0.0,0.2093610962463399,0.7926281560532956,0.4656375164822883,0.8869505002259676,0.6652286902850271,0.1511461071182099,0.7566756965413822,0.5812057528556136,100000,30,8,0.1,5.0,0.1,0,7,0.001,1e-06,0.001,1e-07,1.0,1e-08,adamax,0,0.0,disordered,1,0.3312751549724003,0 days 02:59:44.995636,0.0008449033276244,1.6171557233290355,1.3584428599570928
143,143,143,143,0.4317879727332017,0.4317879727332017,0.4317879727332017,0.4317879727332017,0.4317879727332017,0.4317879727332017,0.4317879727332017,0.4317879727332017,0.1161533864181487,0.1864750114849057,0.1777110956501146,0.7237368335960299,0.1259518937175673,1.000324832929523,0.1682550660735808,0.140210160133653,-0.0007355207305573,-0.0008361575537874,572.0,0.0,0.5415794581404321,0.4197375547591516,0.66289024476234,0.063289788225274,0.5038335624770842,0.935506718815235,0.2048671372175592,0.137013393890617,100000,30,8,0.1,5.0,0.1,0,7,0.001,1e-06,0.001,1e-07,1.0,1e-08,adamax,0,0.0,disordered,1,0.4271158747606322,0 days 02:59:44.995636,0.000735554755734,1.4569238937044795,1.2558509041133599
144,144,144,144,0.3557150206821381,0.3557150206821381,0.3557150206821381,0.3557150206821381,0.3557150206821381,0.3557150206821381,0.3557150206821381,0.3557150206821381,6.977583557054965e-06,0.000136944886699,4.32114117688279e-05,0.2829620983479492,0.0124875268210993,0.398366838980534,0.7201503364724403,3.144284508061331e-05,-0.0008798948097568,-0.0010793324606368,8390.0,1.0,0.4105203445189851,0.5195104419443821,0.3765258345746637,0.4839410295657812,0.6746681273088498,0.7927785685533543,0.0515914868847581,0.3817122140834397,100000,30,8,0.1,5.0,0.1,0,7,0.001,1e-06,0.001,1e-07,1.0,1e-08,adamax,0,0.0,disordered,1,0.3518756668811922,0 days 02:59:44.995636,0.0008799365513415,1.7426222580856447,1.211142563403749
145,145,145,145,0.293044697697214,0.293044697697214,0.293044697697214,0.293044697697214,0.293044697697214,0.293044697697214,0.293044697697214,0.293044697697214,0.1897961857529353,1.0005392911696522,0.5572166633909779,0.1336129308437872,0.0898919937682745,0.2599053575663145,0.1624396874956768,0.0694202536063562,-0.0010356708964706,-0.0012996449326995,775.0,0.0,0.6192309160099487,0.0209156604668269,0.949196085805464,0.6408209766622542,0.4850036743611498,0.4483143018991906,0.1472576819398338,0.0662550030853231,100000,30,8,0.1,5.0,0.1,0,7,0.001,1e-06,0.001,1e-07,1.0,1e-08,adamax,0,0.0,disordered,1,0.29211798850733,0 days 02:59:44.995636,0.0010356748234394,1.2897021024147182,1.2960114470592317
146,146,146,146,0.31260072430687,0.31260072430687,0.31260072430687,0.31260072430687,0.31260072430687,0.31260072430687,0.31260072430687,0.31260072430687,0.4349271739507451,0.0341469462016917,1.0000672201892395,0.1673981743499955,0.4992802364079879,0.1860369480190568,0.034470924203727,0.0320004119011059,-0.0010021767755647,-0.0012808735119163,1326.0,0.0,0.6809667073821352,0.923986139489024,0.79236850187799,0.021454334921551,0.0389684819440877,0.5126584980908546,0.5732641256148879,0.6063464038688403,100000,30,8,0.1,5.0,0.1,0,7,0.001,1e-06,0.001,1e-07,1.0,1e-08,adamax,0,0.0,disordered,1,0.3176308390114493,0 days 02:59:44.995636,0.0010022871468139,1.1585609439738447,1.225147368588143
147,147,147,147,0.4317879727332017,0.4317879727332017,0.4317879727332017,0.4317879727332017,0.4317879727332017,0.4317879727332017,0.4317879727332017,0.4317879727332017,0.148757446711828,0.1476892362811447,0.8214598517364625,0.1366081957018966,0.3119731109075347,0.4771435081619563,0.1722392130635187,1.000436559224921,-0.0007347581598897,-0.0007821601451948,569.0,0.0,0.8760248254439775,0.897865788127695,0.9892944308928155,0.3336362814836187,0.4685438744054826,0.993629312938368,0.7003627951620519,0.0574349150226748,100000,30,8,0.1,5.0,0.1,0,7,0.001,1e-06,0.001,1e-07,1.0,1e-08,adamax,0,0.0,disordered,1,0.4301055357261426,0 days 02:59:44.995636,0.0007347617511905,1.2285549648407494,1.1943577137034502
148,148,148,148,0.1692220351641035,0.1692220351641035,0.1692220351641035,0.1692220351641035,0.1692220351641035,0.1692220351641035,0.1692220351641035,0.1692220351641035,7.269124510761331e-05,0.6754485764803315,0.0009597452885795,0.2869904674279753,0.1182957645801794,4.956038289195341e-06,0.2059707028647447,2.4783717129067405e-06,-0.0014170109079123,-0.0016504879676963,9237.0,1.0,0.9095515927383748,0.6166727366896131,0.1937122517675252,0.3477290547245186,0.5776592921086124,0.6527664441151828,0.410728475381375,0.7443590959461956,100000,30,8,0.1,5.0,0.1,0,7,0.001,1e-06,0.001,1e-07,1.0,1e-08,adamax,0,0.0,disordered,1,0.1695274701832591,0 days 02:59:44.995636,0.0014170118400491,1.509315761922563,1.513998667264226
149,149,149,149,0.4180637241455752,0.4180637241455752,0.4180637241455752,0.4180637241455752,0.4180637241455752,0.4180637241455752,0.4180637241455752,0.4180637241455752,0.8154090527430206,0.0654989620851823,1.0000411075896185,0.0679991334520805,0.8065892140903955,0.2704147527595417,0.1682217932670826,0.2583334038232248,-0.0007544992339075,-0.0008166699324315,1060.0,0.0,0.5328265257248977,0.9747578061892131,0.8534960630493873,0.1500965432951359,0.1030876914121305,0.8535295930326651,0.6077306724577283,0.9762235664604278,100000,30,8,0.1,5.0,0.1,0,7,0.001,1e-06,0.001,1e-07,1.0,1e-08,adamax,0,0.0,disordered,1,0.4221726042411116,0 days 02:59:44.995636,0.0007545287477097,1.2261143058066433,1.2160181773394705
150,150,150,150,0.3444087275973818,0.3444087275973818,0.3444087275973818,0.3444087275973818,0.3444087275973818,0.3444087275973818,0.3444087275973818,0.3444087275973818,0.4859328081466289,2.646169887193176e-05,0.9851557099022704,0.1513120875793752,0.8822461645154503,1.0245753820609256e-05,2.213769338444608e-05,0.0698458796822876,-0.0008178928054418,-0.0010548040835051,8911.0,1.0,0.435834779462619,0.1792983733266665,0.0369883463752735,0.7685847217103081,0.0835179293669268,0.6439031526829808,0.5635435668373796,0.739568320401929,100000,30,8,0.1,5.0,0.1,0,7,0.001,1e-06,0.001,1e-07,1.0,1e-08,adamax,0,0.0,disordered,1,0.3400644254272875,0 days 02:59:44.995636,0.0008179266973115,1.5674997142686604,1.371114250097428
151,151,151,151,0.4317879727332017,0.4317879727332017,0.4317879727332017,0.4317879727332017,0.4317879727332017,0.4317879727332017,0.4317879727332017,0.4317879727332017,0.9886942439509178,0.2785475327475603,0.1959061156137997,0.6391231083334147,0.1991812215221351,0.1774887219956157,0.3093813469882536,1.0012255571472155,-0.0007271368909065,-0.0008423982599724,425.0,0.0,0.943891263002008,0.2365214903841666,0.4826040926959499,0.7515620687294599,0.2023581685917818,0.0920116234928242,0.1380229866068717,0.9316879857781158,100000,30,8,0.1,5.0,0.1,0,7,0.001,1e-06,0.001,1e-07,1.0,1e-08,adamax,0,0.0,disordered,1,0.4352670003509173,0 days 02:59:44.995636,0.0007271555318098,1.232864966835979,1.1947536776962444
152,152,152,152,0.2575263326771198,0.2575263326771198,0.2575263326771198,0.2575263326771198,0.2575263326771198,0.2575263326771198,0.2575263326771198,0.2575263326771198,1.00049201504778,0.1212243213398224,0.3839310516900593,0.5892568857943411,0.0652859984338622,0.0669812688707395,0.0805917308551862,0.2591343038292585,-0.0011404392874836,-0.001404020322129,725.0,0.0,0.7894252030152007,0.2004108507488413,0.0158897298359887,0.6378190116729733,0.3219068800907684,0.227954613732546,0.1995556372938079,0.4722253635804095,100000,30,8,0.1,5.0,0.1,0,7,0.001,1e-06,0.001,1e-07,1.0,1e-08,adamax,0,0.0,disordered,1,0.2578956419432615,0 days 02:59:44.995636,0.0011404401862425,1.4445907630817854,1.3828844515707566
153,153,153,153,0.2121550171362449,0.2121550171362449,0.2121550171362449,0.2121550171362449,0.2121550171362449,0.2121550171362449,0.2121550171362449,0.2121550171362449,1.000036107266116,0.1108799330355507,0.3623672021561591,0.0407684293561893,0.0469557822888535,0.3950812623864917,0.1259692464837899,0.0469079449522012,-0.0012975036581977,-0.0015648440488498,794.0,0.0,0.3422514539903797,0.9402172918894702,0.5658874773949365,0.9001261446978802,0.9246386652645656,0.9001324900548501,0.4983454905287332,0.5832895646919062,100000,30,8,0.1,5.0,0.1,0,7,0.001,1e-06,0.001,1e-07,1.0,1e-08,adamax,0,0.0,disordered,1,0.2106469009080036,0 days 02:59:44.995636,0.00129752473214,1.5986741755149736,1.4020569018966014
154,154,154,154,0.367392478180207,0.367392478180207,0.367392478180207,0.367392478180207,0.367392478180207,0.367392478180207,0.367392478180207,0.367392478180207,0.0005282847716452,0.9032317573915452,0.8687208722747721,0.5641471720141542,0.2212876407602861,6.58495517001811e-05,0.0895991553729919,0.1444904253886356,-0.0008203155617387,-0.0010525417007323,8846.0,1.0,0.5342589017236986,0.0202634807373287,0.9464100576900564,0.1510903531028005,0.5534559105858134,0.682647856788838,0.7863061131620858,0.5422231796108453,100000,30,8,0.1,5.0,0.1,0,7,0.001,1e-06,0.001,1e-07,1.0,1e-08,adamax,0,0.0,disordered,1,0.3705318266575598,0 days 02:59:44.995636,0.0008203370845095,1.3297001901483683,1.2918860986482383
155,155,155,155,0.4047756965997316,0.4047756965997316,0.4047756965997316,0.4047756965997316,0.4047756965997316,0.4047756965997316,0.4047756965997316,0.4047756965997316,0.1732793456945105,0.1449959568964514,0.0379158965943471,6.0044659393937737e-05,0.3613234748656846,0.887215416255455,7.927695736342065e-05,0.8603733667573619,-0.0007519169046017,-0.0008578895776967,8215.0,1.0,0.6391108790301397,0.8271093594992666,0.6435283568596154,0.6668418155384968,0.8540520560504438,0.0734116669155326,0.518521050809158,0.0265520237612418,100000,30,8,0.1,5.0,0.1,0,7,0.001,1e-06,0.001,1e-07,1.0,1e-08,adamax,0,0.0,disordered,1,0.4001477840605489,0 days 02:59:44.995636,0.000751950859487,1.8792468119767731,1.2495550126527364
156,156,156,156,0.293044697697214,0.293044697697214,0.293044697697214,0.293044697697214,0.293044697697214,0.293044697697214,0.293044697697214,0.293044697697214,0.0233766311681512,0.3897138633374386,1.000003116670742,0.0335708915487817,0.346864762127897,0.0377744612647319,0.0471230419635842,0.1679534672193762,-0.0010170538812874,-0.0013001864532872,1343.0,0.0,0.1513861713431294,0.0285064142169597,0.8662414965178878,0.329738218002739,0.5211312073463263,0.7872579379890905,0.688896824749785,0.9263145604956078,100000,30,8,0.1,5.0,0.1,0,7,0.001,1e-06,0.001,1e-07,1.0,1e-08,adamax,0,0.0,disordered,1,0.2918345278965518,0 days 02:59:44.995636,0.0010170598827006,1.3836837590904614,1.3515462178736157
157,157,157,157,0.333461801578636,0.333461801578636,0.333461801578636,0.333461801578636,0.333461801578636,0.333461801578636,0.333461801578636,0.333461801578636,0.4540189697483751,8.727220614933124e-05,0.5550866973674151,0.6084618525793495,0.0439765306484137,0.4981958384796157,0.045962626451097,0.3873386130021025,-0.0008581170188896,-0.0009643478185853,7404.0,1.0,0.4898036887229915,0.7024378150343941,0.8677546688910042,0.1071970230385482,0.4698551588747217,0.0879942584045,0.5569643621342539,0.3133533464336471,100000,30,8,0.1,5.0,0.1,0,7,0.001,1e-06,0.001,1e-07,1.0,1e-08,adamax,0,0.0,disordered,1,0.3315377893103745,0 days 02:59:44.995636,0.0008581255843845,1.5288785337324857,1.3443861284260255
158,158,158,158,0.3228628202536728,0.3228628202536728,0.3228628202536728,0.3228628202536728,0.3228628202536728,0.3228628202536728,0.3228628202536728,0.3228628202536728,0.5622659201910747,0.1672823935639356,0.4144671700681291,0.8629667900883032,4.274942334968037e-06,0.3507296080098844,2.409880847110519e-05,2.9324527259943453e-06,-0.0009260192199416,-0.0011205966460128,8965.0,1.0,0.8404982731519823,0.4683808695028418,0.16289530068774,0.8733791351470347,0.4258654966885558,0.0197112421874458,0.2686888585870096,0.3830994218100014,100000,30,8,0.1,5.0,0.1,0,7,0.001,1e-06,0.001,1e-07,1.0,1e-08,adamax,0,0.0,disordered,1,0.3229027116030859,0 days 02:59:44.995636,0.0009260192175304,1.713773200260466,1.343206481299782
159,159,159,159,0.0621709028616382,0.0621709028616382,0.0621709028616382,0.0621709028616382,0.0621709028616382,0.0621709028616382,0.0621709028616382,0.0621709028616382,1.8279192767969968e-05,0.3627440982172479,0.0370679331490674,3.77993437163928e-07,4.216850347214268e-07,4.990295606299214e-07,9.438931655499608e-07,0.1639927071734741,-0.0031210594122702,-0.0038006242154185,10289.0,1.0,0.0262443207348223,0.1401115351915322,0.2965088687873769,0.3375832951584115,0.4375794644216485,0.2976178144068799,0.3206682412694038,0.4620787748246554,100000,30,8,0.1,5.0,0.1,0,7,0.001,1e-06,0.001,1e-07,1.0,1e-08,adamax,0,0.0,disordered,1,0.0615187494906648,0 days 02:59:44.995636,0.0031211382535728,2.1358366611320863,1.8334855230401572
160,160,160,160,0.2747120789270809,0.2747120789270809,0.2747120789270809,0.2747120789270809,0.2747120789270809,0.2747120789270809,0.2747120789270809,0.2747120789270809,0.8006319972559552,8.3190596631009e-06,0.9372502291315052,0.2111093694350856,7.920629865960235e-06,0.1994537357930432,0.0218565415322997,4.776348908049586e-06,-0.0011312383028648,-0.0016072908608177,9300.0,1.0,0.3519327463102876,0.7497859477666411,0.781070814915798,0.0176659638470567,0.1620922119128206,0.1018191438928746,0.3528687006585745,0.3562605533678569,100000,30,8,0.1,5.0,0.1,0,7,0.001,1e-06,0.001,1e-07,1.0,1e-08,adamax,0,0.0,disordered,1,0.2729860293332509,0 days 02:59:44.995636,0.0011312570525802,1.476900856537221,1.272968360102253
161,161,161,161,0.1988827856988807,0.1988827856988807,0.1988827856988807,0.1988827856988807,0.1988827856988807,0.1988827856988807,0.1988827856988807,0.1988827856988807,0.3803811305550009,7.785042210263543e-06,2.2113968432456528e-05,0.1379667418536564,7.663905950792577e-06,0.4533139161914408,1.4939613216719104e-05,0.3977799247545405,-0.0012564728326254,-0.0014175972290549,8038.0,1.0,0.7492930954460025,0.729520125674327,0.8824147325613924,0.6829980203089694,0.5955341403008954,0.9943332014900896,0.641966715068702,0.3894717582066502,100000,30,8,0.1,5.0,0.1,0,7,0.001,1e-06,0.001,1e-07,1.0,1e-08,adamax,0,0.0,disordered,1,0.2012048273318675,0 days 02:59:44.995636,0.001256510435481,2.1225306773272283,1.531997528250893
162,162,162,162,0.3444087275973818,0.3444087275973818,0.3444087275973818,0.3444087275973818,0.3444087275973818,0.3444087275973818,0.3444087275973818,0.3444087275973818,0.0596655592424725,1.0004449595843723,0.4433433859405349,0.062591129246217,0.5805549005352458,0.0762215747303411,0.1389218204418801,0.3457847119904064,-0.0008804897329881,-0.0010380052644214,818.0,0.0,0.3047671450549398,0.0357513358910965,0.9441383821019348,0.7526396033854349,0.3770744740385141,0.8750264088387725,0.762923530257859,0.4651733664606914,100000,30,8,0.1,5.0,0.1,0,7,0.001,1e-06,0.001,1e-07,1.0,1e-08,adamax,0,0.0,disordered,1,0.3447316935669807,0 days 02:59:44.995636,0.0008804900508694,1.5327098929452183,1.2842680199102
163,163,163,163,0.1638433645577982,0.1638433645577982,0.1638433645577982,0.1638433645577982,0.1638433645577982,0.1638433645577982,0.1638433645577982,0.1638433645577982,9.88480623345906e-06,0.6982041633934414,0.0033333863658583,0.3427927108898529,2.1850060809347227e-06,5.99189449243831e-06,0.0932818401652881,2.2275705566989152e-06,-0.0015998522017012,-0.0019702309136225,8951.0,1.0,0.9557833448132416,0.8923995250960749,0.4460462226478133,0.427009935517979,0.1516958500288139,0.1024071282176544,0.3572105858326114,0.2145963222654221,100000,30,8,0.1,5.0,0.1,0,7,0.001,1e-06,0.001,1e-07,1.0,1e-08,adamax,0,0.0,disordered,1,0.1645996376940333,0 days 02:59:44.995636,0.0015998626114814,1.7725862060414732,1.459292005013206
164,164,164,164,0.1864408533970484,0.1864408533970484,0.1864408533970484,0.1864408533970484,0.1864408533970484,0.1864408533970484,0.1864408533970484,0.1864408533970484,0.8992344885102149,0.4649084872159615,2.573099686495052e-06,0.0993463629959618,6.987612283386122e-06,0.1389169823805665,0.2010196410732802,1.7243567022118807e-05,-0.0014944038500982,-0.0018777614884403,8992.0,1.0,0.0686048753592449,0.7354797423575674,0.9611756267230732,0.6873883811420436,0.9074324780725448,0.8703669412946711,0.6460543691700241,0.5226129115246972,100000,30,8,0.1,5.0,0.1,0,7,0.001,1e-06,0.001,1e-07,1.0,1e-08,adamax,0,0.0,disordered,1,0.183575674841359,0 days 02:59:44.995636,0.0014945238553139,1.7337318860196895,1.4069800439673066
165,165,165,165,0.1076624177045491,0.1076624177045491,0.1076624177045491,0.1076624177045491,0.1076624177045491,0.1076624177045491,0.1076624177045491,0.1076624177045491,1.5884545116762186e-06,0.0550374102899419,1.465001741504214e-06,0.2180527726025218,0.297539142450544,1.868915242409015e-06,6.616110917668389e-06,0.0636962084040198,-0.0020343871188308,-0.0025235963626997,9820.0,1.0,0.3579013924678206,0.4949761755722949,0.3212519515014987,0.1720666773180067,0.4953270051382947,0.6611575082946666,0.5853151200539239,0.7378227930383214,100000,30,8,0.1,5.0,0.1,0,7,0.001,1e-06,0.001,1e-07,1.0,1e-08,adamax,0,0.0,disordered,1,0.107880561267722,0 days 02:59:44.995636,0.0020343892293791,1.7687832412497146,1.806586348562073
166,166,166,166,0.1747772774464679,0.1747772774464679,0.1747772774464679,0.1747772774464679,0.1747772774464679,0.1747772774464679,0.1747772774464679,0.1747772774464679,0.004699592743763,1.9904959879532587e-06,0.0487692403279593,4.967845519337792e-06,0.0645494240889591,1.5308914848848947e-06,0.5031002607395536,0.1490168940797092,-0.001268194357144,-0.0015822599927143,9265.0,1.0,0.3359702633489273,9.60405599956804e-05,0.212659523709593,0.2896953747711416,0.553104867010391,0.389451515347593,0.6576718802427545,0.2239429185820662,100000,30,8,0.1,5.0,0.1,0,7,0.001,1e-06,0.001,1e-07,1.0,1e-08,adamax,0,0.0,disordered,1,0.1750450070972281,0 days 02:59:44.995636,0.0012681947684087,2.4119444216327457,1.508631087455939
167,167,167,167,0.4317879727332017,0.4317879727332017,0.4317879727332017,0.4317879727332017,0.4317879727332017,0.4317879727332017,0.4317879727332017,0.4317879727332017,0.1458173923215184,0.9304711115124856,0.1792974206191205,0.1611379879307628,0.14255262065477,0.1337960766982095,1.0002047099843103,0.2709099519316493,-0.0006695262202393,-0.000809772982813,517.0,0.0,0.4680172846291024,0.0022461445398733,0.6863003978230826,0.865358765091174,0.8586576209689326,0.8746833990846345,0.1961319899414358,0.981421288630042,100000,30,8,0.1,5.0,0.1,0,7,0.001,1e-06,0.001,1e-07,1.0,1e-08,adamax,0,0.0,disordered,1,0.4324312123283779,0 days 02:59:44.995636,0.0006695268240462,1.3553902774146092,1.2024784690071981
168,168,168,168,0.2263129568399526,0.2263129568399526,0.2263129568399526,0.2263129568399526,0.2263129568399526,0.2263129568399526,0.2263129568399526,0.2263129568399526,0.6206506227600512,0.1215934189423609,7.304656420781542e-06,0.4431874097194454,0.3889058742187492,3.3963597338684647e-06,9.04871430998749e-06,1.7368277337315766e-06,-0.0013271261515877,-0.0018647582786512,9534.0,1.0,0.551370055537916,0.1855797904828828,0.0910540624549163,0.0709756771489656,0.6369673359898222,0.6285879455462029,0.7867578153046024,0.6586148779360064,100000,30,8,0.1,5.0,0.1,0,7,0.001,1e-06,0.001,1e-07,1.0,1e-08,adamax,0,0.0,disordered,1,0.2255330596560484,0 days 02:59:44.995636,0.0013271316243308,1.4135131567523571,1.305884326893452
169,169,169,169,0.4913407286296357,0.4913407286296357,0.4913407286296357,0.4913407286296357,0.4913407286296357,0.4913407286296357,0.4913407286296357,0.4913407286296357,0.2692801921009085,0.404718114055042,0.4916183231323185,0.6831106312696373,0.5493427129565965,0.2718453978492482,0.2388226811312987,1.0001180213529106,-0.0006220165404104,-0.0006635754679368,334.0,0.0,0.5194036064022658,0.1628216458053162,0.7344738470457473,0.0040607791752594,0.6603056326225697,0.1653106406351319,0.158812500494112,0.9060919823220174,100000,30,8,0.1,5.0,0.1,0,7,0.001,1e-06,0.001,1e-07,1.0,1e-08,adamax,0,0.0,disordered,1,0.4947246858175346,0 days 02:59:44.995636,0.0006220268620204,1.2648980538985488,1.2609331248297349
170,170,170,170,0.1487115462808952,0.1487115462808952,0.1487115462808952,0.1487115462808952,0.1487115462808952,0.1487115462808952,0.1487115462808952,0.1487115462808952,3.496049458406662e-05,0.4807694477734735,0.3237286010854714,5.427747206191358e-06,0.2383062499908647,4.64618155346669e-06,7.526051565526154e-06,0.1081821150120694,-0.0016341804535485,-0.0019833306024268,9385.0,1.0,0.9272687987305654,0.7202854143764663,0.2286132749517861,0.4693763724185115,0.3461982610739972,0.1176045480895723,0.2368161436599996,0.05796887217318,100000,30,8,0.1,5.0,0.1,0,7,0.001,1e-06,0.001,1e-07,1.0,1e-08,adamax,0,0.0,disordered,1,0.1490077961941952,0 days 02:59:44.995636,0.0016341823868327,1.4859167766778594,1.5070748660220306
171,171,171,171,0.3919100249433399,0.3919100249433399,0.3919100249433399,0.3919100249433399,0.3919100249433399,0.3919100249433399,0.3919100249433399,0.3919100249433399,1.000379461477341,0.1989484414827415,0.155383227779695,0.2891194989761832,0.2055500481617508,0.1582060880186944,0.3870699025365793,0.8490266951428744,-0.0007847945676514,-0.0009294739947532,422.0,0.0,0.9722989391173464,0.2362951831663555,0.3871303033300499,0.2466130384795043,0.6512560958980139,0.5625293241165457,0.7656657950986049,0.0114169824866066,100000,30,8,0.1,5.0,0.1,0,7,0.001,1e-06,0.001,1e-07,1.0,1e-08,adamax,0,0.0,disordered,1,0.3925203264177829,0 days 02:59:44.995636,0.0007847952020963,1.3794837980713328,1.2056505329540674
172,172,172,172,0.293044697697214,0.293044697697214,0.293044697697214,0.293044697697214,0.293044697697214,0.293044697697214,0.293044697697214,0.293044697697214,0.8100270474193284,1.0126883227967411e-05,8.361440217986482e-06,0.562541898717296,0.6157377058445179,2.448936788094408e-05,0.0789208062444625,0.0036888169903289,-0.0010293125505094,-0.0014106591994444,8960.0,1.0,0.204675351213916,0.5987377284896298,0.576566930148022,0.8244385564254193,0.080546864575358,0.3711524930990902,0.4037561394020001,0.5130269217785087,100000,30,8,0.1,5.0,0.1,0,7,0.001,1e-06,0.001,1e-07,1.0,1e-08,adamax,0,0.0,disordered,1,0.2978057580028369,0 days 02:59:44.995636,0.0010294199465946,1.6589234493834948,1.326629216363671
173,173,173,173,0.2121550171362449,0.2121550171362449,0.2121550171362449,0.2121550171362449,0.2121550171362449,0.2121550171362449,0.2121550171362449,0.2121550171362449,0.0618960794296552,0.939960259703694,0.1153217316318468,0.2718315910360181,4.7212889877624745e-06,0.1548600384689347,6.196377673932368e-06,0.2226805661671727,-0.0012485639416228,-0.0015576742881091,8825.0,1.0,0.3514292192289528,0.734669791447239,0.1043126694432297,0.0606265487732715,0.3134969656943688,0.08936835835602,0.3924113107452132,0.5784304362761635,100000,30,8,0.1,5.0,0.1,0,7,0.001,1e-06,0.001,1e-07,1.0,1e-08,adamax,0,0.0,disordered,1,0.209399506789252,0 days 02:59:44.995636,0.0012486215319071,1.8007699053667192,1.4881264555841256
174,174,174,174,0.367392478180207,0.367392478180207,0.367392478180207,0.367392478180207,0.367392478180207,0.367392478180207,0.367392478180207,0.367392478180207,0.6537440858253323,0.1271996234361733,0.1155323173603781,0.0961646786687675,1.0002819285065483,0.1341930365370116,0.1108158417145885,0.6333851700637411,-0.0008079322201015,-0.0009680353279741,594.0,0.0,0.0841896335863821,0.4597958892749636,0.5553176384279525,0.5645392862095029,0.0302027113843083,0.7732342916221171,0.7219944120767331,0.2970111784747991,100000,30,8,0.1,5.0,0.1,0,7,0.001,1e-06,0.001,1e-07,1.0,1e-08,adamax,0,0.0,disordered,1,0.3661878035965849,0 days 02:59:44.995636,0.0008079356018139,1.5748125359844074,1.258470249511944
175,175,175,175,0.2837303616516209,0.2837303616516209,0.2837303616516209,0.2837303616516209,0.2837303616516209,0.2837303616516209,0.2837303616516209,0.2837303616516209,0.1181364705995763,0.443774293170351,0.0094232315957184,0.543429498476219,1.345952491805703e-07,0.4816833287546061,0.0036229275021264,9.999926467267673e-08,-0.0009056560176689,-0.0011699114084807,25228.0,0.0,0.4713454304536444,0.7391818794487419,0.8340747307980766,0.2477164179479444,0.7708320963728408,0.4241983695702475,0.9531604880370382,0.8783654950164146,100000,30,8,0.1,5.0,0.1,0,7,0.001,1e-06,0.001,1e-07,1.0,1e-08,adamax,0,0.0,disordered,1,0.2860514892468151,0 days 02:59:44.995636,0.0009056681442386,2.0096242803630684,1.438445897091275
176,176,176,176,0.3557150206821381,0.3557150206821381,0.3557150206821381,0.3557150206821381,0.3557150206821381,0.3557150206821381,0.3557150206821381,0.3557150206821381,0.0001032243466312,0.1132346556039576,0.0783691458020963,0.8537963272248493,0.617075939987074,0.1724844138461415,0.0248856426412147,0.0007661651559437,-0.0008821838932202,-0.0011617599083038,8499.0,1.0,0.3579915231080731,0.3598325142224708,0.4858358613989018,0.9606447966726998,0.1439805411979351,0.5489012665123931,0.6477107544433567,0.7200550744245918,100000,30,8,0.1,5.0,0.1,0,7,0.001,1e-06,0.001,1e-07,1.0,1e-08,adamax,0,0.0,disordered,1,0.3510109713859854,0 days 02:59:44.995636,0.0008822464620229,1.417596689772463,1.3100982339179936
177,177,177,177,0.5241298302206053,0.5241298302206053,0.5241298302206053,0.5241298302206053,0.5241298302206053,0.5241298302206053,0.5241298302206053,0.5241298302206053,0.8764706369647743,0.1563716913764813,0.1005827722565268,0.0924593052953363,1.0000659841797597,0.6163801951649658,0.4454120107071714,0.4100632629417302,-0.0006016353476199,-0.0006472967531047,1481.0,0.0,0.0671148507380147,0.5993153176299014,0.4504410344368798,0.3394168925365474,0.970535745395725,0.1060291218306453,0.708691782471572,0.20436046231027,100000,30,8,0.1,5.0,0.1,0,7,0.001,1e-06,0.001,1e-07,1.0,1e-08,adamax,0,0.0,disordered,1,0.516917896518054,0 days 02:59:44.995636,0.0006016773599641,1.212593156256971,1.2135255295687246
178,178,178,178,0.4317879727332017,0.4317879727332017,0.4317879727332017,0.4317879727332017,0.4317879727332017,0.4317879727332017,0.4317879727332017,0.4317879727332017,0.6448833277593948,0.1050762714663666,9.999935079798413e-08,0.1042183287311012,2.220845030758654e-07,0.6212948005018676,0.852848662824157,0.1193657852600959,-0.0006989922972753,-0.0008097049879991,69617.0,0.0,0.9481022894736189,0.5003145590931377,0.4533875913258531,0.2485016800118726,0.5337793923358432,0.8643289560409935,0.0720732812115272,0.6582265017536821,100000,30,8,0.1,5.0,0.1,0,7,0.001,1e-06,0.001,1e-07,1.0,1e-08,adamax,0,0.0,disordered,1,0.4325003249120789,0 days 02:59:44.995636,0.0006989931283289,1.766326592398963,1.2147870151239846
179,179,179,179,0.4317879727332017,0.4317879727332017,0.4317879727332017,0.4317879727332017,0.4317879727332017,0.4317879727332017,0.4317879727332017,0.4317879727332017,0.0263888939497321,0.7424378792549302,0.2648202966319764,1.0001019076821087,0.1664607280674475,0.861430312776778,0.0589534426658195,0.0461524589325505,-0.0006719227391962,-0.0007578890145013,1948.0,0.0,0.1465543869611854,0.2250704739888461,0.8538524976332683,0.0722715630299145,0.7316708832017987,0.0578531237565792,0.5095432760207479,0.6235079875011236,100000,30,8,0.1,5.0,0.1,0,7,0.001,1e-06,0.001,1e-07,1.0,1e-08,adamax,0,0.0,disordered,1,0.4343968209011777,0 days 02:59:44.995636,0.0006719295409894,1.4023126331814195,1.3082172013708675
180,180,180,180,0.3228628202536728,0.3228628202536728,0.3228628202536728,0.3228628202536728,0.3228628202536728,0.3228628202536728,0.3228628202536728,0.3228628202536728,0.1243468874017378,1.0000818550240498,0.0180824405322051,0.0279074600622966,0.0168337086130295,0.7360619306096301,0.0171832433758942,0.0393622027240741,-0.0008789007828015,-0.0011744727745522,1331.0,0.0,0.1469985366622423,0.8021095935456756,0.2210107799811463,0.475682485797211,0.2402812112931351,0.7635859224107355,0.2511413197970664,0.262182598526722,100000,30,8,0.1,5.0,0.1,0,7,0.001,1e-06,0.001,1e-07,1.0,1e-08,adamax,0,0.0,disordered,1,0.327652056184593,0 days 02:59:44.995636,0.0008789570127861,1.8537716944336706,1.3644874317762055
181,181,181,181,0.3228628202536728,0.3228628202536728,0.3228628202536728,0.3228628202536728,0.3228628202536728,0.3228628202536728,0.3228628202536728,0.3228628202536728,0.7936306206143796,1.0003128600997144,0.5677161913634239,0.060447967427866,0.1585604049799437,0.0537481015415311,0.1031968971045438,0.0609663210134422,-0.0008941503580175,-0.0011581407620503,786.0,0.0,0.012176776794017,0.8998375981764654,0.0335969627568926,0.3145864476464628,0.6470071622065572,0.3320857338144194,0.5972060998913077,0.3645648731152949,100000,30,8,0.1,5.0,0.1,0,7,0.001,1e-06,0.001,1e-07,1.0,1e-08,adamax,0,0.0,disordered,1,0.318758243328838,0 days 02:59:44.995636,0.0008941912463138,1.6657477573203325,1.3342437649942833
182,182,182,182,0.2414157116103016,0.2414157116103016,0.2414157116103016,0.2414157116103016,0.2414157116103016,0.2414157116103016,0.2414157116103016,0.2414157116103016,1.000602806638288,0.2687117959510423,0.0549041498616479,0.4428223759724318,0.1804487782539879,0.1791671989057065,0.1686440102550592,0.069293290394185,-0.001280890494599,-0.0014773109838174,789.0,0.0,0.8799511230920498,0.1589792162923121,0.0184104311826945,0.0997000036646228,0.5239920370250133,0.592268699619776,0.8339028183744194,0.9546479818986864,100000,30,8,0.1,5.0,0.1,0,7,0.001,1e-06,0.001,1e-07,1.0,1e-08,adamax,0,0.0,disordered,1,0.2398488872729407,0 days 02:59:44.995636,0.001280913085577,1.1989556886169983,1.2169893699109984
183,183,183,183,0.3919100249433399,0.3919100249433399,0.3919100249433399,0.3919100249433399,0.3919100249433399,0.3919100249433399,0.3919100249433399,0.3919100249433399,3.2909902739301355e-05,0.4395676066111532,6.617231928845145e-06,0.2189713726051295,0.2567182526003431,0.971160775553748,0.0001566155800853,0.4380919113354643,-0.0007711741397439,-0.0008693016588939,9174.0,1.0,0.401304424874914,0.8236951744580298,0.4051697468493412,0.3706570239468989,0.1326942880592098,0.8686533835131917,0.3361072638152569,0.6466911011130169,100000,30,8,0.1,5.0,0.1,0,7,0.001,1e-06,0.001,1e-07,1.0,1e-08,adamax,0,0.0,disordered,1,0.3938794517354811,0 days 02:59:44.995636,0.0007711809844537,1.7986368938137771,1.2876522762135987
184,184,184,184,0.3919100249433399,0.3919100249433399,0.3919100249433399,0.3919100249433399,0.3919100249433399,0.3919100249433399,0.3919100249433399,0.3919100249433399,0.0015129860777577,0.9663131922501476,0.3158388767595557,0.2579506477626146,1.4142135869990437e-06,0.1926391304403772,1.3693440164541443e-06,0.8133482074636366,-0.0007397947827348,-0.0010127898285853,9301.0,1.0,0.5171654789011755,0.9968375249315816,0.2556339822243743,0.5514986455993405,0.7896322571214801,0.1910809996479252,0.8231738011496573,0.5581697323222211,100000,30,8,0.1,5.0,0.1,0,7,0.001,1e-06,0.001,1e-07,1.0,1e-08,adamax,0,0.0,disordered,1,0.3927662615322264,0 days 02:59:44.995636,0.0007397957662992,1.7778604775408504,1.316719165515769
185,185,185,185,0.4047756965997316,0.4047756965997316,0.4047756965997316,0.4047756965997316,0.4047756965997316,0.4047756965997316,0.4047756965997316,0.4047756965997316,0.7264831014908398,1.0000114979120776,0.0281951486115965,0.3459975576206782,0.1048316316268717,0.8331384180933451,0.2429743591311347,0.0406756452477152,-0.000787128892083,-0.0009091156431657,1565.0,0.0,0.103519069386064,0.9680567674181526,0.4118515661605675,0.475406182769067,0.7844622831603345,0.9646372922171242,0.2455385262562845,0.1361654883223276,100000,30,8,0.1,5.0,0.1,0,7,0.001,1e-06,0.001,1e-07,1.0,1e-08,adamax,0,0.0,disordered,1,0.4113126631620975,0 days 02:59:44.995636,0.0007872175386166,1.200085166680985,1.184943767822332
186,186,186,186,0.1487115462808952,0.1487115462808952,0.1487115462808952,0.1487115462808952,0.1487115462808952,0.1487115462808952,0.1487115462808952,0.1487115462808952,0.1650250565676739,7.221189884399872e-07,7.23275129712806e-07,4.490178962536622e-06,0.4328857704086077,5.874275237233921e-06,0.2458998834212863,6.568172938809726e-06,-0.0014618653875816,-0.0017219079035059,8885.0,1.0,0.7447308953008215,0.6770375078933076,0.4465205431987034,0.6476068992896135,0.9441499806395016,0.8419109783899698,0.5682197133325374,0.9086267688539756,100000,30,8,0.1,5.0,0.1,0,7,0.001,1e-06,0.001,1e-07,1.0,1e-08,adamax,0,0.0,disordered,1,0.1472122386409333,0 days 02:59:44.995636,0.0014618932780176,1.9486000655347928,1.6272495643436242
187,187,187,187,0.2263129568399526,0.2263129568399526,0.2263129568399526,0.2263129568399526,0.2263129568399526,0.2263129568399526,0.2263129568399526,0.2263129568399526,0.0346041082292021,0.219034596170017,0.8223584162565825,0.0004332739000581,0.032096339018139,0.2966307807870295,0.0009055082854385,1.2946347923116312e-05,-0.0011526721914292,-0.0014676673012249,8541.0,1.0,0.9129114718218536,0.7711556229430179,0.1185609555698687,0.5617089206843101,0.6072668886067614,0.87933478726849,0.5162298994322575,0.6125897757826202,100000,30,8,0.1,5.0,0.1,0,7,0.001,1e-06,0.001,1e-07,1.0,1e-08,adamax,0,0.0,disordered,1,0.2241638906066738,0 days 02:59:44.995636,0.0011526963580732,1.9400598151365809,1.5194025921141259
188,188,188,188,0.2493409369951876,0.2493409369951876,0.2493409369951876,0.2493409369951876,0.2493409369951876,0.2493409369951876,0.2493409369951876,0.2493409369951876,1.0008263443293228,0.1527971383894799,0.0596393665046409,0.0698775936585329,0.0722831656461472,0.083247067352101,0.1741433899719744,0.7002240642326885,-0.0011203981906943,-0.001433471133667,660.0,0.0,0.7151638936978153,0.0838712936818407,0.056342943723363,0.0303978264254882,0.1068354634281478,0.2554841462687353,0.0483867910215433,0.5964463432981612,100000,30,8,0.1,5.0,0.1,0,7,0.001,1e-06,0.001,1e-07,1.0,1e-08,adamax,0,0.0,disordered,1,0.2519159526620841,0 days 02:59:44.995636,0.0011204367635423,1.5009709979042807,1.2386817597993662
189,189,189,189,0.4180637241455752,0.4180637241455752,0.4180637241455752,0.4180637241455752,0.4180637241455752,0.4180637241455752,0.4180637241455752,0.4180637241455752,0.0001555172820795,0.2829525045853618,0.3716322443703755,0.6003914347322296,1.437556391638028e-05,0.8531067380283001,0.3229421017832756,8.212220687061026e-06,-0.0007584643225982,-0.0008583035619305,11068.0,1.0,0.5722891842830293,0.4552914594104414,0.0089493536422102,0.519182761157155,0.1263686231862464,0.0051056795481539,0.7962273903844265,0.9106530114529016,100000,30,8,0.1,5.0,0.1,0,7,0.001,1e-06,0.001,1e-07,1.0,1e-08,adamax,0,0.0,disordered,1,0.4196681367184631,0 days 02:59:44.995636,0.0007584683502949,1.311607870445585,1.2543584228282472
190,190,190,190,0.2659804395593755,0.2659804395593755,0.2659804395593755,0.2659804395593755,0.2659804395593755,0.2659804395593755,0.2659804395593755,0.2659804395593755,1.000175562676915,0.1467050506860992,0.7712563657723676,0.0551689346594042,0.072571722399904,0.0545684110235952,0.4839062717541082,0.0546519235852888,-0.0009665163322892,-0.0011503100942137,694.0,0.0,0.0723200974103522,0.658998149581024,0.0532868940139118,0.5821887559626637,0.6239116307216966,0.5867520196653536,0.9903001071880349,0.6136513534513286,100000,30,8,0.1,5.0,0.1,0,7,0.001,1e-06,0.001,1e-07,1.0,1e-08,adamax,0,0.0,disordered,1,0.2637885318538623,0 days 02:59:44.995636,0.0009665297378827,1.7244636630001817,1.4146461113877211
191,191,191,191,0.4180637241455752,0.4180637241455752,0.4180637241455752,0.4180637241455752,0.4180637241455752,0.4180637241455752,0.4180637241455752,0.4180637241455752,0.5263111840449146,0.9246167873539752,0.2668405255339561,0.0195053793370372,0.0002047767257502,0.7140414711328448,0.4801448383931109,0.0013961358438954,-0.0007532111774312,-0.000874261330419,8326.0,1.0,0.1661334633397303,0.9328109107570048,0.29901133171327,0.5394260265834436,0.4325121818691179,0.8067388614302226,0.0840030486225367,0.3676129766955708,100000,30,8,0.1,5.0,0.1,0,7,0.001,1e-06,0.001,1e-07,1.0,1e-08,adamax,0,0.0,disordered,1,0.4134103840671605,0 days 02:59:44.995636,0.0007532477871703,1.499731530096771,1.2559532960152873
192,192,192,192,0.293044697697214,0.293044697697214,0.293044697697214,0.293044697697214,0.293044697697214,0.293044697697214,0.293044697697214,0.293044697697214,0.3040520855522377,7.408350206892341e-05,0.920224497645558,7.789743897840319e-05,0.0395386772185395,0.5542225411118867,0.0002298518701635,0.459152183093625,-0.0009663214820807,-0.0010670945475855,7884.0,1.0,0.4427155432827598,0.5974138281036413,0.9079079158391044,0.3014981368667159,0.3455366874625925,0.6720061274811792,0.2089574176435983,0.5098825266275231,100000,30,8,0.1,5.0,0.1,0,7,0.001,1e-06,0.001,1e-07,1.0,1e-08,adamax,0,0.0,disordered,1,0.2958787480934234,0 days 02:59:44.995636,0.0009663488637104,1.6636427510228002,1.3903587503386154
193,193,193,193,0.2747120789270809,0.2747120789270809,0.2747120789270809,0.2747120789270809,0.2747120789270809,0.2747120789270809,0.2747120789270809,0.2747120789270809,0.5991126574031262,4.251084522446343e-05,2.352240415226504e-05,0.0119981590092264,0.3490898815233374,0.0144489592933433,0.362671485227556,0.6157102766378052,-0.0010467254284832,-0.0012163423343753,8410.0,1.0,0.3197210689074721,0.6237500993301396,0.5805693899218535,0.6859106949974794,0.4296962777480695,0.2336463865548357,0.0146175265289446,0.6015984339091843,100000,30,8,0.1,5.0,0.1,0,7,0.001,1e-06,0.001,1e-07,1.0,1e-08,adamax,0,0.0,disordered,1,0.2738753608897464,0 days 02:59:44.995636,0.0010467284169173,1.4413049944582201,1.2494849314358714
194,194,194,194,0.2263129568399526,0.2263129568399526,0.2263129568399526,0.2263129568399526,0.2263129568399526,0.2263129568399526,0.2263129568399526,0.2263129568399526,0.1788035379723591,0.4192436573475987,0.0076595298327906,8.597095289232348e-06,0.3491754295635909,0.0349693646949195,9.87781933767901e-05,0.6508063495071942,-0.0011623592610578,-0.0013552139700477,7944.0,1.0,0.2248147000656325,0.0048262758819638,0.3750287433963313,0.2741317771676971,0.6827360577876453,0.2977948399612876,0.3676598657762004,0.7239127119229027,100000,30,8,0.1,5.0,0.1,0,7,0.001,1e-06,0.001,1e-07,1.0,1e-08,adamax,0,0.0,disordered,1,0.2265182123066288,0 days 02:59:44.995636,0.0011623593969607,2.160309769959981,1.5404269167738778
195,195,195,195,0.3557150206821381,0.3557150206821381,0.3557150206821381,0.3557150206821381,0.3557150206821381,0.3557150206821381,0.3557150206821381,0.3557150206821381,0.1015406317433199,0.5389421734625107,0.3169691291753493,0.2485286980430857,1.8469626383288827e-05,1.0282574055509031e-05,0.8642942840816925,7.93279752513102e-06,-0.0007828848492035,-0.0009853642773812,8461.0,1.0,0.6741544028160474,0.1607312564006348,0.5868115455253371,0.9328341831477888,0.9093519296579587,0.8493826043383815,0.2820135684768482,0.9595891417266345,100000,30,8,0.1,5.0,0.1,0,7,0.001,1e-06,0.001,1e-07,1.0,1e-08,adamax,0,0.0,disordered,1,0.3538758130960621,0 days 02:59:44.995636,0.0007828896606663,1.7715864002234072,1.2523688542514868
196,196,196,196,0.5074705239490462,0.5074705239490462,0.5074705239490462,0.5074705239490462,0.5074705239490462,0.5074705239490462,0.5074705239490462,0.5074705239490462,0.2179024867819351,0.198197300565497,0.3662059555765403,0.2518983273538999,0.2075629484422915,0.1909754240899312,1.0006744646469812,0.71234626668978,-0.0005957339178196,-0.0006987308078722,424.0,0.0,0.1996494980015776,0.4018801330862289,0.1141341583754927,0.5656113337886529,0.7226522394674271,0.6876340767555652,0.007187578936125,0.98246869559216,100000,30,8,0.1,5.0,0.1,0,7,0.001,1e-06,0.001,1e-07,1.0,1e-08,adamax,0,0.0,disordered,1,0.5147279327201335,0 days 02:59:44.995636,0.0005957757418107,1.3189953256566274,1.1655558618271933
197,197,197,197,0.1864408533970484,0.1864408533970484,0.1864408533970484,0.1864408533970484,0.1864408533970484,0.1864408533970484,0.1864408533970484,0.1864408533970484,0.6409022690333183,0.2558333234480019,2.023053954722916e-05,0.3844229178727812,5.125603211575208e-06,0.0644782148893929,0.305733447670421,3.733046913516284e-06,-0.0013566141286882,-0.0015666259572617,8759.0,1.0,0.310009802920434,0.7413852582866136,0.9266026353270806,0.7801669171634159,0.5232404430410416,0.5386586716387549,0.1437732186149335,0.3820729563996142,100000,30,8,0.1,5.0,0.1,0,7,0.001,1e-06,0.001,1e-07,1.0,1e-08,adamax,0,0.0,disordered,1,0.1880057742377525,0 days 02:59:44.995636,0.0013566375428337,1.4991539498042932,1.352635159238531
198,198,198,198,0.367392478180207,0.367392478180207,0.367392478180207,0.367392478180207,0.367392478180207,0.367392478180207,0.367392478180207,0.367392478180207,0.2993987562928011,4.041134054094697e-05,3.313852159390862e-05,0.0001014481793722,0.4715759321797686,0.8429794467999139,0.2428055134858261,0.0001232631259927,-0.0008168175741729,-0.0009918897458023,8317.0,1.0,0.8225019757503876,0.6811834984210781,0.6635233381008597,0.6814304294317084,0.34954178502582,0.9802030403849948,0.3362982768544122,0.1871303691083415,100000,30,8,0.1,5.0,0.1,0,7,0.001,1e-06,0.001,1e-07,1.0,1e-08,adamax,0,0.0,disordered,1,0.3651530795643175,0 days 02:59:44.995636,0.0008168274654882,1.256639021983379,1.276270295630215
199,199,199,199,0.4459627626819087,0.4459627626819087,0.4459627626819087,0.4459627626819087,0.4459627626819087,0.4459627626819087,0.4459627626819087,0.4459627626819087,0.1217561651661426,1.000283989603645,0.3416347103713518,0.6162001098628787,0.1823141555150519,0.0969814949841434,0.8398177169232999,0.1088387094634358,-0.0006934237630732,-0.0007461449126868,700.0,0.0,0.668718141104379,0.1691920119746617,0.9752731285769424,0.575521730097716,0.1201417383412377,0.0236185122231495,0.6012062097735446,0.0421495147407849,100000,30,8,0.1,5.0,0.1,0,7,0.001,1e-06,0.001,1e-07,1.0,1e-08,adamax,0,0.0,disordered,1,0.4496962076060229,0 days 02:59:44.995636,0.000693441570795,1.2883397893497106,1.229960695729447
200,200,200,200,0.4047756965997316,0.4047756965997316,0.4047756965997316,0.4047756965997316,0.4047756965997316,0.4047756965997316,0.4047756965997316,0.4047756965997316,0.730204863142043,1.9552183117073407e-05,0.3893823979977211,0.0151579837706702,0.6520491417824628,3.430946969509791e-06,0.2614402549850156,1.316563134807233e-06,-0.0006829822337444,-0.0010110325715143,9687.0,1.0,0.0524429278030924,0.4124428301893003,0.4482890215201537,0.8289626115560034,0.1293951612755517,0.8683324006829127,0.4050021225416482,0.852980275804317,100000,30,8,0.1,5.0,0.1,0,7,0.001,1e-06,0.001,1e-07,1.0,1e-08,adamax,0,0.0,disordered,1,0.4091034160354625,0 days 02:59:44.995636,0.0006830001677632,1.97596057864294,1.299003667970521
201,201,201,201,0.4047756965997316,0.4047756965997316,0.4047756965997316,0.4047756965997316,0.4047756965997316,0.4047756965997316,0.4047756965997316,0.4047756965997316,0.150453242462815,0.2951011083218881,0.1831722887133663,0.1771069599087461,0.3174013097038791,0.204661859785302,0.3382496947210967,1.0008561888222978,-0.0007659953040768,-0.0008849227565272,492.0,0.0,0.1513459287390148,0.0480696667768623,0.4358259875344775,0.2156529926634499,0.4782527400504889,0.8201964792407497,0.8854287803570929,0.0868148262342157,100000,30,8,0.1,5.0,0.1,0,7,0.001,1e-06,0.001,1e-07,1.0,1e-08,adamax,0,0.0,disordered,1,0.4050597153519621,0 days 02:59:44.995636,0.0007659952910732,1.3688316269978558,1.1777606611957714
202,202,202,202,0.1864408533970484,0.1864408533970484,0.1864408533970484,0.1864408533970484,0.1864408533970484,0.1864408533970484,0.1864408533970484,0.1864408533970484,1.4165811922107587e-05,1.0397131384131678e-05,0.0727616690468679,0.5732942993291186,6.091717604912064e-06,1.3610887258081793e-05,5.240218553961628e-06,0.6099854510341993,-0.0013149389768169,-0.0016605842668434,8943.0,1.0,0.2570898639873892,0.3048608686626178,0.1743675687195556,0.4670284280399481,0.0535861127015699,0.197278859615948,0.065128392987102,0.4569324761981242,100000,30,8,0.1,5.0,0.1,0,7,0.001,1e-06,0.001,1e-07,1.0,1e-08,adamax,0,0.0,disordered,1,0.184783616032601,0 days 02:59:44.995636,0.0013149632995352,1.985222693973608,1.6430770457757082
203,203,203,203,0.1805148879221106,0.1805148879221106,0.1805148879221106,0.1805148879221106,0.1805148879221106,0.1805148879221106,0.1805148879221106,0.1805148879221106,0.0787229254772641,0.588840076639951,1.047161636938882e-07,0.5048377818710358,1.6805364211568737e-07,9.999745798530441e-08,0.2825032198789516,4.82572703616101e-06,-0.0010221677740973,-0.0013866747985697,27078.0,0.0,0.9399879068391092,0.1531331495662983,0.8871418143478639,0.3157644446371223,0.7471306209072098,0.8426267670549912,0.6050421877711433,0.7192556857432617,100000,30,8,0.1,5.0,0.1,0,7,0.001,1e-06,0.001,1e-07,1.0,1e-08,adamax,0,0.0,disordered,1,0.1821955976501516,0 days 02:59:44.995636,0.0010221738631205,2.305486495703355,1.597160158912789
204,204,204,204,0.1988827856988807,0.1988827856988807,0.1988827856988807,0.1988827856988807,0.1988827856988807,0.1988827856988807,0.1988827856988807,0.1988827856988807,0.5485409889861637,2.3650531948329785e-05,0.5016027887534829,0.0744653590468676,0.201583794072942,0.0068771933537225,0.3577176948787393,7.085949958406676e-05,-0.0013137903917787,-0.0013941144649838,7607.0,1.0,0.6321210957287544,0.930584437182522,0.77873739577466,0.4202621431901127,0.2909495185500346,0.1568346606596754,0.5121337977031166,0.2291368689240009,100000,30,8,0.1,5.0,0.1,0,7,0.001,1e-06,0.001,1e-07,1.0,1e-08,adamax,0,0.0,disordered,1,0.1989590329629698,0 days 02:59:44.995636,0.0013137904228171,1.4643570067239848,1.4019505296565287
205,205,205,205,0.2054117348353062,0.2054117348353062,0.2054117348353062,0.2054117348353062,0.2054117348353062,0.2054117348353062,0.2054117348353062,0.2054117348353062,1.000361792603377,0.2270322068145596,0.2705871033256936,0.0322118660252007,0.3286412117803156,0.0341860836048423,0.1493146965867027,0.1953715331789449,-0.0012816938212902,-0.0014551883948093,1132.0,0.0,0.2348572092197005,0.8820484141316075,0.6997460033703966,0.5394646261123279,0.8431326722381455,0.5253805104147993,0.3944293509038648,0.6855071109125144,100000,30,8,0.1,5.0,0.1,0,7,0.001,1e-06,0.001,1e-07,1.0,1e-08,adamax,0,0.0,disordered,1,0.2086152545711466,0 days 02:59:44.995636,0.0012817838250515,1.6745186488362798,1.4542582011489549
206,206,206,206,0.5774615152359814,0.5774615152359814,0.5774615152359814,0.5774615152359814,0.5774615152359814,0.5774615152359814,0.5774615152359814,0.5774615152359814,0.5007984153349757,0.1906945771093394,0.1730843939369592,0.2146563719364767,0.4126394191616413,0.6732588272019593,1.0001068326702836,0.3511198524666571,-0.0005365365143901,-0.0005816415237881,778.0,0.0,0.6087880351081263,0.2085078479663953,0.3185811314592214,0.5609879301131608,0.2186413794508285,0.9168829225602444,0.0443029206182613,0.8763618463029645,100000,30,8,0.1,5.0,0.1,0,7,0.001,1e-06,0.001,1e-07,1.0,1e-08,adamax,0,0.0,disordered,1,0.5695763559278143,0 days 02:59:44.995636,0.0005365692649469,1.287158570073294,1.2033958203814075
207,207,207,207,0.2659804395593755,0.2659804395593755,0.2659804395593755,0.2659804395593755,0.2659804395593755,0.2659804395593755,0.2659804395593755,0.2659804395593755,0.7204211671525379,0.0109368559860306,0.6489772931603159,0.4287302962859254,6.2681751403576304e-06,0.2392657669990927,0.0850858193664455,0.0001409412886454,-0.001023107473864,-0.001172364044645,8420.0,1.0,0.9799138945563578,0.6152402498943469,0.2118946172780164,0.8097544677218037,0.4413341943052026,0.7124486303836971,0.3226652389525126,0.2214514698981701,100000,30,8,0.1,5.0,0.1,0,7,0.001,1e-06,0.001,1e-07,1.0,1e-08,adamax,0,0.0,disordered,1,0.2625986266152174,0 days 02:59:44.995636,0.0010231519705769,1.6280992710704656,1.4612973806011138
208,208,208,208,0.3557150206821381,0.3557150206821381,0.3557150206821381,0.3557150206821381,0.3557150206821381,0.3557150206821381,0.3557150206821381,0.3557150206821381,1.001697306235115,0.3354610878646054,0.7034107477449112,0.3289568459584382,0.4168584811257348,0.2084339334149651,0.1674861266221373,0.2888206028265923,-0.0008822622928126,-0.0009723524257627,508.0,0.0,0.9542381762038586,0.0757471606529122,0.0580890142398927,0.7827809055843171,0.7755035132004612,0.311476070621168,0.3740591998252107,0.6879268482728742,100000,30,8,0.1,5.0,0.1,0,7,0.001,1e-06,0.001,1e-07,1.0,1e-08,adamax,0,0.0,disordered,1,0.3606800959142247,0 days 02:59:44.995636,0.0008823330938474,1.2259415743161473,1.236334778261846
209,209,209,209,0.4047756965997316,0.4047756965997316,0.4047756965997316,0.4047756965997316,0.4047756965997316,0.4047756965997316,0.4047756965997316,0.4047756965997316,0.0613463744824844,0.1138505071760374,0.126369967017036,1.0001770157299743,0.3622029921526445,0.5355405178566081,0.1017082650314771,0.0805345379770117,-0.0007561484802418,-0.0008770489775223,1029.0,0.0,0.5997951354240146,0.6484783877139965,0.4353325034398152,0.9802432834230916,0.1479879525046613,0.6317385122222028,0.2061123790086017,0.3348588103989253,100000,30,8,0.1,5.0,0.1,0,7,0.001,1e-06,0.001,1e-07,1.0,1e-08,adamax,0,0.0,disordered,1,0.4006840186937098,0 days 02:59:44.995636,0.0007561764989199,1.3669553954691624,1.3119972974046463
210,210,210,210,0.1586356533508588,0.1586356533508588,0.1586356533508588,0.1586356533508588,0.1586356533508588,0.1586356533508588,0.1586356533508588,0.1586356533508588,0.6545861263723949,0.3836764611003091,2.073609436164026e-06,0.0928110069443294,1.3420815117251468e-06,8.67412822717171e-06,2.4251089709415856e-06,0.5081086034002392,-0.0015324629656162,-0.0021870057724019,9627.0,1.0,0.2975240377828509,0.8251332946474925,0.5799405734400951,0.3307931135673814,0.5355832957790975,0.4612390833904831,0.5441377875523028,0.2375414068801772,100000,30,8,0.1,5.0,0.1,0,7,0.001,1e-06,0.001,1e-07,1.0,1e-08,adamax,0,0.0,disordered,1,0.1604496386089076,0 days 02:59:44.995636,0.0015325122137522,2.068646721836078,1.525826919726836
211,211,211,211,0.4913407286296357,0.4913407286296357,0.4913407286296357,0.4913407286296357,0.4913407286296357,0.4913407286296357,0.4913407286296357,0.4913407286296357,0.0490229241995043,0.5033130756327153,0.0655559090154232,0.1169310387660792,0.6649853887942506,0.0428732970365428,1.000064894681307,0.3723153187796849,-0.0006332716913892,-0.000683478000597,1568.0,0.0,0.3740625086331685,0.4584177799823629,0.0831945352188586,0.0143439525158265,0.5936357353255101,0.2070699824562814,0.8021815598294975,0.0250590579178283,100000,30,8,0.1,5.0,0.1,0,7,0.001,1e-06,0.001,1e-07,1.0,1e-08,adamax,0,0.0,disordered,1,0.4851195835453168,0 days 02:59:44.995636,0.0006333074925008,1.4921933708997055,1.2180506467704866
212,212,212,212,0.3557150206821381,0.3557150206821381,0.3557150206821381,0.3557150206821381,0.3557150206821381,0.3557150206821381,0.3557150206821381,0.3557150206821381,0.1232284781892714,0.5377789156195025,0.2501348881284529,0.1515417541786517,0.1149814290683419,0.1100055626846734,0.2577999446678535,1.0001463049615782,-0.0008573777062951,-0.0010801122647858,543.0,0.0,0.2232035242133819,0.629867870135683,0.1319975124791029,0.4207087845975831,0.2982748638429793,0.2685307756252719,0.2349098781636482,0.9759423060107242,100000,30,8,0.1,5.0,0.1,0,7,0.001,1e-06,0.001,1e-07,1.0,1e-08,adamax,0,0.0,disordered,1,0.3516500162897938,0 days 02:59:44.995636,0.000857418169472,1.4445848372170729,1.2542871561898212
213,213,213,213,0.3026648059395688,0.3026648059395688,0.3026648059395688,0.3026648059395688,0.3026648059395688,0.3026648059395688,0.3026648059395688,0.3026648059395688,2.252370725977049e-05,0.9362327147610996,0.3642815292695207,0.9968970760613088,1.3503594271416012e-05,0.0174029817507253,4.124600267268646e-05,2.902415630632912e-05,-0.0009023284815228,-0.0013612355715734,9089.0,1.0,0.3196653215726728,0.1178753135315892,0.9152367962235946,0.1583504969113206,0.7366984727215286,0.6588236811461464,0.7176553027169862,0.7733546933724372,100000,30,8,0.1,5.0,0.1,0,7,0.001,1e-06,0.001,1e-07,1.0,1e-08,adamax,0,0.0,disordered,1,0.3046932328147428,0 days 02:59:44.995636,0.0009023391922745,1.508599573825165,1.387003652409035
214,214,214,214,0.3919100249433399,0.3919100249433399,0.3919100249433399,0.3919100249433399,0.3919100249433399,0.3919100249433399,0.3919100249433399,0.3919100249433399,0.0676487306958774,0.5793912726259288,9.30096705133521e-05,6.327555011331278e-05,0.2975100575128365,0.7054553766204061,0.5695376327587457,0.0190769582793065,-0.0007594295105052,-0.0008552976645107,8198.0,1.0,0.1803030141992587,0.0373033824959746,0.430733016562524,0.4448800669236115,0.2366174382110738,0.8100134516481061,0.1090222125241248,0.4975099164328231,100000,30,8,0.1,5.0,0.1,0,7,0.001,1e-06,0.001,1e-07,1.0,1e-08,adamax,0,0.0,disordered,1,0.3953416106978489,0 days 02:59:44.995636,0.0007594482806168,1.4696927603260266,1.2724893722992012
215,215,215,215,0.2659804395593755,0.2659804395593755,0.2659804395593755,0.2659804395593755,0.2659804395593755,0.2659804395593755,0.2659804395593755,0.2659804395593755,2.4931170910845693e-05,0.8501409354312649,0.6690755125728446,0.1096380536947613,1.554201584685148e-06,0.1083297733289943,3.898685527325818e-06,1.916476418151113e-06,-0.0010796610028901,-0.0015862314489981,9084.0,1.0,0.5284651505940233,0.0093609338845411,0.8109055433193368,0.3581794790344946,0.4580439539978584,0.1608263990130709,0.3991063375864195,0.4525286946393249,100000,30,8,0.1,5.0,0.1,0,7,0.001,1e-06,0.001,1e-07,1.0,1e-08,adamax,0,0.0,disordered,1,0.2651661089912595,0 days 02:59:44.995636,0.0010796643126198,2.1750862883910327,1.4207420645541238
216,216,216,216,0.2263129568399526,0.2263129568399526,0.2263129568399526,0.2263129568399526,0.2263129568399526,0.2263129568399526,0.2263129568399526,0.2263129568399526,0.112259050725389,0.6425665573833903,0.1197972940957122,2.7554951151967788e-06,0.5024059022771002,3.506922317682984e-06,0.0258366872884244,0.1989166980507284,-0.0011603356577255,-0.0014156440237814,8919.0,1.0,0.6023069119094718,0.035474026553562,0.4274371712514283,0.4890100407897844,0.952522855058305,0.5957157030603453,0.6857109384559829,0.4401872814632463,100000,30,8,0.1,5.0,0.1,0,7,0.001,1e-06,0.001,1e-07,1.0,1e-08,adamax,0,0.0,disordered,1,0.2230663233983541,0 days 02:59:44.995636,0.0011603913335105,1.9666557901249753,1.4808961885273877
217,217,217,217,0.1148471547840287,0.1148471547840287,0.1148471547840287,0.1148471547840287,0.1148471547840287,0.1148471547840287,0.1148471547840287,0.1148471547840287,0.7454556724608598,9.999545905334588e-08,0.1140566189369521,1.017489309957738e-07,0.3917629112924224,0.1196196817999348,0.2171062320776575,0.0142606328337907,-0.0010444201583634,-0.0013206608983816,19209.0,0.0,0.4937840073436988,0.9825465245862512,0.4150828601514071,0.9937436869423648,0.6094596160979363,0.9163674550166016,0.5768442817305188,0.8217032618458111,100000,30,8,0.1,5.0,0.1,0,7,0.001,1e-06,0.001,1e-07,1.0,1e-08,adamax,0,0.0,disordered,1,0.1143455751415998,0 days 02:59:44.995636,0.0010444219299787,2.027280399098637,1.763980617802677
218,218,218,218,0.4047756965997316,0.4047756965997316,0.4047756965997316,0.4047756965997316,0.4047756965997316,0.4047756965997316,0.4047756965997316,0.4047756965997316,0.1410346240070067,1.0006090963306118,0.0027521957978585,0.3331876431950654,0.0062983583066392,0.7855854461415328,0.2613461923060495,0.202978093986662,-0.0007295446485217,-0.0008039629876012,2351.0,0.0,0.8222158042742835,0.3857264901761283,0.3292363001418678,0.9395865128303924,0.3293178926786093,0.783446533920661,0.1774196680395805,0.4891163999656509,100000,30,8,0.1,5.0,0.1,0,7,0.001,1e-06,0.001,1e-07,1.0,1e-08,adamax,0,0.0,disordered,1,0.4036894736879661,0 days 02:59:44.995636,0.0007295462206929,1.730307530064551,1.3211471778162827
219,219,219,219,0.2837303616516209,0.2837303616516209,0.2837303616516209,0.2837303616516209,0.2837303616516209,0.2837303616516209,0.2837303616516209,0.2837303616516209,0.1548204744604639,2.5152261415696095e-07,0.4883931611793141,0.6104048997861676,0.1188538577433127,0.0263756914620756,6.728412915863527e-07,0.4355738898840554,-0.0010815611721949,-0.0013425406777613,100000.0,0.0,0.3778665678222679,0.2759589605081787,0.2380782979215288,0.96516904812237,0.6688371881424954,0.4650183949765281,0.5728452462119683,0.8455036735849303,100000,30,8,0.1,5.0,0.1,0,7,0.001,1e-06,0.001,1e-07,1.0,1e-08,adamax,0,0.0,disordered,1,0.2816238433522341,0 days 02:59:44.995636,0.0010815849076931,1.495645237212977,1.3137508856948503
220,220,220,220,0.31260072430687,0.31260072430687,0.31260072430687,0.31260072430687,0.31260072430687,0.31260072430687,0.31260072430687,0.31260072430687,1.0000572971507462,0.0431598084949789,0.4101659380141979,0.6672542503811041,0.0532463162840352,0.4873085843756629,0.1069327164166432,0.0562444005472531,-0.0009851764498861,-0.0011488427836607,961.0,0.0,0.6768301855369802,0.128394532188094,0.2108679393843456,0.8913321666978421,0.5576828798014435,0.5904742904835077,0.1629920281794145,0.1370148768163365,100000,30,8,0.1,5.0,0.1,0,7,0.001,1e-06,0.001,1e-07,1.0,1e-08,adamax,0,0.0,disordered,1,0.316089251862001,0 days 02:59:44.995636,0.0009852262662057,1.2450861874286985,1.2883293182269728
221,221,221,221,0.2054117348353062,0.2054117348353062,0.2054117348353062,0.2054117348353062,0.2054117348353062,0.2054117348353062,0.2054117348353062,0.2054117348353062,0.2324316657156104,2.335106201897016e-06,1.2163092254143146e-05,2.4920822980892622e-06,0.2757025121071292,1.010354234231813e-05,0.0813236179820546,0.6846479449592163,-0.0012692951748677,-0.0015709317378938,8711.0,1.0,0.2166959455232863,0.3254470036324582,0.5589067116449552,0.3724356813618187,0.6775240946536062,0.4312975026180609,0.5143280187607449,0.9518875125215324,100000,30,8,0.1,5.0,0.1,0,7,0.001,1e-06,0.001,1e-07,1.0,1e-08,adamax,0,0.0,disordered,1,0.205045487525206,0 days 02:59:44.995636,0.0012692962703892,2.151799236771478,1.5302304003156442
222,222,222,222,0.5413360302965373,0.5413360302965373,0.5413360302965373,0.5413360302965373,0.5413360302965373,0.5413360302965373,0.5413360302965373,0.5413360302965373,1.0003324595966314,0.2019670479771552,0.183039987735207,0.8347780323194759,0.221610380936694,0.9380904283218612,0.2044262769391537,0.8981111941137907,-0.0005602676603243,-0.0005973330059613,497.0,0.0,0.0422314303022974,0.6368393993461833,0.73620322449266,0.1801180898408009,0.8605060156171978,0.1228417003009307,0.8087761926475169,0.1927105408106034,100000,30,8,0.1,5.0,0.1,0,7,0.001,1e-06,0.001,1e-07,1.0,1e-08,adamax,0,0.0,disordered,1,0.5397641185819562,0 days 02:59:44.995636,0.0005602692762572,1.3719632320555986,1.2213933974506388
223,223,223,223,0.367392478180207,0.367392478180207,0.367392478180207,0.367392478180207,0.367392478180207,0.367392478180207,0.367392478180207,0.367392478180207,0.1138471170630614,0.1508458462401093,0.133519507321249,0.1180950520999987,1.0000146032167132,0.1867458373629648,0.2519598782628016,0.1914719568772637,-0.0007791351704138,-0.0009167649264319,516.0,0.0,0.4263224339622773,0.3955381334147549,0.5723300230934486,0.6346187417687575,0.0404595103490741,0.814818387646713,0.5264111815609723,0.91849143804291,100000,30,8,0.1,5.0,0.1,0,7,0.001,1e-06,0.001,1e-07,1.0,1e-08,adamax,0,0.0,disordered,1,0.3649607649967802,0 days 02:59:44.995636,0.0007791445875091,1.5209170050698275,1.3261007872868364
224,224,224,224,0.4757236139187883,0.4757236139187883,0.4757236139187883,0.4757236139187883,0.4757236139187883,0.4757236139187883,0.4757236139187883,0.4757236139187883,0.0545279633296926,0.5237685482404172,0.3890900915116584,0.2181280561771642,0.0135776368321353,0.00080288911077,0.7988647642570725,0.8889170434730108,-0.0006580584383034,-0.0008004138562052,8215.0,1.0,0.1689751393360372,0.4443163223170702,0.9554762399933886,0.6346789436606832,0.5071377741957223,0.470279083869187,0.9150857305175504,0.0077227771562485,100000,30,8,0.1,5.0,0.1,0,7,0.001,1e-06,0.001,1e-07,1.0,1e-08,adamax,0,0.0,disordered,1,0.4804930106721732,0 days 02:59:44.995636,0.0006580844569842,1.1935979973848956,1.1493484672776857
225,225,225,225,0.3794532847236935,0.3794532847236935,0.3794532847236935,0.3794532847236935,0.3794532847236935,0.3794532847236935,0.3794532847236935,0.3794532847236935,1.0000470861049546,0.0132177605057784,0.0413588660063685,0.0146205330851977,0.4852556293356556,0.6303522161845221,0.0664548082628357,0.4895751988020554,-0.000799302125285,-0.0009136065419042,1542.0,0.0,0.9905345325286374,0.4708746949087971,0.8217513147384797,0.4833469202236423,0.8269340621207426,0.0984383469262281,0.4256807315757339,0.770104221625241,100000,30,8,0.1,5.0,0.1,0,7,0.001,1e-06,0.001,1e-07,1.0,1e-08,adamax,0,0.0,disordered,1,0.3774485990560907,0 days 02:59:44.995636,0.0007993103648624,1.7138801358664795,1.325712381941318
226,226,226,226,0.3228628202536728,0.3228628202536728,0.3228628202536728,0.3228628202536728,0.3228628202536728,0.3228628202536728,0.3228628202536728,0.3228628202536728,0.8716498790171482,0.0866651131928964,1.0000290277646269,0.067758377201045,0.6243563364707805,0.0752712699060775,0.0839957419475359,0.3626127463873973,-0.0009327081063455,-0.0010391457845545,1119.0,0.0,0.996373483546578,0.5131814983831814,0.0743252973503707,0.7475382834694912,0.6482748545633997,0.1496609131895748,0.2096219217272472,0.5019083405080652,100000,30,8,0.1,5.0,0.1,0,7,0.001,1e-06,0.001,1e-07,1.0,1e-08,adamax,0,0.0,disordered,1,0.3249203399537841,0 days 02:59:44.995636,0.0009327218919214,1.3209589148648546,1.3141343535946457
227,227,227,227,0.3794532847236935,0.3794532847236935,0.3794532847236935,0.3794532847236935,0.3794532847236935,0.3794532847236935,0.3794532847236935,0.3794532847236935,1.0006008200347682,0.225061335874652,0.1787857093593207,0.172532685103165,0.3598137594501612,0.3801049365568463,0.2074353929882906,0.8074353107352257,-0.0008210641655082,-0.0008971637183907,438.0,0.0,0.1662058939666842,0.9165163716026364,0.9907703113194848,0.7523977700633425,0.8439922733623291,0.3312196221219013,0.1066804343937446,0.7290186157281227,100000,30,8,0.1,5.0,0.1,0,7,0.001,1e-06,0.001,1e-07,1.0,1e-08,adamax,0,0.0,disordered,1,0.3773409891558089,0 days 02:59:44.995636,0.0008210738381722,1.2427205070781382,1.1868763216600022
228,228,228,228,0.2659804395593755,0.2659804395593755,0.2659804395593755,0.2659804395593755,0.2659804395593755,0.2659804395593755,0.2659804395593755,0.2659804395593755,6.481229268657071e-07,0.5760428801020474,0.2697068229902797,0.0797893760421297,0.672174820764391,0.034236988686283,0.2008909872764371,0.0376074027432161,-0.0010818835150148,-0.0012109604673683,100000.0,0.0,0.7939751161719123,0.6947801346813404,0.177051440159458,0.0266906115312945,0.5545568602357631,0.1499206963694241,0.294693182079087,0.4764056245886261,100000,30,8,0.1,5.0,0.1,0,7,0.001,1e-06,0.001,1e-07,1.0,1e-08,adamax,0,0.0,disordered,1,0.265336403642575,0 days 02:59:44.995636,0.0010818856807123,1.4404168603528205,1.4306676003475642
229,229,229,229,0.293044697697214,0.293044697697214,0.293044697697214,0.293044697697214,0.293044697697214,0.293044697697214,0.293044697697214,0.293044697697214,0.0001222672030544,0.9456575579675728,0.1368872862620546,0.2312957555370351,0.4930753157669759,4.6954850959173e-05,0.3335509467920768,0.0467905344460678,-0.000944571182569,-0.0010549698677318,8265.0,1.0,0.2509043791169674,0.932818986572725,0.3214092379050743,0.5609602809118995,0.9729887653335408,0.6708927172949258,0.3857643810724636,0.7530443630890749,100000,30,8,0.1,5.0,0.1,0,7,0.001,1e-06,0.001,1e-07,1.0,1e-08,adamax,0,0.0,disordered,1,0.2940040118766906,0 days 02:59:44.995636,0.0009445735854301,1.5208514321200417,1.357691304645243
230,230,230,230,0.1988827856988807,0.1988827856988807,0.1988827856988807,0.1988827856988807,0.1988827856988807,0.1988827856988807,0.1988827856988807,0.1988827856988807,0.1471228236884098,3.375814941236192e-06,0.8929478753782318,0.0649688192172555,2.1940117748277814e-06,2.187279582712876e-06,5.907054267310527e-06,0.0025026972693718,-0.0014976950652773,-0.0026161427972311,10385.0,1.0,0.193543124298731,0.103977241662804,0.038779099627476,0.6678087656439216,0.657988078578443,0.670959148799725,0.6733965454081345,0.5827774663664507,100000,30,8,0.1,5.0,0.1,0,7,0.001,1e-06,0.001,1e-07,1.0,1e-08,adamax,0,0.0,disordered,1,0.2000077884873196,0 days 02:59:44.995636,0.0014977148393594,1.3350625236626217,1.24783453650233
231,231,231,231,0.1535934676510895,0.1535934676510895,0.1535934676510895,0.1535934676510895,0.1535934676510895,0.1535934676510895,0.1535934676510895,0.1535934676510895,0.4655787780421845,0.4996132492661611,2.9048163131003714e-05,0.2091446168550052,3.436230866002204e-05,0.1781582380126103,3.207480178983798e-06,0.06441617305467,-0.0016282794788364,-0.0019451310540207,9223.0,1.0,0.9417557313138412,0.4598379478447295,0.1233252313945793,0.2499942574141122,0.4083691459001147,0.6123203267135688,0.3577362877443939,0.4357099077651283,100000,30,8,0.1,5.0,0.1,0,7,0.001,1e-06,0.001,1e-07,1.0,1e-08,adamax,0,0.0,disordered,1,0.152594757604978,0 days 02:59:44.995636,0.0016282966748806,1.8103739095482239,1.506354014306587
232,232,232,232,0.5074705239490462,0.5074705239490462,0.5074705239490462,0.5074705239490462,0.5074705239490462,0.5074705239490462,0.5074705239490462,0.5074705239490462,0.2645441765047794,0.63077719111812,0.0001310071267609,0.3364170759007129,0.0237242187541807,0.9654771785314004,0.2969464359808314,0.8347133313331232,-0.0005975867544416,-0.0006604416799397,7409.0,1.0,0.2935833985092709,0.7277334408157906,0.845134155030783,0.338783613064323,0.8003503170635864,0.1970847602580898,0.9749271752625236,0.356152860257068,100000,30,8,0.1,5.0,0.1,0,7,0.001,1e-06,0.001,1e-07,1.0,1e-08,adamax,0,0.0,disordered,1,0.5054902835695633,0 days 02:59:44.995636,0.0005975893419396,1.6484604272761443,1.2279469194451902
233,233,233,233,0.2837303616516209,0.2837303616516209,0.2837303616516209,0.2837303616516209,0.2837303616516209,0.2837303616516209,0.2837303616516209,0.2837303616516209,1.0004097241343826,0.0221975369744224,0.2138928501969889,0.0259328750604894,0.3794391118802596,0.0220156457647573,0.021989949705835,0.6868478384334349,-0.0009006586329002,-0.0012253498109667,1119.0,0.0,0.6614055922360822,0.6022105897609114,0.0821534229842885,0.5858340924685699,0.0466246723891885,0.4855800778680106,0.5371882984053611,0.951997611074012,100000,30,8,0.1,5.0,0.1,0,7,0.001,1e-06,0.001,1e-07,1.0,1e-08,adamax,0,0.0,disordered,1,0.2856723307654347,0 days 02:59:44.995636,0.0009006670520721,2.1423928980561695,1.4468472704059119
234,234,234,234,0.3228628202536728,0.3228628202536728,0.3228628202536728,0.3228628202536728,0.3228628202536728,0.3228628202536728,0.3228628202536728,0.3228628202536728,1.8688829075503592e-07,0.193112215109509,0.240129561405462,9.999859877395661e-08,5.401127916958479e-07,0.0801631527879114,0.4930176208131616,0.3445832096396964,-0.0008523697284642,-0.0009864445853941,45607.0,0.0,0.182133745387985,0.0485946351976115,0.6269918487949945,0.3099575823858593,0.5502766895860995,0.2555058305220564,0.690354676478183,0.1258208526893879,100000,30,8,0.1,5.0,0.1,0,7,0.001,1e-06,0.001,1e-07,1.0,1e-08,adamax,0,0.0,disordered,1,0.3179866022813247,0 days 02:59:44.995636,0.0008524172350877,2.0539438457572996,1.3634529508585875
235,235,235,235,0.4913407286296357,0.4913407286296357,0.4913407286296357,0.4913407286296357,0.4913407286296357,0.4913407286296357,0.4913407286296357,0.4913407286296357,0.3256098979204783,0.1791009821948063,0.4460935677323491,0.3394572500111772,0.2414117749038381,0.4121072747059732,1.000218504194117,0.1501129656750937,-0.0006206259296152,-0.0006661938916487,608.0,0.0,0.5118869253857486,0.7715420836198362,0.892247253863254,0.3278519753616105,0.5487013173130514,0.9531344850851424,0.1384454988354615,0.830214191649277,100000,30,8,0.1,5.0,0.1,0,7,0.001,1e-06,0.001,1e-07,1.0,1e-08,adamax,0,0.0,disordered,1,0.4900637880030427,0 days 02:59:44.995636,0.0006206272767139,1.3159041433267673,1.2121842690924352
236,236,236,236,0.2414157116103016,0.2414157116103016,0.2414157116103016,0.2414157116103016,0.2414157116103016,0.2414157116103016,0.2414157116103016,0.2414157116103016,1.4443530048113173e-06,0.6448395450879265,0.1034491859539309,9.999953135424208e-08,0.0995111071588063,2.48307867972366e-07,0.5114882827319746,0.240983039114694,-0.0011038945901712,-0.0012968219181933,62671.0,0.0,0.7327395107432352,0.9660335288182658,0.4885474892180693,0.4552687916562221,0.5453349965360131,0.3611917337246968,0.0583130261082898,0.5685933037770732,100000,30,8,0.1,5.0,0.1,0,7,0.001,1e-06,0.001,1e-07,1.0,1e-08,adamax,0,0.0,disordered,1,0.2402689086276411,0 days 02:59:44.995636,0.001103901575107,1.7139344558984166,1.371713515637036
237,237,237,237,0.4317879727332017,0.4317879727332017,0.4317879727332017,0.4317879727332017,0.4317879727332017,0.4317879727332017,0.4317879727332017,0.4317879727332017,0.2082348441899468,0.1829391780207503,0.2345616724445562,0.2096228797961274,0.8071675190092936,0.17726471900842,0.2299961546738624,1.0000616351985008,-0.0007255009056584,-0.0008038286225015,428.0,0.0,0.3898531222958959,0.5053216831123871,0.6995514146566701,0.3938181735900791,0.1621186463421164,0.8307599058240421,0.9442078856421376,0.2347843226477063,100000,30,8,0.1,5.0,0.1,0,7,0.001,1e-06,0.001,1e-07,1.0,1e-08,adamax,0,0.0,disordered,1,0.4346916680368714,0 days 02:59:44.995636,0.0007255139208395,1.3401677759702912,1.1800251780754756
238,238,238,238,0.4913407286296357,0.4913407286296357,0.4913407286296357,0.4913407286296357,0.4913407286296357,0.4913407286296357,0.4913407286296357,0.4913407286296357,0.2302861489652252,0.2844974642793185,0.2304078003410379,1.0010795681014406,0.2542716854146665,0.2328032348192437,0.814986617868792,0.230344718834015,-0.0006171733458165,-0.0006784515082126,330.0,0.0,0.6108236996679951,0.3773559526274866,0.7018834718502762,0.0546730326301002,0.9194034540657708,0.854608348268091,0.1387081230046472,0.6410568369788642,100000,30,8,0.1,5.0,0.1,0,7,0.001,1e-06,0.001,1e-07,1.0,1e-08,adamax,0,0.0,disordered,1,0.497543953360317,0 days 02:59:44.995636,0.0006172067251783,1.3835827579225124,1.238798231027796
239,239,239,239,0.293044697697214,0.293044697697214,0.293044697697214,0.293044697697214,0.293044697697214,0.293044697697214,0.293044697697214,0.293044697697214,3.529676695064975e-05,0.9221323709838476,0.0910108780425362,0.1414602119883343,2.1819585713236195e-05,1.5872932572223905e-05,0.4143480820014931,0.4775248567233078,-0.0010125163241829,-0.0012234224415294,8850.0,1.0,0.3306023906468737,0.2100287729330664,0.8474872128226818,0.7529992406443696,0.5771772316266393,0.6204337554211788,0.8697201396394431,0.3413880117550416,100000,30,8,0.1,5.0,0.1,0,7,0.001,1e-06,0.001,1e-07,1.0,1e-08,adamax,0,0.0,disordered,1,0.2893845016870106,0 days 02:59:44.995636,0.001012572460836,1.4438506903522426,1.261406554302908
240,240,240,240,0.1586356533508588,0.1586356533508588,0.1586356533508588,0.1586356533508588,0.1586356533508588,0.1586356533508588,0.1586356533508588,0.1586356533508588,0.216378957426736,5.25266313655967e-06,0.1650160039623386,3.4936026150443538e-06,0.5614082264871401,1.2101595373819838e-06,0.0290770381186106,1.232076888831234e-06,-0.0012439306921395,-0.0015611996994477,9080.0,1.0,0.4930006569675881,0.2293783972850448,0.4531024331903944,0.1709223691586158,0.3456081147054866,0.6432019355210938,0.2766867791863913,0.6528621810348465,100000,30,8,0.1,5.0,0.1,0,7,0.001,1e-06,0.001,1e-07,1.0,1e-08,adamax,0,0.0,disordered,1,0.1589356841399163,0 days 02:59:44.995636,0.0012439316050968,1.851163736500431,1.671981786377838
241,241,241,241,0.4459627626819087,0.4459627626819087,0.4459627626819087,0.4459627626819087,0.4459627626819087,0.4459627626819087,0.4459627626819087,0.4459627626819087,0.2195586322884168,0.2129895992139259,0.1942659869019623,0.1895119671000007,0.824842447600128,0.2322441503774384,0.2417615248929316,1.0001043625266113,-0.0007130184793311,-0.0007961335048988,430.0,0.0,0.7971262366886388,0.6295824775477612,0.46928653969985,0.390735095512803,0.0723702891932622,0.7662354457714627,0.9554555810072084,0.241228705435484,100000,30,8,0.1,5.0,0.1,0,7,0.001,1e-06,0.001,1e-07,1.0,1e-08,adamax,0,0.0,disordered,1,0.4412673956093378,0 days 02:59:44.995636,0.000713050449347,1.2301053367079648,1.1596478505507073
242,242,242,242,0.1988827856988807,0.1988827856988807,0.1988827856988807,0.1988827856988807,0.1988827856988807,0.1988827856988807,0.1988827856988807,0.1988827856988807,2.2802627683276347e-05,0.1647445293367491,0.0001452481664307,0.4482582306269062,0.2859219656313918,1.0565164663141774e-05,0.0411850106208079,3.992252836663242e-06,-0.0014270810983707,-0.001831752418411,8951.0,1.0,0.6963187340726933,0.60276645076222,0.8127417971322611,0.6830013088815216,0.1960750665428106,0.1349177742162709,0.3368118541359427,0.1861283494682134,100000,30,8,0.1,5.0,0.1,0,7,0.001,1e-06,0.001,1e-07,1.0,1e-08,adamax,0,0.0,disordered,1,0.1992452089797484,0 days 02:59:44.995636,0.0014270837929468,1.6199746062176252,1.404216999261415
243,243,243,243,0.5591070776755287,0.5591070776755287,0.5591070776755287,0.5591070776755287,0.5591070776755287,0.5591070776755287,0.5591070776755287,0.5591070776755287,0.3073591420099677,0.6505085875139783,0.3212434100892873,0.3069167513041264,0.9911080610667522,0.3082679079970032,0.3090056148120171,1.0009065334521423,-0.000563200710773,-0.000622959130053,263.0,0.0,0.6023762430226838,0.0878655252270514,0.6752825814993385,0.7853399182255231,0.0413469873262518,0.8872135498661534,0.8203067955127752,0.0426734613804549,100000,30,8,0.1,5.0,0.1,0,7,0.001,1e-06,0.001,1e-07,1.0,1e-08,adamax,0,0.0,disordered,1,0.5579118599219293,0 days 02:59:44.995636,0.0005632015850255,1.3234498139807935,1.1923227483338836
244,244,244,244,0.4913407286296357,0.4913407286296357,0.4913407286296357,0.4913407286296357,0.4913407286296357,0.4913407286296357,0.4913407286296357,0.4913407286296357,0.2241179694471972,0.3979699131788312,0.2539961060937378,0.294904385246949,0.5106244998003558,0.2536541427023591,0.4026553973801545,1.001179142798263,-0.00063466085614,-0.0006955980973161,369.0,0.0,0.5476119930948808,0.0276987578582994,0.476849323850059,0.0810706566252456,0.5758752183135014,0.0770917045106102,0.0891812636734423,0.9707655112111976,100000,30,8,0.1,5.0,0.1,0,7,0.001,1e-06,0.001,1e-07,1.0,1e-08,adamax,0,0.0,disordered,1,0.4922632013528711,0 days 02:59:44.995636,0.0006346619523706,1.3810132006298916,1.239510681117506
245,245,245,245,0.2747120789270809,0.2747120789270809,0.2747120789270809,0.2747120789270809,0.2747120789270809,0.2747120789270809,0.2747120789270809,0.2747120789270809,0.1622323526150993,2.123213987785975e-05,0.6487315345596577,0.213432777582463,1.2036198535959834e-05,0.6737730760548253,1.128998504070793e-05,9.875560891650568e-06,-0.001111027948129,-0.0013520855799952,8991.0,1.0,0.8086431747728513,0.6726456573027725,0.7873534174037112,0.2138068606342079,0.1035298872262434,0.3220818050220797,0.7609848968381185,0.7554276132962582,100000,30,8,0.1,5.0,0.1,0,7,0.001,1e-06,0.001,1e-07,1.0,1e-08,adamax,0,0.0,disordered,1,0.2774370014735016,0 days 02:59:44.995636,0.0011110722771999,1.2641850050845114,1.2749080564139317
246,246,246,246,0.2493409369951876,0.2493409369951876,0.2493409369951876,0.2493409369951876,0.2493409369951876,0.2493409369951876,0.2493409369951876,0.2493409369951876,0.518871019215471,0.0785462974299199,6.404397722491584e-06,3.4365142256132547e-06,0.0100150318685845,0.3524115045487849,0.0420637918390421,0.8144550205539778,-0.0011003828377792,-0.0012984179238098,8385.0,1.0,0.7175991955140247,0.4169878110167524,0.5086903174204658,0.7400016015709628,0.5875236478790725,0.2213090706827494,0.4701230161149549,0.9348430298883496,100000,30,8,0.1,5.0,0.1,0,7,0.001,1e-06,0.001,1e-07,1.0,1e-08,adamax,0,0.0,disordered,1,0.2497089612382585,0 days 02:59:44.995636,0.0011003835465989,2.1083880182631995,1.3585705260709717
247,247,247,247,0.31260072430687,0.31260072430687,0.31260072430687,0.31260072430687,0.31260072430687,0.31260072430687,0.31260072430687,0.31260072430687,1.0010067376794014,0.3420004736464329,0.0989569327319161,0.2070639055459611,0.4346096401754296,0.4232014214210159,0.1665026215169086,0.146728615984639,-0.0009567236621177,-0.0010635246379248,581.0,0.0,0.961070735677403,0.0774580871146507,0.1196809759074851,0.0580147337772677,0.5053224970285753,0.8981542338510546,0.5149285866757037,0.3326697194301049,100000,30,8,0.1,5.0,0.1,0,7,0.001,1e-06,0.001,1e-07,1.0,1e-08,adamax,0,0.0,disordered,1,0.3157460774809028,0 days 02:59:44.995636,0.0009567574177846,1.2111356226422612,1.2124120058763563
248,248,248,248,0.3557150206821381,0.3557150206821381,0.3557150206821381,0.3557150206821381,0.3557150206821381,0.3557150206821381,0.3557150206821381,0.3557150206821381,1.0002038583583714,0.1508042642650618,0.5153180107618273,0.0767556867249067,0.612002885130972,0.4624113106432647,0.0718978883677882,0.0764326476081775,-0.0009010065560553,-0.001077989479003,962.0,0.0,0.8811087944470062,0.2414535217964392,0.5495248734337503,0.8854725114915851,0.8715760559548247,0.1321769159494964,0.3050751526083735,0.4077745572349009,100000,30,8,0.1,5.0,0.1,0,7,0.001,1e-06,0.001,1e-07,1.0,1e-08,adamax,0,0.0,disordered,1,0.3539633718476849,0 days 02:59:44.995636,0.0009010159138425,1.1934732914472297,1.239356593968714
249,249,249,249,0.2263129568399526,0.2263129568399526,0.2263129568399526,0.2263129568399526,0.2263129568399526,0.2263129568399526,0.2263129568399526,0.2263129568399526,0.173746259810554,0.0212946676044555,0.2758550810125473,2.2871772245625217e-07,0.077250433933722,0.3388609973712433,0.0640745210341838,0.6820445509516688,-0.0012155744552403,-0.0013204918869288,100000.0,0.0,0.7725284557686096,0.686684721711338,0.5367303424045855,0.3768587937652314,0.2869107062612098,0.5824724774589648,0.8038178801135077,0.3512810604683982,100000,30,8,0.1,5.0,0.1,0,7,0.001,1e-06,0.001,1e-07,1.0,1e-08,adamax,0,0.0,disordered,1,0.2235957275918425,0 days 02:59:44.995636,0.0012156266878504,1.347129860709154,1.3107821511183426
250,250,250,250,0.2191196687578146,0.2191196687578146,0.2191196687578146,0.2191196687578146,0.2191196687578146,0.2191196687578146,0.2191196687578146,0.2191196687578146,0.354529677839983,0.0765484573277484,1.0193432456750632e-05,0.7010793640337546,8.649622369236847e-07,0.0435008363168151,8.499960935835608e-07,0.292796245606566,-0.0011869271294524,-0.0014598360918604,11087.0,1.0,0.2841725811036992,0.0098014693381194,0.110380666903483,0.1312510297306344,0.4322052618946842,0.7758345101290121,0.4043857509029754,0.1460427398879018,100000,30,8,0.1,5.0,0.1,0,7,0.001,1e-06,0.001,1e-07,1.0,1e-08,adamax,0,0.0,disordered,1,0.2204507817562344,0 days 02:59:44.995636,0.0011869369610786,1.7774376601870325,1.3448027410007524
251,251,251,251,0.31260072430687,0.31260072430687,0.31260072430687,0.31260072430687,0.31260072430687,0.31260072430687,0.31260072430687,0.31260072430687,1.0000360970774598,0.550727289084407,0.0725674200047588,0.7751167328364401,0.0556862299751346,0.348505541033641,0.2136060687378185,0.0493522109800584,-0.0009709096616157,-0.0010967553268237,1204.0,0.0,0.1679213699100826,0.952884908736082,0.6201842307810612,0.2964785426638304,0.8444660694775874,0.9474444975391232,0.5467043710128199,0.4530432787594874,100000,30,8,0.1,5.0,0.1,0,7,0.001,1e-06,0.001,1e-07,1.0,1e-08,adamax,0,0.0,disordered,1,0.3127372170330414,0 days 02:59:44.995636,0.0009709097147479,1.3903292328075567,1.2834873566442038
252,252,252,252,0.4317879727332017,0.4317879727332017,0.4317879727332017,0.4317879727332017,0.4317879727332017,0.4317879727332017,0.4317879727332017,0.4317879727332017,0.0603992062301424,0.5664517958531529,0.1634612018655695,0.0654077156669892,1.0001238415802691,0.2942439087668309,0.0847047112878452,0.5716033676998055,-0.0007594412412617,-0.0008784036845805,1194.0,0.0,0.3865609462752719,0.3750887220633633,0.8641334593779851,0.7121169088606202,0.9116187399049344,0.0330861618683887,0.1317100749102014,0.5247398946099376,100000,30,8,0.1,5.0,0.1,0,7,0.001,1e-06,0.001,1e-07,1.0,1e-08,adamax,0,0.0,disordered,1,0.4250774369005242,0 days 02:59:44.995636,0.0007595217893734,1.2420202613823852,1.2053830602401931
253,253,253,253,0.0528989307609814,0.0528989307609814,0.0528989307609814,0.0528989307609814,0.0528989307609814,0.0528989307609814,0.0528989307609814,0.0528989307609814,0.234403905772642,5.376352972022655e-07,9.996498087780257e-08,4.512776223663797e-07,0.0021386707116042,0.04853728357197,9.138488005394656e-07,0.255137753404563,-0.0014877484547388,-0.0022734744613323,8841.0,0.0,0.586993413190181,0.4302177437931249,0.5175722149699251,0.901339437787484,0.5628716867420183,0.2620706984769563,0.4998416118676445,0.2976851522117538,100000,30,8,0.1,5.0,0.1,0,7,0.001,1e-06,0.001,1e-07,1.0,1e-08,adamax,0,0.0,disordered,1,0.0533111921288218,0 days 02:59:44.995636,0.001487756690926,2.5370768240223627,2.2469923337986613
254,254,254,254,0.2493409369951876,0.2493409369951876,0.2493409369951876,0.2493409369951876,0.2493409369951876,0.2493409369951876,0.2493409369951876,0.2493409369951876,0.2503989257800808,5.876705218047554e-06,0.0055731273685643,0.6571639190382597,3.92070721796407e-07,1.3757334112689738e-06,4.66730677332558e-07,0.5899522160179761,-0.00101720337686,-0.0015247758963328,9938.0,1.0,0.6305004038324661,0.5873705253573342,0.7080282063122164,0.9740300030341958,0.4986415638058594,0.0375864993647589,0.4949250184604326,0.5079226609557341,100000,30,8,0.1,5.0,0.1,0,7,0.001,1e-06,0.001,1e-07,1.0,1e-08,adamax,0,0.0,disordered,1,0.2515595949381377,0 days 02:59:44.995636,0.001017219839964,2.0793519509788383,1.3958001355670884
255,255,255,255,0.5774615152359814,0.5774615152359814,0.5774615152359814,0.5774615152359814,0.5774615152359814,0.5774615152359814,0.5774615152359814,0.5774615152359814,0.1944714297476224,0.116596458323162,1.0001827484270085,0.3928484236197455,0.6676181675442252,0.2068764311488214,0.8757266892079612,0.5163225070260509,-0.0005355682471241,-0.0005582444494631,793.0,0.0,0.7907435523960199,0.9276889739859024,0.1612277039736088,0.8859141379692881,0.1726543840939524,0.5902395946811771,0.0046682064387766,0.8449914787022698,100000,30,8,0.1,5.0,0.1,0,7,0.001,1e-06,0.001,1e-07,1.0,1e-08,adamax,0,0.0,disordered,1,0.5760617616340421,0 days 02:59:44.995636,0.000535569275725,1.3435232759276563,1.2331045485938683
256,256,256,256,0.333461801578636,0.333461801578636,0.333461801578636,0.333461801578636,0.333461801578636,0.333461801578636,0.333461801578636,0.333461801578636,0.089822553007822,0.3634743677360829,1.000763938824866,0.4877334514638701,0.0907006414964724,0.1023077797188849,0.0942699116086313,0.090077957428,-0.0009161708555315,-0.0012692143635164,621.0,0.0,0.412171198620191,0.2167115328242185,0.9461633176947816,0.0858252645518551,0.3519555683948094,0.4662096657402347,0.2641610423199229,0.3577243023289156,100000,30,8,0.1,5.0,0.1,0,7,0.001,1e-06,0.001,1e-07,1.0,1e-08,adamax,0,0.0,disordered,1,0.3297983294956829,0 days 02:59:44.995636,0.0009162117975894,1.4592167268605594,1.337660192075697
257,257,257,257,0.1925613572129196,0.1925613572129196,0.1925613572129196,0.1925613572129196,0.1925613572129196,0.1925613572129196,0.1925613572129196,0.1925613572129196,1.0005164679640504,0.0740090832547007,0.0615680969399379,0.0225014013342397,0.3022895808228661,0.0217920146871885,0.092219643016114,0.1948826321745845,-0.0011966625266824,-0.0014518073572888,944.0,0.0,0.8439450561857775,0.1966853652975934,0.5568244398237743,0.2123840167638335,0.6193251512817038,0.2504078897401338,0.3153846107667606,0.5267904055998419,100000,30,8,0.1,5.0,0.1,0,7,0.001,1e-06,0.001,1e-07,1.0,1e-08,adamax,0,0.0,disordered,1,0.19313903560901,0 days 02:59:44.995636,0.0011966646470064,1.896480934606146,1.5758492211686534
258,258,258,258,0.3557150206821381,0.3557150206821381,0.3557150206821381,0.3557150206821381,0.3557150206821381,0.3557150206821381,0.3557150206821381,0.3557150206821381,0.8173065389531272,0.0636201639692462,0.8447805547864503,1.6418325902215471e-06,0.2941620488383814,0.5949134129742938,1.6487329251389705e-06,0.749961504594539,-0.0007785037748219,-0.0008368772843167,100000.0,0.0,0.2517950567936714,0.7296339402648715,0.2245900242579696,0.8373230498189689,0.7008026550476931,0.1292264353061747,0.5201552343639971,0.0661997105179632,100000,30,8,0.1,5.0,0.1,0,7,0.001,1e-06,0.001,1e-07,1.0,1e-08,adamax,0,0.0,disordered,1,0.3585063671436002,0 days 02:59:44.995636,0.0007785157722801,1.5472579951524856,1.327491886475219
259,259,259,259,0.2263129568399526,0.2263129568399526,0.2263129568399526,0.2263129568399526,0.2263129568399526,0.2263129568399526,0.2263129568399526,0.2263129568399526,3.072028000688249e-05,0.5092448947292573,0.126849266369213,2.7739142856083547e-05,0.3143168835045278,0.1748803517385446,3.34921908544532e-05,0.6551559625546499,-0.0012535794302253,-0.0013868030725795,8733.0,1.0,0.1721544722467036,0.312892160296816,0.7078524496291896,0.6182809299151276,0.532032312442629,0.1823636503495314,0.297466122530351,0.6865605756254168,100000,30,8,0.1,5.0,0.1,0,7,0.001,1e-06,0.001,1e-07,1.0,1e-08,adamax,0,0.0,disordered,1,0.2270172092981653,0 days 02:59:44.995636,0.0012535839784255,1.3411761821848134,1.310276433483777
260,260,260,260,0.4913407286296357,0.4913407286296357,0.4913407286296357,0.4913407286296357,0.4913407286296357,0.4913407286296357,0.4913407286296357,0.4913407286296357,0.1372125692066824,0.2865594842685944,0.108986785365159,0.3626871106434115,1.0001329876084166,0.1360180924480892,0.6886843765208032,0.4215468063319833,-0.0006248389195611,-0.0006665779809737,1133.0,0.0,0.490586013515179,0.3226402252012018,0.0690082719759968,0.0460383384738465,0.9243948450781102,0.4160384084032459,0.892642849940053,0.2427364202596078,100000,30,8,0.1,5.0,0.1,0,7,0.001,1e-06,0.001,1e-07,1.0,1e-08,adamax,0,0.0,disordered,1,0.4986360550623289,0 days 02:59:44.995636,0.0006248880465061,1.2334896069488799,1.1998327860163005
261,261,261,261,0.3228628202536728,0.3228628202536728,0.3228628202536728,0.3228628202536728,0.3228628202536728,0.3228628202536728,0.3228628202536728,0.3228628202536728,0.2921803813341188,1.4146951736730242e-07,0.6244039997231955,9.999763764367601e-08,0.6988242698870887,0.1360471113850221,0.2619798045474416,8.555086877891234e-06,-0.0009168797763553,-0.0010397888589445,46402.0,0.0,0.5902893458566169,0.2554925136067161,0.8824369211174049,0.2237432147542696,0.5457548232681747,0.966408500467066,0.7300655008831317,0.55451469704545,100000,30,8,0.1,5.0,0.1,0,7,0.001,1e-06,0.001,1e-07,1.0,1e-08,adamax,0,0.0,disordered,1,0.3191875002398255,0 days 02:59:44.995636,0.0009169190856938,1.6044414441349566,1.3778309095104202
262,262,262,262,0.1638433645577982,0.1638433645577982,0.1638433645577982,0.1638433645577982,0.1638433645577982,0.1638433645577982,0.1638433645577982,0.1638433645577982,1.9323452165164705e-06,0.8059893041658969,3.578994315978884e-06,0.2842002221320507,9.999841917443332e-08,0.1082525597596684,0.0123556792707089,0.2457376402714388,-0.0015580610179235,-0.0017917281959657,65125.0,0.0,0.3642251993788008,0.5299935154653812,0.003964601886879,0.1307005979703461,0.2790991030065441,0.0468384390791053,0.2382331369006272,0.4210956189228788,100000,30,8,0.1,5.0,0.1,0,7,0.001,1e-06,0.001,1e-07,1.0,1e-08,adamax,0,0.0,disordered,1,0.1639593289272537,0 days 02:59:44.995636,0.0015580612921577,1.9274352527400958,1.6544663862261606
263,263,263,263,0.3919100249433399,0.3919100249433399,0.3919100249433399,0.3919100249433399,0.3919100249433399,0.3919100249433399,0.3919100249433399,0.3919100249433399,4.21650128365358e-05,0.6703943095547887,0.7021446959770291,0.3642094497611986,5.246868299988525e-05,0.429925994876339,0.4453521425373435,2.9904848215305533e-05,-0.000826376125859,-0.0009546352005311,8625.0,1.0,0.8581652380491207,0.919041328596542,0.0206468547942875,0.4598981761889207,0.6834911275073907,0.752343177655418,0.1593110042926907,0.0072366000934332,100000,30,8,0.1,5.0,0.1,0,7,0.001,1e-06,0.001,1e-07,1.0,1e-08,adamax,0,0.0,disordered,1,0.3874994700075919,0 days 02:59:44.995636,0.0008264223445784,1.2605607967895407,1.2207131162688925
264,264,264,264,0.1586356533508588,0.1586356533508588,0.1586356533508588,0.1586356533508588,0.1586356533508588,0.1586356533508588,0.1586356533508588,0.1586356533508588,0.3006631002516912,2.059905994080954e-06,5.14666881175794e-07,5.538024171926072e-07,0.4217340195239885,9.03738350107018e-07,8.988209202805928e-07,1.8107860243945696e-06,-0.0013880735787055,-0.0022037388945948,9350.0,1.0,0.2493808475659444,0.3142001016251147,0.1871628674307952,0.2204804283056316,0.6620003487166186,0.2217289002022189,0.1888468319739497,0.2708439558761873,100000,30,8,0.1,5.0,0.1,0,7,0.001,1e-06,0.001,1e-07,1.0,1e-08,adamax,0,0.0,disordered,1,0.1565926247335446,0 days 02:59:44.995636,0.0013881003439645,2.7151792593043313,1.79839223716341
265,265,265,265,0.1487115462808952,0.1487115462808952,0.1487115462808952,0.1487115462808952,0.1487115462808952,0.1487115462808952,0.1487115462808952,0.1487115462808952,1.2462803742861815e-06,0.098990824650874,0.0076252244066051,0.5743583218570489,7.796771367570649e-07,0.0589001851645876,2.627735678615603e-06,9.30036854333214e-07,-0.0017007149714898,-0.002437593805538,10224.0,1.0,0.455397885465194,0.1981833967994051,0.4956181222794322,0.936968986660444,0.8217622708517057,0.7513602717091733,0.9424908823824212,0.9216691367522626,100000,30,8,0.1,5.0,0.1,0,7,0.001,1e-06,0.001,1e-07,1.0,1e-08,adamax,0,0.0,disordered,1,0.1468110789667532,0 days 02:59:44.995636,0.0017007944686491,1.79448472582549,1.5009841976133387
266,266,266,266,0.0395543624473469,0.0395543624473469,0.0395543624473469,0.0395543624473469,0.0395543624473469,0.0395543624473469,0.0395543624473469,0.0395543624473469,0.0841101926596797,2.0480719939745545e-06,0.1423819815438045,4.898943553502424e-07,0.0451539373035282,7.292548054307262e-07,0.0108837887091108,0.2184254586778282,-0.0012926307682583,-0.0017135514927766,9304.0,1.0,0.5530379528488172,0.6917257743704043,0.3526787263580574,0.5383261755672814,0.920654969928161,0.5076198694558568,0.4212669136615909,0.6581423117426194,100000,30,8,0.1,5.0,0.1,0,7,0.001,1e-06,0.001,1e-07,1.0,1e-08,adamax,0,0.0,disordered,1,0.040134508500927,0 days 02:59:44.995636,0.0012926561137118,2.4392956242365234,2.4486285961181466
267,267,267,267,0.367392478180207,0.367392478180207,0.367392478180207,0.367392478180207,0.367392478180207,0.367392478180207,0.367392478180207,0.367392478180207,0.1563645765616692,0.2614230504777938,8.58456342061826e-05,0.7138001284072518,0.4758427213887063,6.650088897778288e-05,0.5987923333193568,0.0443914334151125,-0.0008472403645751,-0.000936247692491,8463.0,1.0,0.4650690107189882,0.0950751511429794,0.3789402569079488,0.1358529711872043,0.914623681246587,0.7408822942823422,0.4393104955811658,0.0707768976316932,100000,30,8,0.1,5.0,0.1,0,7,0.001,1e-06,0.001,1e-07,1.0,1e-08,adamax,0,0.0,disordered,1,0.3706983296919103,0 days 02:59:44.995636,0.0008472680082253,1.3618890635564271,1.2275469018816114
268,268,268,268,0.1265331759388941,0.1265331759388941,0.1265331759388941,0.1265331759388941,0.1265331759388941,0.1265331759388941,0.1265331759388941,0.1265331759388941,0.3246643514843986,9.17725432654943e-06,0.4674970221196973,0.1232427260933356,0.1917866647102902,0.0317778795986196,6.980737681698325e-06,3.7863474798292593e-06,-0.0018098578114787,-0.0021758560729164,9533.0,1.0,0.1130279864224709,0.2624156021116005,0.5242856925683992,0.1061762451345866,0.3628835152626581,0.1810869435269304,0.1040694882091142,0.1207156030198123,100000,30,8,0.1,5.0,0.1,0,7,0.001,1e-06,0.001,1e-07,1.0,1e-08,adamax,0,0.0,disordered,1,0.125634700308723,0 days 02:59:44.995636,0.0018098785561967,1.9628644071832977,1.8789676582835837
269,269,269,269,0.4606028844202396,0.4606028844202396,0.4606028844202396,0.4606028844202396,0.4606028844202396,0.4606028844202396,0.4606028844202396,0.4606028844202396,0.490324455092563,0.9526133869969222,0.1762085109934223,0.8586437972809204,0.2027044922162003,0.2175559828990565,0.1909692923392613,1.0001729468596077,-0.0006929104061397,-0.0007645377866003,419.0,0.0,0.1205773080414402,0.8314340131623814,0.1801038565742732,0.1114461759198258,0.8308278558558296,0.961011026603638,0.7342278090035012,0.0729623876622924,100000,30,8,0.1,5.0,0.1,0,7,0.001,1e-06,0.001,1e-07,1.0,1e-08,adamax,0,0.0,disordered,1,0.4620780054543245,0 days 02:59:44.995636,0.0006929128500605,1.1939708796812385,1.1611823889412582
270,270,270,270,0.367392478180207,0.367392478180207,0.367392478180207,0.367392478180207,0.367392478180207,0.367392478180207,0.367392478180207,0.367392478180207,6.276588837656861e-06,3.271868327369918e-05,7.391731359715177e-06,0.4600269712473103,0.3020846666446319,0.869756998131892,0.0001484949352208,0.3359592664110792,-0.0008193654327901,-0.0009270996918547,8352.0,1.0,0.135227585489973,0.1455237945638252,0.097818328651009,0.4805453164795235,0.0559177808052885,0.7949178194024896,0.4107411089264134,0.1952745361576933,100000,30,8,0.1,5.0,0.1,0,7,0.001,1e-06,0.001,1e-07,1.0,1e-08,adamax,0,0.0,disordered,1,0.370030198291448,0 days 02:59:44.995636,0.0008193807540937,1.5175396791762703,1.3055565785032874
271,271,271,271,0.2659804395593755,0.2659804395593755,0.2659804395593755,0.2659804395593755,0.2659804395593755,0.2659804395593755,0.2659804395593755,0.2659804395593755,0.7454892182844867,3.950596660569937e-06,1.3669330541464262e-06,3.521661681759857e-06,0.6271385444101767,0.3992492341306945,4.247564865875234e-05,1.3204811845615596e-05,-0.0010701810018508,-0.0013861297949611,8750.0,1.0,0.0930262237184345,0.5691464282847171,0.7780822486374359,0.5827575179313235,0.2376203456844096,0.8029028204045157,0.5144587734644316,0.5852728529588221,100000,30,8,0.1,5.0,0.1,0,7,0.001,1e-06,0.001,1e-07,1.0,1e-08,adamax,0,0.0,disordered,1,0.2626764470471704,0 days 02:59:44.995636,0.0010702335285358,1.796626698292751,1.4141625635774668
272,272,272,272,0.2337423870891812,0.2337423870891812,0.2337423870891812,0.2337423870891812,0.2337423870891812,0.2337423870891812,0.2337423870891812,0.2337423870891812,1.0001577225073075,0.0240024233708059,0.4832237935255903,0.0246381321434219,0.6091533553675091,0.2616245015100237,0.0836832253663684,0.0406373073354829,-0.000998784868959,-0.0012151383646532,1017.0,0.0,0.90773163704272,0.6753026600541806,0.1166591329730092,0.6944758160683953,0.2903939653665163,0.7900091434874791,0.5623982115664938,0.5406843913905252,100000,30,8,0.1,5.0,0.1,0,7,0.001,1e-06,0.001,1e-07,1.0,1e-08,adamax,0,0.0,disordered,1,0.2352824756759331,0 days 02:59:44.995636,0.000998793202531,1.835522152923976,1.5394348938758387
273,273,273,273,0.4913407286296357,0.4913407286296357,0.4913407286296357,0.4913407286296357,0.4913407286296357,0.4913407286296357,0.4913407286296357,0.4913407286296357,0.2268199857379722,0.6400945015437793,1.0000870940769326,0.4021146789983164,0.272198082350969,0.4733694683818386,0.3781081849465761,0.2909038774899636,-0.0006517595857036,-0.0007149029359588,357.0,0.0,0.1413538655857303,0.0271220945245717,0.9748166908535594,0.0303579646415819,0.0518069464734765,0.4585185987142001,0.9373870480730612,0.541439845201694,100000,30,8,0.1,5.0,0.1,0,7,0.001,1e-06,0.001,1e-07,1.0,1e-08,adamax,0,0.0,disordered,1,0.4926162247413462,0 days 02:59:44.995636,0.0006517612636251,1.1858074638042742,1.2008659767811183
274,274,274,274,0.293044697697214,0.293044697697214,0.293044697697214,0.293044697697214,0.293044697697214,0.293044697697214,0.293044697697214,0.293044697697214,0.2664640802786719,0.1232023503057561,7.077264365013702e-07,0.0911817532690677,9.999936215229428e-08,0.1789946636445373,0.7541208293607689,3.651031793397835e-07,-0.000989635526089,-0.0012382072430438,91865.0,0.0,0.992234973213659,0.7159409359468822,0.8206692556312501,0.8193095900901667,0.943006272690257,0.9689264863063872,0.3276494541319806,0.7083458703669923,100000,30,8,0.1,5.0,0.1,0,7,0.001,1e-06,0.001,1e-07,1.0,1e-08,adamax,0,0.0,disordered,1,0.2897436513059093,0 days 02:59:44.995636,0.0009896767478545,1.6726073271307742,1.2618353967574265
275,275,275,275,0.4757236139187883,0.4757236139187883,0.4757236139187883,0.4757236139187883,0.4757236139187883,0.4757236139187883,0.4757236139187883,0.4757236139187883,0.2583173574956389,0.5337879397464685,0.1984529756166249,0.111400069595826,0.9679203458417592,0.1122828401127367,0.9361486073859812,9.42199052905784e-05,-0.0006184704009448,-0.0006697188673217,6923.0,1.0,0.5084046609907297,0.9787623649000357,0.5912992803747523,0.4000301605128264,0.0337555554224702,0.7289475620574137,0.0126671734556811,0.6485375145549263,100000,30,8,0.1,5.0,0.1,0,7,0.001,1e-06,0.001,1e-07,1.0,1e-08,adamax,0,0.0,disordered,1,0.4827631253865386,0 days 02:59:44.995636,0.0006185107133426,1.4572962959425595,1.2309552627831213
276,276,276,276,0.3444087275973818,0.3444087275973818,0.3444087275973818,0.3444087275973818,0.3444087275973818,0.3444087275973818,0.3444087275973818,0.3444087275973818,0.7690201478832442,0.006178941056294,0.6592766876787056,0.3808908840479444,1.897617643890136e-05,4.195850625321874e-05,0.702240605226523,0.0747147598096564,-0.0008502390580909,-0.0009958324516248,8641.0,1.0,0.2649876404506113,0.6755883122773291,0.9918198827907344,0.3484962578197382,0.5571793767128005,0.5563311598316637,0.1628741883429298,0.7379079615026909,100000,30,8,0.1,5.0,0.1,0,7,0.001,1e-06,0.001,1e-07,1.0,1e-08,adamax,0,0.0,disordered,1,0.3412036962832224,0 days 02:59:44.995636,0.0008502632598941,1.805884768974228,1.2813598382353035
277,277,277,277,0.1988827856988807,0.1988827856988807,0.1988827856988807,0.1988827856988807,0.1988827856988807,0.1988827856988807,0.1988827856988807,0.1988827856988807,3.1540155673330127e-06,0.1832147368462963,0.7562483485296143,1.279510741521429e-07,0.1393102465270977,9.998967925640829e-08,0.0367901773790079,0.0693077073797407,-0.001295576420271,-0.001644521268562,19206.0,0.0,0.7030663930457914,0.7713941988124761,0.2208141426746092,0.0677345045417457,0.3937263229318543,0.1172362072779105,0.2767631958326918,0.0169696425388787,100000,30,8,0.1,5.0,0.1,0,7,0.001,1e-06,0.001,1e-07,1.0,1e-08,adamax,0,0.0,disordered,1,0.1995886993713375,0 days 02:59:44.995636,0.0012955810450805,1.7936980825165159,1.5081066070414657
278,278,278,278,0.1487115462808952,0.1487115462808952,0.1487115462808952,0.1487115462808952,0.1487115462808952,0.1487115462808952,0.1487115462808952,0.1487115462808952,0.0606351024190627,6.350145349025753e-06,0.2574365126846151,1.4027321389521549e-06,0.112420099384262,1.1368917003276455e-06,0.2985949558282171,0.1377346509712707,-0.0013008327679917,-0.0016356205010945,9025.0,1.0,0.4022489219427492,0.360677478882739,0.3262305583495524,0.3855598183281474,0.0402466755464366,0.4349757485946594,0.6537146155742647,0.3242104328068582,100000,30,8,0.1,5.0,0.1,0,7,0.001,1e-06,0.001,1e-07,1.0,1e-08,adamax,0,0.0,disordered,1,0.1488089396647486,0 days 02:59:44.995636,0.0013008328346428,2.2914643559981087,1.6980629458937446
279,279,279,279,0.2263129568399526,0.2263129568399526,0.2263129568399526,0.2263129568399526,0.2263129568399526,0.2263129568399526,0.2263129568399526,0.2263129568399526,0.3596605950897272,0.0004678217864655,0.4122167944755471,0.0318313082807506,0.3052560088724532,0.0392914809810199,0.4554954194423487,1.2314107506510727e-05,-0.0010580315564353,-0.0011872161648323,8333.0,1.0,0.566660944618112,0.8021387118032729,0.5251025981088469,0.9268620006938288,0.7707486331253395,0.5573566425490262,0.083710156867153,0.4687061008091225,100000,30,8,0.1,5.0,0.1,0,7,0.001,1e-06,0.001,1e-07,1.0,1e-08,adamax,0,0.0,disordered,1,0.2293398914690176,0 days 02:59:44.995636,0.0010580639070024,1.67749797337063,1.4396408890814312
280,280,280,280,0.4047756965997316,0.4047756965997316,0.4047756965997316,0.4047756965997316,0.4047756965997316,0.4047756965997316,0.4047756965997316,0.4047756965997316,0.7837092543503943,1.0002138438127828,0.403135132958422,0.1511040626040693,0.7277398050933047,0.2426958489405872,0.1601225644110945,0.1727498719925381,-0.0007906737865535,-0.0009627970282231,454.0,0.0,0.0344612358466409,0.9556562375208256,0.0461552314059547,0.2080422743690986,0.182888538163592,0.8612550547128319,0.9076713176225232,0.7260500788554521,100000,30,8,0.1,5.0,0.1,0,7,0.001,1e-06,0.001,1e-07,1.0,1e-08,adamax,0,0.0,disordered,1,0.402452817566384,0 days 02:59:44.995636,0.0007906845177537,1.1705947898230564,1.2037499095576116
281,281,281,281,0.367392478180207,0.367392478180207,0.367392478180207,0.367392478180207,0.367392478180207,0.367392478180207,0.367392478180207,0.367392478180207,0.4181511695282294,0.4324131936190561,1.0005047773989202,0.2423425245515395,0.736718875879703,0.0614942211679496,0.1114174210991457,0.0827528049702405,-0.0008044003328142,-0.0009376885488159,782.0,0.0,0.8534359499340505,0.2604361863396208,0.8953795199981,0.1011413368929425,0.3093937870356646,0.8592206377761276,0.6908871214304099,0.9334503857974236,100000,30,8,0.1,5.0,0.1,0,7,0.001,1e-06,0.001,1e-07,1.0,1e-08,adamax,0,0.0,disordered,1,0.3729026016993151,0 days 02:59:44.995636,0.0008044602041351,1.3021591156676768,1.3243075070593737
282,282,282,282,0.5074705239490462,0.5074705239490462,0.5074705239490462,0.5074705239490462,0.5074705239490462,0.5074705239490462,0.5074705239490462,0.5074705239490462,0.9747970734567604,0.2100066935393838,0.5103165080839209,0.3665457974627077,0.2269849522469281,0.196039919844175,1.0006456510809625,0.482025660921247,-0.000599685532172,-0.0006685873691649,417.0,0.0,0.8486891703034303,0.2110979491736087,0.4184623937005955,0.9889100188894656,0.7029882633961682,0.7939055624479926,0.0828351181710876,0.9537513978759496,100000,30,8,0.1,5.0,0.1,0,7,0.001,1e-06,0.001,1e-07,1.0,1e-08,adamax,0,0.0,disordered,1,0.506960782934581,0 days 02:59:44.995636,0.0005996855623221,1.2600269287786008,1.2070925773417824
283,283,283,283,0.2659804395593755,0.2659804395593755,0.2659804395593755,0.2659804395593755,0.2659804395593755,0.2659804395593755,0.2659804395593755,0.2659804395593755,9.423570760188472e-07,0.3936317280255226,0.4297940384951457,4.079692621731181e-07,0.4209588721818714,9.99993712041619e-08,0.2489165640342238,0.4991891090897387,-0.0009826563800337,-0.0011020258722049,65204.0,0.0,0.5504452183949765,0.1535995306316145,0.5736723197413477,0.9153875006878254,0.5444825998444183,0.993121278246118,0.9275317473818308,0.4971718245075625,100000,30,8,0.1,5.0,0.1,0,7,0.001,1e-06,0.001,1e-07,1.0,1e-08,adamax,0,0.0,disordered,1,0.2678568417806528,0 days 02:59:44.995636,0.0009826664301905,1.6876737075570434,1.3962441023170764
284,284,284,284,0.3794532847236935,0.3794532847236935,0.3794532847236935,0.3794532847236935,0.3794532847236935,0.3794532847236935,0.3794532847236935,0.3794532847236935,0.0795586213676641,0.6781058310938591,0.1961527221442275,0.1046233218838019,0.2248935137439314,0.505551685500484,0.1146487079934802,1.000164979740342,-0.0008219112426507,-0.0008961235634464,858.0,0.0,0.9670829696362684,0.7673314384722845,0.2547568216334356,0.098490210601175,0.0272324688657978,0.5214504280051905,0.7549609517339175,0.1307618672497297,100000,30,8,0.1,5.0,0.1,0,7,0.001,1e-06,0.001,1e-07,1.0,1e-08,adamax,0,0.0,disordered,1,0.3787715857078872,0 days 02:59:44.995636,0.0008219123278676,1.1584763580925777,1.1601611318902756
285,285,285,285,0.333461801578636,0.333461801578636,0.333461801578636,0.333461801578636,0.333461801578636,0.333461801578636,0.333461801578636,0.333461801578636,1.0008595445336677,0.3320992689974058,0.1211143836961093,0.6096525458303864,0.5487970082062135,0.235663160423302,0.1249632922237805,0.1017029021319132,-0.0008896968946614,-0.0010320209207271,570.0,0.0,0.2019192370687201,0.9738257135088684,0.8070049822452176,0.3232655752736976,0.942666287822342,0.4773792660807354,0.2539339041208778,0.3450083298787604,100000,30,8,0.1,5.0,0.1,0,7,0.001,1e-06,0.001,1e-07,1.0,1e-08,adamax,0,0.0,disordered,1,0.3309925444838261,0 days 02:59:44.995636,0.0008897139409645,1.2855277798109672,1.3150120453066017
286,286,286,286,0.0831456780577205,0.0831456780577205,0.0831456780577205,0.0831456780577205,0.0831456780577205,0.0831456780577205,0.0831456780577205,0.0831456780577205,0.6038628189398566,0.1944227007727271,0.2686408379953489,3.2625866060637924e-06,1.4681346580760414e-05,0.1191576614523331,3.0162417685460624e-05,0.1125179765542483,-0.0023513854746025,-0.002675370331276,9046.0,1.0,0.2721710178793161,0.695103192343459,0.3738620607514251,0.5778116469885942,0.6203660689295584,0.504510367883843,0.4526898545703495,0.3522765421765111,100000,30,8,0.1,5.0,0.1,0,7,0.001,1e-06,0.001,1e-07,1.0,1e-08,adamax,0,0.0,disordered,1,0.0826820804779687,0 days 02:59:44.995636,0.0023514011788074,1.6636291120698026,1.7500756141237679
287,287,287,287,0.2414157116103016,0.2414157116103016,0.2414157116103016,0.2414157116103016,0.2414157116103016,0.2414157116103016,0.2414157116103016,0.2414157116103016,0.0349554262419056,0.835369330787645,0.1166396125455252,1.0000055575712268,0.0552986711360873,0.036179541090865,0.0484658422186941,0.0649860085052213,-0.0009327773388774,-0.0013083852147303,924.0,0.0,0.2336160401454557,0.0943539969195973,0.6992249408750559,0.0159136325147031,0.733419644458273,0.7540298348866528,0.8060443633742611,0.6416431025412082,100000,30,8,0.1,5.0,0.1,0,7,0.001,1e-06,0.001,1e-07,1.0,1e-08,adamax,0,0.0,disordered,1,0.2388487962176839,0 days 02:59:44.995636,0.0009327895111823,1.7681510571255852,1.5054068321190637
288,288,288,288,0.1747772774464679,0.1747772774464679,0.1747772774464679,0.1747772774464679,0.1747772774464679,0.1747772774464679,0.1747772774464679,0.1747772774464679,1.0002977046282389,0.0736495331209121,0.1093477415560718,0.0369923124687078,0.5039261984957417,0.0400595034497166,0.0274558853149848,0.0248662555590025,-0.0014362666356298,-0.0019642569885201,909.0,0.0,0.9523553741693856,0.3824415633651347,0.4588303912340334,0.2890005676901521,0.0102491746072319,0.4378307091080925,0.4989893551030308,0.4638998004232579,100000,30,8,0.1,5.0,0.1,0,7,0.001,1e-06,0.001,1e-07,1.0,1e-08,adamax,0,0.0,disordered,1,0.1740041872757914,0 days 02:59:44.995636,0.0014362729404664,2.0208961373874117,1.5489383629000122
289,289,289,289,0.0684969671635744,0.0684969671635744,0.0684969671635744,0.0684969671635744,0.0684969671635744,0.0684969671635744,0.0684969671635744,0.0684969671635744,0.479341381240315,0.1216955726485233,4.010548743295482e-07,2.6849603385828028e-06,2.610234975267617e-06,0.0314755228416645,5.815971147794476e-06,0.1437596018257628,-0.0024439350247963,-0.0026748377090057,8973.0,1.0,0.0363402251181919,0.1599930653138644,0.2731509409073254,0.4093936651384934,0.2053063242044668,0.3641622980777784,0.2873065360873149,0.1083947633854334,100000,30,8,0.1,5.0,0.1,0,7,0.001,1e-06,0.001,1e-07,1.0,1e-08,adamax,0,0.0,disordered,1,0.0684810561634576,0 days 02:59:44.995636,0.0024439350375337,2.509088801211064,2.060852009111777
290,290,290,290,0.2337423870891812,0.2337423870891812,0.2337423870891812,0.2337423870891812,0.2337423870891812,0.2337423870891812,0.2337423870891812,0.2337423870891812,0.2913504964377615,0.046839051816464,0.516072646809559,1.0471290764066924e-05,0.0001460743208786,0.3549423466763388,0.2983336370536399,0.2385057280576659,-0.0010978598505586,-0.0011893787138236,8523.0,1.0,0.8762896426779009,0.6078379019517387,0.9833838722013164,0.6033553992658931,0.6151744480332769,0.3638928687688877,0.8050107012280634,0.46257811294563,100000,30,8,0.1,5.0,0.1,0,7,0.001,1e-06,0.001,1e-07,1.0,1e-08,adamax,0,0.0,disordered,1,0.230126800520564,0 days 02:59:44.995636,0.0010979236326818,1.7578750232097426,1.5068578440388487
291,291,291,291,0.1638433645577982,0.1638433645577982,0.1638433645577982,0.1638433645577982,0.1638433645577982,0.1638433645577982,0.1638433645577982,0.1638433645577982,2.115851660887288e-07,0.2532035848941862,0.043997544977269,0.1230852736655331,0.3168797752142258,0.1618260071778423,4.713446994346204e-07,0.2920085256865735,-0.0015303968803972,-0.0016431034911046,100000.0,0.0,0.8233457583558952,0.467187880323444,0.7391654216140363,0.6624902070156852,0.3966253711726136,0.0910683153333375,0.2326909156195593,0.4405565030924935,100000,30,8,0.1,5.0,0.1,0,7,0.001,1e-06,0.001,1e-07,1.0,1e-08,adamax,0,0.0,disordered,1,0.1662504035976358,0 days 02:59:44.995636,0.001530482287334,1.607163286425449,1.4804793031427308
292,292,292,292,0.2191196687578146,0.2191196687578146,0.2191196687578146,0.2191196687578146,0.2191196687578146,0.2191196687578146,0.2191196687578146,0.2191196687578146,0.4004617004018883,0.0115747854459419,2.4404192873681465e-07,0.167036330501455,0.1543182977060871,0.4954595961249963,1.5611512669638178e-07,0.4062941871678045,-0.0012127728305221,-0.0013114851404033,100000.0,0.0,0.474846501111212,0.2149263998002676,0.2611191001577414,0.32406667033864,0.5476708885325725,0.0894110589885438,0.4069143497006983,0.6819223085236259,100000,30,8,0.1,5.0,0.1,0,7,0.001,1e-06,0.001,1e-07,1.0,1e-08,adamax,0,0.0,disordered,1,0.2179852665563868,0 days 02:59:44.995636,0.0012127818736393,1.8642853367480354,1.4961879431644387
293,293,293,293,0.3444087275973818,0.3444087275973818,0.3444087275973818,0.3444087275973818,0.3444087275973818,0.3444087275973818,0.3444087275973818,0.3444087275973818,1.4243549508419422e-05,0.4494226418511124,0.2723901352665876,5.70812810916445e-07,0.1853364148269737,0.7553509650547419,0.0463906278411091,0.752003226722942,-0.0008305960970463,-0.0009005383658553,100000.0,0.0,0.8363983479429605,0.5160144767242176,0.949979402173526,0.7355018799350038,0.7899085260994683,0.1351363732864036,0.5054466145492318,0.0355158673137723,100000,30,8,0.1,5.0,0.1,0,7,0.001,1e-06,0.001,1e-07,1.0,1e-08,adamax,0,0.0,disordered,1,0.3464888588225245,0 days 02:59:44.995636,0.000830605439826,1.678273641146571,1.3197329589662385
294,294,294,294,0.31260072430687,0.31260072430687,0.31260072430687,0.31260072430687,0.31260072430687,0.31260072430687,0.31260072430687,0.31260072430687,0.3404124589648668,0.1416356300165602,1.0000104146159137,0.213034063331892,0.1099881380021019,0.1618804161503916,0.0989332240112391,0.3795566083580383,-0.0009051732338102,-0.0010313085663492,828.0,0.0,0.6686059503680927,0.3251334369395169,0.8798028165753388,0.1307903418945708,0.0744285519985907,0.3954721885583812,0.1582355029892318,0.5499431101406985,100000,30,8,0.1,5.0,0.1,0,7,0.001,1e-06,0.001,1e-07,1.0,1e-08,adamax,0,0.0,disordered,1,0.3136552318112388,0 days 02:59:44.995636,0.0009051763963409,1.4992535319880198,1.3659797278770696
295,295,295,295,0.3794532847236935,0.3794532847236935,0.3794532847236935,0.3794532847236935,0.3794532847236935,0.3794532847236935,0.3794532847236935,0.3794532847236935,0.4434005728636322,0.2598685631086582,0.0206381252608805,0.0111896579123779,0.2161399981768665,1.0000231068001006,0.0268511880356382,0.1947552277235266,-0.0008276272172348,-0.001031631655871,2589.0,0.0,0.4335836390226216,0.0233206750933897,0.2434279857651122,0.1529470534494994,0.178557698236764,0.9864765064167909,0.5802669901481098,0.7786487208669559,100000,30,8,0.1,5.0,0.1,0,7,0.001,1e-06,0.001,1e-07,1.0,1e-08,adamax,0,0.0,disordered,1,0.3799159824874412,0 days 02:59:44.995636,0.0008276276312435,1.3940794883649035,1.2422242467487443
296,296,296,296,0.2575263326771198,0.2575263326771198,0.2575263326771198,0.2575263326771198,0.2575263326771198,0.2575263326771198,0.2575263326771198,0.2575263326771198,0.0904560442924878,4.888453608208183e-07,0.0445683244829115,0.3747063211326269,1.469335779122218e-07,0.650690694270986,0.0097944759886443,9.999838058651177e-08,-0.001025720451139,-0.0013450058138904,29927.0,0.0,0.385326367591873,0.1808871699442573,0.3356644626741416,0.6958219443032294,0.412754854929284,0.0101844634306326,0.5555004877988412,0.5116245431637026,100000,30,8,0.1,5.0,0.1,0,7,0.001,1e-06,0.001,1e-07,1.0,1e-08,adamax,0,0.0,disordered,1,0.2548429186280671,0 days 02:59:44.995636,0.0010257455119066,2.143245075061649,1.4446231756829584
297,297,297,297,0.4317879727332017,0.4317879727332017,0.4317879727332017,0.4317879727332017,0.4317879727332017,0.4317879727332017,0.4317879727332017,0.4317879727332017,0.0975574154564348,1.0000745472954646,0.6371329893470131,0.1370374692649518,0.1186091220353682,0.0751487204441325,0.8510905426011676,0.1149736996772951,-0.0007143738489117,-0.0008205560029179,782.0,0.0,0.681389258535672,0.0279195512608697,0.8886576664772401,0.4617757620554003,0.3609768275175162,0.289008128569262,0.8497778919538789,0.2650221997416373,100000,30,8,0.1,5.0,0.1,0,7,0.001,1e-06,0.001,1e-07,1.0,1e-08,adamax,0,0.0,disordered,1,0.4263294437201571,0 days 02:59:44.995636,0.0007144143631152,1.3537785993757232,1.2494896677343217
298,298,298,298,0.3557150206821381,0.3557150206821381,0.3557150206821381,0.3557150206821381,0.3557150206821381,0.3557150206821381,0.3557150206821381,0.3557150206821381,1.0000001444064557,0.1392696397886311,0.715676764366648,0.0304387668794958,0.1083205168875099,0.8761279474687587,0.020522622583453,0.0234228695128777,-0.000862926358223,-0.0010471322246957,1646.0,0.0,0.3000606751089203,0.890549619917677,0.4697969398622841,0.0481888327873848,0.1217279892452802,0.7537796875070989,0.3256504687772292,0.3045053044763848,100000,30,8,0.1,5.0,0.1,0,7,0.001,1e-06,0.001,1e-07,1.0,1e-08,adamax,0,0.0,disordered,1,0.3577061166243585,0 days 02:59:44.995636,0.0008629367409542,1.398006088546158,1.2715580666631932
299,299,299,299,0.2575263326771198,0.2575263326771198,0.2575263326771198,0.2575263326771198,0.2575263326771198,0.2575263326771198,0.2575263326771198,0.2575263326771198,1.000257660705388,0.2048555442788326,0.5151908363715144,0.0756346643041671,0.0763234259141893,0.0688958645913965,0.0913661523240254,0.7328468171261023,-0.0010731360310289,-0.0013520546732515,638.0,0.0,0.2952510340528028,0.9727208800550315,0.485780485319188,0.8958793515846852,0.794521456410357,0.7877334579722135,0.7770429063710832,0.3059606779942405,100000,30,8,0.1,5.0,0.1,0,7,0.001,1e-06,0.001,1e-07,1.0,1e-08,adamax,0,0.0,disordered,1,0.2557792551241464,0 days 02:59:44.995636,0.00107314991706,1.4495433635234989,1.3241761535843446
300,300,300,300,0.2747120789270809,0.2747120789270809,0.2747120789270809,0.2747120789270809,0.2747120789270809,0.2747120789270809,0.2747120789270809,0.2747120789270809,0.1453371565510715,0.5329350522489962,2.8414996404950274e-05,0.3849301043553381,1.1014825561967162e-05,1.0375642496711212e-05,0.6298690722082055,3.523074483058848e-06,-0.0010413846305304,-0.0011936018102265,8629.0,1.0,0.8244392034908372,0.4911312071591382,0.1743065041068486,0.2526191617436665,0.529351337168041,0.4815206204777555,0.9867843901463148,0.6194609079728355,100000,30,8,0.1,5.0,0.1,0,7,0.001,1e-06,0.001,1e-07,1.0,1e-08,adamax,0,0.0,disordered,1,0.2723027944612752,0 days 02:59:44.995636,0.0010414094522529,1.5939755573380237,1.3175321348569182
301,301,301,301,0.5074705239490462,0.5074705239490462,0.5074705239490462,0.5074705239490462,0.5074705239490462,0.5074705239490462,0.5074705239490462,0.5074705239490462,0.9805668548687771,0.1263242593683978,0.1868760015168941,0.1976111577333096,0.210467914390029,0.6266867567580686,1.0000080520168506,0.1181889282658072,-0.0006137251304271,-0.0006837822124602,696.0,0.0,0.6215859920169071,0.0524927380880116,0.067573032072897,0.3021883093028757,0.4478209969175157,0.929205516160431,0.0519727166174219,0.7232004354680686,100000,30,8,0.1,5.0,0.1,0,7,0.001,1e-06,0.001,1e-07,1.0,1e-08,adamax,0,0.0,disordered,1,0.505480088198023,0 days 02:59:44.995636,0.000613728706778,1.222282367350006,1.1864105816621247
302,302,302,302,0.333461801578636,0.333461801578636,0.333461801578636,0.333461801578636,0.333461801578636,0.333461801578636,0.333461801578636,0.333461801578636,0.0385037119444151,1.0002905407493408,0.1183725127311935,0.5491402898405917,0.1465792829077408,0.6250396282196843,0.09484937853543,0.1711784001754973,-0.0008424875711244,-0.0008946838406541,2156.0,0.0,0.6213470831831388,0.244135003144323,0.9173282488688378,0.3808779113966473,0.8361096974910278,0.2736123712221463,0.5667415851187126,0.7774686433301689,100000,30,8,0.1,5.0,0.1,0,7,0.001,1e-06,0.001,1e-07,1.0,1e-08,adamax,0,0.0,disordered,1,0.3288580278211161,0 days 02:59:44.995636,0.0008425319514907,1.4977530195977047,1.4079375979696458
303,303,303,303,0.3444087275973818,0.3444087275973818,0.3444087275973818,0.3444087275973818,0.3444087275973818,0.3444087275973818,0.3444087275973818,0.3444087275973818,0.9947298489757328,7.460880836104652e-06,0.4124568438360349,0.1809218524617389,9.999412912208849e-08,0.5158076491180523,1.0577785968324817e-07,0.5713992803439257,-0.0008187611995592,-0.001043966400536,24459.0,0.0,0.8636305027325928,0.3578680612554048,0.2112459440382831,0.6543765105242911,0.6403701140307498,0.0471057754816398,0.6018484804530835,0.9423163520551128,100000,30,8,0.1,5.0,0.1,0,7,0.001,1e-06,0.001,1e-07,1.0,1e-08,adamax,0,0.0,disordered,1,0.3495216040157327,0 days 02:59:44.995636,0.0008188105968745,1.8591995839288735,1.3050402176780842
304,304,304,304,0.4459627626819087,0.4459627626819087,0.4459627626819087,0.4459627626819087,0.4459627626819087,0.4459627626819087,0.4459627626819087,0.4459627626819087,0.2846427582209889,0.5125463747459393,0.1248761459184917,0.6713029006948986,8.312929860574808e-05,0.5770640642674769,0.6643083771267837,5.509562170541337e-05,-0.0007084155554006,-0.0008041065851317,8185.0,1.0,0.2464685248707037,0.6272551856554093,0.916652850718212,0.3850284656869082,0.8188878601767233,0.8964059679926287,0.0484300356515227,0.293115301790483,100000,30,8,0.1,5.0,0.1,0,7,0.001,1e-06,0.001,1e-07,1.0,1e-08,adamax,0,0.0,disordered,1,0.4513821301653458,0 days 02:59:44.995636,0.0007084582418029,1.4167702952566823,1.208621542212791
305,305,305,305,0.3919100249433399,0.3919100249433399,0.3919100249433399,0.3919100249433399,0.3919100249433399,0.3919100249433399,0.3919100249433399,0.3919100249433399,1.000366041505693,0.2461212433023423,0.425849611595512,0.2941734340617609,0.139145371419915,0.6274675314651634,0.3936021728389193,0.1277830308465081,-0.0008152312842056,-0.000904995728405,579.0,0.0,0.243636751309774,0.9086741710215764,0.6004880466794573,0.1234831925914161,0.3815905620546198,0.2719774145582413,0.9945869699981436,0.8802131913296977,100000,30,8,0.1,5.0,0.1,0,7,0.001,1e-06,0.001,1e-07,1.0,1e-08,adamax,0,0.0,disordered,1,0.3905267691592549,0 days 02:59:44.995636,0.0008152356996861,1.2333769968568042,1.2131148918786523
306,306,306,306,0.31260072430687,0.31260072430687,0.31260072430687,0.31260072430687,0.31260072430687,0.31260072430687,0.31260072430687,0.31260072430687,0.95828734788309,0.4862836875403508,1.562617740407831e-07,1.74304479779482e-07,0.0801292914626915,0.7278632323441077,0.0755264504834054,0.32398616445018,-0.0009267961421137,-0.0010673759092619,100000.0,0.0,0.850867248391095,0.1092569845101124,0.3814798876274029,0.4411322871244214,0.3227557146861554,0.8861147408234264,0.4552874539031986,0.7646152929540657,100000,30,8,0.1,5.0,0.1,0,7,0.001,1e-06,0.001,1e-07,1.0,1e-08,adamax,0,0.0,disordered,1,0.3087934089866355,0 days 02:59:44.995636,0.0009268393379292,1.6647377976580404,1.3337484835231481
307,307,307,307,0.3794532847236935,0.3794532847236935,0.3794532847236935,0.3794532847236935,0.3794532847236935,0.3794532847236935,0.3794532847236935,0.3794532847236935,0.3738111945538131,5.325128135146344e-05,0.5299147449603929,0.9557985784568704,1.584080256039979e-06,1.6179909126903747e-06,2.15842478062682e-06,0.902253512544601,-0.0007825965113156,-0.0010691193896676,9390.0,1.0,0.5824745232374682,0.4026152886684402,0.0886153008960615,0.856369101229503,0.4806791422147897,0.072793224590257,0.4777851937174479,0.0450081269015736,100000,30,8,0.1,5.0,0.1,0,7,0.001,1e-06,0.001,1e-07,1.0,1e-08,adamax,0,0.0,disordered,1,0.3775800483166031,0 days 02:59:44.995636,0.0007826027222575,1.6728645935497914,1.296318701753302
308,308,308,308,0.0200726730356256,0.0200726730356256,0.0200726730356256,0.0200726730356256,0.0200726730356256,0.0200726730356256,0.0200726730356256,0.0200726730356256,9.994649812664984e-08,0.108430647576811,1.2578295008758677e-07,5.928487026675125e-06,1.2710914923175458e-07,0.2147444899001432,0.0448234247856671,5.140534554792667e-07,-0.0016764396280455,-0.0023609420603688,10757.0,0.0,0.3183553635281133,0.8976339234749199,0.3439072133477977,0.3324293914690569,0.3039366007088133,0.569887898873839,0.4989958913690794,0.381346565586563,100000,30,8,0.1,5.0,0.1,0,7,0.001,1e-06,0.001,1e-07,1.0,1e-08,adamax,0,0.0,disordered,1,0.0202769610135106,0 days 02:59:44.995636,0.001676456889021,2.8051801760477524,2.659273890433657
309,309,309,309,0.2414157116103016,0.2414157116103016,0.2414157116103016,0.2414157116103016,0.2414157116103016,0.2414157116103016,0.2414157116103016,0.2414157116103016,0.6656007146166097,1.425054535896633e-07,0.4481789753701162,9.99985462876406e-08,0.2044731711430949,0.1223277640314597,0.042995228152028,0.776561901268033,-0.001103790906634,-0.0012755774208917,56389.0,0.0,0.8521272269871337,0.4682495285459923,0.8375165347341721,0.403600109263188,0.3514017666271822,0.1762511945620999,0.067595211883687,0.5717102458078651,100000,30,8,0.1,5.0,0.1,0,7,0.001,1e-06,0.001,1e-07,1.0,1e-08,adamax,0,0.0,disordered,1,0.2452194561177674,0 days 02:59:44.995636,0.0011038647335385,1.681995087554618,1.3845325362737115
310,310,310,310,0.3026648059395688,0.3026648059395688,0.3026648059395688,0.3026648059395688,0.3026648059395688,0.3026648059395688,0.3026648059395688,0.3026648059395688,3.865294532587416e-05,0.2787782724071636,0.2586636625366624,4.0484319510905344e-05,0.1995013559422034,0.7326750328477959,0.0380839385403233,0.437338336613468,-0.0009630433676083,-0.0010646109640832,8637.0,1.0,0.3563021378792804,0.1461079581166916,0.526654999002543,0.7178119387512039,0.6297846379505861,0.0191522600550047,0.3702712376468413,0.6717660864900934,100000,30,8,0.1,5.0,0.1,0,7,0.001,1e-06,0.001,1e-07,1.0,1e-08,adamax,0,0.0,disordered,1,0.3043169119209021,0 days 02:59:44.995636,0.0009630531743268,1.4638168697463028,1.2917893566216425
311,311,311,311,0.4757236139187883,0.4757236139187883,0.4757236139187883,0.4757236139187883,0.4757236139187883,0.4757236139187883,0.4757236139187883,0.4757236139187883,0.2279062833869008,0.2219340661761327,0.7715163105131119,0.2147272956365225,0.5215107659927408,0.3407315270074643,0.2795834277318007,1.0008559831811945,-0.0006753670174002,-0.0007248823748232,363.0,0.0,0.3959241965180239,0.439459132931866,0.7891218488770692,0.1544573202441299,0.1708834652946238,0.767500006808759,0.9200554942008304,0.1642597836479339,100000,30,8,0.1,5.0,0.1,0,7,0.001,1e-06,0.001,1e-07,1.0,1e-08,adamax,0,0.0,disordered,1,0.4735541833692498,0 days 02:59:44.995636,0.0006753727859733,1.2094464846192379,1.1820708233090127
312,312,312,312,0.4317879727332017,0.4317879727332017,0.4317879727332017,0.4317879727332017,0.4317879727332017,0.4317879727332017,0.4317879727332017,0.4317879727332017,1.0014252125341148,0.3106872842969965,0.2897406278150083,0.2390192251390857,0.3389420468715185,0.3453542322810949,0.4562160670362988,0.7436612244734612,-0.0007015901838637,-0.000739721419008,425.0,0.0,0.0582671407789139,0.8168400483419096,0.5670668071585856,0.2440312619042394,0.0468076571671319,0.5504058783497054,0.1531049502246909,0.9002778045222289,100000,30,8,0.1,5.0,0.1,0,7,0.001,1e-06,0.001,1e-07,1.0,1e-08,adamax,0,0.0,disordered,1,0.4356810888889755,0 days 02:59:44.995636,0.0007016105207276,1.253170677136034,1.2085136679110593
313,313,313,313,0.3557150206821381,0.3557150206821381,0.3557150206821381,0.3557150206821381,0.3557150206821381,0.3557150206821381,0.3557150206821381,0.3557150206821381,0.2344222007302261,4.697500650072572e-05,0.8529419152750402,0.1943125989359743,0.6666541903652837,8.228100154437586e-06,0.215153847769261,6.836194701366043e-06,-0.0008127311225001,-0.00094850592119,8577.0,1.0,0.9053052331162712,0.7355949843695778,0.9835124135202812,0.3054619161676705,0.1184242592651162,0.6432048685397752,0.244330172172993,0.6954679303535842,100000,30,8,0.1,5.0,0.1,0,7,0.001,1e-06,0.001,1e-07,1.0,1e-08,adamax,0,0.0,disordered,1,0.3577550603283388,0 days 02:59:44.995636,0.0008127392596268,1.6272225356883097,1.314277626043469
314,314,314,314,0.5774615152359814,0.5774615152359814,0.5774615152359814,0.5774615152359814,0.5774615152359814,0.5774615152359814,0.5774615152359814,0.5774615152359814,0.0009158186813545,0.6138901272928414,0.0002787482462359,0.6707495510293063,0.7687371603134556,0.0005030101593703,0.9504928034075674,0.705647580131972,-0.0005544036855188,-0.0005955178365228,7784.0,1.0,0.0732515818752885,0.3424183216010423,0.6576331766972209,0.9369311549104504,0.0856212060585552,0.4517917240877723,0.946169956946712,0.0537779125707414,100000,30,8,0.1,5.0,0.1,0,7,0.001,1e-06,0.001,1e-07,1.0,1e-08,adamax,0,0.0,disordered,1,0.5859596224670254,0 days 02:59:44.995636,0.0005544531500081,1.217239003947995,1.1425140887174554
315,315,315,315,0.2414157116103016,0.2414157116103016,0.2414157116103016,0.2414157116103016,0.2414157116103016,0.2414157116103016,0.2414157116103016,0.2414157116103016,0.0083106377920786,2.172949012000207e-06,2.9857972874628377e-06,0.2728251973353626,1.4860646656135817e-06,0.1206218846973733,0.5056343202362344,1.30805457985863e-05,-0.001040558332056,-0.0013218927868645,9104.0,1.0,0.4554402937625047,0.7478081669006321,0.4797578563888679,0.8525627461655038,0.4030474540111718,0.3060520678005715,0.0254430929056723,0.4923116383124941,100000,30,8,0.1,5.0,0.1,0,7,0.001,1e-06,0.001,1e-07,1.0,1e-08,adamax,0,0.0,disordered,1,0.24224508046063,0 days 02:59:44.995636,0.0010405604625882,2.0970211634836797,1.4461305649884202
316,316,316,316,0.4606028844202396,0.4606028844202396,0.4606028844202396,0.4606028844202396,0.4606028844202396,0.4606028844202396,0.4606028844202396,0.4606028844202396,0.1751971547539162,1.0000832657420464,0.3557613021711489,0.174444872205588,0.3767155831432434,0.9096299781887188,0.1722082342606868,0.182276162338512,-0.0007105027699309,-0.0008469892748652,443.0,0.0,0.9802118305683788,0.9135696880935296,0.000768234941632,0.0318791968457493,0.0585939623681758,0.8591093843821155,0.3642848511656624,0.276111667831922,100000,30,8,0.1,5.0,0.1,0,7,0.001,1e-06,0.001,1e-07,1.0,1e-08,adamax,0,0.0,disordered,1,0.4575070081159562,0 days 02:59:44.995636,0.0007105151542211,1.1837689783473146,1.1813787712407036
317,317,317,317,0.3228628202536728,0.3228628202536728,0.3228628202536728,0.3228628202536728,0.3228628202536728,0.3228628202536728,0.3228628202536728,0.3228628202536728,0.707513453680018,0.0167727351703215,0.4257875289908091,0.0407410551289373,1.000070157377584,0.0701763612800844,0.0150317447063926,0.0152050603340111,-0.0009872003305647,-0.001321176197118,1844.0,0.0,0.742800342020206,0.3379896140391083,0.3829920339198718,0.697626958912838,0.8927029522571527,0.1775640656990037,0.2034948796600576,0.1990368814863647,100000,30,8,0.1,5.0,0.1,0,7,0.001,1e-06,0.001,1e-07,1.0,1e-08,adamax,0,0.0,disordered,1,0.3210229589472702,0 days 02:59:44.995636,0.0009872141138611,1.302645131686067,1.2504108226721238
318,318,318,318,0.367392478180207,0.367392478180207,0.367392478180207,0.367392478180207,0.367392478180207,0.367392478180207,0.367392478180207,0.367392478180207,0.3303590680134455,0.1253541143597431,0.0084192905048528,0.4726572004535929,0.0001126543221128,0.8643154915182638,0.1618563981551369,0.5117852999893048,-0.0007426982384869,-0.0008480114890783,9328.0,1.0,0.9443271932156678,0.5595442169967103,0.8206666614734891,0.1894438738068623,0.8637899145128142,0.2983505751178661,0.620094130280667,0.2165517394329432,100000,30,8,0.1,5.0,0.1,0,7,0.001,1e-06,0.001,1e-07,1.0,1e-08,adamax,0,0.0,disordered,1,0.367408361888408,0 days 02:59:44.995636,0.0007426982369296,1.8810859586930855,1.3657686766039048
319,319,319,319,0.31260072430687,0.31260072430687,0.31260072430687,0.31260072430687,0.31260072430687,0.31260072430687,0.31260072430687,0.31260072430687,0.3065987160319857,0.1026341268103757,1.00004021778574,0.200944994964672,0.1015792969386925,0.0979176595157342,0.0813136745812187,0.7333970201387829,-0.0009058346315303,-0.0011312148125914,593.0,0.0,0.5128352867250683,0.7534004633828354,0.1765318319782453,0.964140085186656,0.8489472669069664,0.7034117411247928,0.7537395768310681,0.284153934820696,100000,30,8,0.1,5.0,0.1,0,7,0.001,1e-06,0.001,1e-07,1.0,1e-08,adamax,0,0.0,disordered,1,0.316807055491312,0 days 02:59:44.995636,0.0009058853960787,1.5745774970062587,1.3309433108063902
320,320,320,320,0.4317879727332017,0.4317879727332017,0.4317879727332017,0.4317879727332017,0.4317879727332017,0.4317879727332017,0.4317879727332017,0.4317879727332017,0.2225026356685348,0.1824139061238258,0.2001557540127586,0.1692862968034883,0.786954625574299,0.1680505736419012,0.2417765589110625,1.0009317892290177,-0.0007255978311463,-0.0008216940487702,421.0,0.0,0.0926599923456954,0.3253723149622051,0.1325561314591513,0.3344508118899171,0.7673368828674216,0.171345108192211,0.0741423907856182,0.8077350598370507,100000,30,8,0.1,5.0,0.1,0,7,0.001,1e-06,0.001,1e-07,1.0,1e-08,adamax,0,0.0,disordered,1,0.4295761781118526,0 days 02:59:44.995636,0.0007256049742164,1.3892466546176345,1.222849239077389
321,321,321,321,0.4317879727332017,0.4317879727332017,0.4317879727332017,0.4317879727332017,0.4317879727332017,0.4317879727332017,0.4317879727332017,0.4317879727332017,0.8632220486548737,0.1693951509767161,0.2102692449445607,1.000085287226447,0.3776121778750784,0.4858682034888948,0.2204691095064491,0.1591795646263192,-0.0007340898121231,-0.0008282578848022,494.0,0.0,0.9325290066271064,0.4103447885466904,0.2152282906670802,0.8851003106243219,0.0569248119607362,0.3469704817392123,0.8052679974095998,0.7313561010156443,100000,30,8,0.1,5.0,0.1,0,7,0.001,1e-06,0.001,1e-07,1.0,1e-08,adamax,0,0.0,disordered,1,0.4316263092480606,0 days 02:59:44.995636,0.0007340897426287,1.2279296211697401,1.2674824400070905
322,322,322,322,0.1638433645577982,0.1638433645577982,0.1638433645577982,0.1638433645577982,0.1638433645577982,0.1638433645577982,0.1638433645577982,0.1638433645577982,0.0402135094510225,3.069074155210692e-06,0.0453027057287475,0.6300574241582717,0.1817437121258675,2.5969991611926747e-06,9.563480739063092e-06,1.901739304532633e-06,-0.0013170806663935,-0.0017803687039607,9026.0,1.0,0.7619255532478207,0.4808196668333941,0.7038498972102746,0.3041274037383474,0.8654412239970198,0.7879370414502169,0.9421300208264416,0.7655567952170195,100000,30,8,0.1,5.0,0.1,0,7,0.001,1e-06,0.001,1e-07,1.0,1e-08,adamax,0,0.0,disordered,1,0.1612849105931643,0 days 02:59:44.995636,0.0013171350685228,2.1757577574713833,1.7462013042202917
323,323,323,323,0.3557150206821381,0.3557150206821381,0.3557150206821381,0.3557150206821381,0.3557150206821381,0.3557150206821381,0.3557150206821381,0.3557150206821381,0.3134007798491466,0.5114307343216973,0.0906259783168062,1.0000901601135974,0.3422118380742269,0.07600090315446,0.1813124871759949,0.0752854653460071,-0.0008225677154349,-0.0010036157896431,691.0,0.0,0.7283477491541813,0.1894850892328052,0.5692679561641704,0.0757737949846564,0.9170775304514804,0.7980433262342324,0.5347384480514644,0.8328512474128952,100000,30,8,0.1,5.0,0.1,0,7,0.001,1e-06,0.001,1e-07,1.0,1e-08,adamax,0,0.0,disordered,1,0.3586967350912889,0 days 02:59:44.995636,0.0008225864354089,1.4673865193922246,1.31749090001621
324,324,324,324,0.4180637241455752,0.4180637241455752,0.4180637241455752,0.4180637241455752,0.4180637241455752,0.4180637241455752,0.4180637241455752,0.4180637241455752,0.8057506291294376,0.0941003267924174,0.7073607617798223,0.1109518059591935,0.1571517910853495,1.000106777497863,0.1028569074849797,0.1472344627318516,-0.0007464061950202,-0.0008515624257354,749.0,0.0,0.8688294765361098,0.3576412026843396,0.6729904847785244,0.1316870185948778,0.0494690471332501,0.7734713847258656,0.2179444903296191,0.4051685070348134,100000,30,8,0.1,5.0,0.1,0,7,0.001,1e-06,0.001,1e-07,1.0,1e-08,adamax,0,0.0,disordered,1,0.4150083203602057,0 days 02:59:44.995636,0.0007464209860411,1.4080498553114758,1.2901627520625174
325,325,325,325,0.2575263326771198,0.2575263326771198,0.2575263326771198,0.2575263326771198,0.2575263326771198,0.2575263326771198,0.2575263326771198,0.2575263326771198,0.8580772404961216,4.023862833745401e-05,0.3374459040635253,2.5972228531447497e-05,0.8596508288284308,2.836683274624968e-06,3.657657513670832e-06,1.253530760945448e-06,-0.0011247804246965,-0.001476016727713,9906.0,1.0,0.4895244512820976,0.944529780676274,0.7779945093375673,0.548788980306916,0.8087660989410643,0.249111627952104,0.0858929229390899,0.254972155699174,100000,30,8,0.1,5.0,0.1,0,7,0.001,1e-06,0.001,1e-07,1.0,1e-08,adamax,0,0.0,disordered,1,0.2559028743963057,0 days 02:59:44.995636,0.0011247957014721,1.3740862647553638,1.3324883599835013
326,326,326,326,0.2659804395593755,0.2659804395593755,0.2659804395593755,0.2659804395593755,0.2659804395593755,0.2659804395593755,0.2659804395593755,0.2659804395593755,1.7261535413770353e-05,0.4764155220922673,0.6201049585371506,0.2455858163107768,2.5303716020485634e-06,0.061719055996321,6.035203555108369e-06,0.590859359144053,-0.0010975206668997,-0.0013387103674624,9056.0,1.0,0.5957210477611887,0.3361802632506178,0.9883799878715483,0.5522747263302411,0.5682927062040893,0.7419191567654806,0.5150272388966293,0.173762931102551,100000,30,8,0.1,5.0,0.1,0,7,0.001,1e-06,0.001,1e-07,1.0,1e-08,adamax,0,0.0,disordered,1,0.2622085630834145,0 days 02:59:44.995636,0.0010975949717856,1.8082124852782568,1.3917122834148605
327,327,327,327,0.3228628202536728,0.3228628202536728,0.3228628202536728,0.3228628202536728,0.3228628202536728,0.3228628202536728,0.3228628202536728,0.3228628202536728,0.1081443876252075,0.1852202697164948,0.0592326324145818,0.0575476732108087,0.5834893478989406,0.0841896672480725,0.0784295040312179,1.0000234384689326,-0.0009386284769666,-0.0011065802531934,999.0,0.0,0.2014018916290892,0.4537291805351077,0.2529303537024083,0.2071190140352143,0.3677948718250868,0.8022049364481282,0.8649307511344473,0.263361393734891,100000,30,8,0.1,5.0,0.1,0,7,0.001,1e-06,0.001,1e-07,1.0,1e-08,adamax,0,0.0,disordered,1,0.3240000676789566,0 days 02:59:44.995636,0.000938632982004,1.4121849328459373,1.1953054794687465
328,328,328,328,0.1747772774464679,0.1747772774464679,0.1747772774464679,0.1747772774464679,0.1747772774464679,0.1747772774464679,0.1747772774464679,0.1747772774464679,0.3183915064412027,1.810721709749772e-07,0.245002756844908,0.1122457658256948,0.1115758380507015,0.1145536897080828,0.4864389004645022,8.768981815444371e-07,-0.0010909571272508,-0.0011632756834134,100000.0,0.0,0.1976445899594007,0.0359647497220525,0.0092730827320837,0.3667459082696913,0.193624417425568,0.5036283345830826,0.1314198051986721,0.6267589787464479,100000,30,8,0.1,5.0,0.1,0,7,0.001,1e-06,0.001,1e-07,1.0,1e-08,adamax,0,0.0,disordered,1,0.1753780972064232,0 days 02:59:44.995636,0.0010909581820717,1.6770076670885192,1.5927450698038705
329,329,329,329,0.333461801578636,0.333461801578636,0.333461801578636,0.333461801578636,0.333461801578636,0.333461801578636,0.333461801578636,0.333461801578636,0.6741623023428616,0.0001359529159932,0.2952297697746557,0.7027608226297578,0.2008296457197683,0.0355937882099095,0.5462990319627978,0.1559807541551463,-0.0008606854445264,-0.0009343141585759,7073.0,1.0,0.5573134997452802,0.913913495233418,0.8106934315245854,0.1216145605187998,0.5469880187365489,0.3670105904446643,0.041128447497859,0.5501240844177487,100000,30,8,0.1,5.0,0.1,0,7,0.001,1e-06,0.001,1e-07,1.0,1e-08,adamax,0,0.0,disordered,1,0.3345124708544633,0 days 02:59:44.995636,0.0008606880462809,1.3838372125327796,1.2945204687741425
330,330,330,330,0.2837303616516209,0.2837303616516209,0.2837303616516209,0.2837303616516209,0.2837303616516209,0.2837303616516209,0.2837303616516209,0.2837303616516209,1.000363188266794,0.2635505026770237,0.1193438075533568,0.0973357998738294,0.1108092835429423,0.0742905218746861,0.5167106654587954,0.0943548161399278,-0.0009847054869687,-0.0011683587084092,587.0,0.0,0.9756807101632458,0.1452335134155775,0.0049731952874135,0.1983570391565602,0.4297408315359265,0.2642354381906198,0.6932936735933287,0.2672623689173509,100000,30,8,0.1,5.0,0.1,0,7,0.001,1e-06,0.001,1e-07,1.0,1e-08,adamax,0,0.0,disordered,1,0.2852097710336422,0 days 02:59:44.995636,0.0009847133688251,1.5600076203575286,1.278049722953086
331,331,331,331,0.5591070776755287,0.5591070776755287,0.5591070776755287,0.5591070776755287,0.5591070776755287,0.5591070776755287,0.5591070776755287,0.5591070776755287,1.0015147728730125,0.3023203540786435,0.3921170213675577,0.9043687747681198,0.6556555505538395,0.7900431948042181,0.3196747254172721,0.315106760583047,-0.0005658076773759,-0.000610027634882,266.0,0.0,0.8626971619102233,0.1282659346033251,0.1554012837198247,0.969377300428406,0.0732914500203085,0.7549998240434538,0.0837677614254499,0.158740130602586,100000,30,8,0.1,5.0,0.1,0,7,0.001,1e-06,0.001,1e-07,1.0,1e-08,adamax,0,0.0,disordered,1,0.5592640744378267,0 days 02:59:44.995636,0.0005658077075738,1.1938977671816606,1.2260641598625857
332,332,332,332,0.3794532847236935,0.3794532847236935,0.3794532847236935,0.3794532847236935,0.3794532847236935,0.3794532847236935,0.3794532847236935,0.3794532847236935,0.2059777870243283,0.0179684284251546,0.3778334445524431,0.0230001450147027,0.2250134349230653,1.0001472681274926,0.0107373625401957,0.0108004824963711,-0.0008380085388654,-0.0010966730450239,2324.0,0.0,0.6247094369153915,0.8248364219899545,0.61683593577394,0.9963130923697778,0.9862650632997776,0.1496825260515591,0.4663641044360879,0.4693755395883446,100000,30,8,0.1,5.0,0.1,0,7,0.001,1e-06,0.001,1e-07,1.0,1e-08,adamax,0,0.0,disordered,1,0.378218675937634,0 days 02:59:44.995636,0.0008380123982535,1.554843314437166,1.2431661612821405
333,333,333,333,0.2575263326771198,0.2575263326771198,0.2575263326771198,0.2575263326771198,0.2575263326771198,0.2575263326771198,0.2575263326771198,0.2575263326771198,0.7438257303870227,1.5749691753894566e-07,1.866438333568149e-07,9.999719966670949e-08,0.0724093935998498,0.3727566803236148,1.0167038762609865e-07,0.5165260402695239,-0.0010269437262284,-0.0012249695446693,21628.0,0.0,0.1866419388638073,0.658724005284566,0.8699229564331522,0.739314693065344,0.7889120561966407,0.2608953373879905,0.5658976998449771,0.1771920208128851,100000,30,8,0.1,5.0,0.1,0,7,0.001,1e-06,0.001,1e-07,1.0,1e-08,adamax,0,0.0,disordered,1,0.259071949098394,0 days 02:59:44.995636,0.0010269527886584,2.2554519131520654,1.3366555586434803
334,334,334,334,0.4180637241455752,0.4180637241455752,0.4180637241455752,0.4180637241455752,0.4180637241455752,0.4180637241455752,0.4180637241455752,0.4180637241455752,0.1355096013728179,0.4379922211723894,0.1769648478067207,0.1789017568209964,0.1851491471583534,0.2277282398400849,1.0000751029216486,0.1921812610759916,-0.0006931717274809,-0.0008010372226724,524.0,0.0,0.7632416685987634,0.9303556820469552,0.4980075984843168,0.5180013816179263,0.7386344412351523,0.8936842151923095,0.0920337176574582,0.7535529918836987,100000,30,8,0.1,5.0,0.1,0,7,0.001,1e-06,0.001,1e-07,1.0,1e-08,adamax,0,0.0,disordered,1,0.4248602397093609,0 days 02:59:44.995636,0.0006932272172963,1.4148266357734052,1.2249121512661731
335,335,335,335,0.1535934676510895,0.1535934676510895,0.1535934676510895,0.1535934676510895,0.1535934676510895,0.1535934676510895,0.1535934676510895,0.1535934676510895,1.0002879204313788,0.2028913092893598,0.2758376462753419,0.0311047657147968,0.0327854953436359,0.0205791621522124,0.0406836785452302,0.0221360407265866,-0.001710257749162,-0.0024813871055175,920.0,0.0,0.8954766724913747,0.2084573312018964,0.2950824311468091,0.4705927554564316,0.5950447400288534,0.4579302653735336,0.5732551458625734,0.3881864994297214,100000,30,8,0.1,5.0,0.1,0,7,0.001,1e-06,0.001,1e-07,1.0,1e-08,adamax,0,0.0,disordered,1,0.1553094377344227,0 days 02:59:44.995636,0.0017103259484996,1.839095077752404,1.4171083537391476
336,336,336,336,0.3919100249433399,0.3919100249433399,0.3919100249433399,0.3919100249433399,0.3919100249433399,0.3919100249433399,0.3919100249433399,0.3919100249433399,0.0127011070681299,0.0488012423799489,0.5247599908759077,0.0165171710176,0.1173507726171674,0.8244263716626153,0.0051200818100883,1.0000024167412394,-0.0007982847153629,-0.0008624732864125,2805.0,0.0,0.421754827938559,0.3106504491655834,0.6538618646577183,0.9378398401958934,0.9857411687514108,0.3822793335511966,0.0447837545754448,0.6344540443711366,100000,30,8,0.1,5.0,0.1,0,7,0.001,1e-06,0.001,1e-07,1.0,1e-08,adamax,0,0.0,disordered,1,0.3868066601415882,0 days 02:59:44.995636,0.0007983380202991,1.1857010075640722,1.1738995295946284
337,337,337,337,0.1864408533970484,0.1864408533970484,0.1864408533970484,0.1864408533970484,0.1864408533970484,0.1864408533970484,0.1864408533970484,0.1864408533970484,0.0010695862353746,3.519411140494696e-05,0.6169487745005324,4.376601441715566e-06,0.2853608918943128,0.1447839618630592,0.1292449783189958,1.4374397235388678e-05,-0.0013875674772631,-0.0016019203811883,8749.0,1.0,0.9535155505474926,0.9528442754090228,0.6866387119651769,0.374571382510796,0.0832200958643163,0.4619080306863552,0.6550143139959383,0.7226245092723456,100000,30,8,0.1,5.0,0.1,0,7,0.001,1e-06,0.001,1e-07,1.0,1e-08,adamax,0,0.0,disordered,1,0.1861054766196226,0 days 02:59:44.995636,0.0013875684763101,1.4723981476466812,1.3931320193045558
338,338,338,338,0.1692220351641035,0.1692220351641035,0.1692220351641035,0.1692220351641035,0.1692220351641035,0.1692220351641035,0.1692220351641035,0.1692220351641035,2.5904622960834777e-06,0.1999812933721701,0.7705233169369213,1.5939946445424968e-06,6.590790858769125e-06,8.680605040947533e-06,0.0336187029752528,0.0002102030022301,-0.0014981821711363,-0.0024809334311184,9758.0,1.0,0.6616841453875995,0.7867142639609922,0.1126774006320914,0.517710147750081,0.4516629498610115,0.5011458474264819,0.4659594818300158,0.604678520127203,100000,30,8,0.1,5.0,0.1,0,7,0.001,1e-06,0.001,1e-07,1.0,1e-08,adamax,0,0.0,disordered,1,0.1678023286039089,0 days 02:59:44.995636,0.0014982079555801,2.5347906855022444,1.6255707937266375
339,339,339,339,0.1864408533970484,0.1864408533970484,0.1864408533970484,0.1864408533970484,0.1864408533970484,0.1864408533970484,0.1864408533970484,0.1864408533970484,3.117181834615436e-05,0.7003794870152098,0.0564695875813303,0.0826464677546068,5.244445614031648e-06,6.150966373516189e-06,4.017583263466022e-06,0.6578726016498541,-0.0014106124666331,-0.001867793312126,9478.0,1.0,0.1066072353397643,0.0106474547550092,0.4366853920221658,0.5885711331191602,0.4241803299861904,0.514728566376785,0.4008883582920273,0.8127546735256219,100000,30,8,0.1,5.0,0.1,0,7,0.001,1e-06,0.001,1e-07,1.0,1e-08,adamax,0,0.0,disordered,1,0.1846578746518186,0 days 02:59:44.995636,0.0014106501234003,1.853115805158503,1.41271399342575
340,340,340,340,0.4047756965997316,0.4047756965997316,0.4047756965997316,0.4047756965997316,0.4047756965997316,0.4047756965997316,0.4047756965997316,0.4047756965997316,0.3915849185138677,0.8029626543896573,3.984418187805712e-05,0.6762747285549785,7.45713523154908e-05,0.791259715754764,0.2622251236500444,3.907439727591855e-05,-0.0008019331356915,-0.0009049413194446,8428.0,1.0,0.8101603872738865,0.151060378924085,0.6237938163812798,0.5232326869776311,0.0560213795149061,0.0880739856496465,0.8140995207742553,0.7159176301300607,100000,30,8,0.1,5.0,0.1,0,7,0.001,1e-06,0.001,1e-07,1.0,1e-08,adamax,0,0.0,disordered,1,0.398991931717848,0 days 02:59:44.995636,0.0008020036690334,1.2856818052660495,1.2388387358031976
341,341,341,341,0.1692220351641035,0.1692220351641035,0.1692220351641035,0.1692220351641035,0.1692220351641035,0.1692220351641035,0.1692220351641035,0.1692220351641035,0.8082416619606642,0.0578138331277174,0.4959904902557731,0.0560438824566645,3.365914869061576e-07,3.419982010690335e-07,1.7237089137237236e-07,0.4888158009649599,-0.0014292353217397,-0.0017541468001889,100000.0,0.0,0.1578200566934275,0.5868011269753782,0.8935856838618846,0.5232036772996999,0.601254124412449,0.6769815814116454,0.5294803439752425,0.8793058389897858,100000,30,8,0.1,5.0,0.1,0,7,0.001,1e-06,0.001,1e-07,1.0,1e-08,adamax,0,0.0,disordered,1,0.1697681798279038,0 days 02:59:44.995636,0.0014292382086979,2.010233779456413,1.5082549123631759
342,342,342,342,0.100927151463057,0.100927151463057,0.100927151463057,0.100927151463057,0.100927151463057,0.100927151463057,0.100927151463057,0.100927151463057,0.1577909924345432,9.9937281199525e-06,0.4172596452925866,2.237214014439843e-06,0.1239470445263031,1.193799133902066e-06,0.1233202040216537,9.288269004120244e-07,-0.0015944466760319,-0.0019939574826068,9106.0,1.0,0.2552990482349658,0.2256741123218106,0.1008685885186569,0.4444062800865939,0.3266186604958152,0.4998105982025818,0.1746521771424269,0.4806145190096268,100000,30,8,0.1,5.0,0.1,0,7,0.001,1e-06,0.001,1e-07,1.0,1e-08,adamax,0,0.0,disordered,1,0.1003755078966394,0 days 02:59:44.995636,0.0015944527558251,2.126441102187363,1.9183996046707341
343,343,343,343,0.2054117348353062,0.2054117348353062,0.2054117348353062,0.2054117348353062,0.2054117348353062,0.2054117348353062,0.2054117348353062,0.2054117348353062,0.0998920556952406,0.2934622626482485,0.4833335028602447,1.3833049118640536e-05,0.3518911518723385,0.1422429238929645,2.2532576542617847e-05,0.3558740841877224,-0.0013259919174294,-0.0014484274999232,9092.0,1.0,0.4961025453543837,0.3056658187410817,0.8043076207169698,0.5053229983693688,0.5946087624129153,0.952240590006979,0.8769549097354983,0.6449731068224848,100000,30,8,0.1,5.0,0.1,0,7,0.001,1e-06,0.001,1e-07,1.0,1e-08,adamax,0,0.0,disordered,1,0.2073920883927875,0 days 02:59:44.995636,0.0013260306424999,1.5374488129173103,1.5249406520965567
344,344,344,344,0.2747120789270809,0.2747120789270809,0.2747120789270809,0.2747120789270809,0.2747120789270809,0.2747120789270809,0.2747120789270809,0.2747120789270809,0.6960050267789609,0.5553694296443747,5.397909757060714e-05,0.3891209587946741,1.0285842420805618e-05,0.5087472916201352,0.0209844699033347,7.174261081231137e-06,-0.0009533689870478,-0.0012154191408671,8337.0,1.0,0.0053036025347792,0.6442923242156278,0.3049230873607423,0.24701432822798,0.6052588097979229,0.1761206429723647,0.7359420750755481,0.7763506180697476,100000,30,8,0.1,5.0,0.1,0,7,0.001,1e-06,0.001,1e-07,1.0,1e-08,adamax,0,0.0,disordered,1,0.2768495183120554,0 days 02:59:44.995636,0.0009533821163673,1.760532852186357,1.3929620422026574
345,345,345,345,0.4913407286296357,0.4913407286296357,0.4913407286296357,0.4913407286296357,0.4913407286296357,0.4913407286296357,0.4913407286296357,0.4913407286296357,0.2272290038612392,0.5453371552380855,0.6699155755730637,1.0004228711934453,0.2232575586703991,0.2303906053967196,0.2230582578325817,0.967826627322798,-0.0006195792910956,-0.0007127706239001,346.0,0.0,0.1378328494587537,0.151966353624163,0.925285077913802,0.0305454210323403,0.7981187024493254,0.7469151591312451,0.7032878921611835,0.0338023897631204,100000,30,8,0.1,5.0,0.1,0,7,0.001,1e-06,0.001,1e-07,1.0,1e-08,adamax,0,0.0,disordered,1,0.4980149906567228,0 days 02:59:44.995636,0.0006196188910267,1.1899463565370538,1.2169517424556682
346,346,346,346,0.1805148879221106,0.1805148879221106,0.1805148879221106,0.1805148879221106,0.1805148879221106,0.1805148879221106,0.1805148879221106,0.1805148879221106,1.4893865354178994e-05,0.8069087680846248,0.1593961966339921,0.3256179685909454,0.256634750791691,7.954351234214975e-06,0.0292279805848638,7.870986242829492e-06,-0.0012240200910203,-0.0015262779792264,8514.0,1.0,0.9418283836724008,0.20546840028302,0.8728077965440963,0.5007396312109774,0.3256459273497325,0.1748341691579661,0.0114767132297118,0.2342906526973365,100000,30,8,0.1,5.0,0.1,0,7,0.001,1e-06,0.001,1e-07,1.0,1e-08,adamax,0,0.0,disordered,1,0.1829363588647908,0 days 02:59:44.995636,0.0012240583066706,1.5859152983140437,1.4429832921710624
347,347,347,347,0.4913407286296357,0.4913407286296357,0.4913407286296357,0.4913407286296357,0.4913407286296357,0.4913407286296357,0.4913407286296357,0.4913407286296357,0.2238008855753547,0.7200040231580501,0.3430568923536565,0.315857933355824,0.3307428314128321,0.2355550716879997,0.4498275029587692,1.001223383996511,-0.000648219770154,-0.0007227628144951,384.0,0.0,0.1162598230412464,0.0066563200512604,0.6648013979836157,0.9771697778493912,0.5144152528968474,0.8204181545276492,0.9703876172775256,0.0807466354298075,100000,30,8,0.1,5.0,0.1,0,7,0.001,1e-06,0.001,1e-07,1.0,1e-08,adamax,0,0.0,disordered,1,0.4889047767051396,0 days 02:59:44.995636,0.0006482259422555,1.265391533075273,1.15466270826305
348,348,348,348,0.5413360302965373,0.5413360302965373,0.5413360302965373,0.5413360302965373,0.5413360302965373,0.5413360302965373,0.5413360302965373,0.5413360302965373,0.0004878690541641,2.7634482586467827e-05,0.301358409113708,0.283510695276838,9.423099588955832e-05,0.6589641161609919,0.7862355336925135,0.7370380437244334,-0.0005905642851762,-0.0006652329860595,8120.0,1.0,0.4254319205126254,0.4217884105482588,0.2487687638254676,0.7175643490057031,0.5537527821643865,0.1679244739437104,0.9457826986198424,0.1192835651627532,100000,30,8,0.1,5.0,0.1,0,7,0.001,1e-06,0.001,1e-07,1.0,1e-08,adamax,0,0.0,disordered,1,0.5327370801898144,0 days 02:59:44.995636,0.0005906213396567,1.8911454306257807,1.178295340725005
349,349,349,349,0.2747120789270809,0.2747120789270809,0.2747120789270809,0.2747120789270809,0.2747120789270809,0.2747120789270809,0.2747120789270809,0.2747120789270809,0.849601107482773,0.5496884843686038,1.592277841401891e-05,0.9125488714355718,0.007895850379509,0.2017369103799227,0.0725457177937425,1.3829339685327856e-05,-0.0010848782234744,-0.0013595819327791,9114.0,1.0,0.0496830502617905,0.7558344124568469,0.4273698252746744,0.6525989397308843,0.0293280277415377,0.0800179552122662,0.2844917022951683,0.3277155772772908,100000,30,8,0.1,5.0,0.1,0,7,0.001,1e-06,0.001,1e-07,1.0,1e-08,adamax,0,0.0,disordered,1,0.2788324684754142,0 days 02:59:44.995636,0.0010849718512479,1.3746026793453812,1.3159867615213514
350,350,350,350,0.4606028844202396,0.4606028844202396,0.4606028844202396,0.4606028844202396,0.4606028844202396,0.4606028844202396,0.4606028844202396,0.4606028844202396,0.2420033754142202,0.1974954945564239,0.2402592427883962,1.000436641824664,0.4170369710480981,0.2272156752369249,0.2283778991947795,0.7213425797458425,-0.00066987576508,-0.0007357451047292,453.0,0.0,0.5278125088659839,0.318136568470538,0.2315795162140604,0.9511782787436884,0.1326977726338979,0.5025277899584487,0.223667964909474,0.8118586684336861,100000,30,8,0.1,5.0,0.1,0,7,0.001,1e-06,0.001,1e-07,1.0,1e-08,adamax,0,0.0,disordered,1,0.463128665884874,0 days 02:59:44.995636,0.0006698830545068,1.2908044263215328,1.2574130069178429
351,351,351,351,0.3794532847236935,0.3794532847236935,0.3794532847236935,0.3794532847236935,0.3794532847236935,0.3794532847236935,0.3794532847236935,0.3794532847236935,0.0001048468784656,0.159542402766924,0.0004387469491984,2.654359419269905e-05,0.8796323887251736,0.10253942315298,0.2816089283026719,0.7048855113374702,-0.0007995725745655,-0.0009136503269567,7900.0,1.0,0.6191173950887304,0.6204957812457725,0.435440675338833,0.4582904144594563,0.9921851717130896,0.4248277365856714,0.6574672079546182,0.0881713784179982,100000,30,8,0.1,5.0,0.1,0,7,0.001,1e-06,0.001,1e-07,1.0,1e-08,adamax,0,0.0,disordered,1,0.3750276689633182,0 days 02:59:44.995636,0.000799610856462,1.66620509579756,1.2759653572815062
352,352,352,352,0.2747120789270809,0.2747120789270809,0.2747120789270809,0.2747120789270809,0.2747120789270809,0.2747120789270809,0.2747120789270809,0.2747120789270809,0.6174115172946394,6.025490601794632e-06,0.1171854240320959,1.4078337558964884e-05,0.2312648055531926,0.5769340460162765,0.0161295852576397,0.715706678297712,-0.0009399857090919,-0.0010518552906523,8206.0,1.0,0.5245834158918792,0.755821557180018,0.4688493074920858,0.7273168622303527,0.6642606717342343,0.1098898573146673,0.4771317496998679,0.0312014157005438,100000,30,8,0.1,5.0,0.1,0,7,0.001,1e-06,0.001,1e-07,1.0,1e-08,adamax,0,0.0,disordered,1,0.2720888143394404,0 days 02:59:44.995636,0.0009400031634006,1.754560003550704,1.4042662411599716
353,353,353,353,0.2747120789270809,0.2747120789270809,0.2747120789270809,0.2747120789270809,0.2747120789270809,0.2747120789270809,0.2747120789270809,0.2747120789270809,0.3161571873711143,0.800147245906154,0.0001089731446122,0.5109423907873184,0.1141134633078339,0.4393581570025192,0.1545337850021429,4.199899218677225e-05,-0.0010572187526214,-0.0011625393111499,8517.0,1.0,0.0909429114613579,0.6732269794882545,0.2198682291590735,0.0506398991912545,0.4683997258247909,0.6982124711913849,0.2801904171648375,0.1906005552455659,100000,30,8,0.1,5.0,0.1,0,7,0.001,1e-06,0.001,1e-07,1.0,1e-08,adamax,0,0.0,disordered,1,0.2755575753953069,0 days 02:59:44.995636,0.0010572219394147,1.4339841443460875,1.339095658764516
354,354,354,354,0.2575263326771198,0.2575263326771198,0.2575263326771198,0.2575263326771198,0.2575263326771198,0.2575263326771198,0.2575263326771198,0.2575263326771198,0.4153785498965499,1.1571345339932276e-05,0.1455516698602501,0.3370529711764974,1.4879790345344993e-05,0.5715318435838378,0.1629700065163936,2.5362425058586174e-05,-0.0011250363856468,-0.0012906922185385,8680.0,1.0,0.230797647145204,0.0230889340700155,0.0417394724866417,0.4624317947354035,0.2153979852087361,0.4279799409301008,0.9132574465254402,0.8042383326726235,100000,30,8,0.1,5.0,0.1,0,7,0.001,1e-06,0.001,1e-07,1.0,1e-08,adamax,0,0.0,disordered,1,0.2605934995501714,0 days 02:59:44.995636,0.0011250927429298,1.555739235720665,1.3704078182458586
355,355,355,355,0.367392478180207,0.367392478180207,0.367392478180207,0.367392478180207,0.367392478180207,0.367392478180207,0.367392478180207,0.367392478180207,0.000139454412536,0.2907192428529608,0.0555541725278472,0.7259648990915272,4.788848133534355e-06,0.7058423134526182,4.294929385901349e-06,0.1234857103804916,-0.0008005138602327,-0.0009382698499415,9195.0,1.0,0.8267273504991763,0.929023616452101,0.6669769559759705,0.4377045405814164,0.073335824822771,0.7217063751878922,0.111179044306536,0.3033866478777075,100000,30,8,0.1,5.0,0.1,0,7,0.001,1e-06,0.001,1e-07,1.0,1e-08,adamax,0,0.0,disordered,1,0.3719763476720683,0 days 02:59:44.995636,0.0008005548484653,1.6407618080325366,1.2884653235113253
356,356,356,356,0.293044697697214,0.293044697697214,0.293044697697214,0.293044697697214,0.293044697697214,0.293044697697214,0.293044697697214,0.293044697697214,1.0009567043308574,0.1732462547997617,0.595379498429384,0.2891332136414254,0.0915114184648288,0.4875820289507292,0.103730993358561,0.0902278266480358,-0.0010517427141503,-0.0012224071582144,590.0,0.0,0.2806086191107868,0.937853584622824,0.8666195092203972,0.2545932023334656,0.3747550301281869,0.4773484970573644,0.0477178302504632,0.0192305137919545,100000,30,8,0.1,5.0,0.1,0,7,0.001,1e-06,0.001,1e-07,1.0,1e-08,adamax,0,0.0,disordered,1,0.2954085436590841,0 days 02:59:44.995636,0.0010517706826742,1.2428807682398897,1.2493716474136278
357,357,357,357,0.0315499006495808,0.0315499006495808,0.0315499006495808,0.0315499006495808,0.0315499006495808,0.0315499006495808,0.0315499006495808,0.0315499006495808,6.392574214924873e-06,1.0743103752477123e-05,0.2354396570292048,4.754802433750927e-07,3.849895203368551e-07,2.834782778419963e-07,0.0503680496134387,3.5162312757763013e-07,-0.0006404403558975,-0.0012067255786213,9292.0,1.0,0.5690988942672214,0.500237146077834,0.6294636587888246,0.8784156622342133,0.1383305444213748,0.8959807609454241,0.2096072329667661,0.92267898419396,100000,30,8,0.1,5.0,0.1,0,7,0.001,1e-06,0.001,1e-07,1.0,1e-08,adamax,0,0.0,disordered,1,0.0311029367022879,0 days 02:59:44.995636,0.0006404692893511,1.9115453843709205,1.7841025428010324
358,358,358,358,0.3026648059395688,0.3026648059395688,0.3026648059395688,0.3026648059395688,0.3026648059395688,0.3026648059395688,0.3026648059395688,0.3026648059395688,0.5072491180546775,3.606004018973597e-05,0.8306254537981544,6.237644486688231e-06,0.0517200012858518,6.51450309050245e-05,0.1554312392744068,0.8317184390007883,-0.0009972245700213,-0.0012562466210505,8995.0,1.0,0.1586010092630354,0.3994831424772106,0.7364412446434414,0.2002039593139714,0.1171722651598887,0.2687335756630974,0.3364332254505885,0.8859235799567501,100000,30,8,0.1,5.0,0.1,0,7,0.001,1e-06,0.001,1e-07,1.0,1e-08,adamax,0,0.0,disordered,1,0.2982482054608124,0 days 02:59:44.995636,0.0009973010462277,1.7084515103155904,1.2707673685256036
359,359,359,359,0.4459627626819087,0.4459627626819087,0.4459627626819087,0.4459627626819087,0.4459627626819087,0.4459627626819087,0.4459627626819087,0.4459627626819087,0.8754140649445246,6.432908573941532e-05,0.9108823942059002,0.3254485893695088,0.3600727935274572,0.6921257408548872,0.0002543593501931,0.7315658811637883,-0.0007190677249649,-0.000757278609126,8100.0,1.0,0.250740658592031,0.6818726384248391,0.8348612693863806,0.0133505957865881,0.273762834221375,0.902726656459502,0.5817087775335785,0.1693126927876244,100000,30,8,0.1,5.0,0.1,0,7,0.001,1e-06,0.001,1e-07,1.0,1e-08,adamax,0,0.0,disordered,1,0.4474969290770246,0 days 02:59:44.995636,0.0007190711487585,1.197076414650749,1.195120354822086
360,360,360,360,0.5964184945842456,0.5964184945842456,0.5964184945842456,0.5964184945842456,0.5964184945842456,0.5964184945842456,0.5964184945842456,0.5964184945842456,0.2415069732829967,0.3646114000753551,0.2901572575754083,0.2900871233700602,0.5122443193590992,0.6253331413309093,1.0002911180221403,0.4593748927975872,-0.0005122024637507,-0.0005490089291851,442.0,0.0,0.4931705350093037,0.4002097735936605,0.8354219932517978,0.7926098323818732,0.3241779405369809,0.9830646964827148,0.0477884867818838,0.9096517536701376,100000,30,8,0.1,5.0,0.1,0,7,0.001,1e-06,0.001,1e-07,1.0,1e-08,adamax,0,0.0,disordered,1,0.6022033388948848,0 days 02:59:44.995636,0.0005122181205831,1.2569897130034504,1.1847987085029863
361,361,361,361,0.2659804395593755,0.2659804395593755,0.2659804395593755,0.2659804395593755,0.2659804395593755,0.2659804395593755,0.2659804395593755,0.2659804395593755,0.7361976392850583,0.1612901196639165,0.0331292112927232,0.5066098923962487,0.1159384115563917,0.2196324338879523,0.4200412510812976,0.093096085877243,-0.0010327923608226,-0.0010754411754796,4029.0,1.0,0.097267032824367,0.5542749186044887,0.4189021314134399,0.8234209293184693,0.4805061611921127,0.281411924913489,0.7128149525361499,0.3820168994194098,100000,30,8,0.1,5.0,0.1,0,7,0.001,1e-06,0.001,1e-07,1.0,1e-08,adamax,0,0.0,disordered,1,0.2672576984170191,0 days 02:59:44.995636,0.0010327994708735,1.5663624387839283,1.4172011078871112
362,362,362,362,0.1394082826282576,0.1394082826282576,0.1394082826282576,0.1394082826282576,0.1394082826282576,0.1394082826282576,0.1394082826282576,0.1394082826282576,0.0386230430192316,0.5942152399147198,1.4636390900671302e-05,0.4254316009400844,2.4173701706940744e-06,0.0469249688183607,5.818431747150051e-06,1.88105955253452e-06,-0.0017351206797293,-0.0023364456681198,9662.0,1.0,0.4251771273663627,0.8162498580807743,0.3562051574027112,0.530048822740228,0.8087430632572472,0.8267099729670038,0.6836381477745519,0.7098273205737634,100000,30,8,0.1,5.0,0.1,0,7,0.001,1e-06,0.001,1e-07,1.0,1e-08,adamax,0,0.0,disordered,1,0.1414650959137016,0 days 02:59:44.995636,0.0017352240788144,1.6453669003221527,1.6683473746617192
363,363,363,363,0.3919100249433399,0.3919100249433399,0.3919100249433399,0.3919100249433399,0.3919100249433399,0.3919100249433399,0.3919100249433399,0.3919100249433399,0.820449558293327,0.0954247605446261,0.1041838221789787,1.0002013848877078,0.1654194136628458,0.7688251434331402,0.0870691611851359,0.1025925558660332,-0.0007937190719553,-0.0009109315949259,686.0,0.0,0.0951861809945375,0.5452303824885759,0.5979696256481425,0.1411044150060496,0.8883386774979529,0.6756783223405803,0.1031471938061922,0.1217301673848533,100000,30,8,0.1,5.0,0.1,0,7,0.001,1e-06,0.001,1e-07,1.0,1e-08,adamax,0,0.0,disordered,1,0.3961711220507788,0 days 02:59:44.995636,0.0007937567376942,1.2655232512503858,1.24177359537194
364,364,364,364,0.2121550171362449,0.2121550171362449,0.2121550171362449,0.2121550171362449,0.2121550171362449,0.2121550171362449,0.2121550171362449,0.2121550171362449,3.329819418021016e-05,0.2202743038081524,0.4629809413283444,0.4169991140809106,2.806409874213008e-05,0.250646182966654,0.2052280393256788,1.3500856701339195e-05,-0.0012246917350554,-0.0013664890362711,8750.0,1.0,0.1035658471359807,0.1448197919192561,0.58974415378652,0.097546201456495,0.4087798228349987,0.2886613044402275,0.6535582981725113,0.7123341566952256,100000,30,8,0.1,5.0,0.1,0,7,0.001,1e-06,0.001,1e-07,1.0,1e-08,adamax,0,0.0,disordered,1,0.2124150287649415,0 days 02:59:44.995636,0.0012246922987732,1.5213079744468327,1.551928701134256
365,365,365,365,0.2414157116103016,0.2414157116103016,0.2414157116103016,0.2414157116103016,0.2414157116103016,0.2414157116103016,0.2414157116103016,0.2414157116103016,1.8500380869082603e-05,6.718865003855608e-06,7.727007570444416e-06,0.133654059901765,0.3326628749233075,0.1701513751652796,0.0001258294331554,0.7948077802020197,-0.0011683163960059,-0.0013406515489198,8428.0,1.0,0.6383601099847973,0.5954088370670796,0.5562000611310318,0.7675962287549989,0.5012767621670378,0.2140956364946002,0.1094107571203395,0.6000482200302583,100000,30,8,0.1,5.0,0.1,0,7,0.001,1e-06,0.001,1e-07,1.0,1e-08,adamax,0,0.0,disordered,1,0.2394999024434755,0 days 02:59:44.995636,0.0011683389549194,1.5297920298868135,1.327490512530165
366,366,366,366,0.5241298302206053,0.5241298302206053,0.5241298302206053,0.5241298302206053,0.5241298302206053,0.5241298302206053,0.5241298302206053,0.5241298302206053,0.1331411113175569,0.1257129564909376,0.1292746195214194,0.0974671515665473,1.0000718258796966,0.4094539284609738,0.8900464506829809,0.1499152709365266,-0.0005746586287009,-0.0006451860278627,766.0,0.0,0.80501981911651,0.7176535781625706,0.7077978198928584,0.777185446924128,0.0806533994303507,0.8507454167128043,0.031269612594601,0.559562244754216,100000,30,8,0.1,5.0,0.1,0,7,0.001,1e-06,0.001,1e-07,1.0,1e-08,adamax,0,0.0,disordered,1,0.5302146987446762,0 days 02:59:44.995636,0.0005746826239049,1.391556671750262,1.2231772069965867
367,367,367,367,0.3794532847236935,0.3794532847236935,0.3794532847236935,0.3794532847236935,0.3794532847236935,0.3794532847236935,0.3794532847236935,0.3794532847236935,1.0000638116640304,0.0044154181997232,0.1414174855522146,0.0045006883468887,0.8041142389359932,0.3214062168032151,0.0362162337195503,0.7134659122364483,-0.0008217915276934,-0.0009264546041232,2019.0,0.0,0.4154770741987346,0.1317667119318895,0.5731232422677263,0.1149883664856494,0.0505762404166152,0.7108632822931158,0.8915345125263209,0.4405463740297752,100000,30,8,0.1,5.0,0.1,0,7,0.001,1e-06,0.001,1e-07,1.0,1e-08,adamax,0,0.0,disordered,1,0.376375370713009,0 days 02:59:44.995636,0.0008218120747027,1.6273861199137958,1.2680866841074576
368,368,368,368,0.367392478180207,0.367392478180207,0.367392478180207,0.367392478180207,0.367392478180207,0.367392478180207,0.367392478180207,0.367392478180207,0.024394367090197,0.0583361104568247,0.3275612039054552,0.0467048429882566,1.0000250403386812,0.0357842382450541,0.0302322406432289,0.6930034411425682,-0.0008132143421139,-0.0009530397916746,1431.0,0.0,0.8064621134539653,0.9539262940959512,0.7305731267543529,0.421680384049949,0.9434034429065684,0.2472636957095301,0.2385588070509432,0.6698863231474224,100000,30,8,0.1,5.0,0.1,0,7,0.001,1e-06,0.001,1e-07,1.0,1e-08,adamax,0,0.0,disordered,1,0.3710128249072374,0 days 02:59:44.995636,0.000813241516741,1.4788561010698889,1.2958435810622806
369,369,369,369,0.1439847952876006,0.1439847952876006,0.1439847952876006,0.1439847952876006,0.1439847952876006,0.1439847952876006,0.1439847952876006,0.1439847952876006,1.0000344606684923,0.0540760315124071,0.2653238690358168,0.0095301290838267,0.0092545545650035,0.0345002745283537,0.0115774245467243,0.0122812647035395,-0.0016457302294107,-0.0023149038350905,1234.0,0.0,0.8252363919080409,0.2609545946839984,0.3136782132049029,0.0277853878946894,0.0948733749029787,0.3297294529593854,0.0947572752330966,0.0222784833335085,100000,30,8,0.1,5.0,0.1,0,7,0.001,1e-06,0.001,1e-07,1.0,1e-08,adamax,0,0.0,disordered,1,0.1418479444501832,0 days 02:59:44.995636,0.0016458070210852,2.129366266255675,1.6010543480527664
370,370,370,370,0.293044697697214,0.293044697697214,0.293044697697214,0.293044697697214,0.293044697697214,0.293044697697214,0.293044697697214,0.293044697697214,7.884735515667657e-07,0.9798929332318884,0.1862518929959814,0.0642361536505712,0.3362473940917638,6.760087970873205e-07,0.4407972924081866,0.1451158352116131,-0.0009151309027251,-0.0010464496651929,100000.0,0.0,0.7705703551273733,0.8833589428933932,0.1365328338943136,0.3429746635592937,0.0158781896217724,0.4205723412559977,0.1194476200617402,0.5680865217585311,100000,30,8,0.1,5.0,0.1,0,7,0.001,1e-06,0.001,1e-07,1.0,1e-08,adamax,0,0.0,disordered,1,0.2956788906202813,0 days 02:59:44.995636,0.000915149713999,1.6315520586733254,1.3717660832135794
371,371,371,371,0.4913407286296357,0.4913407286296357,0.4913407286296357,0.4913407286296357,0.4913407286296357,0.4913407286296357,0.4913407286296357,0.4913407286296357,0.2517263605253332,0.0604416968419708,0.9593755297348088,0.0611175609246418,0.0855270000803801,0.9019058012740548,0.1571713461256407,1.0000661533610284,-0.0006084998071027,-0.0006939468416111,919.0,0.0,0.6773855463639422,0.7161586602233061,0.1043067762860063,0.7991971980520339,0.838332325562638,0.2711926659637083,0.9735475529701468,0.3375149250565232,100000,30,8,0.1,5.0,0.1,0,7,0.001,1e-06,0.001,1e-07,1.0,1e-08,adamax,0,0.0,disordered,1,0.4961936009830161,0 days 02:59:44.995636,0.0006085184566266,1.75236705136399,1.2455085086812818
372,372,372,372,0.4047756965997316,0.4047756965997316,0.4047756965997316,0.4047756965997316,0.4047756965997316,0.4047756965997316,0.4047756965997316,0.4047756965997316,0.1277415346201638,1.0002004509416609,0.2424123791589151,0.1312401838775502,0.5562786341169502,0.2001545554712521,0.1147541097322534,0.9727378185622976,-0.0007856359492373,-0.0008815965513467,588.0,0.0,0.2575527416724514,0.1583268933402386,0.9622367725472548,0.9845068936899845,0.7833617607353065,0.3001591142917283,0.1863168957933664,0.8160956278075892,100000,30,8,0.1,5.0,0.1,0,7,0.001,1e-06,0.001,1e-07,1.0,1e-08,adamax,0,0.0,disordered,1,0.4035731635083582,0 days 02:59:44.995636,0.0007856389149588,1.1286017505483223,1.1537148264515984
373,373,373,373,0.4459627626819087,0.4459627626819087,0.4459627626819087,0.4459627626819087,0.4459627626819087,0.4459627626819087,0.4459627626819087,0.4459627626819087,0.1443323675230037,0.9363108814124782,0.1277160376704979,0.3561364156926747,0.3128516057162143,1.000175016128208,0.1691734857969344,0.1685544842212278,-0.0006979948769163,-0.0007691682530392,566.0,0.0,0.8195866498882468,0.6917068724736452,0.0141286385790188,0.0897702749266857,0.5713045891257171,0.0394953411916256,0.8179250197915076,0.9777640393148442,100000,30,8,0.1,5.0,0.1,0,7,0.001,1e-06,0.001,1e-07,1.0,1e-08,adamax,0,0.0,disordered,1,0.4390879562645196,0 days 02:59:44.995636,0.0006980538210718,1.2472820763023718,1.2415522281317286
374,374,374,374,0.4606028844202396,0.4606028844202396,0.4606028844202396,0.4606028844202396,0.4606028844202396,0.4606028844202396,0.4606028844202396,0.4606028844202396,0.1845079337975242,1.0007928333809937,0.2238980283358261,0.5911862126273273,0.7216492373491683,0.4533050932231969,0.2493840824237471,0.1962272168748957,-0.0007059584056551,-0.0007772436665409,435.0,0.0,0.9775786952206656,0.829646147129515,0.0386275721174035,0.1134416250312995,0.9788995294148176,0.542143749584765,0.1121834598919309,0.0047986962695082,100000,30,8,0.1,5.0,0.1,0,7,0.001,1e-06,0.001,1e-07,1.0,1e-08,adamax,0,0.0,disordered,1,0.4646891209981946,0 days 02:59:44.995636,0.0007059831650357,1.1378857576514623,1.1829777599681843
375,375,375,375,0.3557150206821381,0.3557150206821381,0.3557150206821381,0.3557150206821381,0.3557150206821381,0.3557150206821381,0.3557150206821381,0.3557150206821381,1.0006869574510553,0.3991933347767616,0.5822393765824638,0.2182503065567629,0.0858438573049356,0.7405781732205015,0.0855237190896952,0.1044095297786551,-0.0007932854834278,-0.0009684020160093,621.0,0.0,0.115267005663062,0.8785974091814128,0.2993388859024937,0.7459291170862314,0.937366336734396,0.35489974256256,0.9313564413874184,0.8822250626891953,100000,30,8,0.1,5.0,0.1,0,7,0.001,1e-06,0.001,1e-07,1.0,1e-08,adamax,0,0.0,disordered,1,0.3523373112592523,0 days 02:59:44.995636,0.0007933042089033,1.5818454881494068,1.3432337496866806
376,376,376,376,0.31260072430687,0.31260072430687,0.31260072430687,0.31260072430687,0.31260072430687,0.31260072430687,0.31260072430687,0.31260072430687,0.0513773110116847,1.0002458754425998,0.2253698858677785,0.0530088740090551,0.0569375883085364,0.1191065788146762,0.1847216298974071,0.7167654473121329,-0.0009382808753034,-0.001155822517548,924.0,0.0,0.1216177817136735,0.1278319281672717,0.9012288743775664,0.8379621667181256,0.8244225168815499,0.6668554539279069,0.9580380097249876,0.4217887832576917,100000,30,8,0.1,5.0,0.1,0,7,0.001,1e-06,0.001,1e-07,1.0,1e-08,adamax,0,0.0,disordered,1,0.316220942232464,0 days 02:59:44.995636,0.0009383245395825,1.3905471243232699,1.2079803869103165
377,377,377,377,0.367392478180207,0.367392478180207,0.367392478180207,0.367392478180207,0.367392478180207,0.367392478180207,0.367392478180207,0.367392478180207,3.182394737601764e-05,0.2462587133260669,0.310427154599155,1.601436929176608e-05,0.8466927769108838,0.4215144150758741,3.3332028530080566e-05,0.0424761348412851,-0.0008792828612775,-0.0011582817052869,9173.0,1.0,0.8187208922359559,0.7743750860479226,0.4362492184849196,0.2919197500309933,0.1148970826679349,0.9529001346514946,0.8191868690166361,0.7431019824611016,100000,30,8,0.1,5.0,0.1,0,7,0.001,1e-06,0.001,1e-07,1.0,1e-08,adamax,0,0.0,disordered,1,0.3662013920584012,0 days 02:59:44.995636,0.0008792868443774,1.233617135196317,1.1990781371009607
378,378,378,378,0.2337423870891812,0.2337423870891812,0.2337423870891812,0.2337423870891812,0.2337423870891812,0.2337423870891812,0.2337423870891812,0.2337423870891812,0.626298253733972,0.4416079127335265,0.5336169823526808,0.211102714479144,0.4219153558497166,0.1438015513804479,0.1189975264315228,0.0001395844708057,-0.0010756683562102,-0.0011896156258493,8408.0,1.0,0.2514756636614588,0.820109396472933,0.1962333892589896,0.6352925218784667,0.162132723682877,0.4527068756174857,0.6110690318720912,0.7191537798294915,100000,30,8,0.1,5.0,0.1,0,7,0.001,1e-06,0.001,1e-07,1.0,1e-08,adamax,0,0.0,disordered,1,0.2305342968689024,0 days 02:59:44.995636,0.0010757120726242,1.4120627140658981,1.4969413967703786
379,379,379,379,0.4757236139187883,0.4757236139187883,0.4757236139187883,0.4757236139187883,0.4757236139187883,0.4757236139187883,0.4757236139187883,0.4757236139187883,0.2037673995770795,0.2084378329089083,0.5345830414188899,0.5383960121469784,0.3099541086575745,0.2529218727279132,0.3948469681509508,1.0004593501113428,-0.0006606487635031,-0.0007309585135905,402.0,0.0,0.917432036335271,0.9578338934687016,0.7605457635265853,0.0449673550017765,0.3870494664839662,0.7263565217141167,0.8682551861790878,0.0223754131071074,100000,30,8,0.1,5.0,0.1,0,7,0.001,1e-06,0.001,1e-07,1.0,1e-08,adamax,0,0.0,disordered,1,0.4829012819024847,0 days 02:59:44.995636,0.000660709485892,1.1821339298108642,1.1356622894138955
380,380,380,380,0.4047756965997316,0.4047756965997316,0.4047756965997316,0.4047756965997316,0.4047756965997316,0.4047756965997316,0.4047756965997316,0.4047756965997316,1.0000362017657598,0.0771329287502634,0.0949225189120718,0.7635594507458199,0.2798209496807621,0.8101898794399589,0.0803665146743163,0.0948593528127879,-0.0008125695835926,-0.0009265715087531,768.0,0.0,0.3994927855175592,0.9352865305331108,0.9276172420620962,0.8841450737133036,0.1531324043775236,0.3220172421923563,0.9279693195160548,0.9198577998286604,100000,30,8,0.1,5.0,0.1,0,7,0.001,1e-06,0.001,1e-07,1.0,1e-08,adamax,0,0.0,disordered,1,0.3992924356300462,0 days 02:59:44.995636,0.0008126367240576,1.210473537617124,1.1850308954570143
381,381,381,381,0.2837303616516209,0.2837303616516209,0.2837303616516209,0.2837303616516209,0.2837303616516209,0.2837303616516209,0.2837303616516209,0.2837303616516209,0.0443452075987855,0.68691468929372,1.3657930411483512e-06,2.72760447884847e-06,1.527715886430354e-06,0.7206670145866554,0.1528331835158985,0.2870060952889594,-0.000874524385749,-0.0011248465624851,9053.0,1.0,0.963700685907931,0.6999404812707226,0.7101077891395438,0.252237697223585,0.7103146712793887,0.2631889416072038,0.8420325931618102,0.6049027256782059,100000,30,8,0.1,5.0,0.1,0,7,0.001,1e-06,0.001,1e-07,1.0,1e-08,adamax,0,0.0,disordered,1,0.2866838435075622,0 days 02:59:44.995636,0.0008745421259712,1.816437109347069,1.4438119103967324
382,382,382,382,0.3794532847236935,0.3794532847236935,0.3794532847236935,0.3794532847236935,0.3794532847236935,0.3794532847236935,0.3794532847236935,0.3794532847236935,0.1577067558288159,0.0892306329959981,0.0765516545323388,0.2286767443795788,1.0001029184631045,0.0812481712734434,0.1845102455683613,0.4564925481346313,-0.0007963385333532,-0.0009320493546115,832.0,0.0,0.2835056803091478,0.1485516451166109,0.1243693386886878,0.1530930556237263,0.9161457305298456,0.3687576859935133,0.5669595468352621,0.1470186596387777,100000,30,8,0.1,5.0,0.1,0,7,0.001,1e-06,0.001,1e-07,1.0,1e-08,adamax,0,0.0,disordered,1,0.3841715196871504,0 days 02:59:44.995636,0.0007963826669415,1.4178670694335056,1.2530773930328492
383,383,383,383,0.3026648059395688,0.3026648059395688,0.3026648059395688,0.3026648059395688,0.3026648059395688,0.3026648059395688,0.3026648059395688,0.3026648059395688,0.5233934474141212,5.615284565845652e-06,0.4411047827665726,7.019721221711981e-06,0.4425750614163553,1.529013931531142e-06,0.2947973018211263,1.3785878128179804e-06,-0.0008647043722576,-0.0011673987981342,9311.0,1.0,0.8967113091031558,0.992002109452133,0.5147490275156694,0.9499885600368956,0.9701136625145927,0.6756551687211889,0.1429325326134809,0.6601249582783056,100000,30,8,0.1,5.0,0.1,0,7,0.001,1e-06,0.001,1e-07,1.0,1e-08,adamax,0,0.0,disordered,1,0.3017184703006604,0 days 02:59:44.995636,0.0008647062386996,1.830347390394845,1.351510620882764
384,384,384,384,0.4047756965997316,0.4047756965997316,0.4047756965997316,0.4047756965997316,0.4047756965997316,0.4047756965997316,0.4047756965997316,0.4047756965997316,1.0016164875317268,0.1754019388255837,0.6362258312649282,0.3810899174914101,0.2334095545270429,0.2396798332607269,0.5287479050960394,0.3164731889833908,-0.0007454991472735,-0.0007845963379929,413.0,0.0,0.1824297694255304,0.8952110001764462,0.8916417348000365,0.1805464910078101,0.3537231622494197,0.6835251509075145,0.2400849932650752,0.8426929876747188,100000,30,8,0.1,5.0,0.1,0,7,0.001,1e-06,0.001,1e-07,1.0,1e-08,adamax,0,0.0,disordered,1,0.4030323795751141,0 days 02:59:44.995636,0.0007455039930988,1.2617606719471908,1.2337503210394942
385,385,385,385,0.2054117348353062,0.2054117348353062,0.2054117348353062,0.2054117348353062,0.2054117348353062,0.2054117348353062,0.2054117348353062,0.2054117348353062,0.2267086302705052,1.1187017066613566e-06,0.2711870090328127,2.050128360164385e-06,1.8115036013274184e-06,0.6395450343897107,4.395515971793736e-05,3.633088821529666e-06,-0.0013885887562722,-0.0017924902723651,9945.0,1.0,0.5074519866192873,0.6471583160880261,0.455021552701576,0.8081875903544601,0.7914361578902037,0.8042378766844865,0.3651652718958724,0.3576804118279693,100000,30,8,0.1,5.0,0.1,0,7,0.001,1e-06,0.001,1e-07,1.0,1e-08,adamax,0,0.0,disordered,1,0.2057342374478684,0 days 02:59:44.995636,0.0013885899316028,1.8499074725551308,1.425085890231393
386,386,386,386,0.4047756965997316,0.4047756965997316,0.4047756965997316,0.4047756965997316,0.4047756965997316,0.4047756965997316,0.4047756965997316,0.4047756965997316,0.4109679688734257,1.000535978460756,0.2803604624103931,0.1574525459994174,0.5923527474507122,0.3541210638808265,0.2591177722358972,0.3911613346721702,-0.0007536250853818,-0.0008014863185094,551.0,0.0,0.2426460584093469,0.8995208590171605,0.1174960720252522,0.3553229724357469,0.0340966532694543,0.6558326165671662,0.959704573815436,0.535738467449102,100000,30,8,0.1,5.0,0.1,0,7,0.001,1e-06,0.001,1e-07,1.0,1e-08,adamax,0,0.0,disordered,1,0.4047686430156124,0 days 02:59:44.995636,0.0007536250844764,1.2595140992027614,1.2460296605195378
387,387,387,387,0.3919100249433399,0.3919100249433399,0.3919100249433399,0.3919100249433399,0.3919100249433399,0.3919100249433399,0.3919100249433399,0.3919100249433399,0.3028524078760316,0.3728061731130244,0.2079030396580012,0.4665198535356095,0.1019286238902252,0.1691844161420571,0.376332267816944,0.9017603521053156,-0.0007737936742522,-0.0008496041730327,3804.0,1.0,0.0348565498696192,0.3526742600511262,0.6617173734036776,0.1614675232629825,0.5197121735457872,0.3376557883933568,0.0449962796988543,0.7832399072954109,100000,30,8,0.1,5.0,0.1,0,7,0.001,1e-06,0.001,1e-07,1.0,1e-08,adamax,0,0.0,disordered,1,0.3880940329827184,0 days 02:59:44.995636,0.0007738194949511,1.3903056380635395,1.2611139062597
388,388,388,388,0.4606028844202396,0.4606028844202396,0.4606028844202396,0.4606028844202396,0.4606028844202396,0.4606028844202396,0.4606028844202396,0.4606028844202396,0.0047717270654928,0.4033945911627713,0.304165982795732,0.1793558891226584,0.0003695095665052,0.5805309822812175,0.8570003940243708,3.946185545423777e-05,-0.0007035350515858,-0.0008255543197298,8534.0,1.0,0.2899752495294391,0.1812937250664439,0.6574280714254463,0.4400644591684004,0.3245048187798456,0.1028207830295079,0.9876947376557084,0.5933871710951234,100000,30,8,0.1,5.0,0.1,0,7,0.001,1e-06,0.001,1e-07,1.0,1e-08,adamax,0,0.0,disordered,1,0.4580371336110747,0 days 02:59:44.995636,0.0007035441400519,1.4923755593393826,1.195848642435385
389,389,389,389,0.4047756965997316,0.4047756965997316,0.4047756965997316,0.4047756965997316,0.4047756965997316,0.4047756965997316,0.4047756965997316,0.4047756965997316,0.0940175821015261,0.0801736140170704,0.2398514709130556,0.1531809271955971,0.0575345422171805,0.7471217057028039,0.1412128201140301,1.0001590836272098,-0.0007085150878859,-0.000823550724796,864.0,0.0,0.443296832092249,0.5868687191075178,0.453314804225376,0.7892678009461863,0.866126467625619,0.302125317801908,0.9306283022390598,0.2952319883410219,100000,30,8,0.1,5.0,0.1,0,7,0.001,1e-06,0.001,1e-07,1.0,1e-08,adamax,0,0.0,disordered,1,0.4006537159821517,0 days 02:59:44.995636,0.0007085339954577,1.5721794913586806,1.2595255964326355
390,390,390,390,0.4606028844202396,0.4606028844202396,0.4606028844202396,0.4606028844202396,0.4606028844202396,0.4606028844202396,0.4606028844202396,0.4606028844202396,0.1358362534926738,0.1756775156895944,0.0553047193872781,0.7514746056978738,0.0508381471025201,1.0000408716159632,0.222301411177455,0.0874772328471685,-0.0006909401679206,-0.0008123739432244,996.0,0.0,0.6361245354362794,0.9431710141917132,0.6975722156267917,0.0537800377932241,0.6217509280759834,0.8560950824105203,0.0525816180445954,0.2007623652999489,100000,30,8,0.1,5.0,0.1,0,7,0.001,1e-06,0.001,1e-07,1.0,1e-08,adamax,0,0.0,disordered,1,0.4582128602187713,0 days 02:59:44.995636,0.0006909467798831,1.5995580291292293,1.2106730288648928
391,391,391,391,0.4459627626819087,0.4459627626819087,0.4459627626819087,0.4459627626819087,0.4459627626819087,0.4459627626819087,0.4459627626819087,0.4459627626819087,0.1899638785621476,0.1749501662997486,1.0001851359806353,0.3872514331906545,0.2684505028308089,0.3527366359459054,0.4879508951385793,0.2082812849577917,-0.0006801361076108,-0.0007310401411797,418.0,0.0,0.4101034939445396,0.3895477103995718,0.980737881660108,0.0858394690487681,0.1769934947805196,0.6332099416373053,0.1122251248701656,0.6176041322847631,100000,30,8,0.1,5.0,0.1,0,7,0.001,1e-06,0.001,1e-07,1.0,1e-08,adamax,0,0.0,disordered,1,0.4500506975764197,0 days 02:59:44.995636,0.000680155780211,1.314949514033894,1.2603879962127522
392,392,392,392,0.0395543624473469,0.0395543624473469,0.0395543624473469,0.0395543624473469,0.0395543624473469,0.0395543624473469,0.0395543624473469,0.0395543624473469,8.732048267897123e-06,0.2630170404309292,1.0600906897578175e-06,0.0734074054586959,1.4572188126696503e-06,0.0206305478584875,3.0552152178105343e-06,3.204689597368845e-06,-0.0044994829348189,-0.0051890058601053,9753.0,1.0,0.631009444277022,0.5521792449310217,0.4219330543777089,0.4688673168649789,0.3703050703474619,0.3874850378822095,0.3479789844396158,0.3059189782878799,100000,30,8,0.1,5.0,0.1,0,7,0.001,1e-06,0.001,1e-07,1.0,1e-08,adamax,0,0.0,disordered,1,0.0390423118020609,0 days 02:59:44.995636,0.0044996605629005,1.8106576548439517,1.8988004448427462
393,393,393,393,0.4047756965997316,0.4047756965997316,0.4047756965997316,0.4047756965997316,0.4047756965997316,0.4047756965997316,0.4047756965997316,0.4047756965997316,0.6540057638903243,0.1437066527967002,0.1437843845670754,0.1444983611726654,0.2123153441059902,0.189095363163431,0.4098774752055922,1.0006051861791,-0.0007688416919846,-0.0009606958046689,466.0,0.0,0.1724539557475153,0.5622395210157518,0.6064673032975222,0.5450361405853635,0.5080541627904619,0.8109065812067465,0.912984780874328,0.0623940902494647,100000,30,8,0.1,5.0,0.1,0,7,0.001,1e-06,0.001,1e-07,1.0,1e-08,adamax,0,0.0,disordered,1,0.4050455764692238,0 days 02:59:44.995636,0.0007688417944911,1.276193588559665,1.1063347585729817
394,394,394,394,0.1487115462808952,0.1487115462808952,0.1487115462808952,0.1487115462808952,0.1487115462808952,0.1487115462808952,0.1487115462808952,0.1487115462808952,0.4525818965594909,9.890875465410803e-07,0.3200691460789857,0.2477486688309588,9.999839834868845e-08,4.610120071894326e-07,1.1646237710374105e-07,0.5097371548513971,-0.0011963911631932,-0.0015173859962792,13977.0,0.0,0.4053585835436714,0.4702342654072243,0.0989895256344383,0.3329422678595225,0.4177399825672238,0.0405421071775401,0.432598683845726,0.1019778423785265,100000,30,8,0.1,5.0,0.1,0,7,0.001,1e-06,0.001,1e-07,1.0,1e-08,adamax,0,0.0,disordered,1,0.1481262797337978,0 days 02:59:44.995636,0.0011963922047099,2.099413928848003,1.768124745260544
395,395,395,395,0.2493409369951876,0.2493409369951876,0.2493409369951876,0.2493409369951876,0.2493409369951876,0.2493409369951876,0.2493409369951876,0.2493409369951876,2.03226301143098e-05,0.4878706394220376,8.089232287966134e-07,1.6615379399710628e-07,0.3641169293335864,9.99936159301454e-08,0.3475362224531305,0.0710119295782496,-0.0009835812533905,-0.0011303326520616,19384.0,0.0,0.405697268029329,0.1989959852407393,0.1017426369298778,0.0641453256310438,0.5146914993733146,0.0029436462960327,0.3972314453993447,0.0603402546880796,100000,30,8,0.1,5.0,0.1,0,7,0.001,1e-06,0.001,1e-07,1.0,1e-08,adamax,0,0.0,disordered,1,0.2470329728292432,0 days 02:59:44.995636,0.0009835974038435,2.018711898514824,1.468326714311991
396,396,396,396,0.3557150206821381,0.3557150206821381,0.3557150206821381,0.3557150206821381,0.3557150206821381,0.3557150206821381,0.3557150206821381,0.3557150206821381,9.316881202671308e-07,0.6458089149016432,0.0602461605734389,0.4491849928891847,0.0913747177560291,0.9220591002556172,1.876768101945224e-07,0.2761575227119769,-0.0007829667061419,-0.0009127765382077,100000.0,0.0,0.6885300860953525,0.6492587923306573,0.1534919754584059,0.3637796473777184,0.7238740754382852,0.1280319556986398,0.8128231648965567,0.661485263191831,100000,30,8,0.1,5.0,0.1,0,7,0.001,1e-06,0.001,1e-07,1.0,1e-08,adamax,0,0.0,disordered,1,0.3584000080692013,0 days 02:59:44.995636,0.0007829783255251,1.5417238552800776,1.3406786907580845
397,397,397,397,0.1988827856988807,0.1988827856988807,0.1988827856988807,0.1988827856988807,0.1988827856988807,0.1988827856988807,0.1988827856988807,0.1988827856988807,0.2979021037716969,0.3814381896062715,0.6210181734416136,2.2228393615609608e-06,0.1513937237149053,4.2991439311318e-06,0.1631990227413454,1.5976810022951743e-05,-0.0013481776744127,-0.0016271513347256,8904.0,1.0,0.9413380476842622,0.6018492981573823,0.0445902509263321,0.409124444921672,0.6886117898087819,0.4691657950373045,0.3717486040287852,0.2505924859984356,100000,30,8,0.1,5.0,0.1,0,7,0.001,1e-06,0.001,1e-07,1.0,1e-08,adamax,0,0.0,disordered,1,0.1968650369600805,0 days 02:59:44.995636,0.0013482193300551,1.859199067785149,1.4851804747639987
398,398,398,398,0.2414157116103016,0.2414157116103016,0.2414157116103016,0.2414157116103016,0.2414157116103016,0.2414157116103016,0.2414157116103016,0.2414157116103016,1.1062729723557786e-05,0.7026164396385526,0.1677828358379719,0.7637663708177358,1.0390341914915808e-06,3.321073868417014e-06,1.122001774386623e-06,0.571020431527621,-0.0010006930975635,-0.001261877108961,9500.0,1.0,0.6898879593102651,0.1555881240222396,0.7635421211835335,0.280977482261397,0.577472027191234,0.9217754151351226,0.5931649067290381,0.8689594774816964,100000,30,8,0.1,5.0,0.1,0,7,0.001,1e-06,0.001,1e-07,1.0,1e-08,adamax,0,0.0,disordered,1,0.2399467184880064,0 days 02:59:44.995636,0.0010006998697646,1.7795624458121106,1.5074003474421802
399,399,399,399,0.2121550171362449,0.2121550171362449,0.2121550171362449,0.2121550171362449,0.2121550171362449,0.2121550171362449,0.2121550171362449,0.2121550171362449,0.608687740677845,0.2539931015646784,0.0857305486978219,0.7337284638658756,3.770391084330332e-06,1.3734234003921555e-05,0.2263760640218396,3.0656429039465795e-06,-0.0011163815575266,-0.0014188813635969,8787.0,1.0,0.0893756936925884,0.5103121192969601,0.6543576980211803,0.162342821302332,0.6961494560836059,0.6592202247176523,0.4589126607363889,0.7942115492192897,100000,30,8,0.1,5.0,0.1,0,7,0.001,1e-06,0.001,1e-07,1.0,1e-08,adamax,0,0.0,disordered,1,0.2118337483667969,0 days 02:59:44.995636,0.0011163820754154,1.9855581960527338,1.5501744143959537
400,400,400,400,0.4459627626819087,0.4459627626819087,0.4459627626819087,0.4459627626819087,0.4459627626819087,0.4459627626819087,0.4459627626819087,0.4459627626819087,0.8555635396836416,1.0001202276948702,0.4446522313919445,0.9331230987939632,0.0972080464836446,0.6727120021267055,0.1726440168175846,0.1109948990767974,-0.0006833979646922,-0.0007655267892922,743.0,0.0,0.003199537400046,0.928440515213488,0.0909687337918507,0.7702590598396649,0.1562516212076992,0.0117843303477425,0.5972891241600773,0.5491985308302156,100000,30,8,0.1,5.0,0.1,0,7,0.001,1e-06,0.001,1e-07,1.0,1e-08,adamax,0,0.0,disordered,1,0.4500353493922705,0 days 02:59:44.995636,0.0006834177232244,1.2406231996738464,1.2613303213423046
401,401,401,401,0.1864408533970484,0.1864408533970484,0.1864408533970484,0.1864408533970484,0.1864408533970484,0.1864408533970484,0.1864408533970484,0.1864408533970484,5.216677835371965e-07,0.06647680853823,2.2471660919068324e-06,4.817203456987349e-07,4.563103695274402e-07,0.3051642433034754,1.4675084211153177e-06,4.409083976715383e-07,-0.0013372713543276,-0.0019631590954069,9377.0,1.0,0.7439735337545018,0.8615405609098814,0.466055318132979,0.5253179180471028,0.5880511155909521,0.3335472471302999,0.801002658949726,0.7628449507003233,100000,30,8,0.1,5.0,0.1,0,7,0.001,1e-06,0.001,1e-07,1.0,1e-08,adamax,0,0.0,disordered,1,0.1886964215240682,0 days 02:59:44.995636,0.0013373177738059,2.660155606493014,1.5481411804757688
402,402,402,402,0.1805148879221106,0.1805148879221106,0.1805148879221106,0.1805148879221106,0.1805148879221106,0.1805148879221106,0.1805148879221106,0.1805148879221106,8.047222625738802e-06,0.5869178767678894,1.553333246212412e-05,0.3146046914161349,1.026209701051566e-05,8.267534623526058e-06,6.613395818377446e-06,0.4449012827073222,-0.0013057073494289,-0.0016450730688018,9075.0,1.0,0.1587745769035796,0.6905607541838444,0.214488915647371,0.2841481238480106,0.5742770187319882,0.4401600788869554,0.5778950390465654,0.236398247019809,100000,30,8,0.1,5.0,0.1,0,7,0.001,1e-06,0.001,1e-07,1.0,1e-08,adamax,0,0.0,disordered,1,0.1785446391849133,0 days 02:59:44.995636,0.0013057346249672,1.7400047016367857,1.537210923836946
403,403,403,403,0.3228628202536728,0.3228628202536728,0.3228628202536728,0.3228628202536728,0.3228628202536728,0.3228628202536728,0.3228628202536728,0.3228628202536728,1.0005044987468574,0.1374828969579001,0.1302919781527514,0.2728001423986605,0.206051129319773,0.5320913528752603,0.3001619778622522,0.1566343845338345,-0.0009505784105692,-0.0010201303118772,541.0,0.0,0.7584946624080231,0.111493950200568,0.0077208357189407,0.2060136306400274,0.5028011774622677,0.8506888888481461,0.3398424630844097,0.087495067664021,100000,30,8,0.1,5.0,0.1,0,7,0.001,1e-06,0.001,1e-07,1.0,1e-08,adamax,0,0.0,disordered,1,0.3197368418798215,0 days 02:59:44.995636,0.0009506117690405,1.24258819799974,1.2172103463523039
404,404,404,404,0.367392478180207,0.367392478180207,0.367392478180207,0.367392478180207,0.367392478180207,0.367392478180207,0.367392478180207,0.367392478180207,0.0002316243454676,0.648688857278592,0.1280177238047367,0.0005322768855075,0.1133986036775145,8.611258193220504e-06,0.9180913471974022,1.6626167179620868e-05,-0.0008102410095052,-0.0010095922101387,8200.0,1.0,0.986555766192252,0.6824529508865177,0.2830754285024608,0.2278360249827873,0.15003468148599,0.1115562661543454,0.7189710713814235,0.1157080665018861,100000,30,8,0.1,5.0,0.1,0,7,0.001,1e-06,0.001,1e-07,1.0,1e-08,adamax,0,0.0,disordered,1,0.3695161434732185,0 days 02:59:44.995636,0.0008102493820256,1.5502364682916527,1.1818910790525066
405,405,405,405,0.4047756965997316,0.4047756965997316,0.4047756965997316,0.4047756965997316,0.4047756965997316,0.4047756965997316,0.4047756965997316,0.4047756965997316,0.0267666540162833,0.0546997217749385,0.0483728317808766,0.3736885917470995,0.071575841518733,1.0000521560059197,0.2217991328767994,0.0425790236967177,-0.0008077458401084,-0.0009951693801867,1289.0,0.0,0.6796046309791528,0.4021280479214877,0.6274781731105906,0.3678044345162742,0.1170373989192457,0.000376779543783,0.8341296812024206,0.8267187926265982,100000,30,8,0.1,5.0,0.1,0,7,0.001,1e-06,0.001,1e-07,1.0,1e-08,adamax,0,0.0,disordered,1,0.4013495376157738,0 days 02:59:44.995636,0.0008077712053357,1.4757484150904334,1.1985796395342705
406,406,406,406,0.333461801578636,0.333461801578636,0.333461801578636,0.333461801578636,0.333461801578636,0.333461801578636,0.333461801578636,0.333461801578636,0.000980504264307,0.343103068951978,0.0070787455930611,0.8936112883952982,3.810887592634105e-05,0.79710793601679,0.000392647642835,3.0035136299771497e-05,-0.0008997247219794,-0.0010440215136368,8481.0,1.0,0.1301655596521703,0.2752386539913387,0.4554080665337299,0.9368295464244326,0.3671016505099553,0.5580898519135339,0.0081104213914865,0.059323985739747,100000,30,8,0.1,5.0,0.1,0,7,0.001,1e-06,0.001,1e-07,1.0,1e-08,adamax,0,0.0,disordered,1,0.3381844012027772,0 days 02:59:44.995636,0.0008997910185099,1.4866712732548182,1.3002487423763427
407,407,407,407,0.333461801578636,0.333461801578636,0.333461801578636,0.333461801578636,0.333461801578636,0.333461801578636,0.333461801578636,0.333461801578636,0.2233627005015113,0.0928706803078225,0.9290944640567728,0.0659220798104633,0.9466563998787988,0.098073555031778,9.999865332713681e-08,1.1728106691938134e-07,-0.0008258736886732,-0.0010895940482506,73870.0,0.0,0.7380031155235911,0.5128959699620482,0.0656368162927402,0.7228404773351511,0.2031364422457312,0.9018707614095632,0.9880407081382132,0.9495948935198784,100000,30,8,0.1,5.0,0.1,0,7,0.001,1e-06,0.001,1e-07,1.0,1e-08,adamax,0,0.0,disordered,1,0.3342501579016996,0 days 02:59:44.995636,0.0008258747311018,1.5883908114979874,1.3594326040731837
408,408,408,408,0.31260072430687,0.31260072430687,0.31260072430687,0.31260072430687,0.31260072430687,0.31260072430687,0.31260072430687,0.31260072430687,0.3667673601554096,0.487003361890077,7.049104641887002e-05,0.618444339254355,0.2601052511194816,0.1236914272674282,0.4216507688855581,3.630803476791007e-05,-0.0009608021016349,-0.0010270219185679,8126.0,1.0,0.1822195100280351,0.5922797865020526,0.8776231876952161,0.6254736900968225,0.0675890759560324,0.2609365052536748,0.6708651192175487,0.3798904811545951,100000,30,8,0.1,5.0,0.1,0,7,0.001,1e-06,0.001,1e-07,1.0,1e-08,adamax,0,0.0,disordered,1,0.3083948937086792,0 days 02:59:44.995636,0.0009608620826659,1.2993746616859478,1.262181145123479
409,409,409,409,0.1925613572129196,0.1925613572129196,0.1925613572129196,0.1925613572129196,0.1925613572129196,0.1925613572129196,0.1925613572129196,0.1925613572129196,0.3201217250387394,0.5181666723688889,4.175176963074166e-06,0.6311943057934987,7.195233420583102e-06,2.7948590582598503e-06,4.971410502738899e-06,1.1380235796547726e-06,-0.0014794542215477,-0.0020585391562832,9348.0,1.0,0.1634515878754359,0.5655292443318688,0.85335672271599,0.6804172173888218,0.2640058517854265,0.1926680205666354,0.1105012592568686,0.2748170304402223,100000,30,8,0.1,5.0,0.1,0,7,0.001,1e-06,0.001,1e-07,1.0,1e-08,adamax,0,0.0,disordered,1,0.1941115756673204,0 days 02:59:44.995636,0.0014794893172257,1.484602162686707,1.2770143058907988
410,410,410,410,0.333461801578636,0.333461801578636,0.333461801578636,0.333461801578636,0.333461801578636,0.333461801578636,0.333461801578636,0.333461801578636,0.4404133437957487,0.1835169807980592,0.7738575763772876,0.152051435573542,0.1757482998295787,0.7092970100817485,0.0520049033927785,0.2362165116360461,-0.000858849760314,-0.0009303939026186,4169.0,1.0,0.5913625496602415,0.91081656207632,0.2686666960800681,0.7470281040025918,0.9496229651228262,0.366193797425507,0.7740885276701231,0.9923599348274472,100000,30,8,0.1,5.0,0.1,0,7,0.001,1e-06,0.001,1e-07,1.0,1e-08,adamax,0,0.0,disordered,1,0.3370691832305199,0 days 02:59:44.995636,0.000858881369128,1.5810046877285953,1.379126529822535
411,411,411,411,0.3557150206821381,0.3557150206821381,0.3557150206821381,0.3557150206821381,0.3557150206821381,0.3557150206821381,0.3557150206821381,0.3557150206821381,0.560407146602059,0.0620801318019516,1.0000877345641173,0.1679512978870677,0.7450909611100334,0.0618252967269418,0.0978676174644827,0.3540099174043063,-0.0008782742795497,-0.0009848150877095,928.0,0.0,0.2437272388690028,0.5477974900858349,0.8752149682278184,0.1381448700139681,0.0758133040206286,0.6383266683789438,0.5939891525517612,0.906578298165276,100000,30,8,0.1,5.0,0.1,0,7,0.001,1e-06,0.001,1e-07,1.0,1e-08,adamax,0,0.0,disordered,1,0.358875539660313,0 days 02:59:44.995636,0.0008783031409196,1.2684072341213635,1.257363844441826
412,412,412,412,0.1988827856988807,0.1988827856988807,0.1988827856988807,0.1988827856988807,0.1988827856988807,0.1988827856988807,0.1988827856988807,0.1988827856988807,0.060631716694661,0.3682964012743908,0.1269293707533638,3.0236254750861248e-05,0.5355923539184045,1.260792291396422e-05,9.35967462201202e-06,0.4216970647197516,-0.0013276095497817,-0.0015069521428633,8642.0,1.0,0.6582655442898885,0.9069714689574804,0.5221224745190275,0.6262047940451518,0.8232969732668901,0.41251262654796,0.4059475931685383,0.6991843329844618,100000,30,8,0.1,5.0,0.1,0,7,0.001,1e-06,0.001,1e-07,1.0,1e-08,adamax,0,0.0,disordered,1,0.1969784206302459,0 days 02:59:44.995636,0.001327642384399,1.8900590773811945,1.5735126267063138
413,413,413,413,0.2659804395593755,0.2659804395593755,0.2659804395593755,0.2659804395593755,0.2659804395593755,0.2659804395593755,0.2659804395593755,0.2659804395593755,0.120083039439298,0.623372309368167,5.30083999938705e-07,0.1286976993547734,7.783590081235829e-07,2.2122745699157806e-06,0.6308671691323637,3.090111137093679e-05,-0.0010236937490188,-0.0012214728106839,9597.0,1.0,0.0604267320994861,0.4620132350119723,0.1492970839202239,0.4656815048165154,0.0134670191414556,0.0510183970435795,0.536388393982969,0.3053922393281979,100000,30,8,0.1,5.0,0.1,0,7,0.001,1e-06,0.001,1e-07,1.0,1e-08,adamax,0,0.0,disordered,1,0.2701105097789673,0 days 02:59:44.995636,0.0010237607640484,2.0919326683088473,1.4416361994542701
414,414,414,414,0.5591070776755287,0.5591070776755287,0.5591070776755287,0.5591070776755287,0.5591070776755287,0.5591070776755287,0.5591070776755287,0.5591070776755287,0.3067091047450427,0.3007213320713328,0.3267731408962392,0.4186334504450396,0.8479648052527774,1.0007713341853774,0.299521232311144,0.2984746953833486,-0.0005537316302189,-0.0006168154371133,283.0,0.0,0.7055390682618229,0.5592864882279562,0.4859573174525038,0.8583701433323171,0.0493544167889244,0.9358299068925108,0.0845266536600494,0.0482046549366537,100000,30,8,0.1,5.0,0.1,0,7,0.001,1e-06,0.001,1e-07,1.0,1e-08,adamax,0,0.0,disordered,1,0.5653759342028726,0 days 02:59:44.995636,0.0005537559151925,1.2045742816319562,1.2134719236391283
415,415,415,415,0.293044697697214,0.293044697697214,0.293044697697214,0.293044697697214,0.293044697697214,0.293044697697214,0.293044697697214,0.293044697697214,1.000335959326337,0.4878065456460466,0.0483473315785728,0.0518779315423566,0.1461592408712568,0.0702227875904057,0.5597533178157462,0.1076354122476971,-0.0009907805702675,-0.0011512993987507,882.0,0.0,0.9617674286956964,0.1621724884477942,0.4620096227027535,0.3644529130106786,0.2686226111982106,0.5124319655104431,0.8812699945491104,0.42431576173784,100000,30,8,0.1,5.0,0.1,0,7,0.001,1e-06,0.001,1e-07,1.0,1e-08,adamax,0,0.0,disordered,1,0.2897038022505215,0 days 02:59:44.995636,0.0009908202777124,1.6096679575510315,1.2609114697797703
416,416,416,416,0.1747772774464679,0.1747772774464679,0.1747772774464679,0.1747772774464679,0.1747772774464679,0.1747772774464679,0.1747772774464679,0.1747772774464679,0.0026326461307935,0.7049768954728872,0.1107301051474273,2.79994948189942e-05,0.3660049473416354,2.683247635663042e-05,1.558846378966918e-05,0.2895797334967049,-0.0013896411452427,-0.0015959360395315,8620.0,1.0,0.6297212890351969,0.955393581696408,0.4497042469890406,0.3253482505283921,0.4834897400149365,0.7968491988537617,0.688499924628667,0.962975038762871,100000,30,8,0.1,5.0,0.1,0,7,0.001,1e-06,0.001,1e-07,1.0,1e-08,adamax,0,0.0,disordered,1,0.1766701732354932,0 days 02:59:44.995636,0.0013896788801013,1.673033913249054,1.4877080256709883
417,417,417,417,0.4913407286296357,0.4913407286296357,0.4913407286296357,0.4913407286296357,0.4913407286296357,0.4913407286296357,0.4913407286296357,0.4913407286296357,0.138085472167873,0.912574748038318,0.0027725023637201,0.5814308327727343,0.6821388243888818,2.421874265913293e-05,0.8021406199959424,3.041156169505136e-05,-0.000618294317117,-0.000712959158267,7941.0,1.0,0.3381166078949847,0.9361866226501284,0.3806661149355925,0.0147097345575248,0.6443951805948647,0.938062625049344,0.2385204668525549,0.8990764351902748,100000,30,8,0.1,5.0,0.1,0,7,0.001,1e-06,0.001,1e-07,1.0,1e-08,adamax,0,0.0,disordered,1,0.4929291404345474,0 days 02:59:44.995636,0.0006182968623314,1.4909354552965433,1.2112048232764818
418,418,418,418,0.1306870229743345,0.1306870229743345,0.1306870229743345,0.1306870229743345,0.1306870229743345,0.1306870229743345,0.1306870229743345,0.1306870229743345,1.2643407198902527e-05,1.8581919937623804e-06,0.06980838633114,0.4268262663638161,0.1616561329581596,6.984204416381655e-06,0.1019034253666271,2.661278313756253e-06,-0.0012917748963452,-0.0015175759822582,8872.0,1.0,0.840875708159621,0.3190561714951616,0.7838023570358867,0.3253127770916976,0.626623777840479,0.4999209781917535,0.2070485590793764,0.4298706776741199,100000,30,8,0.1,5.0,0.1,0,7,0.001,1e-06,0.001,1e-07,1.0,1e-08,adamax,0,0.0,disordered,1,0.1287436239739539,0 days 02:59:44.995636,0.0012918118869924,1.7282042921151928,1.68268782521111
419,419,419,419,0.4317879727332017,0.4317879727332017,0.4317879727332017,0.4317879727332017,0.4317879727332017,0.4317879727332017,0.4317879727332017,0.4317879727332017,0.1384645091379304,0.4833927126028488,1.000026908999447,0.0943885324343943,0.0922932390728644,0.9491550175948772,0.0905298997178666,0.107340143774573,-0.0007305214982766,-0.0008835394529552,705.0,0.0,0.4008442530521944,0.0793860875522738,0.8789597959373368,0.2957190579773816,0.3222527406874543,0.9537524218897822,0.3975478202448212,0.3956564716829931,100000,30,8,0.1,5.0,0.1,0,7,0.001,1e-06,0.001,1e-07,1.0,1e-08,adamax,0,0.0,disordered,1,0.4290401240648545,0 days 02:59:44.995636,0.000730532928641,1.4779712634442344,1.2843868828141305
420,420,420,420,0.3444087275973818,0.3444087275973818,0.3444087275973818,0.3444087275973818,0.3444087275973818,0.3444087275973818,0.3444087275973818,0.3444087275973818,0.2050150790878836,0.4891811350400312,0.680395474788112,0.1157005053102595,0.1081686312900511,0.0977476094337203,0.1646743054129863,1.0001459304567109,-0.0008586719964167,-0.0010561385840164,613.0,0.0,0.8413761009090188,0.3454709765613912,0.9530615138690972,0.4760561414970066,0.3783757029324619,0.3186624913919835,0.3102674809617397,0.9748663157172384,100000,30,8,0.1,5.0,0.1,0,7,0.001,1e-06,0.001,1e-07,1.0,1e-08,adamax,0,0.0,disordered,1,0.3475734251769016,0 days 02:59:44.995636,0.0008586974091868,1.2632420116791676,1.2728136001916035
421,421,421,421,0.4757236139187883,0.4757236139187883,0.4757236139187883,0.4757236139187883,0.4757236139187883,0.4757236139187883,0.4757236139187883,0.4757236139187883,0.7972537766482368,2.005289233388316e-05,0.7420143073438683,0.3360447762278997,8.326928377210453e-06,0.8273138055105895,0.4690256651600822,1.1362422979451012e-05,-0.0006963954036238,-0.0008252864802414,10618.0,1.0,0.4875944898956392,0.0671753223090636,0.0778844286610215,0.7790505099511216,0.8987728495583549,0.9598272398828156,0.0721938513714257,0.2522187367307998,100000,30,8,0.1,5.0,0.1,0,7,0.001,1e-06,0.001,1e-07,1.0,1e-08,adamax,0,0.0,disordered,1,0.4735014880130172,0 days 02:59:44.995636,0.0006964021793262,1.1354685368082251,1.145295621591037
422,422,422,422,0.293044697697214,0.293044697697214,0.293044697697214,0.293044697697214,0.293044697697214,0.293044697697214,0.293044697697214,0.293044697697214,0.0214777913025365,0.3431037640198731,1.8646820170499845e-06,0.508101755469464,1.946507474088307e-06,4.737606525877104e-06,0.1550840527538063,0.5933453987509436,-0.0009209791197088,-0.0013093996949975,8817.0,1.0,0.8293373270005031,0.823164068875351,0.8241548544641216,0.1721168926794182,0.7631539558192966,0.7399952386736539,0.9041605805372264,0.4458217289327378,100000,30,8,0.1,5.0,0.1,0,7,0.001,1e-06,0.001,1e-07,1.0,1e-08,adamax,0,0.0,disordered,1,0.2888216187908785,0 days 02:59:44.995636,0.0009210246518164,2.5537785040395593,1.4291847062027105
423,423,423,423,0.367392478180207,0.367392478180207,0.367392478180207,0.367392478180207,0.367392478180207,0.367392478180207,0.367392478180207,0.367392478180207,0.1333046277346574,0.5667601424033253,0.2176950889456328,1.000256019520606,0.2513618351858437,0.3317172694013408,0.2228313175713443,0.1502355003047141,-0.0007591922396732,-0.0008751638520008,466.0,0.0,0.6489780362632892,0.2013475648270648,0.7443756164173957,0.0167396116284476,0.8573268392282832,0.6734087743835281,0.3139616014133347,0.1998689778605668,100000,30,8,0.1,5.0,0.1,0,7,0.001,1e-06,0.001,1e-07,1.0,1e-08,adamax,0,0.0,disordered,1,0.3733287167840797,0 days 02:59:44.995636,0.000759244679564,1.3746137536570584,1.3251005371757525
424,424,424,424,0.3228628202536728,0.3228628202536728,0.3228628202536728,0.3228628202536728,0.3228628202536728,0.3228628202536728,0.3228628202536728,0.3228628202536728,0.2265814984186353,0.3551853962569863,4.379208967928526e-05,0.0401697875102497,0.6165761405484156,6.592495522068252e-05,0.2853541105233901,0.7478974128203769,-0.0009432686271431,-0.0010593674147041,8612.0,1.0,0.471898848207234,0.7414945241972167,0.9277437549735172,0.963848396707712,0.5405515801005358,0.2976589969561701,0.1245227184671975,0.72797693986176,100000,30,8,0.1,5.0,0.1,0,7,0.001,1e-06,0.001,1e-07,1.0,1e-08,adamax,0,0.0,disordered,1,0.3207408944529682,0 days 02:59:44.995636,0.0009432840604554,1.1684978277803129,1.1679662031158418
425,425,425,425,0.31260072430687,0.31260072430687,0.31260072430687,0.31260072430687,0.31260072430687,0.31260072430687,0.31260072430687,0.31260072430687,5.55839505348806e-06,0.2890617374069759,0.0495643258742569,0.0341537332247277,0.8769166234906004,0.1614351469952863,6.813780300935368e-06,6.478486097312299e-06,-0.0009571913191312,-0.001345595002124,9294.0,1.0,0.5957422688107399,0.2192458298268514,0.5352710382292845,0.3931430894054757,0.7941214516773568,0.0841189025502868,0.1914200849215601,0.1801497461003895,100000,30,8,0.1,5.0,0.1,0,7,0.001,1e-06,0.001,1e-07,1.0,1e-08,adamax,0,0.0,disordered,1,0.3134263018501758,0 days 02:59:44.995636,0.0009571936449038,1.7950578872882228,1.3516795251390379
426,426,426,426,0.2263129568399526,0.2263129568399526,0.2263129568399526,0.2263129568399526,0.2263129568399526,0.2263129568399526,0.2263129568399526,0.2263129568399526,9.997411729852922e-08,2.121717595485985e-07,3.3789347920890545e-06,2.399772866530311e-07,0.0898927531670138,1.0644755014406891e-06,2.902806185137563e-07,0.9301011695447174,-0.0012125527257935,-0.0017482937653617,9788.0,0.0,0.4802422845777224,0.3288859583636561,0.5925849107716346,0.4858081534111649,0.341949798637866,0.685005136474023,0.5729194668151868,0.125136999131761,100000,30,8,0.1,5.0,0.1,0,7,0.001,1e-06,0.001,1e-07,1.0,1e-08,adamax,0,0.0,disordered,1,0.2228030488973687,0 days 02:59:44.995636,0.0012126361896595,3.265296740664248,1.4500247121734562
427,427,427,427,0.2837303616516209,0.2837303616516209,0.2837303616516209,0.2837303616516209,0.2837303616516209,0.2837303616516209,0.2837303616516209,0.2837303616516209,0.397032419914295,1.4569997694163878e-05,0.0532098774353857,0.103062345820979,0.5109756590394302,0.484237066265107,5.8296681172480426e-05,0.021914347577253,-0.001041347681364,-0.0012847782022995,8957.0,1.0,0.3767293310563495,0.6051134651189777,0.6221831305477327,0.4595955942335518,0.1865238175866085,0.8296427029360385,0.5272770425417767,0.6399471536026177,100000,30,8,0.1,5.0,0.1,0,7,0.001,1e-06,0.001,1e-07,1.0,1e-08,adamax,0,0.0,disordered,1,0.281459162026639,0 days 02:59:44.995636,0.00104137129897,1.7038023171932801,1.379441633879039
428,428,428,428,0.7009570091165613,0.7009570091165613,0.7009570091165613,0.7009570091165613,0.7009570091165613,0.7009570091165613,0.7009570091165613,0.7009570091165613,1.0001924575410306,0.4894243528884865,0.5184305303412149,0.6213410816670935,0.5121256958807621,0.499689832479906,0.97524214230365,0.8122533731787573,-0.0004744046782462,-0.0004964695638858,159.0,0.0,0.8653670293579092,0.0459198818955655,0.1203484935363097,0.7305334372171325,0.1022538031015628,0.0052975996247555,0.9776680483870748,0.0467950489014082,100000,30,8,0.1,5.0,0.1,0,7,0.001,1e-06,0.001,1e-07,1.0,1e-08,adamax,0,0.0,disordered,1,0.6965313166381842,0 days 02:59:44.995636,0.0004744126257519,1.1666467672862104,1.1483621518853326
429,429,429,429,0.4913407286296357,0.4913407286296357,0.4913407286296357,0.4913407286296357,0.4913407286296357,0.4913407286296357,0.4913407286296357,0.4913407286296357,0.214769252552771,0.5654382641739606,0.3013409400995647,0.2245421960935529,1.0003865115752717,0.3161125299931254,0.2024222877245396,0.8929458156380141,-0.000638819298959,-0.0007004054309852,392.0,0.0,0.8606952505477922,0.9805012086622972,0.390219118228752,0.6208502393227161,0.1135888671832358,0.9967570285640566,0.8946976850395578,0.2920623406908523,100000,30,8,0.1,5.0,0.1,0,7,0.001,1e-06,0.001,1e-07,1.0,1e-08,adamax,0,0.0,disordered,1,0.4968391076996712,0 days 02:59:44.995636,0.0006388507843305,1.2802572528914338,1.2051585533520306
430,430,430,430,0.4606028844202396,0.4606028844202396,0.4606028844202396,0.4606028844202396,0.4606028844202396,0.4606028844202396,0.4606028844202396,0.4606028844202396,1.0001015313666195,0.237118181034582,0.2922345675921547,0.9999997914461994,0.2056181296254585,0.7265817618023198,0.209412360283521,0.2155524191698441,-0.0006716226788081,-0.0007544841953591,356.0,0.0,0.074361974239148,0.7758735334793581,0.9995157093143716,0.1475928570374415,0.8940571106055746,0.8619071253771695,0.2111454491560384,0.183197555349947,100000,30,8,0.1,5.0,0.1,0,7,0.001,1e-06,0.001,1e-07,1.0,1e-08,adamax,0,0.0,disordered,1,0.4654947769072077,0 days 02:59:44.995636,0.000671650735743,1.284137175390621,1.220126097626161
431,431,431,431,0.1864408533970484,0.1864408533970484,0.1864408533970484,0.1864408533970484,0.1864408533970484,0.1864408533970484,0.1864408533970484,0.1864408533970484,4.259489863975623e-06,0.0063869759536235,1.878460166763044e-05,2.219092703310852e-06,0.190583764116289,0.1349172212608323,1.0561806523184233e-05,0.681443338345422,-0.0014299520634756,-0.0017274640590908,8896.0,1.0,0.2008423733888371,0.280720978231278,0.4207873327317154,0.2076104016602467,0.320871791851617,0.5734472061777176,0.5969854144693492,0.9993144961112466,100000,30,8,0.1,5.0,0.1,0,7,0.001,1e-06,0.001,1e-07,1.0,1e-08,adamax,0,0.0,disordered,1,0.1880441878897054,0 days 02:59:44.995636,0.0014299831591633,1.9512637123537564,1.4488389427186388
432,432,432,432,0.3444087275973818,0.3444087275973818,0.3444087275973818,0.3444087275973818,0.3444087275973818,0.3444087275973818,0.3444087275973818,0.3444087275973818,0.5096944521320206,1.00020729319839,0.1165201879827156,0.4523354033125543,0.5418819248143071,0.1226212303296502,0.1401955608211006,0.1569528712361498,-0.0008930573492214,-0.0010582570325155,564.0,0.0,0.1525514997679254,0.8968171322269103,0.2423065908823569,0.2065151825309021,0.8860119661176991,0.572004962279185,0.6969367373958665,0.897523977584852,100000,30,8,0.1,5.0,0.1,0,7,0.001,1e-06,0.001,1e-07,1.0,1e-08,adamax,0,0.0,disordered,1,0.3419113896502476,0 days 02:59:44.995636,0.0008930746557037,1.2713613599172198,1.3088808483169603
433,433,433,433,0.2414157116103016,0.2414157116103016,0.2414157116103016,0.2414157116103016,0.2414157116103016,0.2414157116103016,0.2414157116103016,0.2414157116103016,1.983847510240128e-05,0.5647620257676526,0.044594334781282,4.574410635887056e-06,6.459482111660575e-06,5.823278023781776e-06,0.2669436025990053,0.6019285639177225,-0.0011404368669737,-0.0014467294701479,8968.0,1.0,0.7649799658359385,0.754446323966763,0.3374111219513116,0.3178896984180053,0.501173647461315,0.3879353284662319,0.1913509870179872,0.7306430733101946,100000,30,8,0.1,5.0,0.1,0,7,0.001,1e-06,0.001,1e-07,1.0,1e-08,adamax,0,0.0,disordered,1,0.2434529230582261,0 days 02:59:44.995636,0.0011404618665442,1.821831629021554,1.3492232445777477
434,434,434,434,0.1925613572129196,0.1925613572129196,0.1925613572129196,0.1925613572129196,0.1925613572129196,0.1925613572129196,0.1925613572129196,0.1925613572129196,2.456027398541337e-06,5.850148079280371e-06,0.1777416057032345,0.1681976138216914,1.7393046326831962e-05,0.3462016471939116,0.2125992090601102,8.049752970495176e-06,-0.0014611896537957,-0.0016854904421216,9119.0,1.0,0.7741768460150538,0.9139358213333044,0.6522178256772622,0.5133894875953481,0.3589098389931033,0.4025354437248277,0.8227530542123174,0.7333263922965245,100000,30,8,0.1,5.0,0.1,0,7,0.001,1e-06,0.001,1e-07,1.0,1e-08,adamax,0,0.0,disordered,1,0.1919854528715705,0 days 02:59:44.995636,0.0014611956724864,1.6082919232611164,1.388557387319729
435,435,435,435,0.2121550171362449,0.2121550171362449,0.2121550171362449,0.2121550171362449,0.2121550171362449,0.2121550171362449,0.2121550171362449,0.2121550171362449,0.3181675598843047,0.6972942422911106,0.0163686347561551,2.8799389687130666e-07,0.3791957739009335,1.171323408459477e-07,0.0626550981948279,0.1766195394243943,-0.0011690832913498,-0.0015825778237604,21142.0,1.0,0.1026974214041941,0.5927944703073608,0.8936856558871041,0.8444982045234292,0.3789456371105481,0.8240578907869724,0.8439965035767805,0.6197296454527124,100000,30,8,0.1,5.0,0.1,0,7,0.001,1e-06,0.001,1e-07,1.0,1e-08,adamax,0,0.0,disordered,1,0.210370064298145,0 days 02:59:44.995636,0.0011690998147755,2.1948195425376387,1.4708827485984985
436,436,436,436,0.2054117348353062,0.2054117348353062,0.2054117348353062,0.2054117348353062,0.2054117348353062,0.2054117348353062,0.2054117348353062,0.2054117348353062,0.1542387825275303,1.0003849250049446,0.256979844819738,0.0373864668595846,0.2623646080618655,0.0366035193023218,0.0687944988743388,0.0364846748031276,-0.0009446834057232,-0.0012949949384655,754.0,0.0,0.8768345329653551,0.145914166227964,0.937057406305842,0.8475292389473765,0.4040773731846082,0.7993302906265415,0.5030733224482142,0.7910662104807297,100000,30,8,0.1,5.0,0.1,0,7,0.001,1e-06,0.001,1e-07,1.0,1e-08,adamax,0,0.0,disordered,1,0.2037751669919946,0 days 02:59:44.995636,0.0009446864727906,1.9298922350115757,1.6166625423846535
437,437,437,437,0.3228628202536728,0.3228628202536728,0.3228628202536728,0.3228628202536728,0.3228628202536728,0.3228628202536728,0.3228628202536728,0.3228628202536728,0.3678630727949528,0.2146147259313724,1.000756069541301,0.4366706841742317,0.0812276825889802,0.1397016366832754,0.0926441711473831,0.093238698646212,-0.0009208132345045,-0.0012209234849814,623.0,0.0,0.3254727221014234,0.6560611741909652,0.0698488979961843,0.9809386685044856,0.7142121376511152,0.9059759680177346,0.6580057516563411,0.6802513935552122,100000,30,8,0.1,5.0,0.1,0,7,0.001,1e-06,0.001,1e-07,1.0,1e-08,adamax,0,0.0,disordered,1,0.3183318338462676,0 days 02:59:44.995636,0.0009208770896063,1.5394546684044923,1.3737620944138786
438,438,438,438,0.3444087275973818,0.3444087275973818,0.3444087275973818,0.3444087275973818,0.3444087275973818,0.3444087275973818,0.3444087275973818,0.3444087275973818,0.0410957548903097,1.0001106587609483,0.0221356651842336,0.0441395514391596,0.3170687052613635,0.0151238089697429,0.6878905944339287,0.0613787400762159,-0.0008387164556075,-0.0009204218875768,1361.0,0.0,0.9007728856788634,0.9960818740771136,0.3720075897920343,0.2961473984048516,0.7517433952079304,0.4817295863675557,0.9995033981185528,0.5622808155658906,100000,30,8,0.1,5.0,0.1,0,7,0.001,1e-06,0.001,1e-07,1.0,1e-08,adamax,0,0.0,disordered,1,0.3498933888987856,0 days 02:59:44.995636,0.0008387851418147,1.7811111401360442,1.3144474986897237
439,439,439,439,0.3026648059395688,0.3026648059395688,0.3026648059395688,0.3026648059395688,0.3026648059395688,0.3026648059395688,0.3026648059395688,0.3026648059395688,8.291994426648313e-06,0.0752952746683888,0.8801016001488156,0.0305326435299513,8.828362852427506e-06,0.4234424506478254,4.381700840029553e-06,0.0713162309261027,-0.0009763565865142,-0.0012426523093232,8301.0,1.0,0.1084108624556785,0.0439609394451656,0.7501179875099128,0.3459297602737141,0.2769296085274552,0.6757370994097468,0.2413182925249379,0.3740589488102697,100000,30,8,0.1,5.0,0.1,0,7,0.001,1e-06,0.001,1e-07,1.0,1e-08,adamax,0,0.0,disordered,1,0.2984143615085008,0 days 02:59:44.995636,0.0009764194945706,2.111372444456271,1.391134528413839
440,440,440,440,0.367392478180207,0.367392478180207,0.367392478180207,0.367392478180207,0.367392478180207,0.367392478180207,0.367392478180207,0.367392478180207,0.774601105180683,0.0036486181271968,0.0980142912720224,0.0684936238099816,0.8434008274351088,2.1157514778116087e-05,0.6780396520147834,1.5155259395527024e-05,-0.0007725987080786,-0.0009212313946331,9119.0,1.0,0.3790666167503335,0.7797839081968443,0.7197501425464129,0.9206783129372238,0.2792377484538071,0.9961073472526646,0.5419978118075405,0.3625027264274765,100000,30,8,0.1,5.0,0.1,0,7,0.001,1e-06,0.001,1e-07,1.0,1e-08,adamax,0,0.0,disordered,1,0.3700867548102945,0 days 02:59:44.995636,0.0007726102087197,1.7129155811849066,1.3139086480614128
441,441,441,441,0.4317879727332017,0.4317879727332017,0.4317879727332017,0.4317879727332017,0.4317879727332017,0.4317879727332017,0.4317879727332017,0.4317879727332017,0.5898841999156246,0.6906279866030115,1.000884813959482,0.4349230868028966,0.2261412324615443,0.238573092120266,0.218431747414225,0.3990532801202767,-0.0007019499748782,-0.0007797342735438,511.0,0.0,0.9411183117264872,0.1771592667526775,0.9609075496764068,0.0219261810379189,0.1596152369082298,0.5410236219284826,0.2705640758574288,0.7291979815205126,100000,30,8,0.1,5.0,0.1,0,7,0.001,1e-06,0.001,1e-07,1.0,1e-08,adamax,0,0.0,disordered,1,0.4270595839099215,0 days 02:59:44.995636,0.0007019773516314,1.283244907335874,1.2813162675778316
442,442,442,442,0.5591070776755287,0.5591070776755287,0.5591070776755287,0.5591070776755287,0.5591070776755287,0.5591070776755287,0.5591070776755287,0.5591070776755287,0.3420741124378407,0.3239230099975814,0.3167609784149761,0.6078778980191719,1.0002199370190636,0.3338397969530701,0.3558484438352845,0.6915999367202882,-0.0005751354995831,-0.0006185273513034,283.0,0.0,0.5922223677925774,0.2503032281323029,0.4506949118350623,0.0152389491249703,0.9058641925026176,0.0510771506490037,0.3187746718901159,0.906493446160361,100000,30,8,0.1,5.0,0.1,0,7,0.001,1e-06,0.001,1e-07,1.0,1e-08,adamax,0,0.0,disordered,1,0.5608692424100112,0 days 02:59:44.995636,0.0005751377433221,1.225220607630712,1.2135262183439528
443,443,443,443,0.2493409369951876,0.2493409369951876,0.2493409369951876,0.2493409369951876,0.2493409369951876,0.2493409369951876,0.2493409369951876,0.2493409369951876,0.000311379165776,0.1375576361088396,3.14220069685715e-05,0.5434960133828588,5.722109055319302e-05,0.4556062985463661,0.2319434637704508,1.701602502507721e-05,-0.0011577886506709,-0.0013017075320042,8631.0,1.0,0.5180160353870897,0.5450349779852018,0.6495278850206792,0.6994459645029049,0.3226159556358089,0.1183689880690106,0.6198104917329416,0.4700939253623446,100000,30,8,0.1,5.0,0.1,0,7,0.001,1e-06,0.001,1e-07,1.0,1e-08,adamax,0,0.0,disordered,1,0.2472631269217456,0 days 02:59:44.995636,0.0011578156261611,1.6030538225280049,1.3854735129699602
444,444,444,444,0.3557150206821381,0.3557150206821381,0.3557150206821381,0.3557150206821381,0.3557150206821381,0.3557150206821381,0.3557150206821381,0.3557150206821381,3.746991512290984e-05,0.3786626670076906,0.3462917844210451,0.1758283229433218,9.41888922731894e-06,0.8989190797689797,1.177921506923788e-05,1.8295920949938696e-05,-0.0008410346172653,-0.0010479121082056,8348.0,1.0,0.6111552889066911,0.9565489554251436,0.5696480438757227,0.196540756699003,0.3369938093317558,0.8787703268969127,0.2609786532194774,0.3049960631597719,100000,30,8,0.1,5.0,0.1,0,7,0.001,1e-06,0.001,1e-07,1.0,1e-08,adamax,0,0.0,disordered,1,0.3589792452153978,0 days 02:59:44.995636,0.0008410584829236,1.709512472857875,1.2807376167640157
445,445,445,445,0.4047756965997316,0.4047756965997316,0.4047756965997316,0.4047756965997316,0.4047756965997316,0.4047756965997316,0.4047756965997316,0.4047756965997316,0.6030432999794719,0.1708836758300131,0.2449192720293977,0.1165914221572286,0.2996965301560321,1.0001912765621428,0.11409388639691,0.1415471975167333,-0.0007777631044206,-0.0009160084654319,816.0,0.0,0.9431770493886504,0.4790783587164211,0.6846595481514158,0.9334668524075788,0.857403718029288,0.0220751659859762,0.5011079534758528,0.6839860461745928,100000,30,8,0.1,5.0,0.1,0,7,0.001,1e-06,0.001,1e-07,1.0,1e-08,adamax,0,0.0,disordered,1,0.4009950207859787,0 days 02:59:44.995636,0.0007777897469234,1.3457679840611818,1.236940828058192
446,446,446,446,0.5964184945842456,0.5964184945842456,0.5964184945842456,0.5964184945842456,0.5964184945842456,0.5964184945842456,0.5964184945842456,0.5964184945842456,0.3622049956813503,0.5138085973827671,0.4003651092819578,0.35908532150246,0.9246048898723844,0.4039215252424129,0.4379477950594339,1.0011878567406527,-0.0005489463624702,-0.0005906778515569,232.0,0.0,0.1379182317639302,0.1785523870129954,0.775264430584093,0.7381296277212435,0.9826254178463568,0.05672478857114,0.0504916323493598,0.9890957275595484,100000,30,8,0.1,5.0,0.1,0,7,0.001,1e-06,0.001,1e-07,1.0,1e-08,adamax,0,0.0,disordered,1,0.6000704936584921,0 days 02:59:44.995636,0.0005489553940761,1.1380420197793646,1.136485735987049
447,447,447,447,0.0048458586448164,0.0048458586448164,0.0048458586448164,0.0048458586448164,0.0048458586448164,0.0048458586448164,0.0048458586448164,0.0048458586448164,1.6569673099637084e-07,0.0394401882099235,5.460661313579218e-07,1.1897988847417349e-07,1.8880481278760722e-07,1.215177507203368e-07,9.99749634675006e-08,0.0514693355287161,-0.0025500627399683,-0.0035236292299903,8676.0,0.0,0.7048947848948418,0.0976379162663055,0.6622569556116973,0.6466549941964531,0.6861270467187739,0.8295881718115148,0.7305496771064881,0.5520795230350595,100000,30,8,0.1,5.0,0.1,0,7,0.001,1e-06,0.001,1e-07,1.0,1e-08,adamax,0,0.0,disordered,1,0.0048729439284242,0 days 02:59:44.995636,0.0025500706224356,3.372795157164208,3.335932681819266
448,448,448,448,0.2837303616516209,0.2837303616516209,0.2837303616516209,0.2837303616516209,0.2837303616516209,0.2837303616516209,0.2837303616516209,0.2837303616516209,0.0366078640885037,0.3763080791999132,1.0000167830454156,0.0502700330001482,0.4102070478356421,0.0579850491216786,0.0394355110142216,0.0391929575733156,-0.0010385919764139,-0.0014195938566556,965.0,0.0,0.3759810318474074,0.198179100436036,0.984206169145878,0.447232072539738,0.271266944019332,0.6508702694567878,0.6749796966982027,0.5947421721631754,100000,30,8,0.1,5.0,0.1,0,7,0.001,1e-06,0.001,1e-07,1.0,1e-08,adamax,0,0.0,disordered,1,0.2853508455460263,0 days 02:59:44.995636,0.001038603984386,1.6022752039915655,1.3664012791496676
449,449,449,449,0.1864408533970484,0.1864408533970484,0.1864408533970484,0.1864408533970484,0.1864408533970484,0.1864408533970484,0.1864408533970484,0.1864408533970484,0.5433284820318608,0.0001126494637186,0.4832708252064132,6.445842997853343e-06,0.0835520707608346,0.3759678240693888,1.2486124735720546e-05,0.1667348369886345,-0.0014416747611569,-0.0016175130692954,8999.0,1.0,0.8777561350711153,0.6071992001119455,0.3818902417841148,0.0931114700580979,0.1206871372677993,0.4937852451071219,0.2610920573458406,0.143675143319628,100000,30,8,0.1,5.0,0.1,0,7,0.001,1e-06,0.001,1e-07,1.0,1e-08,adamax,0,0.0,disordered,1,0.1846630222350958,0 days 02:59:44.995636,0.0014417134018777,1.6069879649072614,1.4658718747846429
450,450,450,450,0.4606028844202396,0.4606028844202396,0.4606028844202396,0.4606028844202396,0.4606028844202396,0.4606028844202396,0.4606028844202396,0.4606028844202396,0.2480747518484253,0.2805126271477089,0.223220795827351,0.2161182242736983,1.0003447007076491,0.4951185819826884,0.2503043671666447,0.2428862435516669,-0.0006545261328849,-0.0007514432915244,360.0,0.0,0.830912931619557,0.4542667875837952,0.7284966939519985,0.8513856976782915,0.0540585049383388,0.9562660513346144,0.5540801259455461,0.3298529147487226,100000,30,8,0.1,5.0,0.1,0,7,0.001,1e-06,0.001,1e-07,1.0,1e-08,adamax,0,0.0,disordered,1,0.4575139341299469,0 days 02:59:44.995636,0.0006545343787186,1.3501371676296718,1.2638818410981993
451,451,451,451,0.2493409369951876,0.2493409369951876,0.2493409369951876,0.2493409369951876,0.2493409369951876,0.2493409369951876,0.2493409369951876,0.2493409369951876,0.2776530288806908,0.1212329399412946,0.017484139572659,0.4704195454563713,0.1622197333923158,0.0607119382519409,0.031694162033988,0.730554412893367,-0.0010825507181124,-0.0011940298823493,5109.0,1.0,0.4860086620167514,0.2233575742389943,0.3322550188258053,0.6095934759945512,0.1934417874985552,0.4503599800352695,0.2834719266138154,0.7794971887695216,100000,30,8,0.1,5.0,0.1,0,7,0.001,1e-06,0.001,1e-07,1.0,1e-08,adamax,0,0.0,disordered,1,0.246591260017516,0 days 02:59:44.995636,0.0010825878123065,1.742083036358779,1.4707780229583396
452,452,452,452,0.2493409369951876,0.2493409369951876,0.2493409369951876,0.2493409369951876,0.2493409369951876,0.2493409369951876,0.2493409369951876,0.2493409369951876,0.3569078855186892,0.5829828503533276,0.6568918916427785,0.15521424726282,6.970848936409188e-06,0.0180337057721904,1.849740747657316e-05,0.5488890058609923,-0.0011414501692117,-0.0014974420053285,9146.0,1.0,0.2400318748230032,0.7294470601598501,0.0132393839244975,0.4385159072666922,0.4734987759415516,0.406168946043238,0.5189027103983602,0.8452300910015517,100000,30,8,0.1,5.0,0.1,0,7,0.001,1e-06,0.001,1e-07,1.0,1e-08,adamax,0,0.0,disordered,1,0.2523040107874004,0 days 02:59:44.995636,0.0011415070174765,1.4458523476254423,1.3820403256416616
453,453,453,453,0.4317879727332017,0.4317879727332017,0.4317879727332017,0.4317879727332017,0.4317879727332017,0.4317879727332017,0.4317879727332017,0.4317879727332017,0.4820206131950161,0.0872847412866109,0.7158195118922779,0.0622664003975322,0.0783307826791099,0.0427416401467324,1.000073573125973,0.1786442425888336,-0.0007181670610514,-0.0008426198690265,1009.0,0.0,0.5229457637404864,0.8171458538819233,0.7296668340702964,0.1960980413704525,0.2983363770931467,0.1577054943448939,0.7788070150730986,0.0963064736583216,100000,30,8,0.1,5.0,0.1,0,7,0.001,1e-06,0.001,1e-07,1.0,1e-08,adamax,0,0.0,disordered,1,0.4271383863155565,0 days 02:59:44.995636,0.0007181961303577,1.363034011576196,1.1932526555997176
454,454,454,454,0.100927151463057,0.100927151463057,0.100927151463057,0.100927151463057,0.100927151463057,0.100927151463057,0.100927151463057,0.100927151463057,0.5783792510442923,4.781136879652444e-06,0.0570377221921731,4.633400464047671e-06,5.111551027080941e-06,1.8133651371170952e-06,0.1179841302221168,0.2441707974404403,-0.0022290467573138,-0.0028602913793574,9510.0,1.0,0.8564363688241255,0.5549408503937954,0.430836957458087,0.5628663925544286,0.5377616424280137,0.6195796401529267,0.5425353416111438,0.306024249914103,100000,30,8,0.1,5.0,0.1,0,7,0.001,1e-06,0.001,1e-07,1.0,1e-08,adamax,0,0.0,disordered,1,0.1018670476161982,0 days 02:59:44.995636,0.0022290928991783,2.1789388376335697,1.5986901032219902
455,455,455,455,0.3444087275973818,0.3444087275973818,0.3444087275973818,0.3444087275973818,0.3444087275973818,0.3444087275973818,0.3444087275973818,0.3444087275973818,0.1384914178409331,0.1842970788025134,0.3304441329223018,1.0006927921601672,0.3570259484499857,0.1198159977995509,0.1417274509380971,0.2150220768917948,-0.0007724804985758,-0.0009297419149661,548.0,0.0,0.8986153874068937,0.616815155645467,0.9954409266140332,0.1305664684177212,0.9413896798372886,0.6257868077855991,0.6789169189102235,0.9412139376410446,100000,30,8,0.1,5.0,0.1,0,7,0.001,1e-06,0.001,1e-07,1.0,1e-08,adamax,0,0.0,disordered,1,0.3476864324008011,0 days 02:59:44.995636,0.0007724947350268,1.4147135551955061,1.3837014581163667
456,456,456,456,0.2263129568399526,0.2263129568399526,0.2263129568399526,0.2263129568399526,0.2263129568399526,0.2263129568399526,0.2263129568399526,0.2263129568399526,1.2544149542962263e-06,0.4014517980667778,0.1662407772307102,0.3870632431757573,2.3826022274915468e-06,0.6385470458591821,1.704646726636486e-07,9.99997337291784e-08,-0.0012203048193638,-0.0013501891887184,69324.0,0.0,0.0624637916473289,0.1890294281358702,0.5706729312589813,0.2978662262765116,0.0164398885199489,0.2912488115415481,0.6906224920438333,0.6824747546512389,100000,30,8,0.1,5.0,0.1,0,7,0.001,1e-06,0.001,1e-07,1.0,1e-08,adamax,0,0.0,disordered,1,0.2243844268088252,0 days 02:59:44.995636,0.0012203301279063,1.335318967386815,1.3901713142483305
457,457,457,457,0.367392478180207,0.367392478180207,0.367392478180207,0.367392478180207,0.367392478180207,0.367392478180207,0.367392478180207,0.367392478180207,0.0006716975716342,0.6408778602046447,0.36011308413629,0.0001687922731891,7.375061933031575e-05,0.6735513022990781,0.4456828749009723,0.000108976896167,-0.0008607474092365,-0.0010012410040355,8355.0,1.0,0.0243473179975725,0.3233772157689207,0.8570896250639003,0.6527474104669012,0.6191804671224441,0.97377324147106,0.3286767579782848,0.0832384027838331,100000,30,8,0.1,5.0,0.1,0,7,0.001,1e-06,0.001,1e-07,1.0,1e-08,adamax,0,0.0,disordered,1,0.3626932745375791,0 days 02:59:44.995636,0.0008608040867206,1.2231977294215397,1.2094469877551728
458,458,458,458,0.3919100249433399,0.3919100249433399,0.3919100249433399,0.3919100249433399,0.3919100249433399,0.3919100249433399,0.3919100249433399,0.3919100249433399,0.6068827685882943,0.0159091748129747,0.0340569289404605,0.2436831273914063,0.0065463376000335,0.0912040883637432,0.0098645547642272,1.000027444826294,-0.0007135480165977,-0.001069525641579,1806.0,0.0,0.6200275861014232,0.6401335363741893,0.5480909294992627,0.9544015939487656,0.6804865521266139,0.0678019738405787,0.6476396622361511,0.0664872246066922,100000,30,8,0.1,5.0,0.1,0,7,0.001,1e-06,0.001,1e-07,1.0,1e-08,adamax,0,0.0,disordered,1,0.3954290135920841,0 days 02:59:44.995636,0.0007135616156867,2.2095291342413588,1.2601442724588636
459,459,459,459,0.2337423870891812,0.2337423870891812,0.2337423870891812,0.2337423870891812,0.2337423870891812,0.2337423870891812,0.2337423870891812,0.2337423870891812,2.455349978996453e-05,0.522851400054347,0.2122637905070886,0.1756241956028018,0.040644492252072,2.7475800945174225e-05,0.3106902115978042,0.4331994353606417,-0.0011596878955664,-0.001314562041247,9070.0,1.0,0.5704321719943116,0.5026659264789222,0.0028872992005247,0.1965175663336678,0.4185439502633219,0.3193685561421232,0.1329217208895931,0.6168338315513925,100000,30,8,0.1,5.0,0.1,0,7,0.001,1e-06,0.001,1e-07,1.0,1e-08,adamax,0,0.0,disordered,1,0.2370961746802632,0 days 02:59:44.995636,0.0011597580369328,1.5991002391290616,1.407985725518534
460,460,460,460,0.31260072430687,0.31260072430687,0.31260072430687,0.31260072430687,0.31260072430687,0.31260072430687,0.31260072430687,0.31260072430687,0.8960262060248673,0.6974023239417217,0.7392892488589412,1.5256999168044917e-05,0.3110745132394586,0.462741886238981,1.897500586398464e-05,2.474709613987761e-05,-0.0009321368311732,-0.0011679163967498,9007.0,1.0,0.943238717728384,0.039104284294701,0.770642093358219,0.3530056890674251,0.2715969442479642,0.7938128323488172,0.9316915339620816,0.9816024369131277,100000,30,8,0.1,5.0,0.1,0,7,0.001,1e-06,0.001,1e-07,1.0,1e-08,adamax,0,0.0,disordered,1,0.3162975959715211,0 days 02:59:44.995636,0.0009321816738842,1.197775717696471,1.3088520190405462
461,461,461,461,0.3919100249433399,0.3919100249433399,0.3919100249433399,0.3919100249433399,0.3919100249433399,0.3919100249433399,0.3919100249433399,0.3919100249433399,1.000008543904378,0.2712354281849963,0.7390583032747803,0.314137802076289,0.1529181582115118,0.721790008394805,0.1545685062789023,0.1618941519689271,-0.0007951527730129,-0.000918431319253,418.0,0.0,0.9331484537746048,0.1245746193988084,0.0112939080882549,0.7475602706104801,0.7640568991220532,0.1490011188859666,0.5727014824881643,0.6440931339590131,100000,30,8,0.1,5.0,0.1,0,7,0.001,1e-06,0.001,1e-07,1.0,1e-08,adamax,0,0.0,disordered,1,0.3901709370611618,0 days 02:59:44.995636,0.0007951586844489,1.3551876770728828,1.2587666481362887
462,462,462,462,0.1864408533970484,0.1864408533970484,0.1864408533970484,0.1864408533970484,0.1864408533970484,0.1864408533970484,0.1864408533970484,0.1864408533970484,0.0083206124188445,0.1738416400458246,0.1386716128804903,5.59659510943693e-06,0.2275309375338364,4.441059441787832e-06,0.0844320832997512,0.6310430873153456,-0.0013542526992428,-0.0016617597187216,9141.0,1.0,0.3824474095003376,0.1690773663209991,0.3398999655537181,0.2816164289292787,0.0076791210226125,0.2757122259729295,0.2486359202264328,0.6756381518438787,100000,30,8,0.1,5.0,0.1,0,7,0.001,1e-06,0.001,1e-07,1.0,1e-08,adamax,0,0.0,disordered,1,0.186658919226296,0 days 02:59:44.995636,0.0013542531496884,2.3245630653213185,1.5484189057467832
463,463,463,463,0.2493409369951876,0.2493409369951876,0.2493409369951876,0.2493409369951876,0.2493409369951876,0.2493409369951876,0.2493409369951876,0.2493409369951876,0.2501260494869856,9.09048465832292e-06,0.2376858253549381,0.0924147070586951,0.8899002179871912,5.011911680995744e-06,8.22686708942588e-06,2.643294050974228e-06,-0.0009747193140775,-0.0013392237489777,8777.0,1.0,0.6373724969914955,0.6756248000046686,0.29298127280873,0.594573782356606,0.1204389932529523,0.7645327467875227,0.939942823405704,0.7650859415568515,100000,30,8,0.1,5.0,0.1,0,7,0.001,1e-06,0.001,1e-07,1.0,1e-08,adamax,0,0.0,disordered,1,0.2479335940577602,0 days 02:59:44.995636,0.0009747243980991,2.000408450757197,1.465068209273792
464,464,464,464,0.2493409369951876,0.2493409369951876,0.2493409369951876,0.2493409369951876,0.2493409369951876,0.2493409369951876,0.2493409369951876,0.2493409369951876,0.093166445486724,0.0101113992201167,0.1874023780822141,9.999934291039816e-08,0.2744243595919931,0.2567862624126047,1.3200068643684858e-07,0.553546291875359,-0.0010402860040373,-0.0011436068297681,37737.0,0.0,0.7313715691484668,0.5717709554015099,0.7625380508868862,0.4641393591113667,0.257575102546457,0.7786558664111833,0.5170059703423491,0.9251620988818609,100000,30,8,0.1,5.0,0.1,0,7,0.001,1e-06,0.001,1e-07,1.0,1e-08,adamax,0,0.0,disordered,1,0.2509357432291467,0 days 02:59:44.995636,0.0010402957379756,2.1389604319555833,1.4811811961654535
465,465,465,465,0.31260072430687,0.31260072430687,0.31260072430687,0.31260072430687,0.31260072430687,0.31260072430687,0.31260072430687,0.31260072430687,0.0001952168045316,0.7204622001600329,0.0005173355305728,0.4479110998471133,0.3030929574482837,0.2129598384363319,0.503208433322622,0.0110198482193659,-0.0009246033268181,-0.0009507738546642,6511.0,1.0,0.5867070829368026,0.533994533000577,0.0388040032213391,0.221140534295108,0.7186613988532663,0.4388809807656246,0.9257056476135832,0.615186859144445,100000,30,8,0.1,5.0,0.1,0,7,0.001,1e-06,0.001,1e-07,1.0,1e-08,adamax,0,0.0,disordered,1,0.3111977186008263,0 days 02:59:44.995636,0.0009246093226775,1.3568092663718156,1.3590115517713515
466,466,466,466,0.1638433645577982,0.1638433645577982,0.1638433645577982,0.1638433645577982,0.1638433645577982,0.1638433645577982,0.1638433645577982,0.1638433645577982,7.366682310757219e-06,7.461414471614877e-06,1.0433453812218623e-05,0.3429851863860556,4.487622224270123e-05,0.3328348578655448,3.3584050339978085e-06,0.4966873428443736,-0.0011651680680706,-0.0014734249409303,9013.0,1.0,0.2639157669577461,0.2450934880507677,0.2915311257963363,0.2171019367945525,0.5316124247090717,0.0846068115191674,0.5784091718602687,0.4289681518042565,100000,30,8,0.1,5.0,0.1,0,7,0.001,1e-06,0.001,1e-07,1.0,1e-08,adamax,0,0.0,disordered,1,0.1660417528095571,0 days 02:59:44.995636,0.0011651923705437,1.8208014578549143,1.6334396554713164
467,467,467,467,0.2191196687578146,0.2191196687578146,0.2191196687578146,0.2191196687578146,0.2191196687578146,0.2191196687578146,0.2191196687578146,0.2191196687578146,1.6256374465377206e-05,0.9599137567176318,1.0062814061454285e-05,1.41523026340138e-05,0.1923874089693342,0.0005274588547702,0.4032283241362719,0.0069573835311539,-0.0013384120043863,-0.001545529585243,9031.0,1.0,0.8788343151379411,0.8907468797284301,0.2971523946037819,0.1908006677512463,0.4219832755495095,0.506328174724403,0.7109783252439936,0.9707250807177435,100000,30,8,0.1,5.0,0.1,0,7,0.001,1e-06,0.001,1e-07,1.0,1e-08,adamax,0,0.0,disordered,1,0.2212324780130477,0 days 02:59:44.995636,0.0013384588745688,1.4061185842707642,1.2688662857373383
468,468,468,468,0.4606028844202396,0.4606028844202396,0.4606028844202396,0.4606028844202396,0.4606028844202396,0.4606028844202396,0.4606028844202396,0.4606028844202396,0.7255217492937676,0.1951667189705483,0.1843123832197994,0.238798742416671,0.1789680225815227,1.0003812601979074,0.2431615722953581,0.7322051349105544,-0.0006380285243478,-0.0007036268854999,489.0,0.0,0.8949805686934579,0.3968997682447035,0.5490804140888205,0.5811396785133526,0.8791075936683179,0.105558755383498,0.8157310583955725,0.2625821000898687,100000,30,8,0.1,5.0,0.1,0,7,0.001,1e-06,0.001,1e-07,1.0,1e-08,adamax,0,0.0,disordered,1,0.4632666015053854,0 days 02:59:44.995636,0.0006380343550647,1.3463799679267305,1.2400264736352116
469,469,469,469,0.293044697697214,0.293044697697214,0.293044697697214,0.293044697697214,0.293044697697214,0.293044697697214,0.293044697697214,0.293044697697214,0.7369514640759617,1.0000468390418984,0.1181760286318215,0.5270142605761101,0.0698718697304572,0.0326245734622803,0.2464306182633496,0.0314268597154293,-0.0009658304090025,-0.0011554235607859,1259.0,0.0,0.107500107434456,0.9801581869007052,0.3472983694743665,0.7478456638335392,0.3634214901784441,0.2906776165045854,0.5433210652185734,0.2329467089404197,100000,30,8,0.1,5.0,0.1,0,7,0.001,1e-06,0.001,1e-07,1.0,1e-08,adamax,0,0.0,disordered,1,0.2911217590168903,0 days 02:59:44.995636,0.0009658437992192,1.5810794447933365,1.340030248440571
470,470,470,470,0.4913407286296357,0.4913407286296357,0.4913407286296357,0.4913407286296357,0.4913407286296357,0.4913407286296357,0.4913407286296357,0.4913407286296357,0.1078483402417508,1.0000203911847518,0.08056110624507,0.9362322188466586,0.4315097558147447,0.4568337221392176,0.4371075045839629,0.1213709000446157,-0.0006690002414854,-0.0007156695832877,1019.0,0.0,0.2444241497926114,0.0508620963129747,0.7146135600942009,0.9213557025394892,0.0049391371660167,0.2883433059584358,0.8698080901838249,0.6009611086345273,100000,30,8,0.1,5.0,0.1,0,7,0.001,1e-06,0.001,1e-07,1.0,1e-08,adamax,0,0.0,disordered,1,0.4867091761151157,0 days 02:59:44.995636,0.0006690264143571,1.2051368456289633,1.1947427907162218
471,471,471,471,0.1988827856988807,0.1988827856988807,0.1988827856988807,0.1988827856988807,0.1988827856988807,0.1988827856988807,0.1988827856988807,0.1988827856988807,1.8519584352044288e-06,0.037714053208747,3.782320754560156e-07,1.75396474989729e-07,4.7324423831294203e-07,6.37471340207319e-07,0.6093519844094908,3.029885964866537e-06,-0.0014445332721036,-0.0018975021060972,9750.0,1.0,0.1285723646794975,0.2403953491724734,0.2074476020330385,0.0338475812205937,0.1285958813186927,0.1270902542951092,0.5037976427016844,0.768247250025672,100000,30,8,0.1,5.0,0.1,0,7,0.001,1e-06,0.001,1e-07,1.0,1e-08,adamax,0,0.0,disordered,1,0.199759534793443,0 days 02:59:44.995636,0.0014445437897552,2.376357425100797,1.3084526033171218
472,472,472,472,0.5591070776755287,0.5591070776755287,0.5591070776755287,0.5591070776755287,0.5591070776755287,0.5591070776755287,0.5591070776755287,0.5591070776755287,0.2783286395992971,0.2877147702385343,0.272669701887805,0.6546428804848123,0.3431514435914875,0.4437793685753125,1.000462345210062,0.3205979386808531,-0.0005776173737613,-0.0006212432124673,369.0,0.0,0.5191068701186071,0.6562395971013444,0.8837135889312623,0.7808245670731921,0.0997593227772318,0.0268519347524667,0.9298496661777996,0.2607789471225706,100000,30,8,0.1,5.0,0.1,0,7,0.001,1e-06,0.001,1e-07,1.0,1e-08,adamax,0,0.0,disordered,1,0.5646251252076961,0 days 02:59:44.995636,0.0005776409181062,1.1494023642876803,1.1367107000416088
473,473,473,473,0.615997796038016,0.615997796038016,0.615997796038016,0.615997796038016,0.615997796038016,0.615997796038016,0.615997796038016,0.615997796038016,0.3805366976242571,0.8148381335201268,0.430290455055733,0.4171359027693079,0.6641557461950047,1.0010027682426108,0.3796945471372539,0.3836951698574525,-0.0005321194413052,-0.000578077948031,214.0,0.0,0.8632480873818676,0.1744944101266712,0.8793302462090203,0.4403183439820408,0.0289125951170617,0.9890317328695384,0.1168715186346838,0.0236418087236619,100000,30,8,0.1,5.0,0.1,0,7,0.001,1e-06,0.001,1e-07,1.0,1e-08,adamax,0,0.0,disordered,1,0.6143983522046835,0 days 02:59:44.995636,0.0005321207803676,1.2160434485114457,1.1950863837096088
474,474,474,474,0.2337423870891812,0.2337423870891812,0.2337423870891812,0.2337423870891812,0.2337423870891812,0.2337423870891812,0.2337423870891812,0.2337423870891812,0.589475286246339,0.3611673743121089,0.0478250954680611,3.7030830401129663e-06,0.3042277329655136,6.487642898533674e-06,0.4792703883093895,0.089772789332155,-0.0011553783985454,-0.0012545817223637,8212.0,1.0,0.8008624272421115,0.3261165967064418,0.0316929200137269,0.0121385674625584,0.4070895425927446,0.105375854119849,0.3521693916782696,0.6865019747544017,100000,30,8,0.1,5.0,0.1,0,7,0.001,1e-06,0.001,1e-07,1.0,1e-08,adamax,0,0.0,disordered,1,0.2364091439975608,0 days 02:59:44.995636,0.0011554220967558,1.835639417345689,1.412139105935728
475,475,475,475,0.1925613572129196,0.1925613572129196,0.1925613572129196,0.1925613572129196,0.1925613572129196,0.1925613572129196,0.1925613572129196,0.1925613572129196,0.7479925432299565,0.5178024580903873,1.4882542069897438e-05,0.4427484808461415,1.5602870815605437e-06,3.4810711894727062e-06,1.4638207716808372e-06,0.5009748036234388,-0.0012449026613629,-0.0016040806951422,9132.0,1.0,0.9509689675529264,0.2934854849756927,0.5755475392440509,0.7040855421249729,0.7943149992989771,0.4936219984790373,0.7911589406853283,0.4617548400991511,100000,30,8,0.1,5.0,0.1,0,7,0.001,1e-06,0.001,1e-07,1.0,1e-08,adamax,0,0.0,disordered,1,0.1924836212265613,0 days 02:59:44.995636,0.001244902721318,1.6936507200365578,1.48100127604807
476,476,476,476,0.2659804395593755,0.2659804395593755,0.2659804395593755,0.2659804395593755,0.2659804395593755,0.2659804395593755,0.2659804395593755,0.2659804395593755,0.0381848575449531,0.1816058308234427,9.999927120920713e-08,0.6176589822506754,0.0085333001819063,4.431536212110822e-06,0.173484032743689,0.4873261444068121,-0.0010462132357449,-0.0012575434974523,41839.0,0.0,0.7432089431913926,0.6344691439265372,0.4645925630309526,0.8703766258825952,0.312597817301891,0.3593160199082607,0.4827486753456478,0.0612250360142219,100000,30,8,0.1,5.0,0.1,0,7,0.001,1e-06,0.001,1e-07,1.0,1e-08,adamax,0,0.0,disordered,1,0.2679015604211621,0 days 02:59:44.995636,0.0010462292825671,1.9656972075885448,1.4096787487474272
477,477,477,477,0.4606028844202396,0.4606028844202396,0.4606028844202396,0.4606028844202396,0.4606028844202396,0.4606028844202396,0.4606028844202396,0.4606028844202396,0.1614576946767837,1.000110896269707,0.3470480257741593,0.5541528593453978,0.3041398043118323,0.8649893200893993,0.1694760606427995,0.1821012390009788,-0.0006505471549233,-0.0007212480236373,497.0,0.0,0.5916532212902839,0.0242044295789416,0.8663353398113628,0.3484932886953423,0.8881877051877,0.1493807642649662,0.71624829296369,0.5855134953816346,100000,30,8,0.1,5.0,0.1,0,7,0.001,1e-06,0.001,1e-07,1.0,1e-08,adamax,0,0.0,disordered,1,0.4542118935180845,0 days 02:59:44.995636,0.0006505858625165,1.3712267795507334,1.3049404105468185
478,478,478,478,0.4047756965997316,0.4047756965997316,0.4047756965997316,0.4047756965997316,0.4047756965997316,0.4047756965997316,0.4047756965997316,0.4047756965997316,0.1233838366793611,0.6142613099130529,0.7316180357085189,1.0001949431968642,0.084047296961121,0.1762022321344535,0.3779806275340181,0.1130295552885601,-0.0007209701969375,-0.0008154466795621,697.0,0.0,0.5668054991174719,0.9065448576640236,0.0867575888476853,0.9177427468321386,0.2804969241390942,0.2538249548089413,0.6846903811960501,0.4131886612712611,100000,30,8,0.1,5.0,0.1,0,7,0.001,1e-06,0.001,1e-07,1.0,1e-08,adamax,0,0.0,disordered,1,0.4050519657592104,0 days 02:59:44.995636,0.0007209703179816,1.3143004813597743,1.3136279867067875
479,479,479,479,0.3919100249433399,0.3919100249433399,0.3919100249433399,0.3919100249433399,0.3919100249433399,0.3919100249433399,0.3919100249433399,0.3919100249433399,0.8789650641544103,3.89896794392436e-05,0.725207033794838,0.7379513127165309,8.012789166611516e-05,0.5717116078275783,0.2165202555242906,3.724557378426675e-05,-0.0008000581738812,-0.0009334131147916,8373.0,1.0,0.1340955673338829,0.5580343537526458,0.8759672619772926,0.0088415666662903,0.4024341209001952,0.1791553579684491,0.7086352018966858,0.7871031607789767,100000,30,8,0.1,5.0,0.1,0,7,0.001,1e-06,0.001,1e-07,1.0,1e-08,adamax,0,0.0,disordered,1,0.3904566234513048,0 days 02:59:44.995636,0.0008000629867866,1.373428872787063,1.261309585395975
480,480,480,480,0.293044697697214,0.293044697697214,0.293044697697214,0.293044697697214,0.293044697697214,0.293044697697214,0.293044697697214,0.293044697697214,1.0002543676355131,0.3205898571365084,0.4589833868177069,0.3149416429344542,0.6608026659196303,0.0195658725808155,0.0433100170521537,0.0189361310754355,-0.0009290439014276,-0.0011474275617729,1205.0,0.0,0.141602596831929,0.8445017164340487,0.3122785108275705,0.7498669802182869,0.1287998260806334,0.4734033912116812,0.649239041295116,0.4950066534014287,100000,30,8,0.1,5.0,0.1,0,7,0.001,1e-06,0.001,1e-07,1.0,1e-08,adamax,0,0.0,disordered,1,0.2969315393942889,0 days 02:59:44.995636,0.0009290888532146,1.4808226393179862,1.3969099824076117
481,481,481,481,0.2747120789270809,0.2747120789270809,0.2747120789270809,0.2747120789270809,0.2747120789270809,0.2747120789270809,0.2747120789270809,0.2747120789270809,2.073152432819562e-05,6.219273285914369e-06,0.1682587955930362,0.0147538497677171,0.9076598941833496,0.069608550453118,0.2513102828244125,3.4195880092897824e-05,-0.0009494564185157,-0.0011186395203723,8217.0,1.0,0.6892716676081824,0.7752851900829789,0.9283894315706523,0.6490635800408276,0.1759501685527703,0.7681127069410235,0.4237433273208904,0.6985926672318011,100000,30,8,0.1,5.0,0.1,0,7,0.001,1e-06,0.001,1e-07,1.0,1e-08,adamax,0,0.0,disordered,1,0.2765076708417865,0 days 02:59:44.995636,0.0009494659769225,2.1859450112448346,1.4401241653620462
482,482,482,482,0.2054117348353062,0.2054117348353062,0.2054117348353062,0.2054117348353062,0.2054117348353062,0.2054117348353062,0.2054117348353062,0.2054117348353062,1.2977133752663618e-05,0.1199336027343211,0.2676354296616667,0.1679889922944399,0.2244014631897596,4.270357511822142e-05,1.15384295843333e-05,0.6538145816200558,-0.0013068287034444,-0.0014704360055662,8782.0,1.0,0.6892002298108775,0.8872912225265681,0.5892704824400701,0.2294741203878888,0.4062477741541459,0.6206195937384177,0.5708106848170152,0.1936271183098157,100000,30,8,0.1,5.0,0.1,0,7,0.001,1e-06,0.001,1e-07,1.0,1e-08,adamax,0,0.0,disordered,1,0.2028682747387776,0 days 02:59:44.995636,0.0013068845687741,1.6267172764268092,1.4173941747538916
483,483,483,483,0.100927151463057,0.100927151463057,0.100927151463057,0.100927151463057,0.100927151463057,0.100927151463057,0.100927151463057,0.100927151463057,0.4104791307008107,0.0880228559062611,3.968005639966348e-07,0.3526883714974869,0.1572400167519003,0.0630032778691179,9.999752005209345e-08,1.0914792173484233e-07,-0.0019892501292764,-0.0023308976093951,29654.0,0.0,0.824032216762549,0.5794577714532373,0.5768013793246287,0.2050982457879387,0.4916221968829366,0.2686964542861396,0.3353176670488188,0.3418876984675734,100000,30,8,0.1,5.0,0.1,0,7,0.001,1e-06,0.001,1e-07,1.0,1e-08,adamax,0,0.0,disordered,1,0.1013466034827615,0 days 02:59:44.995636,0.0019892582127159,2.0200346004044065,1.9261892139692454
484,484,484,484,0.1805148879221106,0.1805148879221106,0.1805148879221106,0.1805148879221106,0.1805148879221106,0.1805148879221106,0.1805148879221106,0.1805148879221106,0.0087476535846025,0.6324284401109879,0.0380409041343608,9.999779990263296e-08,0.1512044547947078,0.3524791814468859,3.112425476910489e-07,3.341591973339641e-07,-0.0013878174697921,-0.0017055993744748,53818.0,0.0,0.6056950274603036,0.3727873636982007,0.8999060160301815,0.7507599098712591,0.9806062698694245,0.6116400008802909,0.4303223165562948,0.3928690888518122,100000,30,8,0.1,5.0,0.1,0,7,0.001,1e-06,0.001,1e-07,1.0,1e-08,adamax,0,0.0,disordered,1,0.1807597865660924,0 days 02:59:44.995636,0.0013878180900264,1.7344119625901613,1.5238648091895404
485,485,485,485,0.5413360302965373,0.5413360302965373,0.5413360302965373,0.5413360302965373,0.5413360302965373,0.5413360302965373,0.5413360302965373,0.5413360302965373,0.8739841753213465,0.4156847157490616,0.3046909202152168,0.5423237908645664,1.000917271141888,0.2564401567077277,0.2651710573841024,0.8618020863493865,-0.0006007344147263,-0.0006514620040205,339.0,0.0,0.0368772763332992,0.7042187498065502,0.3157529253221451,0.0226824501927953,0.9126105342355452,0.2363758633618058,0.0934657012940052,0.7382360921493729,100000,30,8,0.1,5.0,0.1,0,7,0.001,1e-06,0.001,1e-07,1.0,1e-08,adamax,0,0.0,disordered,1,0.5386099145821254,0 days 02:59:44.995636,0.0006007406171103,1.1960066429825644,1.1994487764761663
486,486,486,486,0.333461801578636,0.333461801578636,0.333461801578636,0.333461801578636,0.333461801578636,0.333461801578636,0.333461801578636,0.333461801578636,3.60966496733918e-06,0.0822167150468499,0.0895259750164341,0.6504294644524417,9.99993824244461e-08,0.6524301948789115,0.0698067480399099,0.1232542525047761,-0.000849477477484,-0.0010236309254464,58444.0,0.0,0.7714531340477934,0.7713963860397556,0.6159471154181675,0.0262046336281953,0.5344485508328887,0.960696137510391,0.4552101955437518,0.2965841288519965,100000,30,8,0.1,5.0,0.1,0,7,0.001,1e-06,0.001,1e-07,1.0,1e-08,adamax,0,0.0,disordered,1,0.3345875238951166,0 days 02:59:44.995636,0.0008494800844303,1.7358720993356653,1.3013863668344479
487,487,487,487,0.4047756965997316,0.4047756965997316,0.4047756965997316,0.4047756965997316,0.4047756965997316,0.4047756965997316,0.4047756965997316,0.4047756965997316,0.005117944833031,0.0779429700932468,0.5969260527052912,3.997193136262782e-05,0.9398666558784852,0.2506981277613792,4.873626621880778e-05,0.673603738275765,-0.0007816906611329,-0.0009103615018134,8557.0,1.0,0.5573687571007563,0.6323099431721152,0.2975807642435687,0.7748983341978675,0.841518314734828,0.0242541429599622,0.1004475902259629,0.500578936546438,100000,30,8,0.1,5.0,0.1,0,7,0.001,1e-06,0.001,1e-07,1.0,1e-08,adamax,0,0.0,disordered,1,0.4078298970372077,0 days 02:59:44.995636,0.0007817089134614,1.4564509358193163,1.2290674616280135
488,488,488,488,0.3794532847236935,0.3794532847236935,0.3794532847236935,0.3794532847236935,0.3794532847236935,0.3794532847236935,0.3794532847236935,0.3794532847236935,0.0781919946701783,1.0001763710728626,0.1096929264269341,0.1121252546351807,0.0708794044967978,0.8386762357783054,0.0692146942943297,0.2559608148309658,-0.0007557756824008,-0.000965471568785,744.0,0.0,0.0589401886932623,0.1958725048835413,0.8725808704046144,0.9985612409743008,0.8424408533718666,0.1644843202275913,0.8038890366662108,0.5819691893112379,100000,30,8,0.1,5.0,0.1,0,7,0.001,1e-06,0.001,1e-07,1.0,1e-08,adamax,0,0.0,disordered,1,0.3829068672360666,0 days 02:59:44.995636,0.0007557929055142,1.7003247282163605,1.2379239410316882
489,489,489,489,0.4757236139187883,0.4757236139187883,0.4757236139187883,0.4757236139187883,0.4757236139187883,0.4757236139187883,0.4757236139187883,0.4757236139187883,0.8853926930776915,0.3770442640472387,1.0005619343688188,0.379894051638212,0.3362270032308787,0.7255657969022592,0.2417724345973448,0.2804166481273832,-0.0006594155979219,-0.0007022086736155,465.0,0.0,0.9948420345429304,0.2824518866017588,0.901054160049732,0.0161443619646516,0.2219817421092476,0.904326725659339,0.5098987108635635,0.2084307679450512,100000,30,8,0.1,5.0,0.1,0,7,0.001,1e-06,0.001,1e-07,1.0,1e-08,adamax,0,0.0,disordered,1,0.4826370582257149,0 days 02:59:44.995636,0.0006594695287645,1.1968137882368548,1.2387739040997925
490,490,490,490,0.4180637241455752,0.4180637241455752,0.4180637241455752,0.4180637241455752,0.4180637241455752,0.4180637241455752,0.4180637241455752,0.4180637241455752,0.1653451624572436,0.2702664546924965,0.0572622777050711,0.4261300562546059,0.0811251492501608,1.000129424486628,0.2335224224367982,0.0385955578394265,-0.0007831023725075,-0.0009303222379435,1442.0,0.0,0.6999304023746258,0.3183931156556606,0.589163095201402,0.4156423357712343,0.0804423228665887,0.0639452407496375,0.9134199436822962,0.8685949990490613,100000,30,8,0.1,5.0,0.1,0,7,0.001,1e-06,0.001,1e-07,1.0,1e-08,adamax,0,0.0,disordered,1,0.4159215155449218,0 days 02:59:44.995636,0.000783111460429,1.346793806990545,1.1896622494228057
491,491,491,491,0.4317879727332017,0.4317879727332017,0.4317879727332017,0.4317879727332017,0.4317879727332017,0.4317879727332017,0.4317879727332017,0.4317879727332017,0.3219870409458923,0.086648045648404,0.3675424413851804,1.0001568936318956,0.0442785572493411,0.7181436091398726,0.0536537137341881,0.0943361039216785,-0.0007177784947156,-0.0008841232086069,1004.0,0.0,0.4580567283612882,0.2402191191679729,0.1331714742981344,0.9575853826117988,0.5403821544940877,0.0077069788216748,0.6256191561345337,0.7575658146244825,100000,30,8,0.1,5.0,0.1,0,7,0.001,1e-06,0.001,1e-07,1.0,1e-08,adamax,0,0.0,disordered,1,0.4289960496581679,0 days 02:59:44.995636,0.0007177891877525,1.5037732550871323,1.2439480162777017
492,492,492,492,0.333461801578636,0.333461801578636,0.333461801578636,0.333461801578636,0.333461801578636,0.333461801578636,0.333461801578636,0.333461801578636,0.4641413176486473,1.0001081211608227,0.3895564935752178,0.508067696211748,0.183310881236726,0.1101536546013209,0.1434194237148154,0.2743805206855064,-0.0009057375429331,-0.0010827108060147,581.0,0.0,0.3039540231419534,0.9799665572099168,0.058976470767368,0.1117238983214603,0.603831803552466,0.4624899048622172,0.3695936464390237,0.6963669060780433,100000,30,8,0.1,5.0,0.1,0,7,0.001,1e-06,0.001,1e-07,1.0,1e-08,adamax,0,0.0,disordered,1,0.3384653004653525,0 days 02:59:44.995636,0.0009058135909893,1.2744346129129809,1.2771500082116047
493,493,493,493,0.3444087275973818,0.3444087275973818,0.3444087275973818,0.3444087275973818,0.3444087275973818,0.3444087275973818,0.3444087275973818,0.3444087275973818,0.1113673877096571,2.9108084794091768e-05,0.6783744279694985,2.249393115914829e-05,1.4998347391041598e-05,0.5127401304914293,0.5146841272911342,1.8096994411355666e-05,-0.0009069140992239,-0.0011011215878617,8913.0,1.0,0.928911149355404,0.8603804184889041,0.7266129329024038,0.2893298787520199,0.3035754278572405,0.1781486816960641,0.8756895613363475,0.6768213378604695,100000,30,8,0.1,5.0,0.1,0,7,0.001,1e-06,0.001,1e-07,1.0,1e-08,adamax,0,0.0,disordered,1,0.3481639098854837,0 days 02:59:44.995636,0.0009069591453459,1.2257907637263945,1.2010386213156758
494,494,494,494,0.4180637241455752,0.4180637241455752,0.4180637241455752,0.4180637241455752,0.4180637241455752,0.4180637241455752,0.4180637241455752,0.4180637241455752,0.0009103627640182,0.8334771059777656,0.6201937513603463,0.6582725109426179,8.45189281165898e-06,0.7646597678354844,0.0215758725266624,3.342805216867525e-05,-0.0007286242111895,-0.000839415197957,8377.0,1.0,0.5757831895041652,0.0701672526727372,0.8484925448291497,0.1448534997231394,0.5095451291667785,0.9355100792268508,0.3574547742171649,0.4576486448906808,100000,30,8,0.1,5.0,0.1,0,7,0.001,1e-06,0.001,1e-07,1.0,1e-08,adamax,0,0.0,disordered,1,0.4212101118700103,0 days 02:59:44.995636,0.0007286395625008,1.5750140795067962,1.2992358283301007
495,495,495,495,0.2837303616516209,0.2837303616516209,0.2837303616516209,0.2837303616516209,0.2837303616516209,0.2837303616516209,0.2837303616516209,0.2837303616516209,1.0005771573079936,0.1880318539504299,0.076528788849975,0.0735707410427221,0.0733893925599057,0.3889606235996986,0.4022149194027576,0.0773782485669094,-0.0010933417575189,-0.0013483811398391,657.0,0.0,0.9447030141551648,0.2973425907157143,0.4522681555553598,0.381264433246623,0.407176822363004,0.4311905702831072,0.9909251799832076,0.8054271184567908,100000,30,8,0.1,5.0,0.1,0,7,0.001,1e-06,0.001,1e-07,1.0,1e-08,adamax,0,0.0,disordered,1,0.2807798088921832,0 days 02:59:44.995636,0.0010933903931274,1.3213017335774522,1.238279557655442
496,496,496,496,0.31260072430687,0.31260072430687,0.31260072430687,0.31260072430687,0.31260072430687,0.31260072430687,0.31260072430687,0.31260072430687,1.3018694741708932e-05,0.5626921391820872,7.5320847208387235e-06,0.7905330904284622,9.7995358801819e-06,0.1441172553950872,0.3950754142016143,2.2977159672622635e-05,-0.00095630848225,-0.0011192640256702,8611.0,1.0,0.0408023291092698,0.6091725876977999,0.0117547122692966,0.0783087638927918,0.5831792867219203,0.6205908503134709,0.1705372380655809,0.4032293846380065,100000,30,8,0.1,5.0,0.1,0,7,0.001,1e-06,0.001,1e-07,1.0,1e-08,adamax,0,0.0,disordered,1,0.3094860865606353,0 days 02:59:44.995636,0.0009563412267351,1.6594639007716767,1.3327462010701425
497,497,497,497,0.3026648059395688,0.3026648059395688,0.3026648059395688,0.3026648059395688,0.3026648059395688,0.3026648059395688,0.3026648059395688,0.3026648059395688,0.0950609142968376,0.3465426630583059,3.935316404726404e-05,0.372166527713228,0.2192025985113693,0.0970775558200251,0.6511148084534387,3.930487558310083e-05,-0.000915879735309,-0.0010207070056513,8260.0,1.0,0.360509845853903,0.7038513879430254,0.4198563038021821,0.3845682407265546,0.8254942886658027,0.6685329114974272,0.1107462968168769,0.5398995705201489,100000,30,8,0.1,5.0,0.1,0,7,0.001,1e-06,0.001,1e-07,1.0,1e-08,adamax,0,0.0,disordered,1,0.3002501348081115,0 days 02:59:44.995636,0.000915894948838,1.6141800346897788,1.3373848454600525
498,498,498,498,0.3794532847236935,0.3794532847236935,0.3794532847236935,0.3794532847236935,0.3794532847236935,0.3794532847236935,0.3794532847236935,0.3794532847236935,7.485947894049975e-05,0.6219885571177335,5.414315357641802e-06,0.3534637706570475,0.1388980788519883,1.1003778494403524e-05,0.7287338286584025,0.3811931857943128,-0.0007738780578747,-0.0008621479258484,8370.0,1.0,0.2246724106827123,0.2698871709329439,0.6128847196823363,0.8651806171917678,0.3588239467283936,0.5217412887033186,0.0780990026556265,0.7741300326825525,100000,30,8,0.1,5.0,0.1,0,7,0.001,1e-06,0.001,1e-07,1.0,1e-08,adamax,0,0.0,disordered,1,0.3782901203422831,0 days 02:59:44.995636,0.000773880473868,1.7700676869828762,1.2529379893409733
499,499,499,499,0.0663198120221266,0.0663198120221266,0.0663198120221266,0.0663198120221266,0.0663198120221266,0.0663198120221266,0.0663198120221266,0.0663198120221266,0.2363586746375996,0.1161329516574906,0.3079680901276151,9.999699615109165e-08,0.0836620768500883,1.1239853326326589e-07,1.6693655145858098e-07,0.1266029522631378,-0.0025107412528142,-0.002787080942518,17068.0,0.0,0.1734021894217381,0.3985102239098461,0.2744210850174291,0.5193636535366862,0.2995704625754152,0.4683101527284676,0.4409953107360257,0.6131035871577232,100000,30,8,0.1,5.0,0.1,0,7,0.001,1e-06,0.001,1e-07,1.0,1e-08,adamax,0,0.0,disordered,1,0.0653330643013657,0 days 02:59:44.995636,0.0025108609504431,2.120758788391664,2.057025993656331
