,Unnamed: 0.2,Unnamed: 0.1,Unnamed: 0,Gamma0_1,Gamma0_2,Gamma0_3,Gamma0_4,Gamma0_5,Gamma0_6,Gamma0_7,Gamma0_8,Gamma0_9,Gamma0_10,Gamma0_11,Gamma0_12,Gamma0_13,Gamma0_14,Gamma1,Gamma2,Gamma3,Gamma4,Gamma5,Gamma6,Gamma7,Gamma8,Gamma9,Gamma10,Gamma11,Gamma12,Gamma13,Gamma14,eta0,eta,count,success,e1,e2,e3,e4,e5,e6,e7,e8,e9,e10,e11,e12,e13,e14,max_iter,min_iter,N,Jmax,alpha,gleak,ex,lk,rate,minGg,maxGg,minGo,maxGo,tol,optim,exfix,exval,profile,runtime,Gamma,cohlength,ucohlength,ueta
0,0,0,65,1.7040207104121566e-06,0.0036041267235419,1.1080146055028471e-05,0.0035914783407747,1.3030096988090838e-06,0.0068281694929209,0.0018075620926952,2.5963846939388456e-05,1.6688248117199322e-06,1.2339969436172365e-05,1.2598418339038109e-06,6.371155630105501e-05,0.0003128266571607,2.31342257704566e-05,1.3467017505957294e-06,1.8783217809283457e-06,0.0267791961097028,0.0631247320528439,0.0739165756955417,0.0870990259170473,0.0983501574631209,0.1078503434864303,0.1161078474094917,0.1246639653651419,0.1382405458615128,0.1473253467205411,0.0049375593333429,0.4060181159694727,-0.0001355394255352,-0.001533142167227,15209.0,1.0,-0.0,-0.0833333333333333,-0.1666666666666666,-0.25,-0.3333333333333333,-0.4166666666666667,-0.5,-0.5833333333333334,-0.6666666666666667,-0.7500000000000001,-0.8333333333333335,-0.9166666666666669,-1.0,-1.0833333333333337,100000,30,14,0.1,1.0,0.1,0,13,0.001,1e-06,0.01,1e-07,1.0,1e-08,adamax,0,0.0,ramp,0 days 00:40:34.752395,0.1274637248028382,3.117051058681302,3.079180555943196,-0.0014620286707185
1,1,1,43,5.501303293325199e-06,1.6034461178872446e-06,0.0072950439229584,0.0001070705861292,7.17782344344294e-06,1.3024267511277787e-05,0.0080974904297798,6.587015108213989e-06,8.446224180360485e-05,0.0091748107418081,0.0042477557352718,0.000977446344858,0.0027107056615754,0.0003378914129139,2.1819156015068213e-06,6.472810762019155e-07,0.0267816084001275,0.0631259213731048,0.0739666930300961,0.0871002404649634,0.098352535953506,0.1078606441802134,0.1161342979549647,0.1246917242001184,0.1381634943510578,0.1470526972497005,0.0053730878209668,0.4057721657073186,-0.0002289555709901,-0.0015331421151101,8953.0,1.0,-0.0,-0.0833333333333333,-0.1666666666666666,-0.25,-0.3333333333333333,-0.4166666666666667,-0.5,-0.5833333333333334,-0.6666666666666667,-0.7500000000000001,-0.8333333333333335,-0.9166666666666669,-1.0,-1.0833333333333337,100000,30,14,0.1,1.0,0.1,0,13,0.001,1e-06,0.01,1e-07,1.0,1e-08,adamax,0,0.0,ramp,0 days 00:40:34.752395,0.1274637291946261,3.117041025503448,3.07918057616247,-0.0014620286707186
2,2,2,42,6.161254200982292e-05,3.195274318802958e-05,0.0001494856764657,7.519123796058766e-06,3.599971281525809e-06,1.4288532985161552e-05,9.24728153187156e-06,4.284962068863316e-05,1.3490499651625687e-06,1.5348368807174192e-05,0.0004699874434989,2.3542024231634564e-06,1.9655628191302497e-06,1.426218143876769e-05,8.233170452465707e-06,9.669832678177449e-07,0.0267478411405715,0.063041820193981,0.0738677408933613,0.0869833784503795,0.0982190641211855,0.1077086073966758,0.1159603457467182,0.1245038762515476,0.1380178810453668,0.1470078711684012,0.0051104417284035,0.4053412950034886,-5.5400864435750775e-05,-0.0015331419940933,10249.0,1.0,-0.0,-0.0833333333333333,-0.1666666666666666,-0.25,-0.3333333333333333,-0.4166666666666667,-0.5,-0.5833333333333334,-0.6666666666666667,-0.7500000000000001,-0.8333333333333335,-0.9166666666666669,-1.0,-1.0833333333333337,100000,30,14,0.1,1.0,0.1,0,13,0.001,1e-06,0.01,1e-07,1.0,1e-08,adamax,0,0.0,ramp,0 days 00:40:34.752395,0.127463728995664,3.116834054284332,3.0791805752464683,-0.0014620286707186
3,3,3,55,5.382096383431689e-06,9.417710315786207e-06,0.0001947489754945,0.0006995773794355,0.0067720824934547,6.4306289007021066e-06,0.0009852588663989,0.0003198009949238,2.374807797365988e-06,1.5194878275976868e-06,6.37735832919761e-05,0.00050747807312,0.003521637022334,5.353177340895175e-06,3.4694822431976446e-06,2.21981385188116e-06,0.0267485671180445,0.0630423167094454,0.0738679999954108,0.0869833661183734,0.0982193648998153,0.1077111908166667,0.1159674543491198,0.1245115319388493,0.1379964263945144,0.1469321859119703,0.005232098975821,0.4052725357934401,-0.0001265414802116,-0.0015331419741181,10062.0,1.0,-0.0,-0.0833333333333333,-0.1666666666666666,-0.25,-0.3333333333333333,-0.4166666666666667,-0.5,-0.5833333333333334,-0.6666666666666667,-0.7500000000000001,-0.8333333333333335,-0.9166666666666669,-1.0,-1.0833333333333337,100000,30,14,0.1,1.0,0.1,0,13,0.001,1e-06,0.01,1e-07,1.0,1e-08,adamax,0,0.0,ramp,0 days 00:40:34.752395,0.1274637270639274,3.1168473617470056,3.07918056635298,-0.0014620286707185
4,4,4,52,1.0435100038284984e-06,0.0008970414135819,0.0084524570579472,1.7920089742037753e-05,2.9316683104064634e-06,1.4543075581932388e-05,0.0008505712011064,6.100143820004673e-05,4.457012887928445e-05,3.5334356005210573e-06,0.00269604301509,0.0053158480998454,7.603109607224886e-05,6.807293724688448e-06,6.214632316557633e-07,2.779571965306295e-06,0.0267806525690933,0.0631256657992657,0.0739661983958949,0.0870996187758365,0.0983516084975231,0.1078583907912498,0.1161294459188811,0.1246866288281608,0.1381749782855162,0.1470952593429524,0.0053034402247047,0.4058090494121131,-0.0001084096397325,-0.0015331419736414,10338.0,1.0,-0.0,-0.0833333333333333,-0.1666666666666666,-0.25,-0.3333333333333333,-0.4166666666666667,-0.5,-0.5833333333333334,-0.6666666666666667,-0.7500000000000001,-0.8333333333333335,-0.9166666666666669,-1.0,-1.0833333333333337,100000,30,14,0.1,1.0,0.1,0,13,0.001,1e-06,0.01,1e-07,1.0,1e-08,adamax,0,0.0,ramp,0 days 00:40:34.752395,0.1274637278975365,3.117037901718903,3.079180570190814,-0.0014620286707186
5,5,5,3,1.226986203191711e-06,0.0003395466639926,0.0051547665003343,5.392619557145648e-06,0.0001227892827494,1.995799840468937e-05,0.0002164292379832,0.0042214425563405,0.0046822078365017,0.0002461195870135,0.0038682593635491,3.8231197856636105e-06,3.262612708370988e-06,0.0063063753335877,7.502082418131181e-07,3.0311443067704308e-06,0.0267488237478535,0.0630427073238571,0.0738682361371472,0.0869835098059458,0.0982195393853378,0.1077117233112098,0.1159687101299511,0.1245128755576549,0.1379933197186435,0.1469207175432038,0.0052509714645603,0.4052626161432893,-0.0001716321863027,-0.0015331419698204,9502.0,1.0,-0.0,-0.0833333333333333,-0.1666666666666666,-0.25,-0.3333333333333333,-0.4166666666666667,-0.5,-0.5833333333333334,-0.6666666666666667,-0.7500000000000001,-0.8333333333333335,-0.9166666666666669,-1.0,-1.0833333333333337,100000,30,14,0.1,1.0,0.1,0,13,0.001,1e-06,0.01,1e-07,1.0,1e-08,adamax,0,0.0,ramp,0 days 00:40:34.752395,0.1274637244653725,3.1168528439380503,3.079180554389538,-0.0014620286707184
6,6,6,37,4.877151272148869e-06,4.790280530090168e-06,0.006382040624184,0.0081396300426865,8.61021126013798e-05,0.0003765979676529,1.9948871980982584e-05,5.040604878705526e-05,1.1384891121635893e-06,0.0005294052092107,3.994811735775621e-05,7.664498888153127e-05,0.0036168415219518,6.204622971790066e-06,2.870162713971401e-06,1.6101741466850875e-06,0.0267811776701062,0.0631258558591791,0.0739666625364042,0.0871001231595679,0.0983524416907569,0.1078609744166609,0.1161355342033191,0.1246930151855791,0.1381587242318233,0.147036638992221,0.0053983053239833,0.4057569760438039,-0.0001008483593754,-0.001533141959042,9646.0,1.0,-0.0,-0.0833333333333333,-0.1666666666666666,-0.25,-0.3333333333333333,-0.4166666666666667,-0.5,-0.5833333333333334,-0.6666666666666667,-0.7500000000000001,-0.8333333333333335,-0.9166666666666669,-1.0,-1.0833333333333337,100000,30,14,0.1,1.0,0.1,0,13,0.001,1e-06,0.01,1e-07,1.0,1e-08,adamax,0,0.0,ramp,0 days 00:40:34.752395,0.1274637259293309,3.1170389902633877,3.0791805611294367,-0.0014620286707185
7,7,7,60,4.709519055316171e-05,4.251195406265228e-06,0.0008405020506195,0.0059144293403424,1.6110471748513747e-05,0.0068936756674099,1.3707633920069563e-05,0.0008240716191117,1.4002530296336566e-06,2.588416257585681e-05,0.0002000495393744,1.4791971556903618e-05,5.496945260271028e-05,1.2734300950238307e-05,6.407883208962894e-06,1.5186208639710734e-06,0.0267802434060029,0.0631256018749198,0.0739666026055639,0.0871003447850912,0.0983524215603444,0.1078587447216992,0.1161287513326101,0.1246858923153729,0.1381814440492884,0.1471150895959642,0.0052736610103884,0.4058294190519085,-0.0001388006189342,-0.0015331419257921,10903.0,1.0,-0.0,-0.0833333333333333,-0.1666666666666666,-0.25,-0.3333333333333333,-0.4166666666666667,-0.5,-0.5833333333333334,-0.6666666666666667,-0.7500000000000001,-0.8333333333333335,-0.9166666666666669,-1.0,-1.0833333333333337,100000,30,14,0.1,1.0,0.1,0,13,0.001,1e-06,0.01,1e-07,1.0,1e-08,adamax,0,0.0,ramp,0 days 00:40:34.752395,0.1274637258213589,3.117027691731345,3.079180560632336,-0.0014620286707185
8,8,8,39,2.794090109697776e-05,2.993891601444288e-05,0.001545680980669,0.0024561663731579,0.0037609874562092,7.266065325917539e-05,2.7654877366285167e-06,0.0010865360295004,8.829745150335225e-06,1.1729408512515649e-05,0.0078766661856646,0.0022911333338683,0.0001187903421703,1.793968160507468e-06,5.99445906212257e-06,2.3224267884080223e-06,0.0267790739680001,0.0631246449147997,0.0739653558119107,0.0870991115592477,0.0983506000942173,0.1078536800664086,0.1161172024060535,0.1246737474289495,0.1382106200256747,0.1472216795215453,0.005100387092838,0.405922775341387,-0.0001552003542804,-0.001533141922589,10662.0,1.0,-0.0,-0.0833333333333333,-0.1666666666666666,-0.25,-0.3333333333333333,-0.4166666666666667,-0.5,-0.5833333333333334,-0.6666666666666667,-0.7500000000000001,-0.8333333333333335,-0.9166666666666669,-1.0,-1.0833333333333337,100000,30,14,0.1,1.0,0.1,0,13,0.001,1e-06,0.01,1e-07,1.0,1e-08,adamax,0,0.0,ramp,0 days 00:40:34.752395,0.1274637276252906,3.1170194082109086,3.0791805689374327,-0.0014620286707186
9,9,9,19,1.4157803661080586e-05,0.0001789077253292,0.006271099694128,0.0036027026208075,7.1284747390453175e-06,6.130272287843698e-05,0.0003191915644029,0.0051937542180474,0.0001218153919193,2.283564365490524e-06,0.0003667105388108,0.000106682537121,8.867688106598572e-05,5.332183200657828e-06,3.935294026045846e-06,2.435544401986143e-06,0.0267485086233237,0.0630424011363208,0.0738681408212969,0.0869834975106185,0.0982195564183732,0.107711744191075,0.115968737782787,0.1245128801541952,0.1379930902170565,0.1469200752514375,0.005251809323007,0.4052618449388307,-0.0001471832425657,-0.0015331419217107,10482.0,1.0,-0.0,-0.0833333333333333,-0.1666666666666666,-0.25,-0.3333333333333333,-0.4166666666666667,-0.5,-0.5833333333333334,-0.6666666666666667,-0.7500000000000001,-0.8333333333333335,-0.9166666666666669,-1.0,-1.0833333333333337,100000,30,14,0.1,1.0,0.1,0,13,0.001,1e-06,0.01,1e-07,1.0,1e-08,adamax,0,0.0,ramp,0 days 00:40:34.752395,0.1274637288126916,3.116847019147669,3.079180574404073,-0.0014620286707186
10,10,10,73,1.1436440155797e-06,0.0001073620996485,8.703505114266252e-06,0.0006197153708806,0.005649217583961,0.0019754616213272,0.0017182692360175,0.0072253107527818,5.721098905116508e-06,0.0010553515178312,0.0070218104879603,0.0003245959973586,5.48768772332657e-06,1.8958977399088427e-06,1.10887602157432e-06,2.817980342519139e-06,0.0267808046346561,0.0631258839569117,0.0739665138456812,0.087099917254453,0.098352062841519,0.1078597551173034,0.1161326380414126,0.1246899868999232,0.1381665933726972,0.1470648815491694,0.0053527164857134,0.4057821976852536,-0.0002297086624095,-0.0015331419181831,11434.0,1.0,-0.0,-0.0833333333333333,-0.1666666666666666,-0.25,-0.3333333333333333,-0.4166666666666667,-0.5,-0.5833333333333334,-0.6666666666666667,-0.7500000000000001,-0.8333333333333335,-0.9166666666666669,-1.0,-1.0833333333333337,100000,30,14,0.1,1.0,0.1,0,13,0.001,1e-06,0.01,1e-07,1.0,1e-08,adamax,0,0.0,ramp,0 days 00:40:34.752395,0.1274637426454812,3.117039055628452,3.0791806380886166,-0.0014620286707191
11,11,11,86,5.143742198277488e-05,6.002814511569008e-06,0.0004095294572716,0.0047567130570303,6.767426621888846e-06,0.0003690882243885,2.5680049042460786e-06,1.36112762411561e-05,0.0001005476419653,1.6828032795214134e-05,0.0024663729879888,0.0025525168087297,0.0084425391042754,0.0014707759290536,8.327692438618556e-06,1.2836330856148338e-06,0.0267481012404023,0.0630417094236578,0.0738676952025652,0.0869831275338344,0.0982191859523825,0.1077113307709319,0.1159682751871071,0.1245123444981057,0.1379922922581691,0.1469188907602732,0.0052524301600945,0.4052593418464852,-0.000116565600925,-0.0015331418938633,9152.0,1.0,-0.0,-0.0833333333333333,-0.1666666666666666,-0.25,-0.3333333333333333,-0.4166666666666667,-0.5,-0.5833333333333334,-0.6666666666666667,-0.7500000000000001,-0.8333333333333335,-0.9166666666666669,-1.0,-1.0833333333333337,100000,30,14,0.1,1.0,0.1,0,13,0.001,1e-06,0.01,1e-07,1.0,1e-08,adamax,0,0.0,ramp,0 days 00:40:34.752395,0.1274637400203013,3.116838856727343,3.0791806260026062,-0.001462028670719
12,12,12,23,2.540492527465963e-06,0.0025385689893074,0.0005872289219532,0.0026562883730433,0.0083244159798731,7.545672450498241e-06,2.0861164604010813e-06,0.0005376432470284,7.221677872301939e-05,1.8050269045500307e-05,0.0091293328611079,0.0002969316063018,1.6034638977460007e-05,2.20278866326964e-06,1.8911516481036903e-06,3.097186587288528e-06,0.0267486980941921,0.0630423446258459,0.0738679191706957,0.0869830452357255,0.0982191635091089,0.1077124284212537,0.115971698704551,0.124515979489947,0.1379809693697228,0.1468795921331412,0.0053152933127123,0.4052233142747786,-0.0001626496221408,-0.001533141881983,11034.0,1.0,-0.0,-0.0833333333333333,-0.1666666666666666,-0.25,-0.3333333333333333,-0.4166666666666667,-0.5,-0.5833333333333334,-0.6666666666666667,-0.7500000000000001,-0.8333333333333335,-0.9166666666666669,-1.0,-1.0833333333333337,100000,30,14,0.1,1.0,0.1,0,13,0.001,1e-06,0.01,1e-07,1.0,1e-08,adamax,0,0.0,ramp,0 days 00:40:34.752395,0.1274637287146798,3.116851949194439,3.0791805739528484,-0.0014620286707186
13,13,13,95,0.0002726287397251,0.0012269683939758,0.0072973543043096,0.0004184590287833,8.292526631152289e-05,0.005452184116751,0.0019945467181796,0.0002892081836903,0.0036688337348676,0.0020337684775597,1.751979721822389e-06,0.0004605547781219,5.7234711300934925e-06,3.7391105546063433e-06,6.226793916869473e-06,2.278743640441848e-06,0.0267481632528606,0.0630422134646666,0.0738681032664337,0.0869835218940107,0.0982195836092307,0.1077116529310773,0.1159684032618292,0.1245125150764082,0.1379942137203524,0.146923989478848,0.0052455097645835,0.4052653985135796,-0.0001917600924288,-0.0015331418593683,11480.0,1.0,-0.0,-0.0833333333333333,-0.1666666666666666,-0.25,-0.3333333333333333,-0.4166666666666667,-0.5,-0.5833333333333334,-0.6666666666666667,-0.7500000000000001,-0.8333333333333335,-0.9166666666666669,-1.0,-1.0833333333333337,100000,30,14,0.1,1.0,0.1,0,13,0.001,1e-06,0.01,1e-07,1.0,1e-08,adamax,0,0.0,ramp,0 days 00:40:34.752395,0.1274637342211222,3.116842262470388,3.0791805993038683,-0.0014620286707188
14,14,14,98,0.000851119701564,2.379739407365865e-06,0.0032132993902002,3.63635877720426e-05,9.230987010983612e-05,0.0020069640009279,5.8979115020795486e-06,0.0007293911281062,3.1562688749269083e-06,0.0042516933995935,2.0841066643374785e-05,0.0002141294001659,2.238578501459397e-06,0.0094656403654146,1.245121975267522e-05,9.984907103892004e-07,0.0267615193301919,0.0630830562560914,0.0739164686781198,0.0870423444519904,0.0982855568662833,0.1077753762508531,0.1160191224661882,0.1245693505837589,0.1381702566831106,0.1472924209198362,0.0048403382736223,0.405786562820552,-0.0001381407246845,-0.0015331418544749,5681.0,1.0,-0.0,-0.0833333333333333,-0.1666666666666666,-0.25,-0.3333333333333333,-0.4166666666666667,-0.5,-0.5833333333333334,-0.6666666666666667,-0.7500000000000001,-0.8333333333333335,-0.9166666666666669,-1.0,-1.0833333333333337,100000,30,14,0.1,1.0,0.1,0,13,0.001,1e-06,0.01,1e-07,1.0,1e-08,adamax,0,0.0,ramp,0 days 00:40:34.752395,0.1274637298453463,3.1169116191385964,3.079180579158306,-0.0014620286707186
15,15,15,18,2.466376695851586e-06,0.0001210499551509,0.0030430575819702,1.8964240213911743e-05,5.51406760081417e-05,0.0062195666960021,0.0012031375062119,0.0097749540261264,8.822757411180925e-06,2.130278615729556e-05,0.0064145174310221,4.912854631144917e-05,1.7173988893756073e-05,0.0004477312789228,2.5560145880324445e-06,3.7520685802307152e-06,0.0267472981548549,0.0630404199079092,0.0738658816919718,0.0869813335786422,0.0982175261060177,0.1077087225737576,0.1159643572561043,0.124541396699866,0.1379944976103469,0.1469492766831828,0.0052042199421823,0.4052832619061074,-0.0002267629107277,-0.0015331418437549,8394.0,1.0,-0.0,-0.0833333333333333,-0.1666666666666666,-0.25,-0.3333333333333333,-0.4166666666666667,-0.5,-0.5833333333333334,-0.6666666666666667,-0.7500000000000001,-0.8333333333333335,-0.9166666666666669,-1.0,-1.0833333333333337,100000,30,14,0.1,1.0,0.1,0,13,0.001,1e-06,0.01,1e-07,1.0,1e-08,adamax,0,0.0,ramp,0 days 00:40:34.752395,0.1274637425113339,3.1168554218941757,3.0791806374710133,-0.0014620286707191
16,16,16,12,4.285369036543287e-06,0.0001119718562588,0.0022155620347256,0.0002942806525047,0.007142659337119,1.3683441725138178e-05,0.0006678202089615,2.273457135845255e-05,2.772803083350822e-05,1.5144476210413287e-05,0.0001364587095366,0.0001410636496986,3.059228060886647e-05,7.4463996518854705e-06,2.786656260748572e-06,2.698254218770144e-06,0.0267489770731157,0.0630423559925267,0.073868040045289,0.0869830985563832,0.0982194167131043,0.1077140632708305,0.1159761555288006,0.124520642533983,0.1379671339335386,0.1468311721660211,0.0053928313412779,0.4051790903990702,-0.0001127756731697,-0.0015331418395718,10518.0,1.0,-0.0,-0.0833333333333333,-0.1666666666666666,-0.25,-0.3333333333333333,-0.4166666666666667,-0.5,-0.5833333333333334,-0.6666666666666667,-0.7500000000000001,-0.8333333333333335,-0.9166666666666669,-1.0,-1.0833333333333337,100000,30,14,0.1,1.0,0.1,0,13,0.001,1e-06,0.01,1e-07,1.0,1e-08,adamax,0,0.0,ramp,0 days 00:40:34.752395,0.1274637408438898,3.116853516001324,3.0791806297943056,-0.001462028670719
17,17,17,53,4.243852266572437e-06,0.0006291960887257,0.0016908389354873,0.0002542891722816,4.381816209436503e-05,0.0018025842214817,1.130837440057273e-05,2.200435622411828e-05,0.0023465116047074,3.6032557636175264e-06,0.0001406025379909,6.793340660889127e-06,0.0015141236747689,0.0003364735174044,3.628283732699481e-06,2.6328779166172043e-06,0.0267805653560007,0.0631258359584688,0.0739666699495942,0.0871001376184395,0.0983523691632659,0.1078603864366872,0.1161339091633435,0.1246913126872514,0.1381637844192884,0.1470543223260789,0.0053700660766855,0.4057731420495022,-0.000115314606821,-0.0015331418347125,9904.0,1.0,-0.0,-0.0833333333333333,-0.1666666666666666,-0.25,-0.3333333333333333,-0.4166666666666667,-0.5,-0.5833333333333334,-0.6666666666666667,-0.7500000000000001,-0.8333333333333335,-0.9166666666666669,-1.0,-1.0833333333333337,100000,30,14,0.1,1.0,0.1,0,13,0.001,1e-06,0.01,1e-07,1.0,1e-08,adamax,0,0.0,ramp,0 days 00:40:34.752395,0.1274637276176177,3.1170350292720066,3.079180568902103,-0.0014620286707186
18,18,18,82,0.0010418073631886,5.8865168320912335e-06,0.00774010424828,0.0026023256691483,0.0035589853348357,1.586183176459906e-05,0.0001877083125595,5.957734805657557e-06,2.8357691364561286e-05,0.0003413336249485,1.7751688826735796e-06,0.0013729560424663,5.966993998641287e-05,2.2633918615346936e-06,9.02287536650064e-06,1.6078445739818294e-06,0.0267797754135136,0.0631255611746198,0.0739667573406334,0.0871006092477175,0.0983526909976591,0.1078587223070277,0.1161281032141192,0.1246852096901022,0.1381849621062606,0.1471264263447667,0.0052562153776529,0.4058405589925031,-0.000106152471558,-0.001533141829593,10784.0,1.0,-0.0,-0.0833333333333333,-0.1666666666666666,-0.25,-0.3333333333333333,-0.4166666666666667,-0.5,-0.5833333333333334,-0.6666666666666667,-0.7500000000000001,-0.8333333333333335,-0.9166666666666669,-1.0,-1.0833333333333337,100000,30,14,0.1,1.0,0.1,0,13,0.001,1e-06,0.01,1e-07,1.0,1e-08,adamax,0,0.0,ramp,0 days 00:40:34.752395,0.127463741072575,3.1170219365145324,3.079180630847146,-0.001462028670719
19,19,19,72,0.0013296380974311,1.3880654929320508e-06,0.0011077794051089,7.38145921651308e-05,2.5754542624951748e-05,0.0005959825419665,0.0002386226985053,4.291503723748224e-06,0.0001297212689803,0.0009113635411496,0.0009548037903003,0.0020221883317662,0.0012574888347807,4.6000694256298257e-05,1.0841330721341877e-05,7.94139870300528e-07,0.0267800438808511,0.0631255905871744,0.0739669643678398,0.0871008225921622,0.0983531218044979,0.1078602265269028,0.1161317663293435,0.1246890347986523,0.1381746387366693,0.1470895832333105,0.0053154474186751,0.4058074799128853,-9.311091839365352e-05,-0.0015331418215301,9087.0,1.0,-0.0,-0.0833333333333333,-0.1666666666666666,-0.25,-0.3333333333333333,-0.4166666666666667,-0.5,-0.5833333333333334,-0.6666666666666667,-0.7500000000000001,-0.8333333333333335,-0.9166666666666669,-1.0,-1.0833333333333337,100000,30,14,0.1,1.0,0.1,0,13,0.001,1e-06,0.01,1e-07,1.0,1e-08,adamax,0,0.0,ramp,0 days 00:40:34.752395,0.1274637235942924,3.117021653664741,3.0791805503791894,-0.0014620286707184
20,20,20,8,1.952442194653353e-06,9.462814943627664e-05,6.968374364473664e-05,0.0037384646774614,0.0023271597023825,8.713197784156963e-05,1.873360521980475e-06,0.0027632356496782,1.827596148970436e-05,1.820293273891216e-05,0.0003519223251494,6.707456184289483e-05,0.0002733744882645,0.0006801311502804,1.617847879432663e-06,3.449980652282157e-06,0.0267484956203795,0.0630417102636353,0.0738671552931763,0.0869820366491865,0.0982181212636888,0.1077121111162034,0.1159729868349109,0.124517306241566,0.1379708390545865,0.1468482329149265,0.005362536127341,0.4051912107419413,-0.0001311795686638,-0.0015331418183627,9447.0,1.0,-0.0,-0.0833333333333333,-0.1666666666666666,-0.25,-0.3333333333333333,-0.4166666666666667,-0.5,-0.5833333333333334,-0.6666666666666667,-0.7500000000000001,-0.8333333333333335,-0.9166666666666669,-1.0,-1.0833333333333337,100000,30,14,0.1,1.0,0.1,0,13,0.001,1e-06,0.01,1e-07,1.0,1e-08,adamax,0,0.0,ramp,0 days 00:40:34.752395,0.1274637247853977,3.1168521684287414,3.0791805558628984,-0.0014620286707185
21,21,21,34,1.3130779258723075e-05,1.0269930088665229e-05,0.0005531631965445,4.870569418181944e-05,0.0008192246820401,3.6534890546717e-05,1.2382705792697825e-06,8.6158347876004e-06,0.0003626603584463,4.618028722870716e-05,2.3470701787865272e-06,0.0007943905190005,3.046161689573496e-05,3.645704607490628e-06,6.606286529797987e-06,1.6962473394834109e-06,0.0267485306733847,0.0630415388061618,0.0738673952533023,0.0869824773058428,0.0982187464366743,0.1077132615660041,0.115975156248813,0.1245195382778134,0.1379665376185068,0.1468316798930045,0.0053900362783803,0.4051773177983732,-7.885158539887295e-05,-0.0015331418178544,10898.0,1.0,-0.0,-0.0833333333333333,-0.1666666666666666,-0.25,-0.3333333333333333,-0.4166666666666667,-0.5,-0.5833333333333334,-0.6666666666666667,-0.7500000000000001,-0.8333333333333335,-0.9166666666666669,-1.0,-1.0833333333333337,100000,30,14,0.1,1.0,0.1,0,13,0.001,1e-06,0.01,1e-07,1.0,1e-08,adamax,0,0.0,ramp,0 days 00:40:34.752395,0.1274637412075923,3.1168458132699173,3.079180631468749,-0.001462028670719
22,22,22,7,4.947738979195715e-06,0.0013950362062793,0.0012233346476492,1.4508327912334452e-06,0.0004125771705389,0.0058175287763492,0.0011567693435435,0.0036931026216307,0.0004614941065537,2.001070400753477e-06,7.495915242564371e-06,0.0001702905422383,1.939703355885416e-06,1.0423727884091863e-06,4.059654274726345e-06,2.577500614927164e-06,0.0267797715889424,0.0630956411983364,0.0739657574772494,0.0870993823313025,0.0983516895326199,0.1078599401754145,0.1161339064641112,0.1246912768008512,0.1381605734467788,0.1470451430168498,0.0053830176562224,0.4057627496384393,-0.0001591845442369,-0.0015331418155003,12050.0,1.0,-0.0,-0.0833333333333333,-0.1666666666666666,-0.25,-0.3333333333333333,-0.4166666666666667,-0.5,-0.5833333333333334,-0.6666666666666667,-0.7500000000000001,-0.8333333333333335,-0.9166666666666669,-1.0,-1.0833333333333337,100000,30,14,0.1,1.0,0.1,0,13,0.001,1e-06,0.01,1e-07,1.0,1e-08,adamax,0,0.0,ramp,0 days 00:40:34.752395,0.1274637338328944,3.117063686507069,3.0791805975165105,-0.0014620286707188
23,23,23,21,2.998811080036656e-05,0.0003632550702635,4.905176280724842e-06,0.0070712826770298,4.769198706521255e-06,0.0007098980407363,1.763063338955737e-06,0.000250603844664,2.15934429726588e-06,0.0014901500445598,5.692199843338495e-05,2.0894184097999086e-05,3.6293970047295e-06,5.725094289954222e-05,6.574732096511133e-06,3.2634470897416595e-06,0.0267146326584812,0.0630677732292171,0.0738754003743153,0.0869878004887517,0.0982206490111487,0.1077062053475622,0.1159513303147807,0.1244946621346033,0.138052016684495,0.1471227917160008,0.0049282645563759,0.4054488671758909,-0.0001099127344528,-0.0015331418133587,11634.0,1.0,-0.0,-0.0833333333333333,-0.1666666666666666,-0.25,-0.3333333333333333,-0.4166666666666667,-0.5,-0.5833333333333334,-0.6666666666666667,-0.7500000000000001,-0.8333333333333335,-0.9166666666666669,-1.0,-1.0833333333333337,100000,30,14,0.1,1.0,0.1,0,13,0.001,1e-06,0.01,1e-07,1.0,1e-08,adamax,0,0.0,ramp,0 days 00:40:34.752395,0.1274637389380855,3.116825154507524,3.079180621020207,-0.0014620286707189
24,24,24,67,0.0022650499571844,1.7781884670136266e-06,0.0001212108276004,0.0082589298381232,3.6127744475200144e-05,6.348284353321963e-06,0.0001174885782393,6.985011438973986e-06,8.751262854746605e-05,1.7624537991800888e-05,1.7005937966859917e-06,6.879383152499605e-05,6.146914725378544e-05,0.0018902668699326,1.2089099624856993e-05,6.338468363701964e-07,0.0267213788084395,0.0630643953515457,0.0738748609007509,0.0869874208344033,0.0982695940991554,0.1077131814213537,0.1160306332573643,0.1245508869656654,0.1380558330770268,0.1469006731741055,0.0052849812699536,0.4052478149571626,-8.928211199621587e-05,-0.0015331418108878,8850.0,1.0,-0.0,-0.0833333333333333,-0.1666666666666666,-0.25,-0.3333333333333333,-0.4166666666666667,-0.5,-0.5833333333333334,-0.6666666666666667,-0.7500000000000001,-0.8333333333333335,-0.9166666666666669,-1.0,-1.0833333333333337,100000,30,14,0.1,1.0,0.1,0,13,0.001,1e-06,0.01,1e-07,1.0,1e-08,adamax,0,0.0,ramp,0 days 00:40:34.752395,0.1274637244395398,3.1168802817253067,3.079180554270605,-0.0014620286707184
25,25,25,44,3.965391659280646e-06,3.756291835190159e-05,0.0001572473640235,6.820380096465545e-05,5.821352864248431e-06,5.277429878993451e-06,3.1467272523636235e-05,2.8906721160017828e-06,0.0020127806601368,0.0005811283541442,6.195879259908523e-05,0.0001160382791711,0.0001695274637971,3.773338181464088e-05,8.841662511102823e-06,1.7558717554888218e-06,0.0267794837759991,0.0631247633739512,0.0739657979234322,0.0870994324584597,0.0983513859394116,0.1078575571638068,0.1161273865812113,0.1246844004134633,0.1381801676574599,0.1471143914507792,0.0052719900149998,0.4058255545978078,-7.052961522022957e-05,-0.0015331418101557,10230.0,1.0,-0.0,-0.0833333333333333,-0.1666666666666666,-0.25,-0.3333333333333333,-0.4166666666666667,-0.5,-0.5833333333333334,-0.6666666666666667,-0.7500000000000001,-0.8333333333333335,-0.9166666666666669,-1.0,-1.0833333333333337,100000,30,14,0.1,1.0,0.1,0,13,0.001,1e-06,0.01,1e-07,1.0,1e-08,adamax,0,0.0,ramp,0 days 00:40:34.752395,0.1274637292889763,3.117020767737437,3.0791805765968405,-0.0014620286707186
26,26,26,1,4.042911085782553e-05,4.116298774052707e-06,2.8509781887563325e-05,0.001004275725042,1.6185980638031964e-06,1.702146172416967e-06,3.630244159108769e-06,1.0225635525523332e-05,0.0001115233747021,0.00661122898795,2.8894774150623043e-06,4.5782104800332654e-05,2.074953780357559e-05,4.0884930602120205e-06,7.928195339956295e-06,1.749419446444459e-06,0.0267803700703146,0.063126114761632,0.0739673575342478,0.0871011298711686,0.0983534906443379,0.1078612536738172,0.1161341151682205,0.1246915462275149,0.138169006125456,0.1470687208803933,0.0053497709022347,0.4057895032930869,-0.0001001355404689,-0.0015331417942724,11051.0,1.0,-0.0,-0.0833333333333333,-0.1666666666666666,-0.25,-0.3333333333333333,-0.4166666666666667,-0.5,-0.5833333333333334,-0.6666666666666667,-0.7500000000000001,-0.8333333333333335,-0.9166666666666669,-1.0,-1.0833333333333337,100000,30,14,0.1,1.0,0.1,0,13,0.001,1e-06,0.01,1e-07,1.0,1e-08,adamax,0,0.0,ramp,0 days 00:40:34.752395,0.1274637338953488,3.1170281616668967,3.07918059780404,-0.0014620286707188
27,27,27,68,0.0012454323755667,1.681558757046019e-06,0.0001148781938757,0.0082556094051611,9.211812660056288e-05,0.0002510295167516,0.0026088377774397,0.0038086706852908,0.0004130801524322,1.5099046400497128e-05,7.266444606601855e-06,0.0008968884813944,1.2380835917165662e-05,6.089123734300054e-05,1.0352107038613772e-05,1.1176843439177913e-06,0.0267479250955447,0.0630409209656598,0.0738669637611999,0.0869821232566337,0.0982183108895767,0.1077122909528206,0.1159731413503259,0.1245173715912756,0.1379707124305592,0.1468477951195599,0.0053630485778817,0.4051907048123838,-0.0001665012633724,-0.0015331417680681,9122.0,1.0,-0.0,-0.0833333333333333,-0.1666666666666666,-0.25,-0.3333333333333333,-0.4166666666666667,-0.5,-0.5833333333333334,-0.6666666666666667,-0.7500000000000001,-0.8333333333333335,-0.9166666666666669,-1.0,-1.0833333333333337,100000,30,14,0.1,1.0,0.1,0,13,0.001,1e-06,0.01,1e-07,1.0,1e-08,adamax,0,0.0,ramp,0 days 00:40:34.752395,0.1274637242644403,3.1168372248885694,3.0791805534644685,-0.0014620286707184
28,28,28,29,2.95521102255423e-06,2.4827771613636373e-05,0.0021716455414486,1.3291255245757378e-06,3.0496422314611696e-06,9.644038785472797e-06,0.0033950664818593,0.000136235284889,0.0017855656106281,6.4141495069393535e-06,0.0095441036969886,0.0007084562849821,2.922672897033637e-06,0.0001171187951262,3.166547910002229e-06,2.3268174944922206e-06,0.0267611752759934,0.0630832382125132,0.0739158236750624,0.0870417102306033,0.0982835808684223,0.1077659498785471,0.1159947291836527,0.1245421124437965,0.1382538982183902,0.1475993396506001,0.0043437674626065,0.406077550048379,-0.0001547788126476,-0.0015331417477467,6277.0,1.0,-0.0,-0.0833333333333333,-0.1666666666666666,-0.25,-0.3333333333333333,-0.4166666666666667,-0.5,-0.5833333333333334,-0.6666666666666667,-0.7500000000000001,-0.8333333333333335,-0.9166666666666669,-1.0,-1.0833333333333337,100000,30,14,0.1,1.0,0.1,0,13,0.001,1e-06,0.01,1e-07,1.0,1e-08,adamax,0,0.0,ramp,0 days 00:40:34.752395,0.1274637303670054,3.116910345684033,3.079180581559964,-0.0014620286707186
29,29,29,71,0.0008894599732024,2.0699445692492457e-05,0.0007492731358228,0.0012962551714948,1.8933350236823e-05,0.0002692062625913,5.748829398469099e-06,1.5845068361577962e-06,7.534804291474513e-05,1.1880477112434116e-05,0.0030895022828994,0.0009513435253883,0.0053391655831749,6.650565938347664e-05,9.572627898852686e-06,1.87407173349292e-06,0.0267475844839655,0.0630409835081727,0.0738669401147226,0.0869821258301836,0.0982181615540713,0.1077111619688026,0.1159700179427744,0.1245141191442666,0.1379804704030429,0.1468820305655997,0.005308355260875,0.4052220255945458,-9.640888097648105e-05,-0.0015331417467465,9114.0,1.0,-0.0,-0.0833333333333333,-0.1666666666666666,-0.25,-0.3333333333333333,-0.4166666666666667,-0.5,-0.5833333333333334,-0.6666666666666667,-0.7500000000000001,-0.8333333333333335,-0.9166666666666669,-1.0,-1.0833333333333337,100000,30,14,0.1,1.0,0.1,0,13,0.001,1e-06,0.01,1e-07,1.0,1e-08,adamax,0,0.0,ramp,0 days 00:40:34.752395,0.1274637237583914,3.116835802407647,3.079180551134689,-0.0014620286707184
30,30,30,32,2.270519634681741e-05,5.290148450532295e-06,2.4779370687530863e-05,1.200811579734647e-06,0.0003327278502425,0.0003439770227429,2.9240264644024293e-06,3.478322987988389e-06,7.656486141145349e-05,6.579654190279683e-06,0.0003899711324217,1.5822071249575687e-06,2.035462061366266e-05,3.361553834709936e-06,8.867604883589545e-06,2.2864206699919105e-06,0.0267795672376356,0.0631253555223544,0.0739665020975134,0.0871001970126764,0.0983522973934213,0.1078589844446794,0.1161297784193769,0.1246869491372338,0.1381770800129788,0.1471006397512053,0.0052961088296299,0.4058155160835486,-6.834903219129141e-05,-0.0015331417334491,11658.0,1.0,-0.0,-0.0833333333333333,-0.1666666666666666,-0.25,-0.3333333333333333,-0.4166666666666667,-0.5,-0.5833333333333334,-0.6666666666666667,-0.7500000000000001,-0.8333333333333335,-0.9166666666666669,-1.0,-1.0833333333333337,100000,30,14,0.1,1.0,0.1,0,13,0.001,1e-06,0.01,1e-07,1.0,1e-08,adamax,0,0.0,ramp,0 days 00:40:34.752395,0.1274637375613754,3.117022071888434,3.0791806146819964,-0.0014620286707189
31,31,31,41,7.369308992460273e-05,0.0002127808523448,0.00364739242894,1.336707602837601e-05,0.0083254175264925,0.0002267548602545,5.922752753053108e-06,1.3551740177547191e-05,2.048508177427989e-05,1.2656402889051031e-05,2.173840568843933e-05,1.1958707161409955e-06,2.338117304599136e-05,2.408577645828464e-06,7.33941832547548e-06,2.64791030494518e-06,0.0267479137665359,0.0630416613203644,0.0738675610938291,0.0869827353611795,0.0982188847198335,0.1077123832041658,0.1159721785196984,0.1245164307422938,0.1379773932526074,0.1468685888825887,0.0053317079031631,0.4052119254934218,-0.0001036728322673,-0.0015331417235783,11594.0,1.0,-0.0,-0.0833333333333333,-0.1666666666666666,-0.25,-0.3333333333333333,-0.4166666666666667,-0.5,-0.5833333333333334,-0.6666666666666667,-0.7500000000000001,-0.8333333333333335,-0.9166666666666669,-1.0,-1.0833333333333337,100000,30,14,0.1,1.0,0.1,0,13,0.001,1e-06,0.01,1e-07,1.0,1e-08,adamax,0,0.0,ramp,0 days 00:40:34.752395,0.1274637286773766,3.1168412867554784,3.0791805737811053,-0.0014620286707186
32,32,32,81,2.240675805693281e-06,5.318085642241708e-05,5.879338980262161e-05,0.001223571435565,1.1316223884222662e-05,0.0059636137885642,0.0020137163487895,0.000434955119849,4.814753138874648e-06,3.212348627903465e-05,0.0015662767466214,0.0039867787366315,5.109122603479366e-05,0.0003032927184261,2.5667177599381213e-06,4.874575948177527e-06,0.0267805270852246,0.0631291037207898,0.0739702559338683,0.0871048816430511,0.0983571473565359,0.1078632856256744,0.1160978183403739,0.1246569369303283,0.138176222643589,0.1471662592758936,0.005189931285769,0.4058719163590304,-0.000155621636173,-0.001533141720219,8094.0,1.0,-0.0,-0.0833333333333333,-0.1666666666666666,-0.25,-0.3333333333333333,-0.4166666666666667,-0.5,-0.5833333333333334,-0.6666666666666667,-0.7500000000000001,-0.8333333333333335,-0.9166666666666669,-1.0,-1.0833333333333337,100000,30,14,0.1,1.0,0.1,0,13,0.001,1e-06,0.01,1e-07,1.0,1e-08,adamax,0,0.0,ramp,0 days 00:40:34.752395,0.1274637412799847,3.1170014870458704,3.0791806318020387,-0.001462028670719
33,33,33,57,0.0012368954187448,0.0003672473264935,0.0085581805792934,5.371627309415582e-06,0.0026204197361634,0.0001556631814151,6.515826804321039e-05,4.364464002860834e-06,9.52303985761554e-05,0.0019979753398257,0.00040423584775,2.2930644027156e-05,1.5788349132400608e-05,1.916183335428517e-05,8.565824712170929e-06,2.486267044991055e-06,0.0267796944765742,0.0631254389794705,0.0739665887595086,0.0871002077373852,0.0983524041131681,0.1078598678652274,0.1161322562239334,0.1246895499532833,0.1381692549624353,0.1470733300043583,0.0053396924213741,0.405790538028946,-0.0001123923305735,-0.0015331416927772,10490.0,1.0,-0.0,-0.0833333333333333,-0.1666666666666666,-0.25,-0.3333333333333333,-0.4166666666666667,-0.5,-0.5833333333333334,-0.6666666666666667,-0.7500000000000001,-0.8333333333333335,-0.9166666666666669,-1.0,-1.0833333333333337,100000,30,14,0.1,1.0,0.1,0,13,0.001,1e-06,0.01,1e-07,1.0,1e-08,adamax,0,0.0,ramp,0 days 00:40:34.752395,0.1274637265379055,3.11702398306767,3.079180563931239,-0.0014620286707185
34,34,34,78,7.955250395664928e-05,0.0001025852819374,0.0002977977840777,0.0036775643464229,5.118843649323673e-05,1.3278763756070151e-06,0.0008502799436553,0.0003990966309328,1.5862587581478703e-05,5.482961544656247e-06,9.337877704859656e-05,2.1818032011423245e-06,0.0006309182446901,0.0011638505056894,8.017848914059941e-06,2.7088796455272854e-06,0.0267482345130449,0.0630426169271596,0.0738687581780171,0.0869841255030159,0.0982205217376872,0.107714609562808,0.1159754311659933,0.1245198967540927,0.1379754001461178,0.1468561260832979,0.005355641629785,0.4052051438971493,-0.0001021383134765,-0.00153314167483,10000.0,1.0,-0.0,-0.0833333333333333,-0.1666666666666666,-0.25,-0.3333333333333333,-0.4166666666666667,-0.5,-0.5833333333333334,-0.6666666666666667,-0.7500000000000001,-0.8333333333333335,-0.9166666666666669,-1.0,-1.0833333333333337,100000,30,14,0.1,1.0,0.1,0,13,0.001,1e-06,0.01,1e-07,1.0,1e-08,adamax,0,0.0,ramp,0 days 00:40:34.752395,0.1274637418305073,3.116842898391288,3.079180634336579,-0.001462028670719
35,35,35,28,9.131504431367276e-06,0.0008166184318612,0.0006449814922044,0.005084236068601,2.046378600710001e-06,0.0072637244537562,0.0031504944941993,0.0021336470134469,0.0030768972965285,7.256737173214376e-05,0.0008055420859293,0.0013167656814968,0.0082118035236939,5.894621164081559e-06,4.534124556973773e-06,4.474954977047955e-06,0.0267462080345054,0.0630379148447446,0.0738916849335656,0.0869784367405204,0.0982149648070431,0.10770823153453,0.1159668231678826,0.1245122018484278,0.1379847267713503,0.1469064307073539,0.0052736660701976,0.40524240077937,-0.0002272759235886,-0.0015331416513323,9329.0,1.0,-0.0,-0.0833333333333333,-0.1666666666666666,-0.25,-0.3333333333333333,-0.4166666666666667,-0.5,-0.5833333333333334,-0.6666666666666667,-0.7500000000000001,-0.8333333333333335,-0.9166666666666669,-1.0,-1.0833333333333337,100000,30,14,0.1,1.0,0.1,0,13,0.001,1e-06,0.01,1e-07,1.0,1e-08,adamax,0,0.0,ramp,0 days 00:40:34.752395,0.1274637274958724,3.1168328366152265,3.079180568341601,-0.0014620286707185
36,36,36,31,0.0011100087499653,9.226982514863164e-05,9.847799528061796e-05,0.0048683838744697,0.0006307266432806,5.880609273759425e-06,3.277242865727304e-06,0.0002374266987431,0.001144451359843,0.0002383941637937,0.00062541095818,0.0066679308510722,0.0049607620126414,0.0001315855850852,9.855457151487716e-06,2.680783484306999e-06,0.026759678453234,0.0630417383922561,0.0738678968284769,0.0869831633333999,0.0982194229800382,0.1077131009011661,0.1159734804645326,0.1245176554985476,0.1379756144022882,0.1468612341247659,0.0053443782695014,0.4052064445985448,-0.0001292562544201,-0.0015331416188928,8777.0,1.0,-0.0,-0.0833333333333333,-0.1666666666666666,-0.25,-0.3333333333333333,-0.4166666666666667,-0.5,-0.5833333333333334,-0.6666666666666667,-0.7500000000000001,-0.8333333333333335,-0.9166666666666669,-1.0,-1.0833333333333337,100000,30,14,0.1,1.0,0.1,0,13,0.001,1e-06,0.01,1e-07,1.0,1e-08,adamax,0,0.0,ramp,0 days 00:40:34.752395,0.1274637353951099,3.116827548307855,3.0791806047087595,-0.0014620286707188
37,37,37,84,0.0001664781314573,8.681095677710826e-05,0.0005140843157821,0.0047805595685791,0.0014714135512034,0.0007745508553584,7.391990047173798e-05,1.2753066220396731e-05,0.0034654295382005,0.0027188309583948,3.735270308969446e-05,0.0053629240634912,0.0086478659056822,0.004682628026084,9.53985948902827e-06,3.5477842362401776e-06,0.0267471080725157,0.0630423358610784,0.0738684739176051,0.0869840297434917,0.0982200417642087,0.10771139769662,0.1159666200807388,0.124510692542674,0.138002642227077,0.1469514913943884,0.0052028823554018,0.4052920866237853,-0.0001838225201686,-0.0015331416123852,8591.0,1.0,-0.0,-0.0833333333333333,-0.1666666666666666,-0.25,-0.3333333333333333,-0.4166666666666667,-0.5,-0.5833333333333334,-0.6666666666666667,-0.7500000000000001,-0.8333333333333335,-0.9166666666666669,-1.0,-1.0833333333333337,100000,30,14,0.1,1.0,0.1,0,13,0.001,1e-06,0.01,1e-07,1.0,1e-08,adamax,0,0.0,ramp,0 days 00:40:34.752395,0.1274637406006264,3.1168329272505564,3.079180628674345,-0.001462028670719
38,38,38,80,1.781047268347501e-06,0.0023014220665509,3.115379300002835e-05,0.0004470012674462,0.000833331556783,1.5242166713945724e-05,4.368148209859976e-06,0.0005753826315954,1.475856974986224e-06,0.0084257378797767,9.402087392731204e-06,6.083855689302271e-06,3.548403577347307e-05,1.4353734162803848e-05,5.267852999405855e-06,4.147807731829768e-06,0.0267478579449338,0.0630418218767338,0.073867579605475,0.086982516826223,0.0982187410970633,0.1077133725774265,0.1159755439101681,0.1245199682875845,0.1379652745679619,0.1468272270227507,0.0053972872771189,0.4051733290010055,-0.0001207126975213,-0.0015331415774907,11189.0,1.0,-0.0,-0.0833333333333333,-0.1666666666666666,-0.25,-0.3333333333333333,-0.4166666666666667,-0.5,-0.5833333333333334,-0.6666666666666667,-0.7500000000000001,-0.8333333333333335,-0.9166666666666669,-1.0,-1.0833333333333337,100000,30,14,0.1,1.0,0.1,0,13,0.001,1e-06,0.01,1e-07,1.0,1e-08,adamax,0,0.0,ramp,0 days 00:40:34.752395,0.1274637414734451,3.11684558553816,3.079180632692709,-0.001462028670719
39,39,39,56,1.0057639628426484e-06,3.3110468757423726e-05,0.0002559052103418,1.3526297935869402e-05,1.0035984887002296e-05,0.0004092551044077,1.1723394837327195e-05,5.079305435440602e-06,0.0037341842562534,0.000263844596406,0.0003761264420125,1.0084119221295353e-05,4.416848363047359e-06,0.0001775719943794,6.889750528244236e-06,3.68749640855342e-06,0.026763869149064,0.0630838184021647,0.0739172726450977,0.087041501098709,0.0982858092033013,0.1077875064616984,0.1160561172232422,0.1246070399739012,0.1380609140147659,0.1469281897409266,0.0054045059541498,0.4054629945661566,-8.836727561228395e-05,-0.0015331415661009,8343.0,1.0,-0.0,-0.0833333333333333,-0.1666666666666666,-0.25,-0.3333333333333333,-0.4166666666666667,-0.5,-0.5833333333333334,-0.6666666666666667,-0.7500000000000001,-0.8333333333333335,-0.9166666666666669,-1.0,-1.0833333333333337,100000,30,14,0.1,1.0,0.1,0,13,0.001,1e-06,0.01,1e-07,1.0,1e-08,adamax,0,0.0,ramp,0 days 00:40:34.752395,0.1274637267964975,3.116935943010519,3.079180565121758,-0.0014620286707185
40,40,40,10,0.0001503779181434,1.8803168314031155e-05,6.413066872662436e-06,0.0027945257401457,0.0097129919043966,5.639423943705201e-06,3.848274300218444e-05,6.753304056207128e-06,6.993913139482118e-05,0.0084038578754246,0.0031235556520202,0.0012217669238998,0.0041905927285195,0.0001251728340997,1.0278230169279556e-05,3.127067988103921e-06,0.0267792029821364,0.0631254162656973,0.0739666894764341,0.087100320541911,0.0983525343322717,0.1078600758406703,0.1161326273548159,0.1246899363840151,0.1381685896321418,0.1470706904015637,0.0053441185166366,0.4057883820242362,-0.0002010000106724,-0.0015331415528502,8884.0,1.0,-0.0,-0.0833333333333333,-0.1666666666666666,-0.25,-0.3333333333333333,-0.4166666666666667,-0.5,-0.5833333333333334,-0.6666666666666667,-0.7500000000000001,-0.8333333333333335,-0.9166666666666669,-1.0,-1.0833333333333337,100000,30,14,0.1,1.0,0.1,0,13,0.001,1e-06,0.01,1e-07,1.0,1e-08,adamax,0,0.0,ramp,0 days 00:40:34.752395,0.1274637242169021,3.117019880387212,3.079180553245614,-0.0014620286707184
41,41,41,62,0.0020902408348221,2.463412876071253e-05,7.188899380916663e-05,0.0014857223912131,2.4056071071686328e-06,0.0078402474721503,0.000286327878423,1.4808417736902135e-05,0.0011640839616312,0.0007898993915345,0.0007064912015164,7.738531563002792e-06,0.0002473776050605,9.238039294552254e-06,1.1568455027104632e-05,2.6896407602201656e-06,0.0267796554054142,0.0631263957304199,0.0739679722314004,0.0871018488014275,0.0983543458384292,0.1078625328707256,0.1161361926843864,0.1246937306287116,0.1381664049096955,0.1470569965936032,0.0053703115768408,0.40578092937004,-0.0001504899076836,-0.0015331415371721,10411.0,1.0,-0.0,-0.0833333333333333,-0.1666666666666666,-0.25,-0.3333333333333333,-0.4166666666666667,-0.5,-0.5833333333333334,-0.6666666666666667,-0.7500000000000001,-0.8333333333333335,-0.9166666666666669,-1.0,-1.0833333333333337,100000,30,14,0.1,1.0,0.1,0,13,0.001,1e-06,0.01,1e-07,1.0,1e-08,adamax,0,0.0,ramp,0 days 00:40:34.752395,0.1274637253910581,3.117021163023282,3.07918055865128,-0.0014620286707185
42,42,42,17,4.443719835366844e-05,0.0056545547170441,2.9866851025474057e-06,0.0024104971579643,8.217463251773092e-06,0.0002135566143827,8.481116081867236e-05,0.0001150399380564,4.262004664262864e-06,1.0772893801958964e-05,5.089747131344338e-05,0.0024457520135206,3.693513103154869e-06,2.6491275419274338e-06,7.327143858053971e-06,5.449583157918469e-06,0.0267219167318504,0.0630638230793299,0.0738745575882924,0.0869872196765876,0.0982207981993176,0.1077093541599782,0.1159603988396592,0.1245041747957217,0.1380230028754107,0.1470219764945947,0.0050902269065612,0.4053565726424054,-8.776066380274713e-05,-0.0015331415127327,12116.0,1.0,-0.0,-0.0833333333333333,-0.1666666666666666,-0.25,-0.3333333333333333,-0.4166666666666667,-0.5,-0.5833333333333334,-0.6666666666666667,-0.7500000000000001,-0.8333333333333335,-0.9166666666666669,-1.0,-1.0833333333333337,100000,30,14,0.1,1.0,0.1,0,13,0.001,1e-06,0.01,1e-07,1.0,1e-08,adamax,0,0.0,ramp,0 days 00:40:34.752395,0.1274637367342095,3.116825600079832,3.0791806108738218,-0.0014620286707189
43,43,43,16,5.706629329948075e-06,1.040317614265393e-05,7.400736082697867e-05,3.608370391448947e-05,0.0011022512380299,3.140171954780699e-06,0.0018506453068811,1.621772739407319e-06,4.455889436625596e-06,0.0002079027911182,0.0001601593609362,0.0066021193153843,0.0080172630506238,3.819424570695992e-06,9.332217099496302e-06,3.691656930087986e-06,0.0267778109018501,0.063121911448129,0.0739625233950127,0.0870953681934627,0.0983470841996629,0.1078547633457049,0.1161281592020442,0.1246853112011201,0.1381573922914151,0.1470476657524341,0.0053722094763033,0.4055706773249586,-0.000118803566447,-0.0015331415012103,9719.0,1.0,-0.0,-0.0833333333333333,-0.1666666666666666,-0.25,-0.3333333333333333,-0.4166666666666667,-0.5,-0.5833333333333334,-0.6666666666666667,-0.7500000000000001,-0.8333333333333335,-0.9166666666666669,-1.0,-1.0833333333333337,100000,30,14,0.1,1.0,0.1,0,13,0.001,1e-06,0.01,1e-07,1.0,1e-08,adamax,0,0.0,ramp,0 days 00:40:34.752395,0.1274637305928834,3.116987321571745,3.0791805825998804,-0.0014620286707187
44,44,44,58,3.518647758879862e-05,0.0005216692221913,7.457445128359465e-05,0.0014876370406719,0.0008950640694028,0.006600991918444,0.0084616218163863,0.0006762113825416,0.0005222100500687,1.1370083380496527e-05,2.5212167260716213e-06,4.77337187906932e-06,2.2357796530512786e-06,0.0010459857555111,9.06866768672256e-06,4.484647891281036e-06,0.026778994828164,0.0631262184461578,0.0739677471848189,0.0871019979174519,0.0983549185621803,0.1078625317528932,0.1161359243238375,0.1246317269895154,0.1381444382832446,0.1470345774744624,0.0053212076277988,0.4058051187687935,-0.0001711793711204,-0.0015331414552665,9039.0,1.0,-0.0,-0.0833333333333333,-0.1666666666666666,-0.25,-0.3333333333333333,-0.4166666666666667,-0.5,-0.5833333333333334,-0.6666666666666667,-0.7500000000000001,-0.8333333333333335,-0.9166666666666669,-1.0,-1.0833333333333337,100000,30,14,0.1,1.0,0.1,0,13,0.001,1e-06,0.01,1e-07,1.0,1e-08,adamax,0,0.0,ramp,0 days 00:40:34.752395,0.1274637262890627,3.1169760721162274,3.079180562785598,-0.0014620286707185
45,45,45,25,2.4292349880468048e-06,0.0016447653310759,5.905472699999442e-05,6.175127198580611e-05,0.0011180529761368,7.610761074770494e-05,1.2224403020581425e-06,0.0001832418892031,0.0003602046230929,0.0004660049512674,0.000498508299378,0.0019674311695083,0.0001101488490415,2.4694089582627955e-06,6.772853980702333e-06,6.009679123861747e-06,0.0267778607071207,0.0631251376728418,0.0739659767582408,0.087099587222537,0.098351250725512,0.1078555394952158,0.1161214213180236,0.1246783192028769,0.1382003201031968,0.1471834424116546,0.0051627669027945,0.4058895090143306,-8.857900821567927e-05,-0.0015331414464917,10493.0,1.0,-0.0,-0.0833333333333333,-0.1666666666666666,-0.25,-0.3333333333333333,-0.4166666666666667,-0.5,-0.5833333333333334,-0.6666666666666667,-0.7500000000000001,-0.8333333333333335,-0.9166666666666669,-1.0,-1.0833333333333337,100000,30,14,0.1,1.0,0.1,0,13,0.001,1e-06,0.01,1e-07,1.0,1e-08,adamax,0,0.0,ramp,0 days 00:40:34.752395,0.1274637366795788,3.117016152686033,3.079180610622308,-0.0014620286707189
46,46,46,90,0.0049117284904902,3.7440342038690174e-06,0.0003078059099163,0.0010080355139323,0.0001510727331899,0.0007916914069142,1.7292354539706928e-06,1.0968414612313771e-05,0.0012992840005046,0.0012083105479654,0.0012911974911532,0.0009716147662425,0.0001185022642563,1.3784185285533644e-05,1.7386852628024603e-05,2.2087096474583766e-06,0.0267464231458977,0.0630413902179534,0.0738680367974285,0.0869836340869319,0.0982198333523863,0.1077124149066957,0.1159702289120556,0.1245143597539966,0.1379885865989909,0.1469044587906576,0.0052764419932709,0.4052472955929276,-0.0001100817340238,-0.0015331414414976,10078.0,1.0,-0.0,-0.0833333333333333,-0.1666666666666666,-0.25,-0.3333333333333333,-0.4166666666666667,-0.5,-0.5833333333333334,-0.6666666666666667,-0.7500000000000001,-0.8333333333333335,-0.9166666666666669,-1.0,-1.0833333333333337,100000,30,14,0.1,1.0,0.1,0,13,0.001,1e-06,0.01,1e-07,1.0,1e-08,adamax,0,0.0,ramp,0 days 00:40:34.752395,0.1274637383123935,3.11682035909019,3.079180618139592,-0.0014620286707189
47,47,47,99,9.313989947222866e-06,0.0015000921751546,0.0005873871869732,3.272493183230882e-06,0.0001481419345283,0.0007323709280764,3.3731458470200018e-06,8.72479204888066e-06,1.914341882615315e-06,8.064486781774098e-05,5.867462348676603e-05,0.0001788122823835,5.786600059862807e-05,1.3952996971323077e-06,7.432920823604453e-06,5.606255109342385e-06,0.0267765401126851,0.0631205581695994,0.0739606887605862,0.0870931863088798,0.0983443597470922,0.1078502268583174,0.1161203072383163,0.1246772502146711,0.1381721947842247,0.1471014603957023,0.0052823721276779,0.4057047094572231,-7.60036118726579e-05,-0.001533141409241,10940.0,1.0,-0.0,-0.0833333333333333,-0.1666666666666666,-0.25,-0.3333333333333333,-0.4166666666666667,-0.5,-0.5833333333333334,-0.6666666666666667,-0.7500000000000001,-0.8333333333333335,-0.9166666666666669,-1.0,-1.0833333333333337,100000,30,14,0.1,1.0,0.1,0,13,0.001,1e-06,0.01,1e-07,1.0,1e-08,adamax,0,0.0,ramp,0 days 00:40:34.752395,0.1274637278945124,3.1169990316690552,3.079180570176895,-0.0014620286707186
48,48,48,87,0.0009094636916306,1.2005473112901508e-05,7.476216674061906e-05,0.0001239006735083,0.000749056721361,6.398458741435412e-06,0.0001308336523176,1.1002654071726334e-06,1.0036296303729975e-05,1.4320193377428682e-06,1.9894829314779305e-06,7.562038835320954e-06,0.000109445775051,1.6790964750002348e-06,1.6210792823009564e-05,2.632704610960027e-06,0.0267462572855877,0.0630405218387393,0.0738669230624656,0.0869821679876189,0.0982182831411971,0.1077116985378322,0.1159714227960003,0.1245155541340946,0.1379759841839767,0.1468663691769836,0.0053331190237507,0.4052075042590656,-7.455397286791497e-05,-0.0015331413994645,11510.0,1.0,-0.0,-0.0833333333333333,-0.1666666666666666,-0.25,-0.3333333333333333,-0.4166666666666667,-0.5,-0.5833333333333334,-0.6666666666666667,-0.7500000000000001,-0.8333333333333335,-0.9166666666666669,-1.0,-1.0833333333333337,100000,30,14,0.1,1.0,0.1,0,13,0.001,1e-06,0.01,1e-07,1.0,1e-08,adamax,0,0.0,ramp,0 days 00:40:34.752395,0.1274637396743931,3.1168219225999723,3.079180624410083,-0.001462028670719
49,49,49,69,4.1816332521671686e-06,0.0020405685082672,0.0003634399423985,4.6417995566189546e-05,0.0004370412717924,0.0011508623838677,1.3006934449725552e-05,0.0006559507247479,0.0082723851485929,0.0025073086125768,0.000156963151734,0.0001882859369962,0.000374836733075,2.578215391184962e-06,7.420829154169794e-06,6.217255090088793e-06,0.0267779495933884,0.0631251244237273,0.0739660198674192,0.0870994512007913,0.0983512408263069,0.1078569973926154,0.116126045750956,0.1246830375121309,0.1381839958582937,0.1471279332616451,0.005250398937205,0.4058378449952944,-0.0001504590209362,-0.0015331413579787,10193.0,1.0,-0.0,-0.0833333333333333,-0.1666666666666666,-0.25,-0.3333333333333333,-0.4166666666666667,-0.5,-0.5833333333333334,-0.6666666666666667,-0.7500000000000001,-0.8333333333333335,-0.9166666666666669,-1.0,-1.0833333333333337,100000,30,14,0.1,1.0,0.1,0,13,0.001,1e-06,0.01,1e-07,1.0,1e-08,adamax,0,0.0,ramp,0 days 00:40:34.752395,0.1274637240929127,3.117016892602468,3.079180552674777,-0.0014620286707184
50,50,50,75,0.000122892726847,3.2102129387236545e-06,4.9192092856829855e-06,0.0005454054300585,5.699160364797696e-06,2.8100960982317643e-05,6.8567394518997175e-06,1.398104765109794e-06,0.0007504441262998,8.923230547166072e-06,0.0001325190330305,0.0009654624932296,6.405107340338069e-06,0.0018196065620394,2.399568617499677e-05,1.522888512850573e-06,0.0267595628984461,0.0630818362769516,0.0739163852503315,0.0870429428497335,0.098286285415399,0.107774007645673,0.1160080076071757,0.1245640355197915,0.1381888752250991,0.1473622390287852,0.0047290049626654,0.4058513030894564,-7.312148521395558e-05,-0.0015331413416756,6633.0,1.0,-0.0,-0.0833333333333333,-0.1666666666666666,-0.25,-0.3333333333333333,-0.4166666666666667,-0.5,-0.5833333333333334,-0.6666666666666667,-0.7500000000000001,-0.8333333333333335,-0.9166666666666669,-1.0,-1.0833333333333337,100000,30,14,0.1,1.0,0.1,0,13,0.001,1e-06,0.01,1e-07,1.0,1e-08,adamax,0,0.0,ramp,0 days 00:40:34.752395,0.1274637423250074,3.1168819033702704,3.0791806366132017,-0.0014620286707191
51,51,51,54,9.44054667148514e-05,0.0025055216842506,1.3765905833040242e-06,0.0004673399074428,1.3926461289074603e-06,0.0037846880995788,0.0002160412803411,1.913250225113475e-05,7.521216034127359e-06,1.434304868515875e-05,2.7353981936639872e-05,0.0019591179214625,4.731593898409801e-05,0.0001794737993338,1.163203942344483e-05,5.750929797471304e-06,0.0267215188111015,0.0630632991564487,0.0738746922772191,0.086987842119077,0.0982212066254372,0.1077069597213444,0.1159521417774508,0.1244955415482182,0.1380529865198586,0.1471238104898862,0.0049284827910576,0.4054518901937807,-0.0001100205419913,-0.001533141341036,10684.0,1.0,-0.0,-0.0833333333333333,-0.1666666666666666,-0.25,-0.3333333333333333,-0.4166666666666667,-0.5,-0.5833333333333334,-0.6666666666666667,-0.7500000000000001,-0.8333333333333335,-0.9166666666666669,-1.0,-1.0833333333333337,100000,30,14,0.1,1.0,0.1,0,13,0.001,1e-06,0.01,1e-07,1.0,1e-08,adamax,0,0.0,ramp,0 days 00:40:34.752395,0.127463727338509,3.1168111145478705,3.079180567617128,-0.0014620286707185
52,52,52,96,0.0027045879631158,0.000148500672025,0.0004924837169522,1.946757854075588e-06,0.0001919120510819,0.0053549300518685,1.3505998954086672e-05,0.0001045878753036,6.841787912686184e-06,3.76644482247384e-05,1.4918688925129042e-06,2.5469074414954707e-05,8.526448187906314e-06,8.91760406212009e-06,1.7545601335853422e-05,3.1002004679786823e-06,0.0267769805783583,0.0630949458485646,0.0739657058663835,0.0870997772428171,0.0983519080945055,0.1078580338999997,0.1161276380234901,0.1246846376740532,0.1381821501676097,0.1471194543298711,0.0052649112086538,0.4058313995160045,-0.0001123264343767,-0.001533141339955,11012.0,1.0,-0.0,-0.0833333333333333,-0.1666666666666666,-0.25,-0.3333333333333333,-0.4166666666666667,-0.5,-0.5833333333333334,-0.6666666666666667,-0.7500000000000001,-0.8333333333333335,-0.9166666666666669,-1.0,-1.0833333333333337,100000,30,14,0.1,1.0,0.1,0,13,0.001,1e-06,0.01,1e-07,1.0,1e-08,adamax,0,0.0,ramp,0 days 00:40:34.752395,0.127463732973805,3.117031095017551,3.079180593561361,-0.0014620286707187
53,53,53,4,7.805836575454485e-06,0.0022452278863027,3.1040594584857005e-05,1.146340702622268e-06,4.209716000338994e-05,0.0060243975796483,8.789954712445443e-06,0.000123354115666,1.1101413810631189e-05,0.0009990924673549,9.944166754159072e-05,5.724333613409475e-05,1.4952455300453176e-05,1.498162052884964e-05,9.503033934117676e-06,5.645211206316275e-06,0.0267464946965515,0.0630422548156105,0.073868366932892,0.0869836441728343,0.0982197495976944,0.1077125295099422,0.1159707937297699,0.1245150218144869,0.1379867580653323,0.1468979132889342,0.0052872723772582,0.4052415938526919,-0.0001204291613229,-0.0015331413260885,10414.0,1.0,-0.0,-0.0833333333333333,-0.1666666666666666,-0.25,-0.3333333333333333,-0.4166666666666667,-0.5,-0.5833333333333334,-0.6666666666666667,-0.7500000000000001,-0.8333333333333335,-0.9166666666666669,-1.0,-1.0833333333333337,100000,30,14,0.1,1.0,0.1,0,13,0.001,1e-06,0.01,1e-07,1.0,1e-08,adamax,0,0.0,ramp,0 days 00:40:34.752395,0.1274637376102201,3.116832527322963,3.079180614906865,-0.0014620286707189
54,54,54,45,5.765814835309379e-06,5.0584422685939e-05,2.315532445435224e-06,8.079099119579839e-05,5.079589927335944e-06,9.334774216470968e-05,0.0055788755664603,0.0008749592005175,6.0928602820174735e-05,0.0001144059001724,0.002772278245142,2.226311537828993e-05,6.958263720231214e-05,0.0001234954277031,1.0577633468398172e-05,5.150722849416399e-06,0.0267784749005388,0.0631257312229624,0.0739670500719183,0.0871006339951564,0.0983528494801947,0.1078604732260822,0.116133188161937,0.1246905498085288,0.1381684015264959,0.1470689442842833,0.0053477437160758,0.4057877343507081,-0.0001257132245445,-0.0015331413051617,10087.0,1.0,-0.0,-0.0833333333333333,-0.1666666666666666,-0.25,-0.3333333333333333,-0.4166666666666667,-0.5,-0.5833333333333334,-0.6666666666666667,-0.7500000000000001,-0.8333333333333335,-0.9166666666666669,-1.0,-1.0833333333333337,100000,30,14,0.1,1.0,0.1,0,13,0.001,1e-06,0.01,1e-07,1.0,1e-08,adamax,0,0.0,ramp,0 days 00:40:34.752395,0.1274637292933578,3.1170171286204966,3.0791805766170173,-0.0014620286707186
55,55,55,63,0.0005878960166014,0.0001712459574093,0.0004408745157668,0.0004094433795881,2.120905839740616e-06,1.793510115822226e-06,1.971966175817981e-05,8.749925466305455e-06,1.421019305202668e-05,2.993841701222772e-06,0.0005343973924882,6.254621789137693e-05,2.382778036949212e-06,0.0003849492517312,1.9020601956459373e-05,3.6023265931397765e-06,0.0267593943315082,0.0630824743608023,0.0739164240440228,0.0870422613088546,0.0982848568451771,0.1077724184696085,0.1160124002995868,0.1245641394023254,0.1381959595654171,0.1473658521029731,0.0047229409259101,0.4058547922082149,-6.621106041063207e-05,-0.0015331412810442,7060.0,1.0,-0.0,-0.0833333333333333,-0.1666666666666666,-0.25,-0.3333333333333333,-0.4166666666666667,-0.5,-0.5833333333333334,-0.6666666666666667,-0.7500000000000001,-0.8333333333333335,-0.9166666666666669,-1.0,-1.0833333333333337,100000,30,14,0.1,1.0,0.1,0,13,0.001,1e-06,0.01,1e-07,1.0,1e-08,adamax,0,0.0,ramp,0 days 00:40:34.752395,0.1274637251881777,3.11689218099171,3.0791805577172524,-0.0014620286707185
56,56,56,74,4.415323373395289e-05,0.0037909610307984,0.0006929004473678,1.3564277208113244e-06,1.86389952268658e-05,0.0085522886649325,0.0080623385918882,2.9912742424742544e-05,2.0585292822444435e-06,0.0003341162875052,1.579033029776388e-06,0.003342045155414,0.0011234268354835,8.937378783748429e-06,9.436110096104689e-06,5.685497121784174e-06,0.0267772989110879,0.0630882967123727,0.0739652588880934,0.0870989083086393,0.0983511312654338,0.1078590270697145,0.116132354341149,0.1246896049083496,0.1381629781560321,0.1470550106110434,0.0053661068448797,0.4057705468005097,-0.0001771367431092,-0.0015331412717188,9508.0,1.0,-0.0,-0.0833333333333333,-0.1666666666666666,-0.25,-0.3333333333333333,-0.4166666666666667,-0.5,-0.5833333333333334,-0.6666666666666667,-0.7500000000000001,-0.8333333333333335,-0.9166666666666669,-1.0,-1.0833333333333337,100000,30,14,0.1,1.0,0.1,0,13,0.001,1e-06,0.01,1e-07,1.0,1e-08,adamax,0,0.0,ramp,0 days 00:40:34.752395,0.1274637424853939,3.117054238688115,3.0791806373515977,-0.0014620286707191
57,57,57,2,0.0035525973593243,0.00017557715755,1.412767243060177e-06,3.308835673500236e-05,5.8413841534017775e-05,0.0006972880612319,0.0069278937277449,0.0001099404816232,0.0005120625025334,5.514916583002302e-05,0.0015130674732429,1.9208055390822293e-06,3.938424177138045e-05,6.454761928802528e-05,1.4509699844252716e-05,4.538327996725038e-06,0.0267777811404921,0.063125113776661,0.0739666271051207,0.0871003395981857,0.0983524281947699,0.1078590855676066,0.1161298573464567,0.1246870138368563,0.1381771263297671,0.1471006573266514,0.0052961288785944,0.4058156121807844,-0.0001396060713047,-0.0015331412662684,10668.0,1.0,-0.0,-0.0833333333333333,-0.1666666666666666,-0.25,-0.3333333333333333,-0.4166666666666667,-0.5,-0.5833333333333334,-0.6666666666666667,-0.7500000000000001,-0.8333333333333335,-0.9166666666666669,-1.0,-1.0833333333333337,100000,30,14,0.1,1.0,0.1,0,13,0.001,1e-06,0.01,1e-07,1.0,1e-08,adamax,0,0.0,ramp,0 days 00:40:34.752395,0.1274637296773365,3.117007478082684,3.079180578384809,-0.0014620286707186
58,58,58,30,6.27110656437013e-05,2.8891495130435387e-06,0.000148126187674,1.3264916183170724e-06,1.5048973285457758e-05,0.0011581817384784,5.157220203102058e-05,6.131659541546484e-05,0.0004660780729704,1.2768899248117112e-05,0.0072951671514835,0.002881168816634,0.0027597115251517,8.652512499850182e-06,2.382448430808114e-05,2.920666011754608e-06,0.026745105949094,0.0630421553652393,0.0738692710966122,0.0869851626558726,0.098220881321052,0.107710903505368,0.1159638600854407,0.1245065032028401,0.138014805555557,0.1469884864458481,0.0051426800539198,0.4053250153491847,-0.0001053572297811,-0.0015331411863752,9308.0,1.0,-0.0,-0.0833333333333333,-0.1666666666666666,-0.25,-0.3333333333333333,-0.4166666666666667,-0.5,-0.5833333333333334,-0.6666666666666667,-0.7500000000000001,-0.8333333333333335,-0.9166666666666669,-1.0,-1.0833333333333337,100000,30,14,0.1,1.0,0.1,0,13,0.001,1e-06,0.01,1e-07,1.0,1e-08,adamax,0,0.0,ramp,0 days 00:40:34.752395,0.1274637329986005,3.1168002246011586,3.0791805936755083,-0.0014620286707187
59,59,59,27,0.0007926995715383,0.0018930530405385,1.8672980308737843e-06,1.7945143418086396e-05,8.999515693774597e-06,1.611356289748854e-05,0.0040933295853296,8.334423996833872e-06,0.0044277152627319,2.240329809616741e-06,1.8096635113582377e-06,4.486428117787589e-05,0.0003704067306862,1.0566283974788836e-06,1.4922434134696224e-05,5.860653745052713e-06,0.0267448462992993,0.0630416394236289,0.0738679982722877,0.0869836224747432,0.0982193061228011,0.1077087390864031,0.1159601788109334,0.1245038359814858,0.1380200064572743,0.1470140140969394,0.0051013437830572,0.4053476025688624,-0.0001305364975479,-0.0015331411855706,11245.0,1.0,-0.0,-0.0833333333333333,-0.1666666666666666,-0.25,-0.3333333333333333,-0.4166666666666667,-0.5,-0.5833333333333334,-0.6666666666666667,-0.7500000000000001,-0.8333333333333335,-0.9166666666666669,-1.0,-1.0833333333333337,100000,30,14,0.1,1.0,0.1,0,13,0.001,1e-06,0.01,1e-07,1.0,1e-08,adamax,0,0.0,ramp,0 days 00:40:34.752395,0.1274637243809331,3.1168141304361536,3.079180554000792,-0.0014620286707184
60,60,60,5,9.30800658215413e-05,0.0061180481093214,1.3084065961886766e-05,0.0003721228718196,0.0038726758582109,0.000993261620132,0.0002236586982054,0.0079896546380604,0.0046109745206446,9.337048271977706e-06,1.709444473608995e-06,1.1195820807226316e-05,7.507576858539543e-06,0.0044945442564711,1.1208628088477902e-05,6.371809514616153e-06,0.026777569101284,0.063125337495906,0.0739665792807434,0.0871001009041278,0.0983520876548241,0.1078586843270493,0.1161294543806144,0.1246658374108737,0.1381761042132337,0.1470982264861744,0.005298479952527,0.405811964434513,-0.0001999526074165,-0.0015331411734786,9375.0,1.0,-0.0,-0.0833333333333333,-0.1666666666666666,-0.25,-0.3333333333333333,-0.4166666666666667,-0.5,-0.5833333333333334,-0.6666666666666667,-0.7500000000000001,-0.8333333333333335,-0.9166666666666669,-1.0,-1.0833333333333337,100000,30,14,0.1,1.0,0.1,0,13,0.001,1e-06,0.01,1e-07,1.0,1e-08,adamax,0,0.0,ramp,0 days 00:40:34.752395,0.1274637306779089,3.117004841000457,3.0791805829913264,-0.0014620286707187
61,61,61,49,4.026791334816982e-06,0.0014193970632839,2.808249789712004e-06,0.0007953639164367,2.451977663360772e-05,9.886218518800583e-06,2.926416951460615e-06,1.7851267766861614e-05,0.0071205446037957,1.1528527405874002e-05,2.298869374542841e-05,5.432898001148499e-06,0.0027439235207273,4.785194550418712e-05,8.919290480428831e-06,7.083778035696606e-06,0.0267464933378547,0.0630426768188919,0.0738688323100011,0.0869839145440667,0.0982202725634068,0.1077150315460909,0.1159773455998501,0.1245219087537741,0.1379674080594772,0.1468294655690351,0.005397489288208,0.4051797489422441,-0.0001156731273833,-0.0015331411038354,9722.0,1.0,-0.0,-0.0833333333333333,-0.1666666666666666,-0.25,-0.3333333333333333,-0.4166666666666667,-0.5,-0.5833333333333334,-0.6666666666666667,-0.7500000000000001,-0.8333333333333335,-0.9166666666666669,-1.0,-1.0833333333333337,100000,30,14,0.1,1.0,0.1,0,13,0.001,1e-06,0.01,1e-07,1.0,1e-08,adamax,0,0.0,ramp,0 days 00:40:34.752395,0.1274637286859966,3.116836205949074,3.079180573820794,-0.0014620286707186
62,62,62,47,7.706195584751025e-05,0.0033771231299808,5.312974591716074e-06,0.0012425591511651,0.000110241354741,0.0035161916626053,0.0001330766364548,6.671277060077743e-06,8.201803280498204e-05,1.1164239311248291e-05,0.0016005101343241,1.836902989739486e-05,2.6319877747593e-05,0.0005983063275157,1.1769604934413048e-05,7.63963303136443e-06,0.0267454679441488,0.0630419102556791,0.0738681400016187,0.0869832369077144,0.0982194067075361,0.1077130849634318,0.1159987355802688,0.1245183463760694,0.1380213857877265,0.1468656772455489,0.0053409489952896,0.4052126060409758,-0.0001164917148385,-0.001533140977318,8837.0,1.0,-0.0,-0.0833333333333333,-0.1666666666666666,-0.25,-0.3333333333333333,-0.4166666666666667,-0.5,-0.5833333333333334,-0.6666666666666667,-0.7500000000000001,-0.8333333333333335,-0.9166666666666669,-1.0,-1.0833333333333337,100000,30,14,0.1,1.0,0.1,0,13,0.001,1e-06,0.01,1e-07,1.0,1e-08,adamax,0,0.0,ramp,0 days 00:40:34.752395,0.127463729088731,3.116849035358026,3.0791805756749344,-0.0014620286707186
63,63,63,91,0.0001006983858543,3.387062240597195e-05,0.0009695295052691,0.0002234366618268,1.1813776871568376e-05,0.0043105669756177,0.0008417758808055,2.06663558795404e-06,6.581315390865386e-05,0.0006289840009398,0.0011609966254969,0.0001726867883359,1.244073747134664e-06,5.051134637767389e-05,1.8198454540852068e-05,5.677091977458633e-06,0.0267581898429415,0.0630824931704728,0.0739162354997202,0.0870419881138848,0.0982843183083855,0.1077696130163527,0.1160054461688731,0.1245534530039989,0.1382203346913504,0.1474805607832698,0.0045382312626911,0.4059663967478465,-0.0001250783980613,-0.0015331409742351,6913.0,1.0,-0.0,-0.0833333333333333,-0.1666666666666666,-0.25,-0.3333333333333333,-0.4166666666666667,-0.5,-0.5833333333333334,-0.6666666666666667,-0.7500000000000001,-0.8333333333333335,-0.9166666666666669,-1.0,-1.0833333333333337,100000,30,14,0.1,1.0,0.1,0,13,0.001,1e-06,0.01,1e-07,1.0,1e-08,adamax,0,0.0,ramp,0 days 00:40:34.752395,0.1274637377139066,3.116883285315316,3.079180615384234,-0.0014620286707189
64,64,64,79,1.227525852518184e-05,0.0036735882026195,0.0005806295049446,9.79207034057592e-05,1.4156084555944953e-06,0.0038377673334637,0.0010786064713436,0.0001379035043093,5.942825843584304e-06,0.0039670122405265,0.000745744501632,1.4438653925020278e-05,7.383845065739902e-05,0.000855075539299,9.405475971809743e-06,9.08587395574098e-06,0.026776776959255,0.0631260466607623,0.073967207862253,0.0871007873157128,0.098352629545373,0.1078580043809318,0.1161261586050254,0.1246832189742095,0.1381911878860427,0.1471479488293693,0.0052222282011299,0.4058605185587687,-0.0001433861877124,-0.001533140967854,9113.0,1.0,-0.0,-0.0833333333333333,-0.1666666666666666,-0.25,-0.3333333333333333,-0.4166666666666667,-0.5,-0.5833333333333334,-0.6666666666666667,-0.7500000000000001,-0.8333333333333335,-0.9166666666666669,-1.0,-1.0833333333333337,100000,30,14,0.1,1.0,0.1,0,13,0.001,1e-06,0.01,1e-07,1.0,1e-08,adamax,0,0.0,ramp,0 days 00:40:34.752395,0.1274637416560738,3.117010028900236,3.079180633533498,-0.001462028670719
65,65,65,48,4.7347370308522255e-05,2.313230036827766e-06,6.298825618341847e-06,0.0001499669354368,2.434360932330573e-05,5.056599323125099e-06,7.799611185874874e-06,4.915971392887002e-06,0.0068137854626206,6.466956088813566e-05,8.2317305657287e-05,1.6284652708997377e-05,0.0042029740441296,2.712692932822997e-05,2.5306024098921017e-05,3.709091010135672e-06,0.0267450617885142,0.0630413492657621,0.0738686332106768,0.086984228910114,0.0982208007474477,0.1077155068079169,0.1159776394141956,0.1245221392116234,0.1379686098440016,0.1468317739563958,0.0053939348646143,0.4051829575605247,-9.7736184336996e-05,-0.0015331408969913,9359.0,1.0,-0.0,-0.0833333333333333,-0.1666666666666666,-0.25,-0.3333333333333333,-0.4166666666666667,-0.5,-0.5833333333333334,-0.6666666666666667,-0.7500000000000001,-0.8333333333333335,-0.9166666666666669,-1.0,-1.0833333333333337,100000,30,14,0.1,1.0,0.1,0,13,0.001,1e-06,0.01,1e-07,1.0,1e-08,adamax,0,0.0,ramp,0 days 00:40:34.752395,0.1274637289061503,3.1168072885113234,3.079180574834353,-0.0014620286707186
66,66,66,92,1.4503802617185746e-05,1.9733789785196087e-05,0.0001052229765631,0.0004658305307815,0.0021694455516417,0.0004984149830898,4.505290007924884e-06,5.046124511701709e-05,0.0066747217960831,1.3010779839179067e-06,0.0015090006152014,0.0082071159531014,3.7870415793347136e-06,0.0001096707985896,1.4270810785815926e-05,6.814723196453184e-06,0.0267578896498171,0.0630826795461525,0.0739160680716334,0.0870419703501864,0.0982839885040639,0.1077666979737301,0.1159958340745166,0.1245419255375547,0.1382519518103908,0.1475911047586631,0.004350093821018,0.406073701133633,-0.0001652948747961,-0.0015331408279909,7006.0,1.0,-0.0,-0.0833333333333333,-0.1666666666666666,-0.25,-0.3333333333333333,-0.4166666666666667,-0.5,-0.5833333333333334,-0.6666666666666667,-0.7500000000000001,-0.8333333333333335,-0.9166666666666669,-1.0,-1.0833333333333337,100000,30,14,0.1,1.0,0.1,0,13,0.001,1e-06,0.01,1e-07,1.0,1e-08,adamax,0,0.0,ramp,0 days 00:40:34.752395,0.1274637370226887,3.116879727417317,3.079180612201936,-0.0014620286707189
67,67,67,50,0.0013821835691462,0.0022438751811874,0.000485780174129,0.0005101527654243,5.267580343615865e-06,0.0009548385157796,3.651837600474444e-05,0.0009554332949289,4.245841923662739e-06,0.0012546127011606,3.38615714647564e-05,0.0007040399727193,0.0003846359297256,2.8211130653698457e-05,1.702493449493957e-05,7.791401137643207e-06,0.026776496187872,0.0631257796442301,0.0739675724476309,0.0871012600977378,0.0983534996038299,0.1078609619617177,0.116133328772386,0.1246907009616673,0.1381710644139573,0.1470762266198022,0.0053375254729123,0.4057960632962777,-0.0001037987005731,-0.0015331407705465,9755.0,1.0,-0.0,-0.0833333333333333,-0.1666666666666666,-0.25,-0.3333333333333333,-0.4166666666666667,-0.5,-0.5833333333333334,-0.6666666666666667,-0.7500000000000001,-0.8333333333333335,-0.9166666666666669,-1.0,-1.0833333333333337,100000,30,14,0.1,1.0,0.1,0,13,0.001,1e-06,0.01,1e-07,1.0,1e-08,adamax,0,0.0,ramp,0 days 00:40:34.752395,0.127463728438697,3.117000747192625,3.0791805726822594,-0.0014620286707186
68,68,68,61,1.0103527314517807e-06,0.001436958765507,8.801662677456825e-05,0.000234514567226,4.839283774694319e-06,0.0002487147779322,0.0030265523359937,4.463908067873587e-05,3.261752196436594e-05,9.794075377099912e-06,0.0002147184716297,0.0098898508924286,0.0001307941021456,0.0001346160754234,6.829537635697229e-06,1.134509072687494e-05,0.026744733968383,0.0630422023517621,0.073867999912419,0.0869827193401046,0.0982186933610848,0.1077124672260193,0.1159729939636127,0.1245173353537997,0.1379735652786613,0.1468558943106097,0.0053517547733454,0.405199876672231,-0.0001184874913505,-0.0015331407215864,9297.0,1.0,-0.0,-0.0833333333333333,-0.1666666666666666,-0.25,-0.3333333333333333,-0.4166666666666667,-0.5,-0.5833333333333334,-0.6666666666666667,-0.7500000000000001,-0.8333333333333335,-0.9166666666666669,-1.0,-1.0833333333333337,100000,30,14,0.1,1.0,0.1,0,13,0.001,1e-06,0.01,1e-07,1.0,1e-08,adamax,0,0.0,ramp,0 days 00:40:34.752395,0.1274637256018524,3.1168311682363745,3.079180559621754,-0.0014620286707185
69,69,69,40,0.0030409797293908,0.0026959520286437,2.795009224510068e-06,0.0001078804672034,0.0008234819963817,1.1858853297523276e-05,1.0951090927552585e-06,0.0005934005199999,8.150561020425372e-05,0.0003027519577072,0.002765110672677,1.871692537153107e-06,6.129446237242656e-05,0.000298842069763,1.757326259007587e-05,8.102207712389536e-06,0.0267444653885117,0.0630420287412218,0.0738687202115175,0.0869840023904869,0.0982202593828381,0.1077140147968363,0.1159743000988813,0.1245186716562558,0.1379770816684459,0.1468633157800116,0.0053431033597781,0.4052105625870227,-9.369206384374368e-05,-0.0015331407097007,9723.0,1.0,-0.0,-0.0833333333333333,-0.1666666666666666,-0.25,-0.3333333333333333,-0.4166666666666667,-0.5,-0.5833333333333334,-0.6666666666666667,-0.7500000000000001,-0.8333333333333335,-0.9166666666666669,-1.0,-1.0833333333333337,100000,30,14,0.1,1.0,0.1,0,13,0.001,1e-06,0.01,1e-07,1.0,1e-08,adamax,0,0.0,ramp,0 days 00:40:34.752395,0.1274637282252623,3.1168149171076664,3.079180571699629,-0.0014620286707186
70,70,70,36,0.0014053585642848,8.062428813817409e-05,0.0002956421891247,9.787291015321128e-05,4.997048849589137e-06,0.0027344011795501,1.0907819084371832e-05,0.0008060760137668,1.2167908897089363e-06,1.871311490605981e-06,0.0078302707632269,1.67964889918501e-05,3.390745130421467e-05,0.0051851826176494,2.812364316198044e-05,5.503626139338443e-06,0.0267432967001352,0.0630403461506728,0.073867670045569,0.086983342726587,0.0982196249687864,0.1077122566845366,0.1159962696301433,0.1245676927871173,0.1379872908110139,0.1469016278915879,0.0052815825078542,0.4052449745159165,-0.0001338046173612,-0.0015331406638771,9074.0,1.0,-0.0,-0.0833333333333333,-0.1666666666666666,-0.25,-0.3333333333333333,-0.4166666666666667,-0.5,-0.5833333333333334,-0.6666666666666667,-0.7500000000000001,-0.8333333333333335,-0.9166666666666669,-1.0,-1.0833333333333337,100000,30,14,0.1,1.0,0.1,0,13,0.001,1e-06,0.01,1e-07,1.0,1e-08,adamax,0,0.0,ramp,0 days 00:40:34.752395,0.1274637248094592,3.116816894341932,3.0791805559736662,-0.0014620286707185
71,71,71,51,0.0029070899138353,0.0010339571081514,0.0001009490383868,5.0389036299127774e-05,0.0003043730400852,0.0005036651169941,0.0099916101414566,0.0003801027792246,7.863946890313617e-05,8.047196092731394e-05,2.751684215304287e-05,9.93767678101478e-06,5.478056484635836e-06,0.0001353233494821,2.091820292458773e-05,7.715092423309572e-06,0.0267454086963857,0.0630448408739017,0.0738722722220219,0.0869881247501234,0.0982249823694011,0.107720362275918,0.1159820017888441,0.1245737319558145,0.1380420957701729,0.1468407435382698,0.0053885268827534,0.405322517533773,-0.0001457227092804,-0.0015331405982937,8883.0,1.0,-0.0,-0.0833333333333333,-0.1666666666666666,-0.25,-0.3333333333333333,-0.4166666666666667,-0.5,-0.5833333333333334,-0.6666666666666667,-0.7500000000000001,-0.8333333333333335,-0.9166666666666669,-1.0,-1.0833333333333337,100000,30,14,0.1,1.0,0.1,0,13,0.001,1e-06,0.01,1e-07,1.0,1e-08,adamax,0,0.0,ramp,0 days 00:40:34.752395,0.1274637281733212,3.1168704511780194,3.079180571460503,-0.0014620286707186
72,72,72,38,0.0001869823030361,0.0001017158529944,0.0007271667589632,1.4425004374831587e-05,1.0701104948827686e-05,8.687138958269675e-05,0.0036760390873937,0.0016030918260915,0.0018956956644599,7.387557737358318e-06,0.0094032385557051,3.996608360934575e-05,2.6709082048191308e-05,0.0012677144077041,2.5389756489626235e-05,6.484428467963168e-06,0.0267597443444255,0.0630827270167805,0.0739174092634685,0.0870419086750881,0.0982862768442748,0.1077878482569224,0.1160562897679372,0.1246072504086859,0.1380614095445302,0.1469287414908723,0.0054043335983607,0.4054637114028473,-0.0001574118504352,-0.0015331405649963,8180.0,1.0,-0.0,-0.0833333333333333,-0.1666666666666666,-0.25,-0.3333333333333333,-0.4166666666666667,-0.5,-0.5833333333333334,-0.6666666666666667,-0.7500000000000001,-0.8333333333333335,-0.9166666666666669,-1.0,-1.0833333333333337,100000,30,14,0.1,1.0,0.1,0,13,0.001,1e-06,0.01,1e-07,1.0,1e-08,adamax,0,0.0,ramp,0 days 00:40:34.752395,0.12746372686413,3.116894433178128,3.07918056543313,-0.0014620286707185
73,73,73,0,5.248119001835125e-05,0.0025830166140178,3.5795683176244206e-05,0.000270544555527,0.0017691662369415,1.113377854448418e-06,0.0001073333510347,0.0039977457229264,2.578599200889428e-06,0.003878941195151,2.6029150913517483e-05,1.633506402344733e-06,0.0028255444335678,0.00572321985715,1.5636296462950933e-05,1.0795911581553544e-05,0.0267431408870604,0.0630406675580394,0.0738669045299129,0.0869816608291228,0.0982176075571994,0.1077110454267853,0.1159771088747574,0.1245179436906376,0.1379882314488609,0.1468652475968639,0.0053406894333675,0.4052064316284112,-0.0001499211350712,-0.0015331404703426,8936.0,1.0,-0.0,-0.0833333333333333,-0.1666666666666666,-0.25,-0.3333333333333333,-0.4166666666666667,-0.5,-0.5833333333333334,-0.6666666666666667,-0.7500000000000001,-0.8333333333333335,-0.9166666666666669,-1.0,-1.0833333333333337,100000,30,14,0.1,1.0,0.1,0,13,0.001,1e-06,0.01,1e-07,1.0,1e-08,adamax,0,0.0,ramp,0 days 00:40:34.752395,0.1274637370318686,3.1168213604495736,3.079180612244206,-0.0014620286707189
74,74,74,11,7.860847040131237e-05,0.0016915526764175,0.0001947909364378,5.962880728799597e-06,0.0001220400459821,4.854505586172707e-06,0.004747017953756,0.0010011831903481,0.0001058470917245,0.000328425222531,1.6406568775360044e-05,4.094756031901936e-06,2.286357676738015e-06,0.0004257458835851,1.7513161275053594e-05,1.0473885281879272e-05,0.0267437921606891,0.0630430682659381,0.0738697415499366,0.0869849189036184,0.0982206170619741,0.1077123942744127,0.1159704711320909,0.1245444681899611,0.1380051852995387,0.1468896043994922,0.0053011794622076,0.4052394511634353,-0.0001172279067929,-0.0015331404651211,9000.0,1.0,-0.0,-0.0833333333333333,-0.1666666666666666,-0.25,-0.3333333333333333,-0.4166666666666667,-0.5,-0.5833333333333334,-0.6666666666666667,-0.7500000000000001,-0.8333333333333335,-0.9166666666666669,-1.0,-1.0833333333333337,100000,30,14,0.1,1.0,0.1,0,13,0.001,1e-06,0.01,1e-07,1.0,1e-08,adamax,0,0.0,ramp,0 days 00:40:34.752395,0.127463732784279,3.1168238054744823,3.079180592688809,-0.0014620286707187
75,75,75,89,0.0001068961583673,0.0036162727274546,1.1713436924504693e-06,9.167062556219204e-06,0.0037655631134762,1.468611269144384e-06,5.00191019167162e-05,1.9068221228624908e-06,0.000162555566369,0.0005717445988021,0.0082370917500106,0.0004486217338038,1.1811480202247118e-05,5.951585245601239e-05,2.171451072785741e-05,9.346285199869904e-06,0.0267592594024697,0.0630831505202061,0.0739175615592174,0.0870418470917447,0.0982861219219636,0.1077877180172207,0.1160561143878173,0.1246070495733252,0.138061372556282,0.146928998388724,0.0054039299529573,0.4054637104499895,-0.0001325147955564,-0.0015331403687141,8579.0,1.0,-0.0,-0.0833333333333333,-0.1666666666666666,-0.25,-0.3333333333333333,-0.4166666666666667,-0.5,-0.5833333333333334,-0.6666666666666667,-0.7500000000000001,-0.8333333333333335,-0.9166666666666669,-1.0,-1.0833333333333337,100000,30,14,0.1,1.0,0.1,0,13,0.001,1e-06,0.01,1e-07,1.0,1e-08,adamax,0,0.0,ramp,0 days 00:40:34.752395,0.1274637388319558,3.116898062920257,3.079180620531597,-0.0014620286707189
76,76,76,22,0.0007927208231665,0.0007275355242335,5.773889507800992e-05,2.4473749592541857e-06,8.64543496626944e-05,7.683223909068807e-05,0.0052512546284283,1.953038165733655e-05,0.0005848074690188,0.0086897981441209,1.1236595969704343e-06,0.0008967404060334,0.000441823591945,4.278280690175162e-05,2.265245969498646e-05,9.43585298397187e-06,0.0267428018153405,0.0630407522699409,0.0738676081076363,0.0869827134400329,0.0982188346236784,0.1077126565745536,0.115973209734888,0.1245175929432016,0.1380164425669548,0.1468533523138876,0.0053558630560705,0.4051970247412883,-0.0001558529347123,-0.0015331403602,9643.0,1.0,-0.0,-0.0833333333333333,-0.1666666666666666,-0.25,-0.3333333333333333,-0.4166666666666667,-0.5,-0.5833333333333334,-0.6666666666666667,-0.7500000000000001,-0.8333333333333335,-0.9166666666666669,-1.0,-1.0833333333333337,100000,30,14,0.1,1.0,0.1,0,13,0.001,1e-06,0.01,1e-07,1.0,1e-08,adamax,0,0.0,ramp,0 days 00:40:34.752395,0.1274637243326172,3.116815462672244,3.0791805537783503,-0.0014620286707184
77,77,77,15,0.0022402736012898,0.0008234380433376,0.0008482506878891,6.349390102510636e-05,1.3827060951970455e-05,2.1454608260015497e-06,3.1739020936226942e-06,0.0028822875521097,1.347639424652098e-05,0.0015554301041885,1.0877661678049348e-05,0.0003763871707686,0.0021425074703878,1.1908730042219131e-05,2.2977232749417948e-05,9.085570238548931e-06,0.0267439957314003,0.0630434135253174,0.0738708084310567,0.086986465678448,0.0982230787169964,0.1077177163070609,0.115979694088766,0.1245235418506045,0.1379700623314756,0.1468312346941792,0.0053956277863402,0.4051827842610854,-0.000103083856542,-0.0015331403585745,9438.0,1.0,-0.0,-0.0833333333333333,-0.1666666666666666,-0.25,-0.3333333333333333,-0.4166666666666667,-0.5,-0.5833333333333334,-0.6666666666666667,-0.7500000000000001,-0.8333333333333335,-0.9166666666666669,-1.0,-1.0833333333333337,100000,30,14,0.1,1.0,0.1,0,13,0.001,1e-06,0.01,1e-07,1.0,1e-08,adamax,0,0.0,ramp,0 days 00:40:34.752395,0.1274637240963714,3.116803981495134,3.079180552690703,-0.0014620286707184
78,78,78,64,1.2797292702233182e-05,0.0001354535736671,2.032857453170697e-05,8.715107413476428e-05,1.5452964867097027e-05,5.334694498636921e-05,5.439771458851458e-06,4.504770054068826e-05,3.7311682548333337e-06,0.0091990617639437,0.0002573880672716,1.462277492379651e-06,0.0074460709739785,1.2804923895192484e-05,3.1528780729211234e-05,1.1445790429422505e-05,0.0267568569467074,0.0630826086424693,0.0739176698710317,0.0870420663357062,0.0982863591033766,0.1077879435228807,0.1160564660565487,0.1246074459860784,0.1380611581131331,0.1469274263971303,0.0054050870090193,0.4054632101126391,-9.389143240100628e-05,-0.0015331397650996,8954.0,1.0,-0.0,-0.0833333333333333,-0.1666666666666666,-0.25,-0.3333333333333333,-0.4166666666666667,-0.5,-0.5833333333333334,-0.6666666666666667,-0.7500000000000001,-0.8333333333333335,-0.9166666666666669,-1.0,-1.0833333333333337,100000,30,14,0.1,1.0,0.1,0,13,0.001,1e-06,0.01,1e-07,1.0,1e-08,adamax,0,0.0,ramp,0 days 00:40:34.752395,0.127463724992377,3.116874864178174,3.079180556815808,-0.0014620286707185
79,79,79,93,0.0030067414354836,0.0001256887261569,0.0003029384469561,7.091879951999455e-06,9.353749466663896e-05,4.496531354770013e-05,3.6012775703853164e-06,1.40867835271426e-05,0.0001469888906073,6.611696130002765e-05,0.0032960222418609,0.0001717705666785,0.003360561807881,0.0045650414400719,4.875832444562058e-05,1.0198388799520434e-05,0.0267679042218806,0.0631252126061722,0.0739615057872826,0.087104679327571,0.0983569255589128,0.1078634471326809,0.1161381986923027,0.1246881387897891,0.1381584392705717,0.1471036933168465,0.0052880618124809,0.4058192130333926,-7.774442136350867e-05,-0.0015331393606861,8830.0,1.0,-0.0,-0.0833333333333333,-0.1666666666666666,-0.25,-0.3333333333333333,-0.4166666666666667,-0.5,-0.5833333333333334,-0.6666666666666667,-0.7500000000000001,-0.8333333333333335,-0.9166666666666669,-1.0,-1.0833333333333337,100000,30,14,0.1,1.0,0.1,0,13,0.001,1e-06,0.01,1e-07,1.0,1e-08,adamax,0,0.0,ramp,0 days 00:40:34.752395,0.1274637362228345,3.116926908541669,3.079180608519514,-0.0014620286707188
80,80,80,9,0.0001718986434047,0.0001500301269729,8.62773314858391e-05,1.0612498422732656e-05,3.982275703910876e-05,7.402858156634801e-05,2.759686380244652e-05,0.0033337942356907,1.761345348577101e-05,0.0013119368649555,2.107307824798845e-05,5.30143461916656e-05,3.832021329484213e-05,0.0006863785678642,3.768539607416521e-05,1.5203617627673988e-05,0.0267697239304822,0.0631241056187222,0.0739670182548811,0.0871006909495122,0.098352570429128,0.1078583745431618,0.1161277970230519,0.1246857554159162,0.138183875249322,0.1471223373901536,0.0052608614452969,0.4058362883544768,-9.158422785755673e-05,-0.0015331392032817,8767.0,1.0,-0.0,-0.0833333333333333,-0.1666666666666666,-0.25,-0.3333333333333333,-0.4166666666666667,-0.5,-0.5833333333333334,-0.6666666666666667,-0.7500000000000001,-0.8333333333333335,-0.9166666666666669,-1.0,-1.0833333333333337,100000,30,14,0.1,1.0,0.1,0,13,0.001,1e-06,0.01,1e-07,1.0,1e-08,adamax,0,0.0,ramp,0 days 00:40:34.752395,0.1274637344075566,3.1169444857232205,3.079180600162186,-0.0014620286707188
81,81,81,13,6.097147615595793e-06,0.0003778720220263,0.0002383654750957,8.988924309727298e-06,0.0053508046679497,2.646241297888437e-06,0.0029732656745408,2.6188016818147067e-06,0.0001620416115247,0.0025598971447211,3.357736613057564e-06,4.184160718112451e-05,1.119666481850423e-06,0.0010097678287103,6.826996144196192e-06,2.6291586319723624e-05,0.0267544712912636,0.0630850893327536,0.073918186789045,0.0870414886149762,0.0982847597686682,0.1077833287806211,0.1160445344982228,0.1245951894081471,0.1380988438203356,0.1470685079427713,0.0051657314097355,0.4055995813742148,-0.0001498633944333,-0.0015331390940654,6103.0,1.0,-0.0,-0.0833333333333333,-0.1666666666666666,-0.25,-0.3333333333333333,-0.4166666666666667,-0.5,-0.5833333333333334,-0.6666666666666667,-0.7500000000000001,-0.8333333333333335,-0.9166666666666669,-1.0,-1.0833333333333337,100000,30,14,0.1,1.0,0.1,0,13,0.001,1e-06,0.01,1e-07,1.0,1e-08,adamax,0,0.0,ramp,0 days 00:40:34.752395,0.1274637292673502,3.1168935642770976,3.079180576497282,-0.0014620286707186
82,82,82,14,0.0046818530364613,6.047617898906319e-06,0.0050673710367776,1.709324668201618e-05,1.3450991055474523e-06,2.9691862353611457e-06,2.2809496662243665e-05,2.417674022872239e-06,0.0007683181047478,1.5526506097132014e-06,0.002522543737493,0.0024887139488952,3.23830985527345e-06,4.425902685406022e-05,0.0001182698073665,2.157556463568069e-06,0.0267444898698155,0.0630757770735893,0.0739165783362188,0.0870439254874015,0.0982880365496541,0.1077813416989888,0.1160327152081441,0.1245819419511892,0.1381448556232614,0.1472155967101757,0.0049472300532097,0.4057286171415418,-8.777757562389182e-05,-0.0015331378477373,8163.0,1.0,-0.0,-0.0833333333333333,-0.1666666666666666,-0.25,-0.3333333333333333,-0.4166666666666667,-0.5,-0.5833333333333334,-0.6666666666666667,-0.7500000000000001,-0.8333333333333335,-0.9166666666666669,-1.0,-1.0833333333333337,100000,30,14,0.1,1.0,0.1,0,13,0.001,1e-06,0.01,1e-07,1.0,1e-08,adamax,0,0.0,ramp,0 days 00:40:34.752395,0.1274637365013506,3.11669387982,3.079180609801763,-0.0014620286707189
83,83,83,77,4.3660765812498e-05,1.9426613067664976e-06,5.2537695096373176e-05,1.1804797454700357e-05,1.0428509202745175e-06,0.0001788940740793,0.0002238748444333,3.375867543806482e-05,3.65039828425035e-05,0.0075272463913244,2.6128205911748967e-06,0.0030182553421022,0.001065839042164,0.0039418791665757,0.0001161733626528,3.327895254213672e-06,0.0267412021139893,0.0630420398978264,0.073895293930389,0.087032012208842,0.0982744534527765,0.1077368385529354,0.1160186557116839,0.1245779538858491,0.1381059347194746,0.147002352805257,0.0051182356290703,0.4053362502499194,-9.295111937933556e-05,-0.0015331377597832,8043.0,1.0,-0.0,-0.0833333333333333,-0.1666666666666666,-0.25,-0.3333333333333333,-0.4166666666666667,-0.5,-0.5833333333333334,-0.6666666666666667,-0.7500000000000001,-0.8333333333333335,-0.9166666666666669,-1.0,-1.0833333333333337,100000,30,14,0.1,1.0,0.1,0,13,0.001,1e-06,0.01,1e-07,1.0,1e-08,adamax,0,0.0,ramp,0 days 00:40:34.752395,0.1274637419989613,3.116641511856817,3.079180635112117,-0.001462028670719
84,84,84,35,0.0006915200615036,0.0006542845660374,6.88931653353836e-05,1.7834557299937283e-05,0.0084993589814318,9.002792051208459e-06,0.0051851540098157,4.352810301216462e-06,0.0083992083758789,5.497907178727918e-05,0.0007006264613831,0.0003092261521161,5.211307538521682e-06,0.0043082332375229,4.167070995117452e-05,2.754950797924544e-05,0.0267457350804383,0.0630827175325266,0.073917742716373,0.0870429933596923,0.098285218233378,0.107771347144756,0.1160114600191667,0.1245610368248515,0.138199019478433,0.1473899718589548,0.0046836328343625,0.4058807299215413,-0.0002219278381297,-0.0015331376624549,5883.0,1.0,-0.0,-0.0833333333333333,-0.1666666666666666,-0.25,-0.3333333333333333,-0.4166666666666667,-0.5,-0.5833333333333334,-0.6666666666666667,-0.7500000000000001,-0.8333333333333335,-0.9166666666666669,-1.0,-1.0833333333333337,100000,30,14,0.1,1.0,0.1,0,13,0.001,1e-06,0.01,1e-07,1.0,1e-08,adamax,0,0.0,ramp,0 days 00:40:34.752395,0.1274637234941746,3.11681124769366,3.0791805499182563,-0.0014620286707184
85,85,85,6,1.7163724315632562e-05,0.0017849256239986,8.90589036025289e-06,0.0014488687512887,0.0006371906012212,2.082744950230139e-05,0.0060823708529009,0.0004327279063521,2.634176701481237e-05,0.0081458705541977,0.0045378772143195,0.0005671783476738,3.3137853861393383e-06,0.003370641993478,1.4866927380866212e-05,3.750441225584582e-05,0.0267481007921714,0.0630849688493996,0.0739184618279984,0.0870419732164093,0.0982844469547846,0.1077774878212181,0.1160289293813885,0.1245787526361785,0.13814523122566,0.1472221589644816,0.0049358363519448,0.4057320602693061,-0.0002029208776668,-0.0015331375469545,7087.0,1.0,-0.0,-0.0833333333333333,-0.1666666666666666,-0.25,-0.3333333333333333,-0.4166666666666667,-0.5,-0.5833333333333334,-0.6666666666666667,-0.7500000000000001,-0.8333333333333335,-0.9166666666666669,-1.0,-1.0833333333333337,100000,30,14,0.1,1.0,0.1,0,13,0.001,1e-06,0.01,1e-07,1.0,1e-08,adamax,0,0.0,ramp,0 days 00:40:34.752395,0.1274637421888266,3.116857379374905,3.079180635986238,-0.0014620286707191
86,86,86,66,0.0008517075639787,1.6137109368755754e-06,4.0098357792405005e-05,3.955669781679087e-06,3.3659792337363617e-06,0.0001621719728115,8.68276709728931e-06,0.0005060857637331,1.5975522350669573e-05,2.67898086296454e-05,0.001057356493496,0.0002242215913611,5.264704262073607e-06,4.7852564082386224e-05,0.000118268414001,4.750059103790039e-06,0.0267439322301789,0.0630761337986653,0.0739169092919846,0.0870439171870987,0.0982882809205462,0.1077843428388223,0.1160412034037298,0.1245908774486931,0.1381174697599118,0.1471205178679682,0.0050982641087039,0.4056415286698696,-6.688514052405009e-05,-0.0015331375250109,8300.0,1.0,-0.0,-0.0833333333333333,-0.1666666666666666,-0.25,-0.3333333333333333,-0.4166666666666667,-0.5,-0.5833333333333334,-0.6666666666666667,-0.7500000000000001,-0.8333333333333335,-0.9166666666666669,-1.0,-1.0833333333333337,100000,30,14,0.1,1.0,0.1,0,13,0.001,1e-06,0.01,1e-07,1.0,1e-08,adamax,0,0.0,ramp,0 days 00:40:34.752395,0.1274637246187935,3.116695534364762,3.079180555095866,-0.0014620286707185
87,87,87,24,8.213782602285918e-06,0.0009563324770375,0.0003631159241124,5.604179588105022e-05,4.090767544749221e-06,3.168942684497442e-05,0.0066192195978146,5.724733725135198e-05,2.9064658346885567e-05,0.0005155394761839,0.0001572799215361,0.000966331722274,2.380272489739002e-05,0.0002996389590228,1.5084162951856649e-05,3.750404135918855e-05,0.0267494149700911,0.0630853873999311,0.0739190585522336,0.0870418902401338,0.0982853684730848,0.1077864208790526,0.1160543030096374,0.1246056747425388,0.1380644015826022,0.1469412255697968,0.0053814830678872,0.4054757980932784,-0.0001256336223324,-0.0015331373683582,7320.0,1.0,-0.0,-0.0833333333333333,-0.1666666666666666,-0.25,-0.3333333333333333,-0.4166666666666667,-0.5,-0.5833333333333334,-0.6666666666666667,-0.7500000000000001,-0.8333333333333335,-0.9166666666666669,-1.0,-1.0833333333333337,100000,30,14,0.1,1.0,0.1,0,13,0.001,1e-06,0.01,1e-07,1.0,1e-08,adamax,0,0.0,ramp,0 days 00:40:34.752395,0.1274637328281337,3.1168722378913807,3.079180592890709,-0.0014620286707187
88,88,88,83,1.8341342283206213e-05,0.001585188846749,1.443916057291906e-05,8.457479313526751e-06,0.0067844861317379,2.3747428077983185e-05,0.0032318209860066,0.0019627653251163,0.0002106405118293,0.0021643256659605,7.26828925007608e-05,0.0049264040206682,4.442576332204288e-06,0.0001335388461558,1.8571431610763587e-05,3.750634109686296e-05,0.0267483935916861,0.0630851817126616,0.0739190007686881,0.0870419986621424,0.0982853151605336,0.107784936695463,0.116049820240516,0.1246008230782088,0.1380792161110569,0.146993459946179,0.0052985633469403,0.4055217484260984,-0.0001874152051934,-0.0015331372979687,6449.0,1.0,-0.0,-0.0833333333333333,-0.1666666666666666,-0.25,-0.3333333333333333,-0.4166666666666667,-0.5,-0.5833333333333334,-0.6666666666666667,-0.7500000000000001,-0.8333333333333335,-0.9166666666666669,-1.0,-1.0833333333333337,100000,30,14,0.1,1.0,0.1,0,13,0.001,1e-06,0.01,1e-07,1.0,1e-08,adamax,0,0.0,ramp,0 days 00:40:34.752395,0.1274637408475507,3.1168619318382205,3.0791806298111584,-0.001462028670719
89,89,89,94,1.1943950009880092e-05,0.0034576392428309,2.6173062423570665e-05,0.0001272102107042,9.903858207985122e-06,0.0001413685953251,0.0093394419722709,4.636754545728667e-06,1.0142938528617751e-05,0.0033769573784988,3.6232624105104414e-06,0.0039365620945965,2.053530535999175e-06,0.0001548916628948,2.505755828956648e-05,3.7473681831112e-05,0.0267464550397883,0.0630842766092477,0.0739184621526088,0.0870421842934734,0.0982847485004078,0.1077778926880528,0.1160295583857592,0.1245793349268876,0.1381440979378409,0.1472180007569923,0.004942471863952,0.4057284120721585,-0.0001657112899944,-0.0015331371773128,7485.0,1.0,-0.0,-0.0833333333333333,-0.1666666666666666,-0.25,-0.3333333333333333,-0.4166666666666667,-0.5,-0.5833333333333334,-0.6666666666666667,-0.7500000000000001,-0.8333333333333335,-0.9166666666666669,-1.0,-1.0833333333333337,100000,30,14,0.1,1.0,0.1,0,13,0.001,1e-06,0.01,1e-07,1.0,1e-08,adamax,0,0.0,ramp,0 days 00:40:34.752395,0.1274637352960182,3.116836730497008,3.0791806042525525,-0.0014620286707188
90,90,90,88,9.393616778456728e-05,0.0076599969221514,3.01586916945453e-05,1.9095855284155472e-05,0.0001989168211204,0.0014399733988155,0.0012177475622294,0.0085020248852109,3.133054424648833e-05,0.0001569654963437,8.779346528458363e-05,0.0092875903337131,0.0007763414391538,0.0025932942398718,3.68463763019089e-05,3.250411221730104e-05,0.0267642532989729,0.063126989887078,0.0739699407172649,0.0871027636064032,0.0983527758306729,0.1078280676664854,0.1161343282102321,0.1246807381553893,0.1381584938109243,0.147052915415857,0.0053743909182184,0.4057747292715403,-0.0001807666264118,-0.0015331371557965,7967.0,1.0,-0.0,-0.0833333333333333,-0.1666666666666666,-0.25,-0.3333333333333333,-0.4166666666666667,-0.5,-0.5833333333333334,-0.6666666666666667,-0.7500000000000001,-0.8333333333333335,-0.9166666666666669,-1.0,-1.0833333333333337,100000,30,14,0.1,1.0,0.1,0,13,0.001,1e-06,0.01,1e-07,1.0,1e-08,adamax,0,0.0,ramp,0 days 00:40:34.752395,0.1274637392813278,3.1169143205997774,3.0791806226004548,-0.001462028670719
91,91,91,33,0.006833556116551,0.0006450004175238,6.914919726602546e-06,0.0023232514576114,0.0060822474329229,3.172345682799194e-06,0.0005282025140259,8.213985046875949e-06,1.2039846603504002e-05,8.81166728605345e-06,2.4061343744871707e-06,0.0001148430178871,8.128995729901651e-06,0.0006531843480262,0.0001144227293051,9.798280058798748e-06,0.0267105398552614,0.0630686500081916,0.0738928140307756,0.0870246676172688,0.0982761587367298,0.1077729107923519,0.1160285301760253,0.1245774554642112,0.1381435564149783,0.1472233621920691,0.004929465019348,0.405705594974203,-0.0001092156955857,-0.0015331371020782,8580.0,1.0,-0.0,-0.0833333333333333,-0.1666666666666666,-0.25,-0.3333333333333333,-0.4166666666666667,-0.5,-0.5833333333333334,-0.6666666666666667,-0.7500000000000001,-0.8333333333333335,-0.9166666666666669,-1.0,-1.0833333333333337,100000,30,14,0.1,1.0,0.1,0,13,0.001,1e-06,0.01,1e-07,1.0,1e-08,adamax,0,0.0,ramp,0 days 00:40:34.752395,0.1274637394979065,3.116727126414468,3.079180623597563,-0.001462028670719
92,92,92,20,0.0024750108028237,0.0002666428041397,0.0008224955348629,0.0022891051638463,0.0012835702301711,1.8195114127877832e-06,3.684127394929772e-05,6.362458782659626e-05,2.446674671395968e-05,0.000516014150898,0.0035652054012416,0.0003178231117152,2.4762050306124413e-05,0.0029178825365799,0.0001182642603157,1.0182546720318208e-05,0.0267403673081788,0.0630745993504544,0.0739217489957385,0.0870411264360024,0.0982872015043413,0.1077755695568081,0.1160167511324348,0.124565082388352,0.1381954977241059,0.1473851929096813,0.0046791239798631,0.4058830084202453,-0.0001082212995035,-0.0015331368631758,5481.0,1.0,-0.0,-0.0833333333333333,-0.1666666666666666,-0.25,-0.3333333333333333,-0.4166666666666667,-0.5,-0.5833333333333334,-0.6666666666666667,-0.7500000000000001,-0.8333333333333335,-0.9166666666666669,-1.0,-1.0833333333333337,100000,30,14,0.1,1.0,0.1,0,13,0.001,1e-06,0.01,1e-07,1.0,1e-08,adamax,0,0.0,ramp,0 days 00:40:34.752395,0.1274637340229609,3.1166737247729914,3.079180598391552,-0.0014620286707188
93,93,93,46,9.54889286130132e-05,0.0091855189495951,3.291124398431915e-06,5.252252886728784e-06,8.06055236935277e-06,0.0005850576650935,7.688375430447297e-05,6.20353738077426e-05,8.255956369380467e-06,0.0001796170776602,2.666038299049244e-06,0.0001288284975055,4.681884607656623e-06,6.982280821541507e-05,4.5169183599658176e-05,3.747623972951967e-05,0.0267441656568612,0.0630831616576582,0.0739188629691712,0.0870425282314131,0.0982859353964121,0.107784725586459,0.1160479300542162,0.1245988330850805,0.1380874915557446,0.1470206979110013,0.0052541075344227,0.4055495654697753,-7.109734890603095e-05,-0.0015331363529499,7929.0,1.0,-0.0,-0.0833333333333333,-0.1666666666666666,-0.25,-0.3333333333333333,-0.4166666666666667,-0.5,-0.5833333333333334,-0.6666666666666667,-0.7500000000000001,-0.8333333333333335,-0.9166666666666669,-1.0,-1.0833333333333337,100000,30,14,0.1,1.0,0.1,0,13,0.001,1e-06,0.01,1e-07,1.0,1e-08,adamax,0,0.0,ramp,0 days 00:40:34.752395,0.127463729222058,3.116805889908854,3.0791805762887607,-0.0014620286707186
94,94,94,70,1.6003339038362523e-06,0.0094712363270294,0.0008427502210262,2.6405178726778178e-06,7.95253343629795e-05,6.120332345141209e-05,0.0007205560620457,7.199795946719987e-06,2.379130304518695e-05,9.568864170482388e-05,0.0009117748996697,0.0003829143498353,1.0929729562964826e-06,0.0007370957996839,4.424677634158832e-06,2.963437132252333e-05,0.0267197448708504,0.0630387454465701,0.0738613074852237,0.0869825972229168,0.0982055527404826,0.1076043870376982,0.1156703662926244,0.1242005473552464,0.1389367040859671,0.1501857936317332,7.477875936410631e-05,0.4082529250190637,-8.055984958225225e-05,-0.0015331186203815,9348.0,1.0,-0.0,-0.0833333333333333,-0.1666666666666666,-0.25,-0.3333333333333333,-0.4166666666666667,-0.5,-0.5833333333333334,-0.6666666666666667,-0.7500000000000001,-0.8333333333333335,-0.9166666666666669,-1.0,-1.0833333333333337,100000,30,14,0.1,1.0,0.1,0,13,0.001,1e-06,0.01,1e-07,1.0,1e-08,adamax,0,0.0,ramp,0 days 00:40:34.752395,0.1274637239244097,3.1166304675276453,3.0791805518990114,-0.0014620286707184
95,95,95,97,0.001195500004423,0.000496936079102,0.0010047039813894,0.0018218972331797,2.2459736052308208e-06,0.0007116538764049,0.000166671336853,0.0002495449552389,2.890996919997671e-05,1.7261495074916155e-05,0.0031038207973754,0.0005441879433401,1.6738649517847894e-06,0.0009845670645223,7.619282107739014e-05,2.498737806629228e-05,0.0267255508112866,0.0630855601103808,0.073868926531732,0.087094435915185,0.0982708153982567,0.1076775053882351,0.1157524411985844,0.124291464531516,0.1390268020975935,0.1502613713015101,0.0001284601398633,0.4085213032376917,-0.0001068992290855,-0.0015331169745598,5282.0,1.0,-0.0,-0.0833333333333333,-0.1666666666666666,-0.25,-0.3333333333333333,-0.4166666666666667,-0.5,-0.5833333333333334,-0.6666666666666667,-0.7500000000000001,-0.8333333333333335,-0.9166666666666669,-1.0,-1.0833333333333337,100000,30,14,0.1,1.0,0.1,0,13,0.001,1e-06,0.01,1e-07,1.0,1e-08,adamax,0,0.0,ramp,0 days 00:40:34.752395,0.1274637315260014,3.116590528059953,3.079180586895845,-0.0014620286707187
96,96,96,85,0.0006638036069116,7.815780998994106e-05,0.0001262230959271,0.0037221397440973,1.0554201266705738e-05,1.15658298389443e-05,4.119496795796056e-06,4.742908234600738e-05,1.7538605373617236e-05,5.171991071515686e-06,0.0032949565843746,7.424187932890396e-05,2.514843490506381e-06,0.0003512302068404,1.3082840403778682e-05,2.225748422865329e-06,2.7187891890282744e-05,0.0775033211975976,0.0810521880411057,0.0922228348403963,0.1003872754187141,0.1084638581742653,0.116371609752966,0.1248966474269672,0.1385007806016421,0.1475966337481058,0.0045230270458788,0.4064340482832241,-9.322729849153424e-05,-0.001532179917508,6979.0,1.0,-0.0,-0.0833333333333333,-0.1666666666666666,-0.25,-0.3333333333333333,-0.4166666666666667,-0.5,-0.5833333333333334,-0.6666666666666667,-0.7500000000000001,-0.8333333333333335,-0.9166666666666669,-1.0,-1.0833333333333337,100000,30,14,0.1,1.0,0.1,0,13,0.001,1e-06,0.01,1e-07,1.0,1e-08,adamax,0,0.0,ramp,0 days 00:40:34.752395,0.1274637403268086,3.1239185426978726,3.079180627413725,-0.001462028670719
97,97,97,26,0.0052809617299087,7.478547285958581e-05,8.44825085329597e-06,0.0042854078822649,5.2786449824592e-05,2.082785470224493e-06,0.0001771650885754,6.114669816171719e-06,7.728550070689044e-05,0.0009159510097737,1.7326921193521265e-06,5.852724665732945e-05,0.0006557352049236,0.0014816119312432,1.1851523513734911e-05,2.227093700930894e-06,1.3068565478612489e-06,0.0775725846931612,0.0811207979013669,0.0922959898540051,0.100462086765941,0.1085549064094664,0.1164906033458342,0.125022236742924,0.1384897733734757,0.1473307885461587,0.0051024682365743,0.4063992443257873,-9.32904614693276e-05,-0.0015321777774922,9526.0,1.0,-0.0,-0.0833333333333333,-0.1666666666666666,-0.25,-0.3333333333333333,-0.4166666666666667,-0.5,-0.5833333333333334,-0.6666666666666667,-0.7500000000000001,-0.8333333333333335,-0.9166666666666669,-1.0,-1.0833333333333337,100000,30,14,0.1,1.0,0.1,0,13,0.001,1e-06,0.01,1e-07,1.0,1e-08,adamax,0,0.0,ramp,0 days 00:40:34.752395,0.127463740263918,3.1240497947386565,3.0791806271241837,-0.001462028670719
98,98,98,76,1.1335004247965446e-06,0.006707475772099,0.0001221675810672,6.975153336948604e-06,4.063375825129446e-06,8.165230844817485e-06,2.5596899165053344e-06,1.890089304033816e-06,0.004596354500333,1.936596715579196e-05,1.7149245173739513e-05,1.7322285229528916e-06,0.004450337881119,0.0099030153061558,0.0001035164326772,1.0004988980083114,0.1421347737760067,0.0091797602594076,0.0051652535250444,0.0104685406664953,0.0029151281089299,0.0018958708735062,0.3803611099509711,0.0232867805397566,0.0196758538008854,0.0004268272042243,0.2647574880226219,0.6104369191742798,-9.202382455434808e-05,-0.0012609876110623,3158.0,1.0,-0.0,-0.0833333333333333,-0.1666666666666666,-0.25,-0.3333333333333333,-0.4166666666666667,-0.5,-0.5833333333333334,-0.6666666666666667,-0.7500000000000001,-0.8333333333333335,-0.9166666666666669,-1.0,-1.0833333333333337,100000,30,14,0.1,1.0,0.1,0,13,0.001,1e-06,0.01,1e-07,1.0,1e-08,adamax,0,0.0,ramp,0 days 00:40:34.752395,0.127463742163284,3.0907299181794645,3.079180635868641,-0.0014620286707191
99,99,99,59,0.0007871524669706,0.0041746216501594,0.0024995090080686,1.1084216282967313e-05,0.0001668558419913,0.0003962618601989,2.088958669836613e-06,1.276286610884742e-06,1.2812004574622987e-06,0.0004441444878989,8.259459959638784e-05,0.0002647207980661,3.222582438066866e-05,3.0969492668106074e-05,0.0263015717774051,1.001529075719617,0.1713522066308442,0.002292733155575,0.0419742580002651,0.0979111167821098,0.0004484829617692,0.0002457774652957,0.0002253039780588,0.1063641973069562,0.0191829620481191,0.0611208625881801,0.006675475697068,0.0057879456100129,-7.973000937080606e-05,-0.0009297233919378,2414.0,1.0,-0.0,-0.0833333333333333,-0.1666666666666666,-0.25,-0.3333333333333333,-0.4166666666666667,-0.5,-0.5833333333333334,-0.6666666666666667,-0.7500000000000001,-0.8333333333333335,-0.9166666666666669,-1.0,-1.0833333333333337,100000,30,14,0.1,1.0,0.1,0,13,0.001,1e-06,0.01,1e-07,1.0,1e-08,adamax,0,0.0,ramp,0 days 00:40:34.752395,0.1274637260502675,2.7387230801953693,3.0791805616862105,-0.0014620286707185
