,Unnamed: 0.2,Unnamed: 0.1,Unnamed: 0,Gamma0_1,Gamma0_2,Gamma0_3,Gamma0_4,Gamma0_5,Gamma0_6,Gamma0_7,Gamma0_8,Gamma0_9,Gamma0_10,Gamma0_11,Gamma0_12,Gamma0_13,Gamma0_14,Gamma1,Gamma2,Gamma3,Gamma4,Gamma5,Gamma6,Gamma7,Gamma8,Gamma9,Gamma10,Gamma11,Gamma12,Gamma13,Gamma14,eta0,eta,count,success,e1,e2,e3,e4,e5,e6,e7,e8,e9,e10,e11,e12,e13,e14,max_iter,min_iter,N,Jmax,alpha,gleak,ex,lk,rate,minGg,maxGg,minGo,maxGo,tol,optim,exfix,exval,profile,runtime,Gamma,cohlength,ucohlength,ueta
0,0,0,56,0.0062313420088717,0.0098997104840578,1.991500687274797e-05,0.0076378162505542,0.0018310329886834,1.689756837102448e-06,5.373275830775994e-06,0.002622512039389,3.406607421459286e-06,0.0005053128450826,0.0001086127204118,5.507618985980198e-05,2.5370695328025104e-05,1.376619701699898e-05,0.0923116344972779,0.1231313423845566,0.0316138216185276,0.1357216360087488,0.0276561943360713,0.1382757369902213,0.0262931435890052,0.1400333589507232,0.0248879064192289,0.14141185629025,0.0243116727001054,0.1432624101584282,0.019662734521999,0.0533870506272356,-3.7596955658539774e-05,-0.0011095932390553,9829.0,1.0,-0.0,-0.0833333333333333,-0.1666666666666666,-0.25,-0.3333333333333333,-0.4166666666666667,-0.5,-0.5833333333333334,-0.6666666666666667,-0.7500000000000001,-0.8333333333333335,-0.9166666666666669,-1.0,-1.0833333333333337,100000,30,14,0.1,5.0,0.1,0,13,0.001,1e-06,0.01,1e-07,1.0,1e-08,adamax,0,0.0,ramp,0 days 00:53:25.584579,0.0789739904462431,1.0888367513336377,1.0566528827591586,-0.0010994411202325
1,1,1,92,0.0033186726401749,1.3088582036790416e-05,2.746957376123951e-05,2.467375004913183e-06,2.046219954058389e-06,0.0001652303168123,1.1860939958602393e-05,3.5623578325243015e-05,0.0007188866869339,0.0001562850691706,0.0019256006164918,3.323454222637429e-05,2.531513879189132e-06,0.0011689499061689,0.0928217303061023,0.1225566693387868,0.0322868386969976,0.1350603216494555,0.0282672862057715,0.1377658682211717,0.0267031416036662,0.1397411727376206,0.025076031226386,0.1413306009548365,0.0243079903011623,0.1433396860545056,0.0195331082386279,0.0535303644263357,-6.192263577107893e-06,-0.0011095932385529,9300.0,1.0,-0.0,-0.0833333333333333,-0.1666666666666666,-0.25,-0.3333333333333333,-0.4166666666666667,-0.5,-0.5833333333333334,-0.6666666666666667,-0.7500000000000001,-0.8333333333333335,-0.9166666666666669,-1.0,-1.0833333333333337,100000,30,14,0.1,5.0,0.1,0,13,0.001,1e-06,0.01,1e-07,1.0,1e-08,adamax,0,0.0,ramp,0 days 00:53:25.584579,0.0789739914473011,1.0883858995632674,1.0566528826965689,-0.0010994411202325
2,2,2,64,3.886912998874904e-05,0.0004596275136881,2.8804788785724744e-06,5.126617634907765e-05,0.000462066789691,0.0005243832076433,5.350020766863813e-05,3.171410778068278e-05,1.810277774487859e-06,0.0006503467348653,2.22466864722415e-05,0.0072768581032629,0.0005818441556601,0.0051632849019852,0.0927527280113682,0.1227218689549842,0.0321622741219115,0.1351514274137999,0.0282028865458041,0.1379887861327682,0.026419850616828,0.1402018574061713,0.0244783623271235,0.1420556755028635,0.0234894789103692,0.1442735158471767,0.018491527205523,0.0545952449164863,-1.1250447183184682e-05,-0.0011095931520445,8063.0,1.0,-0.0,-0.0833333333333333,-0.1666666666666666,-0.25,-0.3333333333333333,-0.4166666666666667,-0.5,-0.5833333333333334,-0.6666666666666667,-0.7500000000000001,-0.8333333333333335,-0.9166666666666669,-1.0,-1.0833333333333337,100000,30,14,0.1,5.0,0.1,0,13,0.001,1e-06,0.01,1e-07,1.0,1e-08,adamax,0,0.0,ramp,0 days 00:53:25.584579,0.0789739931048109,1.088588822439451,1.056652882592935,-0.0010994411202326
3,3,3,31,0.000922214477775,0.0022340864616234,0.0024658791717828,7.148154477795864e-06,3.452716985944532e-05,2.0267813275789995e-06,1.3450341177599473e-05,0.0003111529627046,1.0016457094576398e-06,3.151888992737159e-05,0.0004074050118529,0.0054902823344837,7.583423811971488e-06,6.682459273452453e-05,0.0946866147266622,0.1204476438270852,0.034850964065393,0.1320171571734544,0.0316017727077147,0.1343985445755475,0.0300773704002952,0.1363414632036899,0.0284915863846502,0.1379143311946379,0.0276999069543207,0.1398314546513707,0.0232444543704666,0.0497977221413855,-7.504656812045099e-06,-0.0011095930414736,9161.0,1.0,-0.0,-0.0833333333333333,-0.1666666666666666,-0.25,-0.3333333333333333,-0.4166666666666667,-0.5,-0.5833333333333334,-0.6666666666666667,-0.7500000000000001,-0.8333333333333335,-0.9166666666666669,-1.0,-1.0833333333333337,100000,30,14,0.1,5.0,0.1,0,13,0.001,1e-06,0.01,1e-07,1.0,1e-08,adamax,0,0.0,ramp,0 days 00:53:25.584579,0.0789739924736178,1.0854270698175716,1.0566528826324006,-0.0010994411202326
4,4,4,54,6.117116897428528e-06,3.936679349830045e-05,4.6105782909227296e-05,0.0022575202785294,1.078708239948518e-05,2.819513572494916e-06,0.0001308307004587,1.3055492583906622e-06,0.0003817593106623,4.774292806694956e-06,0.0094014920386412,0.0047466609609323,2.608562711811327e-06,1.0750204753805718e-05,0.0952002391844073,0.1201457722184643,0.035458885707231,0.1315474252740306,0.0323772060457215,0.1336918651731693,0.0311502568331841,0.1353984755008294,0.0297454710238987,0.1368486955263248,0.0290402591160258,0.1386701610801056,0.0247360983572909,0.0483498578152437,-1.2214387337271629e-05,-0.0011095929512351,9330.0,1.0,-0.0,-0.0833333333333333,-0.1666666666666666,-0.25,-0.3333333333333333,-0.4166666666666667,-0.5,-0.5833333333333334,-0.6666666666666667,-0.7500000000000001,-0.8333333333333335,-0.9166666666666669,-1.0,-1.0833333333333337,100000,30,14,0.1,5.0,0.1,0,13,0.001,1e-06,0.01,1e-07,1.0,1e-08,adamax,0,0.0,ramp,0 days 00:53:25.584579,0.0789739877485232,1.0846242442525331,1.0566528829278283,-0.0010994411202323
5,5,5,73,0.0079903156951083,0.0006227085805448,0.0011376664271815,1.2011431202692751e-05,0.0002714423212098,1.2077586911672836e-06,0.0030436761594006,0.0030421279846001,0.0020343029173439,3.1370433240069084e-05,1.078922800058198e-06,0.0015226318465081,4.828186246066404e-06,0.0009937762002986,0.0918951768822702,0.1236184561151997,0.0309690575365107,0.1366860434494343,0.0263829152741767,0.1400003852584844,0.0241383732437811,0.1426442373976938,0.0218746965122878,0.1447857797031282,0.0206542021409287,0.147308184872101,0.0151927004620251,0.0579347434932276,-4.169653511670939e-05,-0.0011095928708004,8479.0,1.0,-0.0,-0.0833333333333333,-0.1666666666666666,-0.25,-0.3333333333333333,-0.4166666666666667,-0.5,-0.5833333333333334,-0.6666666666666667,-0.7500000000000001,-0.8333333333333335,-0.9166666666666669,-1.0,-1.0833333333333337,100000,30,14,0.1,5.0,0.1,0,13,0.001,1e-06,0.01,1e-07,1.0,1e-08,adamax,0,0.0,ramp,0 days 00:53:25.584579,0.0789739886798601,1.0904752825886792,1.0566528828695978,-0.0010994411202324
6,6,6,14,0.0057561484152063,0.0045550604816496,3.2680236845572658e-06,3.3600734222762995e-05,0.004493430410365,0.0001317022630603,2.9133662425685933e-05,1.8052612381210417e-05,0.0054431174786072,0.0038282689843742,0.0081457936568064,0.0005568834160635,2.0586447674585654e-06,8.226973887926638e-06,0.0955783447342113,0.1194371751921125,0.0360858522307944,0.1305792057620297,0.0331732318277198,0.1327737839476581,0.0317537580441501,0.1346463727113212,0.0302216304306676,0.1361910725628939,0.0294219636010239,0.1380620997160378,0.0251161847267583,0.0479296883785969,-8.038509129346757e-05,-0.0011095928380352,7747.0,1.0,-0.0,-0.0833333333333333,-0.1666666666666666,-0.25,-0.3333333333333333,-0.4166666666666667,-0.5,-0.5833333333333334,-0.6666666666666667,-0.7500000000000001,-0.8333333333333335,-0.9166666666666669,-1.0,-1.0833333333333337,100000,30,14,0.1,5.0,0.1,0,13,0.001,1e-06,0.01,1e-07,1.0,1e-08,adamax,0,0.0,ramp,0 days 00:53:25.584579,0.0789739906600816,1.0840095354231165,1.0566528827457904,-0.0010994411202325
7,7,7,97,7.76189507638294e-06,1.7753744715348075e-06,1.0468067271935854e-05,1.941415141553477e-06,0.0003144271654312,9.993904131454618e-06,0.0058942993176906,0.0028330397738656,0.0002750416583817,6.640985346922702e-05,0.0080161419261544,0.0032904854725112,1.381906117753316e-05,0.0011811001063925,0.091089663803027,0.1246140789152901,0.0297220478662557,0.1382252563888008,0.0246598414865294,0.1417614386614905,0.022369247937305,0.1444305702158682,0.0200781217518097,0.1465797730025847,0.0188736031636473,0.1491597468772326,0.0132246724239469,0.059917431574652,-4.434636348411901e-06,-0.0011095927620307,9870.0,1.0,-0.0,-0.0833333333333333,-0.1666666666666666,-0.25,-0.3333333333333333,-0.4166666666666667,-0.5,-0.5833333333333334,-0.6666666666666667,-0.7500000000000001,-0.8333333333333335,-0.9166666666666669,-1.0,-1.0833333333333337,100000,30,14,0.1,5.0,0.1,0,13,0.001,1e-06,0.01,1e-07,1.0,1e-08,adamax,0,0.0,ramp,0 days 00:53:25.584579,0.0789739935069473,1.0920661060946169,1.0566528825677934,-0.0010994411202327
8,8,8,61,2.8397870432973155e-05,2.0741904230478952e-05,0.0040071360335542,1.957022735914626e-05,0.000674446151535,0.0063159364835441,0.0003805229964717,0.0004062930899124,9.427373320106414e-06,0.0021703156700182,1.7230852654369886e-06,0.0001705907359088,3.092051139825811e-05,0.0012714281887857,0.0965231350985292,0.1186132032243861,0.0373300652225735,0.1293656008970432,0.0347619322571825,0.1311794376594587,0.0337874761389706,0.1326188992473281,0.032663658407094,0.1338233161201255,0.0321365662639765,0.1354047792569697,0.0282386438398624,0.0448108477476091,-4.499013195171038e-05,-0.001109592492379,8084.0,1.0,-0.0,-0.0833333333333333,-0.1666666666666666,-0.25,-0.3333333333333333,-0.4166666666666667,-0.5,-0.5833333333333334,-0.6666666666666667,-0.7500000000000001,-0.8333333333333335,-0.9166666666666669,-1.0,-1.0833333333333337,100000,30,14,0.1,5.0,0.1,0,13,0.001,1e-06,0.01,1e-07,1.0,1e-08,adamax,0,0.0,ramp,0 days 00:53:25.584579,0.0789739894490701,1.0824208953565584,1.0566528828215038,-0.0010994411202324
9,9,9,4,7.705640477937474e-06,0.0001422000536716,0.0021034371957567,0.0009566088739969,0.0003761468004048,0.000480646913975,0.0001052941162838,0.002855302600105,5.9825055192603255e-06,4.053227858115913e-05,0.0032560839331864,5.411951373077996e-05,2.614704719139726e-06,8.150151611494738e-06,0.0969717886506816,0.1179874381834949,0.0379026628109772,0.1288116437811428,0.0350267254511495,0.1309750654925005,0.0337242691468314,0.1326809384064123,0.0323847977245805,0.1340541234898269,0.0317264951172144,0.1357745916305821,0.0276670578133686,0.0453683530201725,-3.949847934492526e-05,-0.0011095924777893,7433.0,1.0,-0.0,-0.0833333333333333,-0.1666666666666666,-0.25,-0.3333333333333333,-0.4166666666666667,-0.5,-0.5833333333333334,-0.6666666666666667,-0.7500000000000001,-0.8333333333333335,-0.9166666666666669,-1.0,-1.0833333333333337,100000,30,14,0.1,5.0,0.1,0,13,0.001,1e-06,0.01,1e-07,1.0,1e-08,adamax,0,0.0,ramp,0 days 00:53:25.584579,0.0789739907067351,1.0822886675649483,1.056652882742872,-0.0010994411202325
10,10,10,16,0.0006927016740082,5.486492108396534e-05,0.0001447534345427,0.0003924378919573,0.0028314925911625,0.000350429559737,0.0003180186318313,0.0024312203250993,3.826254585024854e-06,0.0019874088907694,1.8690841641904047e-06,0.0001404870899817,0.0007147838519679,0.0008709689989878,0.096812885852411,0.118076981125418,0.0377377057076635,0.1286656396256444,0.035297237636877,0.1303868615489442,0.0343758362154324,0.1317423008685145,0.0333603645144545,0.1329082881284648,0.0329504319034908,0.1343214046965928,0.0293092320778047,0.0436743564112048,-3.912876702710848e-05,-0.0011095923091483,6814.0,1.0,-0.0,-0.0833333333333333,-0.1666666666666666,-0.25,-0.3333333333333333,-0.4166666666666667,-0.5,-0.5833333333333334,-0.6666666666666667,-0.7500000000000001,-0.8333333333333335,-0.9166666666666669,-1.0,-1.0833333333333337,100000,30,14,0.1,5.0,0.1,0,13,0.001,1e-06,0.01,1e-07,1.0,1e-08,adamax,0,0.0,ramp,0 days 00:53:25.584579,0.0789739880588071,1.0819446872659413,1.0566528829084276,-0.0010994411202324
11,11,11,66,0.0001422447529186,0.0022168806961558,0.0027042098798558,0.0024356590479088,2.748974458353152e-05,0.0004078447603106,2.8364923217520195e-05,0.0023350445659613,2.4460306445533363e-06,0.0036651475215618,9.38566905515124e-06,3.2474570340673094e-05,1.0962897684883878e-05,0.0033114445535153,0.086762267824397,0.129707799755488,0.0239050870650354,0.1449329494387856,0.0179215688899638,0.1485405441089788,0.0160863685654262,0.1506418630370619,0.0144116545469126,0.1521187674779099,0.0139198059997492,0.1542415527480674,0.0082848020701221,0.0649374852422513,-4.605651951633653e-05,-0.0011095919365566,8435.0,1.0,-0.0,-0.0833333333333333,-0.1666666666666666,-0.25,-0.3333333333333333,-0.4166666666666667,-0.5,-0.5833333333333334,-0.6666666666666667,-0.7500000000000001,-0.8333333333333335,-0.9166666666666669,-1.0,-1.0833333333333337,100000,30,14,0.1,5.0,0.1,0,13,0.001,1e-06,0.01,1e-07,1.0,1e-08,adamax,0,0.0,ramp,0 days 00:53:25.584579,0.0789739880750058,1.098005059413605,1.056652882907414,-0.0010994411202324
12,12,12,19,2.9571295232384264e-05,6.925283074923012e-06,1.8898847990353409e-06,0.0002573575238216,0.000909263728799,0.0004774950064499,4.362880894594002e-05,0.001362798593118,2.32122052206514e-06,0.0002481029827642,0.0001098220647474,1.1423049479840835e-05,7.1971645139995326e-06,0.0038793094670201,0.0981504523081357,0.1166292317464736,0.0395568759775822,0.1265569632406633,0.0375667467320853,0.1280170324936815,0.0368284131668109,0.1292362977858522,0.0359173975804223,0.1302552749846527,0.0355206409298482,0.1316801209895504,0.0319221233236784,0.0409994777566279,-1.033534821584403e-05,-0.0011095916770391,8245.0,1.0,-0.0,-0.0833333333333333,-0.1666666666666666,-0.25,-0.3333333333333333,-0.4166666666666667,-0.5,-0.5833333333333334,-0.6666666666666667,-0.7500000000000001,-0.8333333333333335,-0.9166666666666669,-1.0,-1.0833333333333337,100000,30,14,0.1,5.0,0.1,0,13,0.001,1e-06,0.01,1e-07,1.0,1e-08,adamax,0,0.0,ramp,0 days 00:53:25.584579,0.0789739888034036,1.0798727874522316,1.0566528828618746,-0.0010994411202324
13,13,13,71,7.344892767039915e-06,0.0001352261543699,0.0014537427745388,0.0004685078962782,3.4599492875470857e-06,0.0006035280870603,0.0001902303184701,8.659180885615115e-06,0.0003274512822714,0.001265519189593,0.0001220662086656,8.95803490345299e-05,3.131189602222924e-06,0.0067438125287393,0.0984477747127228,0.1161869382196115,0.0400597411913878,0.1260440294890141,0.038066830995321,0.1275934350711391,0.0373083643003011,0.1288432377778743,0.0362602419474611,0.1300803849268474,0.0357098540902112,0.1316017048385084,0.0320608263386126,0.0408757223330267,-1.8151985601247053e-05,-0.001109591585509,7356.0,1.0,-0.0,-0.0833333333333333,-0.1666666666666666,-0.25,-0.3333333333333333,-0.4166666666666667,-0.5,-0.5833333333333334,-0.6666666666666667,-0.7500000000000001,-0.8333333333333335,-0.9166666666666669,-1.0,-1.0833333333333337,100000,30,14,0.1,5.0,0.1,0,13,0.001,1e-06,0.01,1e-07,1.0,1e-08,adamax,0,0.0,ramp,0 days 00:53:25.584579,0.0789739938417527,1.079485729219268,1.0566528825468602,-0.0010994411202327
14,14,14,32,0.0017415353686278,7.495989719584714e-05,1.0867958151194854e-05,1.1850478073395596e-05,9.862875817123164e-05,0.0086255992404855,0.001161754041789,7.911189778464251e-05,0.0030372482276794,0.0002619703139643,2.821019724550352e-06,2.24586228967191e-05,3.710349165074251e-06,0.002703268722768,0.0994165628621201,0.1151736806335298,0.0413206065657199,0.1245561240321774,0.0396990279569683,0.12586596518304,0.0389745928620387,0.1270782652412838,0.0380717590791362,0.1281548794255411,0.0375677132879439,0.1296368380091592,0.0341622291160695,0.0387462281637209,-4.027061384923736e-05,-0.0011095909871266,8032.0,1.0,-0.0,-0.0833333333333333,-0.1666666666666666,-0.25,-0.3333333333333333,-0.4166666666666667,-0.5,-0.5833333333333334,-0.6666666666666667,-0.7500000000000001,-0.8333333333333335,-0.9166666666666669,-1.0,-1.0833333333333337,100000,30,14,0.1,5.0,0.1,0,13,0.001,1e-06,0.01,1e-07,1.0,1e-08,adamax,0,0.0,ramp,0 days 00:53:25.584579,0.0789739874406414,1.0780803256547995,1.0566528829470785,-0.0010994411202323
15,15,15,35,1.998410692995244e-05,0.0008992566160447,0.0007520534493027,0.0005606909804263,0.0016619175401652,0.0008519535045244,6.4474342869013815e-06,0.0014918281440907,8.201909546368145e-06,0.0004145120271082,1.278709026379573e-06,0.0027545077808021,2.7295534624848413e-06,9.83519464509204e-05,0.0848689269489978,0.1318308802466958,0.0212769474186522,0.1481463424680226,0.0142575817222537,0.1526522560268264,0.0115295639393663,0.1557550991159443,0.0088020305560279,0.1582347381223825,0.0073712932331973,0.1615885254025218,6.869667003684278e-05,0.0732778030296361,-2.9738369533045093e-05,-0.0011095906106987,7981.0,1.0,-0.0,-0.0833333333333333,-0.1666666666666666,-0.25,-0.3333333333333333,-0.4166666666666667,-0.5,-0.5833333333333334,-0.6666666666666667,-0.7500000000000001,-0.8333333333333335,-0.9166666666666669,-1.0,-1.0833333333333337,100000,30,14,0.1,5.0,0.1,0,13,0.001,1e-06,0.01,1e-07,1.0,1e-08,adamax,0,0.0,ramp,0 days 00:53:25.584579,0.0789739940201,1.1020551588794063,1.0566528825357095,-0.0010994411202327
16,16,16,74,1.301780806475481e-06,0.0010897008158308,0.0008046139060902,1.990718587524133e-06,0.0039042994179698,0.0035745120994426,0.0019311044033915,1.8301241732389984e-06,4.922972939832136e-05,0.0071349711845872,0.0020799491611141,0.0072963223428153,0.0006298376751609,0.0002503888203537,0.0996440746384619,0.1150215101837072,0.0417035198215992,0.1242893608329728,0.0402836396148356,0.1253875916450253,0.0398019425190002,0.1263707534345536,0.0391091209205797,0.1272379326062076,0.0387926673960366,0.1284858576374722,0.035581049266978,0.0373761940031451,-8.149621102330459e-05,-0.0011095906000093,9520.0,1.0,-0.0,-0.0833333333333333,-0.1666666666666666,-0.25,-0.3333333333333333,-0.4166666666666667,-0.5,-0.5833333333333334,-0.6666666666666667,-0.7500000000000001,-0.8333333333333335,-0.9166666666666669,-1.0,-1.0833333333333337,100000,30,14,0.1,5.0,0.1,0,13,0.001,1e-06,0.01,1e-07,1.0,1e-08,adamax,0,0.0,ramp,0 days 00:53:25.584579,0.0789739897882704,1.0775323541631583,1.056652882800297,-0.0010994411202325
17,17,17,39,5.051665546170505e-05,5.855541355937973e-06,0.0008184722892893,1.8262975223438827e-05,4.677851750655218e-06,0.0018730933428141,0.0017085493083742,0.0044714254679653,2.143916068322024e-06,0.0001725489795584,0.0033825880897836,0.005257220065907,7.831793010258626e-05,0.0052322348792721,0.1009230955964578,0.1133594107145624,0.043451621024059,0.1222479208777345,0.0420764099260932,0.1234350489729484,0.0414538726312604,0.1245547973794556,0.0406312543251129,0.1255461812718293,0.0401901991737372,0.1268622773235155,0.0370182011415795,0.0358352364550345,-3.994251576429529e-05,-0.0011095899514109,8573.0,1.0,-0.0,-0.0833333333333333,-0.1666666666666666,-0.25,-0.3333333333333333,-0.4166666666666667,-0.5,-0.5833333333333334,-0.6666666666666667,-0.7500000000000001,-0.8333333333333335,-0.9166666666666669,-1.0,-1.0833333333333337,100000,30,14,0.1,5.0,0.1,0,13,0.001,1e-06,0.01,1e-07,1.0,1e-08,adamax,0,0.0,ramp,0 days 00:53:25.584579,0.0789739942985687,1.0760291372450832,1.0566528825182966,-0.0010994411202327
18,18,18,49,2.0438432941021843e-06,8.804559533436049e-05,4.055330981036249e-06,9.266557925673784e-05,0.0002394915323447,0.0084582198230032,5.402124381053514e-06,0.0001223404804324,4.1509959184913176e-05,4.352352404643212e-06,0.0020335306251359,0.0067541197742508,4.350544552625605e-06,0.0009841422789907,0.0861101401921115,0.1304354011005768,0.0229525351054937,0.1462137728271978,0.016325261897119,0.150582360237739,0.0135584268671659,0.1538534260340635,0.010517060610659,0.1568985523655927,0.0082736601173948,0.1612250231125203,8.36874578578405e-06,0.0734288659029779,-1.7729380499619845e-05,-0.0011095898622888,9625.0,1.0,-0.0,-0.0833333333333333,-0.1666666666666666,-0.25,-0.3333333333333333,-0.4166666666666667,-0.5,-0.5833333333333334,-0.6666666666666667,-0.7500000000000001,-0.8333333333333335,-0.9166666666666669,-1.0,-1.0833333333333337,100000,30,14,0.1,5.0,0.1,0,13,0.001,1e-06,0.01,1e-07,1.0,1e-08,adamax,0,0.0,ramp,0 days 00:53:25.584579,0.0789739881156842,1.1002224205936708,1.0566528829048716,-0.0010994411202324
19,19,19,12,1.3065319345645304e-06,1.1336398770196068e-05,8.912166866974049e-06,5.42226159426802e-06,2.993752988745384e-06,0.0001158696467272,0.0035686590478073,0.0001747623522303,8.731708909749787e-06,2.7352199327847845e-05,0.0013492070156243,0.0002082902452103,1.4926658643414152e-06,0.0001260937371899,0.0866896502384054,0.1297123171748681,0.0236691035939603,0.1456352147353606,0.0167235767431144,0.1503669903411544,0.0136190403759116,0.1539211907011868,0.010359603450784,0.1570504304170437,0.0081556533925215,0.1612771904241638,3.263438131440501e-06,0.0734213988419023,-3.311625865515827e-06,-0.0011095897894332,9891.0,1.0,-0.0,-0.0833333333333333,-0.1666666666666666,-0.25,-0.3333333333333333,-0.4166666666666667,-0.5,-0.5833333333333334,-0.6666666666666667,-0.7500000000000001,-0.8333333333333335,-0.9166666666666669,-1.0,-1.0833333333333337,100000,30,14,0.1,5.0,0.1,0,13,0.001,1e-06,0.01,1e-07,1.0,1e-08,adamax,0,0.0,ramp,0 days 00:53:25.584579,0.0789739914376425,1.1000508051071152,1.0566528826971724,-0.0010994411202325
20,20,20,23,0.0036447655488699,1.1325195473232854e-06,0.0004350252509587,4.3021587764556285e-05,1.3596327032624817e-05,0.0021056457363466,0.0049377414770804,0.0027892840881864,0.0004727219348471,0.0012923443654765,0.0012987075244797,0.0079294412569979,3.296769262011155e-06,0.0001500647780912,0.0867066524700362,0.1297619140264547,0.0237238251901447,0.1454517010628234,0.017025467102672,0.1500052299654798,0.0140183822884409,0.153524188857561,0.0107461589263326,0.1567178631362235,0.0084270824146983,0.1610944126371044,0.0001249275817416,0.0733163824149445,-5.327348100588246e-05,-0.0011095896440608,9157.0,1.0,-0.0,-0.0833333333333333,-0.1666666666666666,-0.25,-0.3333333333333333,-0.4166666666666667,-0.5,-0.5833333333333334,-0.6666666666666667,-0.7500000000000001,-0.8333333333333335,-0.9166666666666669,-1.0,-1.0833333333333337,100000,30,14,0.1,5.0,0.1,0,13,0.001,1e-06,0.01,1e-07,1.0,1e-08,adamax,0,0.0,ramp,0 days 00:53:25.584579,0.0789739906794543,1.0997181386013943,1.0566528827445778,-0.0010994411202325
21,21,21,55,0.0005613715600225,3.870705161638052e-05,0.0010424336641106,7.515503896091277e-06,0.001070333718576,0.0006749318215056,1.1738250482454063e-06,1.325940709739304e-05,0.0001675427491646,8.38756128576441e-06,9.045703798328457e-06,0.0044841551572515,1.2850895300209852e-06,6.179424710484325e-05,0.0863059695110688,0.1302127885097944,0.023217305200522,0.1459075685903962,0.0166470083056271,0.1502634304759226,0.0138640624725896,0.1535641021149891,0.0107759458363437,0.1566986229463065,0.0084032292926693,0.1611681869725715,2.874519929274064e-06,0.0734447855101984,-9.824649579379877e-06,-0.0011095896405093,10799.0,1.0,-0.0,-0.0833333333333333,-0.1666666666666666,-0.25,-0.3333333333333333,-0.4166666666666667,-0.5,-0.5833333333333334,-0.6666666666666667,-0.7500000000000001,-0.8333333333333335,-0.9166666666666669,-1.0,-1.0833333333333337,100000,30,14,0.1,5.0,0.1,0,13,0.001,1e-06,0.01,1e-07,1.0,1e-08,adamax,0,0.0,ramp,0 days 00:53:25.584579,0.0789739891133628,1.0999469901812011,1.0566528828424944,-0.0010994411202324
22,22,22,77,0.0073439495915489,4.688377337386385e-05,4.173742399025502e-06,0.000540934328505,6.501576378257442e-05,2.47614787541692e-06,4.800033736587919e-06,0.0006681377676738,0.0045054944306953,0.0003188425338762,0.0099019881619606,0.0018598268434944,0.0001768938732257,9.527430282752388e-05,0.1010543970689597,0.1131881728002247,0.043674317373177,0.121818735316375,0.0426632144390483,0.1227269208519863,0.0422515742706855,0.1236697588614726,0.0415818933928192,0.1245395889887828,0.0412269378652076,0.1257671951711011,0.0381849968643955,0.0346450258355156,-2.169281485483832e-05,-0.0011095895482628,13310.0,1.0,-0.0,-0.0833333333333333,-0.1666666666666666,-0.25,-0.3333333333333333,-0.4166666666666667,-0.5,-0.5833333333333334,-0.6666666666666667,-0.7500000000000001,-0.8333333333333335,-0.9166666666666669,-1.0,-1.0833333333333337,100000,30,14,0.1,5.0,0.1,0,13,0.001,1e-06,0.01,1e-07,1.0,1e-08,adamax,0,0.0,ramp,0 days 00:53:25.584579,0.0789739930190426,1.0755104822880792,1.056652882598299,-0.0010994411202326
23,23,23,78,0.0031062151985357,1.6020960966822405e-05,0.0072203406641179,3.490791893488952e-06,1.1581983361207e-05,0.0003414701651462,0.0005667255176223,5.591070656623122e-05,2.303915939307529e-05,0.0014075358511855,2.4200686648900217e-05,0.0014974189152354,3.766702610765414e-06,0.0069157724461905,0.086528253281359,0.1299657820807964,0.0235102657400359,0.1455820222248411,0.0169869217533961,0.149947889178459,0.0141238297168944,0.1534431237241751,0.0107807788541976,0.1567210712809457,0.0083854500275978,0.1611706257858279,1.3226369927633776e-05,0.0734325563011379,-2.146943829014381e-05,-0.0011095895343301,9835.0,1.0,-0.0,-0.0833333333333333,-0.1666666666666666,-0.25,-0.3333333333333333,-0.4166666666666667,-0.5,-0.5833333333333334,-0.6666666666666667,-0.7500000000000001,-0.8333333333333335,-0.9166666666666669,-1.0,-1.0833333333333337,100000,30,14,0.1,5.0,0.1,0,13,0.001,1e-06,0.01,1e-07,1.0,1e-08,adamax,0,0.0,ramp,0 days 00:53:25.584579,0.0789739940662023,1.0997276978884245,1.0566528825328236,-0.0010994411202327
24,24,24,98,1.0889999074254764e-05,7.096175112122916e-06,0.0002252220787157,0.0012045288564558,3.3140110277366203e-06,0.0004542987983636,5.942982024655253e-05,5.046781080117798e-05,1.0157784718474791e-06,0.0004899288594873,7.922551496738841e-05,1.684550751944807e-05,0.0001736342307306,0.0003024945199955,0.1011980144947842,0.1133193857699191,0.0437647990075518,0.1219586372266218,0.0427608220908245,0.1228624807777882,0.0423498197189642,0.1238062977226678,0.0416797105111967,0.1246776224201122,0.0413241498988006,0.1259075749906147,0.0382793612966446,0.0346445993097145,-8.069226299362968e-06,-0.0011095895291759,9179.0,1.0,-0.0,-0.0833333333333333,-0.1666666666666666,-0.25,-0.3333333333333333,-0.4166666666666667,-0.5,-0.5833333333333334,-0.6666666666666667,-0.7500000000000001,-0.8333333333333335,-0.9166666666666669,-1.0,-1.0833333333333337,100000,30,14,0.1,5.0,0.1,0,13,0.001,1e-06,0.01,1e-07,1.0,1e-08,adamax,0,0.0,ramp,0 days 00:53:25.584579,0.0789739936271744,1.0754651557097163,1.0566528825602757,-0.0010994411202327
25,25,25,88,0.0037788052552522,0.0037539180723831,0.0008915221506166,0.0042247031266273,4.0802823303185e-05,0.001885305844856,0.0013955774070688,1.404143396181484e-05,0.0064528251386498,0.0003612507906097,0.0042253643930135,4.638217085466815e-05,4.857510503659992e-06,4.906323554822204e-05,0.1013446070011891,0.1131339307213932,0.0439773460485025,0.1217050414564782,0.0430263963289855,0.122581051567587,0.0426366686151504,0.123508260371309,0.0419837172008306,0.1243676554815272,0.0416352430938695,0.1255854713891865,0.0386184451972123,0.0342996160747292,-8.78937198578591e-05,-0.0011095893874059,9853.0,1.0,-0.0,-0.0833333333333333,-0.1666666666666666,-0.25,-0.3333333333333333,-0.4166666666666667,-0.5,-0.5833333333333334,-0.6666666666666667,-0.7500000000000001,-0.8333333333333335,-0.9166666666666669,-1.0,-1.0833333333333337,100000,30,14,0.1,5.0,0.1,0,13,0.001,1e-06,0.01,1e-07,1.0,1e-08,adamax,0,0.0,ramp,0 days 00:53:25.584579,0.0789739886284851,1.0752435807828655,1.056652882872811,-0.0010994411202324
26,26,26,21,7.156056150189328e-05,0.0010164820733693,0.0002658445525536,1.790464604903168e-05,0.0016458516364604,0.0044694287861277,0.0065754757766178,0.000234902003857,0.0026434141258416,1.4656087108334722e-06,6.580621926154169e-05,2.2459841087263266e-05,2.843679577602817e-06,7.118648725392017e-05,0.1014545330439952,0.1130084328495541,0.0441299734048444,0.121530044811344,0.0432150345564481,0.1223851537172425,0.0428384601807865,0.1233009713540057,0.0421958558818636,0.1241527427667876,0.0418512682597211,0.1253631673016717,0.0388531669955363,0.0340613220446921,-4.575296529519939e-05,-0.0011095892867752,13268.0,1.0,-0.0,-0.0833333333333333,-0.1666666666666666,-0.25,-0.3333333333333333,-0.4166666666666667,-0.5,-0.5833333333333334,-0.6666666666666667,-0.7500000000000001,-0.8333333333333335,-0.9166666666666669,-1.0,-1.0833333333333337,100000,30,14,0.1,5.0,0.1,0,13,0.001,1e-06,0.01,1e-07,1.0,1e-08,adamax,0,0.0,ramp,0 days 00:53:25.584579,0.0789739902443981,1.0750853511791143,1.056652882771779,-0.0010994411202325
27,27,27,37,5.559073077525488e-05,4.152461556738036e-06,0.0004742521671399,0.0001650067739763,0.003993388898149,1.73108699464472e-05,2.335447355299426e-06,5.280422047043296e-05,0.0094864367808938,6.725358647394956e-06,1.6393525027963444e-05,3.9299073875125226e-05,0.0001742048020104,0.0002666007021913,0.1013675671441986,0.1128300640024544,0.0441094163432946,0.121319284436318,0.0432010602676539,0.1221677408895486,0.0428269775500089,0.1230780846861282,0.0421868974818047,0.1239260672942655,0.0418430704011577,0.1251325195272498,0.0388546105689837,0.0339651174572913,-3.963494738185353e-05,-0.0011095892635653,13685.0,1.0,-0.0,-0.0833333333333333,-0.1666666666666666,-0.25,-0.3333333333333333,-0.4166666666666667,-0.5,-0.5833333333333334,-0.6666666666666667,-0.7500000000000001,-0.8333333333333335,-0.9166666666666669,-1.0,-1.0833333333333337,100000,30,14,0.1,5.0,0.1,0,13,0.001,1e-06,0.01,1e-07,1.0,1e-08,adamax,0,0.0,ramp,0 days 00:53:25.584579,0.0789739905990535,1.0750578397851596,1.0566528827496044,-0.0010994411202325
28,28,28,68,5.319504873614056e-06,0.0013208725974743,0.0024084326598193,1.0111576802138748e-05,0.0006048626841678,5.072177392083834e-05,0.0018841767306651,2.111827367384273e-05,1.0331719435182523e-06,0.0024822773976975,0.0005644179324625,0.0060943129777621,0.0007999106706034,2.868835462569459e-05,0.1014359681105014,0.1127529240591804,0.0442040988197411,0.1212115738546719,0.0433179667998167,0.1220471607708487,0.0429521009202526,0.1229505893230283,0.0423183746025998,0.1237936835709842,0.0419769066447994,0.1249956864148082,0.0389999938242672,0.0338179033931089,-3.988752317508461e-05,-0.0011095892003375,9949.0,1.0,-0.0,-0.0833333333333333,-0.1666666666666666,-0.25,-0.3333333333333333,-0.4166666666666667,-0.5,-0.5833333333333334,-0.6666666666666667,-0.7500000000000001,-0.8333333333333335,-0.9166666666666669,-1.0,-1.0833333333333337,100000,30,14,0.1,5.0,0.1,0,13,0.001,1e-06,0.01,1e-07,1.0,1e-08,adamax,0,0.0,ramp,0 days 00:53:25.584579,0.078973990421899,1.0749599144289042,1.056652882760683,-0.0010994411202325
29,29,29,76,1.3751888739460754e-06,1.0145451252267377e-06,0.0044628073105417,0.0002984611438607,2.303462265100725e-05,3.4600212079443404e-05,0.0011007668631143,0.0007515544674908,3.7131626175213705e-05,3.1569391375686507e-06,1.124423185082928e-05,0.0006103737551976,1.4111098300226475e-06,0.0017631321063953,0.1014753302125538,0.1127069282446634,0.0442591232882177,0.1211475715534051,0.0433860349416265,0.1219755234348484,0.0430248771838822,0.1228746971711133,0.0423949657775312,0.123715159982208,0.0420549712834158,0.1249143812379516,0.0390848208487882,0.0337313678764765,-1.6949873367844106e-05,-0.0011095891630731,20016.0,1.0,-0.0,-0.0833333333333333,-0.1666666666666666,-0.25,-0.3333333333333333,-0.4166666666666667,-0.5,-0.5833333333333334,-0.6666666666666667,-0.7500000000000001,-0.8333333333333335,-0.9166666666666669,-1.0,-1.0833333333333337,100000,30,14,0.1,5.0,0.1,0,13,0.001,1e-06,0.01,1e-07,1.0,1e-08,adamax,0,0.0,ramp,0 days 00:53:25.584579,0.0789739919562606,1.0749027091964003,1.0566528826647448,-0.0010994411202326
30,30,30,69,0.0006356313390389,0.0012164895125061,0.000114362581193,0.0028763117373417,3.3299869623538816e-05,1.5101195780191683e-05,0.0010038932017585,4.9381054958431645e-05,1.2690258743529397e-06,2.4287410368343032e-05,4.20966269901089e-05,0.0070711640992811,2.644410287283373e-05,5.346465936499515e-05,0.1015720527386529,0.1125978116828524,0.0443930472381569,0.120995383689865,0.0435513535983862,0.1218049800550492,0.0432018297987002,0.1226943985103164,0.0425809577790237,0.1235279703030054,0.0422443418995138,0.1247208580776034,0.0392904561691173,0.0335230690071173,-1.766914809378184e-05,-0.0011095890722809,10763.0,1.0,-0.0,-0.0833333333333333,-0.1666666666666666,-0.25,-0.3333333333333333,-0.4166666666666667,-0.5,-0.5833333333333334,-0.6666666666666667,-0.7500000000000001,-0.8333333333333335,-0.9166666666666669,-1.0,-1.0833333333333337,100000,30,14,0.1,5.0,0.1,0,13,0.001,1e-06,0.01,1e-07,1.0,1e-08,adamax,0,0.0,ramp,0 days 00:53:25.584579,0.0789739915728232,1.074764514585366,1.056652882688721,-0.0010994411202325
31,31,31,7,0.0009605266748659,8.198946804757422e-06,1.9524945404515874e-05,0.0001429022518022,1.2366622611976588e-05,0.000297163155108,0.0022808377145131,4.974168317927917e-06,0.0010931175023386,0.0006158395132009,0.0001406200859688,1.9569887267915025e-05,9.534495559754784e-06,3.803769147201845e-05,0.1016338335094942,0.1125271077357273,0.0444789276725749,0.1208968079893342,0.0436574337084656,0.1216946545489105,0.0433153200574934,0.122577655082885,0.0427002840776312,0.1234069257016273,0.0423658757499709,0.1245956741024027,0.0394224519317282,0.0333889811013808,-1.691423017729177e-05,-0.001109589013357,12571.0,1.0,-0.0,-0.0833333333333333,-0.1666666666666666,-0.25,-0.3333333333333333,-0.4166666666666667,-0.5,-0.5833333333333334,-0.6666666666666667,-0.7500000000000001,-0.8333333333333335,-0.9166666666666669,-1.0,-1.0833333333333337,100000,30,14,0.1,5.0,0.1,0,13,0.001,1e-06,0.01,1e-07,1.0,1e-08,adamax,0,0.0,ramp,0 days 00:53:25.584579,0.0789739904440605,1.0746757941346037,1.056652882759295,-0.0010994411202325
32,32,32,94,0.000303999765367,0.0008986260509421,1.760188633480889e-05,0.0025714036686512,0.0016629993195198,2.280782823495586e-06,4.973787705816323e-06,2.2603430259544523e-06,1.989678115460124e-06,0.0057812779241935,0.0019498352789861,0.0039469562155673,0.0001934081554955,0.0009839204828089,0.1016735100937326,0.1124818579426775,0.0445340451700189,0.1208337369644135,0.0437254931546878,0.1216240318652168,0.0433881403781688,0.1225029453231192,0.0427768441204837,0.1233294341493285,0.0424438490759447,0.1245155489020638,0.0395071185866076,0.0333030298343481,-2.977860561641806e-05,-0.0011095889753375,13620.0,1.0,-0.0,-0.0833333333333333,-0.1666666666666666,-0.25,-0.3333333333333333,-0.4166666666666667,-0.5,-0.5833333333333334,-0.6666666666666667,-0.7500000000000001,-0.8333333333333335,-0.9166666666666669,-1.0,-1.0833333333333337,100000,30,14,0.1,5.0,0.1,0,13,0.001,1e-06,0.01,1e-07,1.0,1e-08,adamax,0,0.0,ramp,0 days 00:53:25.584579,0.0789739925147814,1.0746189506647077,1.056652882629828,-0.0010994411202326
33,33,33,24,0.0041161171402835,7.097804067664078e-05,2.27205544960298e-05,0.0001325404482563,2.587647358790992e-06,2.6900656881010683e-06,0.0003309871503546,1.636514744929849e-06,0.0001043977842701,1.2050389345798916e-06,3.0339537545835235e-05,0.0030452142310164,1.5372827354507988e-05,9.500359473677036e-05,0.101793840464142,0.1126201279892762,0.0446014825344311,0.1209887385904955,0.0437976330048734,0.1217793423206664,0.0434617686077409,0.1226599417423955,0.0428511902858522,0.1234879801659875,0.0425187118579417,0.1246756965787544,0.0395781744713163,0.0333248312237939,-6.063770109700923e-06,-0.0011095889671309,14001.0,1.0,-0.0,-0.0833333333333333,-0.1666666666666666,-0.25,-0.3333333333333333,-0.4166666666666667,-0.5,-0.5833333333333334,-0.6666666666666667,-0.7500000000000001,-0.8333333333333335,-0.9166666666666669,-1.0,-1.0833333333333337,100000,30,14,0.1,5.0,0.1,0,13,0.001,1e-06,0.01,1e-07,1.0,1e-08,adamax,0,0.0,ramp,0 days 00:53:25.584579,0.0789739942602901,1.0745983065563052,1.056652882520691,-0.0010994411202327
34,34,34,65,2.0818023128464285e-05,0.0011094453728031,0.0023999490607363,1.4856640599273308e-05,0.0003069882496212,2.085018899944573e-05,0.000214072337499,0.0018437933433704,0.0003077018031328,4.132693352436246e-05,0.0050758557109604,0.0038775285935936,8.935521938622545e-06,0.0004718441819022,0.1018235098286956,0.1125848023327818,0.0446430753246563,0.1209396838525966,0.0438490483871014,0.1217245444496316,0.0435168294663858,0.1226020895375681,0.0429090830212538,0.123427838946358,0.0425776802690233,0.1246137000795541,0.0396422431737,0.0332591512384251,-3.180829973682855e-05,-0.0011095889381198,10979.0,1.0,-0.0,-0.0833333333333333,-0.1666666666666666,-0.25,-0.3333333333333333,-0.4166666666666667,-0.5,-0.5833333333333334,-0.6666666666666667,-0.7500000000000001,-0.8333333333333335,-0.9166666666666669,-1.0,-1.0833333333333337,100000,30,14,0.1,5.0,0.1,0,13,0.001,1e-06,0.01,1e-07,1.0,1e-08,adamax,0,0.0,ramp,0 days 00:53:25.584579,0.0789739942948039,1.0745552166041938,1.056652882518533,-0.0010994411202327
35,35,35,38,0.0083077632704532,0.0086587275641536,0.0021936997938338,1.1069498777088047e-06,0.0001559945555681,0.0002316651555193,5.289604650458162e-05,1.6482837926033646e-05,0.000841660486953,0.0014344874251089,2.325428695077143e-05,0.0001148139958524,6.580703695690236e-05,0.0017696088408619,0.1017232342671462,0.1124249944491095,0.0446031645076826,0.1207544690193828,0.0438108488527222,0.1215353103110039,0.0434794608311808,0.1224090694749169,0.0428728584551766,0.1232320894176055,0.0425416408056525,0.1244148874217481,0.0396133084509871,0.033195166915567,-1.675667156535594e-05,-0.0011095889273852,12573.0,1.0,-0.0,-0.0833333333333333,-0.1666666666666666,-0.25,-0.3333333333333333,-0.4166666666666667,-0.5,-0.5833333333333334,-0.6666666666666667,-0.7500000000000001,-0.8333333333333335,-0.9166666666666669,-1.0,-1.0833333333333337,100000,30,14,0.1,5.0,0.1,0,13,0.001,1e-06,0.01,1e-07,1.0,1e-08,adamax,0,0.0,ramp,0 days 00:53:25.584579,0.0789739924800934,1.0745476850472948,1.0566528826319952,-0.0010994411202326
36,36,36,60,0.0003128116612293,0.0009079461641957,8.834372009917424e-06,9.571925064564618e-06,1.75797199473559e-06,2.0093306139728133e-05,0.0005565090354359,2.381047814008202e-06,1.1180869019983017e-05,1.017943689724388e-05,0.0001996763252714,0.0007859708803955,9.895803663999054e-06,0.0003037135269264,0.1017647764393051,0.1123763503627665,0.0446612157319165,0.1206865682031296,0.0438826354673243,0.1214595713607513,0.0435562176210168,0.1223287874362132,0.0429535911963,0.1231490307854281,0.0426238984087559,0.1243289241155746,0.0397027061855975,0.0331039274047235,-5.838715232237213e-06,-0.0011095888866981,11351.0,1.0,-0.0,-0.0833333333333333,-0.1666666666666666,-0.25,-0.3333333333333333,-0.4166666666666667,-0.5,-0.5833333333333334,-0.6666666666666667,-0.7500000000000001,-0.8333333333333335,-0.9166666666666669,-1.0,-1.0833333333333337,100000,30,14,0.1,5.0,0.1,0,13,0.001,1e-06,0.01,1e-07,1.0,1e-08,adamax,0,0.0,ramp,0 days 00:53:25.584579,0.0789739881893707,1.0744875774405578,1.0566528829002646,-0.0010994411202324
37,37,37,52,3.7081545250824464e-06,0.0005983135337148,0.0002299772227323,0.0001195748585894,0.0069699120193163,1.6211030445574231e-06,0.0001626868280416,0.0014466301021403,0.0084308504373492,0.0002831228075582,0.0047332763582849,0.0002236806740002,1.6877777743421614e-05,0.0027784215140394,0.1020232683746698,0.1120812157310221,0.0450204736031636,0.1202752763736857,0.0443260637315606,0.1209991690329055,0.0440306705720324,0.1218417058938094,0.0434524063283248,0.1226438413857645,0.043131966097277,0.1238066454872948,0.0402542044153876,0.0325438376877983,-7.74600511910129e-05,-0.0011095886318106,12015.0,1.0,-0.0,-0.0833333333333333,-0.1666666666666666,-0.25,-0.3333333333333333,-0.4166666666666667,-0.5,-0.5833333333333334,-0.6666666666666667,-0.7500000000000001,-0.8333333333333335,-0.9166666666666669,-1.0,-1.0833333333333337,100000,30,14,0.1,5.0,0.1,0,13,0.001,1e-06,0.01,1e-07,1.0,1e-08,adamax,0,0.0,ramp,0 days 00:53:25.584579,0.0789739924063101,1.0741186633219095,1.0566528826366084,-0.0010994411202326
38,38,38,81,0.0001572074333487,0.0057090559681105,0.0015389084599305,0.0003057976962043,0.0007290682063246,8.163348167630937e-06,0.0023292927268027,7.178139234234329e-06,5.386536607202446e-06,0.0023928922375958,1.3064623212754202e-05,7.035840557081636e-06,4.476630623255654e-06,0.0028195782405114,0.1022650370708084,0.11207939139612,0.0452569565067136,0.1202353999182641,0.0446068835926906,0.1209365495144008,0.0443276905626373,0.121768238278272,0.0437615721142966,0.1225630816044489,0.0434460255984202,0.1237197010514045,0.0405848783239987,0.0323012813833914,-3.8884325854250974e-05,-0.0011095885009751,11398.0,1.0,-0.0,-0.0833333333333333,-0.1666666666666666,-0.25,-0.3333333333333333,-0.4166666666666667,-0.5,-0.5833333333333334,-0.6666666666666667,-0.7500000000000001,-0.8333333333333335,-0.9166666666666669,-1.0,-1.0833333333333337,100000,30,14,0.1,5.0,0.1,0,13,0.001,1e-06,0.01,1e-07,1.0,1e-08,adamax,0,0.0,ramp,0 days 00:53:25.584579,0.0789739897274806,1.0739260906257762,1.0566528828041,-0.0010994411202324
39,39,39,90,0.0007351324547185,0.0020549564282354,0.0007605725879325,1.5898581654390572e-05,0.0003282841823637,0.0005816710217686,0.0061369232770658,5.682238135827176e-06,0.0001012339064948,0.0005788071788011,0.0074125567804979,7.99928430216082e-05,2.4171978954853427e-06,3.71712963649929e-05,0.1024139026861546,0.1116285620566471,0.0455730165099474,0.1196520032524747,0.0449913953927987,0.1203026151885081,0.0447531707519645,0.1210997408284034,0.0442168877775141,0.1218596807075338,0.0439314914404767,0.122964920227386,0.041164045088282,0.0316140928950596,-5.834302810789896e-05,-0.0011095882130174,8248.0,1.0,-0.0,-0.0833333333333333,-0.1666666666666666,-0.25,-0.3333333333333333,-0.4166666666666667,-0.5,-0.5833333333333334,-0.6666666666666667,-0.7500000000000001,-0.8333333333333335,-0.9166666666666669,-1.0,-1.0833333333333337,100000,30,14,0.1,5.0,0.1,0,13,0.001,1e-06,0.01,1e-07,1.0,1e-08,adamax,0,0.0,ramp,0 days 00:53:25.584579,0.078973990137264,1.073563513017627,1.0566528827784794,-0.0010994411202325
40,40,40,18,1.8566820432821403e-05,0.0034864311681816,2.526756328568953e-05,0.0002662439162046,0.0002368903866797,0.0088916447496683,2.744258855245232e-06,0.000103932433788,0.00841855822481,1.1424799231311567e-05,3.858540745979132e-06,1.1650274597246768e-05,5.850552522971564e-06,3.241197235655036e-06,0.0785572627857909,0.138604345619866,0.0128736985780949,0.1578723020934869,0.0032041361392692,0.1639676594577173,0.000333643827587,0.1638376928765036,0.0034961267578885,0.1608713942556488,0.0064579553575848,0.1604845587622794,0.0023442467433358,0.0706251420726585,-7.689470571290493e-05,-0.0011095717961947,11678.0,1.0,-0.0,-0.0833333333333333,-0.1666666666666666,-0.25,-0.3333333333333333,-0.4166666666666667,-0.5,-0.5833333333333334,-0.6666666666666667,-0.7500000000000001,-0.8333333333333335,-0.9166666666666669,-1.0,-1.0833333333333337,100000,30,14,0.1,5.0,0.1,0,13,0.001,1e-06,0.01,1e-07,1.0,1e-08,adamax,0,0.0,ramp,0 days 00:53:25.584579,0.0789739913583965,1.112177156635576,1.056652882702128,-0.0010994411202325
41,41,41,53,0.0060834564251767,0.0001167490724115,3.435316250083763e-06,0.0002940001184205,1.4711029439499449e-06,0.0073815688165778,1.5959198157189687e-05,1.526647047773488e-06,1.5528286625038866e-05,1.7446043106906034e-05,8.881209604970164e-05,0.0039357049087148,7.193195217049612e-05,7.322771366363881e-05,0.0766726312581852,0.1409904005208037,0.00987653931795,0.1618885840810304,1.040154024239177e-05,0.1633258228596637,0.0046246742678035,0.1597872959446838,0.0069678196265053,0.1583268935718307,0.0087483240238339,0.1588073002699433,0.0039921274134477,0.0691461674859712,-1.7778247452716302e-05,-0.0011095686039253,12001.0,1.0,-0.0,-0.0833333333333333,-0.1666666666666666,-0.25,-0.3333333333333333,-0.4166666666666667,-0.5,-0.5833333333333334,-0.6666666666666667,-0.7500000000000001,-0.8333333333333335,-0.9166666666666669,-1.0,-1.0833333333333337,100000,30,14,0.1,5.0,0.1,0,13,0.001,1e-06,0.01,1e-07,1.0,1e-08,adamax,0,0.0,ramp,0 days 00:53:25.584579,0.0789739937890928,1.1128284739297924,1.0566528825501522,-0.0010994411202327
42,42,42,51,0.0011774112360224,0.0075097444555516,1.2748884594385735e-05,0.0001766993618368,1.2405861298133636e-05,2.971701533700603e-06,0.0008689469438357,0.000655008338386,2.4770925020621e-05,0.0040888716377331,3.6911133262021016e-06,0.0061905876345121,6.267375496792668e-05,0.000369611731617,0.0830743984538645,0.1335662049768471,0.018909184080209,0.1507883817843284,0.0110113652272563,0.1559800443132603,0.0076789363421015,0.1601335646372288,0.0031030289562674,0.1651147318851817,9.688205356442264e-05,0.1649412774250246,0.000112779285147,0.0722508228061858,-2.7534975075706075e-05,-0.0011095666849655,10278.0,1.0,-0.0,-0.0833333333333333,-0.1666666666666666,-0.25,-0.3333333333333333,-0.4166666666666667,-0.5,-0.5833333333333334,-0.6666666666666667,-0.7500000000000001,-0.8333333333333335,-0.9166666666666669,-1.0,-1.0833333333333337,100000,30,14,0.1,5.0,0.1,0,13,0.001,1e-06,0.01,1e-07,1.0,1e-08,adamax,0,0.0,ramp,0 days 00:53:25.584579,0.0789739910020396,1.106631220886089,1.0566528827244106,-0.0010994411202325
43,43,43,30,0.0001571863208586,1.8685649860057632e-06,0.0002532626884216,3.966731808360892e-06,1.82462133060344e-05,6.0113087568645774e-05,0.0005135333271478,1.4770507899310043e-06,0.0007620248087507,2.5284000105468582e-05,6.576324528995024e-05,4.05530660552676e-05,1.7926185627543495e-05,0.0004736061578039,0.1139696146684556,0.0986014134761048,0.0616590899141532,0.1015061662538064,0.0647129178801952,0.0999572630073168,0.0660291115200506,0.0993273910776258,0.0668804322612833,0.0988908285515966,0.0674907329022162,0.0987134123171966,0.0673246959601154,0.0047107339274094,-8.147474451815108e-06,-0.0011095666487449,8815.0,1.0,-0.0,-0.0833333333333333,-0.1666666666666666,-0.25,-0.3333333333333333,-0.4166666666666667,-0.5,-0.5833333333333334,-0.6666666666666667,-0.7500000000000001,-0.8333333333333335,-0.9166666666666669,-1.0,-1.0833333333333337,100000,30,14,0.1,5.0,0.1,0,13,0.001,1e-06,0.01,1e-07,1.0,1e-08,adamax,0,0.0,ramp,0 days 00:53:25.584579,0.0789739899810527,1.0593562326170516,1.0566528827882449,-0.0010994411202325
44,44,44,58,1.4326961082593095e-06,3.88864556878899e-06,1.0812996967370568e-05,1.2303593444536051e-05,3.657245472901313e-05,1.1429758928383457e-06,0.0002060138351006,2.353839755232216e-06,7.22422664720507e-05,0.0007288714639137,5.3474080663928506e-06,0.0016316370970444,9.107180181002352e-06,7.75847768949856e-05,0.0841865406613821,0.1325989969388346,0.0202392768771604,0.149739073364166,0.0121047338484919,0.1554574163754003,0.0081493654245174,0.160039616977718,0.0033078578824044,0.1653122514975478,1.7688940351158236e-05,0.1652252773902221,0.0001195298102281,0.0723246907998974,-1.8663934710411988e-06,-0.001109565281013,10643.0,1.0,-0.0,-0.0833333333333333,-0.1666666666666666,-0.25,-0.3333333333333333,-0.4166666666666667,-0.5,-0.5833333333333334,-0.6666666666666667,-0.7500000000000001,-0.8333333333333335,-0.9166666666666669,-1.0,-1.0833333333333337,100000,30,14,0.1,5.0,0.1,0,13,0.001,1e-06,0.01,1e-07,1.0,1e-08,adamax,0,0.0,ramp,0 days 00:53:25.584579,0.0789739930519946,1.1059547708473707,1.0566528825962382,-0.0010994411202326
45,45,45,82,0.0049217271316206,0.0089786205920528,1.5901644588395398e-05,0.0050302296881648,0.000609731757754,1.97096278066195e-06,3.4183108083489803e-06,0.00011439371095,2.952225137280793e-06,0.0032524760673167,1.8988256643714177e-06,0.0022709195313434,0.0018312153522089,0.0019188417250162,0.0769361179532627,0.1406730366030572,0.0107124204576047,0.1599405699765707,0.0022603401602683,0.1631884398693666,0.0025116497650922,0.1638624575205666,0.0010263965600355,0.166250732625537,9.901648442775104e-06,0.1651507761475704,9.37079835368033e-05,0.0723942053982045,-2.169157805980315e-05,-0.0011095645732037,12004.0,1.0,-0.0,-0.0833333333333333,-0.1666666666666666,-0.25,-0.3333333333333333,-0.4166666666666667,-0.5,-0.5833333333333334,-0.6666666666666667,-0.7500000000000001,-0.8333333333333335,-0.9166666666666669,-1.0,-1.0833333333333337,100000,30,14,0.1,5.0,0.1,0,13,0.001,1e-06,0.01,1e-07,1.0,1e-08,adamax,0,0.0,ramp,0 days 00:53:25.584579,0.0789739907060808,1.1131195037248516,1.0566528827429138,-0.0010994411202325
46,46,46,2,9.011598593866497e-06,7.202951324954627e-06,0.0083111769078591,4.067955851517944e-06,1.0651533573787155e-05,1.5179449593262977e-06,0.0035622658221061,0.0051843358167044,4.092427155606019e-06,1.315747864030318e-06,0.0006038952467705,0.0001142079571211,4.1839478281426185e-06,4.773923591038205e-06,0.1143751732098087,0.0978567928864169,0.0623784034565021,0.1004293816797977,0.0657161730372669,0.0986699551418711,0.0671686669795104,0.0978702958918206,0.0681979850932377,0.0972674565210932,0.06894892136838,0.096934132365204,0.0690099019144156,0.0028502930317298,-4.303164322566682e-05,-0.0011095645227546,8824.0,1.0,-0.0,-0.0833333333333333,-0.1666666666666666,-0.25,-0.3333333333333333,-0.4166666666666667,-0.5,-0.5833333333333334,-0.6666666666666667,-0.7500000000000001,-0.8333333333333335,-0.9166666666666669,-1.0,-1.0833333333333337,100000,30,14,0.1,5.0,0.1,0,13,0.001,1e-06,0.01,1e-07,1.0,1e-08,adamax,0,0.0,ramp,0 days 00:53:25.584579,0.0789739905558859,1.0587433673210822,1.0566528827523036,-0.0010994411202325
47,47,47,42,4.705047242040342e-05,0.0002085637404108,0.0007256747005682,0.0005461213527132,0.0007190412722682,0.0040738896434225,4.092927157177399e-06,1.2221698827244232e-06,0.0004920183301658,0.0001724982680289,0.0010994785129279,2.445372436313776e-05,0.0002865255306919,0.0065376070962631,0.1143671566174552,0.0978602822313423,0.0623741596173,0.1004285850936792,0.0657016353668093,0.0986251471276724,0.0672654972367897,0.097767481367209,0.0683207759265919,0.09711169364584,0.0691320880669688,0.0967125850157346,0.0692750831763161,0.0025575009015158,-2.385415084334787e-05,-0.0011095641983534,8550.0,1.0,-0.0,-0.0833333333333333,-0.1666666666666666,-0.25,-0.3333333333333333,-0.4166666666666667,-0.5,-0.5833333333333334,-0.6666666666666667,-0.7500000000000001,-0.8333333333333335,-0.9166666666666669,-1.0,-1.0833333333333337,100000,30,14,0.1,5.0,0.1,0,13,0.001,1e-06,0.01,1e-07,1.0,1e-08,adamax,0,0.0,ramp,0 days 00:53:25.584579,0.0789739920810531,1.058753652314359,1.0566528826569448,-0.0010994411202326
48,48,48,57,4.79334730735032e-05,0.0001270912164767,5.065335343056397e-05,0.0076412463224109,0.0001891651799957,0.0013954364074028,3.853949847698313e-05,1.6192624709428615e-06,6.25098293411479e-05,3.1511153037920803e-06,5.065160065393158e-06,0.0014033151315583,0.0002131855541112,0.0002796896314378,0.1145755300704276,0.0978978843718462,0.0625639239509022,0.1004440451577099,0.0659189567806104,0.0986350515199543,0.0674694200607062,0.0977677857487018,0.0685268945448122,0.0971253927921158,0.0693265753301317,0.0967695318295591,0.069430226014867,0.0025078721864944,-7.437812941957587e-06,-0.0011095641217198,9013.0,1.0,-0.0,-0.0833333333333333,-0.1666666666666666,-0.25,-0.3333333333333333,-0.4166666666666667,-0.5,-0.5833333333333334,-0.6666666666666667,-0.7500000000000001,-0.8333333333333335,-0.9166666666666669,-1.0,-1.0833333333333337,100000,30,14,0.1,5.0,0.1,0,13,0.001,1e-06,0.01,1e-07,1.0,1e-08,adamax,0,0.0,ramp,0 days 00:53:25.584579,0.0789739917586139,1.0586674733464074,1.0566528826771031,-0.0010994411202326
49,49,49,17,0.0015692305855539,1.71321842027414e-05,2.66323226765558e-06,1.158813555189899e-05,0.0002430981687216,2.626835621329588e-06,0.0004745062749609,3.3227296502108305e-06,0.0016634341440188,1.0641916195885842e-05,0.0001338285149964,7.499892308284279e-05,0.0002072813218404,0.0002168197169861,0.1147711239573312,0.0976663796291079,0.0628617050322637,0.1001155383522447,0.0662593694247553,0.0982708338363054,0.0678457409367647,0.0973871875238181,0.0689561533970942,0.0966935847376731,0.0697984460839959,0.0962464531872664,0.0700297386471295,0.0018650260930561,-1.1803132437960828e-05,-0.001109563365575,8895.0,1.0,-0.0,-0.0833333333333333,-0.1666666666666666,-0.25,-0.3333333333333333,-0.4166666666666667,-0.5,-0.5833333333333334,-0.6666666666666667,-0.7500000000000001,-0.8333333333333335,-0.9166666666666669,-1.0,-1.0833333333333337,100000,30,14,0.1,5.0,0.1,0,13,0.001,1e-06,0.01,1e-07,1.0,1e-08,adamax,0,0.0,ramp,0 days 00:53:25.584579,0.0789739935832647,1.0584698368058032,1.0566528825630213,-0.0010994411202327
50,50,50,43,0.0064293285627513,1.768418069853256e-05,2.961655216930417e-05,1.2213068400672524e-05,0.0070457411185546,2.516333995825017e-06,2.0700186780342683e-05,0.0007922787505933,2.126725196914054e-06,0.0005670044140814,2.0368588725503927e-05,0.0021623730981107,0.0083369110663237,0.0001890088122467,0.1152678491632203,0.096893596015323,0.0635896671809883,0.0992409974754349,0.0668320006719361,0.0975595588583778,0.0682471066729975,0.0968230359542433,0.0692066871267488,0.0962807665864119,0.0698998517321433,0.095990565390098,0.0699694058414447,0.0018698486178435,-2.8124034319250272e-05,-0.0011095632602618,10395.0,1.0,-0.0,-0.0833333333333333,-0.1666666666666666,-0.25,-0.3333333333333333,-0.4166666666666667,-0.5,-0.5833333333333334,-0.6666666666666667,-0.7500000000000001,-0.8333333333333335,-0.9166666666666669,-1.0,-1.0833333333333337,100000,30,14,0.1,5.0,0.1,0,13,0.001,1e-06,0.01,1e-07,1.0,1e-08,adamax,0,0.0,ramp,0 days 00:53:25.584579,0.0789739937169465,1.057959587154883,1.056652882554663,-0.0010994411202327
51,51,51,91,6.309328825254419e-06,7.176463478166441e-06,2.6555715428907616e-05,1.1157132049712465e-05,2.445367265617718e-06,1.052901808274915e-05,0.0058525404085477,0.0062943686589972,4.11406179255758e-05,3.470396774835524e-06,0.0015250227403061,9.442748054507945e-05,4.948289556053305e-05,0.000158405026127,0.1148978799200409,0.097528250769478,0.0629966858867965,0.0999347984673715,0.0664687390920591,0.0980582947533267,0.0680796876702394,0.0971251254927832,0.0692429158910565,0.0963808121146046,0.070137712666901,0.0958701065208212,0.0704585526518648,0.0014043638428066,-5.13829010219261e-06,-0.0011095628162384,9799.0,1.0,-0.0,-0.0833333333333333,-0.1666666666666666,-0.25,-0.3333333333333333,-0.4166666666666667,-0.5,-0.5833333333333334,-0.6666666666666667,-0.7500000000000001,-0.8333333333333335,-0.9166666666666669,-1.0,-1.0833333333333337,100000,30,14,0.1,5.0,0.1,0,13,0.001,1e-06,0.01,1e-07,1.0,1e-08,adamax,0,0.0,ramp,0 days 00:53:25.584579,0.0789739908191555,1.058388305224599,1.0566528827358428,-0.0010994411202325
52,52,52,46,0.0048721917084086,4.881793783403334e-06,0.0001351170555041,1.919124763920342e-06,0.000303936475688,0.000108670677163,1.8400938190953288e-06,0.000288711102596,0.0003044545417793,1.8658184147588705e-05,1.7418615641623255e-06,1.2422676507577238e-05,2.7917902179814264e-05,0.0018955539132715,0.1153076403520376,0.0970163772987831,0.0635728374389261,0.0993316495182016,0.0670809554766193,0.0974664671930033,0.0686313533993215,0.0966251069910556,0.0696777502866908,0.096013189393828,0.0704251906714998,0.0956720668162171,0.0705690969992827,0.0013413343273828,-8.874858216241166e-06,-0.0011095626585187,11171.0,1.0,-0.0,-0.0833333333333333,-0.1666666666666666,-0.25,-0.3333333333333333,-0.4166666666666667,-0.5,-0.5833333333333334,-0.6666666666666667,-0.7500000000000001,-0.8333333333333335,-0.9166666666666669,-1.0,-1.0833333333333337,100000,30,14,0.1,5.0,0.1,0,13,0.001,1e-06,0.01,1e-07,1.0,1e-08,adamax,0,0.0,ramp,0 days 00:53:25.584579,0.0789739910471769,1.0579783622186554,1.056652882721587,-0.0010994411202325
53,53,53,33,0.0001713703616794,0.0063913044566601,0.0042466098598104,0.0006525250672882,9.26981258608239e-05,1.3553200798249177e-05,0.0041579152515683,0.0008816314145369,3.591489696311981e-06,4.236412277160254e-06,0.0018247925960458,4.27874585898688e-06,6.270236322906691e-06,2.4867339653627835e-06,0.11495201569507,0.0971795918409463,0.0632150839579482,0.0994687879363598,0.0667504832556597,0.0975192742990213,0.0684203217475657,0.0965223315362143,0.0696432932094903,0.0957125045692289,0.070638374225856,0.0951849388489952,0.0710745751714433,0.0006991788892737,-4.026328391697288e-05,-0.0011095619519535,7918.0,1.0,-0.0,-0.0833333333333333,-0.1666666666666666,-0.25,-0.3333333333333333,-0.4166666666666667,-0.5,-0.5833333333333334,-0.6666666666666667,-0.7500000000000001,-0.8333333333333335,-0.9166666666666669,-1.0,-1.0833333333333337,100000,30,14,0.1,5.0,0.1,0,13,0.001,1e-06,0.01,1e-07,1.0,1e-08,adamax,0,0.0,ramp,0 days 00:53:25.584579,0.0789739897417854,1.0582004958317297,1.0566528828032045,-0.0010994411202324
54,54,54,72,0.0023256926522705,0.0001597809608243,1.7694920157033278e-06,0.000164804377205,9.188610108214485e-05,0.0001142861825358,4.539616002196335e-06,2.2634645118283103e-06,0.0028157895098453,1.8367242059655783e-05,4.94019303740974e-05,4.932939708137159e-05,0.0007761076678863,0.0001255473406237,0.1152212312236871,0.0971471533431495,0.0634925773637741,0.0993453369913187,0.0670491297129989,0.0973623103204124,0.068739992850912,0.0964046266137958,0.0700032193208194,0.0955905839085745,0.0709617182619113,0.0949934116841727,0.0714245438592208,0.000383629210299,-1.2197292562844548e-05,-0.0011095615563885,8374.0,1.0,-0.0,-0.0833333333333333,-0.1666666666666666,-0.25,-0.3333333333333333,-0.4166666666666667,-0.5,-0.5833333333333334,-0.6666666666666667,-0.7500000000000001,-0.8333333333333335,-0.9166666666666669,-1.0,-1.0833333333333337,100000,30,14,0.1,5.0,0.1,0,13,0.001,1e-06,0.01,1e-07,1.0,1e-08,adamax,0,0.0,ramp,0 days 00:53:25.584579,0.0789739875539526,1.058037862427108,1.0566528829399957,-0.0010994411202323
55,55,55,96,1.7251956877996884e-05,0.0043260205623859,0.0004317455372162,2.8531339540271182e-05,0.0001268369343068,5.732045819585898e-05,0.0047803457455979,2.7088597596282755e-06,0.0055109773200218,3.7692311277349512e-06,0.0001272312954875,1.209057974570763e-05,1.612968758325763e-05,0.0020074869360391,0.1156675530016144,0.0963590419114676,0.0641904822906626,0.0983984190255777,0.0678301651788563,0.0964603277048044,0.0694211114888518,0.0955903401507228,0.0704905789949648,0.0949616002392798,0.0712429524576339,0.0946030720773568,0.071453552119548,0.0003235144700644,-4.566018867322119e-05,-0.0011095613733601,11004.0,1.0,-0.0,-0.0833333333333333,-0.1666666666666666,-0.25,-0.3333333333333333,-0.4166666666666667,-0.5,-0.5833333333333334,-0.6666666666666667,-0.7500000000000001,-0.8333333333333335,-0.9166666666666669,-1.0,-1.0833333333333337,100000,30,14,0.1,5.0,0.1,0,13,0.001,1e-06,0.01,1e-07,1.0,1e-08,adamax,0,0.0,ramp,0 days 00:53:25.584579,0.0789739932721808,1.0574772177427083,1.0566528825824717,-0.0010994411202326
56,56,56,87,0.0007141996049381,0.003085033222931,0.000151915289829,1.3392265278909931e-05,3.716646157893391e-05,4.981891179497703e-05,0.000162971166115,0.0019000489578415,0.0060899932969903,0.0095173458854147,0.0002433278417622,0.0002019295138529,1.887589829117267e-05,2.340210430778646e-06,0.1153179021374548,0.0970014005841363,0.0635937470909569,0.0992509537769694,0.0672061502789627,0.0972688924005794,0.0689164881712576,0.096249592241287,0.0701671918467059,0.0954173729662254,0.0711430781476578,0.0947991204024269,0.0716397189209752,0.0001563205055706,-2.3704833110358195e-05,-0.0011095612713676,8271.0,1.0,-0.0,-0.0833333333333333,-0.1666666666666666,-0.25,-0.3333333333333333,-0.4166666666666667,-0.5,-0.5833333333333334,-0.6666666666666667,-0.7500000000000001,-0.8333333333333335,-0.9166666666666669,-1.0,-1.0833333333333337,100000,30,14,0.1,5.0,0.1,0,13,0.001,1e-06,0.01,1e-07,1.0,1e-08,adamax,0,0.0,ramp,0 days 00:53:25.584579,0.0789739878083821,1.057999836446183,1.0566528829240862,-0.0010994411202323
57,57,57,83,0.001479338929544,0.001057976235085,2.5440418975781376e-06,1.1662384941211591e-05,7.164568302561957e-06,9.813343111004272e-06,0.0013917754364347,0.0001924936661415,0.0052255531976224,0.0009503661421735,0.0012135878451305,1.768916488622362e-06,0.0001881383078484,8.852035047398329e-05,0.1153906996012406,0.0967027551054171,0.0638219706396799,0.0988210067268435,0.0674652365141169,0.0968137157761823,0.0691060826162853,0.0958549113014908,0.0702902414373047,0.0951018175686094,0.0711801316341277,0.0945843001337483,0.071570840686451,0.000156335252044,-1.927305456474706e-05,-0.0011095612443759,8844.0,1.0,-0.0,-0.0833333333333333,-0.1666666666666666,-0.25,-0.3333333333333333,-0.4166666666666667,-0.5,-0.5833333333333334,-0.6666666666666667,-0.7500000000000001,-0.8333333333333335,-0.9166666666666669,-1.0,-1.0833333333333337,100000,30,14,0.1,5.0,0.1,0,13,0.001,1e-06,0.01,1e-07,1.0,1e-08,adamax,0,0.0,ramp,0 days 00:53:25.584579,0.0789739916614837,1.0577453011986886,1.0566528826831765,-0.0010994411202326
58,58,58,75,0.0036762020554772,0.0004689161696243,2.064698587510452e-06,0.0003870329785991,9.283180690654972e-05,0.0002051770713864,0.0001324792613263,3.996916881960015e-05,7.704598267046354e-06,1.3036958730251635e-06,0.0094886693828681,0.0001411753125353,0.0002552166364051,2.142734357183765e-05,0.1152037489145797,0.0970260935319166,0.0635312394983483,0.0992000426795473,0.0671800966087077,0.0971478364759547,0.0689534008291143,0.096062126881879,0.0702404060920607,0.0951608602216649,0.071154532976162,0.094561935137947,0.0716382875233594,5.628933900729762e-05,-1.2400993771299944e-05,-0.0011095611440929,7239.0,1.0,-0.0,-0.0833333333333333,-0.1666666666666666,-0.25,-0.3333333333333333,-0.4166666666666667,-0.5,-0.5833333333333334,-0.6666666666666667,-0.7500000000000001,-0.8333333333333335,-0.9166666666666669,-1.0,-1.0833333333333337,100000,30,14,0.1,5.0,0.1,0,13,0.001,1e-06,0.01,1e-07,1.0,1e-08,adamax,0,0.0,ramp,0 days 00:53:25.584579,0.0789739908789995,1.057949164813054,1.056652882732101,-0.0010994411202325
59,59,59,28,0.0025978136583822,4.42499301879411e-06,2.02228884457451e-06,1.7282160525841571e-06,0.0095031828722571,5.588270590608847e-05,4.1002523002405366e-05,0.000249979563869,0.0002548128238791,0.0001393926178151,0.0002032280721346,0.0005485488813131,0.0044382805743277,0.0005132728562742,0.1153724386904505,0.0966816824064063,0.063842247448239,0.0988200063329218,0.0674034180237189,0.0968654087575721,0.0690677340311616,0.0958851163832189,0.0702766557930587,0.0950989955952971,0.0712034076830697,0.0945355931895778,0.071647950270379,6.230564978460475e-05,-1.837591381711351e-05,-0.0011095611377775,12731.0,1.0,-0.0,-0.0833333333333333,-0.1666666666666666,-0.25,-0.3333333333333333,-0.4166666666666667,-0.5,-0.5833333333333334,-0.6666666666666667,-0.7500000000000001,-0.8333333333333335,-0.9166666666666669,-1.0,-1.0833333333333337,100000,30,14,0.1,5.0,0.1,0,13,0.001,1e-06,0.01,1e-07,1.0,1e-08,adamax,0,0.0,ramp,0 days 00:53:25.584579,0.0789739920127283,1.057759187720261,1.0566528826612152,-0.0010994411202326
60,60,60,15,0.0016352854394882,1.4505829783580455e-06,1.2421076086809366e-06,6.508481513379543e-06,0.0068940092356226,4.778450888064487e-05,0.0001064675764973,1.0290580784181798e-05,2.687561766648098e-05,0.0001146041905996,0.0057797530256299,1.354624101478452e-05,0.0001423791791282,0.0045260414306852,0.1158354888525133,0.0963968618610388,0.0642950000092233,0.0984336183621831,0.0679430943846416,0.0965926123733226,0.0695259923336617,0.095703176407605,0.0706334873816281,0.0950262794184286,0.071446438023585,0.0945927118893109,0.0717518846824431,9.628711133072404e-05,-2.387199977923377e-05,-0.0011095611202833,12834.0,1.0,-0.0,-0.0833333333333333,-0.1666666666666666,-0.25,-0.3333333333333333,-0.4166666666666667,-0.5,-0.5833333333333334,-0.6666666666666667,-0.7500000000000001,-0.8333333333333335,-0.9166666666666669,-1.0,-1.0833333333333337,100000,30,14,0.1,5.0,0.1,0,13,0.001,1e-06,0.01,1e-07,1.0,1e-08,adamax,0,0.0,ramp,0 days 00:53:25.584579,0.0789739895730448,1.0574947989889112,1.056652882813754,-0.0010994411202324
61,61,61,9,3.051954418650927e-05,0.0066941488647201,3.225617978276119e-05,4.485653013961484e-05,0.0031258209065901,0.0013309799015426,0.0004339347260721,0.0042846758683154,1.953512856577976e-06,3.217033110368359e-06,0.0002225266565455,0.0007242129870546,0.002867734862475,1.2781004247899507e-05,0.1149877065933597,0.0971398405885185,0.0632747628072979,0.0993830150943507,0.0668630971196639,0.0973684203812556,0.0686133258363186,0.0962800183612289,0.0699461599256921,0.0953592721589025,0.0710166599926242,0.0946325653566438,0.0716345356118067,2.60108469983046e-05,-4.420677894605062e-05,-0.0011095611123202,8345.0,1.0,-0.0,-0.0833333333333333,-0.1666666666666666,-0.25,-0.3333333333333333,-0.4166666666666667,-0.5,-0.5833333333333334,-0.6666666666666667,-0.7500000000000001,-0.8333333333333335,-0.9166666666666669,-1.0,-1.0833333333333337,100000,30,14,0.1,5.0,0.1,0,13,0.001,1e-06,0.01,1e-07,1.0,1e-08,adamax,0,0.0,ramp,0 days 00:53:25.584579,0.0789739884343877,1.0581647620251071,1.0566528828849462,-0.0010994411202324
62,62,62,80,1.4067112301575768e-05,1.5652052252925896e-06,1.0823661681270013e-06,5.0514768492239095e-05,0.0088695573006322,0.0013416279696342,2.267884327892133e-05,0.000922555083874,4.727943707580238e-05,8.253848655364768e-06,8.635293761648959e-05,0.0001491478254668,0.0005401423275617,1.3625367111875491e-05,0.1153603525406984,0.0969126465309661,0.0636135113795121,0.0991692028950903,0.0672182043416268,0.0972658350049118,0.0689179266489377,0.0962365866180144,0.0701879649506238,0.0953757058338226,0.0711856416804156,0.0947145299630809,0.0717535135643674,2.6966050067089023e-05,-1.0303468190081356e-05,-0.0011095611108024,7670.0,1.0,-0.0,-0.0833333333333333,-0.1666666666666666,-0.25,-0.3333333333333333,-0.4166666666666667,-0.5,-0.5833333333333334,-0.6666666666666667,-0.7500000000000001,-0.8333333333333335,-0.9166666666666669,-1.0,-1.0833333333333337,100000,30,14,0.1,5.0,0.1,0,13,0.001,1e-06,0.01,1e-07,1.0,1e-08,adamax,0,0.0,ramp,0 days 00:53:25.584579,0.0789739887227514,1.0580164639077847,1.0566528828669186,-0.0010994411202324
63,63,63,48,5.583043876451025e-05,0.00051917397782,0.0004365493455334,0.0002537417201699,0.0004826855872188,0.0002622095548284,7.810060619137542e-05,1.3076951012004047e-06,1.1900942897565889e-06,1.6023603112372997e-06,1.987743599958049e-06,5.73454396507075e-05,0.0019844142061639,4.235647826069908e-06,0.1151494381013285,0.0969726540505525,0.0634823976938773,0.0991661388079133,0.0670876273290544,0.0971538295207029,0.0688195295179988,0.0960938238223692,0.0701232352950022,0.0952462321861843,0.071117868692655,0.0945608335641464,0.0716732509207278,4.338598292332688e-06,-2.633703904870986e-06,-0.0011095610843693,9546.0,1.0,-0.0,-0.0833333333333333,-0.1666666666666666,-0.25,-0.3333333333333333,-0.4166666666666667,-0.5,-0.5833333333333334,-0.6666666666666667,-0.7500000000000001,-0.8333333333333335,-0.9166666666666669,-1.0,-1.0833333333333337,100000,30,14,0.1,5.0,0.1,0,13,0.001,1e-06,0.01,1e-07,1.0,1e-08,adamax,0,0.0,ramp,0 days 00:53:25.584579,0.0789739940495687,1.058009847509834,1.056652882533866,-0.0010994411202327
64,64,64,36,1.1916891543923683e-06,2.4920850879240867e-06,0.0033449229907929,1.5934148025392145e-05,6.394327709351079e-06,3.4087290127324818e-06,0.0081217552033049,1.029837214930036e-05,6.043252530841861e-05,0.0005011645061854,0.0013334897838448,6.054301375434998e-05,0.0027687537153118,0.0003966472711948,0.1156946290104206,0.0965678412892753,0.0641816879254007,0.0986297272839819,0.0678436959306557,0.0966569345234726,0.0694875761479906,0.0957224240033996,0.0706310189792481,0.0950156684292865,0.0714675835412427,0.0945617812374592,0.0717927448143552,5.079126106044648e-05,-4.229504422905583e-05,-0.0011095610808254,10471.0,1.0,-0.0,-0.0833333333333333,-0.1666666666666666,-0.25,-0.3333333333333333,-0.4166666666666667,-0.5,-0.5833333333333334,-0.6666666666666667,-0.7500000000000001,-0.8333333333333335,-0.9166666666666669,-1.0,-1.0833333333333337,100000,30,14,0.1,5.0,0.1,0,13,0.001,1e-06,0.01,1e-07,1.0,1e-08,adamax,0,0.0,ramp,0 days 00:53:25.584579,0.07897398864353,1.0575495622595943,1.056652882871873,-0.0010994411202324
65,65,65,41,1.708193227592266e-05,1.410376036446904e-06,4.0463342068526576e-06,0.0004244453412933,7.94600667869999e-05,1.0321888030353344e-06,1.9574660262776147e-05,4.863981067118419e-05,2.702200452919436e-05,2.402693223686352e-05,0.0005034587882915,2.386196910605736e-05,0.0084892587623611,1.2314720703226462e-05,0.1153354089596328,0.096817892366655,0.0636500240910397,0.0989757788225783,0.0672646349810475,0.0969775367001034,0.0689654445636414,0.095969543490161,0.0702176052081681,0.0951282477820649,0.0711903983101048,0.0945188207220381,0.0716878302466706,6.463957694263776e-06,-2.7576120095545808e-06,-0.0011095610800163,8967.0,1.0,-0.0,-0.0833333333333333,-0.1666666666666666,-0.25,-0.3333333333333333,-0.4166666666666667,-0.5,-0.5833333333333334,-0.6666666666666667,-0.7500000000000001,-0.8333333333333335,-0.9166666666666669,-1.0,-1.0833333333333337,100000,30,14,0.1,5.0,0.1,0,13,0.001,1e-06,0.01,1e-07,1.0,1e-08,adamax,0,0.0,ramp,0 days 00:53:25.584579,0.0789739904032354,1.057895401789697,1.0566528827618475,-0.0010994411202325
66,66,66,1,1.445539641621338e-05,1.41049978154116e-06,2.955374011709572e-06,2.044084371365945e-05,0.0001661759381571,3.432599948133796e-06,0.0008394496800248,9.246138673436726e-05,3.674919987877531e-05,0.0005733089275489,0.0005914254962676,0.0040541396690685,0.002110807931705,3.7984944053257567e-06,0.1153567819894962,0.096942194777448,0.0637383697100054,0.0991191025356635,0.0673465519177612,0.0971231270745978,0.0690640192696159,0.0961000607772734,0.0703168422318001,0.095267889123105,0.071289964565038,0.0946531273595385,0.0717897074144749,3.7291787198537578e-06,-3.616853276052911e-06,-0.0011095610766501,9286.0,1.0,-0.0,-0.0833333333333333,-0.1666666666666666,-0.25,-0.3333333333333333,-0.4166666666666667,-0.5,-0.5833333333333334,-0.6666666666666667,-0.7500000000000001,-0.8333333333333335,-0.9166666666666669,-1.0,-1.0833333333333337,100000,30,14,0.1,5.0,0.1,0,13,0.001,1e-06,0.01,1e-07,1.0,1e-08,adamax,0,0.0,ramp,0 days 00:53:25.584579,0.0789739886008567,1.0578827217276037,1.0566528828745376,-0.0010994411202324
67,67,67,10,0.0001271416422582,0.0025882381170147,0.0057695869843485,1.2632530958877094e-06,5.214192892154274e-06,3.1203247487612515e-05,3.525509962189181e-05,8.594751596215984e-06,0.0001227948394014,1.2200901750305449e-05,1.8429040709154573e-05,0.0081430018877935,0.0014719228531997,2.182282701138304e-06,0.1153827466139722,0.0969851425379227,0.0637042860774677,0.099151214283487,0.0673296386297082,0.0971492726321396,0.0690412710514935,0.0961182164531497,0.0703021089055667,0.0952787723671022,0.0712823518025518,0.0946566910188824,0.0717893892085645,2.171383282422808e-06,-4.310032892972409e-06,-0.0011095610762187,9333.0,1.0,-0.0,-0.0833333333333333,-0.1666666666666666,-0.25,-0.3333333333333333,-0.4166666666666667,-0.5,-0.5833333333333334,-0.6666666666666667,-0.7500000000000001,-0.8333333333333335,-0.9166666666666669,-1.0,-1.0833333333333337,100000,30,14,0.1,5.0,0.1,0,13,0.001,1e-06,0.01,1e-07,1.0,1e-08,adamax,0,0.0,ramp,0 days 00:53:25.584579,0.0789739900635217,1.057904836729277,1.0566528827830868,-0.0010994411202325
68,68,68,50,0.0009695941102746,0.000370717993434,3.865593224201616e-05,1.7471773229952494e-06,7.798334057484183e-06,0.0026749635450222,0.000389661032651,0.0032195336792154,3.165971920848796e-05,0.0005250935041727,0.001124150903294,8.432527803740945e-05,0.0029028578924055,2.645684872870101e-06,0.1153899705773236,0.0968100858340428,0.0637511491507557,0.0989127522940907,0.0673245212774203,0.0969374565286157,0.0689973946215255,0.0959310666702155,0.0702369214438223,0.0951123130488164,0.0711996106796097,0.0945084021242943,0.0716904087428036,2.658064891842868e-06,-2.911365638361676e-05,-0.001109561072604,8202.0,1.0,-0.0,-0.0833333333333333,-0.1666666666666666,-0.25,-0.3333333333333333,-0.4166666666666667,-0.5,-0.5833333333333334,-0.6666666666666667,-0.7500000000000001,-0.8333333333333335,-0.9166666666666669,-1.0,-1.0833333333333337,100000,30,14,0.1,5.0,0.1,0,13,0.001,1e-06,0.01,1e-07,1.0,1e-08,adamax,0,0.0,ramp,0 days 00:53:25.584579,0.0789739895755896,1.057815808732324,1.056652882813594,-0.0010994411202324
69,69,69,79,8.515230576874638e-06,7.73159877288475e-06,0.002283677611714,0.0003688248103979,0.0031582057744287,4.105041034741541e-05,4.482300882067677e-05,6.438585260648411e-05,0.0012593926088568,2.013484840146552e-05,5.2322251012237286e-05,0.0003193857033987,0.0052078529050261,1.7043861544297785e-06,0.1153851159160362,0.09674078914242,0.0637506581612246,0.0988531501135231,0.0673860639513651,0.0968556870292482,0.0690845470016217,0.0958453942942038,0.0703492108186615,0.0950447921140657,0.0712548715190453,0.0944788974447119,0.0717053204933285,1.6090653925460298e-06,-2.422824899134445e-05,-0.0011095610646835,8166.0,1.0,-0.0,-0.0833333333333333,-0.1666666666666666,-0.25,-0.3333333333333333,-0.4166666666666667,-0.5,-0.5833333333333334,-0.6666666666666667,-0.7500000000000001,-0.8333333333333335,-0.9166666666666669,-1.0,-1.0833333333333337,100000,30,14,0.1,5.0,0.1,0,13,0.001,1e-06,0.01,1e-07,1.0,1e-08,adamax,0,0.0,ramp,0 days 00:53:25.584579,0.0789739876930912,1.0578068119468682,1.056652882931294,-0.0010994411202323
70,70,70,26,0.0005015085050308,2.274758526436508e-05,2.573120567176505e-05,0.0033707689666427,4.034472588792863e-05,3.714411401479124e-05,5.50705473906161e-05,0.00035866669226,0.0001040668998119,9.183568487391656e-06,5.067156674954241e-05,3.309777016115237e-06,9.449609999238672e-05,1.782997161816298e-06,0.1155378275867691,0.0967237410295758,0.063892305678317,0.098926969179061,0.0675337660216734,0.0969444164606444,0.0692218356622089,0.0959486526389388,0.0704350847182506,0.0951490995784537,0.0713477738597965,0.0945914174575306,0.0717709563599416,3.72811362144425e-06,-9.592551604774034e-06,-0.001109561062355,8223.0,1.0,-0.0,-0.0833333333333333,-0.1666666666666666,-0.25,-0.3333333333333333,-0.4166666666666667,-0.5,-0.5833333333333334,-0.6666666666666667,-0.7500000000000001,-0.8333333333333335,-0.9166666666666669,-1.0,-1.0833333333333337,100000,30,14,0.1,5.0,0.1,0,13,0.001,1e-06,0.01,1e-07,1.0,1e-08,adamax,0,0.0,ramp,0 days 00:53:25.584579,0.0789739934709047,1.057784377644744,1.0566528825700463,-0.0010994411202327
71,71,71,95,1.341001903897578e-05,1.4776142314534749e-05,5.735626216441621e-05,9.19830334213847e-06,1.5430817677222907e-05,1.9167583208023424e-05,0.0005596140330674,2.09218068094138e-05,7.706061433910741e-05,0.0007756751406234,1.7386323432724795e-05,0.0002141095543973,0.004492672438691,8.583806460604523e-05,0.1159455614511841,0.0961456200433096,0.0645191166416672,0.0981742115419397,0.0679862420782745,0.0963450686913736,0.0695179426613076,0.0954958042695181,0.070592067133496,0.0948418733346109,0.0713859035440274,0.0944204652538025,0.0716820676066543,6.525493562425545e-05,-4.7173179016489655e-06,-0.0011095610577833,8927.0,1.0,-0.0,-0.0833333333333333,-0.1666666666666666,-0.25,-0.3333333333333333,-0.4166666666666667,-0.5,-0.5833333333333334,-0.6666666666666667,-0.7500000000000001,-0.8333333333333335,-0.9166666666666669,-1.0,-1.0833333333333337,100000,30,14,0.1,5.0,0.1,0,13,0.001,1e-06,0.01,1e-07,1.0,1e-08,adamax,0,0.0,ramp,0 days 00:53:25.584579,0.0789739929373372,1.0573217496484282,1.0566528826034076,-0.0010994411202326
72,72,72,44,1.82959839532262e-05,1.058448007916646e-06,0.0001209475527893,1.3186408461262768e-06,0.0002338604183859,0.0005112086553948,5.010174679056199e-06,3.65402351944695e-06,0.0006114257319064,0.003695983148598,3.2525424107002966e-05,1.245027500886231e-05,4.94466096077772e-05,5.013166901190365e-06,0.1159642651471537,0.0960898878302599,0.0645412455189041,0.0981285479617982,0.0680575371342773,0.0962705400543903,0.0696077844463207,0.0954214054859959,0.0706637370019725,0.0947861308825106,0.0714582623191952,0.0943962617589549,0.0717290914152133,7.180203137284033e-05,-9.981722495925534e-06,-0.0011095610508764,8530.0,1.0,-0.0,-0.0833333333333333,-0.1666666666666666,-0.25,-0.3333333333333333,-0.4166666666666667,-0.5,-0.5833333333333334,-0.6666666666666667,-0.7500000000000001,-0.8333333333333335,-0.9166666666666669,-1.0,-1.0833333333333337,100000,30,14,0.1,5.0,0.1,0,13,0.001,1e-06,0.01,1e-07,1.0,1e-08,adamax,0,0.0,ramp,0 days 00:53:25.584579,0.078973987915297,1.0573119350761258,1.0566528829174031,-0.0010994411202323
73,73,73,67,0.0025221584205787,7.7467285463969e-05,2.5496445000816223e-05,4.671754927486386e-05,2.1716922298321323e-06,0.001440860467917,0.0003245910857061,0.002723480975567,0.0027393831812278,2.070056381509362e-06,2.871242741711334e-05,0.0004050188142475,0.0047800360162525,3.262032723208596e-06,0.1155588408197806,0.0966091103277365,0.0640329165244282,0.098668943813071,0.0676847419853158,0.0966912719821797,0.0693359345622847,0.095740569193017,0.0705282661295095,0.0949655761356011,0.0714346378853464,0.0944620521866008,0.0717836626289187,3.041224932450782e-06,-2.7383455435211346e-05,-0.0011095610395238,6775.0,1.0,-0.0,-0.0833333333333333,-0.1666666666666666,-0.25,-0.3333333333333333,-0.4166666666666667,-0.5,-0.5833333333333334,-0.6666666666666667,-0.7500000000000001,-0.8333333333333335,-0.9166666666666669,-1.0,-1.0833333333333337,100000,30,14,0.1,5.0,0.1,0,13,0.001,1e-06,0.01,1e-07,1.0,1e-08,adamax,0,0.0,ramp,0 days 00:53:25.584579,0.0789739892597055,1.0576274585223306,1.0566528828333437,-0.0010994411202324
74,74,74,20,1.2451361409834748e-05,0.0022378412569189,3.454222612034899e-05,2.975654315761055e-05,5.682768191802499e-06,0.00870941549694,0.0001471353882429,1.432206084023924e-06,2.1421609124319872e-05,0.000133497018893,0.0002567565959629,0.0003724110800502,0.0022106761763093,8.71056322186708e-06,0.1145377777589848,0.0976565601029696,0.0626436990162361,0.10010866500117,0.0661916541689834,0.0979932774566002,0.0680379942468193,0.0967851230001347,0.0695154911698823,0.0957054481812898,0.0707591826789834,0.094780151906406,0.0715893032821778,1.0175505803959795e-05,-1.5968222369541085e-05,-0.0011095610366539,10328.0,1.0,-0.0,-0.0833333333333333,-0.1666666666666666,-0.25,-0.3333333333333333,-0.4166666666666667,-0.5,-0.5833333333333334,-0.6666666666666667,-0.7500000000000001,-0.8333333333333335,-0.9166666666666669,-1.0,-1.0833333333333337,100000,30,14,0.1,5.0,0.1,0,13,0.001,1e-06,0.01,1e-07,1.0,1e-08,adamax,0,0.0,ramp,0 days 00:53:25.584579,0.078973993355927,1.0586559063157943,1.0566528825772352,-0.0010994411202326
75,75,75,84,0.0002844187501431,4.449128836686202e-05,3.615917931662353e-05,0.0004680133672797,0.0005679643041452,2.5481891528093587e-05,5.215601117583634e-05,0.002427687949826,0.0004724587494121,0.0004136725141349,0.0096985312546872,0.0009174605610019,6.107284361611098e-05,1.0207085563758634e-06,0.11567658268501,0.0965082406819477,0.0641007166322096,0.0985739846057806,0.06775575265164,0.0965789949653277,0.0693045341592669,0.0956718838813152,0.0704534607345051,0.0949440812751557,0.0713271108662087,0.0944377531739083,0.0717221472388368,1.662329420187751e-06,-2.7726505286432675e-05,-0.001109561034978,7528.0,1.0,-0.0,-0.0833333333333333,-0.1666666666666666,-0.25,-0.3333333333333333,-0.4166666666666667,-0.5,-0.5833333333333334,-0.6666666666666667,-0.7500000000000001,-0.8333333333333335,-0.9166666666666669,-1.0,-1.0833333333333337,100000,30,14,0.1,5.0,0.1,0,13,0.001,1e-06,0.01,1e-07,1.0,1e-08,adamax,0,0.0,ramp,0 days 00:53:25.584579,0.0789739925917899,1.0575715429331636,1.0566528826250114,-0.0010994411202326
76,76,76,5,2.590504673470147e-05,1.2799138141987386e-06,2.626581940952268e-05,0.0005487290258662,3.859865982110496e-06,0.004772916036536,1.821193118173633e-05,0.0010397084589779,1.446898012567959e-05,6.199617961178971e-06,1.328050863357606e-05,2.412655912029024e-05,0.0054471260813153,1.915640039165916e-06,0.1146043305757294,0.0976154674025934,0.0627117712560735,0.0999895723431315,0.0662557669827058,0.0979449559948431,0.0680818109140443,0.0967502945640534,0.0695460862669316,0.0956810485007946,0.0707787457235064,0.09476483783234,0.071599758709072,1.692234102469778e-06,-1.1176327167493791e-05,-0.001109561032599,9072.0,1.0,-0.0,-0.0833333333333333,-0.1666666666666666,-0.25,-0.3333333333333333,-0.4166666666666667,-0.5,-0.5833333333333334,-0.6666666666666667,-0.7500000000000001,-0.8333333333333335,-0.9166666666666669,-1.0,-1.0833333333333337,100000,30,14,0.1,5.0,0.1,0,13,0.001,1e-06,0.01,1e-07,1.0,1e-08,adamax,0,0.0,ramp,0 days 00:53:25.584579,0.0789739891131606,1.0585978842348818,1.056652882842507,-0.0010994411202324
77,77,77,93,0.0007473734651972,4.273136947477272e-05,2.20501352797068e-06,0.0001318236653735,0.0016954631509976,0.0008584336117161,1.0911933482014768e-06,3.773265712027729e-06,0.0022723928242973,2.7539453601185505e-06,2.118767195220757e-05,1.3056716828094169e-06,6.92243578788908e-05,3.422348036338513e-06,0.114335892677047,0.0978746939734294,0.062397799404888,0.1003264667450289,0.0659120014570527,0.0982708055303287,0.0677734050782065,0.0970245081885098,0.0693020620062921,0.095884357935943,0.0706147558737338,0.0948767486485675,0.0715321950816358,4.166377215127166e-05,-2.583016926450392e-05,-0.0011095610306313,10329.0,1.0,-0.0,-0.0833333333333333,-0.1666666666666666,-0.25,-0.3333333333333333,-0.4166666666666667,-0.5,-0.5833333333333334,-0.6666666666666667,-0.7500000000000001,-0.8333333333333335,-0.9166666666666669,-1.0,-1.0833333333333337,100000,30,14,0.1,5.0,0.1,0,13,0.001,1e-06,0.01,1e-07,1.0,1e-08,adamax,0,0.0,ramp,0 days 00:53:25.584579,0.0789739920150879,1.0588350297180182,1.0566528826610686,-0.0010994411202326
78,78,78,25,4.093632472825729e-05,0.0032588300313027,0.0006120599869189,0.0011586366963174,6.108553876538158e-05,9.026615042557891e-05,1.0167964909186077e-05,3.293451552947074e-05,5.348626645718026e-05,3.0523033508746725e-06,0.0031823337237301,0.0065038827120919,0.001097348072497,3.548159624660453e-05,0.1144625031528222,0.0977760200068627,0.0625194458748679,0.1001875752643502,0.0660495311801548,0.0981346430979148,0.0678988445555637,0.096907553421728,0.0694021237020124,0.0957953688553941,0.0706822711066616,0.0948258747567243,0.0715607274561248,2.257994042530559e-05,-6.869236507193392e-06,-0.0011095610295292,9751.0,1.0,-0.0,-0.0833333333333333,-0.1666666666666666,-0.25,-0.3333333333333333,-0.4166666666666667,-0.5,-0.5833333333333334,-0.6666666666666667,-0.7500000000000001,-0.8333333333333335,-0.9166666666666669,-1.0,-1.0833333333333337,100000,30,14,0.1,5.0,0.1,0,13,0.001,1e-06,0.01,1e-07,1.0,1e-08,adamax,0,0.0,ramp,0 days 00:53:25.584579,0.0789739902640202,1.0587404295510197,1.0566528827705504,-0.0010994411202325
79,79,79,89,0.0047448087810754,0.0026233189136755,4.583030874188111e-05,6.685173895652826e-06,0.0048744745098711,0.0044439380760437,3.499010379729769e-06,1.7851681840997013e-05,2.394254703721993e-06,1.746402728670544e-06,0.0001880881155392,8.318646593339428e-05,0.0017158453697036,6.800350339892841e-05,0.1158054595827848,0.0962122311988789,0.0643957016332648,0.0982055760637055,0.068038575442106,0.0962578305421031,0.069642646072099,0.095397470219203,0.0707265546865926,0.0947268747266078,0.0714916944097754,0.0943536965919726,0.0717278200602244,3.902638357634669e-05,-9.103806053017033e-06,-0.0011095610149832,9124.0,1.0,-0.0,-0.0833333333333333,-0.1666666666666666,-0.25,-0.3333333333333333,-0.4166666666666667,-0.5,-0.5833333333333334,-0.6666666666666667,-0.7500000000000001,-0.8333333333333335,-0.9166666666666669,-1.0,-1.0833333333333337,100000,30,14,0.1,5.0,0.1,0,13,0.001,1e-06,0.01,1e-07,1.0,1e-08,adamax,0,0.0,ramp,0 days 00:53:25.584579,0.0789739894072812,1.0573485795068602,1.0566528828241166,-0.0010994411202324
80,80,80,59,2.299818856287954e-05,0.0054242373375582,2.135979106964961e-06,3.385994974465743e-05,8.434868421867862e-06,0.0011858347467349,1.184291396238812e-06,2.0923821783267523e-06,1.1951580845443442e-05,0.0001251486709547,0.0073002273292237,2.556112419650542e-05,0.0001192978797288,4.509309087935031e-06,0.1143548329601146,0.0978559058581852,0.062422612617757,0.1003022989338688,0.0659403016367599,0.0982450902150898,0.0678010044126269,0.0970005149387357,0.0693276276922452,0.0958629995244543,0.0706370409912081,0.094859297121521,0.071550909322428,2.4605138281278188e-05,-2.0492090203115308e-05,-0.0011095610119181,9517.0,1.0,-0.0,-0.0833333333333333,-0.1666666666666666,-0.25,-0.3333333333333333,-0.4166666666666667,-0.5,-0.5833333333333334,-0.6666666666666667,-0.7500000000000001,-0.8333333333333335,-0.9166666666666669,-1.0,-1.0833333333333337,100000,30,14,0.1,5.0,0.1,0,13,0.001,1e-06,0.01,1e-07,1.0,1e-08,adamax,0,0.0,ramp,0 days 00:53:25.584579,0.0789739943269857,1.0588174678339184,1.0566528825165202,-0.0010994411202327
81,81,81,29,0.0001120356327137,0.000184719883233,0.0001705372249783,0.0002255519324254,2.162355892431235e-06,1.3049888497701278e-06,0.0010135652468885,0.0002576838334196,0.0025828154496782,1.2681919856828783e-05,0.0030912241766415,1.009820278118849e-05,0.0002137032057426,2.4597119061651707e-06,0.115729320319554,0.0963628497219,0.0642876174505305,0.0983834738126959,0.0679276255992434,0.0963965819278197,0.0694969158710007,0.0955077288791028,0.0705980267369235,0.0948265207534594,0.0714178729391351,0.0943828332122417,0.0717391419292665,4.0300983930436605e-06,-1.864106512056504e-05,-0.0011095610078029,8381.0,1.0,-0.0,-0.0833333333333333,-0.1666666666666666,-0.25,-0.3333333333333333,-0.4166666666666667,-0.5,-0.5833333333333334,-0.6666666666666667,-0.7500000000000001,-0.8333333333333335,-0.9166666666666669,-1.0,-1.0833333333333337,100000,30,14,0.1,5.0,0.1,0,13,0.001,1e-06,0.01,1e-07,1.0,1e-08,adamax,0,0.0,ramp,0 days 00:53:25.584579,0.0789739873424814,1.057426076548056,1.0566528829532158,-0.0010994411202323
82,82,82,45,2.6871522561683943e-06,0.000139366073442,0.0024234700248921,0.0004765010622916,2.226456367451492e-05,0.0013102966741916,0.0003372832478163,1.3222875260513924e-05,4.38934999053478e-05,5.6402873581788565e-05,0.0028927463005115,2.110036248362233e-05,8.15924058036707e-06,1.1800665268308703e-06,0.114290720776959,0.0981556037152588,0.062304118324003,0.1006538899288384,0.0658161059897276,0.0985857981213467,0.0677078183355572,0.0973006384432824,0.0692815222590677,0.096111335396564,0.0706491063167494,0.0950448035665039,0.071631606489954,2.5099039872427613e-05,-1.987800055354073e-05,-0.0011095609667,12146.0,1.0,-0.0,-0.0833333333333333,-0.1666666666666666,-0.25,-0.3333333333333333,-0.4166666666666667,-0.5,-0.5833333333333334,-0.6666666666666667,-0.7500000000000001,-0.8333333333333335,-0.9166666666666669,-1.0,-1.0833333333333337,100000,30,14,0.1,5.0,0.1,0,13,0.001,1e-06,0.01,1e-07,1.0,1e-08,adamax,0,0.0,ramp,0 days 00:53:25.584579,0.0789739895032473,1.0589644544307188,1.056652882818116,-0.0010994411202324
83,83,83,22,4.23068718899524e-06,0.0016270265464595,0.008686548184393,9.382291978262158e-06,0.0055847081332648,0.0028094924795707,2.0970409610624964e-05,0.005845434086643,3.802276092116883e-05,2.840105620359588e-06,0.0002502839196575,0.0051629164784629,0.007556709321258,0.0072097052714886,0.0675044191857166,0.1512477360000931,0.0001199201672786,0.1648634132071785,0.0027947118318246,0.1604920711592228,0.0061665676875111,0.159301203141231,0.0068054229680019,0.1589145247135943,0.0077809962517409,0.1601383485048559,0.0023521302552413,0.0708363561286668,-7.728627898634858e-05,-0.0011095524688723,14760.0,1.0,-0.0,-0.0833333333333333,-0.1666666666666666,-0.25,-0.3333333333333333,-0.4166666666666667,-0.5,-0.5833333333333334,-0.6666666666666667,-0.7500000000000001,-0.8333333333333335,-0.9166666666666669,-1.0,-1.0833333333333337,100000,30,14,0.1,5.0,0.1,0,13,0.001,1e-06,0.01,1e-07,1.0,1e-08,adamax,0,0.0,ramp,0 days 00:53:25.584579,0.0789739942675656,1.1138327086360158,1.0566528825202357,-0.0010994411202327
84,84,84,86,0.000343021890017,0.0029201122905261,3.017553905769922e-06,3.682674264070165e-05,0.0006828718163736,1.0957583327874633e-05,2.247697922293881e-05,0.0003644122301687,0.0002420222859901,1.458011583194441e-06,1.342525764877241e-05,1.3393718311620846e-05,0.0004267971142422,1.9374796668182684e-06,0.0663701790511677,0.1529964033020263,2.3265991900946377e-05,0.1556867596820988,0.0221275655419161,0.1334148584803028,0.0397843822720968,0.1197509786228567,0.0518103295158551,0.1093735216345829,0.0612075474062324,0.1005997463709657,0.0696356337134677,2.422224077212669e-06,-1.0414199341118372e-05,-0.0011092906713615,8458.0,1.0,-0.0,-0.0833333333333333,-0.1666666666666666,-0.25,-0.3333333333333333,-0.4166666666666667,-0.5,-0.5833333333333334,-0.6666666666666667,-0.7500000000000001,-0.8333333333333335,-0.9166666666666669,-1.0,-1.0833333333333337,100000,30,14,0.1,5.0,0.1,0,13,0.001,1e-06,0.01,1e-07,1.0,1e-08,adamax,0,0.0,ramp,0 days 00:53:25.584579,0.0789739943684575,1.111235277758536,1.0566528825139283,-0.0010994411202327
85,85,85,47,0.0006509417734475,1.8881470451517475e-05,1.3809317155337122e-06,0.0018746049916582,2.030658484076356e-05,7.490495891642051e-06,0.0002059909118632,4.37523700056993e-06,0.0002482643035394,0.0015041249266792,1.7708034091190774e-05,0.0025970505383855,1.9451624145615552e-05,2.088436190977791e-06,0.0662906028712269,0.1527806588132673,2.9065234782682662e-06,0.1555276591245555,0.0220178997988933,0.133286469975934,0.0397239818416017,0.1196458333312463,0.051655951000774,0.1093278472127746,0.061052960945648,0.1005193247706761,0.0695371181805727,1.240805681571256e-05,-1.3947754810511697e-05,-0.0011092905655793,8515.0,1.0,-0.0,-0.0833333333333333,-0.1666666666666666,-0.25,-0.3333333333333333,-0.4166666666666667,-0.5,-0.5833333333333334,-0.6666666666666667,-0.7500000000000001,-0.8333333333333335,-0.9166666666666669,-1.0,-1.0833333333333337,100000,30,14,0.1,5.0,0.1,0,13,0.001,1e-06,0.01,1e-07,1.0,1e-08,adamax,0,0.0,ramp,0 days 00:53:25.584579,0.0789739925619192,1.1112983756189705,1.0566528826268786,-0.0010994411202326
86,86,86,8,1.0067720087200576e-06,0.0002421048739278,4.638635010224338e-06,0.0003808165529841,2.961301501810931e-06,0.0001044397020268,2.580259369507092e-06,1.0256989536703244e-05,3.3134658663777604e-05,1.7328523444971088e-05,9.87304901581063e-06,4.111521477180174e-05,3.587794706551061e-05,8.140732315491117e-06,1.151312352139079e-06,0.1807336702488178,8.002689582732017e-06,0.1595077884563573,0.0068944092997188,0.1576561537977828,0.0089927819720334,0.1560611070433913,0.0102129633996624,0.1555051553474342,0.0111782968314793,0.1566292404218506,0.0060548525745903,0.0671204700644225,-1.940227046123416e-06,-0.0011091854043347,12580.0,1.0,-0.0,-0.0833333333333333,-0.1666666666666666,-0.25,-0.3333333333333333,-0.4166666666666667,-0.5,-0.5833333333333334,-0.6666666666666667,-0.7500000000000001,-0.8333333333333335,-0.9166666666666669,-1.0,-1.0833333333333337,100000,30,14,0.1,5.0,0.1,0,13,0.001,1e-06,0.01,1e-07,1.0,1e-08,adamax,0,0.0,ramp,0 days 00:53:25.584579,0.0789739935179224,1.099625550636935,1.0566528825671075,-0.0010994411202327
87,87,87,62,1.112015792176576e-06,1.3434606796932803e-05,0.0040475871374074,0.0018478317163157,0.0004602286542309,0.000773758443388,2.4403356702677432e-05,0.0001662511635417,0.0001786159527464,0.0033606648426064,0.0025560179577301,0.0001728671031714,8.05607638169142e-05,0.000288241895196,1.9592274184961595e-05,0.1806197239333238,0.0002326026929277,0.1593361320665008,0.0069734104178834,0.1576667074023232,0.0089185520024869,0.1561892254281854,0.0100453501242108,0.1557079365319009,0.0109542924869556,0.1568837432100468,0.0057741937746731,0.0674067411768912,-3.273678970846639e-05,-0.001109184757543,10993.0,1.0,-0.0,-0.0833333333333333,-0.1666666666666666,-0.25,-0.3333333333333333,-0.4166666666666667,-0.5,-0.5833333333333334,-0.6666666666666667,-0.7500000000000001,-0.8333333333333335,-0.9166666666666669,-1.0,-1.0833333333333337,100000,30,14,0.1,5.0,0.1,0,13,0.001,1e-06,0.01,1e-07,1.0,1e-08,adamax,0,0.0,ramp,0 days 00:53:25.584579,0.0789739906827901,1.0995699834785828,1.0566528827443675,-0.0010994411202325
88,88,88,34,4.352149590256046e-06,0.0042287407950495,0.0001137782456021,0.0006556408704392,8.16277323383153e-05,0.0024888427184752,4.356109922430004e-06,5.06823310501109e-06,0.001012586524679,1.4598310428688248e-05,2.41436103541234e-06,1.0447807297274117e-05,0.0022929500238336,0.0002544332565582,7.072820954458822e-06,0.180669036505505,0.0001632694381205,0.1592748696879165,0.0071792807973587,0.157340568895142,0.0093308801573072,0.1557064712100275,0.0105794509607108,0.1551332482382861,0.011550718514505,0.1562434664335111,0.0064633523163921,0.066709892191379,-2.341452157164267e-05,-0.0011091840501946,12400.0,1.0,-0.0,-0.0833333333333333,-0.1666666666666666,-0.25,-0.3333333333333333,-0.4166666666666667,-0.5,-0.5833333333333334,-0.6666666666666667,-0.7500000000000001,-0.8333333333333335,-0.9166666666666669,-1.0,-1.0833333333333337,100000,30,14,0.1,5.0,0.1,0,13,0.001,1e-06,0.01,1e-07,1.0,1e-08,adamax,0,0.0,ramp,0 days 00:53:25.584579,0.0789739919264839,1.0994525866569818,1.0566528826666073,-0.0010994411202326
89,89,89,99,3.93272580617548e-06,0.0040948968735343,0.0005160724166826,0.0012215161569698,0.0007447663788758,0.0001214706607186,0.0035598715840664,4.930796209140736e-06,1.0029177785993304e-05,1.2034366262740974e-05,3.709403673780733e-06,1.29851145385477e-06,5.6102855432235465e-06,0.0009300150741835,5.364911823165963e-06,0.1804247130680076,0.0001646704654287,0.1590469090464342,0.0071825479931474,0.1571065606679603,0.0093358152308099,0.1554703437183374,0.0105851742158935,0.1548951894184645,0.011556055295685,0.1560017328901539,0.0064786678274691,0.0666003233247984,-1.4753506597658064e-05,-0.0011091839935335,13129.0,1.0,-0.0,-0.0833333333333333,-0.1666666666666666,-0.25,-0.3333333333333333,-0.4166666666666667,-0.5,-0.5833333333333334,-0.6666666666666667,-0.7500000000000001,-0.8333333333333335,-0.9166666666666669,-1.0,-1.0833333333333337,100000,30,14,0.1,5.0,0.1,0,13,0.001,1e-06,0.01,1e-07,1.0,1e-08,adamax,0,0.0,ramp,0 days 00:53:25.584579,0.0789739936159346,1.0994169532777065,1.0566528825609791,-0.0010994411202327
90,90,90,0,2.31927462143502e-06,0.0091102774896396,0.0001814680963399,1.126864303291379e-06,8.49109254404546e-05,3.796073388054825e-06,0.0001057722801342,4.682845398276461e-06,9.892131877033028e-05,2.390651626901873e-06,3.4352856914334764e-05,0.008767159374784,2.172907480959388e-06,8.228896117141515e-06,2.731043068318389e-06,0.1805517759641239,0.0005000568642034,0.1586479779025096,0.0080189802730851,0.1564628923545779,0.0101655205504014,0.1550481278877409,0.0110387569945215,0.1549123248400152,0.0115495641844681,0.1564635227084028,0.006070669991276,0.0671090688458026,-5.054988137202268e-06,-0.0011091819322628,10933.0,1.0,-0.0,-0.0833333333333333,-0.1666666666666666,-0.25,-0.3333333333333333,-0.4166666666666667,-0.5,-0.5833333333333334,-0.6666666666666667,-0.7500000000000001,-0.8333333333333335,-0.9166666666666669,-1.0,-1.0833333333333337,100000,30,14,0.1,5.0,0.1,0,13,0.001,1e-06,0.01,1e-07,1.0,1e-08,adamax,0,0.0,ramp,0 days 00:53:25.584579,0.0789739926547849,1.0990466593220731,1.0566528826210728,-0.0010994411202326
91,91,91,40,5.970696400824687e-06,0.0017523039987682,0.0002030010375343,3.498968329716559e-06,1.5820582281721355e-05,0.0006544497852925,1.4262174122331562e-05,1.064362076106207e-05,0.0001649029003885,1.8739902190270544e-06,0.0049505202385031,1.020589642287394e-05,0.0068488166994511,3.447269154802916e-06,3.484427449660427e-05,0.1792948208063113,0.0046400685564182,0.1458682502933762,0.0293180525085082,0.128271620404704,0.0437264094610151,0.1162022865840081,0.0543912033831655,0.1072593690072479,0.0625307910743219,0.0996332959969175,0.0698612689467835,2.0715629280383985e-06,-1.3989285697394356e-05,-0.0011089528136863,9044.0,1.0,-0.0,-0.0833333333333333,-0.1666666666666666,-0.25,-0.3333333333333333,-0.4166666666666667,-0.5,-0.5833333333333334,-0.6666666666666667,-0.7500000000000001,-0.8333333333333335,-0.9166666666666669,-1.0,-1.0833333333333337,100000,30,14,0.1,5.0,0.1,0,13,0.001,1e-06,0.01,1e-07,1.0,1e-08,adamax,0,0.0,ramp,0 days 00:53:25.584579,0.0789739886738846,1.0981727154991654,1.0566528828699715,-0.0010994411202324
92,92,92,13,5.009718725872111e-06,3.758335214861205e-06,0.0034141770081622,1.7447443710247456e-05,0.0002548363775623,0.0001481728064895,0.0005094874061137,8.496659831388543e-05,8.334685803707885e-06,1.6942971448070086e-06,7.42478762177299e-05,1.965681480870485e-06,0.0001454282114117,0.0020455076191698,0.1734638581198987,0.0258825228296282,0.1545883249134513,3.066783561552237e-05,0.1520527324096613,0.0303751914139303,0.1227514920399464,0.0531586672583701,0.1043194452588452,0.069510613237465,0.0896074921553986,0.0842014028257582,0.075442579887272,0.0002760379391146,-7.017613311093668e-06,-0.001108913785707,10590.0,1.0,-0.0,-0.0833333333333333,-0.1666666666666666,-0.25,-0.3333333333333333,-0.4166666666666667,-0.5,-0.5833333333333334,-0.6666666666666667,-0.7500000000000001,-0.8333333333333335,-0.9166666666666669,-1.0,-1.0833333333333337,100000,30,14,0.1,5.0,0.1,0,13,0.001,1e-06,0.01,1e-07,1.0,1e-08,adamax,0,0.0,ramp,0 days 00:53:25.584579,0.0789739912949369,1.1082627852728282,1.0566528827060937,-0.0010994411202325
93,93,93,85,5.638414408194959e-06,4.770513099663322e-06,0.0011218604441154,1.2066336189882825e-06,0.0002793408809773,0.0005039931385891,2.5639378303582407e-06,0.0004676500557503,0.0001645127557239,4.908188242852753e-06,0.0004880752924817,0.0001478476603906,2.677568095618433e-05,0.0021000881307655,0.1744264240420789,0.0251003817406577,0.1549231076072688,1.9922610873165115e-05,0.1520036014405173,0.0304687503613621,0.1226348360010721,0.0533173963791688,0.1041443841997366,0.0697087507929619,0.0894052017321928,0.0844132632700808,0.0752218251905835,0.0005028177661514,-1.2895647863267171e-05,-0.001108911950095,8811.0,1.0,-0.0,-0.0833333333333333,-0.1666666666666666,-0.25,-0.3333333333333333,-0.4166666666666667,-0.5,-0.5833333333333334,-0.6666666666666667,-0.7500000000000001,-0.8333333333333335,-0.9166666666666669,-1.0,-1.0833333333333337,100000,30,14,0.1,5.0,0.1,0,13,0.001,1e-06,0.01,1e-07,1.0,1e-08,adamax,0,0.0,ramp,0 days 00:53:25.584579,0.0789739934948992,1.1081885216722502,1.0566528825685488,-0.0010994411202327
94,94,94,6,0.005241202244036,1.2992184775609882e-06,0.0075129754653013,1.0700887839907808e-05,0.001899557668194,0.0053143912892544,0.0057838429815469,0.000828638339773,1.2345173966600426e-05,0.0001199959453229,3.47872948420242e-05,1.81328028365587e-05,3.98861736321983e-05,6.0065069408605365e-06,0.2019900837453662,1.3568939983779414e-06,0.1655009195332564,4.4547493611830906e-05,0.1511037167458072,0.0304728585346291,0.1228930779496785,0.0531773722990686,0.1042206280370942,0.0695493941260482,0.0895133496092547,0.0841380500983557,0.0754417080402238,0.0001979108582788,-3.0194158617909503e-05,-0.001108842931579,7823.0,1.0,-0.0,-0.0833333333333333,-0.1666666666666666,-0.25,-0.3333333333333333,-0.4166666666666667,-0.5,-0.5833333333333334,-0.6666666666666667,-0.7500000000000001,-0.8333333333333335,-0.9166666666666669,-1.0,-1.0833333333333337,100000,30,14,0.1,5.0,0.1,0,13,0.001,1e-06,0.01,1e-07,1.0,1e-08,adamax,0,0.0,ramp,0 days 00:53:25.584579,0.0789739939246259,1.113117433245811,1.0566528825416783,-0.0010994411202327
95,95,95,3,0.0002432498983708,0.0005405921335207,0.0019446610861012,0.0001141931094932,0.005161746317786,1.2628294512200649e-06,0.0007631548418237,4.6910704036567085e-05,0.001509072858011,0.0001418536792434,0.0010994626291786,1.658963143507851e-05,0.0023391922088569,1.2279022756269888e-05,0.1688597235043785,0.0340913537879044,0.1410253105605767,0.011085238202158,0.1627066815762375,9.224053603116172e-05,0.1508602303004149,0.032430523504638,0.1200452287643341,0.0572107593723283,0.0985639809629286,0.0789789624627697,0.0774757225598265,9.22100204819042e-06,-3.850999639496935e-05,-0.0011087350280061,6362.0,1.0,-0.0,-0.0833333333333333,-0.1666666666666666,-0.25,-0.3333333333333333,-0.4166666666666667,-0.5,-0.5833333333333334,-0.6666666666666667,-0.7500000000000001,-0.8333333333333335,-0.9166666666666669,-1.0,-1.0833333333333337,100000,30,14,0.1,5.0,0.1,0,13,0.001,1e-06,0.01,1e-07,1.0,1e-08,adamax,0,0.0,ramp,0 days 00:53:25.584579,0.0789739912194055,1.118645268932852,1.0566528827108188,-0.0010994411202325
96,96,96,11,0.0011003790594909,5.174111701823191e-05,0.0081195134814621,3.260778566801508e-06,0.009315003104373,2.3722362247922223e-06,2.5475683750832496e-05,0.0001690543933244,1.149891096187072e-05,1.4021788678505733e-05,8.04314624172818e-06,0.0009329758176447,2.3295865492406e-06,0.0011924472135794,0.1727468078349155,0.0258566862451102,0.1555109123411217,3.854175468182567e-06,0.1406811846846708,0.0567402525200904,0.087164626639144,0.096774178757785,0.0542306837113844,0.1259539343541064,0.0278812694334289,0.152852389661168,9.268513185884225e-06,0.0749418497653198,-7.886373081584178e-06,-0.001108077470825,8509.0,1.0,-0.0,-0.0833333333333333,-0.1666666666666666,-0.25,-0.3333333333333333,-0.4166666666666667,-0.5,-0.5833333333333334,-0.6666666666666667,-0.7500000000000001,-0.8333333333333335,-0.9166666666666669,-1.0,-1.0833333333333337,100000,30,14,0.1,5.0,0.1,0,13,0.001,1e-06,0.01,1e-07,1.0,1e-08,adamax,0,0.0,ramp,0 days 00:53:25.584579,0.0789739910437009,1.1469227565156386,1.0566528827218036,-0.0010994411202325
97,97,97,70,1.410762093399583e-06,1.4456026974799378e-05,6.723519081880693e-06,1.018286264076582e-05,1.4178603222066568e-06,0.0023187321342658,9.569731515983053e-05,2.923096424413805e-06,0.0081096557613838,2.3576575832021007e-06,0.0010492805172956,0.0030624774668303,1.7502945799551568e-06,8.30787877348848e-06,0.1647053517687537,0.0385866736901722,0.1355905414672389,0.017946971810914,0.1537751968191467,0.0067762155004795,0.1622716476620276,6.069056484803875e-06,0.1677309162649402,7.634751009117106e-06,0.1423682057789882,0.0567808834324,0.0853560631624985,0.000135186624199,-5.6496092770994685e-06,-0.0011077749942494,13928.0,1.0,-0.0,-0.0833333333333333,-0.1666666666666666,-0.25,-0.3333333333333333,-0.4166666666666667,-0.5,-0.5833333333333334,-0.6666666666666667,-0.7500000000000001,-0.8333333333333335,-0.9166666666666669,-1.0,-1.0833333333333337,100000,30,14,0.1,5.0,0.1,0,13,0.001,1e-06,0.01,1e-07,1.0,1e-08,adamax,0,0.0,ramp,0 days 00:53:25.584579,0.0789739927127474,1.1238228412990972,1.0566528826174488,-0.0010994411202326
98,98,98,27,2.725446898681057e-05,0.0014999560721512,6.823489318973681e-06,0.0005564524305545,0.00300150287369,3.0533987194525942e-06,0.0027806563616101,3.326689541413985e-05,1.9090010212321493e-06,3.951693490503405e-06,1.4837874727797784e-05,8.68175002028589e-06,4.7095059580739606e-06,1.323962653342789e-06,0.0695799410931443,0.1541120363798262,0.0001567002950566,0.1141221445287131,0.1307289467126889,1.1548752315767736e-05,0.1504128104527047,0.0355967970554978,0.1171804039537445,0.0588200823313184,0.0974202175980267,0.0795637909484491,0.077166054362856,9.380387366134617e-06,-1.2851125207736909e-05,-0.0011067925450812,10561.0,1.0,-0.0,-0.0833333333333333,-0.1666666666666666,-0.25,-0.3333333333333333,-0.4166666666666667,-0.5,-0.5833333333333334,-0.6666666666666667,-0.7500000000000001,-0.8333333333333335,-0.9166666666666669,-1.0,-1.0833333333333337,100000,30,14,0.1,5.0,0.1,0,13,0.001,1e-06,0.01,1e-07,1.0,1e-08,adamax,0,0.0,ramp,0 days 00:53:25.584579,0.0789739891220009,1.2161455176675238,1.056652882841954,-0.0010994411202324
99,99,99,63,1.7891352720294025e-05,0.0043878538215336,0.0011163441887499,3.845082495427363e-05,0.0010941932095733,1.0646080889492842e-05,2.20060784763561e-05,0.0001107107130253,8.812536627369784e-05,0.0097407088168992,0.0017012343586642,1.0520040003809043e-06,0.0029869397104352,1.3504710171177666e-06,0.1592882279052202,0.0452503598878027,0.1275270797977756,0.0273194245351255,0.1441516666949402,0.0165666690008227,0.1523051606051676,0.0115747643101455,0.1578851989222198,0.0005445687212183,0.1740860715901584,6.2387572795151705e-06,0.1199359493010324,8.968272785917328e-07,-2.93978003494702e-05,-0.0011042111195206,10401.0,1.0,-0.0,-0.0833333333333333,-0.1666666666666666,-0.25,-0.3333333333333333,-0.4166666666666667,-0.5,-0.5833333333333334,-0.6666666666666667,-0.7500000000000001,-0.8333333333333335,-0.9166666666666669,-1.0,-1.0833333333333337,100000,30,14,0.1,5.0,0.1,0,13,0.001,1e-06,0.01,1e-07,1.0,1e-08,adamax,0,0.0,ramp,0 days 00:53:25.584579,0.0789739919010854,1.107288454772852,1.056652882668197,-0.0010994411202326
